WAVE FLUX
0.000129662 0.0
0.000133601 0.0
0.00013766 0.0
0.000141842 0.0
0.00014615 0.0
0.00015059 0.0
0.000155165 0.0
0.000159879 0.0
0.000164736 0.0
0.00016974 0.0
0.000174896 0.0
0.00018021 0.0
0.000185684 0.0
0.000191325 0.0
0.000197137 0.0
0.000203126 0.0
0.000209296 0.0
0.000215654 0.0
0.000222206 0.0
0.000228956 0.0
0.000235911 0.0
0.000243078 0.0
0.000250462 0.0
0.000258071 0.0
0.000265911 0.0
0.000273989 0.0
0.000282312 0.0
0.000290888 0.0
0.000299725 0.0
0.00030883 0.0
0.000318212 0.0
0.000327879 0.0
0.00033784 0.0
0.000348103 0.0
0.000358677 0.0
0.000369574 0.0
0.000380801 0.0
0.000392369 0.0
0.000404288 0.0
0.00041657 0.0
0.000429225 0.0
0.000442264 0.0
0.000455699 0.0
0.000469543 0.0
0.000483807 0.0
0.000498504 0.0
0.000513648 0.0
0.000529252 0.0
0.00054533 0.0
0.000561896 0.0
0.000578966 0.0
0.000596554 0.0
0.000614676 0.0
0.000633349 0.0
0.00065259 0.0
0.000672414 0.0
0.000692841 0.0
0.000713889 0.0
0.000735576 0.0
0.000757921 0.0
0.000780946 0.0
0.00080467 0.0
0.000829115 0.0
0.000854302 0.0
0.000880254 0.0
0.000906995 0.0
0.000934548 0.0
0.000962938 0.0
0.000992191 0.0
0.00102233 0.0
0.00105339 0.0
0.00108539 0.0
0.00111836 0.0
0.00115234 0.0
0.00118734 0.0
0.00122341 0.0
0.00126058 0.0
0.00129887 0.0
0.00133833 0.0
0.00137899 0.0
0.00142088 0.0
0.00146404 0.0
0.00150852 0.0
0.00155434 0.0
0.00160156 0.0
0.00165022 0.0
0.00170035 0.0
0.001752 0.0
0.00180522 0.0
0.00186006 0.0
0.00191657 0.0
0.00197479 0.0
0.00203478 0.0
0.0020966 0.0
0.00216029 0.0
0.00222592 0.0
0.00229354 0.0
0.00236321 0.0
0.002435 0.0
0.00250897 0.0
0.00258519 0.0
0.00266373 0.0
0.00274465 0.0
0.00282803 0.0
0.00291394 0.0
0.00300246 0.0
0.00309367 0.0
0.00318765 0.0
0.00328449 0.0
0.00338426 0.0
0.00348707 0.0
0.003593 0.0
0.00370215 0.0
0.00381462 0.0
0.0039305 0.0
0.00404991 0.0
0.00417294 0.0
0.0042997 0.0
0.00443032 0.0
0.00456491 0.0
0.00470358 0.0
0.00484647 0.0
0.0049937 0.0
0.0051454 0.0
0.00530171 0.0
0.00546277 0.0
0.00562872 0.0
0.00579971 0.0
0.0059759 0.0
0.00615744 0.0
0.00634449 0.0
0.00653723 0.0
0.00673582 0.0
0.00694045 0.0
0.00715129 0.0
0.00736853 0.0
0.00759238 0.0
0.00782302 0.0
0.00806067 0.0
0.00830554 0.0
0.00855786 0.0
0.00881783 0.0
0.0090857 0.0
0.00936171 0.0
0.00964611 0.0
0.00993914 0.0
0.0102411 0.0
0.0105522 0.0
0.0108727 0.0
0.011203 0.0
0.0115434 0.0
0.011894 0.0
0.0122554 0.0
0.0126277 0.0
0.0130113 0.0
0.0134065 0.0
0.0138138 0.0
0.0142335 0.0
0.0146659 0.0
0.0151114 0.0
0.0155704 0.0
0.0160434 0.0
0.0165308 0.0
0.017033 0.0
0.0175504 0.0
0.0180836 0.0
0.018633 0.0
0.019199 0.0
0.0197822 0.0
0.0203832 0.0
0.0210024 0.0
0.0216404 0.0
0.0222978 0.0
0.0229752 0.0
0.0236732 0.0
0.0243923 0.0
0.0251333 0.0
0.0258968 0.0
0.0266835 0.0
0.0274941 0.0
0.0283294 0.0
0.02919 0.0
0.0300767 0.0
0.0309904 0.0
0.0319319 0.0
0.0329019 0.0
0.0339014 0.0
0.0349313 0.0
0.0359924 0.0
0.0370858 0.0
0.0382125 0.0
0.0393733 0.0
0.0405694 0.0
0.0418018 0.0
0.0430717 0.0
0.0443802 0.0
0.0457284 0.0
0.0471175 0.0
0.0485489 0.0
0.0500237 0.0
0.0515434 0.0
0.0531092 0.0
0.0547226 0.0
0.056385 0.0
0.0580979 0.0
0.0598628 0.0
0.0616813 0.0
0.0635551 0.0
0.0654858 0.0
0.0674752 0.0
0.069525 0.0
0.0716371 0.0
0.0738133 0.0
0.0760556 0.0
0.0783661 0.0
0.0807467 0.0
0.0831997 0.0
0.0857272 0.0
0.0883314 0.0
0.0910148 0.0
0.0937797 0.0
0.0966286 0.0
0.099564 0.0
0.102589 0.0
0.105705 0.0
0.108916 0.0
0.112225 0.0
0.115634 0.0
0.119147 0.0
0.122767 0.0
0.126496 0.0
0.130339 0.0
0.134298 0.0
0.138378 0.0
0.142582 0.0
0.146913 0.0
0.151376 0.0
0.155975 0.0
0.160713 0.0
0.165595 0.0
0.170626 0.0
0.175809 0.0
0.18115 0.0
0.186653 0.0
0.192323 0.0
0.198166 0.0
0.204186 0.0
0.210389 0.0
0.21678 0.0
0.223366 0.0
0.230151 0.0
0.237143 0.0
0.244347 0.0
0.25177 0.0
0.259418 0.0
0.267299 0.0
0.275419 0.0
0.283786 0.0
0.292407 0.0
0.30129 0.0
0.310442 0.0
0.319873 0.0
0.32959 0.0
0.339603 0.0
0.349919 0.0
0.36055 0.0
0.371502 0.0
0.382788 0.0
0.394417 0.0
0.406399 0.0
0.418744 0.0
0.431465 0.0
0.444572 0.0
0.458078 0.0
0.471994 0.0
0.486332 0.0
0.501106 0.0
0.516329 0.0
0.532014 0.0
0.548176 0.0
0.564829 0.0
0.581988 0.0
0.599668 0.0
0.617885 0.0
0.636655 0.0
0.655996 0.0
0.675924 0.0
0.696457 0.0
0.717615 0.0
0.739415 0.0
0.761877 0.0
0.785022 0.0
0.80887 0.0
0.833442 0.0
0.858761 0.0
0.884849 0.0
0.911729 0.0
0.939426 0.0
0.967964 0.0
0.99737 0.0
1.01281 0.0
1.01339 0.0
1.01397 0.0
1.01455 0.0
1.01513 0.0
1.01571 0.0
1.01629 0.0
1.01687 0.0
1.01745 0.0
1.01803 0.0
1.01861 0.0
1.0192 0.0
1.01978 0.0
1.02036 0.0
1.02095 0.0
1.02153 0.0
1.02211 0.0
1.0227 0.0
1.02328 0.0
1.02387 0.0
1.02445 0.0
1.02504 0.0
1.02562 0.0
1.02621 0.0
1.0268 0.0
1.02738 0.0
1.02797 0.0
1.02856 0.0
1.02915 0.0
1.02974 0.0
1.03033 0.0
1.03091 0.0
1.0315 0.0
1.03209 0.0
1.03268 0.0
1.03327 0.0
1.03386 0.0
1.03446 0.0
1.03505 0.0
1.03564 0.0
1.03623 0.0
1.03682 0.0
1.03742 0.0
1.03801 0.0
1.0386 0.0
1.0392 0.0
1.03979 0.0
1.04039 0.0
1.04098 0.0
1.04158 0.0
1.04217 0.0
1.04277 0.0
1.04336 0.0
1.04396 0.0
1.04456 0.0
1.04515 0.0
1.04575 0.0
1.04635 0.0
1.04695 0.0
1.04755 0.0
1.04815 0.0
1.04874 0.0
1.04934 0.0
1.04994 0.0
1.05054 0.0
1.05114 0.0
1.05175 0.0
1.05235 0.0
1.05295 0.0
1.05355 0.0
1.05415 0.0
1.05476 0.0
1.05536 0.0
1.05596 0.0
1.05657 0.0
1.05717 0.0
1.05777 0.0
1.05838 0.0
1.05898 0.0
1.05959 0.0
1.0602 0.0
1.0608 0.0
1.06141 0.0
1.06202 0.0
1.06262 0.0
1.06323 0.0
1.06384 0.0
1.06445 0.0
1.06505 0.0
1.06566 0.0
1.06627 0.0
1.06688 0.0
1.06749 0.0
1.0681 0.0
1.06871 0.0
1.06932 0.0
1.06994 0.0
1.07055 0.0
1.07116 0.0
1.07177 0.0
1.0724 0.0
1.07304 0.0
1.07369 0.0
1.07433 0.0
1.07498 0.0
1.07562 0.0
1.07627 0.0
1.07692 0.0
1.07756 0.0
1.07821 0.0
1.07886 0.0
1.0795 0.0
1.08015 0.0
1.0808 0.0
1.08145 0.0
1.0821 0.0
1.08275 0.0
1.0834 0.0
1.08405 0.0
1.0847 0.0
1.08535 0.0
1.086 0.0
1.08666 0.0
1.08731 0.0
1.08796 0.0
1.08861 0.0
1.08927 0.0
1.08992 0.0
1.09058 0.0
1.09123 0.0
1.09189 0.0
1.09254 0.0
1.0932 0.0
1.09385 0.0
1.09451 0.0
1.09517 0.0
1.09583 0.0
1.09648 0.0
1.09714 0.0
1.0978 0.0
1.09846 0.0
1.09912 0.0
1.09978 0.0
1.10044 0.0
1.1011 0.0
1.10176 0.0
1.10242 0.0
1.10309 0.0
1.10375 0.0
1.10441 0.0
1.10507 0.0
1.10574 0.0
1.1064 0.0
1.10707 0.0
1.10773 0.0
1.1084 0.0
1.10906 0.0
1.10973 0.0
1.11039 0.0
1.11106 0.0
1.11173 0.0
1.11239 0.0
1.11306 0.0
1.11373 0.0
1.1144 0.0
1.11507 0.0
1.11574 0.0
1.11641 0.0
1.11708 0.0
1.11775 0.0
1.11842 0.0
1.11909 0.0
1.11976 0.0
1.12044 0.0
1.12111 0.0
1.12178 0.0
1.12245 0.0
1.12313 0.0
1.1238 0.0
1.12448 0.0
1.12515 0.0
1.12583 0.0
1.1265 0.0
1.12718 0.0
1.12786 0.0
1.12854 0.0
1.12921 0.0
1.12989 0.0
1.13057 0.0
1.13125 0.0
1.13193 0.0
1.13261 0.0
1.13329 0.0
1.13397 0.0
1.13465 0.0
1.13533 0.0
1.13601 0.0
1.13669 0.0
1.13738 0.0
1.13806 0.0
1.13874 0.0
1.13945 0.0
1.14018 0.0
1.1409 0.0
1.14163 0.0
1.14236 0.0
1.14309 0.0
1.14382 0.0
1.14456 0.0
1.14529 0.0
1.14602 0.0
1.14675 0.0
1.14749 0.0
1.14822 0.0
1.14895 0.0
1.14969 0.0
1.15042 0.0
1.15116 0.0
1.15189 0.0
1.15263 0.0
1.15337 0.0
1.1541 0.0
1.15484 0.0
1.15558 0.0
1.15632 0.0
1.15706 0.0
1.1578 0.0
1.15854 0.0
1.15928 0.0
1.16002 0.0
1.16076 0.0
1.1615 0.0
1.16224 0.0
1.16299 0.0
1.16373 0.0
1.16447 0.0
1.16522 0.0
1.16596 0.0
1.16671 0.0
1.16745 0.0
1.1682 0.0
1.16895 0.0
1.16969 0.0
1.17044 0.0
1.17119 0.0
1.17194 0.0
1.17269 0.0
1.17344 0.0
1.17419 0.0
1.17494 0.0
1.17569 0.0
1.17644 0.0
1.17719 0.0
1.17795 0.0
1.1787 0.0
1.17945 0.0
1.18021 0.0
1.18096 0.0
1.18171 0.0
1.18247 0.0
1.18323 0.0
1.18398 0.0
1.18474 0.0
1.1855 0.0
1.18625 0.0
1.18701 0.0
1.18777 0.0
1.18853 0.0
1.18929 0.0
1.19005 0.0
1.19081 0.0
1.19157 0.0
1.19233 0.0
1.1931 0.0
1.19386 0.0
1.19462 0.0
1.19539 0.0
1.19615 0.0
1.19691 0.0
1.19768 0.0
1.19844 0.0
1.19921 0.0
1.19998 0.0
1.20074 0.0
1.20151 0.0
1.20228 0.0
1.20305 0.0
1.20382 0.0
1.20459 0.0
1.20536 0.0
1.20613 0.0
1.2069 0.0
1.20767 0.0
1.20844 0.0
1.20921 0.0
1.20999 0.0
1.21076 0.0
1.21153 0.0
1.21231 0.0
1.21308 0.0
1.21386 0.0
1.21463 0.0
1.21544 0.0
1.21627 0.0
1.2171 0.0
1.21793 0.0
1.21876 0.0
1.2196 0.0
1.22043 0.0
1.22126 0.0
1.2221 0.0
1.22293 0.0
1.22377 0.0
1.22461 0.0
1.22544 0.0
1.22628 0.0
1.22712 0.0
1.22796 0.0
1.22879 0.0
1.22963 0.0
1.23047 0.0
1.23132 0.0
1.23216 0.0
1.233 0.0
1.23384 0.0
1.23468 0.0
1.23553 0.0
1.23637 0.0
1.23722 0.0
1.23806 0.0
1.23891 0.0
1.23976 0.0
1.2406 0.0
1.24145 0.0
1.2423 0.0
1.24315 0.0
1.244 0.0
1.24485 0.0
1.2457 0.0
1.24655 0.0
1.2474 0.0
1.24825 0.0
1.24911 0.0
1.24996 0.0
1.25081 0.0
1.25167 0.0
1.25252 0.0
1.25338 0.0
1.25424 0.0
1.25509 0.0
1.25595 0.0
1.25681 0.0
1.25767 0.0
1.25853 0.0
1.25939 0.0
1.26025 0.0
1.26111 0.0
1.26197 0.0
1.26283 0.0
1.2637 0.0
1.26456 0.0
1.26542 0.0
1.26629 0.0
1.26715 0.0
1.26802 0.0
1.26889 0.0
1.26975 0.0
1.27062 0.0
1.27149 0.0
1.27236 0.0
1.27323 0.0
1.2741 0.0
1.27497 0.0
1.27584 0.0
1.27671 0.0
1.27758 0.0
1.27846 0.0
1.27933 0.0
1.2802 0.0
1.28108 0.0
1.28195 0.0
1.28283 0.0
1.28371 0.0
1.28458 0.0
1.28546 0.0
1.28634 0.0
1.28722 0.0
1.2881 0.0
1.28898 0.0
1.28986 0.0
1.29074 0.0
1.29162 0.0
1.29251 0.0
1.29339 0.0
1.29427 0.0
1.29516 0.0
1.29604 0.0
1.29693 0.0
1.29781 0.0
1.2987 0.0
1.29959 0.0
1.30048 0.0
1.30137 0.0
1.30229 0.0
1.30324 0.0
1.3042 0.0
1.30516 0.0
1.30612 0.0
1.30707 0.0
1.30803 0.0
1.30899 0.0
1.30995 0.0
1.31092 0.0
1.31188 0.0
1.31284 0.0
1.3138 0.0
1.31477 0.0
1.31573 0.0
1.3167 0.0
1.31767 0.0
1.31863 0.0
1.3196 0.0
1.32057 0.0
1.32154 0.0
1.32251 0.0
1.32348 0.0
1.32445 0.0
1.32542 0.0
1.3264 0.0
1.32737 0.0
1.32834 0.0
1.32932 0.0
1.3303 0.0
1.33127 0.0
1.33225 0.0
1.33323 0.0
1.33421 0.0
1.33518 0.0
1.33616 0.0
1.33715 0.0
1.33813 0.0
1.33911 0.0
1.34009 0.0
1.34108 0.0
1.34206 0.0
1.34305 0.0
1.34403 0.0
1.34502 0.0
1.346 0.0
1.34699 0.0
1.34798 0.0
1.34897 0.0
1.34996 0.0
1.35095 0.0
1.35194 0.0
1.35294 0.0
1.35393 0.0
1.35492 0.0
1.35592 0.0
1.35691 0.0
1.35791 0.0
1.35891 0.0
1.3599 0.0
1.3609 0.0
1.3619 0.0
1.3629 0.0
1.3639 0.0
1.3649 0.0
1.3659 0.0
1.36691 0.0
1.36791 0.0
1.36891 0.0
1.36992 0.0
1.37092 0.0
1.37193 0.0
1.37294 0.0
1.37394 0.0
1.37495 0.0
1.37596 0.0
1.37697 0.0
1.37798 0.0
1.37899 0.0
1.38001 0.0
1.38102 0.0
1.38203 0.0
1.38305 0.0
1.38406 0.0
1.38508 0.0
1.3861 0.0
1.38711 0.0
1.38813 0.0
1.38915 0.0
1.39017 0.0
1.39119 0.0
1.39221 0.0
1.39323 0.0
1.39426 0.0
1.39528 0.0
1.3963 0.0
1.39733 0.0
1.39835 0.0
1.39938 0.0
1.40041 0.0
1.40144 0.0
1.4025 0.0
1.4036 0.0
1.4047 0.0
1.40581 0.0
1.40691 0.0
1.40801 0.0
1.40912 0.0
1.41022 0.0
1.41133 0.0
1.41244 0.0
1.41355 0.0
1.41466 0.0
1.41577 0.0
1.41688 0.0
1.41799 0.0
1.41911 0.0
1.42022 0.0
1.42133 0.0
1.42245 0.0
1.42357 0.0
1.42468 0.0
1.4258 0.0
1.42692 0.0
1.42804 0.0
1.42916 0.0
1.43029 0.0
1.43141 0.0
1.43253 0.0
1.43366 0.0
1.43478 0.0
1.43591 0.0
1.43704 0.0
1.43816 0.0
1.43929 0.0
1.44042 0.0
1.44155 0.0
1.44269 0.0
1.44382 0.0
1.44495 0.0
1.44609 0.0
1.44722 0.0
1.44836 0.0
1.44949 0.0
1.45063 0.0
1.45177 0.0
1.45291 0.0
1.45405 0.0
1.45519 0.0
1.45634 0.0
1.45748 0.0
1.45862 0.0
1.45977 0.0
1.46091 0.0
1.46206 0.0
1.46321 0.0
1.46436 0.0
1.46551 0.0
1.46666 0.0
1.46781 0.0
1.46896 0.0
1.47011 0.0
1.47127 0.0
1.47242 0.0
1.47358 0.0
1.47474 0.0
1.47589 0.0
1.47705 0.0
1.47821 0.0
1.47937 0.0
1.48053 0.0
1.4817 0.0
1.48286 0.0
1.48402 0.0
1.48519 0.0
1.48635 0.0
1.48752 0.0
1.48869 0.0
1.48986 0.0
1.49103 0.0
1.4922 0.0
1.49337 0.0
1.49454 0.0
1.49571 0.0
1.49689 0.0
1.49806 0.0
1.49924 0.0
1.50042 0.0
1.50159 0.0
1.50277 0.0
1.50395 0.0
1.50513 0.0
1.50632 0.0
1.5075 0.0
1.50868 0.0
1.50987 0.0
1.51105 0.0
1.51224 0.0
1.51342 0.0
1.51461 0.0
1.5158 0.0
1.51699 0.0
1.51818 0.0
1.51943 0.0
1.52072 0.0
1.52202 0.0
1.52332 0.0
1.52462 0.0
1.52592 0.0
1.52722 0.0
1.52853 0.0
1.52983 0.0
1.53114 0.0
1.53244 0.0
1.53375 0.0
1.53506 0.0
1.53637 0.0
1.53768 0.0
1.53899 0.0
1.54031 0.0
1.54162 0.0
1.54294 0.0
1.54425 0.0
1.54557 0.0
1.54689 0.0
1.54821 0.0
1.54953 0.0
1.55085 0.0
1.55218 0.0
1.5535 0.0
1.55483 0.0
1.55616 0.0
1.55748 0.0
1.55881 0.0
1.56014 0.0
1.56147 0.0
1.56281 0.0
1.56414 0.0
1.56548 0.0
1.56681 0.0
1.56815 0.0
1.56949 0.0
1.57083 0.0
1.57217 0.0
1.57351 0.0
1.57485 0.0
1.5762 0.0
1.57754 0.0
1.57889 0.0
1.58023 0.0
1.58158 0.0
1.58293 0.0
1.58428 0.0
1.58564 0.0
1.58699 0.0
1.58834 0.0
1.5897 0.0
1.59106 0.0
1.59241 0.0
1.59377 0.0
1.59513 0.0
1.59649 0.0
1.59786 0.0
1.59922 0.0
1.60058 0.0
1.60195 0.0
1.60332 0.0
1.60469 0.0
1.60606 0.0
1.60743 0.0
1.6088 0.0
1.61017 0.0
1.61155 0.0
1.61292 0.0
1.6143 0.0
1.61567 0.0
1.61705 0.0
1.61843 0.0
1.61981 0.0
1.6212 0.0
1.62258 0.0
1.62397 0.0
1.62535 0.0
1.62674 0.0
1.62813 0.0
1.62952 0.0
1.63091 0.0
1.6323 0.0
1.63369 0.0
1.63509 0.0
1.63648 0.0
1.63788 0.0
1.63928 0.0
1.64067 0.0
1.64207 0.0
1.64348 0.0
1.64488 0.0
1.64628 0.0
1.64769 0.0
1.64909 0.0
1.6505 0.0
1.65191 0.0
1.65332 0.0
1.65473 0.0
1.65614 0.0
1.65762 0.0
1.65917 0.0
1.66072 0.0
1.66228 0.0
1.66383 0.0
1.66539 0.0
1.66694 0.0
1.6685 0.0
1.67006 0.0
1.67162 0.0
1.67318 0.0
1.67475 0.0
1.67631 0.0
1.67788 0.0
1.67945 0.0
1.68102 0.0
1.68259 0.0
1.68416 0.0
1.68574 0.0
1.68732 0.0
1.68889 0.0
1.69047 0.0
1.69205 0.0
1.69363 0.0
1.69522 0.0
1.6968 0.0
1.69839 0.0
1.69998 0.0
1.70156 0.0
1.70316 0.0
1.70475 0.0
1.70634 0.0
1.70794 0.0
1.70953 0.0
1.71113 0.0
1.71273 0.0
1.71433 0.0
1.71593 0.0
1.71754 0.0
1.71914 0.0
1.72075 0.0
1.72236 0.0
1.72397 0.0
1.72558 0.0
1.7272 0.0
1.72881 0.0
1.73043 0.0
1.73204 0.0
1.73366 0.0
1.73528 0.0
1.73691 0.0
1.73853 0.0
1.74016 0.0
1.74178 0.0
1.74341 0.0
1.74504 0.0
1.74667 0.0
1.7483 0.0
1.74994 0.0
1.75157 0.0
1.75321 0.0
1.75485 0.0
1.75649 0.0
1.75813 0.0
1.75978 0.0
1.76142 0.0
1.76307 0.0
1.76472 0.0
1.76637 0.0
1.76802 0.0
1.76967 0.0
1.77133 0.0
1.77298 0.0
1.77464 0.0
1.7763 0.0
1.77796 0.0
1.77962 0.0
1.78128 0.0
1.78295 0.0
1.78462 0.0
1.78628 0.0
1.78795 0.0
1.78963 0.0
1.7913 0.0
1.79297 0.0
1.79465 0.0
1.79633 0.0
1.79801 0.0
1.79969 0.0
1.80137 0.0
1.80305 0.0
1.80474 0.0
1.80643 0.0
1.80812 0.0
1.80981 0.0
1.8115 0.0
1.81319 0.0
1.81489 0.0
1.81658 0.0
1.81828 0.0
1.81998 0.0
1.82168 0.0
1.82347 0.0
1.82533 0.0
1.8272 0.0
1.82907 0.0
1.83094 0.0
1.83282 0.0
1.83469 0.0
1.83657 0.0
1.83845 0.0
1.84033 0.0
1.84221 0.0
1.8441 0.0
1.84599 0.0
1.84788 0.0
1.84977 0.0
1.85166 0.0
1.85356 0.0
1.85545 0.0
1.85735 0.0
1.85925 0.0
1.86116 0.0
1.86306 0.0
1.86497 0.0
1.86688 0.0
1.86879 0.0
1.8707 0.0
1.87261 0.0
1.87453 0.0
1.87645 0.0
1.87837 0.0
1.88029 0.0
1.88222 0.0
1.88414 0.0
1.88607 0.0
1.888 0.0
1.88993 0.0
1.89187 0.0
1.8938 0.0
1.89574 0.0
1.89768 0.0
1.89962 0.0
1.90157 0.0
1.90351 0.0
1.90546 0.0
1.90741 0.0
1.90936 0.0
1.91132 0.0
1.91327 0.0
1.91523 0.0
1.91719 0.0
1.91916 0.0
1.92112 0.0
1.92309 0.0
1.92505 0.0
1.92702 0.0
1.929 0.0
1.93097 0.0
1.93295 0.0
1.93492 0.0
1.93691 0.0
1.93889 0.0
1.94087 0.0
1.94286 0.0
1.94485 0.0
1.94684 0.0
1.94883 0.0
1.95082 0.0
1.95282 0.0
1.95482 0.0
1.95682 0.0
1.95882 0.0
1.96083 0.0
1.96283 0.0
1.96484 0.0
1.96685 0.0
1.96887 0.0
1.97088 0.0
1.9729 0.0
1.97492 0.0
1.97694 0.0
1.97896 0.0
1.98099 0.0
1.98302 0.0
1.98504 0.0
1.98708 0.0
1.98911 0.0
1.99115 0.0
1.99318 0.0
1.99522 0.0
1.99727 0.0
1.99931 0.0
2.00136 0.0
2.0034 0.0
2.00545 0.0
2.00751 0.0
2.00956 0.0
2.01162 0.0
2.01368 0.0
2.01574 0.0
2.0178 0.0
2.01987 0.0
2.02193 0.0
2.024 0.0
2.0262 0.0
2.02851 0.0
2.03084 0.0
2.03316 0.0
2.03549 0.0
2.03781 0.0
2.04015 0.0
2.04248 0.0
2.04482 0.0
2.04716 0.0
2.0495 0.0
2.05184 0.0
2.05419 0.0
2.05654 0.0
2.05889 0.0
2.06125 0.0
2.06361 0.0
2.06597 0.0
2.06833 0.0
2.0707 0.0
2.07307 0.0
2.07544 0.0
2.07782 0.0
2.08019 0.0
2.08257 0.0
2.08496 0.0
2.08734 0.0
2.08973 0.0
2.09212 0.0
2.09452 0.0
2.09691 0.0
2.09931 0.0
2.10171 0.0
2.10412 0.0
2.10653 0.0
2.10894 0.0
2.11135 0.0
2.11376 0.0
2.11618 0.0
2.1186 0.0
2.12103 0.0
2.12346 0.0
2.12588 0.0
2.12832 0.0
2.13075 0.0
2.13319 0.0
2.13563 0.0
2.13807 0.0
2.14052 0.0
2.14297 0.0
2.14542 0.0
2.14788 0.0
2.15033 0.0
2.15279 0.0
2.15526 0.0
2.15772 0.0
2.16019 0.0
2.16266 0.0
2.16514 0.0
2.16762 0.0
2.1701 0.0
2.17258 0.0
2.17506 0.0
2.17755 0.0
2.18005 0.0
2.18254 0.0
2.18504 0.0
2.18754 0.0
2.19004 0.0
2.19255 0.0
2.19505 0.0
2.19757 0.0
2.20008 0.0
2.2026 0.0
2.20512 0.0
2.20764 0.0
2.21017 0.0
2.2127 0.0
2.21523 0.0
2.21776 0.0
2.2203 0.0
2.22284 0.0
2.22538 0.0
2.22793 0.0
2.23048 0.0
2.23303 0.0
2.23559 0.0
2.23814 0.0
2.2407 0.0
2.24327 0.0
2.24583 0.0
2.2484 0.0
2.25098 0.0
2.25355 0.0
2.25613 0.0
2.25871 0.0
2.2613 0.0
2.26388 0.0
2.26647 0.0
2.26907 0.0
2.27166 0.0
2.27426 0.0
2.27687 0.0
2.27963 0.0
2.28256 0.0
2.28549 0.0
2.28843 0.0
2.29137 0.0
2.29431 0.0
2.29726 0.0
2.30021 0.0
2.30317 0.0
2.30613 0.0
2.30909 0.0
2.31206 0.0
2.31503 0.0
2.318 0.0
2.32098 0.0
2.32396 0.0
2.32695 0.0
2.32994 0.0
2.33293 0.0
2.33593 0.0
2.33893 0.0
2.34193 0.0
2.34494 0.0
2.34795 0.0
2.35097 0.0
2.35399 0.0
2.35702 0.0
2.36004 0.0
2.36308 0.0
2.36611 0.0
2.36915 0.0
2.3722 0.0
2.37524 0.0
2.37829 0.0
2.38135 0.0
2.38441 0.0
2.38747 0.0
2.39054 0.0
2.39361 0.0
2.39669 0.0
2.39977 0.0
2.40285 0.0
2.40594 0.0
2.40903 0.0
2.41212 0.0
2.41522 0.0
2.41833 0.0
2.42143 0.0
2.42454 0.0
2.42766 0.0
2.43078 0.0
2.4339 0.0
2.43703 0.0
2.44016 0.0
2.44329 0.0
2.44643 0.0
2.44958 0.0
2.45272 0.0
2.45587 0.0
2.45903 0.0
2.46219 0.0
2.46535 0.0
2.46852 0.0
2.47169 0.0
2.47487 0.0
2.47805 0.0
2.48123 0.0
2.48442 0.0
2.48761 0.0
2.49081 0.0
2.49401 0.0
2.49721 0.0
2.50042 0.0
2.50363 0.0
2.50685 0.0
2.51007 0.0
2.51329 0.0
2.51652 0.0
2.51976 0.0
2.52299 0.0
2.52623 0.0
2.52948 0.0
2.53273 0.0
2.53598 0.0
2.53924 0.0
2.5425 0.0
2.54577 0.0
2.54904 0.0
2.55232 0.0
2.5556 0.0
2.55888 0.0
2.56217 0.0
2.56546 0.0
2.56875 0.0
2.57205 0.0
2.57536 0.0
2.57867 0.0
2.58198 0.0
2.5853 0.0
2.58862 0.0
2.59195 0.0
2.59528 0.0
2.59861 0.0
2.60195 0.0
2.60553 0.0
2.60936 0.0
2.61319 0.0
2.61703 0.0
2.62088 0.0
2.62473 0.0
2.62858 0.0
2.63245 0.0
2.63631 0.0
2.64019 0.0
2.64407 0.0
2.64795 0.0
2.65184 0.0
2.65574 0.0
2.65964 0.0
2.66355 0.0
2.66746 0.0
2.67138 0.0
2.6753 0.0
2.67923 0.0
2.68317 0.0
2.68711 0.0
2.69106 0.0
2.69501 0.0
2.69897 0.0
2.70294 0.0
2.70691 0.0
2.71089 0.0
2.71487 0.0
2.71886 0.0
2.72285 0.0
2.72685 0.0
2.73086 0.0
2.73487 0.0
2.73889 0.0
2.74291 0.0
2.74694 0.0
2.75098 0.0
2.75502 0.0
2.75907 0.0
2.76312 0.0
2.76718 0.0
2.77125 0.0
2.77532 0.0
2.77939 0.0
2.78348 0.0
2.78757 0.0
2.79166 0.0
2.79576 0.0
2.79987 0.0
2.80399 0.0
2.8081 0.0
2.81223 0.0
2.81636 0.0
2.8205 0.0
2.82464 0.0
2.82879 0.0
2.83295 0.0
2.83711 0.0
2.84128 0.0
2.84545 0.0
2.84963 0.0
2.85382 0.0
2.85801 0.0
2.86221 0.0
2.86642 0.0
2.87063 0.0
2.87485 0.0
2.87907 0.0
2.8833 0.0
2.88754 0.0
2.89178 0.0
2.89603 0.0
2.90028 0.0
2.90454 0.0
2.90881 0.0
2.91308 0.0
2.91736 0.0
2.92165 0.0
2.92594 0.0
2.93024 0.0
2.93455 0.0
2.93886 0.0
2.94318 0.0
2.9475 0.0
2.95183 0.0
2.95617 0.0
2.96051 0.0
2.96486 0.0
2.96922 0.0
2.97358 0.0
2.97795 0.0
2.98232 0.0
2.9867 0.0
2.99109 0.0
2.99549 0.0
2.99989 0.0
3.00429 0.0
3.00871 0.0
3.01313 0.0
3.01755 0.0
3.02199 0.0
3.02643 0.0
3.03087 0.0
3.03533 0.0
3.04014 0.0
3.04533 0.0
3.05052 0.0
3.05573 0.0
3.06094 0.0
3.06616 0.0
3.07139 0.0
3.07662 0.0
3.08187 0.0
3.08713 0.0
3.09239 0.0
3.09766 0.0
3.10295 0.0
3.10824 0.0
3.11354 0.0
3.11885 0.0
3.12417 0.0
3.1295 0.0
3.13483 0.0
3.14018 0.0
3.14553 0.0
3.1509 0.0
3.15627 0.0
3.16166 0.0
3.16705 0.0
3.17245 0.0
3.17786 0.0
3.18328 0.0
3.18871 0.0
3.19414 0.0
3.19959 0.0
3.20505 0.0
3.21051 0.0
3.21599 0.0
3.22147 0.0
3.22697 0.0
3.23247 0.0
3.23798 0.0
3.24351 0.0
3.24904 0.0
3.25458 0.0
3.26013 0.0
3.26569 0.0
3.27126 0.0
3.27684 0.0
3.28242 0.0
3.28802 0.0
3.29363 0.0
3.29925 0.0
3.30487 0.0
3.31051 0.0
3.31616 0.0
3.32181 0.0
3.32748 0.0
3.33315 0.0
3.33883 0.0
3.34453 0.0
3.35023 0.0
3.35595 0.0
3.36167 0.0
3.3674 0.0
3.37314 0.0
3.3789 0.0
3.38466 0.0
3.39043 0.0
3.39621 0.0
3.40201 0.0
3.40781 0.0
3.41362 0.0
3.41944 0.0
3.42527 0.0
3.43111 0.0
3.43696 0.0
3.44283 0.0
3.4487 0.0
3.45458 0.0
3.46047 0.0
3.46637 0.0
3.47228 0.0
3.47821 0.0
3.48414 0.0
3.49008 0.0
3.49603 0.0
3.50199 0.0
3.50797 0.0
3.51395 0.0
3.51994 0.0
3.52594 0.0
3.53196 0.0
3.53798 0.0
3.54401 0.0
3.55006 0.0
3.55611 0.0
3.56218 0.0
3.56825 0.0
3.57434 0.0
3.58043 0.0
3.58654 0.0
3.59265 0.0
3.59878 0.0
3.60492 0.0
3.61107 0.0
3.61722 0.0
3.62339 0.0
3.62957 0.0
3.63576 0.0
3.64196 0.0
3.6488 0.0
3.65628 0.0
3.66377 0.0
3.67128 0.0
3.6788 0.0
3.68634 0.0
3.69389 0.0
3.70146 0.0
3.70905 0.0
3.71665 0.0
3.72427 0.0
3.7319 0.0
3.73955 0.0
3.74721 0.0
3.75489 0.0
3.76258 0.0
3.77029 0.0
3.77802 0.0
3.78576 0.0
3.79352 0.0
3.8013 0.0
3.80909 0.0
3.81689 0.0
3.82471 0.0
3.83255 0.0
3.84041 0.0
3.84828 0.0
3.85616 0.0
3.86406 0.0
3.87198 0.0
3.87992 0.0
3.88787 0.0
3.89584 0.0
3.90382 0.0
3.91182 0.0
3.91984 0.0
3.92787 0.0
3.93592 0.0
3.94398 0.0
3.95207 0.0
3.96017 0.0
3.96828 0.0
3.97641 0.0
3.98456 0.0
3.99273 0.0
4.00091 0.0
4.00911 0.0
4.01732 0.0
4.02556 0.0
4.03381 0.0
4.04207 0.0
4.05036 0.0
4.05866 0.0
4.06697 0.0
4.07531 0.0
4.08366 0.0
4.09203 0.0
4.10041 0.0
4.10882 0.0
4.11724 0.0
4.12567 0.0
4.13413 0.0
4.1426 0.0
4.15109 0.0
4.1596 0.0
4.16812 0.0
4.17666 0.0
4.18522 0.0
4.1938 0.0
4.20239 0.0
4.21101 0.0
4.21963 0.0
4.22828 0.0
4.23695 0.0
4.24563 0.0
4.25433 0.0
4.26305 0.0
4.27178 0.0
4.28054 0.0
4.28931 0.0
4.2981 0.0
4.30691 0.0
4.31573 0.0
4.32458 0.0
4.33344 0.0
4.34232 0.0
4.35122 0.0
4.36014 0.0
4.36907 0.0
4.37803 0.0
4.387 0.0
4.39599 0.0
4.405 0.0
4.41402 0.0
4.42307 0.0
4.43213 0.0
4.44122 0.0
4.45032 0.0
4.45944 0.0
4.46858 0.0
4.47773 0.0
4.48691 0.0
4.4961 0.0
4.50532 0.0
4.51455 0.0
4.5238 0.0
4.53307 0.0
4.54236 0.0
4.55167 0.0
4.56219 0.0
4.57392 0.0
4.58568 0.0
4.59748 0.0
4.6093 0.0
4.62116 0.0
4.63304 0.0
4.64496 0.0
4.6569 0.0
4.66888 0.0
4.68089 0.0
4.69293 0.0
4.705 0.0
4.7171 0.0
4.72923 0.0
4.74139 0.0
4.75359 0.0
4.76581 0.0
4.77807 0.0
4.79036 0.0
4.80268 0.0
4.81503 0.0
4.82741 0.0
4.83983 0.0
4.85228 0.0
4.86476 0.0
4.87727 0.0
4.88981 0.0
4.90239 0.0
4.915 0.0
4.92764 0.0
4.94031 0.0
4.95302 0.0
4.96576 0.0
4.97853 0.0
4.99133 0.0
5.00417 0.0
5.01704 0.0
5.02994 0.0
5.04288 0.0
5.05585 0.0
5.06885 0.0
5.08189 0.0
5.09496 0.0
5.10806 0.0
5.1212 0.0
5.13437 0.0
5.14758 0.0
5.16081 0.0
5.17409 0.0
5.18739 0.0
5.20074 0.0
5.21411 0.0
5.22752 0.0
5.24097 0.0
5.25445 0.0
5.26796 0.0
5.28151 0.0
5.29509 0.0
5.30871 0.0
5.32236 0.0
5.33605 0.0
5.34978 0.0
5.36354 0.0
5.37733 0.0
5.39116 0.0
5.40502 0.0
5.41893 0.0
5.43286 0.0
5.44684 0.0
5.46084 0.0
5.47489 0.0
5.48897 0.0
5.50309 0.0
5.51724 0.0
5.53143 0.0
5.54566 0.0
5.55992 0.0
5.57422 0.0
5.58855 0.0
5.60293 0.0
5.61734 0.0
5.63179 0.0
5.64627 0.0
5.66079 0.0
5.67535 0.0
5.68995 0.0
5.70458 0.0
5.71925 0.0
5.73396 0.0
5.74871 0.0
5.76349 0.0
5.77832 0.0
5.79318 0.0
5.80808 0.0
5.82301 0.0
5.83799 0.0
5.85301 0.0
5.86806 0.0
5.88315 0.0
5.89828 0.0
5.91345 0.0
5.92866 0.0
5.94391 0.0
5.9592 0.0
5.97452 0.0
5.98989 0.0
6.00529 0.0
6.02074 0.0
6.03622 0.0
6.05175 0.0
6.06731 0.0
6.08521 0.0
6.10547 0.0
6.12579 0.0
6.14618 0.0
6.16665 0.0
6.18717 0.0
6.20777 0.0
6.22844 0.0
6.24917 0.0
6.26998 0.0
6.29085 0.0
6.31179 0.0
6.3328 0.0
6.35388 0.0
6.37504 0.0
6.39626 0.0
6.41755 0.0
6.43892 0.0
6.46035 0.0
6.48186 0.0
6.50344 0.0
6.52509 0.0
6.54681 0.0
6.5686 0.0
6.59047 0.0
6.61241 0.0
6.63442 0.0
6.65651 0.0
6.67867 0.0
6.7009 0.0
6.72321 0.0
6.74559 0.0
6.76805 0.0
6.79058 0.0
6.81318 0.0
6.83587 0.0
6.85862 0.0
6.88145 0.0
6.90436 0.0
6.92735 0.0
6.95041 0.0
6.97355 0.0
6.99676 0.0
7.02005 0.0
7.04342 0.0
7.06687 0.0
7.0904 0.0
7.114 0.0
7.13768 0.0
7.16145 0.0
7.18529 0.0
7.20921 0.0
7.23321 0.0
7.25728 0.0
7.28144 0.0
7.30568 0.0
7.33 0.0
7.35441 0.0
7.37889 0.0
7.40345 0.0
7.4281 0.0
7.45283 0.0
7.47764 0.0
7.50253 0.0
7.52751 0.0
7.55257 0.0
7.57771 0.0
7.60294 0.0
7.62825 0.0
7.65364 0.0
7.67912 0.0
7.70468 0.0
7.73033 0.0
7.75607 0.0
7.78189 0.0
7.80779 0.0
7.83379 0.0
7.85986 0.0
7.88603 0.0
7.91228 0.0
7.93862 0.0
7.96505 0.0
7.99157 0.0
8.01817 0.0
8.04486 0.0
8.07164 0.0
8.09851 0.0
8.12548 0.0
8.15253 0.0
8.17966 0.0
8.2069 0.0
8.23422 0.0
8.26163 0.0
8.28913 0.0
8.31673 0.0
8.34441 0.0
8.37219 0.0
8.40006 0.0
8.42803 0.0
8.45608 0.0
8.48423 0.0
8.51248 0.0
8.54082 0.0
8.56925 0.0
8.59777 0.0
8.6264 0.0
8.65511 0.0
8.68393 0.0
8.71284 0.0
8.74184 0.0
8.77094 0.0
8.80014 0.0
8.82944 0.0
8.85883 0.0
8.88832 0.0
8.91791 0.0
8.9476 0.0
8.97739 0.0
9.00727 0.0
9.03726 0.0
9.06734 0.0
9.09753 0.0
9.12785 0.0
9.15832 0.0
9.18889 0.0
9.21957 0.0
9.25034 0.0
9.28122 0.0
9.3122 0.0
9.34328 0.0
9.37447 0.0
9.40576 0.0
9.43716 0.0
9.46866 0.0
9.50027 0.0
9.53198 0.0
9.5638 0.0
9.59572 0.0
9.62775 0.0
9.65989 0.0
9.69213 0.0
9.72449 0.0
9.75695 0.0
9.78951 0.0
9.82219 0.0
9.85498 0.0
9.88787 0.0
9.92088 0.0
9.954 0.0
9.98722 6.149301314701769e-11
10.0206 6.739901551654303e-11
10.054 7.937859054331865e-11
10.0876 9.346410350723256e-11
10.1212 1.1008077326490327e-10
10.155 1.2962214105869064e-10
10.1889 1.5265601369729008e-10
10.2229 1.7978560178167712e-10
10.2571 2.117135685961073e-10
10.2913 2.49379435500206e-10
10.3256 2.9368267231288924e-10
10.3601 3.4572617144691276e-10
10.3947 4.071663831195813e-10
10.4294 4.796348762135974e-10
10.4642 5.647409768777711e-10
10.4991 6.651441041909911e-10
10.5342 7.83246466098924e-10
10.5693 9.222904163480892e-10
10.6046 1.086293422252893e-09
10.64 1.2792414986701565e-09
10.6755 1.506535069076842e-09
10.7112 1.774115116452836e-09
10.7469 2.0891452503602013e-09
10.7828 2.4594600079590145e-09
10.8188 2.8965842676329446e-09
10.8549 3.411662799552712e-09
10.8911 4.018375706085942e-09
10.9275 4.732233925146064e-09
10.964 5.572715104700483e-09
11.0006 5.388408473696563e-09
11.0373 1.4047313036199928e-09
11.0741 3.085953340604166e-10
11.1111 6.78148305190405e-11
11.1482 1.4897076798428354e-11
11.1854 3.2726159778613954e-12
11.2227 7.191472613432239e-13
11.2602 1.579853969065627e-13
11.2978 3.471205241875391e-14
11.3355 7.626347102932301e-15
11.3733 1.6755851091011774e-15
11.4113 3.681311275477064e-16
11.4494 8.087271177244505e-17
11.4876 1.776889149599841e-17
11.526 3.904453037177562e-18
11.5644 8.577237040525588e-19
11.603 1.8845563210257967e-19
11.6418 4.140211790928485e-20
11.6806 9.097097961456133e-21
11.7196 0.0
11.7587 0.0
11.798 0.0
11.8374 0.0
11.8769 0.0
11.9165 0.0
11.9563 0.0
11.9962 0.0
12.0363 0.0
12.0764 0.0
12.1167 0.0
12.1572 0.0
12.1978 0.0
12.2385 0.0
12.2793 0.0
12.3203 0.0
12.3614 0.0
12.4027 0.0
12.4441 0.0
12.4856 0.0
12.5273 0.0
12.5691 0.0
12.6111 0.0
12.6532 0.0
12.6954 0.0
12.7378 0.0
12.7803 0.0
12.823 0.0
12.8658 0.0
12.9087 0.0
12.9518 0.0
12.9951 0.0
13.0384 0.0
13.082 0.0
13.1256 0.0
13.1694 0.0
13.2134 6.349957741375321e-21
13.2575 4.661296594530191e-20
13.3018 3.4204395892353637e-19
13.3462 2.509986161926206e-18
13.3907 1.8426094679492432e-17
13.4354 1.3520574305560034e-16
13.4803 9.921698363271361e-16
13.5253 7.282108998499568e-15
13.5704 5.3434789190807784e-14
13.6157 3.921938104852948e-13
13.6611 2.878944278094295e-12
13.7067 2.1121953674777092e-11
13.7525 1.5502236209565835e-10
13.7984 1.1376717113756186e-09
13.8445 8.350052324111477e-09
13.8907 6.12785626747981e-08
13.937 4.497031767908058e-07
13.9836 3.726988283558215e-06
14.0302 7.133975623866198e-06
14.0771 7.927417805526464e-06
14.1241 8.809569892098818e-06
14.1712 9.789062272876933e-06
14.2185 1.0877497179637886e-05
14.266 1.208636970195981e-05
14.3136 1.3430252000297206e-05
14.3614 1.492334552551951e-05
14.4093 1.657671707284093e-05
14.4574 1.842131259398968e-05
14.5057 2.0470673373763618e-05
14.5541 2.2753768895727883e-05
14.6027 2.5283471842228183e-05
14.6514 2.8088147091515935e-05
14.7003 3.1226050130284413e-05
14.7494 3.469373897048392e-05
14.7986 3.854890121945702e-05
14.848 4.283280518252348e-05
14.8976 4.760145953907506e-05
14.9473 5.2895384785131086e-05
14.9972 5.8663827706746544e-05
15.0473 6.391439598043111e-05
15.0975 6.939806562930112e-05
15.1479 7.537942843159955e-05
15.1985 8.185329703183216e-05
15.2492 8.888891219174368e-05
15.3001 9.653877708470209e-05
15.3512 0.00010484047787476708
15.4024 0.00011384640748151411
15.4538 0.0001236359981590202
15.5054 0.00013427367369942382
15.5572 0.00014586635201796204
15.6091 0.00015836182637559885
15.6612 0.00017192228257573814
15.7135 0.00018682314817410354
15.7659 0.0002027662183016935
15.8185 0.00022030871741359593
15.8713 0.00023915039038100848
15.9243 0.0002597017225380656
15.9775 0.00028222673248730974
16.0308 0.00030389817019971845
16.0843 0.00032556189683577056
16.138 0.00034861219040727734
16.1919 0.0003734515101462873
16.2459 0.0003999250204909783
16.3002 0.0004284250784844134
16.3546 0.000458797889705229
16.4092 0.0004914328659610309
16.4639 0.0005264462477111587
16.5189 0.0005638069452363736
16.574 0.0006039043369009746
16.6294 0.00064683809614315
16.6849 0.0006928558121484776
16.7406 0.0007420560346733534
16.7964 0.0007948121718678747
16.8525 0.0008513450344147868
16.9088 0.0009118856964791219
16.9652 0.0009766632697431846
17.0218 0.0010429832022355002
17.0786 0.001107927839891057
17.1357 0.0011771510221292851
17.1929 0.0012506210448745923
17.2502 0.0013285553969094126
17.3078 0.0014112822999847892
17.3656 0.0014999251607431304
17.4236 0.001593129974734063
17.4817 0.0016934333731347037
17.5401 0.0017994590718579517
17.5986 0.00191116640126354
17.6574 0.002031023951793428
17.7163 0.002157698127627948
17.7755 0.002292359747108808
17.8348 0.002434949781612918
17.8943 0.002587888747699158
17.954 0.0027485608335154205
18.014 0.002915617880920156
18.0741 0.003076566431092236
18.1344 0.0032451024843199957
18.195 0.003423600836689551
18.2557 0.0036107598672624405
18.3166 0.0038101568743539017
18.3778 0.004019191822376125
18.4391 0.00424024634350529
18.5007 0.004473149018284933
18.5624 0.004717821431680758
18.6244 0.004977715561980919
18.6865 0.005250314093684639
18.7489 0.005539029606972202
18.8115 0.005843718968297411
18.8743 0.006164213551418326
18.9373 0.006502723557250047
19.0005 0.00685550456441501
19.0639 0.007191700056214596
19.1275 0.007538534870629338
19.1914 0.007902889591172302
19.2554 0.008283489658417428
19.3197 0.008683573658051195
19.3842 0.009102976083527111
19.4489 0.009542649320959927
19.5138 0.010003531898499953
19.5789 0.01048654861943529
19.6443 0.010992554736484377
19.7099 0.011524783350144457
19.7756 0.012078464841404903
19.8416 0.012662327123681882
19.9079 0.013276043629498397
19.9743 0.013919428799057835
20.041 0.014996430608445518
20.1079 0.01645798425960368
20.175 0.018054730015101942
20.2423 0.019807519268566512
20.3099 0.02173681119962226
20.3777 0.023851928712544733
20.4457 0.026161972019005282
20.514 0.02870869246854743
20.5824 0.03148992856508667
20.6511 0.03455748252935155
20.7201 0.03790837315415165
20.7892 0.041594178806520665
20.8586 0.04563266653585061
20.9282 0.05006342140453425
20.9981 0.054581959395372234
21.0682 0.05689009237758199
21.1385 0.05882025481294396
21.209 0.060821966053585065
21.2798 0.06289416297289366
21.3509 0.0650255129185223
21.4221 0.06723698302399057
21.4936 0.06952709923088891
21.5654 0.07189498371208022
21.6373 0.0743300464010289
21.7096 0.07686163413187633
21.782 0.07947940563869552
21.8547 0.0821817163727268
21.9277 0.08496761456588163
22.0009 0.08782632086624584
22.0743 0.09051226769146331
22.148 0.09324013706912222
22.2219 0.09605035675745337
22.2961 0.09895168562923107
22.3705 0.1019435560758703
22.4452 0.10501448979509641
22.5201 0.10816405759383053
22.5952 0.11149102837422618
22.6707 0.1147939311632992
22.7463 0.11827233396019862
22.8223 0.12182420118087176
22.8984 0.12554857400928096
22.9749 0.1293440114862007
23.0516 0.13301544057584822
23.1285 0.13675867403326702
23.2057 0.14057229545736147
23.2831 0.1444560777099121
23.3609 0.14850432187942164
23.4388 0.15262108917583636
23.5171 0.1568036458097507
23.5956 0.16124330970686201
23.6743 0.16574722463102448
23.7533 0.17031392116302055
23.8326 0.17503706397428126
23.9122 0.17991491882879465
23.992 0.1873862140221028
24.0721 0.21874708156692899
24.1524 0.26276094061059707
24.233 0.3156764738798981
24.3139 0.3791624357746482
24.3951 0.45541840602659633
24.4765 0.5470760067025382
24.5582 0.6571856519548223
24.6402 0.789488487049875
24.7224 0.947951515569361
24.8049 1.1390224128845028
24.8877 1.3686115146586635
24.9708 1.6435398438916449
25.0541 1.8204831314597267
25.1377 1.9290619936091251
25.2217 2.0449220513310604
25.3058 2.167121382476261
25.3903 2.2964550884292216
25.4751 2.4337393444755673
25.5601 2.578900274599197
25.6454 2.7336011944859657
25.731 2.8968668939469513
25.8169 3.070350509640759
25.903 3.253956921810481
25.9895 3.4380263359162315
26.0763 3.5189591969611613
26.1633 3.572653096669527
26.2506 3.6259496476449815
26.3382 3.6814152346908053
26.4261 3.7373225813631303
26.5144 3.7936510884481613
26.6028 3.8512836923205565
26.6916 3.909319404597082
26.7807 3.968607059104032
26.8701 4.028294384275237
26.9598 4.089210455582253
27.0498 4.15966367869089
27.1401 4.23789784499422
27.2307 4.318045804459338
27.3216 4.399261892070004
27.4128 4.482354060539502
27.5043 4.567300928532019
27.5961 4.653265486964276
27.6882 4.741047895439031
27.7806 4.830627230141308
27.8733 4.9211750513630586
27.9663 5.014288796347875
28.0597 5.095480147798072
28.1533 5.171298147146461
28.2473 5.248133350347577
28.3416 5.326785506322023
28.4362 5.405650672165837
28.5311 5.485513296719503
28.6263 5.567147380336053
28.7219 5.650513076951127
28.8178 5.734047174149798
28.9139 5.819322734844973
29.0104 5.900847837816875
29.1073 5.964734584925052
29.2044 6.027385230794414
29.3019 6.090305819888766
29.3997 6.154277771940208
29.4978 6.218525481181149
29.5963 6.283783679182389
29.6951 6.349302931754701
29.7942 6.415834266791454
29.8936 6.482612524208852
29.9934 6.550361994107609
30.0935 6.612359505551192
30.194 6.673857525552838
30.2948 6.7356239384958085
30.3959 6.798394891931771
30.4973 6.861420359132049
30.5991 6.925409053853626
30.7013 6.989615614327404
30.8037 7.054812012156106
30.9066 7.120189613762723
31.0097 7.186538956936399
31.1132 7.257420329739214
31.2171 7.319804994787549
31.3213 7.388892702217054
31.4258 7.46461479665587
31.5307 7.532599408446901
31.6359 7.607177252763906
31.7415 7.674071462970632
31.8475 7.7474937129972306
31.9538 7.820355410232157
32.0604 7.8715942663032346
32.1674 7.908397835698361
32.2748 7.937883614246108
32.3825 7.974052089793114
32.4906 8.009882166607595
32.5991 8.03846999013493
32.7079 8.073677086577334
32.817 8.108576606780572
32.9266 8.143121191661855
33.0365 8.177362309991326
33.1468 8.197693692767535
33.2574 8.217816084144443
33.3684 8.244453020517984
33.4798 8.27081451212012
33.5915 8.290225177329908
33.7036 8.316088150147298
33.8161 8.34168097770977
33.929 8.360370227584951
34.0423 8.385450189463013
34.1559 8.410289891871788
34.2699 8.441435669273584
34.3843 8.46572900351223
34.499 8.48978739408367
34.6142 8.513563359589975
34.7297 8.543590084745176
34.8456 8.566858659320014
34.9619 8.59631386806371
35.0786 8.612639876313624
35.1957 8.622363138537528
35.3132 8.631924137852005
35.4311 8.64132416477517
35.5493 8.650588837595555
35.668 8.659670710836208
35.787 8.668619668144187
35.9065 8.677388473219226
36.0263 8.679777833743346
36.1466 8.663346830823496
36.2672 8.653160738351172
36.3883 8.636736629993335
36.5097 8.620350643704086
36.6316 8.603955827201101
36.7539 8.587576302459237
36.8765 8.57123569336063
36.9996 8.554887767150726
37.1231 8.526427626719482
37.247 8.504109099285804
37.3714 8.475801056987384
37.4961 8.447613261675171
37.6212 8.419522812167031
37.7468 8.391507402510898
37.8728 8.363589479021842
37.9992 8.335768953585822
38.1261 8.284404826472807
38.2533 8.22743177442059
38.381 8.17659548031395
38.5091 8.12601193908495
38.6376 8.06985359870371
38.7666 8.0197714176317
38.896 7.964151575499261
39.0258 7.914588167676406
39.1561 7.865252927324029
39.2868 7.816165362948344
39.4179 7.773035773244995
39.5495 7.7244021299809225
39.6815 7.6760136908425105
39.8139 7.627869475400643
39.9468 7.579949526373581
40.0801 7.521038385392503
40.2139 7.45682679991176
40.3482 7.387369888023374
40.4828 7.323880620276913
40.6179 7.255180224519715
40.7535 7.19237124419058
40.8895 7.124403379036036
41.026 7.06228754023535
41.163 6.989560355198607
41.3004 6.917248674985837
41.4382 6.845350460486455
41.5765 6.773847383187008
41.7153 6.702738084166227
41.8545 6.632037039691412
41.9942 6.567087472668543
42.1344 6.50249143720358
42.275 6.4382629374023335
42.4161 6.374385107203557
42.5577 6.310856710128365
42.6998 6.247676501519985
42.8423 6.1848576651248
42.9853 6.12238411767626
43.1288 6.049814882335372
43.2727 5.977671700193938
43.4171 5.905938726094066
43.5621 5.8346009569881865
43.7075 5.763683771255082
43.8533 5.693184926011223
43.9997 5.623076625512546
44.1466 5.5482709085558675
44.2939 5.46882939167949
44.4418 5.3949073638826555
44.5901 5.321427984603944
44.7389 5.248377091711607
44.8883 5.175741334834789
45.0381 5.10354214881517
45.1884 5.031765974113724
45.3393 4.965365403267298
45.4906 4.899362279505513
45.6424 4.833250555988008
45.7948 4.7684978617551845
45.9476 4.70413376503638
46.101 4.638670949171956
46.2549 4.572619485391632
46.4092 4.5079374322382675
46.5642 4.443617258014159
46.7196 4.380650108505625
46.8755 4.318534661224278
47.032 4.255340711804928
47.189 4.186796621522943
47.3465 4.119614595098023
47.5045 4.052835396237639
47.6631 3.9878657408314155
47.8221 3.923294211318047
47.9818 3.860032717668977
48.1419 3.7990299111351495
48.3026 3.7388511368801685
48.4638 3.6794980250995923
48.6256 3.621419727297984
48.7879 3.563690132073324
48.9507 3.5076872517644877
49.1141 3.4524718468724567
49.278 3.398958694985544
49.4425 3.3457597331954636
49.6076 3.2937813940577962
49.7731 3.2421218320580056
49.9393 3.1916615505799393
50.1059 3.142409545080977
50.2732 3.093440902446413
50.441 3.0456595461468017
50.6094 2.998604326008123
50.7783 2.952275499678464
50.9478 2.9062196254592036
51.1178 2.8617624256150775
51.2884 2.818005923862027
51.4596 2.7749446818449206
51.6314 2.7321372589999213
51.8037 2.690456960354489
51.9766 2.6494555515186833
52.1501 2.609127695252339
52.3242 2.5694680786415236
52.4988 2.530476233359495
52.6741 2.492137166814335
52.8499 2.4544551951140745
53.0263 2.8585336865550257
53.2033 5.551639906103652
53.3808 11.420618029883231
53.559 23.505025552862687
53.7378 48.34504299378167
53.9171 101.67132071551501
54.0971 133.79288466205543
54.2777 124.96941015854388
54.4588 116.74079582335276
54.6406 109.05975213307705
54.823 101.88024760227528
55.006 95.19752785651717
55.1896 88.92528624049065
55.3738 83.10029936330208
55.5586 77.63726644658651
55.7441 72.57301963008776
55.9301 67.82352130494698
56.1168 63.38554279160681
56.3041 59.25625593752944
56.492 55.39287091330034
56.6806 51.7530561941386
56.8698 48.37439311723485
57.0596 45.4516633057132
57.25 43.01974736094718
57.4411 40.76022905088713
57.6329 38.636319904014535
57.8252 36.61183542941606
58.0182 35.05434527735396
58.2119 35.06532477885644
58.4062 35.245468738758845
58.6011 35.42789707354825
58.7967 35.60869202087397
58.993 35.7954956939635
59.1899 35.995909396210685
59.3874 36.19841925828006
59.5857 36.40287613201187
59.7846 36.60937490609433
59.9841 36.81788907184041
60.1843 37.03955266579475
60.3852 37.26677085638628
60.5867 37.492110868063826
60.789 37.73768103921693
60.9919 37.058477665865546
61.1955 30.47888321266985
61.3997 24.243349381946437
61.6046 19.28412672467381
61.8103 15.340995257079156
62.0166 12.86142898738836
62.2236 13.571190750743565
62.4313 14.72322761849556
62.6396 15.975292335647847
62.8487 17.333463401623575
63.0585 18.81451398116735
63.269 20.413614271948102
63.4801 22.157943123813208
63.692 24.05300091111866
63.9046 26.114872145995914
64.1179 28.34534108284467
64.3319 30.78115183234178
64.5467 33.42710658432071
64.7621 36.291556953836384
64.9783 39.01180729159274
65.1951 38.156923104548426
65.4127 36.44684242271456
65.6311 34.816281382268826
65.8501 33.26460923436584
66.0699 30.158845739173028
66.2905 24.553478484443797
66.5117 19.96670366891356
66.7337 16.236659443538755
66.9565 13.230553628961863
67.18 10.820667948317428
67.4042 8.88758854675314
67.6292 7.296798011056743
67.8549 5.991872393604777
68.0814 4.943547818998931
68.3086 4.086695930222003
68.5366 3.383301438606638
68.7654 2.801088477013473
68.9949 2.3483376324181724
69.2252 2.125237142386462
69.4563 1.9518890669182871
69.6881 1.7929178203127671
69.9207 1.6501146757617269
70.1541 1.654572781969705
70.3882 1.7405427825139994
70.6232 1.831338669027899
70.8589 1.926596695735267
71.0954 2.0278500876118546
71.3327 2.1340890051700696
71.5708 2.246518497221948
71.8097 2.3647597238989952
72.0494 2.4950001528845913
72.2899 2.6467701610451893
72.5311 2.8096117205169757
72.7732 2.9821644331943102
73.0161 3.1849873651440275
73.2598 3.487836814981548
73.5044 3.8345730584659288
73.7497 4.215600478900403
73.9959 4.639681958503706
74.2429 5.109412925596677
74.4907 5.627346350779369
74.7393 6.202022611434509
74.9888 6.820841344035739
75.239 7.396588813053052
75.4902 8.001218332166054
75.7422 8.655247273274025
75.995 9.18634542061366
76.2486 8.606621611369398
76.5031 7.886454190274602
76.7585 7.226703702811697
77.0147 6.635570287183751
77.2717 6.135697280755049
77.5296 5.682629047701713
77.7884 5.261445361780845
78.0481 4.8891503420335045
78.3086 4.588275129920057
78.5699 4.309408465698047
78.8322 4.049473942488099
79.0953 3.9591547481967275
79.3593 4.138886224875634
79.6242 4.328686497107847
79.89 4.531266943777671
80.1566 4.743690945727427
80.4242 4.971440391473736
80.6926 5.21157734366932
80.9619 5.46118409224701
81.2322 5.728465289574995
81.5033 6.0132500055204305
81.7753 6.309842106506418
82.0483 6.796454974246149
82.3222 7.916944940296707
82.5969 9.28067133868893
82.8726 10.879716546501134
83.1492 5.17673385184005
83.4268 1.1384919504044724
83.7052 0.25044741502836865
83.9846 0.07186595158584136
84.2649 0.11960970225089622
84.5462 0.29689767685078466
84.8284 0.7361921898527644
85.1115 1.359303382948399
85.3956 1.606281688508049
85.6806 1.892854490387187
85.9666 2.2434946638347153
86.2536 2.7640427406442174
86.5415 3.4468111126751104
86.8303 4.2961281894475505
87.1201 5.504112003640957
87.4109 7.2345608188916355
87.7027 9.541257615587698
87.9954 12.454222616714535
88.2891 14.909120632682894
88.5838 17.632180122297093
88.8795 20.868869568641063
89.1761 22.935197333631134
89.4738 24.001201937806353
89.7724 25.127594228472642
90.0721 26.31868023335305
90.3727 27.675968395223855
90.6744 29.098389025836887
90.977 29.397530766511114
91.2807 21.062258248525364
91.5853 14.0038184480124
91.891 9.412617429739013
92.1977 8.231229108526477
92.5055 8.517781869178044
92.8142 8.812050895076625
93.124 9.232388276155401
93.4349 9.842580157969222
93.7467 10.49905447124194
94.0596 11.297045963259945
94.3736 12.461739565583354
94.6886 13.773104978878898
95.0046 15.279404193266917
95.3217 17.243149514524337
95.6399 19.527905045371753
95.9591 22.13746006585281
96.2794 25.13628626689446
96.6008 28.61828921909781
96.9232 32.587868214688015
97.2467 37.340963456501854
97.5713 42.91576687291694
97.897 49.395901776122955
98.2237 57.11599843396917
98.5516 66.29179111303034
98.8805 77.38673705581844
99.2106 119.0409090643904
99.5417 216.75432713789033
99.874 396.04573631878503
100.207 328.0052688708386
100.542 168.98682821300653
100.877 88.08480410372286
101.214 23.99975900241046
101.552 4.617711686248106
101.891 1.0057555861580327
102.231 0.597218291610279
102.572 0.7260436005017014
102.915 0.8848422923157014
103.258 1.0986179081672036
103.603 1.378966643894051
103.948 1.738670360557635
104.295 2.234101427061216
104.644 2.9000239508717676
104.993 4.357018290636723
105.343 13.416574722979462
105.695 48.861297468702496
106.048 144.7373240911793
106.402 187.6721602736346
106.757 229.43441319225195
107.113 281.005777269905
107.471 343.33152950924176
107.829 420.6932051035801
108.189 500.6549806891893
108.55 582.9845459855474
108.913 678.1917996314851
109.276 760.817586371685
109.641 842.4702111902927
110.007 933.8049509578419
110.374 1036.5587057235493
110.742 1151.8348971178693
111.112 1243.2269348329603
111.483 1264.5337961633356
111.855 1281.8637651253907
112.228 1078.410384390747
112.603 802.5155042016866
112.979 604.7654799494273
113.356 488.75715233193364
113.734 402.21606677758757
114.114 335.1818353371003
114.495 285.893255275454
114.877 245.74827363350343
115.26 271.299913388676
115.645 341.64595642506515
116.031 393.08948836005146
116.418 302.82912959336795
116.807 223.37809899857524
117.197 184.12028863860016
117.588 170.94871628479098
117.981 165.7997032622875
118.374 219.66035728348487
118.769 310.2927326959227
119.166 448.8695024662876
119.564 655.6232639004543
119.963 940.3794055247844
120.363 1039.9388727878709
120.765 1086.2504190936418
121.168 1107.3485591121482
121.572 1091.8172160043373
121.978 1086.7066325958501
122.385 1162.9266523466708
122.794 1263.1883156500967
123.204 1480.9971942045988
123.615 1863.0756302698642
124.027 2357.865004597675
124.441 2985.0147153011394
124.857 3793.664009114933
125.274 4406.416509991949
125.692 4889.686719484253
126.111 5110.864925597182
126.532 4643.721431337622
126.954 4254.121443329304
127.378 4446.745106195311
127.803 4803.636257134259
128.23 4420.710836155369
128.658 3545.101464650868
129.087 3193.2422077476567
129.518 3982.1808939341713
129.951 4977.16484327377
130.384 5067.687541640293
130.82 4904.522597009765
131.256 4756.162989771394
131.694 4618.972540737018
132.134 4491.142636508009
132.575 4376.015054318506
133.017 4305.622826424745
133.461 4438.053140424598
133.907 4611.567308927713
134.354 4874.377327410353
134.802 5183.837768092611
135.252 5511.140836967218
135.704 5861.071412950137
136.157 6236.741370786391
136.611 6634.590534406199
137.067 6635.512662993736
137.524 5308.776936758398
137.983 4333.397338548345
138.444 4569.389778362972
138.906 5069.577465433465
139.37 5621.289709885072
139.835 6241.743804792363
140.302 6931.798177035983
140.77 7711.575591617088
141.24 6036.199997851798
141.711 3375.836436199438
142.184 2797.768951550856
142.659 4114.034036234144
143.135 5542.632474924583
143.613 5981.920489466904
144.092 5868.292311551711
144.573 4372.561585444215
145.056 3228.1496703823527
145.54 2397.5923940082
146.026 1800.6888624075234
146.513 1367.0785028751664
147.002 1088.5545571450468
147.493 1106.4523490022987
147.985 1173.5131548610643
148.479 1254.3652525551747
148.974 1343.8903581504017
149.472 1442.4330558397394
149.971 1493.0253861984243
150.471 1158.164596098326
150.973 874.7194797029549
151.477 831.3842470929773
151.983 830.5419398618252
152.49 832.2095496157442
152.999 835.0323449767163
153.51 841.0518591548613
154.022 848.1952513402994
154.536 858.9222096086303
155.052 949.4235269830938
155.57 1455.7880618250767
156.089 2133.1524797925545
156.61 2360.367835092026
157.133 2564.552850227253
157.657 2787.356895403014
158.183 3034.2643681789905
158.711 3303.6078173689502
159.241 2698.839493714141
159.773 1524.57886715454
160.306 1388.343250057975
160.841 1862.9762377586762
161.378 2538.943776497477
161.916 3513.512477116889
162.457 4589.632620774226
162.999 5820.169274178961
163.543 6513.865703731652
164.089 7167.203316898373
164.637 7922.770423991573
165.186 7103.25155138448
165.738 4247.484591474933
166.291 2824.0448114254696
166.846 2150.7926438488253
167.403 2021.2580779162897
167.962 2119.0775828129727
168.522 2409.938463212851
169.085 2682.8475389960045
169.649 2610.2318253156714
170.215 2382.00082908481
170.783 1998.39156419895
171.353 1878.75586671112
171.925 1924.8829529951129
172.499 2222.5630545283857
173.075 2679.5317333781045
173.653 3312.3379360589925
174.232 3583.0096043518647
174.814 3170.5737743488226
175.397 2859.6906158485003
175.983 2655.722278972794
176.57 2778.218109294841
177.159 2845.2268473850686
177.751 2640.705872513372
178.344 3072.47314416757
178.939 4109.010008205109
179.537 4035.135290553217
180.136 3746.7708981092865
180.737 3639.646181678678
181.34 4038.4664242144336
181.946 4821.8524659828045
182.553 4438.322918113956
183.162 4043.770926596644
183.774 4112.380561430858
184.387 2944.9168011172
185.002 1978.655298795194
185.62 3223.711977955894
186.24 4328.698948781928
186.861 3481.811045675405
187.485 3958.935668446505
188.111 5165.272860534413
188.739 6735.691108490201
189.368 7458.713860189219
190.001 7391.209432464519
190.635 7437.483960843459
191.271 6295.7792818570615
191.909 4326.349440231468
192.55 4879.000766892412
193.193 4933.844887519028
193.838 2908.1809750276316
194.485 1897.2251231656794
195.134 1941.6779265044786
195.785 5268.678448507965
196.438 6765.085722631016
197.094 6255.980149312062
197.752 6663.212506577802
198.412 8411.086318070533
199.074 10745.497015444751
199.739 9666.025259988233
200.405 9273.305116599322
201.074 9546.987855292082
201.745 9923.652244917985
202.419 10549.019250144336
203.094 11173.505921464144
203.772 11147.376840439916
204.453 11176.31360277337
205.135 10773.704259222372
205.82 9076.363512448288
206.507 7006.474519485782
207.196 6031.368799248103
207.887 6956.7152107662605
208.581 7033.9455216055285
209.278 6544.728781175872
209.976 5879.6816535695025
210.677 6358.078196427348
211.38 6520.118010922518
212.086 6477.183884444209
212.794 7570.716407852303
213.504 9789.37894876755
214.216 11276.487452721884
214.931 9389.204822741216
215.649 7786.802922136969
216.369 8671.305413579244
217.091 11396.772993793587
217.815 9698.983918648864
218.542 9698.653321471302
219.272 9503.119548834657
220.004 8301.889023294398
220.738 10331.380737323238
221.475 11781.070373507882
222.214 11934.380990315849
222.956 11177.75229787901
223.7 11100.32138426812
224.447 12076.433844985313
225.196 13455.827542752471
225.947 13949.141536718782
226.702 14726.916488820278
227.458 33799.907869181974
228.188 153512.17161889473
228.889 583153.0524247687
229.593 165123.7218478583
230.298 42132.10214236418
231.006 27180.114302290316
231.717 33742.16235862211
232.429 59548.32771001635
233.143 94253.60214479496
233.86 65941.77767272067
234.579 71680.22394469235
235.3 129162.9233736855
236.024 234355.42691881894
236.774 75056.64290480586
237.552 74962.45772632115
238.332 158880.1563864259
239.114 199315.8692829495
239.9 72239.32568383045
240.688 221676.64119491048
241.478 136952.5900918744
242.271 98591.61406758828
243.067 351581.6723048556
243.865 183985.6067559164
244.666 170133.29531722108
245.47 277888.27988508646
246.276 296906.66991866997
247.085 111613.2443267448
247.896 137766.0118356963
248.71 253177.5795040467
249.527 395980.7375782416
250.352 353490.7087984404
251.187 275417.432778743
252.024 659056.6937410795
252.863 525816.464946266
253.706 813611.8385219134
254.551 705047.7113274991
255.399 276075.95651510544
256.25 212694.8331442936
257.104 848040.9351548937
257.961 357463.6789707554
258.82 365584.3379236475
259.683 386129.2643387139
260.548 648900.6628832159
261.416 634517.3133693938
262.287 390192.2958981997
263.161 601566.1057415827
264.038 417020.3543634985
264.918 155427.6434550559
265.801 279246.90042501467
266.686 316054.25911242765
267.575 192754.96777373296
268.466 254252.9083821335
269.361 495366.0469708949
270.258 385181.3859680465
271.159 324207.4864963856
272.062 644028.6219477556
272.969 743000.8024280664
273.878 1204221.8459881519
274.791 1279689.3323416477
275.707 1219912.9158591018
276.625 806507.2061588858
277.547 542563.6363578349
278.472 475116.57480818697
279.4 692218.7230777435
280.331 1171683.1659209037
281.265 1138177.322082462
282.202 1023511.1865230652
283.142 981948.4451653974
284.086 893892.4978942528
285.032 955691.6131182184
285.982 654481.4558951823
286.935 1020750.9551239565
287.891 757586.2199566929
288.85 950853.2241183852
289.813 553235.6163378312
290.778 623324.6561981657
291.747 567238.9552112112
292.719 493753.4462245539
293.694 585248.0721712074
294.673 631434.835837817
295.655 585249.6689910714
296.64 938025.7984514877
297.628 1118717.4507047054
298.62 982316.7493528539
299.615 890391.1255431238
300.613 950341.9252540147
301.615 690870.1588820426
302.62 587625.3346349852
303.628 980202.1728321763
304.64 1353831.351966748
305.655 1206447.471453923
306.674 763453.175989785
307.695 897007.4617278985
308.721 1136128.1110030746
309.749 1405635.0613214003
310.781 1191619.131248845
311.817 1058425.2844686834
312.856 659714.6690006831
313.898 956738.6209285444
314.944 1142986.627507566
315.994 961079.1107003728
317.047 649786.8705873562
318.103 932060.3526987995
319.163 813285.0579405997
320.226 624987.3038341964
321.293 1051732.88442065
322.364 924628.9217032446
323.438 1124802.6690476225
324.516 1351384.2808737918
325.597 1384926.0338135767
326.682 1423741.473066118
327.77 1390168.141854943
328.862 1028211.042400132
329.958 1099847.3166430623
331.058 739862.1887755392
332.161 742827.4421882139
333.268 764002.9127659176
334.378 1110219.8410037763
335.492 520386.0646685788
336.61 614162.9237762403
337.732 802565.1543843694
338.857 637728.1016595789
339.986 589060.314461732
341.119 1129858.0262833415
342.255 1049148.3707972986
343.396 778838.1799860457
344.54 382114.69456162764
345.688 799723.9224954944
346.84 1309839.276629064
347.995 987852.396202535
349.155 503117.4330243216
350.318 568859.4500694274
351.486 1004301.3618558459
352.657 627966.0823542842
353.832 452056.7929185254
355.011 745747.037007157
356.194 442485.9676440725
357.381 437866.6347703739
358.571 759689.6901040854
359.766 1096326.7449755715
360.965 992896.5331052718
362.168 554597.8335215152
363.374 570723.9585882382
364.585 591798.7357039303
365.8 1048086.1245027119
367.019 1059326.4461572086
368.242 1371266.8512076426
369.469 1180259.8680379887
370.7 1135651.411775095
371.935 849818.3097751308
373.174 1029788.8092675413
374.418 646364.9076713293
375.665 1071501.5522646569
376.917 450590.44554751454
378.173 287291.5308069193
379.433 710800.5301878637
380.697 849182.4500280294
381.966 412041.1779252195
383.238 781871.737816561
384.515 1063818.8112004076
385.796 1306539.0596478228
387.082 734558.5173855021
388.372 1137305.439050283
389.666 1007003.3105485886
390.964 1245505.8585755627
392.267 1334342.1586213731
393.574 799662.6197270225
394.885 868270.9899084234
396.201 1175062.5674529904
397.521 1114528.1510275095
398.846 1583829.58261878
400.174 1222466.2631965592
401.508 1153363.2609550257
402.846 1040000.0065046503
404.188 1484361.9817747474
405.535 1400047.4811957446
406.886 1374373.8049597158
408.242 874052.6788790616
409.602 1005258.2860637034
410.967 1332240.5400924266
412.336 1513995.696192993
413.71 1442579.4252176029
415.089 1092305.8667888357
416.472 1272467.4290063977
417.859 1321581.0789389717
419.252 1008431.6541794778
420.649 820442.8199431623
422.05 1253516.2903130883
423.456 1515174.2947102354
424.867 1487887.6121054979
426.283 1267474.5648033274
427.703 1314849.8530233267
429.128 1404389.401272142
430.558 1400247.913592919
431.993 1096986.8339942812
433.432 897529.6220256025
434.877 1290053.2093853336
436.326 1225401.8901402801
437.779 1458402.2519536584
439.238 689876.2264006498
440.702 630370.9092978761
442.17 991294.5136495265
443.643 1460945.6380423896
445.122 994835.6157030618
446.605 1296502.6474583452
448.093 1283656.3383280975
449.586 1032528.163994591
451.084 1349507.4579525706
452.587 1580803.3306191268
454.095 1532421.7582736025
455.608 1083116.6530204883
457.126 1110546.2435344853
458.649 1059246.4423426073
460.177 1033714.5118307051
461.711 1072700.502224087
463.249 1692155.6209510202
464.793 1578522.6079498092
466.341 1552041.7593245455
467.895 1620983.6386281853
469.454 1625671.0766552854
471.018 1509865.0993252487
472.588 1534383.994589236
474.163 1588160.8455253874
475.742 1466006.662570574
477.328 1380957.0967716738
478.918 989972.7292967062
480.514 896261.9290698023
482.115 1267316.8934369618
483.721 1675458.1460430399
485.333 1429150.287342851
486.95 1443359.6267865913
488.573 1221536.0529680816
490.201 1181657.5059205561
491.834 1542543.3495601427
493.473 1587146.653768401
495.117 1617797.3889276562
496.767 1610611.1819971553
498.422 1607521.570085836
500.083 1587776.5848333482
501.749 1577120.3601276232
503.421 1513300.0658899015
505.098 1388825.956772667
506.78 1558798.3077941213
508.468 1531928.5049090902
510.161 1343711.5998838546
511.86 1436891.4704212917
513.565 1775795.083945507
515.276 1643633.1847512384
516.992 1566327.7406366065
518.713 1415737.8687090946
520.441 1598771.8190119676
522.174 1584843.137394509
523.913 1589895.4769683534
525.658 1346068.3948269142
527.409 1347575.3864092634
529.165 1477541.5296274018
530.928 1594754.1035964403
532.696 1588193.3187772494
534.47 1456978.8703622036
536.25 1121747.6625286152
538.036 877431.2942715073
539.828 543811.2767092065
541.626 560294.5691584697
543.43 992174.2063373666
545.24 1596247.2614540905
547.056 1375721.788287849
548.878 1048771.6250126783
550.706 600520.7415609354
552.54 616047.3481414483
554.38 1247091.4075015052
556.226 1817276.7911088713
558.079 1526042.6981306854
559.937 1405990.8384771224
561.802 1145262.3089163876
563.673 1469760.6328356224
565.551 1207729.9225011277
567.434 823641.1174171256
569.324 928858.4780107824
571.22 1401865.9424075943
573.123 1816335.254543131
575.031 1527252.0499629078
576.946 1448434.3826362626
578.868 1459181.4904081682
580.796 1386892.3230295342
582.73 941486.673070386
584.671 1276432.9430534497
586.618 1758048.8219752947
588.572 1473755.4901423438
590.532 1486400.4341152792
592.499 1455248.555586773
594.472 1364832.6491888578
596.452 1347846.3150511072
598.438 1089069.0844566915
600.432 1032960.6981908419
602.431 1483574.0205344302
604.438 1199306.3590365094
606.451 691209.9556468714
608.47 1107742.0706613325
610.497 1802124.6598882237
612.53 1484841.2554137143
614.57 1372582.1957327134
616.617 1268718.6955736554
618.671 1370761.461041524
620.731 1305644.9409842351
622.798 1097078.01179847
624.873 673354.189016647
626.954 637724.8033060833
629.042 1370708.655283125
631.137 1614778.2010903691
633.239 1295853.4905231064
635.348 1531436.9451352002
637.464 1300684.8445829707
639.587 938748.838035839
641.717 1266805.582476383
643.854 1424840.462100965
645.998 1152816.9466571182
648.15 1232350.1163271016
650.309 1303034.3810236917
652.474 1313892.2588804818
654.647 1268952.041495092
656.828 1271250.684729604
659.015 1291969.4646380525
661.21 1287340.0743286065
663.412 1247775.1481997143
665.622 1277792.4286936624
667.839 1190287.7529460376
670.063 1002893.2831847836
672.294 1016978.0542074158
674.533 1219193.0980669414
676.78 1234105.870358469
679.034 1214758.5630856485
681.295 1228240.4160937672
683.564 1237666.4484077068
685.841 1122281.1835066038
688.125 1184315.0789386411
690.417 1205491.0734382784
692.716 1255763.6960196842
695.023 1216289.0286572971
697.338 1221613.491766838
699.661 1188920.460146813
701.991 1052526.5436797163
704.329 1174008.8820011038
706.675 1152908.603676406
709.028 1190041.8124856595
711.39 1124697.40233512
713.759 1221895.4386119898
716.136 1220983.3443431677
718.521 1170245.9993958613
720.914 1181350.8725452337
723.315 1159688.6418880546
725.724 1217260.5232149865
728.141 1181374.4566120466
730.566 1000881.3309254791
732.999 1132082.229774016
735.44 1131079.7319520004
737.89 1158443.8732234773
740.347 1164938.1170292252
742.813 1154706.2182595623
745.287 1138488.4162037948
747.769 1150364.856275069
750.259 1121941.663476782
752.758 1057207.0803714367
755.265 738333.6665454381
757.781 505343.4329441294
760.304 499224.9930099144
762.837 707100.4095783811
765.377 1249790.8719871242
767.926 1298997.761640119
770.484 1011847.1007950851
773.05 903941.1406951948
775.624 1058257.7314226863
778.208 1025236.4703664025
780.799 1043170.6000025561
783.4 651469.3342117507
786.009 390958.9477635846
788.627 826138.5909593068
791.253 1451044.8330744032
793.888 1152162.1646706017
796.532 1057612.5115793364
799.185 992128.7898485
801.847 995292.5549668772
804.517 1055230.4906304458
807.197 1053400.3790652151
809.885 1045456.585458739
812.583 1042262.4309219847
815.289 1034937.2630111312
818.004 1033153.5339348613
820.728 1029175.8913910523
823.462 1024391.9452645705
826.204 1020992.200511561
828.956 982569.1126083841
831.717 943307.3723692364
834.487 792068.0593236999
837.266 983303.3740590228
840.054 984327.79541667
842.852 986669.2513930689
845.659 991913.0406076896
848.476 910347.4505783228
851.302 952281.8177964032
854.137 935942.4851894906
856.981 965936.2420140808
859.836 961681.648420112
862.699 935265.1049740774
865.573 888984.8955382439
868.455 959136.5229343155
871.348 945617.4356970886
874.25 935525.8269211565
877.161 931394.5209822458
880.083 937255.1976646523
883.014 895646.4010654625
885.955 929010.3409239445
888.905 931752.2783657708
891.866 927396.7479897023
894.836 923312.3424583614
897.816 919244.7210893511
900.806 912694.6887862202
903.806 903687.1001383917
906.817 887528.7241762961
909.837 912543.0101494892
911.553 1294369.4665304366
913.273 1646159.1525142735
916.322 1672374.9799898139
919.38 1276493.7642309223
922.449 859553.6955594006
925.528 1583254.5112724586
928.618 1113729.9991392286
931.718 1074747.1878432445
934.828 1966784.913405238
937.948 1244983.2570422753
941.079 1091567.033586121
944.22 1593159.6581947869
947.372 1688139.8915398053
950.534 1300498.3706330427
953.707 1587698.0717267771
956.891 1593472.7109972425
960.085 1464128.6349932153
963.29 1577745.9744033867
966.505 1558754.9721697925
969.731 1533139.9836796697
972.968 1348256.3852238064
976.216 1447084.3055921437
979.475 1507315.2093711074
982.744 1498636.0085970624
986.025 1327662.8932520943
989.316 1279555.3448304199
992.618 1532036.9210003763
995.932 1356048.4285860017
999.256 1470267.405516362
1002.59 1462908.2062046756
1005.94 1374112.587826423
1009.3 1313106.0042763676
1012.67 1334746.417427845
1016.05 1348253.4088465653
1019.44 1312411.673906582
1022.84 1325216.8470086597
1026.25 1059327.0444563567
1029.68 1214966.0543846434
1033.12 1315734.8082042937
1036.57 1243159.9611031727
1040.03 1384919.0639099146
1043.5 1368016.4648925846
1046.98 1353578.269212886
1050.48 1347139.6319547754
1053.98 1322588.0743114543
1057.5 1305838.3540882666
1061.03 1228717.1670167812
1064.57 1235416.3760888076
1068.13 1232352.6559978686
1071.69 1239602.5499901413
1075.27 1254109.0961840826
1078.86 1234285.656602091
1082.46 1220821.7808126449
1086.07 1188573.0963906555
1089.7 1191844.5439148312
1093.33 1217538.3197190925
1096.98 1185576.7735391879
1100.65 1202486.6039005232
1104.32 1186054.9323509322
1108.01 1070762.0237014482
1111.7 1141932.7107963527
1115.42 1112088.1066075985
1119.14 1151640.9448972817
1122.87 1073031.942784977
1126.62 1042883.6645083484
1130.38 1053156.727233985
1134.16 1117929.3144273355
1137.94 1098586.6935974362
1141.74 1079747.600466729
1145.55 1068492.081431083
1149.38 1078054.741445368
1153.21 1072131.7404661223
1157.06 1046383.6435252313
1160.92 1041353.1070567113
1164.8 1023775.2721972931
1168.69 942737.2372735107
1172.59 969552.2456469892
1176.5 832383.283963751
1180.43 1009456.6660360154
1184.37 890909.479438106
1188.32 997828.5742111185
1192.29 970337.3330130478
1196.27 955253.0354397756
1200.26 945887.8779446158
1204.27 920492.3875692579
1208.29 903456.043835423
1212.32 891167.8382147333
1216.37 808430.9914192751
1220.43 883401.2042544036
1224.5 874581.701572964
1228.59 778767.786178072
1232.69 483239.0163371429
1236.81 474712.45200698177
1240.94 788977.5552337137
1245.08 1097171.0498930756
1249.23 887543.9220717228
1253.4 845255.9899497752
1257.59 868575.8329668561
1261.79 855514.8549742603
1266.0 846801.678147106
1270.22 829100.7262029051
1274.46 834821.3216857456
1278.72 819892.2941795379
1282.99 819269.198288996
1287.27 807451.1382601353
1291.57 803542.7761613587
1295.88 763172.0219645124
1300.2 761848.3642245585
1304.54 767769.8089399792
1308.9 780176.0296632496
1313.27 770894.3962419925
1317.65 764060.5084521782
1322.05 717583.88224492
1326.46 742523.0224613347
1330.89 721106.1431911623
1335.33 702523.6012935857
1339.79 735135.4229946947
1344.26 696014.5004742028
1348.75 727581.1449920358
1353.25 719006.3921801286
1357.77 695389.681381478
1362.3 662505.2501197117
1366.85 604629.8053683277
1371.41 675012.5053600338
1375.99 665239.642120146
1380.58 669550.5822379247
1385.19 666997.2281367735
1389.81 570991.5927284727
1394.45 652719.848509052
1399.11 602273.8278369395
1403.78 660088.7637253114
1408.46 596677.2740075379
1413.16 642166.2645800243
1417.88 580487.3166934248
1422.61 603085.8185276842
1427.36 612277.1241321615
1432.13 579898.8366398365
1436.91 607894.456519911
1441.7 571521.0247345403
1446.52 594206.6474276658
1451.34 584322.3254812937
1456.19 574337.0040306185
1461.05 551008.7000876114
1465.93 574206.7018878302
1470.82 532501.6118050163
1475.73 569325.6538506559
1480.66 566213.6733780892
1485.6 559784.7010468168
1490.56 555354.3679002984
1495.53 546885.3544802319
1500.53 506204.98794031213
1505.53 531888.3473740583
1510.56 528775.9029084649
1515.6 513648.964536064
1520.66 514752.6523297761
1525.74 514514.288285082
1530.83 491332.5491598289
1535.94 501277.1171849037
1541.07 314665.6652634086
1546.21 335896.23924733355
1551.37 547516.7890405199
1556.55 503606.95078856393
1561.75 473244.30101866246
1566.96 457447.41036445653
1572.19 451486.7046630558
1577.44 445988.0241648593
1582.7 460436.9004239538
1587.99 461738.42790795834
1593.29 459637.29224877164
1598.61 453037.92574075266
1603.94 427110.1170399706
1609.3 436599.04559255723
1614.67 437935.53351748
1620.06 426612.22936129285
1625.47 414250.9176794502
1630.89 413150.29924990196
1636.33 434890.20658255764
1641.8 428779.14558525546
1647.28 422569.4384165897
1652.78 409993.97185430286
1658.29 403472.8796045789
1663.83 405106.18136185844
1669.38 395937.7125764393
1674.95 388303.87033303885
1680.55 398798.4127087078
1686.16 395201.8356620586
1691.78 387368.5371798622
1697.43 382232.9546861579
1703.1 379241.99623143463
1708.78 370208.3348796705
1714.49 356238.50701242505
1720.21 353221.7526958543
1725.95 359742.7715235138
1731.71 363876.29012234806
1737.49 357223.87485359935
1743.29 353840.01804731187
1749.11 351632.9765015759
1754.95 346870.9776136513
1760.81 341625.26566237694
1766.69 342781.95692525594
1772.58 335165.7018059745
1778.5 335189.2917806519
1784.44 330541.02243073203
1790.39 323029.7232967394
1796.37 324084.86645342066
1802.37 325004.49442510976
1808.38 321808.030037549
1814.42 311431.0584027822
1820.48 310023.37977472483
1826.55 307514.0828954865
1832.65 307596.09518315335
1838.77 303633.92661307583
1844.9 298598.18467916397
1851.06 290672.1543287485
1857.24 290189.7992495782
1863.44 293090.2743798535
1869.66 290549.8862890715
1875.9 285983.10925442446
1882.16 279649.4644595033
1888.45 273830.31701677886
1894.75 270187.0746868367
1901.07 271538.8478087723
1907.42 274883.8222847844
1913.79 268910.6297255311
1920.18 261215.69589724892
1926.59 260112.8950968928
1933.02 258315.94760100564
1939.47 253278.13791039566
1945.94 260071.57403647935
1952.44 245138.53608914334
1958.96 249379.1786629307
1965.49 250497.83061283285
1972.06 250005.7603045049
1978.64 246102.34933698713
1985.24 242108.97378984012
1991.87 235199.88994191942
1998.52 236106.96798282547
2005.19 233188.42604047374
2011.88 231629.72775249966
2018.6 233089.1412381186
2025.34 229868.05390079808
2032.1 226222.96309487973
2038.88 219176.94537309144
2045.69 221638.73800014227
2052.51 224631.51967828424
2059.37 220931.66030432103
2066.24 218562.77122042177
2073.14 216749.41320422193
2080.06 214837.78851681622
2087.0 211210.8688108879
2093.97 208142.57462738207
2100.96 208414.45944575546
2107.97 204303.85849184144
2115.01 204688.23622646253
2122.07 203795.07467617647
2129.15 202377.25419847135
2136.26 199385.25954745745
2143.39 197251.54445903664
2150.54 196072.3152882126
2157.72 194376.51549025322
2164.92 191442.32525349912
2172.15 190494.18328058382
2179.4 187484.6461436487
2186.68 186448.6495687319
2193.97 184495.1811318231
2201.3 182346.7949272523
2208.65 180618.7542460094
2216.02 178392.6104003551
2223.42 176381.35206870403
2230.84 174987.36632101407
2238.28 173601.07169368633
2245.76 171218.4451148982
2253.25 169550.2705839662
2260.77 167890.92171490684
2268.32 166041.88059631854
2275.89 164203.6645457701
2283.49 163164.21230000173
2291.11 161442.41561749132
2298.76 158946.479411867
2306.43 157832.25671841475
2314.13 156042.40529783748
2321.86 153777.6351384555
2329.61 151816.50449995874
2337.38 151119.19955886173
2345.18 148120.70445874298
2353.01 147245.10686994166
2360.87 146182.7427034404
2368.75 145031.16345113365
2376.65 142844.0439170944
2384.59 141141.10035033012
2392.55 140295.14606502702
2400.53 138234.4759116521
2408.55 137213.3646012863
2416.59 135732.1106197229
2424.65 134445.27064848988
2432.75 132516.9895845472
2440.87 131338.2920347173
2449.01 129798.64621999914
2457.19 129458.16512799925
2465.39 127292.60325138405
2473.62 126141.00047578159
2481.88 124360.56889232254
2490.16 123133.40227046545
2498.47 122543.64495653965
2506.81 120968.47392638329
2515.18 119581.33891629426
2523.58 117934.37312575312
2532.0 117097.62811001035
2540.45 115821.97345283815
2548.93 114200.14114764456
2557.44 113644.07899782943
2565.98 112476.23818874416
2574.54 111315.28037742607
2583.14 110073.15903381734
2591.76 109099.02795213152
2600.41 107610.66762320088
2609.09 106303.52654992195
2617.8 105605.83823043107
2626.54 104397.30649574683
2635.31 103110.18942569448
2644.1 102511.98317784572
2652.93 101576.7665860552
2661.79 100139.158569224
2670.67 99216.12462287598
2679.59 97961.68049539828
2688.53 97049.7841189296
2697.5 95725.57619934218
2706.51 94907.82766291471
2715.54 93846.10387742407
2724.61 92790.05553038597
2733.7 92152.1046318658
2742.83 90696.26690291944
2751.98 89249.44042708796
2761.17 89115.4573785005
2770.39 88087.52259614677
2779.63 87146.77212150976
2788.91 86130.29695022678
2798.22 84797.83790276972
2807.56 84275.1810830056
2816.93 83515.34125861598
2826.34 82440.75671552237
2835.77 81690.28206997726
2845.24 80706.2727435732
2854.73 79807.09416578707
2864.26 79069.96878011322
2873.82 78141.07221373855
2883.42 77490.53040873143
2893.04 76485.81898332278
2902.7 75851.24725687572
2912.39 75088.7012205735
2922.11 74230.29442215455
2931.86 73346.1141539523
2941.65 72413.23832500515
2951.47 71729.9076756013
2961.32 71065.59369949487
2971.21 70321.39042688944
2981.12 69521.24436891689
2991.08 68853.2035591228
3001.06 68076.61922878382
3011.08 67304.28872824601
3021.13 66633.29302415879
3031.21 65943.81304720498
3041.33 65235.83849239348
3051.48 64539.30303868507
3061.67 63765.66820725657
3071.89 63040.52229692884
3082.14 62429.14208464144
3092.43 61675.41692052661
3102.75 61049.44891986129
3113.11 60499.17025620151
3123.5 59742.948692410806
3133.93 59077.19061853992
3144.39 58508.36690063681
3154.89 57849.81522433716
3165.42 57166.64228787123
3175.98 56622.14556537875
3186.58 55903.93319342961
3197.22 55344.701528167796
3207.89 54893.93560617754
3218.6 54165.70024140921
3229.34 53518.48282097571
3240.12 52923.539919299146
3250.94 52456.54800103368
3261.79 51916.25498356735
3272.68 51289.490105388555
3283.6 50796.68515575884
3294.56 50333.869394835056
3305.56 49723.68751674859
3316.6 49164.47584768105
3327.67 48595.00594910218
3338.77 48069.337514071274
3349.92 47519.56169114822
3361.1 47013.2021968831
3372.32 46422.86427692493
3383.58 46008.89043882778
3394.87 45524.31479051248
3406.2 45082.07835996194
3417.57 44582.96581900943
3428.98 44145.73758111953
3440.43 43612.748034489865
3451.91 43304.66067806782
3463.43 42757.61567380697
3475.0 42304.28867145817
3486.6 41885.89471385166
3498.23 41444.17817257925
3509.91 41024.04681758141
3521.63 40555.09976034668
3533.38 40114.408936829204
3545.18 39745.93203735457
3557.01 39265.64425914819
3568.88 38769.18175303967
3580.8 38306.91146089084
3592.75 37922.58608961984
3604.74 37640.31683128624
3616.77 37110.52553765554
3628.85 36782.26408268539
3640.96 36505.34571579528
3653.12 39267.91600209933
3665.31 39063.61477627679
3677.55 38621.395847325104
3689.83 38267.114579616275
3702.14 37969.60516154066
3714.5 38406.91011842505
3726.91 38689.779398472914
3739.35 38976.478922860486
3751.83 38390.795266262816
3764.36 39548.80790461924
3776.92 38702.020753495504
3789.53 39624.74761147533
3802.19 37106.66334230835
3814.88 39066.376624683435
3827.62 37918.825730558885
3840.39 35916.87761156922
3853.21 37918.22879282565
3866.08 37669.715413127546
3878.99 36760.83974885249
3891.94 34272.69396234308
3904.93 36280.26940091758
3917.97 36061.83760109364
3931.05 34767.83834791609
3944.17 34994.65491785235
3957.34 34701.83933988431
3970.55 31371.55351978188
3983.81 34092.64784449756
3997.11 34260.819033634194
4010.45 34101.94901176349
4023.84 33703.1337818905
4037.27 33423.73417235835
4050.75 32973.49120363
4064.27 32791.79420756677
4077.84 32152.682303463385
4091.46 31897.086440282583
4105.12 29547.977172252886
4118.82 31237.00926857839
4132.57 30980.543627584444
4146.37 30817.709555166435
4160.21 30596.13547072697
4174.1 29981.948186723763
4188.04 29941.282494196537
4202.02 29536.287177289305
4216.05 29427.318036168344
4230.12 28988.83165961393
4244.25 28722.585325264845
4258.41 28489.62515786916
4272.63 28105.010406837388
4286.9 27754.132887538013
4301.21 27023.245258362353
4315.57 26922.89257256749
4329.98 26630.523778872994
4344.43 24961.45328786045
4358.93 26309.044195590446
4373.49 26308.965275158578
4388.09 25734.04322171694
4402.74 25694.43376016967
4417.44 25496.81120098225
4432.18 25493.286729842286
4446.98 25119.882771226934
4461.83 24879.864336369348
4476.72 24686.477481361457
4491.67 24559.202679158298
4506.67 24637.312630191627
4521.71 24157.06185891595
4536.81 23704.493188135748
4551.95 23452.5511198864
4567.15 23404.07382834895
4582.4 23144.410980298315
4597.7 22984.151717239227
4613.05 22961.353803046135
4628.45 22743.900702269606
4643.9 22527.64728992819
4659.4 22273.935343750825
4674.96 22262.40190071989
4690.57 22380.295605076328
4706.23 21750.930008396095
4721.94 21511.69596875748
4737.7 21183.539740363798
4753.52 21150.92756130704
4769.39 20806.77513681619
4785.31 20714.0315202078
4801.29 20565.37881448473
4817.32 20370.76775692726
4833.4 20065.453584122195
4849.54 19627.295335324456
4865.73 18280.37279346858
4881.97 19335.516635655298
4898.27 19381.478564815363
4914.62 19133.770310454263
4931.03 18942.260928569758
4947.49 18838.28837130339
4964.01 18689.427211074497
4980.58 18414.805197264708
4997.21 18263.422607041917
5013.89 17933.261586585624
5030.63 17940.713235481107
5047.43 17689.209676965584
5064.28 17768.160290081574
5081.18 17385.63042343851
5098.15 17292.432871073746
5115.17 17080.85458957676
5132.25 16809.071388179924
5149.38 16683.203555647677
5166.57 16318.323136010875
5183.82 16472.478690354954
5201.13 16127.652837119207
5218.49 16134.398201204856
5235.91 15981.826545578575
5253.39 15911.507607774975
5270.93 15525.41404589091
5288.53 15750.443110371332
5306.18 15528.343579746384
5323.9 15303.286829260958
5341.67 15311.381163303256
5359.51 15243.612744808905
5377.4 15012.87840181665
5395.35 14833.580976930305
5413.36 14738.484474169414
5431.44 14540.20812587963
5449.57 14553.800999100878
5467.76 14460.093072826712
5486.02 14186.263346820284
5504.33 14126.803187387843
5522.71 13981.955186588913
5541.15 13996.367724383748
5559.65 13856.660540721768
5578.21 13705.625044053566
5596.83 13426.729553255249
5615.52 13510.32968963806
5634.26 13361.505944085397
5653.07 13209.522925264684
5671.95 13141.738211399786
5690.88 13014.949717043666
5709.88 12817.874438408313
5728.95 12928.462815302886
5748.07 12732.71287551802
5767.26 12666.924879995326
5786.52 12508.04812020295
5805.83 12450.936409069063
5825.22 12386.303764817196
5844.66 12256.513497131264
5864.18 12062.155221979845
5883.76 11972.273743407772
5903.4 11886.681222779904
5923.11 11790.114423523513
5942.88 11724.375439008778
5962.72 11640.05770504442
5982.63 11518.534032263417
6002.6 11393.952123528947
6022.64 11273.803414302112
6042.75 11273.54028989133
6062.92 11132.067098061898
6083.16 11021.012083674394
6103.47 10895.81451322226
6123.85 10793.381591986352
6144.29 10643.891917217077
6164.81 10531.775296500324
6185.39 10511.29260115684
6206.04 10472.689754353287
6226.76 10282.376211561828
6247.55 10129.246259210595
6268.4 10135.060187212424
6289.33 10119.229611633755
6310.33 9942.8507870148
6331.39 9916.88947374096
6352.53 9834.273616475497
6373.74 9776.823316095295
6395.02 9677.403679524903
6416.37 9575.030382502666
6437.79 9543.172066093897
6459.28 9399.891920178085
6480.85 9399.86999462006
6502.48 9223.191374643877
6524.19 9223.555877780971
6545.97 9096.570513720722
6567.83 8487.010937734565
6589.76 8937.04956325848
6611.76 8927.74199985408
6633.83 8864.104333895631
6655.98 8787.253655366627
6678.2 8704.079344500282
6700.49 8671.764312651605
6722.86 8569.23875221209
6745.31 8500.668020853382
6767.83 8429.138580405488
6790.42 8377.889530321516
6813.09 8290.535055247294
6835.84 8220.13058094366
6858.66 8166.521809965099
6881.56 8119.7171516572125
6904.53 8060.0988873290235
6927.58 7965.036790352519
6950.71 7873.753499261743
6973.91 7799.138201871126
6997.2 7731.35309099271
7020.56 7638.287949376494
7044.0 7619.262362890448
7067.51 7546.136446465272
7091.11 7489.274402051219
7114.78 7397.910209832191
7138.53 7341.760476047802
7162.37 7295.321112556551
7186.28 7183.332091204666
7210.27 7150.064821829662
7234.34 7123.163310506684
7258.49 7056.041765635997
7282.73 6967.640375660182
7307.04 6922.892889445224
7331.44 6881.428415688434
7355.91 6827.932010082567
7380.47 6765.556841660434
7405.11 6691.362421004061
7429.83 6653.949239967429
7454.64 6598.584622570106
7479.52 6591.684488658389
7504.49 6488.754765375612
7529.55 6470.148663383131
7554.69 6445.637775899954
7579.91 6355.880875692244
7605.21 6349.537764806308
7630.6 6275.304819981592
7656.08 6180.907916359371
7681.64 6192.579226710942
7707.28 6084.349565110749
7733.01 6081.572561158434
7758.83 6029.417144127735
7784.73 5963.086801182215
7810.72 5943.244760248379
7836.8 5883.248780814557
7862.96 5846.4965268182095
7889.21 5755.70340394534
7915.55 5679.668559756796
7941.98 5604.074561372125
7968.49 5616.507882386421
7995.1 5566.840700544856
8021.79 5531.480177111239
8048.57 5482.307237081615
8075.44 5413.8853628070965
8102.4 5365.307514247105
8129.45 5336.377876336578
8156.59 5302.061451146544
8183.82 5237.655139780589
8211.14 5201.036464108435
8238.56 5216.517204687877
8266.06 5190.992095915691
8293.66 5138.429604691774
8321.35 5050.990521611789
8349.13 5020.702382308106
8377.0 4963.687190373349
8404.97 4955.204533894356
8433.03 4890.66424598454
8461.18 4879.714595912234
8489.43 4738.839997972467
8517.77 4781.219505289504
8546.21 4328.027661915523
8574.74 4820.340766363337
8603.37 4699.630960478617
8632.09 4780.491274474414
8660.91 4299.3025092432845
8689.83 4647.690320538751
8718.84 4676.121284929584
8747.94 4516.451488096244
8777.15 4606.582320736563
8806.45 4545.240916773714
8835.85 4522.473674183397
8865.35 4382.994543368782
8894.95 4479.770647189607
8924.65 4432.069814401946
8954.44 4409.78263427013
8984.34 4362.531912471807
9014.33 4173.198298830691
9044.42 4303.683213798445
9074.62 4244.705716339845
9104.92 4178.655758116747
9135.31 4167.219175304963
9165.81 4096.860917214077
9196.41 4046.5093961847524
9227.11 3872.0169816356643
9257.92 3953.967927868339
9288.83 3972.3175909008687
9319.84 3954.2693404137885
9350.95 3905.0009124334433
9382.17 3872.810589534919
9413.49 3804.9200761961406
9444.92 3792.258387373488
9476.45 3779.6408030508896
9508.09 3755.2246552417387
9539.83 3645.9765642135303
9571.68 3685.588551661103
9603.64 3678.011615021931
9635.7 3621.3829511499257
9667.87 3602.346933182472
9700.14 3588.041948440332
9732.53 3550.6564495514326
9765.02 3531.926463792629
9797.62 3499.4946716650343
9830.33 3499.300845527358
9863.15 3464.8318122693663
9896.08 3439.6528902563014
9929.12 3416.870485842995
9962.27 3394.2017213525855
9995.53 3362.6371398128667
10028.9 3317.776737495754
10062.4 3232.9001719567486
10096.0 3282.347009478423
10129.7 3258.092509424478
10163.5 3227.3218989768898
10197.4 3209.9700181186495
10231.5 3179.468767072041
10265.6 3164.521260517838
10299.9 3134.311583559685
10334.3 3082.48803648167
10368.8 3072.2317062160055
10403.4 3053.358098194934
10438.1 3036.737316300157
10473.0 2994.3739610264615
10508.0 2986.5427401021097
10543.0 2963.816313953899
10578.2 2926.287208494743
10613.5 2903.827732032042
10649.0 2885.6911594770154
10684.5 2833.9625414398447
10720.2 2826.6250063596626
10756.0 2813.0308808898462
10791.9 2786.984608970478
10827.9 2752.769029229534
10864.1 2727.018972422178
10900.3 2699.3746269209346
10936.7 2605.994117069134
10973.3 2584.992677241394
11009.9 2578.4441969805193
11046.6 2578.0297323146638
11083.5 2569.446766904603
11120.5 2542.6779073352495
11157.7 2538.2359184103634
11194.9 2511.7027695094903
11232.3 2505.343870226457
11269.8 2477.031337017185
11307.4 2454.8578300737945
11345.2 2440.725731612304
11383.0 2418.7765295746344
11421.0 2398.9018055486426
11459.2 2396.79867518322
11497.4 2377.0869643295478
11535.8 2369.174193699834
11574.3 2349.62321252305
11613.0 2301.0831780148096
11651.7 2297.3046151730346
11690.6 2285.809021460488
11729.7 2285.8665970090724
11768.8 2241.926930429903
11808.1 2247.811078241486
11847.5 2211.8327668740876
11887.1 2187.419566847695
11926.8 2200.9016621278492
11966.6 2157.8371617479106
12006.5 2146.916165530911
12046.6 2134.1632563510343
12086.8 2115.889678738902
12127.2 2106.9845265039353
12167.7 2099.9714613130272
12208.3 2080.0794881907123
12249.1 2067.6373413712163
12289.9 2046.1188134067388
12331.0 2033.8218917686297
12372.1 2019.7870426805175
12413.5 1998.5424189346234
12454.9 1988.2842157800762
12496.5 1978.062324714408
12538.2 1955.3239115924198
12580.1 1938.0741451459896
12622.1 1926.2744468719595
12664.2 1912.7602390369084
12706.5 1904.620910561396
12748.9 1889.457326062186
12791.5 1867.3250933642403
12834.2 1808.4890649112222
12877.0 1842.6885608160933
12920.0 1819.1311459752687
12963.1 1816.5561975396429
13006.4 1807.0468696949558
13049.8 1788.9612156401345
13093.4 1777.8459540205079
13137.1 1751.3680176308385
13181.0 1750.6588757989982
13225.0 1741.4298225770074
13269.1 1720.372582248638
13313.4 1694.3563928944802
13357.9 1703.8799492155874
13402.5 1686.4517544851367
13447.2 1679.171650627953
13492.1 1662.570966257995
13537.2 1654.3711803909935
13582.3 1632.9658746475732
13627.7 1619.5962508159207
13673.2 1612.230983548015
13718.8 1598.995255581181
13764.6 1592.5299157878271
13810.6 1582.6612851865368
13856.7 1562.2864453284556
13903.0 1557.4075459120606
13949.4 1549.1607620690488
13995.9 1528.5720811411034
14042.7 1526.3634988240062
14089.6 1502.9077890474719
14136.6 1481.9860074512192
14183.8 1475.9432986590984
14231.1 1456.4839304918685
14278.7 1449.42122156743
14326.3 1446.3339925503433
14374.2 1442.9238520905883
14422.1 1412.5313983712515
14470.3 1420.2725606070858
14518.6 1404.6934070511525
14567.1 1388.7348600424355
14615.7 1383.8089900512186
14664.5 1374.1379121452649
14713.5 1362.5233536891421
14762.6 1357.076652690413
14811.9 1351.0398513252626
14861.3 1337.6112938157446
14910.9 1338.144200820962
14960.7 1325.865015966802
15010.7 1311.2501704828726
15060.8 1294.3321027501484
15111.0 1300.0139952015375
15161.5 1292.1202516571334
15212.1 1279.090772637499
15262.9 1273.0635462096648
15313.9 1270.7349534968353
15365.0 1256.2525005021369
15416.3 1248.5673854442718
15467.7 1244.7094207966984
15519.4 1241.5783304426125
15571.2 1206.6527919044568
15623.2 1219.0636880894442
15675.3 1204.9585958558469
15727.7 1188.3477195639668
15780.2 1182.1115219278377
15832.9 1183.7222146960269
15885.7 1124.5184855379448
15938.8 1173.1737318149003
15992.0 1156.0381976313581
16045.4 1155.9790923417513
16098.9 1115.9191057738658
16152.7 1137.289569971208
16206.6 1114.059739155297
16260.7 1125.0287092019587
16315.0 1115.488895570725
16369.5 1097.7471893323227
16424.1 1044.3412144449026
16478.9 1078.3007546150666
16534.0 1065.1761201818297
16589.2 1058.6462402604182
16644.5 1038.3572790596875
16700.1 1031.9345374668853
16755.9 1019.0930737836153
16811.8 982.3610450907262
16867.9 991.2391140709913
16924.2 989.5379040210752
16980.7 977.3627027650497
17037.4 966.9746970408141
17094.3 952.0350287998883
17151.4 948.8655382542491
17208.6 933.8067918617509
17266.1 925.4815552893117
17323.7 902.0018218350734
17381.6 878.6625420023325
17439.6 889.0364926629596
17497.8 879.9037733579843
17556.2 871.9757709941944
17614.9 858.2066187059917
17673.7 854.5871094533952
17732.7 839.0481993558858
17791.9 829.2970733492498
17851.3 819.4753285200877
17910.9 812.9776881408601
17970.7 799.874647925267
18030.7 788.0983664295837
18090.9 780.3737501735274
18151.2 759.9212041666354
18211.8 758.5050966030809
18272.6 758.938159008942
18333.7 749.7780186665801
18394.9 734.4330634913864
18456.3 724.3051564447826
18517.9 721.1663140741736
18579.7 712.8303392141017
18641.7 705.5081947960012
18704.0 695.4550551906796
18766.4 665.1913699906427
18829.1 681.1498763651741
18891.9 670.1865358793344
18955.0 661.1857076207141
19018.3 658.3931675475314
19081.8 652.8987540333343
19145.5 643.6712402254452
19209.4 637.1938237963586
19273.5 628.0662735806552
19337.9 619.4553005520185
19402.4 610.434221620411
19467.2 586.0830212729686
19532.2 595.1974962210277
19597.4 592.642913146996
19662.8 586.2064920241207
19728.5 576.038226596014
19794.4 567.7514593060453
19860.4 561.8973091688815
19926.7 555.0567728073981
19993.3 527.7600296910013
20060.0 489.4194026377194
20127.0 485.21757802147005
20194.2 479.36666171570806
20261.6 473.10544278514243
20329.2 466.88114825234305
20397.1 462.23653879206324
20465.2 457.0682554853231
20533.5 450.94310573815113
20602.1 444.52427060549957
20670.9 438.90616870202973
20739.9 433.7553516395521
20809.1 429.5000652428877
20878.6 424.404265731042
20948.3 419.1233404861456
21018.2 415.0517135434449
21088.4 408.6526533797493
21158.8 403.56903267026405
21229.4 398.8335076423501
21300.3 394.8636647951165
21371.4 389.02038503959614
21442.8 385.7302348772473
21514.4 381.2026903386125
21586.2 376.59739925044573
21658.3 364.53348325614115
21730.6 367.67178729029075
21803.1 361.3897430637155
21875.9 357.61432256891857
21948.9 355.1941106884629
22022.2 350.33169197917533
22095.7 344.37765162626516
22169.5 342.52041965874207
22243.5 337.2313127456046
22317.8 334.4946416939088
22392.3 328.85758623114015
22467.0 325.8603174324196
22542.1 320.6800614488688
22617.3 316.03049807891904
22692.8 313.49095992808657
22768.6 310.46978809107327
22844.6 306.08631851626944
22920.9 287.0933768437049
22997.4 282.41847463096263
23074.2 285.8689538406905
23151.2 284.8209230102361
23228.5 262.55111312448895
23306.0 266.9908150951595
23383.8 269.56839203183387
23461.9 269.0548682442228
23540.2 244.34687029441218
23618.8 252.8747380857754
23697.7 254.97778194951843
23776.8 253.46674699249343
23856.2 230.63539555323337
23935.8 239.93219981949161
24015.7 241.571220420923
24095.9 240.86061197876168
24176.4 220.6900424212067
24257.1 230.3503747857667
24338.0 229.86218514112383
24419.3 228.08278619311582
24500.8 212.4386775308404
24582.6 219.33287323143816
24664.7 219.33298944764866
24747.0 217.05705468350098
24829.7 204.54725120060792
24912.5 209.47015040422744
24995.7 209.6735734989679
25079.2 207.62898387364422
25162.9 199.51253922689205
25246.9 199.29458202368528
25331.2 200.94204746388456
25415.8 198.23590713818297
25500.6 192.45629426359318
25585.7 191.9921480096597
25671.2 189.77417443818936
25756.9 191.4152555882509
25842.9 185.0287819937508
25929.1 184.84778182689413
26015.7 183.88632910521673
26102.6 181.11797384917583
26189.7 177.67894939453828
26277.1 174.86045153897373
26364.9 175.90051726136474
26452.9 174.80472749855224
26541.2 171.08477706900825
26629.8 168.31754182609666
26718.7 167.16770059571024
26807.9 167.0313583491441
26897.4 165.1363983443561
26987.2 162.91851405487833
27077.3 161.37869652832484
27167.7 159.93019278140181
27258.4 158.24178350891174
27349.4 155.82202196482547
27440.7 154.72928803240492
27532.3 152.17030274273216
27624.2 150.0341435363939
27716.5 149.04716022514933
27809.0 147.74184606485366
27901.8 145.7981306842
27995.0 144.1869125163937
28088.5 142.50471499553868
28182.2 140.83268014590536
28276.3 139.5678408860105
28370.7 137.75446804866561
28465.4 136.18895289861754
28560.5 134.3166368007284
28655.8 132.8486344975718
28751.5 129.97912390764748
28847.5 129.62461367352492
28943.8 128.33774977259003
29040.4 126.59297768939373
29137.4 125.24437891835467
29234.6 123.67286152543268
29332.2 121.95659326523729
29430.2 120.40306407127167
29528.4 119.24024454652144
29627.0 117.62761826735635
29725.9 116.17598725619735
29825.2 115.03437228974695
29924.7 113.52341816866692
30024.6 110.97125810501004
30124.9 109.77974217410065
30225.4 109.11679274237662
30326.3 108.30833751093041
30427.6 106.83794341694632
30529.2 105.30253057574186
30631.1 103.8497829888148
30733.4 102.62509012062712
30836.0 101.3345291153715
30938.9 100.12432235167356
31042.2 98.84834167341575
31145.8 97.652166548912
31249.8 96.39064710773883
31354.2 95.2080837971313
31458.8 94.03277168857717
31563.9 92.86377839877862
31669.2 91.77305185865413
31775.0 90.61727744851885
31881.0 89.46861290208223
31987.5 88.39656012042717
32094.3 87.26066073591764
32201.4 86.20140561521058
32308.9 85.07843968015747
32416.8 84.03133309589842
32525.0 82.92119218163619
32633.6 81.88639606505558
32742.5 80.78896698887364
32851.9 79.69760070613243
32961.5 78.68130174775642
33071.6 77.67056466816102
33182.0 76.73368776194076
33292.8 75.80211361477204
33403.9 74.87604707806712
33515.4 73.95523758714533
33627.3 73.03966570808167
33739.6 72.12931189173966
33852.2 71.2243668754085
33965.2 70.32459379532193
34078.6 69.49603375521049
34192.4 68.60632528770955
34306.6 67.72172985969594
34421.1 66.90782515253994
34536.0 66.09855174633832
34651.3 65.22892254976593
34767.0 64.42259845573457
34883.1 63.60153250420572
34999.5 62.811104765808274
35116.4 62.01221228887635
35233.6 61.23087888761142
35351.2 60.479515317570744
35469.3 59.73229213473251
35587.7 58.989531128295155
35706.5 58.269958215710744
35825.7 57.54823110036912
35945.3 56.824395307427764
36065.3 56.10473808219182
36185.7 55.38924171889069
36306.5 54.67168775803848
36427.7 53.970660554754815
36549.3 53.26754014993533
36671.4 52.56836605402633
36793.8 51.910120992530835
36916.6 51.24348906056041
37039.9 50.592750496476604
37163.5 49.97015767466243
37287.6 49.351030647458956
37412.1 48.74150748527059
37537.0 48.15350700866021
37662.3 47.57487883560201
37788.1 46.99350852687699
37914.2 46.40969119135413
38040.8 45.82322405886228
38167.8 45.23427505902541
38295.2 44.631129928619956
38423.1 44.02555243838927
38551.3 43.42949491042043
38680.0 42.85429547465338
38809.2 42.28236631466494
38938.7 41.725474270631864
39068.7 41.235132658433045
39199.2 40.74178053153036
39330.0 40.25711939288673
39461.3 39.775167265977174
39593.1 39.295915458591914
39725.3 38.813785835792736
39857.9 38.32317332820852
39991.0 37.829711878736695
40124.5 37.33915202150098
40258.4 36.87384763421761
40392.8 36.405604061031376
40527.7 35.94557761795262
40663.0 35.510399948461306
40798.7 35.07776473714765
40935.0 34.64749010037008
41071.6 34.21982134457467
41208.7 33.79457787828824
41346.3 33.37175100287571
41484.3 32.951411390993314
41622.8 32.528059535949986
41761.8 32.107131333862384
41901.2 31.69943893271092
42041.1 31.29407803021611
42181.5 30.875028592393477
42322.3 30.410597664572034
42463.6 29.938290774341606
42605.4 29.447634946387872
42747.6 28.87570082760861
42890.3 28.296731407065764
43033.5 27.721279687654132
43177.2 27.175400692193957
43321.3 26.627700597712934
43465.9 26.093690765028736
43611.1 25.583519005715004
43756.7 25.081648848936062
43902.7 24.582883573592138
44049.3 24.122871974942736
44196.4 23.67073817091381
44343.9 23.226471435749524
44492.0 22.830382464873395
44640.5 22.441763706638337
44789.5 22.060502016250663
44939.1 21.711536602141553
45089.1 21.369690239312117
45239.6 21.029878376940488
45390.7 20.7168451341717
45542.2 20.405709848049895
45694.2 20.106271431282856
45846.8 19.833111318280316
45999.9 19.57133907512407
46153.4 19.311136181877508
46307.5 19.086442332946707
46462.1 18.86788135277618
46617.2 18.65057000567848
46772.9 18.44890294404436
46929.0 18.24841852488376
47085.7 18.053814631378025
47242.9 17.855547395089076
47400.6 17.658408975292115
47558.9 17.462357643196313
47717.6 17.272180234366672
47876.9 17.083049532986074
48036.8 16.894962212724973
48197.2 16.71262051833429
48358.1 16.53131753464871
48519.5 16.351048533029612
48681.5 16.15790215070364
48844.0 15.965873552547473
49007.1 15.77492530779781
49170.7 15.585085351701872
49334.8 15.396348430602263
49499.6 15.213195884347636
49664.8 15.035670688923748
49830.6 14.859143664047117
49997.0 14.683611234675528
50163.9 14.513586537851056
50331.4 14.344518462672228
50499.4 14.176431588854031
50668.0 14.00485031997674
50837.2 13.834243873521505
51006.9 13.669049000684646
51177.2 13.513589267922294
51348.0 13.359030651468485
51519.4 13.20534305719583
51691.4 13.056878368583835
51864.0 12.909249072627137
52037.2 12.766778218183948
52210.9 12.62081984597471
52385.2 12.47998405062401
52560.1 12.33565826339121
52735.6 12.196420055564287
52911.6 12.053736815426777
53088.3 11.911842577066036
53265.5 11.775005770650846
53443.3 11.63894571385282
53621.8 11.503637793988606
53800.8 11.373306509306078
53980.4 11.243714619196052
54160.6 11.114859074940577
54341.4 10.98673681941214
54522.9 10.855195849651258
54704.9 10.728545003740557
54887.5 10.606719773189365
55070.8 10.48556914965346
55254.6 10.369202884360192
55439.1 10.253478751668075
55624.2 10.142460228114073
55809.9 10.028036466435088
55996.2 9.918285789877826
56183.1 9.805151209431122
56370.7 9.692646482694423
56558.9 9.580786458885434
56747.7 9.46956827178702
56937.2 9.358972615167609
57127.3 9.252954330825755
57318.0 9.147543534359949
57509.3 9.038822876819511
57701.3 8.934616357498662
57894.0 8.830994251355905
58087.3 8.727969513939536
58281.2 8.621676624957841
58475.8 8.515986713853009
58671.0 8.41474899423884
58866.9 8.314083816203132
59063.4 8.21400296899788
59260.6 8.118288905441371
59458.4 8.023128776766422
59656.9 7.928506654069825
59856.1 7.834420504541186
60055.9 7.740881174248613
60256.4 7.6516094631420914
60457.6 7.55911860552792
60659.4 7.4671674556005225
60861.9 7.37574124545806
61065.1 7.288524555748896
61269.0 7.201804103079531
61473.5 7.115589487078135
61678.8 7.029855397255063
61884.7 6.944622819833231
62091.3 6.8598781884233615
62298.6 6.775619505144087
62506.6 6.691844765920516
62715.3 6.608551960810285
62924.6 6.525749445052066
63134.7 6.446980099122503
63345.5 6.3686628947283666
63557.0 6.290795920700507
63769.1 6.216917338609714
63982.0 6.139933174822342
64195.7 6.06338407908052
64410.0 5.990782369989193
64625.0 5.915114481778728
64840.8 5.839876348208173
65057.2 5.768544626028652
65274.4 5.697616041971213
65492.3 5.627097776312947
65711.0 5.556979544082347
65930.4 5.487268239640132
66150.5 5.417962027079832
66371.3 5.352450989954202
66592.9 5.283930231528017
66815.2 5.215809346386701
67038.3 5.151436983901735
67262.1 5.087438710285624
67486.7 5.0204694910356755
67712.0 4.9572180960225705
67938.0 4.89433579197332
68164.8 4.8318137565471675
68392.4 4.772942283954324
68620.7 4.711132518005801
68849.8 4.652948457180007
69079.7 4.591838181178481
69310.3 4.534335640059074
69541.7 4.4771629543427585
69773.9 4.420318808764439
70006.8 4.363808116349847
70240.5 4.304418040260014
70475.0 4.251762483963721
70710.3 4.196224886136455
70946.4 4.141008988123512
71183.3 4.089276077049893
71420.9 4.03469468018881
71659.3 3.9835724181614487
71898.6 3.9327399516154196
72138.6 3.8822070623172076
72379.4 3.831966942059977
72621.1 3.782013130985286
72863.5 3.7323548757204263
73106.8 3.6829805871343706
73350.9 3.6338942110863637
73595.7 3.5881583133262245
73841.5 3.53962891437095
74088.0 3.4913885403976654
74335.3 3.4464595699899014
74583.5 3.401787499449052
74832.5 3.360384272192895
75082.3 3.316221905042372
75333.0 3.2753017406007894
75584.5 3.2346187923237664
75836.8 3.194171987638088
76090.0 3.1509974252096233
76344.0 3.111025518284563
76598.9 3.071282619615075
76854.6 3.0317717916084335
77111.2 2.989568574051987
77368.7 2.95052079602157
77627.0 2.9117020675134997
77886.1 2.8734003512533004
78146.1 2.8358961360701893
78407.0 2.798034279360694
78668.8 2.7621089956843146
78931.4 2.7263943953552894
79195.0 2.690598401114211
79459.4 2.656146467901655
79724.6 2.621896741117917
79990.8 2.5878417668316143
80257.8 2.5545482522065734
80525.8 2.5220033513226925
80794.6 2.4890924267415313
81064.4 2.4574803116032826
81335.0 2.4260540599035463
81606.5 2.3945339443967564
81879.0 2.364018851745397
82152.3 2.333683473143282
82426.6 2.303521314956049
82701.8 2.273806711186052
82977.9 2.2445361757063
83254.9 2.2148950219481045
83532.9 2.186232809454996
83811.7 2.1580087547946416
84091.5 2.1296788074937183
84372.3 2.102045502668763
84654.0 2.074573464801206
84936.6 2.047261962613796
85220.2 2.0206362338568824
85504.7 1.9944294308790096
85790.1 1.9681133804631041
86076.5 1.9424723649588538
86363.9 1.9172398877616297
86652.2 1.891895332649022
86941.5 1.8674742142977874
87231.8 1.8434520287341936
87523.0 1.8193132700974248
87815.2 1.795826886867696
88108.4 1.772987188178618
88402.5 1.7500265138090774
88697.7 1.727450497839964
88993.8 1.7052599818939687
89290.9 1.6831977898205883
89589.0 1.6615146714961622
89888.1 1.6402075791724489
90188.2 1.618774243980804
90489.3 1.597962995435855
90791.4 1.5772724123077506
91094.5 1.5567019754947016
91398.6 1.536497477398659
91703.8 1.5166542846425008
92009.9 1.4966834157961915
92317.1 1.477071249739169
92625.3 1.45781649008088
92934.5 1.4384317189947586
93244.8 1.4196416387559834
93556.1 1.4014424928396452
93868.4 1.3831094885187507
94181.8 1.3653601933507062
94496.2 1.348190846219078
94811.7 1.330645034194422
95128.3 1.3136737329785246
95445.8 1.2968027944369547
95764.5 1.2800276860594522
96084.2 1.2635850134067093
96405.0 1.247237165590016
96726.8 1.230985029508244
97049.8 1.2150576217048714
97373.8 1.1992235652467995
97698.9 1.1834812062400313
98025.0 1.1682906776979873
98352.3 1.1531868125337819
98680.6 1.1379434699852298
99010.1 1.1232423627933754
99340.6 1.1086276199720182
99672.3 1.0940966268940933
100005.0 1.0798763474238575
100339.0 1.0655121976928887
100674.0 1.0514565359840027
101010.0 1.0374838352935372
101347.0 1.0238158181446886
101686.0 1.0102185280178129
102025.0 0.9969322556009967
102366.0 0.9837147638411592
102707.0 0.9705850395108074
103050.0 0.9577420903432482
103394.0 0.9451929491640694
103740.0 0.9324920430181705
104086.0 0.9203081541981237
104433.0 0.9079807332343607
104782.0 0.8959327165832384
105132.0 0.8841704193142774
105483.0 0.8724779076976609
105835.0 0.8608548188406112
106188.0 0.849512797919564
106543.0 0.8382302001911832
106899.0 0.8270148032484477
107255.0 0.8160837565158288
107613.0 0.805419268832924
107973.0 0.7946022767688854
108333.0 0.7842727951828339
108695.0 0.7737903785119296
109058.0 0.7635769799861475
109422.0 0.7534244610252449
109787.0 0.7435375507522954
110154.0 0.7334984673767392
110521.0 0.7239334470799041
110890.0 0.71421583745023
111261.0 0.7047523619611251
111632.0 0.6955534568279734
112005.0 0.686202239381466
112379.0 0.6771074023650743
112754.0 0.6682666365540123
113130.0 0.6594786520431142
113508.0 0.6507374235583742
113887.0 0.6420485836038385
114267.0 0.63360885669248
114649.0 0.6252141703326578
115031.0 0.6168752388595956
115415.0 0.608776020510421
115801.0 0.6007201424267694
116187.0 0.5927177913115445
116575.0 0.5847584029600387
116964.0 0.5770393646778619
117355.0 0.5693617969008253
117747.0 0.5619216431804983
118140.0 0.5545261703390206
118534.0 0.5471751211308963
118930.0 0.5398637000959171
119327.0 0.5327850068789799
119725.0 0.525748867649101
120125.0 0.5187507166928552
120526.0 0.5117947704741701
120929.0 0.5050627706238641
121332.0 0.49837549097828027
121737.0 0.4917244087991337
122144.0 0.4852938028535696
122552.0 0.4789020020686131
122961.0 0.4725487761101402
123371.0 0.46623389581867075
123783.0 0.4601352890297886
124196.0 0.4538922218408049
124611.0 0.4478640160553219
125027.0 0.4420523570489706
125444.0 0.436096302459191
125863.0 0.43035174519741864
126283.0 0.42464194583494724
126705.0 0.41914106471827806
127128.0 0.413496363863361
127552.0 0.4080624020358453
127978.0 0.4026581542431584
128406.0 0.3972835772704212
128834.0 0.3921194513979486
129264.0 0.38680937585606273
129696.0 0.38170220777106245
130129.0 0.3766260550491691
130563.0 0.37175315299950046
130999.0 0.3667350841875998
131437.0 0.3619160836832234
131875.0 0.3571290941319605
132316.0 0.3523658082637984
132757.0 0.34763416832116717
133201.0 0.3430951486892477
133645.0 0.33858628843054184
134091.0 0.3341023046590975
134539.0 0.3296431499474973
134988.0 0.32521118445735636
135439.0 0.32097008692795825
135891.0 0.3167548096587844
136345.0 0.3125628961476254
136800.0 0.3083965519821207
137257.0 0.3042533972552236
137715.0 0.30029903352669773
138175.0 0.29636659494986894
138636.0 0.2924581429950886
139099.0 0.2885714488769585
139563.0 0.2847085031305218
140029.0 0.2808671466444378
140497.0 0.277207564230594
140966.0 0.27357034054976065
141436.0 0.2699553303272813
141909.0 0.26635863528318254
142382.0 0.262785837034407
142858.0 0.259388841661143
143335.0 0.25585555946739713
143813.0 0.2525005021079735
144293.0 0.2491642200456614
144775.0 0.24584666480016057
145258.0 0.24254945675858045
145743.0 0.2394252876803369
146230.0 0.23616465701832706
146718.0 0.2330775263317891
147208.0 0.23000773885186196
147699.0 0.22695678327857577
148192.0 0.22392302314578266
148687.0 0.22105781929650964
149183.0 0.2180592607086437
149682.0 0.21522666734823087
150181.0 0.21226299421747993
150683.0 0.2094641868445389
151186.0 0.206682598904766
151690.0 0.2040665261315782
152197.0 0.20131589111887482
152705.0 0.19858222070226705
153215.0 0.19601105611867525
153726.0 0.1934556933381859
154240.0 0.1909135494358733
154754.0 0.18824281890425706
155271.0 0.18587616339661217
155789.0 0.18337953076044206
156310.0 0.18089597382458988
156831.0 0.1785724648734473
157355.0 0.17611791293222812
157880.0 0.17382114745057461
158407.0 0.17153744045113342
158936.0 0.16926674824828022
159467.0 0.16700902675559606
159999.0 0.1647652612808868
160533.0 0.1626745792384707
161069.0 0.16045599587093348
161607.0 0.158389475630042
162147.0 0.15619589975880016
162688.0 0.15415431837258417
163231.0 0.1521244061275602
163776.0 0.15010612132312787
164323.0 0.14809942196177892
164871.0 0.14624169880328888
165422.0 0.1442575734340405
165974.0 0.1422857646487682
166528.0 0.14046053102292885
167084.0 0.13864574177394567
167642.0 0.1367070680841719
168202.0 0.13491349755733217
168763.0 0.13315772087686636
169327.0 0.13138465960369133
169892.0 0.12964910995761103
170459.0 0.12793677179285898
171028.0 0.12623431120728443
171599.0 0.12456792810629723
172172.0 0.12291117030101038
172747.0 0.12129006382079684
173324.0 0.1196783324677299
173902.0 0.11810250866726671
174483.0 0.1165351216328995
175065.0 0.11499034104708357
175650.0 0.11346667660038967
176236.0 0.11196526643946465
176825.0 0.11048466511810448
177415.0 0.10901328029079926
178007.0 0.10757573499866886
178602.0 0.10614593675896096
179198.0 0.10473761200491147
179796.0 0.10334999586756428
180396.0 0.10198292855644991
180999.0 0.10063569502953258
181603.0 0.0993092581694558
182209.0 0.09799053975404616
182817.0 0.09669182060015531
183428.0 0.09541242415110276
184040.0 0.09414101123515735
184655.0 0.09290090060968187
185271.0 0.09166852824480493
185890.0 0.09045497473087302
186510.0 0.08926106841947887
187133.0 0.0880736614552859
187758.0 0.08690519908192097
188385.0 0.08575552995860022
189013.0 0.08462495127422329
189644.0 0.08350053953269618
190278.0 0.08239411800102367
190913.0 0.08130641136420892
191550.0 0.08022507878126679
192190.0 0.07916139252949878
192831.0 0.07811603674644309
193475.0 0.0770880485612025
194121.0 0.0760660974799426
194769.0 0.07505015491391967
195419.0 0.07406323264261445
196072.0 0.07308173577637259
196726.0 0.07210638824813587
197383.0 0.07115923405608991
198042.0 0.07021765512812239
198703.0 0.06928162442476475
199367.0 0.0683620641389033
200032.0 0.0674595261068415
200700.0 0.0665731911965271
201370.0 0.06569208432280012
202042.0 0.0648161796409733
202717.0 0.06395624134077103
203394.0 0.06311245880728496
204073.0 0.0622736644113663
204754.0 0.06145082806738269
205438.0 0.06063256156503176
206123.0 0.05983035749237784
206812.0 0.059043211389677996
207502.0 0.05826101189599509
208195.0 0.057483168889567275
208890.0 0.05673149852705593
209587.0 0.05597353769915922
210287.0 0.05523051936689828
210989.0 0.0545025848190023
211693.0 0.05377897006819316
212400.0 0.05307000195306891
213109.0 0.052365246512431
213821.0 0.05167496871270719
214535.0 0.05098879740472123
215251.0 0.050317169626344395
215969.0 0.049649535383590446
216690.0 0.0489856474007893
217414.0 0.048335850613169834
218140.0 0.04770025019282415
218868.0 0.04706843635850658
219599.0 0.04644017723561844
220332.0 0.045825888634114936
221067.0 0.045225448258742085
221805.0 0.044628383696935864
222546.0 0.04403468551033216
223289.0 0.043454620958409004
224034.0 0.04287802117884783
224782.0 0.042304678908372556
225533.0 0.0417445665773873
226286.0 0.04119775680037768
227041.0 0.040644300345956695
227799.0 0.04011374992074158
228560.0 0.03957634922833123
229323.0 0.03905199174516312
230088.0 0.038540561386256486
230857.0 0.03802210984111221
231627.0 0.03752637757589083
232401.0 0.03702360593988755
233176.0 0.03653367023714718
233955.0 0.03605598683641956
234736.0 0.03557158019006783
235520.0 0.03509949794749181
236306.0 0.03463978200979688
237095.0 0.0341826816196919
237886.0 0.033728329828718984
238681.0 0.03327643189298032
239477.0 0.03283679799554241
240277.0 0.03240890708817269
241079.0 0.03197425242909978
241884.0 0.031551396108057184
242691.0 0.031131088466600173
243502.0 0.030722307610657428
244315.0 0.030315992487456544
245130.0 0.02991212850869167
245949.0 0.02951961455429587
246770.0 0.02912946994648231
247594.0 0.028741564486103724
248420.0 0.02835600409005431
249250.0 0.027981582413827484
250082.0 0.027618427392447253
250917.0 0.02724838269130112
251754.0 0.02688952144658951
252595.0 0.026532618320933465
253438.0 0.026177877300514057
254284.0 0.025834037028344126
255133.0 0.025492177319841946
255985.0 0.025152290488001293
256840.0 0.024823134040317208
257697.0 0.024495971677043704
258557.0 0.02417069767828058
259421.0 0.02384721262329284
260287.0 0.023534343529287266
261156.0 0.023223282645116094
262027.0 0.022914110113569523
262902.0 0.022606642243073946
263780.0 0.022309495220127578
264661.0 0.02201407022319828
265544.0 0.02172044192118258
266431.0 0.021436887905729504
267320.0 0.02115505736085713
268213.0 0.020874783794212957
269108.0 0.020596217272954166
270006.0 0.020319271756861185
270908.0 0.020052176399339466
271812.0 0.019786708158585527
272720.0 0.019522713523066306
273630.0 0.01926855757020839
274544.0 0.019007609424883866
275460.0 0.018756429600924978
276380.0 0.018514792444144133
277303.0 0.01826644252546144
278228.0 0.018027702278274632
279157.0 0.017782224788936953
280089.0 0.01754622553276649
281024.0 0.0173196177657605
281963.0 0.017086286146930058
282904.0 0.01686234199800952
283848.0 0.016639706816193634
284796.0 0.016418316971168752
285747.0 0.016198226052693537
286701.0 0.015987280342772955
287658.0 0.015777569277502023
288618.0 0.015569087114809217
289582.0 0.015361775063976126
290549.0 0.015155682202487922
291519.0 0.014958525282541704
292492.0 0.014754827802181271
293468.0 0.014560003533966963
294448.0 0.014366275677528217
295431.0 0.0141813094299641
296418.0 0.013989786213368743
297407.0 0.013807011049844933
298400.0 0.013625264815040642
299396.0 0.013444589461165226
300396.0 0.013264935591092823
301399.0 0.013086343608733987
302405.0 0.012916252789312327
303415.0 0.012747121837005992
304427.0 0.012579030505173172
305444.0 0.012411849854708334
306464.0 0.012245658917343348
307487.0 0.012080452708140153
308513.0 0.01192352338866548
309543.0 0.011767482322478031
310577.0 0.011605078057840716
311614.0 0.011458090455582041
312654.0 0.011304768877305922
313698.0 0.011152321716761563
314745.0 0.01100793368968662
315796.0 0.010857236629025947
316850.0 0.010714543063770314
317908.0 0.010572662660302259
318969.0 0.010431625368819907
320034.0 0.010298429058909826
321103.0 0.010158978635188377
322175.0 0.01002734802472856
323250.0 0.009889534172073224
324329.0 0.009759454918600249
325412.0 0.009630119932475537
326498.0 0.009501555662327977
327589.0 0.00938057296101845
328682.0 0.009253487714262125
329779.0 0.009133960755498128
330880.0 0.009008313518978019
331985.0 0.008890173870047624
333093.0 0.008772739046861008
334206.0 0.008655953401268643
335321.0 0.008539892095969837
336441.0 0.008431166280320469
337564.0 0.008316418840888283
338691.0 0.008208982425308643
339822.0 0.008102163260809501
340956.0 0.007989379622893042
342094.0 0.007883832442859907
343237.0 0.007778871836988187
344382.0 0.007681100497799522
345532.0 0.0075773520502812825
346686.0 0.007474205666344731
347843.0 0.007378152167970235
349004.0 0.007282652071277552
350170.0 0.007181253563951075
351339.0 0.007086875295397406
352512.0 0.006993043636331556
353689.0 0.00689975633183783
354869.0 0.0068133742256679345
356054.0 0.006721147401825103
357243.0 0.006629458200525457
358435.0 0.006544603391877133
359632.0 0.006453961370757777
360833.0 0.006370089256042339
362037.0 0.00628672151565362
363246.0 0.006203821041938119
364459.0 0.006121403392527055
365676.0 0.006040697755000162
366896.0 0.00596047878820663
368121.0 0.005881323219511817
369350.0 0.005803848914810385
370583.0 0.005726826671705182
371821.0 0.005650844751822668
373062.0 0.005575925745977931
374307.0 0.005502046184058033
375557.0 0.005429183632785515
376811.0 0.005357345089000792
378069.0 0.005286522643423696
379331.0 0.0052167084272396885
380597.0 0.005147303104201985
381868.0 0.005079470568547049
383143.0 0.005012035753204119
384422.0 0.004945582428428849
385705.0 0.00488010289782267
386993.0 0.00481557706289142
388285.0 0.004752010164147506
389581.0 0.004688816751516345
390882.0 0.004626559159415353
392187.0 0.004565242096296725
393496.0 0.004504858074495505
394810.0 0.004445388389186372
396128.0 0.004386268950913996
397451.0 0.004328620022150917
398777.0 0.004271321480075705
400109.0 0.004214339530718865
401445.0 0.004158815870457711
402785.0 0.004103619794519154
404130.0 0.004049296728643078
405479.0 0.003995849849558881
406832.0 0.0039427186537736554
408191.0 0.0038904340265866477
409553.0 0.003839017959415376
410921.0 0.0037878874258518314
412293.0 0.0037381520129804104
413669.0 0.003688710845765585
415050.0 0.0036395536581767876
416436.0 0.003591219997759982
417826.0 0.003543711885664617
419221.0 0.00349701412830908
420621.0 0.0034505851049472518
422025.0 0.003404965301021984
423434.0 0.003359608356673267
424847.0 0.003315580858564683
426266.0 0.0032712710630123988
427689.0 0.0032282778683966943
429117.0 0.003185532699863636
430549.0 0.003143041878806022
431987.0 0.003101310841252984
433429.0 0.003060347879524166
434876.0 0.0030201395385347427
436328.0 0.0029801637365591714
437785.0 0.0029404195295200737
439246.0 0.0029014251030359504
440712.0 0.0028631675653872394
442184.0 0.002825125371668249
443660.0 0.002787817916436446
445141.0 0.002750726974748751
446627.0 0.0027143556970776568
448118.0 0.0026786981414770213
449614.0 0.0026427469772170534
451116.0 0.002607997671219362
452622.0 0.0025734562515412843
454133.0 0.0025396116990222535
455649.0 0.0025059641169826482
457170.0 0.0024725126499244936
458696.0 0.0024397472369163077
460228.0 0.0024076568900518293
461764.0 0.0023757588980626116
463306.0 0.002344042055175617
464853.0 0.002312995056968618
466404.0 0.0022826171306646174
467962.0 0.002252406881763835
469524.0 0.0022223781919506456
471091.0 0.0021930032485921623
472664.0 0.0021637956107671114
474242.0 0.0021352339310823374
475825.0 0.0021068395551328196
477414.0 0.00207907891031563
479008.0 0.00205148103258772
480607.0 0.002024513584316831
482212.0 0.0019977001276984805
483821.0 0.001971048275576547
485437.0 0.0019450088223380776
487057.0 0.0019191264013060862
488683.0 0.0018938530167494588
490315.0 0.0018687243913145899
491952.0 0.0018442013697724145
493594.0 0.0018198225760384945
495242.0 0.001795583688241325
496895.0 0.0017719408234305122
498554.0 0.0017484336982252645
500219.0 0.0017250618079511022
501889.0 0.0017022765934890283
503564.0 0.0016796258309723043
505246.0 0.0016575478734269804
506932.0 0.0016356035203286415
508625.0 0.0016137824422255882
510323.0 0.0015925316941983192
512026.0 0.0015714065474795188
513736.0 0.0015504003339869646
515451.0 0.001529955416274553
517172.0 0.001509628581143492
518898.0 0.0014898560835689828
520631.0 0.001470194920272542
522369.0 0.0014506503276822509
524113.0 0.001431218974735764
525863.0 0.0014123285079611038
527618.0 0.0013935501477550312
529380.0 0.0013753033807966048
531147.0 0.0013571649008541878
532920.0 0.0013391316285031368
534700.0 0.0013212006533192154
536485.0 0.0013037961497326213
538276.0 0.00128649273876009
540073.0 0.00126970683537221
541876.0 0.0012526029345449816
543685.0 0.001236012915586499
545500.0 0.0012199322134801528
547321.0 0.0012035336424229524
549148.0 0.001187640812945418
550982.0 0.0011718384948875425
552821.0 0.0011565378019730327
554667.0 0.001140918289112768
556519.0 0.0011261993166331175
558377.0 0.001111162859730526
560241.0 0.001096214398378837
562111.0 0.0010817540371709368
563988.0 0.0010673763207980076
565871.0 0.001053480661549875
567760.0 0.0010392696707375013
569655.0 0.0010255373292178361
571557.0 0.0010122775374719888
573465.0 0.0009987026784590868
575380.0 0.0009855971300911249
577301.0 0.0009725684208430653
579228.0 0.0009596161910860896
581162.0 0.0009467384521694546
583102.0 0.0009343226120655119
585049.0 0.0009219780824196665
587002.0 0.0009097061450258481
588962.0 0.0008975049289145689
590928.0 0.0008857566328485535
592901.0 0.0008740759302623505
594880.0 0.0008624640107601965
596866.0 0.0008509191146983972
598859.0 0.0008398169053111827
600858.0 0.0008287800709683914
602864.0 0.0008178069343435698
604877.0 0.0008068972426630175
606896.0 0.000796052053785911
608922.0 0.0007856394697683097
610955.0 0.0007752870623631252
612995.0 0.0007649945874956039
615042.0 0.0007547618002309959
617095.0 0.0007449544775198389
619155.0 0.0007348402795437485
621222.0 0.0007251473860364611
623296.0 0.0007155107454817219
625377.0 0.0007062901065674569
627465.0 0.000696764065154661
629560.0 0.0006876511635131371
631661.0 0.0006785922652504932
633770.0 0.0006695849775461966
635886.0 0.0006606301657506443
638009.0 0.0006517276024908354
640139.0 0.0006432287432702351
642276.0 0.0006347793363584418
644420.0 0.0006263791651246767
646572.0 0.0006180270567552164
648731.0 0.0006097237818001965
650896.0 0.000601815917494256
653069.0 0.0005936084885119808
655250.0 0.0005857919217494831
657437.0 0.0005780219419787244
659632.0 0.0005706378592952023
661834.0 0.0005629566434255884
664044.0 0.0005553196804537784
666261.0 0.0005480655221019917
668485.0 0.0005408538168472612
670717.0 0.0005336835724889748
672956.0 0.0005265554146527172
675203.0 0.0005198017970130592
677457.0 0.0005127553685068645
679719.0 0.0005060809258062957
681988.0 0.0004994456323772622
684265.0 0.0004925195777478761
686549.0 0.0004862903335156754
688841.0 0.0004797700039783173
691141.0 0.00047328744270127627
693448.0 0.00046716781900474986
695763.0 0.00046075990945017254
698086.0 0.0004547117836426793
700417.0 0.0004486986516791946
702755.0 0.00044272100067646537
705101.0 0.0004370973184539814
707455.0 0.00043118783478302334
709817.0 0.0004256299147037267
712187.0 0.00041978803668482877
714565.0 0.0004142953293140435
716950.0 0.0004088350672991434
719344.0 0.0004034059657256503
721745.0 0.0003980090205235694
724155.0 0.00039264298392832327
726573.0 0.0003876181274656155
728998.0 0.0003823141150399672
731432.0 0.0003773484219125848
733874.0 0.000372411608309908
736324.0 0.0003675035478095039
738782.0 0.00036262411379506384
741249.0 0.00035777269681065954
743723.0 0.0003529501433176926
746206.0 0.00034845706323823766
748698.0 0.0003436889600763086
751197.0 0.00033924902378909945
753705.0 0.00033483453183326135
756221.0 0.0003301481266929217
758746.0 0.00032578564948999535
761279.0 0.0003214487333816171
763821.0 0.00031743158198549204
766371.0 0.0003131440520007002
768929.0 0.0003088817461272974
771496.0 0.0003049359559241177
774072.0 0.00030072200279007786
776656.0 0.0002968228150267784
779249.0 0.0002929461036345944
781851.0 0.00028909177886179136
784461.0 0.00028520271784099045
787080.0 0.0002814506435969702
789707.0 0.00027772064307945277
792344.0 0.0002740403307471885
794989.0 0.0002704100313160536
797643.0 0.00026682902196276874
800306.0 0.00026329693312825614
802978.0 0.0002598133968576953
805659.0 0.000256350103703744
808349.0 0.0002529626681743117
811047.0 0.00024962299858255005
813755.0 0.0002463024477966049
816472.0 0.0002430563913035557
819198.0 0.00023982923229068817
821933.0 0.000236648278590713
824677.0 0.00023351317463551986
827430.0 0.00023042356657367459
830192.0 0.00022737910228040907
832964.0 0.00022435213487101383
835745.0 0.00022139673811909927
838535.0 0.00021845859997256416
841334.0 0.00021556440126727842
844143.0 0.00021271354550446732
846961.0 0.00020990595024908293
849789.0 0.00020711453856786746
852626.0 0.0002043658911648816
855472.0 0.00020165966933436745
858329.0 0.00019899507250533826
861194.0 0.00019637247258018727
864069.0 0.00019376502190682587
866954.0 0.00019119862748883943
869848.0 0.00018867318623147063
872752.0 0.00018616236055395494
875666.0 0.0001836918002051708
878589.0 0.00018126139521198166
881523.0 0.00017887041474414308
884466.0 0.0001764935014744521
887418.0 0.00017415595644089605
890381.0 0.00017185707292697653
893354.0 0.00016957154089724952
896336.0 0.00016732460691393792
899329.0 0.00016511558728570335
902331.0 0.00016291959728006368
905344.0 0.00016076108406057015
908366.0 0.00015864010240510028
911399.0 0.00015653129708820162
914441.0 0.00015445957981721206
917494.0 0.0001524243103928041
920557.0 0.00015040090711540902
923631.0 0.0001484135310340456
926714.0 0.0001464379175382843
929808.0 0.00014449790834645805
932912.0 0.00014259337068576262
936027.0 0.00014069981111932548
939152.0 0.00013884130597724797
942287.0 0.0001369936741987313
945433.0 0.0001351805352546593
948589.0 0.0001334017496663987
951756.0 0.0001316332396551014
954934.0 0.00012987496410020157
958122.0 0.00012817400866827895
961321.0 0.00012645946929206042
964530.0 0.0001248016906303407
967750.0 0.00012313024358448914
970981.0 0.00012151487725549924
974223.0 0.00011990887182498714
977475.0 0.000118312309408923
980738.0 0.00011674798066576638
984013.0 0.00011519262193169984
987298.0 0.00011366923312590118
990594.0 0.00011217742908573747
993901.0 0.00011069429435001885
997219.0 0.00010921979175065771
1000550.0 0.00010777616889708963
1003890.0 0.00010634117290755651
1007240.0 0.00010493700306730633
1010600.0 0.00010354111801787092
1013980.0 0.0001021746714800784
1017360.0 0.00010081730449976356
1020760.0 9.94890327241975e-05
1024170.0 9.816862159721944e-05
1027590.0 9.687793958491177e-05
1031020.0 9.559489311060378e-05
1034460.0 9.431944343109443e-05
1037910.0 9.307324221534429e-05
1041380.0 9.183353454428362e-05
1044850.0 9.062360740669663e-05
1048340.0 8.941998415976484e-05
1051840.0 8.824491254218474e-05
1055350.0 8.707680998976201e-05
1058880.0 8.59148289107539e-05
1062410.0 8.478175965070513e-05
1065960.0 8.365462541182805e-05
1069520.0 8.255525128715837e-05
1073090.0 8.146241248105101e-05
1076670.0 8.037607443500835e-05
1080270.0 7.931630845413894e-05
1083870.0 7.826358235357093e-05
1087490.0 7.721640610706964e-05
1091120.0 7.61961127725202e-05
1094760.0 7.520246289459805e-05
1098420.0 7.419355198327164e-05
1102090.0 7.321110533586473e-05
1105770.0 7.223452688148626e-05
1109460.0 7.128407614428805e-05
1113160.0 7.03392948438163e-05
1116880.0 6.94196873404539e-05
1120610.0 6.848548444695917e-05
1124350.0 6.757690192072797e-05
1128100.0 6.66937091057503e-05
1131870.0 6.581520564183461e-05
1135650.0 6.494196308497315e-05
1139440.0 6.407395206862685e-05
1143240.0 6.32308352855616e-05
1147060.0 6.239221690116881e-05
1150890.0 6.155863071661406e-05
1154730.0 6.074954431892828e-05
1158580.0 5.994530383516731e-05
1162450.0 5.914537306834723e-05
1166330.0 5.8369552655264945e-05
1170230.0 5.759789252841757e-05
1174130.0 5.6831358706995834e-05
1178050.0 5.608805843803131e-05
1181990.0 5.532970555422441e-05
1185930.0 5.4595374695231156e-05
1189890.0 5.3883921518590865e-05
1193860.0 5.315788569851896e-05
1197850.0 5.245458119420165e-05
1201850.0 5.177424750682522e-05
1205860.0 5.1079334275553117e-05
1209890.0 5.040680170273489e-05
1213930.0 4.973832477550218e-05
1217980.0 4.907387960174123e-05
1222050.0 4.843146825342258e-05
1226130.0 4.779293197365804e-05
1230220.0 4.7158247778956286e-05
1234330.0 4.652701585831494e-05
1238450.0 4.591778110163752e-05
1242580.0 4.5312221769424984e-05
1246730.0 4.470995728600515e-05
1250890.0 4.4111336382983566e-05
1255070.0 4.353392775558515e-05
1259260.0 4.29600113148152e-05
1263460.0 4.238956594461727e-05
1267680.0 4.182224072989877e-05
1271910.0 4.127605560749806e-05
1276160.0 4.071521206418067e-05
1280420.0 4.017536026231985e-05
1284690.0 3.9656303984227473e-05
1288980.0 3.91226139464941e-05
1293290.0 3.860927502970686e-05
1297600.0 3.809934624043403e-05
1301940.0 3.759192747746042e-05
1306280.0 3.70878804225912e-05
1310640.0 3.660379008423585e-05
1315020.0 3.61223604459121e-05
1319410.0 3.564385705062398e-05
1323820.0 3.516799597282428e-05
1328230.0 3.469529481063121e-05
1332670.0 3.424184459998947e-05
1337120.0 3.379115311999765e-05
1341580.0 3.33432029968802e-05
1346060.0 3.289773256266275e-05
1350560.0 3.247140603098267e-05
1355060.0 3.203129731963694e-05
1359590.0 3.160996328441174e-05
1364130.0 3.119119894567195e-05
1368680.0 3.07749879107356e-05
1373250.0 3.0377486480054293e-05
1377840.0 2.9965847663473757e-05
1382440.0 2.957301322278698e-05
1387050.0 2.9182573991405207e-05
1391680.0 2.8794307678379765e-05
1396330.0 2.8408209352313934e-05
1400990.0 2.804054307250466e-05
1405670.0 2.7658905215461134e-05
1410360.0 2.729556905219168e-05
1415070.0 2.693426066744461e-05
1419790.0 2.657516232464846e-05
1424530.0 2.623387911122073e-05
1429290.0 2.5878746289793576e-05
1434060.0 2.55414915540031e-05
1438850.0 2.5206122577981245e-05
1443650.0 2.4872806819328058e-05
1448470.0 2.4541361338596984e-05
1453310.0 2.4211781210830592e-05
1458160.0 2.3884225218704967e-05
1463030.0 2.3573906589382514e-05
1467910.0 2.3265488531328054e-05
1472810.0 2.295880254926245e-05
1477730.0 2.2653843865345285e-05
1482660.0 2.23507583719087e-05
1487610.0 2.2049385336379577e-05
1492580.0 2.1764802859459403e-05
1497560.0 2.146693298734567e-05
1502560.0 2.1185738670169368e-05
1507580.0 2.0906132230442154e-05
1512610.0 2.0628245324102236e-05
1517660.0 2.035193224530566e-05
1522730.0 2.0091972603346434e-05
1527810.0 1.9818873272209254e-05
1532910.0 1.9562015203043333e-05
1538030.0 1.9306609543234064e-05
1543160.0 1.9052775231773395e-05
1548320.0 1.880025871754325e-05
1553480.0 1.8549419708287007e-05
1558670.0 1.8299889315450246e-05
1563870.0 1.805189972964247e-05
1569100.0 1.781956089493464e-05
1574330.0 1.758876574179995e-05
1579590.0 1.7344917048836122e-05
1584860.0 1.7116783874422363e-05
1590150.0 1.688995042056598e-05
1595460.0 1.666441228943939e-05
1600790.0 1.64542284875079e-05
1606130.0 1.6231321867198636e-05
1611500.0 1.6009594514805904e-05
1616880.0 1.5803165819243557e-05
1622270.0 1.5598010158005342e-05
1627690.0 1.539392951252151e-05
1633120.0 1.5177325425126207e-05
1638580.0 1.4989361219259207e-05
1644050.0 1.4788862075887328e-05
1649540.0 1.4589515795355897e-05
1655040.0 1.4391405086451187e-05
1660570.0 1.4207907455061708e-05
1666110.0 1.4012031661691378e-05
1671670.0 1.3830755998631469e-05
1677260.0 1.3650438029049704e-05
1682860.0 1.34712379502606e-05
1688470.0 1.3289147879203269e-05
1694110.0 1.3112018303398237e-05
1699770.0 1.2938560899518286e-05
1705440.0 1.276750003183618e-05
1711130.0 1.2598741247205921e-05
1716850.0 1.2432195141267165e-05
1722580.0 1.2266683896386578e-05
1728330.0 1.2104735199888456e-05
1734100.0 1.194372275520953e-05
1739890.0 1.1786230621146764e-05
1745700.0 1.1629649974821124e-05
1751530.0 1.1476547732837005e-05
1757370.0 1.1324396877121359e-05
1763240.0 1.117434058398959e-05
1769130.0 1.1026427964365048e-05
1775030.0 1.087943568158311e-05
1780960.0 1.07357646746678e-05
1786910.0 1.0594188545605846e-05
1792870.0 1.0453493813305327e-05
1798860.0 1.0314810888011956e-05
1804860.0 1.0178239440662398e-05
1810890.0 1.0043649819511382e-05
1816930.0 9.911138056145409e-06
1823000.0 9.779343453126491e-06
1829090.0 9.649548914303392e-06
1835190.0 9.521790656113576e-06
1841320.0 9.39594846449245e-06
1847470.0 9.2720595847303e-06
1853630.0 9.148943432812446e-06
1859820.0 9.02770771990992e-06
1866030.0 8.908387319516773e-06
1872260.0 8.78976456690465e-06
1878510.0 8.67423316887346e-06
1884780.0 8.55937716449032e-06
1891080.0 8.445148821898411e-06
1897390.0 8.33400813748138e-06
1903720.0 8.223517831317603e-06
1910080.0 8.114811051690183e-06
1916460.0 8.006742233800244e-06
1922850.0 7.900520275154866e-06
1929270.0 7.796047656725359e-06
1935710.0 7.693351574469221e-06
1942180.0 7.5912192946797416e-06
1948660.0 7.490882075468614e-06
1955170.0 7.3910965494684545e-06
1961690.0 7.293083758382868e-06
1968240.0 7.1967544492827215e-06
1974810.0 7.100992235470936e-06
1981410.0 7.0080314016973075e-06
1988020.0 6.9145206088608165e-06
1994660.0 6.822655632505882e-06
2001320.0 6.732457862289474e-06
2008000.0 6.643913404330894e-06
2014700.0 6.555891032330226e-06
2021430.0 6.468356168541565e-06
2028180.0 6.383559289879011e-06
2034950.0 6.2981567554005585e-06
2041740.0 6.215464957384626e-06
2048560.0 6.1332315161765365e-06
2055400.0 6.051484911679832e-06
2062260.0 5.971314326065157e-06
2069150.0 5.892677929870632e-06
2076050.0 5.814535485712051e-06
2082990.0 5.737881369353416e-06
2089940.0 5.6617092509767965e-06
2096920.0 5.585962149449391e-06
2103920.0 5.512805331330543e-06
2110940.0 5.439015686398575e-06
2117990.0 5.367765040076691e-06
2125060.0 5.295877913800818e-06
2132150.0 5.2265302561281674e-06
2139270.0 5.15651759235136e-06
2146410.0 5.089019720280787e-06
2153580.0 5.0208541052154965e-06
2160770.0 4.9551787898965e-06
2167980.0 4.888855571482693e-06
2175220.0 4.823940471215658e-06
2182480.0 4.760443964503078e-06
2189770.0 4.697304144042358e-06
2197080.0 4.635565800638516e-06
2204420.0 4.574174668635792e-06
2211780.0 4.513150194323735e-06
2219160.0 4.45350484529501e-06
2226570.0 4.3941956858164785e-06
2234000.0 4.3362488924656225e-06
2241460.0 4.278629002243185e-06
2248940.0 4.222354870687568e-06
2256450.0 4.166398441091178e-06
2263980.0 4.1107769335048365e-06
2271540.0 4.056461705868553e-06
2279130.0 4.0034419040148265e-06
2286740.0 3.949755025988824e-06
2294370.0 3.897371536185681e-06
2302030.0 3.846263131559225e-06
2309710.0 3.7954608595919934e-06
2317430.0 3.744930672025978e-06
2325160.0 3.695688354545231e-06
2332930.0 3.6467098376872056e-06
2340710.0 3.5980411194965784e-06
2348530.0 3.550592982808116e-06
2356370.0 3.5034300415519853e-06
2364240.0 3.456536035304944e-06
2372130.0 3.4108734880142117e-06
2380050.0 3.3664171593257394e-06
2387990.0 3.3212851523946994e-06
2395970.0 3.2773371803474556e-06
2403970.0 3.2336540792635382e-06
2411990.0 3.191167663121956e-06
2420040.0 3.1489238139121197e-06
2428120.0 3.1069216848698763e-06
2436230.0 3.0660844986839855e-06
2444360.0 3.0254935422734495e-06
2452520.0 2.985135188195884e-06
2460710.0 2.9459234816102245e-06
2468930.0 2.9069366037562924e-06
2477170.0 2.8681853113799003e-06
2485440.0 2.830562591889628e-06
2493740.0 2.793155809740136e-06
2502060.0 2.755975176285371e-06
2510420.0 2.718997669781066e-06
2518800.0 2.6831381104824833e-06
2527210.0 2.6474849399910457e-06
2535640.0 2.612935519088888e-06
2544110.0 2.5785745207755655e-06
2552600.0 2.544421620496004e-06
2561120.0 2.5104657465897255e-06
2569670.0 2.476706128543219e-06
2578250.0 2.4440151667517553e-06
2586860.0 2.4115130969676646e-06
2595500.0 2.3800665375773905e-06
2604160.0 2.348810605547455e-06
2612860.0 2.317726382126407e-06
2621580.0 2.2868310267331714e-06
2630330.0 2.256114788381493e-06
2639110.0 2.226429971278241e-06
2647920.0 2.1969171242623443e-06
2656760.0 2.1675755363124154e-06
2665630.0 2.1392490457964093e-06
2674530.0 2.111086765165915e-06
2683460.0 2.0830880050875006e-06
2692420.0 2.0552520744256155e-06
2701410.0 2.028411645856871e-06
2710430.0 2.00089652059899e-06
2719480.0 1.974369978943149e-06
2728560.0 1.9488230591454074e-06
2737670.0 1.9226021983186387e-06
2746810.0 1.8973541439693555e-06
2755980.0 1.8722531774983647e-06
2765180.0 1.8472986525460985e-06
2774410.0 1.8233013598888352e-06
2783670.0 1.7986350759302146e-06
2792960.0 1.774919347092841e-06
2802290.0 1.7513358637036792e-06
2811640.0 1.7278966067277266e-06
2821030.0 1.7053865840129279e-06
2830450.0 1.6830080781699147e-06
2839900.0 1.6607604896700867e-06
2849380.0 1.6386432186553303e-06
2858890.0 1.616655665006408e-06
2868440.0 1.5955765070228062e-06
2878010.0 1.5746262999360067e-06
2887620.0 1.5537934351310615e-06
2897260.0 1.5330828993005407e-06
2906930.0 1.5124941166460195e-06
2916640.0 1.4927932641986757e-06
2926380.0 1.472438749501689e-06
2936150.0 1.4529711804088232e-06
2945950.0 1.434382327216776e-06
2955780.0 1.415140721046517e-06
2965650.0 1.3960078445013693e-06
2975550.0 1.3777446016878836e-06
2985490.0 1.3595842675940222e-06
2995450.0 1.3415355023673148e-06
3005450.0 1.3235887491301033e-06
3015490.0 1.3064902730555392e-06
3025560.0 1.288748409882185e-06
3035660.0 1.271853299258258e-06
3045790.0 1.2550578778738856e-06
3055960.0 1.2383575967200754e-06
3066160.0 1.2217561473295136e-06
3076400.0 1.2059808991143298e-06
3086670.0 1.189569401801457e-06
3096970.0 1.1739823100636966e-06
3107310.0 1.1584836415219045e-06
3117690.0 1.143073112938391e-06
3128100.0 1.1277540432902895e-06
3138540.0 1.1132432577160402e-06
3149020.0 1.0980998226151514e-06
3159530.0 1.083759095393084e-06
3170080.0 1.0694999640144906e-06
3180660.0 1.05532547244245e-06
3191280.0 1.0412319158565059e-06
3201930.0 1.0272222252486145e-06
3212620.0 1.013993560664606e-06
3223350.0 1.0008402208988648e-06
3234110.0 9.870688991067412e-07
3244910.0 9.740706923958237e-07
3255740.0 9.611498656631558e-07
3266610.0 9.483031022393836e-07
3277520.0 9.362170152720674e-07
3288460.0 9.235180981573553e-07
3299440.0 9.115746672631871e-07
3310450.0 8.990222638393209e-07
3321500.0 8.872201861855166e-07
3332590.0 8.754858663992592e-07
3343720.0 8.638190514133422e-07
3354880.0 8.528930678880968e-07
3366080.0 8.413607194970801e-07
3377320.0 8.298950309041029e-07
3388600.0 8.191601082386951e-07
3399910.0 8.084892834758095e-07
3411260.0 7.978798616308452e-07
3422650.0 7.87331603813254e-07
3434080.0 7.768442700216741e-07
3445540.0 7.664198435660674e-07
3457040.0 7.560557832148962e-07
3468580.0 7.464008913521112e-07
3480160.0 7.361546770064316e-07
3491780.0 7.26612839197081e-07
3503440.0 7.171261099298018e-07
3515140.0 7.076942646646634e-07
3526870.0 6.983190580923668e-07
3538650.0 6.889962712715603e-07
3550460.0 6.797296052500204e-07
3562310.0 6.705168537204421e-07
3574210.0 6.619858021811904e-07
3586140.0 6.528781344105119e-07
3598110.0 6.444493841967248e-07
3610120.0 6.360694809616417e-07
3622180.0 6.277364834012682e-07
3634270.0 6.191439505940473e-07
3646400.0 6.109103955031243e-07
3658580.0 6.028462680556429e-07
3670790.0 5.948921237104446e-07
3683050.0 5.869827502225364e-07
3695340.0 5.792430006447089e-07
3707680.0 5.715468545823061e-07
3720060.0 5.639562210783318e-07
3732480.0 5.565306097165558e-07
3744940.0 5.491483870302439e-07
3757440.0 5.418692719210049e-07
3769980.0 5.346924704747263e-07
3782570.0 5.2761579793246e-07
3795200.0 5.206399093386618e-07
3807870.0 5.137049003928164e-07
3820580.0 5.06928431436786e-07
3833340.0 5.001903755207512e-07
3846130.0 4.936102456240259e-07
3858980.0 4.87066160981698e-07
3871860.0 4.806199346050733e-07
3884780.0 4.7421157082121653e-07
3897750.0 4.6795520609914657e-07
3910770.0 4.6173443670966373e-07
3923820.0 4.5560884233241667e-07
3936920.0 4.495753326412889e-07
3950070.0 4.436332205847317e-07
3963250.0 4.3778403050015713e-07
3976490.0 4.3196709714455816e-07
3989760.0 4.2624199239067236e-07
4003080.0 4.206058303077835e-07
4016450.0 4.150579364881883e-07
4029850.0 4.095438070467847e-07
4043310.0 4.041159096974052e-07
4056810.0 3.9877559290215057e-07
4070350.0 3.9346683387033847e-07
4083940.0 3.882987736916181e-07
4097570.0 3.8310631282065556e-07
4111250.0 3.780532020680272e-07
4124980.0 3.7302908614825286e-07
4138750.0 3.6808914255489993e-07
4152570.0 3.632318019708258e-07
4166430.0 3.5840324428128926e-07
4180340.0 3.5365632949076404e-07
4194300.0 3.4899041507941196e-07
4208300.0 3.443521839012747e-07
4222350.0 3.3979400552950827e-07
4236450.0 3.3531524488072153e-07
4250590.0 3.3086308467820854e-07
4264780.0 3.2648940747738176e-07
4279020.0 3.221409741811046e-07
4293300.0 3.1792329905730525e-07
4307640.0 3.1367695586293166e-07
4322020.0 3.095601031108893e-07
4336450.0 3.0541511728478927e-07
4350930.0 3.0139764745357426e-07
4365450.0 2.97404104300985e-07
4380030.0 2.934844177318235e-07
4394650.0 2.895881040071683e-07
4409320.0 2.8571438869310596e-07
4424040.0 2.8196495235412116e-07
4438810.0 2.78237249910036e-07
4453630.0 2.7453119067673045e-07
4468500.0 2.708970644255736e-07
4483420.0 2.673342770093752e-07
4498380.0 2.63792777860712e-07
4513400.0 2.602712961219407e-07
4528470.0 2.568200531199483e-07
4543590.0 2.5343846389728086e-07
4558760.0 2.5007656345278104e-07
4573980.0 2.4678348502279904e-07
4589250.0 2.4350959639225673e-07
4604570.0 2.4025481329673484e-07
4619940.0 2.3706778059281225e-07
4635370.0 2.3394742276750203e-07
4650840.0 2.3084578439069817e-07
4666370.0 2.278100272522543e-07
4681950.0 2.2479200885583338e-07
4697580.0 2.2179164907378613e-07
4713260.0 2.188566321486894e-07
4729000.0 2.1598594447406552e-07
4744780.0 2.1308505907606915e-07
4760620.0 2.1029533425715636e-07
4776520.0 2.0747437371727274e-07
4792460.0 2.047643734758367e-07
4808460.0 2.0202300047756677e-07
4824520.0 1.993439949749076e-07
4840620.0 1.9672764864582433e-07
4856780.0 1.9412625042508807e-07
4873000.0 1.9153974768954818e-07
4889270.0 1.8901451886158987e-07
4905590.0 1.8650413972175478e-07
4921970.0 1.8405390425226254e-07
4938400.0 1.816180842879018e-07
4954890.0 1.7919624851050987e-07
4971430.0 1.768339850523359e-07
4988030.0 1.74485289149269e-07
5004680.0 1.721504542471691e-07
5021390.0 1.698739074399409e-07
5038150.0 1.676554828636693e-07
5054970.0 1.6540526960747897e-07
5071850.0 1.6321243858108357e-07
5088780.0 1.6107681285472116e-07
5105770.0 1.5895348220155375e-07
5122820.0 1.5684239889779577e-07
5139920.0 1.5474381605608363e-07
5157080.0 1.5270102816244716e-07
5174290.0 1.5067033382531714e-07
5191570.0 1.4869446257945792e-07
5208900.0 1.4673029249520478e-07
5226290.0 1.447774865273278e-07
5243740.0 1.428359986474432e-07
5261250.0 1.4094857214992789e-07
5278810.0 1.3911499695796983e-07
5296430.0 1.3724951953824837e-07
5314120.0 1.3543699326245125e-07
5331860.0 1.3363524107980143e-07
5349660.0 1.3188604220890131e-07
5367520.0 1.3010504784913025e-07
5385440.0 1.2841804210655261e-07
5403420.0 1.266991551169137e-07
5421460.0 1.2503181117134185e-07
5439560.0 1.233741657862276e-07
5457720.0 1.2172617713904003e-07
5475940.0 1.2012891520689766e-07
5494220.0 1.185409525612074e-07
5512560.0 1.1696224854216817e-07
5530970.0 1.1539255379551728e-07
5549430.0 1.138728157487883e-07
5567960.0 1.1236174227817804e-07
5586550.0 1.1089980029915395e-07
5605200.0 1.0940622029466292e-07
5623910.0 1.0796142520447144e-07
5642690.0 1.0652489001659019e-07
5661530.0 1.0513653564767403e-07
5680430.0 1.0375629480216089e-07
5699390.0 1.0234463030413308e-07
5718420.0 1.0101982850479051e-07
5737510.0 9.966353465807063e-08
5756660.0 9.835431864055163e-08
5775880.0 9.70526079410599e-08
5795170.0 9.57583750543815e-08
5814510.0 9.451063524954287e-08
5833930.0 9.323130016543062e-08
5853400.0 9.199812935644755e-08
5872940.0 9.07720531413482e-08
5892550.0 8.959124986101047e-08
5912220.0 8.841738246564658e-08
5931960.0 8.72123190921659e-08
5951770.0 8.608988790664636e-08
5971630.0 8.49364930075521e-08
5991570.0 8.382719946906479e-08
6011570.0 8.26869904393382e-08
6031640.0 8.159072074918072e-08
6051780.0 8.053799128114257e-08
6071990.0 7.945425283302e-08
6092260.0 7.841388559177934e-08
6112600.0 7.737953221398066e-08
6133000.0 7.635129277465883e-08
6153480.0 7.532889171050969e-08
6174020.0 7.434901486069368e-08
6194630.0 7.3338464881038e-08
6215320.0 7.236990708015957e-08
6236070.0 7.140708924705627e-08
6256880.0 7.048596255641013e-08
6277770.0 6.953419535398466e-08
6298730.0 6.8623720643121e-08
6319760.0 6.771853524271597e-08
6340860.0 6.681861650384457e-08
6362030.0 6.592394172986124e-08
6383270.0 6.50697563402956e-08
6404580.0 6.41853838836239e-08
6425960.0 6.334122130608804e-08
6447410.0 6.250197878136477e-08
6468940.0 6.166753928239381e-08
6490540.0 6.087266487961966e-08
6512200.0 6.004793999853446e-08
6533950.0 5.92623221176737e-08
6555760.0 5.848138192110327e-08
6577650.0 5.770491879096789e-08
6599610.0 5.693300268163238e-08
6621640.0 5.6165612834591704e-08
6643750.0 5.5436530499189786e-08
6665930.0 5.471171020966893e-08
6688180.0 5.399113232178032e-08
6710510.0 5.327469779582044e-08
6732910.0 5.256246901262266e-08
6755390.0 5.185434951553108e-08
6777940.0 5.1183613501933946e-08
6800570.0 5.0483627436118505e-08
6823280.0 4.9820694645217416e-08
6846060.0 4.9161657432799856e-08
6868910.0 4.8506497189505815e-08
6891840.0 4.788779149358827e-08
6914850.0 4.7240085331243056e-08
6937940.0 4.6628586780795024e-08
6961100.0 4.598834156893648e-08
6984340.0 4.538405601856821e-08
7007660.0 4.478326732888435e-08
7031050.0 4.4186024057165384e-08
7054530.0 4.362409741768255e-08
7078080.0 4.3033666936961297e-08
7101710.0 4.247837447347166e-08
7125420.0 4.18946995544405e-08
7149210.0 4.134592348078078e-08
7173070.0 4.080038938932202e-08
7197020.0 4.025796907966013e-08
7221050.0 3.9718706854893246e-08
7245160.0 3.9213661787315474e-08
7269340.0 3.868062483579224e-08
7293610.0 3.8181517663307695e-08
7317960.0 3.765454560466428e-08
7342390.0 3.716132543403016e-08
7366910.0 3.667092851060057e-08
7391500.0 3.6183442556245434e-08
7416180.0 3.569875614601424e-08
7440940.0 3.524716141334777e-08
7465780.0 3.476803481317366e-08
7490700.0 3.42917196854707e-08
7515710.0 3.384811235931714e-08
7540800.0 3.340709320392154e-08
7565980.0 3.29686068855878e-08
7591240.0 3.253268665149668e-08
7616580.0 3.209932070672083e-08
7642010.0 3.166845581208135e-08
7667520.0 3.124012299838434e-08
7693120.0 3.084353369975879e-08
7718810.0 3.042005411046216e-08
7744570.0 3.002818180377901e-08
7770430.0 2.963852631525015e-08
7796370.0 2.9222279846633407e-08
7822400.0 2.8837242280069253e-08
7848520.0 2.8465906001638716e-08
7874720.0 2.8088171169877885e-08
7901010.0 2.7715475185691817e-08
7927390.0 2.734778061103438e-08
7953850.0 2.6987914496456237e-08
7980410.0 2.6630101072146547e-08
8007050.0 2.6277210545189863e-08
8033780.0 2.592917220955998e-08
8060600.0 2.558594945174526e-08
8087510.0 2.5247505821559394e-08
8114510.0 2.4911030667668384e-08
8141600.0 2.4582045833449125e-08
8168780.0 2.42577317385558e-08
8196060.0 2.3935276631082534e-08
8223420.0 2.3617468829001028e-08
8250870.0 2.3304243100397865e-08
8278420.0 2.2995536302934462e-08
8306060.0 2.2691341939651352e-08
8333790.0 2.239162496784118e-08
8361610.0 2.209635051974352e-08
8389520.0 2.1802800481796346e-08
8417530.0 2.1513616054335463e-08
8445640.0 2.1228764073868117e-08
8473830.0 2.0948260951536613e-08
8502120.0 2.0669374836522597e-08
8530510.0 2.039737759050246e-08
8558990.0 2.01269731398236e-08
8587560.0 1.9860775677566535e-08
8616230.0 1.9596116134465742e-08
8645000.0 1.9338196634264654e-08
8673860.0 1.9081790124024143e-08
8702810.0 1.8829476328482536e-08
8731870.0 1.8578601569582927e-08
8761020.0 1.8334342088801618e-08
8790270.0 1.8091496821630213e-08
8819620.0 1.7850059957879146e-08
8849060.0 1.7615133707249626e-08
8878600.0 1.7381569657517936e-08
8908250.0 1.7151870037119064e-08
8937990.0 1.6923523986387665e-08
8967830.0 1.6699016670831524e-08
8997770.0 1.6478317383800203e-08
9027800.0 1.6261413584799357e-08
9057940.0 1.6045753153064304e-08
9088180.0 1.583134896862551e-08
9118530.0 1.562311623281651e-08
9148970.0 1.5416113404587147e-08
9179510.0 1.5212770253212848e-08
9210160.0 1.5010596371721453e-08
9240910.0 1.481203956212549e-08
9271760.0 1.4614642175930793e-08
9302710.0 1.4420819050721558e-08
9333770.0 1.4230525614058485e-08
9364930.0 1.4041344519406266e-08
9396200.0 1.3855651925105774e-08
9427570.0 1.3673434122090554e-08
9459040.0 1.3492282307096237e-08
9490620.0 1.3312177575525516e-08
9522300.0 1.3137857942711111e-08
9554090.0 1.2962188760495159e-08
9585990.0 1.279223497833464e-08
9617990.0 1.2620936653709362e-08
9650100.0 1.245529825705224e-08
9682320.0 1.2290618869728487e-08
9714650.0 1.2126894543716885e-08
9747080.0 1.1966443271487644e-08
9779620.0 1.1806923345302202e-08
9812270.0 1.1650625197724857e-08
9845030.0 1.1497522013720416e-08
9877900.0 1.1345308030309695e-08
9910870.0 1.1193990763117096e-08
9943960.0 1.1045807595311666e-08
9977160.0 1.0900743615984837e-08
10010500.0 1.0756491429583253e-08
10043900.0 1.0613133517461053e-08
10077400.0 1.0472855958419213e-08
10111100.0 1.0333303551020215e-08
10144800.0 1.0196897430528947e-08
10178700.0 1.0061196869122737e-08
10212700.0 9.928504382720731e-09
10246800.0 9.796596873861537e-09
10281000.0 9.667660111265404e-09
10315300.0 9.539485847309807e-09
10349700.0 9.414245411630571e-09
10384300.0 9.289655837442193e-09
10419000.0 9.165805786423751e-09
10453700.0 9.044931505965346e-09
10488600.0 8.92468684848987e-09
10523700.0 8.807211635964023e-09
10558800.0 8.690517455365983e-09
10594000.0 8.574515605252225e-09
10629400.0 8.46124085607171e-09
10664900.0 8.34863981743994e-09
10700500.0 8.238812825724463e-09
10736200.0 8.129638465594347e-09
10772100.0 8.021038826873446e-09
10808000.0 7.915243599072507e-09
10844100.0 7.810004822031143e-09
10880300.0 7.707462696944293e-09
10916600.0 7.605530977826254e-09
10953100.0 7.504137875442857e-09
10989700.0 7.4053994443570854e-09
11026300.0 7.307316505426932e-09
11063200.0 7.209687042982762e-09
11100100.0 7.114734824301371e-09
11137200.0 7.020285740808138e-09
11174300.0 6.926463821611122e-09
11211600.0 6.835148919894817e-09
11249100.0 6.744319685908767e-09
11286600.0 6.656088649051329e-09
11324300.0 6.5683259639897535e-09
11362100.0 6.4810886439685964e-09
11400000.0 6.394373758707194e-09
11438100.0 6.310091451906458e-09
11476300.0 6.22631451102189e-09
11514600.0 6.1449952259559705e-09
11553000.0 6.06221398905755e-09
11591600.0 5.9818201992420345e-09
11630300.0 5.903844995111811e-09
11669100.0 5.824407816592624e-09
11708100.0 5.747321826574416e-09
11747200.0 5.6726158337300535e-09
11786400.0 5.596447952479858e-09
11825800.0 5.522595358570784e-09
11865200.0 5.4492332396979515e-09
11904800.0 5.378157457420934e-09
11944600.0 5.305579336552292e-09
11984500.0 5.235318086430231e-09
12024500.0 5.167352396309746e-09
12064600.0 5.097929111024579e-09
12104900.0 5.0307424956398296e-09
12145300.0 4.963960883475419e-09
12185900.0 4.897541699889007e-09
12226500.0 4.83340492393111e-09
12267400.0 4.769576047427326e-09
12308300.0 4.7061713726490465e-09
12349400.0 4.643111487824715e-09
12390600.0 4.5822498933604226e-09
12432000.0 4.521718955083716e-09
12473500.0 4.461554060250119e-09
12515200.0 4.401717838425192e-09
12556900.0 4.34407188331124e-09
12598900.0 4.286705456162272e-09
12640900.0 4.229720234455995e-09
12683100.0 4.1748216343787855e-09
12725500.0 4.1184532954368406e-09
12768000.0 4.064190724493757e-09
12810600.0 4.0102568911363304e-09
12853300.0 3.956649785568364e-09
12896300.0 3.905052539663583e-09
12939300.0 3.85379823063698e-09
12982500.0 3.802824866096568e-09
13025900.0 3.752131998749899e-09
13069300.0 3.7017758090283285e-09
13113000.0 3.6533862257694177e-09
13156800.0 3.605290691968779e-09
13200700.0 3.5574873736752805e-09
13244700.0 3.5099744479871745e-09
13289000.0 3.4626979884743902e-09
13333300.0 3.4174241324787906e-09
13377800.0 3.3723997071508577e-09
13422500.0 3.3276242442962214e-09
13467300.0 3.2831216380276164e-09
13512300.0 3.2405322759053195e-09
13557400.0 3.1965415115330913e-09
13602700.0 3.154451110762191e-09
13648100.0 3.1126173137851398e-09
13693600.0 3.0710384848525658e-09
13739300.0 3.031329503777198e-09
13785200.0 2.990207301102064e-09
13831200.0 2.950964380691562e-09
13877400.0 2.9119396570892303e-09
13923700.0 2.8731532748018877e-09
13970200.0 2.836194881003195e-09
14016900.0 2.797835654221675e-09
14063700.0 2.761312318656654e-09
14110600.0 2.7250119435122095e-09
14157700.0 2.6889140894605176e-09
14205000.0 2.6530182667079878e-09
14252400.0 2.6173423390319357e-09
14300000.0 2.5834411221128244e-09
14347700.0 2.548178002080137e-09
14395600.0 2.5146775135346777e-09
14443700.0 2.481364865459296e-09
14491900.0 2.448256460548932e-09
14540300.0 2.4168826305637802e-09
14588800.0 2.3841574774197438e-09
14637500.0 2.3531550687712128e-09
14686400.0 2.3223266444939595e-09
14735400.0 2.2901594883810904e-09
14784600.0 2.2612204223862e-09
14834000.0 2.230925587796177e-09
14883500.0 2.2008170713828026e-09
14933200.0 2.172386642758836e-09
14983100.0 2.1426136731519985e-09
15033100.0 2.114521839003533e-09
15083300.0 2.0865885840395876e-09
15133600.0 2.058827041904412e-09
15184200.0 2.0312093000016406e-09
15234900.0 2.0052395620560717e-09
15285700.0 1.9779563602378926e-09
15336700.0 1.9522963536204976e-09
15387900.0 1.9267813956065884e-09
15439300.0 1.9014110347190453e-09
15490900.0 1.8761848142600428e-09
15542600.0 1.851114182318533e-09
15594500.0 1.826186363204153e-09
15646500.0 1.8014124048106798e-09
15698800.0 1.7782026500061324e-09
15751200.0 1.755135883739794e-09
15803800.0 1.7307756541366874e-09
15856500.0 1.707986053220531e-09
15909500.0 1.6853156556106302e-09
15962600.0 1.6641957207564013e-09
16015900.0 1.6417896704020445e-09
16069300.0 1.6195221790767535e-09
16123000.0 1.598768773891142e-09
16176800.0 1.576751737765989e-09
16230800.0 1.5562485336952988e-09
16285000.0 1.5358624433472807e-09
16339400.0 1.515593049874492e-09
16393900.0 1.4954490553393691e-09
16448700.0 1.4754116408917963e-09
16503600.0 1.4554984758928775e-09
16558700.0 1.4370595792614962e-09
16614000.0 1.4173708706106985e-09
16669400.0 1.399154945750764e-09
16725100.0 1.37968888926862e-09
16780900.0 1.3616855145003093e-09
16836900.0 1.3437855103166191e-09
16893100.0 1.3262550148199023e-09
16949500.0 1.3086925078109688e-09
17006100.0 1.2913636867562948e-09
17062900.0 1.274266835500807e-09
17119900.0 1.2574002443649494e-09
17177000.0 1.2406383710508399e-09
17234400.0 1.2242275147037101e-09
17291900.0 1.2080488159887145e-09
17349600.0 1.1920933753456655e-09
17407600.0 1.1762234385325418e-09
17465700.0 1.1607100520525116e-09
17524000.0 1.145286463345585e-09
17582500.0 1.1302083853283137e-09
17641200.0 1.1152176658278416e-09
17700100.0 1.1004411330831719e-09
17759200.0 1.085877155214484e-09
17818500.0 1.0713977635650965e-09
17878000.0 1.0572544495534654e-09
17937600.0 1.0433246538034808e-09
17997500.0 1.029469958106058e-09
18057600.0 1.015820601512855e-09
18117900.0 1.0023749926128061e-09
18178400.0 9.891315476255817e-10
18239100.0 9.759652599116289e-10
18300000.0 9.631218329280913e-10
18361100.0 9.503532529703532e-10
18422400.0 9.37781393605617e-10
18483900.0 9.252829098840766e-10
18545600.0 9.13100257434918e-10
18607500.0 9.009887137210129e-10
18669600.0 8.890685450549965e-10
18731900.0 8.772180465918449e-10
18794500.0 8.656718651191232e-10
18857200.0 8.541978136207361e-10
18920200.0 8.429054351937513e-10
18983300.0 8.316836281835444e-10
19046700.0 8.206414488996429e-10
19110300.0 8.097818669792343e-10
19174100.0 7.991034052302835e-10
19238100.0 7.884875737166715e-10
19302300.0 7.780507112379197e-10
19366800.0 7.677873968364925e-10
19431400.0 7.575883194509024e-10
19496300.0 7.475608010760932e-10
19561400.0 7.377073667210776e-10
19626700.0 7.279118813012649e-10
19692200.0 7.182883893119952e-10
19758000.0 7.087179430754026e-10
19823900.0 6.993210660099287e-10
19890100.0 6.900892355282744e-10
19956500.0 6.809118295636825e-10
20023200.0 6.71897659300742e-10
20090000.0 6.630521034668933e-10
20157100.0 6.542554388076238e-10
20224400.0 6.45622076029188e-10
20291900.0 6.370397017184325e-10
20359600.0 6.286186366172271e-10
20427600.0 6.202442805245812e-10
20495800.0 6.120293619928012e-10
20564200.0 6.039725344110861e-10
20632900.0 5.959604605625414e-10
20701800.0 5.881046306727699e-10
20770900.0 5.802953314388031e-10
20840200.0 5.726403498152229e-10
20909800.0 5.650280029773684e-10
20979600.0 5.575681574963027e-10
21049600.0 5.50152558593165e-10
21119900.0 5.428850013320245e-10
21190400.0 5.35660609611039e-10
21261200.0 5.285825581852192e-10
21332200.0 5.215466004572152e-10
21403400.0 5.146576972058416e-10
21474800.0 5.078097454913487e-10
21546500.0 5.011046875592789e-10
21618500.0 4.945413807817692e-10
21690600.0 4.879156071500588e-10
21763100.0 4.814283332054596e-10
21835700.0 4.750850630039198e-10
21908600.0 4.687774144439009e-10
21981700.0 4.6260981069948585e-10
22055100.0 4.5647688242719945e-10
22128800.0 4.5048026848738516e-10
22202600.0 4.44420066977331e-10
22276800.0 4.3859426473598965e-10
22351100.0 4.328052066462278e-10
22425800.0 4.270468920560385e-10
22500600.0 4.214249927284783e-10
22575700.0 4.158348219945556e-10
22651100.0 4.1027628637984815e-10
22726700.0 4.048501301047205e-10
22802600.0 3.994546987309924e-10
22878700.0 3.9419002113896256e-10
22955100.0 3.8895516726046235e-10
23031800.0 3.8384779067400636e-10
23108700.0 3.787710399334676e-10
23185800.0 3.7372474168566375e-10
23263200.0 3.688039118847229e-10
23340900.0 3.639110407112798e-10
23418800.0 3.5904757106765225e-10
23497000.0 3.543076378438372e-10
23575400.0 3.4959618396778636e-10
23654100.0 3.4500676189446826e-10
23733100.0 3.4044347420024077e-10
23812300.0 3.359076438880547e-10
23891800.0 3.3149195211267467e-10
23971600.0 3.2710145565651335e-10
24051600.0 3.22737409874842e-10
24131900.0 3.1849163067110794e-10
24212500.0 3.1427011985703533e-10
24293300.0 3.1007406864793284e-10
24374400.0 3.059944338587809e-10
24455800.0 3.019381531338215e-10
24537500.0 2.9790514282925126e-10
24619400.0 2.9398795506192995e-10
24701600.0 2.900932198533943e-10
24784000.0 2.862220100956072e-10
24866800.0 2.824624470701795e-10
24949800.0 2.7872560338760024e-10
25033100.0 2.750102440367017e-10
25116700.0 2.7140592046354226e-10
25200500.0 2.678233854494214e-10
25284600.0 2.642614622153262e-10
25369100.0 2.6071904442968527e-10
25453800.0 2.5728657074656454e-10
25538700.0 2.5387487690824837e-10
25624000.0 2.505697387309063e-10
25709500.0 2.4719704349242575e-10
25795400.0 2.4393019902822125e-10
25881500.0 2.4068317996857364e-10
25967900.0 2.3754164374543117e-10
26054600.0 2.344182439522129e-10
26141600.0 2.313129076696786e-10
26228900.0 2.2822556170476128e-10
26316400.0 2.2515698817689187e-10
26404300.0 2.2219064901682621e-10
26492400.0 2.1924233908636481e-10
26580900.0 2.1639501281388222e-10
26669600.0 2.1348056912293955e-10
26758600.0 2.1066721870255018e-10
26848000.0 2.0786942381059932e-10
26937600.0 2.0508867688880528e-10
27027500.0 2.0240741676326244e-10
27117800.0 1.9974098822833233e-10
27208300.0 1.9709080995826512e-10
27299200.0 1.9445535395164174e-10
27390300.0 1.9191818178414026e-10
27481700.0 1.8939576337881623e-10
27573500.0 1.868873565696445e-10
27665500.0 1.843942636966102e-10
27757900.0 1.8191507564419672e-10
27850600.0 1.7953123868303767e-10
27943500.0 1.771619501461009e-10
28036800.0 1.7480586913447088e-10
28130400.0 1.7246357782296358e-10
28224400.0 1.7021417388320527e-10
28318600.0 1.6797851691493165e-10
28413100.0 1.6575593401864736e-10
28508000.0 1.6354579165929823e-10
28603200.0 1.6134862282476502e-10
28698700.0 1.5924281204569013e-10
28794500.0 1.5714933239785293e-10
28890600.0 1.5506812642881436e-10
28987000.0 1.529991366846736e-10
29083800.0 1.50941786725014e-10
29180900.0 1.4897370404420613e-10
29278300.0 1.4701716916399472e-10
29376100.0 1.4507163331840506e-10
29474200.0 1.4313755186282956e-10
29572600.0 1.4121486966671932e-10
29671300.0 1.3937940502144897e-10
29770300.0 1.3747910379819923e-10
29869700.0 1.3566495308993483e-10
29969500.0 1.3386104989463698e-10
30069500.0 1.3214311120040246e-10
30169900.0 1.3036021225616915e-10
30270600.0 1.2866223712680215e-10
30371700.0 1.2689972575382583e-10
30473100.0 1.2522155435779924e-10
30574800.0 1.2362693320774346e-10
30676900.0 1.2196790760680818e-10
30779300.0 1.2031871589953226e-10
30882100.0 1.1875182262948233e-10
30985200.0 1.1719419177431158e-10
31088600.0 1.1564577627506101e-10
31192400.0 1.1410616334890309e-10
31296500.0 1.125756841494668e-10
31401000.0 1.111256319938707e-10
31505900.0 1.0961235132400587e-10
31611000.0 1.0817964793378075e-10
31716600.0 1.0675475688095476e-10
31822500.0 1.0533832958900892e-10
31928700.0 1.0393032176699906e-10
32035300.0 1.0253036918205008e-10
32142200.0 1.0120879930526718e-10
32249600.0 9.982463473300461e-11
32357200.0 9.851862563687635e-11
32465200.0 9.722007585444001e-11
32573600.0 9.592895902821902e-11
32682400.0 9.464524860394664e-11
32791500.0 9.343785639760117e-11
32901000.0 9.216892499419377e-11
33010800.0 9.097578357150638e-11
33121000.0 8.972149782598088e-11
33231600.0 8.854221056412049e-11
33342500.0 8.73699608508942e-11
33453800.0 8.620445255125736e-11
33565500.0 8.511273098162847e-11
33677600.0 8.3960405933088e-11
33790000.0 8.288161656871149e-11
33902800.0 8.174261178855655e-11
34016000.0 8.067639569466345e-11
34129600.0 7.961631935194872e-11
34243500.0 7.85625882272217e-11
34357900.0 7.751471559564069e-11
34472600.0 7.647313239987876e-11
34587600.0 7.543780317144463e-11
34703100.0 7.447313582629617e-11
34819000.0 7.351402391838993e-11
34935200.0 7.249621172396368e-11
35051900.0 7.154835471800095e-11
35168900.0 7.060618596716924e-11
35286300.0 6.966947547863218e-11
35404100.0 6.87382007028152e-11
35522300.0 6.781233902149975e-11
35640900.0 6.695503287685172e-11
35759900.0 6.603971907587733e-11
35879300.0 6.519249625880742e-11
35999000.0 6.428782049333344e-11
36119200.0 6.345059222731052e-11
36239800.0 6.261822669037464e-11
36360800.0 6.179070296723403e-11
36482200.0 6.097417095130765e-11
36604000.0 6.016239772999095e-11
36726200.0 5.936762218581388e-11
36848800.0 5.858359163729391e-11
36971800.0 5.780413550673739e-11
37095300.0 5.704121748887131e-11
37219100.0 5.628290885867369e-11
37343400.0 5.554094173192728e-11
37468000.0 5.480345878729167e-11
37593100.0 5.4076133928940785e-11
37718600.0 5.3365005046558996e-11
37844500.0 5.265803612927153e-11
37970900.0 5.1961000224669973e-11
38097700.0 5.126805131458397e-11
38224800.0 5.059108186537501e-11
38352500.0 4.992368841142498e-11
38480500.0 4.926034052340188e-11
38609000.0 4.860659259276294e-11
38737900.0 4.7962498212572973e-11
38867200.0 4.7327981223121434e-11
38997000.0 4.670284612337893e-11
39127100.0 4.608150536971847e-11
39257800.0 4.547505717622666e-11
39388800.0 4.487229188180983e-11
39520300.0 4.42786590063137e-11
39652300.0 4.368841264139047e-11
39784700.0 4.3112966894722145e-11
39917500.0 4.254091221776657e-11
40050700.0 4.197785304827557e-11
40184500.0 4.142351057995176e-11
40318600.0 4.087254326091614e-11
40453200.0 4.033029552002569e-11
40588300.0 3.979670064854803e-11
40723800.0 3.927178861815077e-11
40859700.0 3.874997872530232e-11
40996100.0 3.8236653542855296e-11
41133000.0 3.773174738253697e-11
41270300.0 3.722983011665863e-11
41408100.0 3.673623462155493e-11
41546400.0 3.625089591381464e-11
41685100.0 3.577383509566336e-11
41824200.0 3.5299600821982615e-11
41963900.0 3.4828012554869634e-11
42104000.0 3.4369921142577406e-11
42244500.0 3.391454706583968e-11
42385600.0 3.3467029685796065e-11
42527100.0 3.3022171353741293e-11
42669000.0 3.258523423320755e-11
42811500.0 3.2150743039037984e-11
42954400.0 3.17293214226732e-11
43097800.0 3.130510760244708e-11
43241700.0 3.0893762759620245e-11
43386100.0 3.0484795264303486e-11
43530900.0 3.007826464673426e-11
43676300.0 2.9679176381609246e-11
43822100.0 2.928760644682166e-11
43968400.0 2.8898304817788392e-11
44115200.0 2.851636530763227e-11
44262400.0 2.8141791187999282e-11
44410200.0 2.7769325014076494e-11
44558500.0 2.7399022345917844e-11
44707200.0 2.7035970108900775e-11
44856500.0 2.667998695164237e-11
45006200.0 2.6326131656083896e-11
45156500.0 2.5974277421495024e-11
45307300.0 2.563441261365594e-11
45458500.0 2.529162776259708e-11
45610300.0 2.4955723265862605e-11
45762600.0 2.4626697680891278e-11
45915300.0 2.4299643162739598e-11
46068600.0 2.3979331308534403e-11
46222400.0 2.3660888204216105e-11
46376700.0 2.334915985252071e-11
46531600.0 2.3039201844214174e-11
46686900.0 2.2735927926842504e-11
46842800.0 2.2434377588896707e-11
46999200.0 2.2134592323159497e-11
47156100.0 2.1841338166212505e-11
47313500.0 2.1554559440253993e-11
47471500.0 2.126941363667003e-11
47630000.0 2.0985939341379492e-11
47789000.0 2.070883965762534e-11
47948500.0 2.043336467181684e-11
48108600.0 2.0164144450817327e-11
48269200.0 1.9896504054067005e-11
48430300.0 1.963508451193117e-11
48592000.0 1.9375159149444126e-11
48754300.0 1.9116722696078052e-11
48917000.0 1.8864449158465064e-11
49080300.0 1.8613620650808426e-11
49244200.0 1.8368803594387532e-11
49408600.0 1.8125427360775338e-11
49573500.0 1.7883484979524746e-11
49739100.0 1.7647424685186586e-11
49905100.0 1.7412791471922873e-11
50071700.0 1.718400422601151e-11
50238900.0 1.6956531873144176e-11
50406600.0 1.6730402642507635e-11
50574900.0 1.6510028586306177e-11
50743700.0 1.6290955836080673e-11
50913100.0 1.6073146333047442e-11
51083100.0 1.5861002242825064e-11
51253700.0 1.5650082253024388e-11
51424800.0 1.5444789363591958e-11
51596500.0 1.5240680808927954e-11
51768700.0 1.50377809497024e-11
51941500.0 1.4840389286707055e-11
52115000.0 1.464410994186185e-11
52288900.0 1.4449022624395736e-11
52463500.0 1.4255038428419798e-11
52638700.0 1.4066457649327704e-11
52814400.0 1.388325922728572e-11
52990700.0 1.3696872126803819e-11
53167600.0 1.3515802926551428e-11
53345100.0 1.3335784646492522e-11
53523200.0 1.3161019027358774e-11
53701900.0 1.2987267520602624e-11
53881200.0 1.2814525840630332e-11
54061100.0 1.264695398309173e-11
54241600.0 1.24762052010789e-11
54422700.0 1.2310589998033734e-11
54604400.0 1.2150062755542926e-11
54786700.0 1.1986359846092527e-11
54969600.0 1.1827709159657248e-11
55153100.0 1.1674065611127954e-11
55337200.0 1.1517247864002493e-11
55522000.0 1.1365381562881104e-11
55707300.0 1.121442219904197e-11
55893300.0 1.1068352997492098e-11
56079900.0 1.0919121489680458e-11
56267100.0 1.0774765965460555e-11
56455000.0 1.063123597345142e-11
56643400.0 1.0492540099973916e-11
56832500.0 1.0354636254194787e-11
57022300.0 1.021752163511798e-11
57212700.0 1.0081211041461961e-11
57403700.0 9.9457007469817e-12
57595300.0 9.814895784531107e-12
57787600.0 9.6848409068398e-12
57980500.0 9.555549841712069e-12
58174100.0 9.430872656359208e-12
58368300.0 9.306926883243566e-12
58563200.0 9.183693373998432e-12
58758700.0 9.061184866259199e-12
58954900.0 8.93938272479444e-12
59151700.0 8.82210506535791e-12
59349200.0 8.705502513716771e-12
59547300.0 8.5895868894077e-12
59746100.0 8.478108716113743e-12
59945600.0 8.363516734445082e-12
60145700.0 8.253345667945127e-12
60346500.0 8.143810764911027e-12
60548000.0 8.034909495092811e-12
60750100.0 7.93035814072214e-12
60952900.0 7.826410229217783e-12
61156400.0 7.723063326753914e-12
61360600.0 7.620314990598161e-12
61565400.0 7.518174981205385e-12
61771000.0 7.420260739753848e-12
61977200.0 7.319292838836531e-12
62184100.0 7.222533610658871e-12
62391700.0 7.126336170772796e-12
62600000.0 7.03429442212566e-12
62809000.0 6.939201499665641e-12
63018700.0 6.848235672134786e-12
63229100.0 6.7577984141893795e-12
63440200.0 6.66788746046959e-12
63652000.0 6.5785005408902165e-12
63864500.0 6.493160440924671e-12
64077700.0 6.40831636482151e-12
64291600.0 6.320464506859129e-12
64506300.0 6.236607966041674e-12
64721600.0 6.156729116433956e-12
64937700.0 6.073838274729187e-12
65154500.0 5.994888188462799e-12
65372000.0 5.912954644586199e-12
65590200.0 5.834934575107363e-12
65809200.0 5.757361896368971e-12
66028900.0 5.683653088942436e-12
66249400.0 5.606967250824749e-12
66470500.0 5.534127125878929e-12
66692500.0 5.4583206786828105e-12
66915100.0 5.3863333208349025e-12
67138500.0 5.3147599921199595e-12
67362700.0 5.246941124042246e-12
67587500.0 5.17619532887689e-12
67813200.0 5.10585081848981e-12
68039600.0 5.039229946237011e-12
68266700.0 4.972999968880323e-12
68494700.0 4.9071447002634816e-12
68723300.0 4.841684133717556e-12
68952800.0 4.776595270275991e-12
69183000.0 4.715144640583515e-12
69413900.0 4.650811419543693e-12
69645700.0 4.59007795330174e-12
69878200.0 4.529702044836158e-12
70111500.0 4.4696755702940744e-12
70345500.0 4.410003369993475e-12
70580400.0 4.353861009185374e-12
70816000.0 4.294869590063126e-12
71052400.0 4.236221692822668e-12
71289700.0 4.1810679202738225e-12
71527700.0 4.1262397256556e-12
71766500.0 4.071729800583942e-12
72006100.0 4.017536795388707e-12
72246400.0 3.9636648435253545e-12
72487600.0 3.913207244435322e-12
72729600.0 3.859946444921479e-12
72972500.0 3.810077038076275e-12
73216100.0 3.757427753866326e-12
73460500.0 3.708151889386977e-12
73705800.0 3.659158133698729e-12
73951800.0 3.6104552326141006e-12
74198700.0 3.56203207026122e-12
74446400.0 3.516916343352791e-12
74695000.0 3.4690440667278795e-12
74944400.0 3.4244567767081594e-12
75194600.0 3.377135381487324e-12
75445600.0 3.3330764954997354e-12
75697500.0 3.289270688476672e-12
75950200.0 3.245721273058543e-12
76203800.0 3.202422867693462e-12
76458200.0 3.1593786358719808e-12
76713400.0 3.119522035276021e-12
76969500.0 3.0769688460108432e-12
77226500.0 3.03757766669146e-12
77484300.0 2.995511394809479e-12
77743000.0 2.9565856945648163e-12
78002500.0 2.91788826943071e-12
78263000.0 2.879410677075826e-12
78524200.0 2.8408763576647576e-12
78786400.0 2.8031334594221623e-12
79049400.0 2.7661825381169645e-12
79313300.0 2.729445702925337e-12
79578100.0 2.6932049700884527e-12
79843800.0 2.657738587453119e-12
80110400.0 2.622478005696923e-12
80377800.0 2.58770566556237e-12
80646200.0 2.5534114128434836e-12
80915400.0 2.51959798924111e-12
81185500.0 2.486258548804712e-12
81456600.0 2.453386469708931e-12
81728500.0 2.420708776045078e-12
82001400.0 2.388767744646231e-12
82275100.0 2.3570156884484703e-12
82549800.0 2.3259914480692347e-12
82825400.0 2.295148060993182e-12
83101900.0 2.2647556337617612e-12
83379400.0 2.2348079838760065e-12
83657700.0 2.2050379274146405e-12
83937000.0 2.1759757826475337e-12
84217300.0 2.1470809099305766e-12
84498400.0 2.1186241110230432e-12
84780500.0 2.090596902224043e-12
85063600.0 2.0629959979862632e-12
85347500.0 2.0355591210006518e-12
85632500.0 2.0085412711770036e-12
85918400.0 1.9819439299112792e-12
86205200.0 1.9557637463920574e-12
86493000.0 1.9299951567459415e-12
86781800.0 1.9043755404287176e-12
87071500.0 1.879165008935069e-12
87362200.0 1.8543581491281782e-12
87653800.0 1.8296970458330563e-12
87946500.0 1.8054328819848455e-12
88240100.0 1.7815666529625616e-12
88534700.0 1.7578388617421556e-12
88830300.0 1.7347558003250062e-12
89126800.0 1.7118085701106462e-12
89424400.0 1.688992735354833e-12
89722900.0 1.6665624548421276e-12
90022500.0 1.6445109124364195e-12
90323000.0 1.6228387384079721e-12
90624600.0 1.6012908539584058e-12
90927100.0 1.5801178691195194e-12
91230700.0 1.5590664970322047e-12
91535200.0 1.538631537186789e-12
91840800.0 1.5180687719993891e-12
92147500.0 1.4981131415014896e-12
92455100.0 1.4782755190095036e-12
92763800.0 1.4585521633292576e-12
93073400.0 1.4394294893926221e-12
93384200.0 1.4201742852459529e-12
93695900.0 1.4015139144489851e-12
94008700.0 1.382961105359144e-12
94322600.0 1.3645154369571206e-12
94637500.0 1.346415791432044e-12
94953500.0 1.3286578987455046e-12
95270500.0 1.3110040475846404e-12
95588500.0 1.2936892728880202e-12
95907600.0 1.2764746798741763e-12
96227800.0 1.2595938135622702e-12
96549100.0 1.2430439305708407e-12
96871400.0 1.2265911707836041e-12
97194800.0 1.210233830676297e-12
97519300.0 1.1942023674221316e-12
97844900.0 1.178494079426158e-12
98171600.0 1.1628769600856036e-12
98499300.0 1.147351790291253e-12
98828100.0 1.1321447770350075e-12
99158100.0 1.117252134725398e-12
99489100.0 1.1024472084010765e-12
99821300.0 1.0877273910714106e-12
100155000.0 1.0735387062223886e-12
100489000.0 1.0592170625828418e-12
100824000.0 1.0452032284102387e-12
101161000.0 1.03126182224949e-12
101499000.0 1.0176247718607102e-12
101838000.0 1.0042894485041202e-12
102178000.0 9.90812585637536e-13
102519000.0 9.778547696730106e-13
102861000.0 9.6475462293561e-13
103204000.0 9.52168352445427e-13
103549000.0 9.39429906639495e-13
103895000.0 9.269838276973014e-13
104241000.0 9.148363386169746e-13
104589000.0 9.025367117934974e-13
104939000.0 8.907307556208259e-13
105289000.0 8.787894723974465e-13
105641000.0 8.671240084207692e-13
105993000.0 8.557484230757224e-13
106347000.0 8.444322626924278e-13
106702000.0 8.331833805742927e-13
107058000.0 8.222117069876851e-13
107416000.0 8.112976537884208e-13
107774000.0 8.006649957424727e-13
108134000.0 7.898799369652344e-13
108495000.0 7.795742678904441e-13
108857000.0 7.691230758388158e-13
109221000.0 7.589333897104134e-13
109585000.0 7.490168313884105e-13
109951000.0 7.389477363432261e-13
110318000.0 7.291429165576967e-13
110687000.0 7.195935078022959e-13
111056000.0 7.10107557695338e-13
111427000.0 7.006718592146806e-13
111799000.0 6.912926017765361e-13
112172000.0 6.821701720079748e-13
112547000.0 6.730962485267679e-13
112922000.0 6.642819561340444e-13
113299000.0 6.555144407117007e-13
113678000.0 6.467936996236863e-13
114057000.0 6.381309148359841e-13
114438000.0 6.297112317607533e-13
114820000.0 6.213420146927918e-13
115203000.0 6.132183965085843e-13
115588000.0 6.051381435696659e-13
115974000.0 5.971063906124013e-13
116361000.0 5.891228620485792e-13
116750000.0 5.813751329845794e-13
117139000.0 5.736788618740521e-13
117530000.0 5.660239056086063e-13
117923000.0 5.5860115219641e-13
118316000.0 5.51227709817227e-13
118711000.0 5.438939252387124e-13
119108000.0 5.365997733426014e-13
119505000.0 5.295424665640029e-13
119904000.0 5.225231779604664e-13
120305000.0 5.155418793367887e-13
120706000.0 5.087934740295909e-13
121109000.0 5.020814667681117e-13
121514000.0 4.95405826830017e-13
121919000.0 4.887745382100091e-13
122326000.0 4.823633146329675e-13
122735000.0 4.759868556447521e-13
123145000.0 4.696489392937182e-13
123556000.0 4.635315415702518e-13
123968000.0 4.572694167206078e-13
124382000.0 4.512225207260649e-13
124797000.0 4.4521217732700716e-13
125214000.0 4.394144523293758e-13
125632000.0 4.3365176367535664e-13
126051000.0 4.2774530067188294e-13
126472000.0 4.2222731240311124e-13
126894000.0 4.165652418107888e-13
127318000.0 4.1111107269665724e-13
127743000.0 4.05689934578394e-13
128170000.0 4.002985025520993e-13
128597000.0 3.949428744944077e-13
129027000.0 3.897881157414724e-13
129458000.0 3.8449073034520646e-13
129890000.0 3.7939890174337785e-13
130323000.0 3.7451070298433743e-13
130758000.0 3.694770547381072e-13
131195000.0 3.6464282724971126e-13
131633000.0 3.59666938377485e-13
132072000.0 3.5506228205968543e-13
132513000.0 3.5031295581389915e-13
132956000.0 3.455899373578302e-13
133400000.0 3.41064492714325e-13
133845000.0 3.365665579202379e-13
134292000.0 3.3209348704001376e-13
134740000.0 3.276476634876118e-13
135190000.0 3.233930498870252e-13
135641000.0 3.189983414378412e-13
136094000.0 3.147935564159797e-13
136549000.0 3.106121209440015e-13
137004000.0 3.06622780049133e-13
137462000.0 3.0248947049917463e-13
137921000.0 2.9854467737927147e-13
138381000.0 2.9462392455536134e-13
138843000.0 2.905628194421151e-13
139307000.0 2.868477464451418e-13
139772000.0 2.829942468384393e-13
140238000.0 2.7932484307629975e-13
140707000.0 2.7551387065606603e-13
141176000.0 2.718876839734436e-13
141648000.0 2.6827982849646074e-13
142121000.0 2.6469407491572995e-13
142595000.0 2.6128815676912297e-13
143071000.0 2.577438487794513e-13
143549000.0 2.5437633339221803e-13
144028000.0 2.5102942744129015e-13
144509000.0 2.477012813659272e-13
144991000.0 2.443935317523391e-13
145475000.0 2.411043867035438e-13
145961000.0 2.3798803357236173e-13
146448000.0 2.347370360923339e-13
146937000.0 2.3165765038218814e-13
147428000.0 2.2859559165670736e-13
147920000.0 2.2555233639347288e-13
148414000.0 2.226779477073781e-13
148909000.0 2.196699705430852e-13
149407000.0 2.1682825420040946e-13
149905000.0 2.138552395709152e-13
150406000.0 2.1104738520802586e-13
150908000.0 2.0825679454580698e-13
151412000.0 2.0548199404960598e-13
151917000.0 2.0272427058696024e-13
152424000.0 2.0012989401696832e-13
152933000.0 1.9740293002401493e-13
153444000.0 1.9483823576187931e-13
153956000.0 1.92289317721485e-13
154470000.0 1.897548400984792e-13
154986000.0 1.8723475733869653e-13
155503000.0 1.8473021132568733e-13
156022000.0 1.8223992771956194e-13
156543000.0 1.7990767120029298e-13
157066000.0 1.7744529384838603e-13
157590000.0 1.7514100573409842e-13
158116000.0 1.7284980434416845e-13
158644000.0 1.7057164616202642e-13
159174000.0 1.6830648726409142e-13
159705000.0 1.6605532308832194e-13
160238000.0 1.6381703431062812e-13
160773000.0 1.615915764084293e-13
161310000.0 1.5951846570653528e-13
161849000.0 1.5745716620016197e-13
162389000.0 1.5526995955622602e-13
162931000.0 1.5323354457767273e-13
163475000.0 1.5120878324388193e-13
164021000.0 1.4919563366887416e-13
164569000.0 1.4719405367481858e-13
165118000.0 1.4534122280782748e-13
165669000.0 1.433630505211697e-13
166222000.0 1.4153172880342741e-13
166777000.0 1.3957589004702155e-13
167334000.0 1.3776591740318022e-13
167893000.0 1.3596633469599927e-13
168453000.0 1.341778991142161e-13
169016000.0 1.3235900543208832e-13
169580000.0 1.3060452136099634e-13
170146000.0 1.2887338559003428e-13
170714000.0 1.2716542672963243e-13
171284000.0 1.2548047403586585e-13
171856000.0 1.2381835741965543e-13
172430000.0 1.2217890745567273e-13
173005000.0 1.2056265226072817e-13
173583000.0 1.1896801851603664e-13
174162000.0 1.1739622147016792e-13
174744000.0 1.15832851996667e-13
175327000.0 1.143048907399108e-13
175912000.0 1.1278577509326882e-13
176500000.0 1.1130034833705629e-13
177089000.0 1.098241657854173e-13
177680000.0 1.0836922090259667e-13
178273000.0 1.0693535143902482e-13
178869000.0 1.0552180593686695e-13
179466000.0 1.0411706899999796e-13
180065000.0 1.0274551094337257e-13
180666000.0 1.013819254916981e-13
181269000.0 1.0003869793326029e-13
181874000.0 9.871567009226978e-14
182482000.0 9.739981383949533e-14
183091000.0 9.611676379280614e-14
183702000.0 9.484118828384314e-14
184315000.0 9.358526871152492e-14
184931000.0 9.234835098997553e-14
185548000.0 9.111915510428359e-14
186168000.0 8.992084359011554e-14
186789000.0 8.873001208679121e-14
187413000.0 8.754567103602557e-14
188038000.0 8.639267588414174e-14
188666000.0 8.524596445533283e-14
189296000.0 8.411786584964126e-14
189928000.0 8.30082304859412e-14
190562000.0 8.190509579871113e-14
191198000.0 8.08202062436345e-14
191837000.0 7.975299855118222e-14
192477000.0 7.869246804945972e-14
193120000.0 7.764941810462336e-14
193764000.0 7.66245140371284e-14
194411000.0 7.560523350744264e-14
195060000.0 7.460349137115246e-14
195711000.0 7.361914386117719e-14
196365000.0 7.26402133861569e-14
197020000.0 7.167884479162946e-14
197678000.0 7.073416243606904e-14
198338000.0 6.979504443539652e-14
199000000.0 6.887277661474561e-14
199665000.0 6.795560348303949e-14
200331000.0 6.705542254800338e-14
201000000.0 6.617141990747927e-14
201671000.0 6.529263477814163e-14
202344000.0 6.443016722610086e-14
203020000.0 6.357247840633292e-14
203698000.0 6.273091850104343e-14
204378000.0 6.190535169887984e-14
205060000.0 6.108466449917968e-14
205745000.0 6.027948138135163e-14
206432000.0 5.947906570401194e-14
207121000.0 5.869426252254132e-14
207812000.0 5.791410604032475e-14
208506000.0 5.714909557945065e-14
209202000.0 5.63886217212355e-14
209901000.0 5.564312138426764e-14
210601000.0 5.4902309115495256e-14
211304000.0 5.4176290294087934e-14
212010000.0 5.3464948580197994e-14
212718000.0 5.2747249366566603e-14
213428000.0 5.205492042683912e-14
214140000.0 5.1366702731677994e-14
214855000.0 5.068233873572237e-14
215573000.0 5.0012261818882783e-14
216292000.0 4.9346405530950787e-14
217014000.0 4.869466225697457e-14
217739000.0 4.805691854415623e-14
218466000.0 4.741266868446672e-14
219195000.0 4.6792806818531196e-14
219927000.0 4.61661880643982e-14
220661000.0 4.555351628156376e-14
221398000.0 4.495446630904373e-14
222137000.0 4.4358992007514227e-14
222879000.0 4.3766877468297646e-14
223623000.0 4.3188373382239377e-14
224369000.0 4.2623359824096047e-14
225118000.0 4.205153012185793e-14
225870000.0 4.149290900734274e-14
226624000.0 4.0947567860954166e-14
227381000.0 4.040531038368751e-14
228140000.0 3.986630201536611e-14
228901000.0 3.934035965388654e-14
229666000.0 3.881722670522819e-14
230432000.0 3.8307170765118894e-14
231202000.0 3.7799840654548063e-14
231973000.0 3.729571779594074e-14
232748000.0 3.680397507801994e-14
233525000.0 3.631518526342023e-14
234305000.0 3.583878682801357e-14
235087000.0 3.5365248851851545e-14
235872000.0 3.489440699164264e-14
236659000.0 3.4435910474338706e-14
237449000.0 3.3980023954450496e-14
238242000.0 3.352673868996276e-14
239037000.0 3.308560227874422e-14
239835000.0 3.264698207031608e-14
240636000.0 3.2210869436677523e-14
241439000.0 3.1786711643979186e-14
242245000.0 3.136497747097793e-14
243054000.0 3.0945658422833644e-14
243866000.0 3.0537977492008116e-14
244680000.0 3.013275615427781e-14
245497000.0 2.973902896779846e-14
246316000.0 2.9338535666665016e-14
247139000.0 2.894933770044059e-14
247964000.0 2.85715718835976e-14
248792000.0 2.8186922687318407e-14
249622000.0 2.781362119452024e-14
250456000.0 2.7451344317285366e-14
251292000.0 2.7082297776790478e-14
252131000.0 2.6724309646321656e-14
252972000.0 2.6377386903943923e-14
253817000.0 2.6023483306382137e-14
254664000.0 2.5680566812756307e-14
255515000.0 2.5339527116731108e-14
256368000.0 2.500055652678698e-14
257223000.0 2.467239454482447e-14
258082000.0 2.4346029588841705e-14
258944000.0 2.4021551666350658e-14
259808000.0 2.370770955071379e-14
260676000.0 2.339558889660802e-14
261546000.0 2.308536341397894e-14
262419000.0 2.2776934550215034e-14
263295000.0 2.2470294977091184e-14
264174000.0 2.2173959232058606e-14
265056000.0 2.187934133295031e-14
265941000.0 2.1594899426712642e-14
266829000.0 2.130366766212074e-14
267720000.0 2.1022541426523705e-14
268614000.0 2.07430485484816e-14
269510000.0 2.0473611208530414e-14
270410000.0 2.0197335190651016e-14
271313000.0 1.9930969481422325e-14
272219000.0 1.9666154224805505e-14
273127000.0 1.9411196303726136e-14
274039000.0 1.9149433207890127e-14
274954000.0 1.8897388300524744e-14
275872000.0 1.8646812575063644e-14
276793000.0 1.839769956116461e-14
277717000.0 1.8158149095932902e-14
278644000.0 1.7919994438484086e-14
279575000.0 1.76831661205713e-14
280508000.0 1.7447785467795863e-14
281445000.0 1.72137207761454e-14
282384000.0 1.698906150348564e-14
283327000.0 1.675770887152319e-14
284273000.0 1.6535636100509353e-14
285222000.0 1.632275786185646e-14
286174000.0 1.610325586053404e-14
287129000.0 1.5892884049701693e-14
288088000.0 1.568368924072202e-14
289050000.0 1.5475721943108302e-14
290015000.0 1.5268976395461553e-14
290983000.0 1.506344683711458e-14
291955000.0 1.4866787602865933e-14
292929000.0 1.4671333320310845e-14
293907000.0 1.4476977485313205e-14
294888000.0 1.4283765515607825e-14
295873000.0 1.409164428304432e-14
296861000.0 1.3908241077352927e-14
297852000.0 1.3725916361048318e-14
298846000.0 1.3544664895892398e-14
299844000.0 1.3364436877125289e-14
300845000.0 1.3185273135640116e-14
301849000.0 1.3007168425267423e-14
302857000.0 1.2837508558236152e-14
303868000.0 1.266884922678566e-14
304883000.0 1.25011444530134e-14
305900000.0 1.2334471957146989e-14
306922000.0 1.2168705792072394e-14
307946000.0 1.201127252327975e-14
308974000.0 1.1854729322834183e-14
310006000.0 1.1691811401123036e-14
311041000.0 1.1537101200664901e-14
312079000.0 1.1383307764686102e-14
313121000.0 1.1237580280949602e-14
314167000.0 1.10855124328484e-14
315215000.0 1.094152643670647e-14
316268000.0 1.0798323975243073e-14
317324000.0 1.0648876657112727e-14
318383000.0 1.0514463616190779e-14
319446000.0 1.0373764394512423e-14
320512000.0 1.0233902668309336e-14
321583000.0 1.0101811803475905e-14
322656000.0 9.963558763676913e-15
323733000.0 9.833054861954043e-15
324814000.0 9.7032969108382e-15
325899000.0 9.574282265269388e-15
326987000.0 9.446037148697222e-15
328078000.0 9.325419394867598e-15
329174000.0 9.198622240521432e-15
330272000.0 9.079428085001804e-15
331375000.0 8.95409492466766e-15
332481000.0 8.836284782438872e-15
333591000.0 8.719151283572918e-15
334705000.0 8.609418003444736e-15
335823000.0 8.493607787231022e-15
336944000.0 8.378491509032948e-15
338069000.0 8.270700064259646e-15
339197000.0 8.156914404055779e-15
340330000.0 8.050379784671068e-15
341466000.0 7.944482347061499e-15
342606000.0 7.839195653684698e-15
343750000.0 7.734517303653518e-15
344897000.0 7.630467009383943e-15
346049000.0 7.533503345064933e-15
347204000.0 7.430634889174582e-15
348363000.0 7.334826818525078e-15
349526000.0 7.23957128769457e-15
350693000.0 7.138446592624689e-15
351864000.0 7.044310784360466e-15
353039000.0 6.950720710032295e-15
354217000.0 6.857693469455086e-15
355400000.0 6.7715221961371316e-15
356586000.0 6.679553059929491e-15
357777000.0 6.5943939612249585e-15
358971000.0 6.503474116811839e-15
360170000.0 6.419318621826434e-15
361372000.0 6.3356689750738595e-15
362579000.0 6.25248773287354e-15
363789000.0 6.166713395887665e-15
365004000.0 6.08512511261622e-15
366222000.0 6.004643740206191e-15
367445000.0 5.925227991230908e-15
368671000.0 5.846291567955955e-15
369902000.0 5.7690176599347845e-15
371137000.0 5.692801602729263e-15
372376000.0 5.617030760357986e-15
373619000.0 5.542908248213438e-15
374867000.0 5.4698048997406436e-15
376118000.0 5.397143635542291e-15
377374000.0 5.3254901309214294e-15
378634000.0 5.254851074154511e-15
379898000.0 5.1852186027515915e-15
381166000.0 5.1165848949708444e-15
382439000.0 5.048928968009063e-15
383716000.0 4.982256719313262e-15
384997000.0 4.915975690770571e-15
386282000.0 4.8512496546938346e-15
387572000.0 4.786891068522211e-15
388866000.0 4.723489833247867e-15
390164000.0 4.66103837354002e-15
391466000.0 4.598954071239829e-15
392773000.0 4.538369962582283e-15
394085000.0 4.478130901137294e-15
395400000.0 4.418827448729588e-15
396720000.0 4.360429664429057e-15
398045000.0 4.3023651590069265e-15
399374000.0 4.245770819694785e-15
400707000.0 4.189510068385774e-15
402045000.0 4.1341309375621135e-15
403387000.0 4.07907873732089e-15
404734000.0 4.024898137104349e-15
406085000.0 3.971592245036261e-15
407441000.0 3.919144311004382e-15
408801000.0 3.8675571826046205e-15
410166000.0 3.816265634869703e-15
411535000.0 3.7658247856673425e-15
412909000.0 3.715673419439279e-15
414287000.0 3.6663627266038396e-15
415671000.0 3.61786836242467e-15
417058000.0 3.570209974224097e-15
418451000.0 3.5228170150925244e-15
419848000.0 3.476241640609551e-15
421249000.0 3.4299426179546906e-15
422656000.0 3.3844351472748066e-15
424067000.0 3.3397290322849787e-15
425482000.0 3.295817561384585e-15
426903000.0 3.2521514811844328e-15
428328000.0 3.208745167000802e-15
429758000.0 3.1661137249377323e-15
431193000.0 3.124250928711942e-15
432632000.0 3.0831577077008063e-15
434077000.0 3.042294892592656e-15
435526000.0 3.0016756629589726e-15
436980000.0 2.9623223073437065e-15
438439000.0 2.9231966338310155e-15
439903000.0 2.884297711125908e-15
441371000.0 2.8461411132272674e-15
442845000.0 2.808199443496131e-15
444323000.0 2.7709912428919604e-15
445807000.0 2.734497950161288e-15
447295000.0 2.698222679260045e-15
448788000.0 2.662659931110723e-15
450287000.0 2.627298005509855e-15
451790000.0 2.5926460856644496e-15
453298000.0 2.558195741162915e-15
454812000.0 2.5244355410688833e-15
456330000.0 2.490877526201597e-15
457853000.0 2.458006897301441e-15
459382000.0 2.4253225471802093e-15
460916000.0 2.3933175220190868e-15
462454000.0 2.361504399549274e-15
463998000.0 2.330357239451461e-15
465547000.0 2.299391986615396e-15
467102000.0 2.2690849325978157e-15
468661000.0 2.238959886100555e-15
470226000.0 2.209006410052271e-15
471796000.0 2.179705727387123e-15
473371000.0 2.1510522713369825e-15
474951000.0 2.1225665092015445e-15
476537000.0 2.094243274894723e-15
478128000.0 2.066557187733952e-15
479724000.0 2.0395027741302075e-15
481325000.0 2.012139150023772e-15
482932000.0 1.985864627601403e-15
484545000.0 1.959275506086703e-15
486162000.0 1.9333099873054466e-15
487785000.0 1.9079546853462655e-15
489414000.0 1.8827444706013016e-15
491048000.0 1.857682606340119e-15
492687000.0 1.8332253150843605e-15
494332000.0 1.808908250220164e-15
495982000.0 1.7847344973863966e-15
497638000.0 1.7611522110634514e-15
499300000.0 1.7377054727332025e-15
500967000.0 1.7148465812195422e-15
502639000.0 1.6921224814865795e-15
504317000.0 1.6695291982821427e-15
506001000.0 1.647511146420276e-15
507690000.0 1.625623152927095e-15
509385000.0 1.6043033768386112e-15
511086000.0 1.583106429666074e-15
512792000.0 1.5620348792759917e-15
514504000.0 1.5415226569797354e-15
516222000.0 1.5211288096975901e-15
517945000.0 1.5008557659456445e-15
519674000.0 1.4811332665812656e-15
521409000.0 1.4615247505547249e-15
523150000.0 1.4420297584758185e-15
524896000.0 1.422650539595006e-15
526649000.0 1.403808634038087e-15
528407000.0 1.385504687060196e-15
530171000.0 1.3668820264625588e-15
531941000.0 1.3487908860561112e-15
533717000.0 1.3312265878341794e-15
535499000.0 1.3133436713177567e-15
537287000.0 1.2959839168014642e-15
539080000.0 1.2787274593122155e-15
540880000.0 1.2619853073087903e-15
542686000.0 1.2453404496676306e-15
544498000.0 1.2287924685113204e-15
546315000.0 1.2123431642378962e-15
548139000.0 1.1963983519023534e-15
549969000.0 1.1805464247188146e-15
551805000.0 1.164786975650745e-15
553648000.0 1.1495241448237241e-15
555496000.0 1.134352381237257e-15
557351000.0 1.1192671709608082e-15
559211000.0 1.1042721685313474e-15
561078000.0 1.0897642332485282e-15
562951000.0 1.0753410674972637e-15
564831000.0 1.0610004091749328e-15
566717000.0 1.0471410618215953e-15
568609000.0 1.0333627504137498e-15
570507000.0 1.0196651034390018e-15
572412000.0 1.0060459916726715e-15
574323000.0 9.928988450656309e-16
576240000.0 9.794380161257307e-16
578164000.0 9.664441363031635e-16
580094000.0 9.539146742122856e-16
582031000.0 9.410701908176586e-16
583974000.0 9.28686886116012e-16
585923000.0 9.163763276635863e-16
587879000.0 9.041366308960702e-16
589842000.0 8.923491986448894e-16
591811000.0 8.806310352792472e-16
593787000.0 8.689803434770285e-16
595769000.0 8.573983016987156e-16
597758000.0 8.458831607394462e-16
599754000.0 8.348100224116322e-16
601756000.0 8.238021290450651e-16
603765000.0 8.128578134701719e-16
605781000.0 8.019768225381689e-16
607803000.0 7.915305971010328e-16
609833000.0 7.807742370353444e-16
611869000.0 7.704496309990858e-16
613911000.0 7.605527860507671e-16
615961000.0 7.503463229214463e-16
618017000.0 7.402003850845874e-16
620081000.0 7.304753694376288e-16
622151000.0 7.208079288206354e-16
624228000.0 7.111966299030484e-16
626312000.0 7.020006837649307e-16
628403000.0 6.924997627599075e-16
630501000.0 6.834113360275009e-16
632606000.0 6.74375730131767e-16
634718000.0 6.653927184904128e-16
636837000.0 6.568155808244298e-16
638963000.0 6.479358998949057e-16
641096000.0 6.394592930781632e-16
643236000.0 6.310320372397187e-16
645384000.0 6.226529508891099e-16
647538000.0 6.14323762632165e-16
649700000.0 6.060423413236823e-16
651869000.0 5.981547886159863e-16
654046000.0 5.903123306963612e-16
656229000.0 5.825165809267043e-16
658420000.0 5.74765541944759e-16
660618000.0 5.670599088574428e-16
662824000.0 5.597382771347031e-16
665036000.0 5.521217175398781e-16
667257000.0 5.448857029297507e-16
669484000.0 5.376928805075892e-16
671719000.0 5.305414337657401e-16
673962000.0 5.234312057380617e-16
676212000.0 5.166957247242138e-16
678470000.0 5.096670896887945e-16
680735000.0 5.030106244966558e-16
683007000.0 4.963932208488429e-16
685288000.0 4.898132635007183e-16
687575000.0 4.832727467453805e-16
689871000.0 4.767693756789742e-16
692174000.0 4.706296383369393e-16
694485000.0 4.642011078883017e-16
696803000.0 4.581337045463499e-16
699130000.0 4.521007152406752e-16
701464000.0 4.461033016140761e-16
703806000.0 4.401406633086664e-16
706155000.0 4.342132718706548e-16
708513000.0 4.2863748795950626e-16
710878000.0 4.2309452819680026e-16
713252000.0 4.1726742488305393e-16
715633000.0 4.1178954134524166e-16
718022000.0 4.063434607161768e-16
720419000.0 4.009290480389636e-16
722824000.0 3.9554616804092477e-16
725237000.0 3.90505102564366e-16
727659000.0 3.8518331880359415e-16
730088000.0 3.80201556905146e-16
732525000.0 3.7524873550830885e-16
734971000.0 3.700179183764466e-16
737425000.0 3.6512313142016477e-16
739887000.0 3.605611898568337e-16
742357000.0 3.557224122357071e-16
744835000.0 3.5091195832704228e-16
747322000.0 3.461292377060788e-16
749817000.0 3.416748434258896e-16
752320000.0 3.3724640839690346e-16
754832000.0 3.328433742306188e-16
757352000.0 3.2816882448017057e-16
759880000.0 3.238181389822001e-16
762417000.0 3.1978781366825593e-16
764962000.0 3.15486622114038e-16
767516000.0 3.112103061274121e-16
770079000.0 3.072511098230223e-16
772650000.0 3.030236708645458e-16
775229000.0 2.9911158815937965e-16
777817000.0 2.9522203225299037e-16
780414000.0 2.9106644339160014e-16
783019000.0 2.873092521308131e-16
785634000.0 2.835160570915928e-16
788256000.0 2.7977410551792634e-16
790888000.0 2.760534748803631e-16
793528000.0 2.7241152070443444e-16
796178000.0 2.6879034306639494e-16
798836000.0 2.652468986883536e-16
801503000.0 2.6172401770087333e-16
804179000.0 2.582496083299357e-16
806863000.0 2.5482362038435084e-16
809557000.0 2.5147286119386683e-16
812260000.0 2.4814157950024383e-16
814971000.0 2.448299922821951e-16
817692000.0 2.4159247388244387e-16
820422000.0 2.3840125604471434e-16
823161000.0 2.3525598277701776e-16
825909000.0 2.321290418081276e-16
828667000.0 2.2904724353916326e-16
831433000.0 2.2601079359634464e-16
834209000.0 2.230187935657302e-16
836994000.0 2.2007117134689345e-16
839788000.0 2.1716758019658774e-16
842592000.0 2.1428070250600804e-16
845405000.0 2.1143735387526157e-16
848227000.0 2.0863719174118657e-16
851059000.0 2.0587963342653126e-16
853901000.0 2.0316435191996723e-16
856751000.0 2.0046521287197048e-16
859612000.0 1.9780763011323488e-16
862481000.0 1.951919707213091e-16
865361000.0 1.9261722250209513e-16
868250000.0 1.900575853309366e-16
871149000.0 1.8753861539724973e-16
874057000.0 1.8506020623938088e-16
876975000.0 1.8259615166367383e-16
879903000.0 1.8019756355399614e-16
882840000.0 1.7778757283685667e-16
885788000.0 1.7544221651349403e-16
888745000.0 1.7311066656782227e-16
891712000.0 1.7081791122665878e-16
894689000.0 1.6856364141264326e-16
897676000.0 1.6632247078893317e-16
900673000.0 1.6411933900891804e-16
903680000.0 1.6195394075070257e-16
906697000.0 1.5980114297500773e-16
909724000.0 1.5768563795787415e-16
912761000.0 1.5560712420702733e-16
915808000.0 1.5354071955155643e-16
918866000.0 1.5151070656981103e-16
921933000.0 1.4951712015302959e-16
925011000.0 1.475349994379635e-16
928099000.0 1.4556445766688365e-16
931198000.0 1.4365364086431645e-16
934307000.0 1.4175398293597548e-16
937426000.0 1.3986543364954155e-16
940556000.0 1.3801173145768105e-16
943696000.0 1.361927387639971e-16
946846000.0 1.3438439145156382e-16
950007000.0 1.3261019848825177e-16
953179000.0 1.3084626304409749e-16
956361000.0 1.2911621877947116e-16
959554000.0 1.2739618828559712e-16
962758000.0 1.2570951435293678e-16
965972000.0 1.2405605111097883e-16
969197000.0 1.2241216490367198e-16
972432000.0 1.2077794043440967e-16
975679000.0 1.1917616139739237e-16
978936000.0 1.1760680412074107e-16
982204000.0 1.1604655531991027e-16
985484000.0 1.145181046706952e-16
988774000.0 1.1299865176992275e-16
992075000.0 1.1151073312619979e-16
995387000.0 1.1003146738624846e-16
998710000.0 1.085608173425887e-16
1002040000.0 1.0712164002275422e-16
1005390000.0 1.0571228584703186e-16
1008750000.0 1.0431125845560751e-16
1012110000.0 1.0291953331796028e-16
1015490000.0 1.0155718754980389e-16
1018880000.0 1.0022499266117967e-16
1022280000.0 9.890066582569857e-17
1025700000.0 9.758321614309011e-17
1029120000.0 9.629639843244983e-17
1032560000.0 9.50162647319652e-17
1036000000.0 9.376636263285334e-17
1039460000.0 9.252295332541331e-17
1042930000.0 9.12869190066756e-17
1046420000.0 9.007887505475154e-17
1049910000.0 8.887886240721013e-17
1053410000.0 8.770734001412338e-17
1056930000.0 8.654193906748929e-17
1060460000.0 8.540469880248953e-17
1064000000.0 8.427421252403628e-17
1067550000.0 8.315044481200991e-17
1071120000.0 8.205361230460694e-17
1074690000.0 8.096406690707086e-17
1078280000.0 7.99011328561897e-17
1081880000.0 7.884452435388811e-17
1085490000.0 7.779420766639649e-17
1089120000.0 7.677011492835666e-17
1092750000.0 7.575282604598204e-17
1096400000.0 7.474091002619661e-17
1100060000.0 7.375550375694042e-17
1103730000.0 7.277597344730848e-17
1107420000.0 7.182196772886397e-17
1111120000.0 7.085339946399709e-17
1114820000.0 6.993164830277537e-17
1118550000.0 6.899401769272791e-17
1122280000.0 6.808267940145452e-17
1126030000.0 6.717618570298124e-17
1129790000.0 6.629504948242982e-17
1133560000.0 6.541918162459933e-17
1137340000.0 6.4548552842604e-17
1141140000.0 6.370230407907574e-17
1144950000.0 6.284146106329788e-17
1148770000.0 6.202498293859955e-17
1152610000.0 6.119332283874361e-17
1156460000.0 6.038613064275147e-17
1160320000.0 5.958378158531133e-17
1164190000.0 5.880558574990627e-17
1168080000.0 5.801227970698537e-17
1171980000.0 5.72429607205331e-17
1175890000.0 5.649740974880997e-17
1179810000.0 5.573724631478212e-17
1183750000.0 5.500020664745161e-17
1187710000.0 5.428609785415755e-17
1191670000.0 5.3557843468946284e-17
1195650000.0 5.285235812326334e-17
1199640000.0 5.215111921369779e-17
1203650000.0 5.145367450418395e-17
1207660000.0 5.077950300545224e-17
1211700000.0 5.010855317501683e-17
1215740000.0 4.9442062583094516e-17
1219800000.0 4.877918711868729e-17
1223870000.0 4.813871109606497e-17
1227960000.0 4.750170710031866e-17
1232060000.0 4.686855198015809e-17
1236170000.0 4.625743439300637e-17
1240300000.0 4.564963089134225e-17
1244440000.0 4.502740919312949e-17
1248590000.0 4.444501897051074e-17
1252760000.0 4.3847816626743444e-17
1256940000.0 4.3272143377894774e-17
1261140000.0 4.269960911358215e-17
1265350000.0 4.213054267799023e-17
1269580000.0 4.15823279642478e-17
1273810000.0 4.102008076317634e-17
1278070000.0 4.047822015710911e-17
1282330000.0 3.993995975720074e-17
1286620000.0 3.942184248174973e-17
1290910000.0 3.888972951880737e-17
1295220000.0 3.837793047632157e-17
1299540000.0 3.786923487538579e-17
1303880000.0 3.736333701596501e-17
1308240000.0 3.687744058120598e-17
1312600000.0 3.637762093888049e-17
1316990000.0 3.5897387407615073e-17
1321380000.0 3.542034482097158e-17
1325790000.0 3.4962914832876025e-17
1330220000.0 3.449107505063761e-17
1334660000.0 3.403898031753589e-17
1339120000.0 3.358938189807167e-17
1343590000.0 3.314252168004303e-17
1348070000.0 3.269838236948549e-17
1352570000.0 3.227335262259139e-17
1357090000.0 3.185067224181487e-17
1361620000.0 3.141403358454476e-17
1366170000.0 3.101279435535606e-17
1370730000.0 3.059757173211567e-17
1375300000.0 3.018488310642699e-17
1379890000.0 2.979081129027531e-17
1384500000.0 2.939892773304944e-17
1389120000.0 2.9009436406844553e-17
1393760000.0 2.86221165455637e-17
1398410000.0 2.8237165074344307e-17
1403080000.0 2.78704132949266e-17
1407770000.0 2.7505704028411893e-17
1412470000.0 2.7143224588351753e-17
1417180000.0 2.6782960462708334e-17
1421910000.0 2.642471139718603e-17
1426660000.0 2.606847241599581e-17
1431420000.0 2.5730145555042693e-17
1436200000.0 2.5393707731370173e-17
1441000000.0 2.5043531240822782e-17
1445810000.0 2.471108002532854e-17
1450640000.0 2.439601646444171e-17
1455480000.0 2.4067411037851677e-17
1460340000.0 2.375607470173372e-17
1465210000.0 2.343127894521908e-17
1470100000.0 2.3123634403021506e-17
1475010000.0 2.2817720319482156e-17
1479940000.0 2.2513531873587338e-17
1484880000.0 2.2211213750305956e-17
1489840000.0 2.1925717127526853e-17
1494810000.0 2.1626909853313846e-17
1499800000.0 2.13448089408937e-17
1504810000.0 2.1064299002048544e-17
1509830000.0 2.078551301338096e-17
1514870000.0 2.050830397638957e-17
1519930000.0 2.023266714679858e-17
1525000000.0 1.9973490968732264e-17
1530090000.0 1.9701061414058655e-17
1535200000.0 1.9444849537467525e-17
1540330000.0 1.9190088462084927e-17
1545470000.0 1.8936896162129588e-17
1550630000.0 1.8685141434494078e-17
1555810000.0 1.8434819684571178e-17
1561000000.0 1.8186042770234352e-17
1566210000.0 1.795305950950498e-17
1571440000.0 1.7707069493754094e-17
1576690000.0 1.7476768328150048e-17
1581950000.0 1.7247886738112373e-17
1587230000.0 1.7020307702981193e-17
1592530000.0 1.6794026841220458e-17
1597850000.0 1.656903973182388e-17
1603180000.0 1.6345443871268827e-17
1608540000.0 1.6137024814272297e-17
1613910000.0 1.5915942316978975e-17
1619290000.0 1.5710132004770206e-17
1624700000.0 1.5505398438612144e-17
1630120000.0 1.5301929939159054e-17
1635570000.0 1.5099533020066868e-17
1641030000.0 1.4898389676507787e-17
1646500000.0 1.4698491102367678e-17
1652000000.0 1.4499653020131468e-17
1657520000.0 1.431554406440274e-17
1663050000.0 1.411903537887474e-17
1668600000.0 1.3937154258186074e-17
1674170000.0 1.3742867680353898e-17
1679760000.0 1.3563110559121381e-17
1685370000.0 1.3384387049230362e-17
1691000000.0 1.3209355844686922e-17
1696640000.0 1.3034082541761075e-17
1702310000.0 1.2862388987771914e-17
1707990000.0 1.2691761071138881e-17
1713690000.0 1.252343180384508e-17
1719410000.0 1.2357384199163863e-17
1725150000.0 1.2193601336552579e-17
1730910000.0 1.2032066362514116e-17
1736690000.0 1.1872762491429801e-17
1742490000.0 1.171567300636412e-17
1748310000.0 1.156078125984173e-17
1754140000.0 1.1408135709717956e-17
1760000000.0 1.125630958141785e-17
1765880000.0 1.1107915077229908e-17
1771770000.0 1.0960443674891255e-17
1777690000.0 1.0815033422622442e-17
1783620000.0 1.0671790797466717e-17
1789580000.0 1.0530578963337635e-17
1795550000.0 1.0391500521933796e-17
1801550000.0 1.0253173113766865e-17
1807560000.0 1.011819901297203e-17
1813590000.0 9.984009391686519e-18
1819650000.0 9.851783936122919e-18
1825720000.0 9.721616101033931e-18
1831820000.0 9.592153845133945e-18
1837940000.0 9.465897738250122e-18
1844070000.0 9.340429008381242e-18
1850230000.0 9.216858993664596e-18
1856400000.0 9.094060067986692e-18
1862600000.0 8.974347540215564e-18
1868820000.0 8.855334567588384e-18
1875060000.0 8.738218631250105e-18
1881320000.0 8.62178795038756e-18
1887600000.0 8.507232066566385e-18
1893900000.0 8.395724650040053e-18
1900230000.0 8.283641095369887e-18
1906570000.0 8.174620520846943e-18
1912930000.0 8.066238270196814e-18
1919320000.0 7.95962286846399e-18
1925730000.0 7.853633455153644e-18
1932160000.0 7.749432244328641e-18
1938610000.0 7.647004667636766e-18
1945080000.0 7.54633624024147e-18
1951570000.0 7.446258996403124e-18
1958090000.0 7.346732604248024e-18
1964630000.0 7.250084822244468e-18
1971190000.0 7.154005774988857e-18
1977770000.0 7.059631000971146e-18
1984370000.0 6.965811903012605e-18
1990990000.0 6.873676507208888e-18
1997640000.0 6.782049925008773e-18
2004310000.0 6.692087799401047e-18
2011000000.0 6.6037762526886035e-18
2017720000.0 6.5170691934521806e-18
2024450000.0 6.429793968708342e-18
2031210000.0 6.345220076074576e-18
2037990000.0 6.2611458061596366e-18
2044800000.0 6.178639414213319e-18
2051620000.0 6.09665104009101e-18
2058470000.0 6.015118286669049e-18
2065340000.0 5.93624894500679e-18
2072240000.0 5.857817749199423e-18
2079160000.0 5.779851530965244e-18
2086100000.0 5.703427078068486e-18
2093060000.0 5.6274556610874226e-18
2100050000.0 5.552980513011069e-18
2107060000.0 5.4800159314962234e-18
2114100000.0 5.407458498125902e-18
2121150000.0 5.335357543388025e-18
2128240000.0 5.264693153659046e-18
2135340000.0 5.195527983105939e-18
2142470000.0 5.126749447855764e-18
2149620000.0 5.058380111670734e-18
2156800000.0 4.991438466092374e-18
2164000000.0 4.924895522960453e-18
2171220000.0 4.859786019666866e-18
2178470000.0 4.796075481173507e-18
2185750000.0 4.731692665403968e-18
2193040000.0 4.669769113729782e-18
2200360000.0 4.607169921751403e-18
2207710000.0 4.546963543539885e-18
2215080000.0 4.486099869293966e-18
2222480000.0 4.4265930735751064e-18
2229900000.0 4.368451639875784e-18
2237340000.0 4.3106573204603744e-18
2244810000.0 4.2531892618790104e-18
2252300000.0 4.1970646834234835e-18
2259820000.0 4.141257173576127e-18
2267370000.0 4.0867586884466036e-18
2274940000.0 4.0325864896900795e-18
2282530000.0 3.9787387549289264e-18
2290150000.0 3.926179548779154e-18
2297800000.0 3.8748981107587785e-18
2305470000.0 3.822947339262787e-18
2313170000.0 3.772265413919045e-18
2320890000.0 3.722857711781405e-18
2328640000.0 3.67276351001498e-18
2336410000.0 3.62489774014783e-18
2344210000.0 3.576343150246785e-18
2352040000.0 3.529022756984372e-18
2359890000.0 3.482940838916778e-18
2367770000.0 3.4361701370694043e-18
2375670000.0 3.390628806384142e-18
2383610000.0 3.346277691985136e-18
2391560000.0 3.301265927012695e-18
2399550000.0 3.2583745432488755e-18
2407560000.0 3.2148060559998153e-18
2415600000.0 3.1724190938190404e-18
2423660000.0 3.1302875229510874e-18
2431750000.0 3.0883971430952976e-18
2439870000.0 3.0476697977698127e-18
2448020000.0 3.0071757854295613e-18
2456190000.0 2.9678429131810652e-18
2464390000.0 2.928735185423219e-18
2472620000.0 2.8898517856702818e-18
2480870000.0 2.851203384684799e-18
2489150000.0 2.8136817072326648e-18
2497460000.0 2.7763754783473595e-18
2505800000.0 2.7392838944642855e-18
2514170000.0 2.7033015767669245e-18
2522560000.0 2.667536894175596e-18
2530980000.0 2.6319781311124876e-18
2539430000.0 2.597511022044656e-18
2547910000.0 2.5632423512363613e-18
2556420000.0 2.5291713503909424e-18
2564950000.0 2.4953069759621785e-18
2573520000.0 2.4625036115274997e-18
2582110000.0 2.429899175744763e-18
2590730000.0 2.397483190848282e-18
2599380000.0 2.366120980882639e-18
2608060000.0 2.3340767549944305e-18
2616760000.0 2.3039481694184414e-18
2625500000.0 2.2731271529490552e-18
2634260000.0 2.2433482383076733e-18
2643060000.0 2.2128814550198312e-18
2651880000.0 2.1842982754112652e-18
2660740000.0 2.155026083260391e-18
2669620000.0 2.1267755533997967e-18
2678530000.0 2.0986888349057413e-18
2687470000.0 2.070765239073547e-18
2696450000.0 2.042996498783918e-18
2705450000.0 2.0162293234600865e-18
2714480000.0 1.989617656849299e-18
2723540000.0 1.9631608315550642e-18
2732640000.0 1.936851090953318e-18
2741760000.0 1.911523160709964e-18
2750910000.0 1.8863425982797076e-18
2760100000.0 1.861302015491869e-18
2769310000.0 1.8364143663528405e-18
2778560000.0 1.8124758532212177e-18
2787830000.0 1.7878758326913135e-18
2797140000.0 1.7642184947816647e-18
2806480000.0 1.7406995091129625e-18
2815850000.0 1.718117747072249e-18
2825250000.0 1.6948709303371928e-18
2834680000.0 1.6725547842060475e-18
2844140000.0 1.6503692136994818e-18
2853640000.0 1.629096822698579e-18
2863170000.0 1.6071624656878975e-18
2872720000.0 1.586146272020227e-18
2882320000.0 1.5652421938689233e-18
2891940000.0 1.5444662205670254e-18
2901590000.0 1.5238122558945034e-18
2911280000.0 1.5032745614490053e-18
2921000000.0 1.4836286165169028e-18
2930750000.0 1.4640979996371186e-18
2940540000.0 1.444677248405768e-18
2950350000.0 1.4253757213949901e-18
2960200000.0 1.406943633918183e-18
2970090000.0 1.3878571251090767e-18
2980000000.0 1.3696435752423196e-18
2989950000.0 1.3515326810578801e-18
2999930000.0 1.3335285907457522e-18
3009950000.0 1.3156264093233443e-18
3020000000.0 1.2985755821741654e-18
3030080000.0 1.2816251734571888e-18
3040190000.0 1.2640341857239364e-18
3050340000.0 1.247281496003473e-18
3060530000.0 1.231359420707752e-18
3070750000.0 1.2147980119781407e-18
3081000000.0 1.1983348077588624e-18
3091280000.0 1.182697572540992e-18
3101600000.0 1.1671489429275152e-18
3111960000.0 1.151688636975875e-18
3122350000.0 1.1363200089877517e-18
3132770000.0 1.1210425883171664e-18
3143230000.0 1.1065686127512516e-18
3153720000.0 1.0921802607440934e-18
3164250000.0 1.0771622157709807e-18
3174820000.0 1.0629395091718811e-18
3185420000.0 1.0488013146664547e-18
3196050000.0 1.035451578334772e-18
3206720000.0 1.0214755538970021e-18
3217430000.0 1.007579701640235e-18
3228170000.0 9.944641987938587e-19
3238950000.0 9.81423555717872e-19
3249760000.0 9.684604890713257e-19
3260610000.0 9.555716544255403e-19
3271490000.0 9.427596677075252e-19
3282420000.0 9.307043036530379e-19
3293370000.0 9.180398052963485e-19
3304370000.0 9.06126840716127e-19
3315400000.0 8.942848355388375e-19
3326470000.0 8.818339792384996e-19
3337580000.0 8.701298162158828e-19
3348720000.0 8.591678996782063e-19
3359900000.0 8.475985368905969e-19
3371110000.0 8.360984717754775e-19
3382370000.0 8.253280321761448e-19
3393660000.0 8.146218634737198e-19
3404990000.0 8.033160826564947e-19
3416360000.0 7.927349826391643e-19
3427760000.0 7.822172329141282e-19
3439210000.0 7.717579907299436e-19
3450690000.0 7.620139503169541e-19
3462210000.0 7.516755988873602e-19
3473770000.0 7.420453553760578e-19
3485370000.0 7.31824670307395e-19
3497000000.0 7.223093709093983e-19
3508680000.0 7.128469934536766e-19
3520390000.0 7.03441410727768e-19
3532140000.0 6.940903324423176e-19
3543940000.0 6.847916008041018e-19
3555770000.0 6.755488866474968e-19
3567640000.0 6.669910208181694e-19
3579550000.0 6.578536308845007e-19
3591500000.0 6.493964486342137e-19
3603490000.0 6.403634987722068e-19
3615520000.0 6.320061415862238e-19
3627590000.0 6.236973378648051e-19
3639700000.0 6.154368785070616e-19
3651850000.0 6.0728620116679085e-19
3664050000.0 5.992428451989919e-19
3676280000.0 5.913092872042978e-19
3688550000.0 5.834830467167568e-19
3700870000.0 5.757617543340888e-19
3713220000.0 5.681477374756502e-19
3725620000.0 5.606371036036677e-19
3738060000.0 5.531703798511685e-19
3750540000.0 5.458674182033197e-19
3763060000.0 5.386071716183367e-19
3775620000.0 5.315086984853281e-19
3788220000.0 5.244517586413278e-19
3800870000.0 5.174940306448143e-19
3813560000.0 5.106361398759396e-19
3826290000.0 5.038773080726369e-19
3839070000.0 4.97215465937542e-19
3851880000.0 4.906524550920738e-19
3864740000.0 4.841266886319067e-19
3877650000.0 4.777541631941382e-19
3890590000.0 4.714202944016781e-19
3903580000.0 4.65180132512803e-19
3916610000.0 4.589766762972139e-19
3929690000.0 4.529231748595413e-19
3942810000.0 4.469053040534924e-19
3955970000.0 4.40979799879205e-19
3969180000.0 4.351448264308385e-19
3982430000.0 4.2940078083205477e-19
3995730000.0 4.236895288333408e-19
4009060000.0 4.1812535179437236e-19
4022450000.0 4.1259189913715474e-19
4035880000.0 4.0709112919703996e-19
4049350000.0 4.0173407107474233e-19
4062870000.0 3.9640765638803755e-19
4076440000.0 3.911670024098608e-19
4090040000.0 3.8595829275460373e-19
4103700000.0 3.8083339968420076e-19
4117400000.0 3.7579353841300285e-19
4131150000.0 3.708371117076285e-19
4144940000.0 3.659100380223215e-19
4158780000.0 3.610654322087587e-19
4172660000.0 3.563035017263975e-19
4186590000.0 3.515689477274341e-19
4200570000.0 3.4691526112178944e-19
4214590000.0 3.423426150933163e-19
4228660000.0 3.377962961983052e-19
4242780000.0 3.333292642581842e-19
4256940000.0 3.2888877591339144e-19
4271160000.0 3.245258809915326e-19
4285420000.0 3.202414848874707e-19
4299720000.0 3.159825678130517e-19
4314080000.0 3.117997336580298e-19
4328480000.0 3.076938208501276e-19
4342930000.0 3.036116410734889e-19
4357430000.0 2.996047636457367e-19
4371980000.0 2.95621083842652e-19
4386570000.0 2.917124936375303e-19
4401220000.0 2.87825893795985e-19
4415910000.0 2.840134906647955e-19
4430650000.0 2.8027401690993815e-19
4445450000.0 2.7655560910199367e-19
4460290000.0 2.729099045430962e-19
4475180000.0 2.6928537037316824e-19
4490120000.0 2.657320551856726e-19
4505110000.0 2.6219939745621956e-19
4520150000.0 2.5873711392527126e-19
4535240000.0 2.5529497965810855e-19
4550380000.0 2.5192238181681396e-19
4565570000.0 2.4856942988466887e-19
4580810000.0 2.4528518371579044e-19
4596110000.0 2.4206854035855115e-19
4611450000.0 2.3882235076731233e-19
4626850000.0 2.356919442488435e-19
4642290000.0 2.325803030507789e-19
4657790000.0 2.2948633533315996e-19
4673340000.0 2.264586413239581e-19
4688950000.0 2.23448169811658e-19
4704600000.0 2.204558017327383e-19
4720310000.0 2.175758978136107e-19
4736060000.0 2.1466575199504658e-19
4751880000.0 2.118191542653401e-19
4767740000.0 2.090369127382652e-19
4783660000.0 2.0627053300340928e-19
4799630000.0 2.035203850037276e-19
4815650000.0 2.0083314178468574e-19
4831730000.0 1.9816125756103974e-19
4847860000.0 1.9555152024749302e-19
4864040000.0 1.929571082677405e-19
4880280000.0 1.9042368860841138e-19
4896580000.0 1.8790477132714981e-19
4912920000.0 1.8540105911114624e-19
4929330000.0 1.8295701924261478e-19
4945780000.0 1.805277379903805e-19
4962290000.0 1.7811240945872363e-19
4978860000.0 1.7575619857947878e-19
4995480000.0 1.734589492055911e-19
5012160000.0 1.7112996993392873e-19
5028890000.0 1.6885952860813474e-19
5045680000.0 1.6664678016281522e-19
5062530000.0 1.6444676014594765e-19
5079430000.0 1.6225973929189203e-19
5096390000.0 1.6008533853593737e-19
5113400000.0 1.5796784440148338e-19
5130470000.0 1.5590644889367886e-19
5147600000.0 1.5381319759828497e-19
5164790000.0 1.5177565772276108e-19
5182030000.0 1.4979363468265815e-19
5199330000.0 1.4777975085781872e-19
5216690000.0 1.45820702689295e-19
5234100000.0 1.4391628688570768e-19
5251580000.0 1.4202260517115743e-19
5269110000.0 1.401401581179765e-19
5286700000.0 1.3826862583790933e-19
5304350000.0 1.3645040506097219e-19
5322060000.0 1.3464272630392375e-19
5339830000.0 1.3284554561118107e-19
5357660000.0 1.3110083840342125e-19
5375540000.0 1.29366501958872e-19
5393490000.0 1.2764200805035621e-19
5411500000.0 1.2592755835887217e-19
5429560000.0 1.2426480162484363e-19
5447690000.0 1.2265281922300344e-19
5465880000.0 1.2100901428573494e-19
5484120000.0 1.1941607613379912e-19
5502430000.0 1.17832199935241e-19
5520800000.0 1.1625756635495686e-19
5539230000.0 1.1473277675179618e-19
5557730000.0 1.1321667400202202e-19
5576280000.0 1.1170962940090238e-19
5594900000.0 1.1021119928328834e-19
5613580000.0 1.0876165151224427e-19
5632320000.0 1.0732057562818495e-19
5651120000.0 1.0588793325007662e-19
5669990000.0 1.0450320659574987e-19
5688920000.0 1.03126578574404e-19
5707910000.0 1.0175801202211688e-19
5726970000.0 1.0039729445393006e-19
5746090000.0 9.908374888456584e-20
5765270000.0 9.777789831827581e-20
5784520000.0 9.647954005633952e-20
5803830000.0 9.518881053648852e-20
5823200000.0 9.39443339842196e-20
5842650000.0 9.266830819340515e-20
5862150000.0 9.147677702869194e-20
5881720000.0 9.025379648464495e-20
5901360000.0 8.90378711450556e-20
5921060000.0 8.786714352719498e-20
5940830000.0 8.670315872456893e-20
5960660000.0 8.554603417041547e-20
5980560000.0 8.443323832925425e-20
6000530000.0 8.332685139589019e-20
6020560000.0 8.218959186506383e-20
6040660000.0 8.113347203367401e-20
6060830000.0 8.004628787791596e-20
6081060000.0 7.900255760260775e-20
6101360000.0 7.792795650790808e-20
6121730000.0 7.689637842487247e-20
6142170000.0 7.587077802644652e-20
6162680000.0 7.48876613483309e-20
6183250000.0 7.387394053514517e-20
6203890000.0 7.290240784110764e-20
6224610000.0 7.193639362928796e-20
6245390000.0 7.097610738740655e-20
6266240000.0 7.005733480927896e-20
6287160000.0 6.910807898045049e-20
6308150000.0 6.820005107706543e-20
6329210000.0 6.729730164757552e-20
6350340000.0 6.639980802916265e-20
6371540000.0 6.554288060195844e-20
6392810000.0 6.465571287581885e-20
6414150000.0 6.380883147109953e-20
6435570000.0 6.296678381729087e-20
6457050000.0 6.212974554660909e-20
6478610000.0 6.129750085781083e-20
6500240000.0 6.050475932807707e-20
6521940000.0 5.968211687403278e-20
6543710000.0 5.889870426222239e-20
6565560000.0 5.811977878658716e-20
6587480000.0 5.734541122741672e-20
6609470000.0 5.660964199645801e-20
6631540000.0 5.584413050794345e-20
6653680000.0 5.51169527483428e-20
6675890000.0 5.43940279268442e-20
6698180000.0 5.3641646214174275e-20
6720540000.0 5.2960700920526093e-20
6742980000.0 5.225026470468231e-20
6765490000.0 5.154400802193559e-20
6788070000.0 5.087507612000166e-20
6810740000.0 5.0209916262179194e-20
6833480000.0 4.9548662205647636e-20
6856290000.0 4.8891295341157336e-20
6879180000.0 4.8237726947135893e-20
6902150000.0 4.758794195805262e-20
6925190000.0 4.6974501335411143e-20
6948310000.0 4.6332195027071416e-20
6971510000.0 4.572591695999196e-20
6994780000.0 4.512320911636343e-20
7018130000.0 4.452399057585989e-20
7041560000.0 4.392824704999497e-20
7065070000.0 4.333596420340712e-20
7088660000.0 4.2778886294926954e-20
7112320000.0 4.222508824578032e-20
7136070000.0 4.1642889286320235e-20
7159890000.0 4.1095593990726486e-20
7183800000.0 4.055142013517832e-20
7207780000.0 4.0010468060335546e-20
7231840000.0 3.9472666843397626e-20
7255990000.0 3.8968975520255184e-20
7280210000.0 3.843733301567507e-20
7304520000.0 3.793956918380776e-20
7328900000.0 3.744474990721216e-20
7353370000.0 3.6952759523242675e-20
7377920000.0 3.646363731185573e-20
7402550000.0 3.5977370594774287e-20
7427260000.0 3.549394667707958e-20
7452060000.0 3.5013305864051794e-20
7476940000.0 3.456559340978447e-20
7501900000.0 3.409047757099049e-20
7526950000.0 3.3648020191698053e-20
7552080000.0 3.32081462953239e-20
7577290000.0 3.2770844109975704e-20
7602590000.0 3.233605932427842e-20
7627970000.0 3.1903824103956094e-20
7653430000.0 3.147412663895038e-20
7678980000.0 3.107623188575285e-20
7704620000.0 3.065139812452094e-20
7730340000.0 3.025819214961605e-20
7756150000.0 2.9838221926336e-20
7782050000.0 2.9449626136772114e-20
7808030000.0 2.906331061245716e-20
7834090000.0 2.867351715473969e-20
7860250000.0 2.82945408491656e-20
7886490000.0 2.7920650128472365e-20
7912820000.0 2.755177092021567e-20
7939240000.0 2.7185030294348814e-20
7965740000.0 2.6826105433222336e-20
7992340000.0 2.6469229571460563e-20
8019020000.0 2.6120075606623177e-20
8045790000.0 2.5772948971931864e-20
8072650000.0 2.5433418612854712e-20
8099600000.0 2.509586132910805e-20
8126640000.0 2.4763038930798996e-20
8153770000.0 2.4434915332551198e-20
8181000000.0 2.4111425144208095e-20
8208310000.0 2.3792592048497162e-20
8235710000.0 2.3478350499179288e-20
8263210000.0 2.316591261042524e-20
8290790000.0 2.2860757627670435e-20
8318470000.0 2.255735498501955e-20
8346240000.0 2.2258422155571876e-20
8374110000.0 2.1963898081153426e-20
8402070000.0 2.1673775201608412e-20
8430120000.0 2.1385348518880908e-20
8458260000.0 2.1101271978274665e-20
8486500000.0 2.082413956616512e-20
8514830000.0 2.0545984302023205e-20
8543260000.0 2.027470682606615e-20
8571780000.0 2.0007645177837322e-20
8600400000.0 1.9742125218141817e-20
8629110000.0 1.9480772326334256e-20
8657920000.0 1.9220930760700205e-20
8686820000.0 1.8967799453976773e-20
8715820000.0 1.871613209702673e-20
8744920000.0 1.8468497124522963e-20
8774120000.0 1.8224862882388435e-20
8803410000.0 1.7982661031698018e-20
8832800000.0 1.7744413392317516e-20
8862290000.0 1.7510088689201832e-20
8891880000.0 1.7277123979090006e-20
8921560000.0 1.7048056064647662e-20
8951350000.0 1.682281550606423e-20
8981230000.0 1.6601409463454433e-20
9011220000.0 1.6381271775710026e-20
9041300000.0 1.616243360865877e-20
9071480000.0 1.5949834355534606e-20
9101770000.0 1.573845479869559e-20
9132160000.0 1.5530772645887163e-20
9162640000.0 1.532431763319374e-20
9193230000.0 1.5121499552443533e-20
9223930000.0 1.491984880006837e-20
9254720000.0 1.472425786978369e-20
9285620000.0 1.4527367480438736e-20
9316620000.0 1.433646209602884e-20
9347720000.0 1.4146671590772607e-20
9378930000.0 1.3957976062502827e-20
9410240000.0 1.3772778220368995e-20
9441660000.0 1.3591034757464633e-20
9473180000.0 1.341035533325471e-20
9504810000.0 1.3233089694876918e-20
9536540000.0 1.305922370260148e-20
9568380000.0 1.2886362702448183e-20
9600320000.0 1.2714515880813888e-20
9632370000.0 1.2546002662491376e-20
9664530000.0 1.2380795636256679e-20
9696790000.0 1.2216558472942228e-20
9729170000.0 1.2055575741648467e-20
9761650000.0 1.1895539139582606e-20
9794240000.0 1.1736432172934205e-20
9826940000.0 1.1582832752341757e-20
9859740000.0 1.1427852956568093e-20
9892660000.0 1.1278315495631483e-20
9925690000.0 1.1127378511002456e-20
9958820000.0 1.097959309174109e-20
9992070000.0 1.0834910639544848e-20
10025400000.0 1.0691102582865601e-20
10058900000.0 1.0550307362992724e-20
10092500000.0 1.041034368421642e-20
10126200000.0 1.027343062071298e-20
10160000000.0 1.0137326050194226e-20
10193900000.0 1.0002025935950215e-20
10227900000.0 9.869727346391272e-21
10262100000.0 9.738115635574364e-21
10296300000.0 9.609564719429594e-21
10330700000.0 9.483860589956244e-21
10365200000.0 9.3567286066353e-21
10399800000.0 9.232516080068297e-21
10434500000.0 9.11119753937948e-21
10469400000.0 8.99051146386766e-21
10504300000.0 8.870627334993952e-21
10539400000.0 8.753507156887558e-21
10574600000.0 8.637082815768392e-21
10609900000.0 8.523472528215254e-21
10645300000.0 8.410536707335405e-21
10680800000.0 8.298271818972751e-21
10716500000.0 8.188698688632817e-21
10752300000.0 8.079778033479626e-21
10788200000.0 7.973593168572627e-21
10824200000.0 7.868039974594655e-21
10860300000.0 7.763115085662432e-21
10896600000.0 7.66081088190764e-21
10933000000.0 7.55911688893898e-21
10969500000.0 7.460082105557024e-21
11006100000.0 7.361637307224693e-21
11042800000.0 7.26377930209581e-21
11079700000.0 7.166440227381745e-21
11116700000.0 7.071708880928897e-21
11153800000.0 6.979561859194701e-21
11191000000.0 6.885952586398589e-21
11228400000.0 6.79484756001302e-21
11265900000.0 6.7042879211881676e-21
11303500000.0 6.616262295655346e-21
11341200000.0 6.528762778768263e-21
11379100000.0 6.441729837526083e-21
11417100000.0 6.357190896198011e-21
11455200000.0 6.273158073867899e-21
11493400000.0 6.189628530683768e-21
11531800000.0 6.1084987044965145e-21
11570300000.0 6.02590957428089e-21
11608900000.0 5.947695558788266e-21
11647700000.0 5.8679663606007366e-21
11686600000.0 5.790643403854339e-21
11725600000.0 5.7137847639864105e-21
11764700000.0 5.6373877832595806e-21
11804000000.0 5.563309903252436e-21
11843400000.0 5.489677300629001e-21
11883000000.0 5.4164418233230055e-21
11922600000.0 5.345581068725603e-21
11962400000.0 5.2751012767863035e-21
12002400000.0 5.205002180969562e-21
12042500000.0 5.135326123338981e-21
12082700000.0 5.067933832910949e-21
12123000000.0 5.0009472412370326e-21
12163500000.0 4.9343234010046435e-21
12204100000.0 4.868101865006302e-21
12244800000.0 4.804118799203718e-21
12285700000.0 4.740482493814432e-21
12326700000.0 4.6772305382642746e-21
12367900000.0 4.616143581121398e-21
12409200000.0 4.555425548615579e-21
12450600000.0 4.495074232471492e-21
12492200000.0 4.435051933185401e-21
12533900000.0 4.377189294619441e-21
12575700000.0 4.317885876790932e-21
12617700000.0 4.260692088165962e-21
12659800000.0 4.2056228629288325e-21
12702100000.0 4.149080975602332e-21
12744500000.0 4.094648767660808e-21
12787000000.0 4.040545943435359e-21
12829700000.0 3.986739420092654e-21
12872600000.0 3.933228756989069e-21
12915500000.0 3.881816644778376e-21
12958700000.0 3.830656258270716e-21
13001900000.0 3.7798358418746754e-21
13045300000.0 3.729294842655052e-21
13088900000.0 3.6807527758993044e-21
13132600000.0 3.630791114241355e-21
13176400000.0 3.5828422319045005e-21
13220400000.0 3.5351575884275e-21
13264500000.0 3.489460213260221e-21
13308800000.0 3.4423223728939244e-21
13353300000.0 3.397132365266559e-21
13397800000.0 3.3522425495124e-21
13442600000.0 3.3075761271331823e-21
13487400000.0 3.263206434401278e-21
13532500000.0 3.220722756271932e-21
13577700000.0 3.1784978998767123e-21
13623000000.0 3.1365302188256746e-21
13668500000.0 3.094795435268558e-21
13714100000.0 3.0533153209378966e-21
13759900000.0 3.013702461350981e-21
13805800000.0 2.9727002226491392e-21
13851900000.0 2.9335526237496984e-21
13898200000.0 2.8946230766565027e-21
13944600000.0 2.8559315648391745e-21
13991100000.0 2.8190856168055514e-21
14037800000.0 2.7808404186095477e-21
14084700000.0 2.744408265890569e-21
14131700000.0 2.7081987713311698e-21
14178900000.0 2.6721916404694647e-21
14226200000.0 2.6364049096233908e-21
14273700000.0 2.6023961284515517e-21
14321400000.0 2.5670051177196854e-21
14369200000.0 2.5333981840537628e-21
14417200000.0 2.4999794190064617e-21
14465300000.0 2.4667653884188082e-21
14513600000.0 2.4337379744852567e-21
14562000000.0 2.402459152523464e-21
14610700000.0 2.369798043381995e-21
14659400000.0 2.338889653396372e-21
14708400000.0 2.308138866059955e-21
14757500000.0 2.277576853133234e-21
14806700000.0 2.247202355870732e-21
14856200000.0 2.2169842782965118e-21
14905800000.0 2.188462555981493e-21
14955500000.0 2.1586102690987527e-21
15005500000.0 2.1304134624788708e-21
15055600000.0 2.1023899773470997e-21
15105800000.0 2.0745386457299383e-21
15156300000.0 2.0468312982975792e-21
15206900000.0 2.019294697677232e-21
15257600000.0 1.9934031885087458e-21
15308600000.0 1.9661740342494632e-21
15359700000.0 1.940578772475665e-21
15411000000.0 1.9151283967606e-21
15462400000.0 1.8898346746534004e-21
15514000000.0 1.864684518772971e-21
15565800000.0 1.839677470809532e-21
15617800000.0 1.8148130675261654e-21
15669900000.0 1.7915389438385773e-21
15722200000.0 1.7669646771405566e-21
15774700000.0 1.7439584028213045e-21
15827400000.0 1.7210830071288524e-21
15880200000.0 1.698348746053398e-21
15933200000.0 1.675744127176157e-21
15986400000.0 1.6532687094761244e-21
16039800000.0 1.632325595479864e-21
16093400000.0 1.6101025672899384e-21
16147100000.0 1.589411463707582e-21
16201000000.0 1.5674485782160778e-21
16255100000.0 1.5469972873059828e-21
16309400000.0 1.5266629547436625e-21
16363800000.0 1.5064543677694114e-21
16418400000.0 1.4863615926347208e-21
16473200000.0 1.466384209608498e-21
16528200000.0 1.4478838693925745e-21
16583400000.0 1.4281314663641447e-21
16638800000.0 1.4098462129285047e-21
16694300000.0 1.3903254617973565e-21
16750100000.0 1.3722535486507696e-21
16806000000.0 1.3542935840549147e-21
16862100000.0 1.3364368484351618e-21
16918400000.0 1.3182837505095833e-21
16974900000.0 1.3008988646074817e-21
17031500000.0 1.2836217872195491e-21
17088400000.0 1.2667004122718644e-21
17145500000.0 1.249876771228795e-21
17202700000.0 1.2332885127948733e-21
17260100000.0 1.2169265345464807e-21
17317800000.0 1.200912216484058e-21
17375600000.0 1.1849974381505982e-21
17433600000.0 1.1693039103769576e-21
17491800000.0 1.1538299705852003e-21
17550200000.0 1.1384456876284421e-21
17608800000.0 1.123406391030833e-21
17667600000.0 1.1085817355875762e-21
17726500000.0 1.0938492587341206e-21
17785700000.0 1.0793227345648473e-21
17845100000.0 1.065132969789028e-21
17904700000.0 1.0510256166377746e-21
17964500000.0 1.0370003260456202e-21
18024400000.0 1.0233122256558494e-21
18084600000.0 1.0098225376780424e-21
18145000000.0 9.96411377772023e-22
18205600000.0 9.832020640006738e-22
18266300000.0 9.70198332721146e-22
18327300000.0 9.573879063208519e-22
18388500000.0 9.446521981697273e-22
18449900000.0 9.321128991750738e-22
18511500000.0 9.19768461380906e-22
18573300000.0 9.07617344743873e-22
18635300000.0 8.955372108530643e-22
18697500000.0 8.837685501014256e-22
18759900000.0 8.720686328622596e-22
18822600000.0 8.604325771011446e-22
18885400000.0 8.491077038181809e-22
18948500000.0 8.378446332760766e-22
19011700000.0 8.267703939937979e-22
19075200000.0 8.157567084671215e-22
19138900000.0 8.050429520528742e-22
19202800000.0 7.942747663268476e-22
19266900000.0 7.838035664497241e-22
19331200000.0 7.733938082498339e-22
19395700000.0 7.631612728369935e-22
19460500000.0 7.531006436117284e-22
19525500000.0 7.430991805816809e-22
19590600000.0 7.332752589407911e-22
19656000000.0 7.235053685980522e-22
19721700000.0 7.140177209040667e-22
19787500000.0 7.044757440620527e-22
19853600000.0 6.95213301805948e-22
19919900000.0 6.860054433928519e-22
19986400000.0 6.768519020407863e-22
20053100000.0 6.6797694131517035e-22
20120000000.0 6.5904238006512075e-22
20187200000.0 6.503804141121989e-22
20254600000.0 6.417695883711026e-22
20322200000.0 6.332096482406868e-22
20390100000.0 6.248076853104558e-22
20458100000.0 6.165685238089972e-22
20526400000.0 6.083750608789151e-22
20595000000.0 6.003365110089521e-22
20663700000.0 5.924574156975787e-22
20732700000.0 5.84513492953376e-22
20801900000.0 5.768331745557584e-22
20871400000.0 5.691956041390802e-22
20941100000.0 5.616033661395711e-22
21011000000.0 5.541633730435784e-22
21081100000.0 5.468743221790211e-22
21151500000.0 5.396259327025365e-22
21222100000.0 5.325266971573748e-22
21293000000.0 5.254671358629288e-22
21364000000.0 5.184520046861621e-22
21435400000.0 5.115788272771804e-22
21506900000.0 5.048536154553032e-22
21578700000.0 4.981660456957114e-22
21650800000.0 4.915160214990872e-22
21723100000.0 4.850093112036085e-22
21795600000.0 4.786446677337658e-22
21868300000.0 4.723179063717354e-22
21941400000.0 4.660245756314536e-22
22014600000.0 4.598732131188945e-22
22088100000.0 4.537564594190743e-22
22161800000.0 4.477778216109692e-22
22235800000.0 4.418328552452127e-22
22310100000.0 4.359214650918205e-22
22384600000.0 4.301460475480835e-22
22459300000.0 4.2450540379535075e-22
22534300000.0 4.188965805450806e-22
22609500000.0 4.133213124789624e-22
22685000000.0 4.0787685589268123e-22
22760700000.0 4.024649829468271e-22
22836700000.0 3.9708377299654593e-22
22912900000.0 3.9183309498749088e-22
22989400000.0 3.8671010584894865e-22
23066200000.0 3.815185349451785e-22
23143200000.0 3.7645544332751806e-22
23220500000.0 3.7151808372768205e-22
23298000000.0 3.6661034038886885e-22
23375800000.0 3.6173049724762746e-22
23453800000.0 3.5697597262100803e-22
23532100000.0 3.522484765811851e-22
23610700000.0 3.475479204281793e-22
23689500000.0 3.429706940149604e-22
23768600000.0 3.384195462450963e-22
23847900000.0 3.3389578947810865e-22
23927500000.0 3.294919749587321e-22
24007400000.0 3.251133010553054e-22
24087600000.0 3.2085314263776783e-22
24168000000.0 3.1661863842468782e-22
24248700000.0 3.1240834965561926e-22
24329600000.0 3.082234579746717e-22
24410900000.0 3.0415354615779077e-22
24492400000.0 3.0010820322491294e-22
24574100000.0 2.9617889466327486e-22
24656200000.0 2.922708849710705e-22
24738500000.0 2.8838648312155686e-22
24821100000.0 2.845244018750805e-22
24903900000.0 2.807760837449865e-22
24987100000.0 2.770481725599201e-22
25070500000.0 2.7343262141095997e-22
25154200000.0 2.6974832893428057e-22
25238200000.0 2.661745115812607e-22
25322400000.0 2.6271123442556592e-22
25407000000.0 2.5917822273898704e-22
25491800000.0 2.557549686392181e-22
25576900000.0 2.523514543977181e-22
25662300000.0 2.4905532942600845e-22
25748000000.0 2.457782059450488e-22
25833900000.0 2.4252094778632636e-22
25920200000.0 2.392815865371886e-22
26006700000.0 2.3614847357110208e-22
26093500000.0 2.3294717741834707e-22
26180700000.0 2.2993557712904035e-22
26268100000.0 2.2685654053405503e-22
26355800000.0 2.238807959758094e-22
26443700000.0 2.209231186541923e-22
26532000000.0 2.1798175271115982e-22
26620600000.0 2.150574762818689e-22
26709500000.0 2.122345047717864e-22
26798600000.0 2.0942869990577646e-22
26888100000.0 2.0663841660020052e-22
26977900000.0 2.038643801586025e-22
27068000000.0 2.0118969172048015e-22
27158300000.0 1.9853128839062645e-22
27249000000.0 1.9588762903256431e-22
27340000000.0 1.9334173297124446e-22
27431200000.0 1.9072926789360354e-22
27522800000.0 1.8821317850540262e-22
27614700000.0 1.85711763853816e-22
27706900000.0 1.8330621192322974e-22
27799400000.0 1.8083368198814405e-22
27892200000.0 1.7845634610762054e-22
27985300000.0 1.7609288929347676e-22
28078700000.0 1.7374324924538873e-22
28172500000.0 1.7148666509342592e-22
28266500000.0 1.6916421595126047e-22
28360900000.0 1.669341879116794e-22
28455600000.0 1.6471721944722282e-22
28550600000.0 1.625921021406458e-22
28645900000.0 1.6040081027772794e-22
28741600000.0 1.5830017580124612e-22
28837500000.0 1.5621240032885736e-22
28933800000.0 1.5413633384338568e-22
29030400000.0 1.5207246947448472e-22
29127300000.0 1.5002074958909372e-22
29224500000.0 1.4805814994600496e-22
29322100000.0 1.461065689936135e-22
29420000000.0 1.441664666987847e-22
29518200000.0 1.422377880043112e-22
29616800000.0 1.4039601710433788e-22
29715600000.0 1.384897758405136e-22
29814800000.0 1.3666984412014374e-22
29914400000.0 1.3486017951154486e-22
30014300000.0 1.3306119547972315e-22
30114500000.0 1.313475962380326e-22
30215000000.0 1.295695671824302e-22
30315900000.0 1.278759007596775e-22
30417100000.0 1.2619222632215063e-22
30518600000.0 1.2451849412118074e-22
30620500000.0 1.228542532652911e-22
30722700000.0 1.211998688114334e-22
30825300000.0 1.1962793610678527e-22
30928200000.0 1.180652876084593e-22
31031500000.0 1.1651150081534613e-22
31135100000.0 1.1496691665968238e-22
31239000000.0 1.1343148808317613e-22
31343300000.0 1.1190481109423073e-22
31448000000.0 1.1045844367926574e-22
31553000000.0 1.0894928996181065e-22
31658300000.0 1.075202401083052e-22
31764000000.0 1.0609932907305456e-22
31870000000.0 1.0468685785793069e-22
31976400000.0 1.0328245928835007e-22
32083200000.0 1.019562750710661e-22
32190300000.0 1.0056801693726911e-22
32297800000.0 9.92574407169468e-23
32405600000.0 9.79546529599771e-23
32513800000.0 9.665931497185393e-23
32622300000.0 9.537169262448982e-23
32731200000.0 9.409145712579815e-23
32840500000.0 9.288713316070819e-23
32950100000.0 9.162164089748643e-23
33060200000.0 9.043126855931245e-23
33170500000.0 8.924826034919265e-23
33281300000.0 8.800412703484915e-23
33392400000.0 8.690230741394814e-23
33503900000.0 8.573957674115061e-23
33615700000.0 8.458380459922445e-23
33727900000.0 8.343470525453594e-23
33840500000.0 8.23587787520592e-23
33953500000.0 8.128903086172728e-23
34066900000.0 8.015935422512675e-23
34180600000.0 7.910234347719373e-23
34294700000.0 7.805143122585021e-23
34409200000.0 7.707201961632487e-23
34524100000.0 7.603301445618114e-23
34639300000.0 7.500025264342063e-23
34755000000.0 7.403804834734918e-23
34871000000.0 7.301704073059901e-23
34987400000.0 7.206632519814558e-23
35104200000.0 7.112110417438596e-23
35221400000.0 7.018135520108117e-23
35339000000.0 6.924705574578344e-23
35457000000.0 6.831818320560459e-23
35575400000.0 6.745799633337323e-23
35694200000.0 6.653969893369698e-23
35813300000.0 6.562694419671037e-23
35932900000.0 6.47819914740311e-23
36052900000.0 6.394193538590172e-23
36173200000.0 6.310692952549236e-23
36294000000.0 6.227660119988716e-23
36415100000.0 6.142036445946125e-23
36536700000.0 6.061210637655147e-23
36658700000.0 5.980855786671565e-23
36781100000.0 5.901581898531091e-23
36903900000.0 5.82338079521215e-23
37027100000.0 5.746244337470669e-23
37150700000.0 5.670164425075535e-23
37274700000.0 5.595132997033106e-23
37399200000.0 5.521127269073378e-23
37524000000.0 5.447569075752803e-23
37649300000.0 5.375623086588408e-23
37775000000.0 5.304694193736613e-23
37901100000.0 5.234180539955521e-23
38027600000.0 5.1646722269240937e-23
38154600000.0 5.096738121447343e-23
38282000000.0 5.029202212020556e-23
38409800000.0 4.9626487628607774e-23
38538000000.0 4.896485905415145e-23
38666700000.0 4.831863759575384e-23
38795800000.0 4.7676212126533834e-23
38925300000.0 4.704913177025442e-23
39055200000.0 4.642573453406429e-23
39185600000.0 4.5811631110523226e-23
39316500000.0 4.52010264574479e-23
39447700000.0 4.4605548961466414e-23
39579400000.0 4.401346333749948e-23
39711600000.0 4.343042723196353e-23
39844100000.0 4.2856587637845706e-23
39977200000.0 4.2285917296292216e-23
40110600000.0 4.172994756390666e-23
40244500000.0 4.117715207236607e-23
40378900000.0 4.062751977879134e-23
40513700000.0 4.009225206778438e-23
40648900000.0 3.9560145214294956e-23
40784700000.0 3.903651190754721e-23
40920800000.0 3.8521573228816546e-23
41057400000.0 3.800958561350136e-23
41194500000.0 3.750600330494154e-23
41332000000.0 3.701085048182246e-23
41470000000.0 3.6518540899058546e-23
41608500000.0 3.603447459641318e-23
41747400000.0 3.555867209927771e-23
41886800000.0 3.5085606418965276e-23
42026600000.0 3.462070632632836e-23
42166900000.0 3.4163822814336754e-23
42307700000.0 3.370957116472041e-23
42448900000.0 3.3263323051788274e-23
42590600000.0 3.2824934375474806e-23
42732800000.0 3.238907411007795e-23
42875500000.0 3.1960983042572313e-23
43018600000.0 3.1535438874172555e-23
43162300000.0 3.112271555145129e-23
43306400000.0 3.070724913520184e-23
43450900000.0 3.029944071682363e-23
43596000000.0 2.9899088208280283e-23
43741500000.0 2.950626879748913e-23
43887600000.0 2.911565598671503e-23
44034100000.0 2.8727374256763244e-23
44181100000.0 2.834644234816585e-23
44328600000.0 2.7972800031785134e-23
44476600000.0 2.7601325707213025e-23
44625100000.0 2.72370551237196e-23
44774100000.0 2.687490076302077e-23
44923500000.0 2.6519924006305504e-23
45073500000.0 2.6166952154613296e-23
45224000000.0 2.5821014416599327e-23
45375000000.0 2.5482052235884113e-23
45526500000.0 2.51401174752851e-23
45678500000.0 2.4810036421010965e-23
45831000000.0 2.4481877748155866e-23
45984000000.0 2.4155633035279958e-23
46137500000.0 2.383617331031209e-23
46291500000.0 2.351857819933972e-23
46446100000.0 2.320763649728553e-23
46601100000.0 2.2903392291384556e-23
46756700000.0 2.2600875243623008e-23
46912800000.0 2.230012731060553e-23
47069400000.0 2.200592333197514e-23
47226600000.0 2.1713394630720108e-23
47384200000.0 2.142737714773891e-23
47542400000.0 2.1142989113309677e-23
47701200000.0 2.0860225046693546e-23
47860400000.0 2.0583869223109087e-23
48020200000.0 2.0313780207614107e-23
48180500000.0 2.0045274791371024e-23
48341400000.0 1.9778304638376884e-23
48502700000.0 1.9517586356991288e-23
48664700000.0 1.9258319392677862e-23
48827100000.0 1.9000617192101505e-23
48990100000.0 1.874898932322442e-23
49153700000.0 1.8503384570816895e-23
49317800000.0 1.8259224185049378e-23
49482500000.0 1.8016464787516675e-23
49647700000.0 1.7775137039241686e-23
49813400000.0 1.7539753353709118e-23
49979700000.0 1.7310227040734062e-23
50146600000.0 1.7082018704077616e-23
50314000000.0 1.6855156891998667e-23
50482000000.0 1.662960200828302e-23
50650500000.0 1.6409826151605496e-23
50819600000.0 1.619131654719134e-23
50989300000.0 1.597848347600426e-23
51159500000.0 1.5766908288869188e-23
51330300000.0 1.5556554349103402e-23
51501700000.0 1.5351788096291772e-23
51673600000.0 1.5148233687836677e-23
51846100000.0 1.4950198332689118e-23
52019200000.0 1.4748978474667828e-23
52192900000.0 1.4553239435901754e-23
52367100000.0 1.4362960832857668e-23
52541900000.0 1.417378210355174e-23
52717300000.0 1.398569876649353e-23
52893400000.0 1.3798680237215485e-23
53069900000.0 1.361704233712568e-23
53247100000.0 1.3436431974603662e-23
53424900000.0 1.3256870838556764e-23
53603200000.0 1.3082578781161052e-23
53782200000.0 1.2909274350656036e-23
53961800000.0 1.2736978066731911e-23
54141900000.0 1.2569866910701754e-23
54322700000.0 1.2403704004839093e-23
54504000000.0 1.2238531223301443e-23
54686000000.0 1.2078415796320804e-23
54868500000.0 1.1915150960728812e-23
55051700000.0 1.176099788241153e-23
55235500000.0 1.1603665533324266e-23
55419900000.0 1.1451315036662617e-23
55604900000.0 1.1299853085514846e-23
55790600000.0 1.1149255743246183e-23
55976800000.0 1.0999559355010585e-23
56163700000.0 1.0854728711420201e-23
56351200000.0 1.0710744753538969e-23
56539400000.0 1.0567584951054655e-23
56728100000.0 1.0429251668914035e-23
56917500000.0 1.0291709063416086e-23
57107500000.0 1.015497210759791e-23
57298200000.0 1.0019019596641962e-23
57489500000.0 9.887781836015297e-24
57681400000.0 9.757313086556369e-24
57874000000.0 9.62759312092103e-24
58067200000.0 9.498635537609437e-24
58261000000.0 9.374300834012359e-24
58455600000.0 9.250663961901231e-24
58650700000.0 9.127769722991081e-24
58846500000.0 9.005583256321998e-24
59043000000.0 8.88791478559186e-24
59240100000.0 8.770938102370658e-24
59437900000.0 8.654635306274209e-24
59636300000.0 8.539018105807095e-24
59835400000.0 8.427831505221319e-24
60035200000.0 8.313535506503978e-24
60235600000.0 8.203653497669879e-24
60436700000.0 8.094406451848296e-24
60638500000.0 7.989504430093493e-24
60840900000.0 7.881520295860194e-24
61044000000.0 7.777851027852123e-24
61247800000.0 7.674781594114555e-24
61452300000.0 7.57230954896422e-24
61657500000.0 7.474083676166676e-24
61863300000.0 7.372798803798882e-24
62069800000.0 7.275730555060339e-24
62277100000.0 7.17921381332652e-24
62485000000.0 7.086872352292202e-24
62693600000.0 6.991474330719741e-24
62902900000.0 6.900211237629303e-24
63112900000.0 6.805910893445004e-24
63323600000.0 6.715716983651694e-24
63535000000.0 6.62959163510909e-24
63747100000.0 6.540434104386195e-24
63959900000.0 6.455317088463346e-24
64173500000.0 6.367177071617848e-24
64387700000.0 6.283059751414595e-24
64602700000.0 6.199423474666649e-24
64818400000.0 6.119749170747274e-24
65034800000.0 6.037076737375292e-24
65251900000.0 5.958338882732496e-24
65469700000.0 5.880060358982713e-24
65688300000.0 5.8022302666808004e-24
65907600000.0 5.724855664128664e-24
66127600000.0 5.647934476851485e-24
66348400000.0 5.574849323350535e-24
66569900000.0 5.498809335566202e-24
66792200000.0 5.4265792790423855e-24
67015100000.0 5.3547804816466906e-24
67238900000.0 5.28338700349868e-24
67463300000.0 5.215757864129416e-24
67688600000.0 5.14518277005387e-24
67914600000.0 5.078338465876895e-24
68141300000.0 5.008582262278373e-24
68368800000.0 4.942523689667858e-24
68597000000.0 4.8768535177885115e-24
68826000000.0 4.814833842980001e-24
69055800000.0 4.749910379758343e-24
69286400000.0 4.68536348155036e-24
69517700000.0 4.6244366779294174e-24
69749800000.0 4.563861616269822e-24
69982600000.0 4.503643309618389e-24
70216300000.0 4.443767353120327e-24
70450700000.0 4.3842450808026864e-24
70685900000.0 4.325068623746869e-24
70921900000.0 4.269410827123078e-24
71158700000.0 4.2140748390424715e-24
71396200000.0 4.1559119472209246e-24
71634600000.0 4.101225944934514e-24
71873700000.0 4.046863311389802e-24
72113700000.0 3.992811339491229e-24
72354400000.0 3.942191280601157e-24
72596000000.0 3.888757566559586e-24
72838400000.0 3.83872696273421e-24
73081500000.0 3.785911475698375e-24
73325500000.0 3.736470603155935e-24
73570300000.0 3.687317584842936e-24
73815900000.0 3.638451155003596e-24
74062400000.0 3.589865198982069e-24
74309600000.0 3.541568222861506e-24
74557700000.0 3.4965688306591724e-24
74806600000.0 3.448821569301333e-24
75056400000.0 3.404349629054754e-24
75307000000.0 3.357147585199848e-24
75558400000.0 3.3132030997312415e-24
75810600000.0 3.2695155688362988e-24
76063700000.0 3.2260795737639527e-24
76317700000.0 3.1828941486312777e-24
76572500000.0 3.1429024630345578e-24
76828100000.0 3.1002134732318216e-24
77084600000.0 3.05777188484976e-24
77341900000.0 3.018491409166393e-24
77600100000.0 2.979436866735e-24
77859200000.0 2.937715911471101e-24
78119100000.0 2.899123886195913e-24
78380000000.0 2.86190019569399e-24
78641600000.0 2.823753273359283e-24
78904200000.0 2.7863946246746497e-24
79167600000.0 2.749540401445268e-24
79431900000.0 2.7131832833638146e-24
79697100000.0 2.6773195564877117e-24
79963200000.0 2.64166398549442e-24
80230100000.0 2.6067801488810767e-24
80498000000.0 2.5723753516828098e-24
80766700000.0 2.538173654448949e-24
81036400000.0 2.5047234868790653e-24
81306900000.0 2.471470916336393e-24
81578300000.0 2.43868792978009e-24
81850700000.0 2.4063679975326977e-24
82124000000.0 2.3745105838546935e-24
82398100000.0 2.343114974016136e-24
82673200000.0 2.3121718926041082e-24
82949200000.0 2.2814093045236953e-24
83226200000.0 2.2510942067896736e-24
83504000000.0 2.2214981546005723e-24
83782800000.0 2.1920722049205046e-24
84062500000.0 2.1630860963952296e-24
84343100000.0 2.134269463963671e-24
84624700000.0 2.1061511108715333e-24
84907200000.0 2.0781972435589234e-24
85190700000.0 2.0506689662557656e-24
85475100000.0 2.0235653778476624e-24
85760500000.0 1.9966182724276136e-24
86046800000.0 1.9703525862125688e-24
86334100000.0 1.9442385856585407e-24
86622300000.0 1.9182778804175177e-24
86911500000.0 1.8929856329945212e-24
87201600000.0 1.8678418703683912e-24
87492800000.0 1.8430989871554246e-24
87784900000.0 1.8187580677637134e-24
88077900000.0 1.7945602602045398e-24
88372000000.0 1.771010370027088e-24
88667000000.0 1.747345067258792e-24
88963000000.0 1.724323448799641e-24
89260100000.0 1.7014335506288883e-24
89558100000.0 1.6789300285354384e-24
89857000000.0 1.656809714589097e-24
90157000000.0 1.6348161280775241e-24
90458000000.0 1.6131994673052802e-24
90760000000.0 1.5917086510347807e-24
91063000000.0 1.570590355484612e-24
91367000000.0 1.5498415678990944e-24
91672100000.0 1.5294576228333458e-24
91978100000.0 1.5091941424974524e-24
92285200000.0 1.4890472943651759e-24
92593300000.0 1.469504491363619e-24
92902400000.0 1.4498333783760807e-24
93212600000.0 1.4307588879683508e-24
93523800000.0 1.4117958358196672e-24
93836000000.0 1.3931836339846853e-24
94149300000.0 1.3746788087340262e-24
94463600000.0 1.3565206944776698e-24
94779000000.0 1.3384674767889427e-24
95095400000.0 1.3207568642590534e-24
95412900000.0 1.3031486899186755e-24
95731400000.0 1.2858790489054338e-24
96051000000.0 1.268943791814687e-24
96371700000.0 1.2521065698000489e-24
96693400000.0 1.2356010844294345e-24
97016200000.0 1.2191912390048134e-24
97340100000.0 1.2031079163168244e-24
97665100000.0 1.1871179027984803e-24
97991200000.0 1.1714505497565012e-24
98318300000.0 1.1558753714618198e-24
98646500000.0 1.1406189837029479e-24
98975900000.0 1.1254501309683577e-24
99306300000.0 1.110597427139387e-24
99637900000.0 1.0958300299359297e-24
99970500000.0 1.0813749778178268e-24
100304000000.0 1.0670062161042524e-24
100639000000.0 1.0529406929666199e-24
100975000000.0 1.0389582104363889e-24
101312000000.0 1.0252805671324613e-24
101650000000.0 1.0116836629201524e-24
101990000000.0 9.981573081120017e-25
102330000000.0 9.84940838385766e-25
102672000000.0 9.720122404243676e-25
103015000000.0 9.591601757577626e-25
103359000000.0 9.463842554835198e-25
103704000000.0 9.339011767966441e-25
104050000000.0 9.214920232053558e-25
104397000000.0 9.093720605925282e-25
104746000000.0 8.973152674549773e-25
105096000000.0 8.853301267412647e-25
105446000000.0 8.736380480466182e-25
105798000000.0 8.620070344302107e-25
106152000000.0 8.506492149194929e-25
106506000000.0 8.393668966595362e-25
106862000000.0 8.283544997124327e-25
107218000000.0 8.172052620059743e-25
107576000000.0 8.065333741128951e-25
107935000000.0 7.957163302563414e-25
108296000000.0 7.8516438814019405e-25
108657000000.0 7.7488975095028875e-25
109020000000.0 7.646691319022253e-25
109384000000.0 7.545094515738653e-25
109749000000.0 7.444103813422515e-25
110116000000.0 7.345693691386235e-25
110483000000.0 7.247937362508857e-25
110852000000.0 7.152730189036495e-25
111222000000.0 7.058091296758564e-25
111594000000.0 6.963955172330846e-25
111966000000.0 6.872455236283553e-25
112340000000.0 6.781440559643584e-25
112715000000.0 6.690970518165249e-25
113091000000.0 6.603032757967125e-25
113469000000.0 6.515562958231098e-25
113848000000.0 6.428617533762462e-25
114228000000.0 6.344164397973188e-25
114609000000.0 6.260216673381443e-25
114992000000.0 6.17671781156486e-25
115376000000.0 6.095671739763792e-25
115761000000.0 6.01511139940488e-25
116147000000.0 5.935034041051678e-25
116535000000.0 5.857318513898644e-25
116924000000.0 5.778143931756521e-25
117314000000.0 5.703283849493471e-25
117706000000.0 5.626911591343062e-25
118099000000.0 5.552905581024429e-25
118493000000.0 5.479344236842528e-25
118889000000.0 5.406179521225339e-25
119286000000.0 5.335343156224245e-25
119684000000.0 5.2630517377104955e-25
120084000000.0 5.194902543237877e-25
120485000000.0 5.125294797166314e-25
120887000000.0 5.057969314009097e-25
121290000000.0 4.991048967669653e-25
121695000000.0 4.924490916756534e-25
122102000000.0 4.860138581942549e-25
122509000000.0 4.794376200592475e-25
122918000000.0 4.730803893457803e-25
123329000000.0 4.6694029643095885e-25
123740000000.0 4.6065905705754e-25
124153000000.0 4.5459341490925795e-25
124568000000.0 4.48560792195092e-25
124984000000.0 4.425646905450883e-25
125401000000.0 4.367844149821714e-25
125820000000.0 4.310356029508124e-25
126240000000.0 4.253215835184026e-25
126661000000.0 4.196421459127521e-25
127084000000.0 4.141709704031182e-25
127508000000.0 4.085563317031231e-25
127934000000.0 4.0314858053415505e-25
128361000000.0 3.9777362486511767e-25
128790000000.0 3.9260301762348775e-25
129220000000.0 3.874637441429082e-25
129651000000.0 3.8218197142637836e-25
130084000000.0 3.772755279279684e-25
130518000000.0 3.7222629946367128e-25
130954000000.0 3.672049309820018e-25
131391000000.0 3.6238547183138506e-25
131830000000.0 3.5759253983901966e-25
132270000000.0 3.528287557613851e-25
132712000000.0 3.4826094958482804e-25
133155000000.0 3.4355181659631367e-25
133599000000.0 3.3903988619394934e-25
134045000000.0 3.345528544322333e-25
134493000000.0 3.300906737831114e-25
134942000000.0 3.258225402396446e-25
135392000000.0 3.2141406317774616e-25
135844000000.0 3.1719585022281094e-25
136298000000.0 3.130010221248563e-25
136753000000.0 3.0883178832990705e-25
137209000000.0 3.046879853754921e-25
137667000000.0 3.0073079707159203e-25
138127000000.0 2.9679555405911813e-25
138588000000.0 2.9272187874440743e-25
139051000000.0 2.8883296478629343e-25
139515000000.0 2.8512918367724393e-25
139981000000.0 2.8128510952057525e-25
140448000000.0 2.776248603755941e-25
140917000000.0 2.73984983105397e-25
141387000000.0 2.7020811474415743e-25
141859000000.0 2.667699110576475e-25
142333000000.0 2.631926418115167e-25
142808000000.0 2.5963730156006947e-25
143285000000.0 2.562590770463414e-25
143763000000.0 2.5290151115363246e-25
144243000000.0 2.495627381666652e-25
144725000000.0 2.4624270951645477e-25
145208000000.0 2.429430487863172e-25
145693000000.0 2.396619763582202e-25
146179000000.0 2.365550662825416e-25
146667000000.0 2.3346556312376406e-25
147157000000.0 2.3039341967579225e-25
147648000000.0 2.27340127680619e-25
148141000000.0 2.2430404738961865e-25
148636000000.0 2.212851300956899e-25
149132000000.0 2.1843574771761436e-25
149630000000.0 2.154519190080915e-25
150129000000.0 2.1263642582646275e-25
150631000000.0 2.0983540774887855e-25
151133000000.0 2.0705299726956803e-25
151638000000.0 2.0428496793720523e-25
152144000000.0 2.015339895085066e-25
152652000000.0 1.9894612091990517e-25
153162000000.0 1.9622586922595461e-25
153673000000.0 1.9366891082538115e-25
154186000000.0 1.9112642188105232e-25
154701000000.0 1.8859835705674216e-25
155217000000.0 1.8608586936945183e-25
155736000000.0 1.8358649468845574e-25
156256000000.0 1.8124663953286477e-25
156777000000.0 1.7877756850641646e-25
157301000000.0 1.7646460879318264e-25
157826000000.0 1.7402326219165132e-25
158353000000.0 1.7173810378524896e-25
158881000000.0 1.6946703834159842e-25
159412000000.0 1.6720787072991665e-25
159944000000.0 1.65103425436442e-25
160478000000.0 1.6287061683253936e-25
161014000000.0 1.6065062303960042e-25
161551000000.0 1.5858373273645493e-25
162091000000.0 1.565276406248085e-25
162632000000.0 1.543458259540669e-25
163175000000.0 1.5231457978103641e-25
163720000000.0 1.5029497156718436e-25
164266000000.0 1.4828786196892986e-25
164815000000.0 1.4642798132791234e-25
165365000000.0 1.4444343683227214e-25
165917000000.0 1.4247033228046246e-25
166471000000.0 1.4064385946710918e-25
167027000000.0 1.3882784063487205e-25
167584000000.0 1.3688871805738961e-25
168144000000.0 1.3509392387061818e-25
168705000000.0 1.3333694358498819e-25
169268000000.0 1.315634548519335e-25
169833000000.0 1.2982670746015962e-25
170400000000.0 1.2811318545893065e-25
170969000000.0 1.26409550247836e-25
171540000000.0 1.2474201069298902e-25
172113000000.0 1.2308410539720068e-25
172687000000.0 1.2144953593552345e-25
173264000000.0 1.1984970862844936e-25
173842000000.0 1.1825982109905295e-25
174423000000.0 1.1669137089214013e-25
175005000000.0 1.1514554105685115e-25
175589000000.0 1.1362148598206607e-25
176175000000.0 1.1211904103006696e-25
176764000000.0 1.106374163673337e-25
177354000000.0 1.0916501731023098e-25
177946000000.0 1.0772647442007464e-25
178540000000.0 1.062962806893161e-25
179136000000.0 1.0488696829951923e-25
179734000000.0 1.0349837656899163e-25
180334000000.0 1.0213034556498435e-25
180936000000.0 1.0077027379836315e-25
181540000000.0 9.94429288678966e-26
182146000000.0 9.812330961632572e-26
182754000000.0 9.682370105162603e-26
183364000000.0 9.55439466444817e-26
183977000000.0 9.427114151795402e-26
184591000000.0 9.303067807970635e-26
185207000000.0 9.179744821617717e-26
185825000000.0 9.058353476686268e-26
186446000000.0 8.937623067446331e-26
187068000000.0 8.820053982745465e-26
187693000000.0 8.703125031063272e-26
188319000000.0 8.588122072961926e-26
188948000000.0 8.473746612088381e-26
189579000000.0 8.361229436041237e-26
190212000000.0 8.250555600284297e-26
190847000000.0 8.141710242335066e-26
191484000000.0 8.033502890040752e-26
192123000000.0 7.927102358207165e-26
192765000000.0 7.822453409730685e-26
193408000000.0 7.718459302033191e-26
194054000000.0 7.616196770178217e-26
194702000000.0 7.515691906525463e-26
195352000000.0 7.415777893896544e-26
196004000000.0 7.317600492154561e-26
196658000000.0 7.221145423993308e-26
197315000000.0 7.125221431310795e-26
197974000000.0 7.031000246689623e-26
198635000000.0 6.938467768262399e-26
199298000000.0 6.846480383443245e-26
199963000000.0 6.755035430405336e-26
200631000000.0 6.666341215784546e-26
201301000000.0 6.578170298001481e-26
201973000000.0 6.490520088585717e-26
202647000000.0 6.404498930344285e-26
203323000000.0 6.320093161199972e-26
204002000000.0 6.23615508128276e-26
204683000000.0 6.153813663863915e-26
205367000000.0 6.071929645120539e-26
206052000000.0 5.991652761875207e-26
206740000000.0 5.911822068058191e-26
207430000000.0 5.833550016884824e-26
208123000000.0 5.756795701801896e-26
208818000000.0 5.680496430814457e-26
209515000000.0 5.605724371644697e-26
210214000000.0 5.531395529129669e-26
210916000000.0 5.457481735836966e-26
211620000000.0 5.385071269363686e-26
212327000000.0 5.314126194225536e-26
213036000000.0 5.243602784787114e-26
213747000000.0 5.174552061409601e-26
214460000000.0 5.1059115736283163e-26
215176000000.0 5.0387019875923315e-26
215895000000.0 4.9718691108363156e-26
216616000000.0 4.905434614644556e-26
217339000000.0 4.840432197991674e-26
218064000000.0 4.7768494050572674e-26
218792000000.0 4.7136233676254317e-26
219523000000.0 4.650753128531403e-26
220256000000.0 4.5892806571050194e-26
220991000000.0 4.5281750016428136e-26
221729000000.0 4.4684293410262046e-26
222469000000.0 4.4090404367563644e-26
223212000000.0 4.350995424460747e-26
223957000000.0 4.2932972152900464e-26
224705000000.0 4.236926923728096e-26
225455000000.0 4.180893590064229e-26
226208000000.0 4.1251771126553437e-26
226963000000.0 4.0707863856345626e-26
227720000000.0 4.0167210459600154e-26
228481000000.0 3.9629445893936564e-26
229244000000.0 3.9104730988122596e-26
230009000000.0 3.8592949562435026e-26
230777000000.0 3.808406609484939e-26
231547000000.0 3.7578233820502964e-26
232320000000.0 3.7075275876811896e-26
233096000000.0 3.658484117652025e-26
233874000000.0 3.609735236094388e-26
234655000000.0 3.5622234749572334e-26
235438000000.0 3.514997071100844e-26
236224000000.0 3.468992725240533e-26
237013000000.0 3.422300331361446e-26
237804000000.0 3.3777827611393324e-26
238598000000.0 3.332574911907715e-26
239395000000.0 3.288566144340377e-26
240194000000.0 3.2448224161193535e-26
240996000000.0 3.202263045453069e-26
241800000000.0 3.159959860986947e-26
242608000000.0 3.1178856586397796e-26
243418000000.0 3.076065506067404e-26
244230000000.0 3.035419682398476e-26
245046000000.0 2.9959130567325006e-26
245864000000.0 2.955728966324214e-26
246685000000.0 2.916688523599851e-26
247508000000.0 2.877883827238399e-26
248334000000.0 2.840208583486927e-26
249163000000.0 2.802749390684666e-26
249995000000.0 2.765505448071699e-26
250830000000.0 2.7284759500466665e-26
251667000000.0 2.6925653216407183e-26
252508000000.0 2.656850678206251e-26
253351000000.0 2.621352452935466e-26
254196000000.0 2.586954970756546e-26
255045000000.0 2.5527453829293203e-26
255896000000.0 2.5187431090442453e-26
256751000000.0 2.4858043523351112e-26
257608000000.0 2.4521912895141838e-26
258468000000.0 2.4205150600275632e-26
259331000000.0 2.3881531832662127e-26
260197000000.0 2.355978815297702e-26
261065000000.0 2.3248624389713314e-26
261937000000.0 2.2947767274104585e-26
262811000000.0 2.2640168199723286e-26
263689000000.0 2.2342806999587026e-26
264569000000.0 2.204725279639992e-26
265452000000.0 2.175341235050916e-26
266339000000.0 2.1461197967417407e-26
267228000000.0 2.1179189521819926e-26
268120000000.0 2.0898817356518748e-26
269015000000.0 2.062007457473642e-26
269913000000.0 2.0351294957011748e-26
270814000000.0 2.008407537919423e-26
271718000000.0 1.981840917329842e-26
272626000000.0 1.9554217931376666e-26
273536000000.0 1.929163960783476e-26
274449000000.0 1.9038797400224325e-26
275365000000.0 1.878742717345939e-26
276285000000.0 1.8537455379572264e-26
277207000000.0 1.8289010867224132e-26
278132000000.0 1.8050113159623348e-26
279061000000.0 1.781254389238956e-26
279993000000.0 1.7576362798340976e-26
280927000000.0 1.7341625357611218e-26
281865000000.0 1.7108200821951672e-26
282806000000.0 1.6884106152052831e-26
283750000000.0 1.666132167117356e-26
284698000000.0 1.6439783644260033e-26
285648000000.0 1.6219602530777699e-26
286602000000.0 1.6008512799582406e-26
287559000000.0 1.579865887369286e-26
288519000000.0 1.5590035001974126e-26
289482000000.0 1.5382635432976495e-26
290448000000.0 1.5176454415534727e-26
291418000000.0 1.4979160023313048e-26
292391000000.0 1.4775323513200376e-26
293367000000.0 1.4580363984152218e-26
294347000000.0 1.4386501865245427e-26
295329000000.0 1.4201453125281604e-26
296315000000.0 1.400984416457791e-26
297304000000.0 1.382693895518997e-26
298297000000.0 1.3645063626656302e-26
299293000000.0 1.3464260207046576e-26
