WAVE FLUX
0.000129662 0.0
0.000133601 0.0
0.00013766 0.0
0.000141842 0.0
0.00014615 0.0
0.00015059 0.0
0.000155165 0.0
0.000159879 0.0
0.000164736 0.0
0.00016974 0.0
0.000174896 0.0
0.00018021 0.0
0.000185684 0.0
0.000191325 0.0
0.000197137 0.0
0.000203126 0.0
0.000209296 0.0
0.000215654 0.0
0.000222206 0.0
0.000228956 0.0
0.000235911 0.0
0.000243078 0.0
0.000250462 0.0
0.000258071 0.0
0.000265911 0.0
0.000273989 0.0
0.000282312 0.0
0.000290888 0.0
0.000299725 0.0
0.00030883 0.0
0.000318212 0.0
0.000327879 0.0
0.00033784 0.0
0.000348103 0.0
0.000358677 0.0
0.000369574 0.0
0.000380801 0.0
0.000392369 0.0
0.000404288 0.0
0.00041657 0.0
0.000429225 0.0
0.000442264 0.0
0.000455699 0.0
0.000469543 0.0
0.000483807 0.0
0.000498504 0.0
0.000513648 0.0
0.000529252 0.0
0.00054533 0.0
0.000561896 0.0
0.000578966 0.0
0.000596554 0.0
0.000614676 0.0
0.000633349 0.0
0.00065259 0.0
0.000672414 0.0
0.000692841 0.0
0.000713889 0.0
0.000735576 0.0
0.000757921 0.0
0.000780946 0.0
0.00080467 0.0
0.000829115 0.0
0.000854302 0.0
0.000880254 0.0
0.000906995 0.0
0.000934548 0.0
0.000962938 0.0
0.000992191 0.0
0.00102233 0.0
0.00105339 0.0
0.00108539 0.0
0.00111836 0.0
0.00115234 0.0
0.00118734 0.0
0.00122341 0.0
0.00126058 0.0
0.00129887 0.0
0.00133833 0.0
0.00137899 0.0
0.00142088 0.0
0.00146404 0.0
0.00150852 0.0
0.00155434 0.0
0.00160156 0.0
0.00165022 0.0
0.00170035 0.0
0.001752 0.0
0.00180522 0.0
0.00186006 0.0
0.00191657 0.0
0.00197479 0.0
0.00203478 0.0
0.0020966 0.0
0.00216029 0.0
0.00222592 0.0
0.00229354 0.0
0.00236321 0.0
0.002435 0.0
0.00250897 0.0
0.00258519 0.0
0.00266373 0.0
0.00274465 0.0
0.00282803 0.0
0.00291394 0.0
0.00300246 0.0
0.00309367 0.0
0.00318765 0.0
0.00328449 0.0
0.00338426 0.0
0.00348707 0.0
0.003593 0.0
0.00370215 0.0
0.00381462 0.0
0.0039305 0.0
0.00404991 0.0
0.00417294 0.0
0.0042997 0.0
0.00443032 0.0
0.00456491 0.0
0.00470358 0.0
0.00484647 0.0
0.0049937 0.0
0.0051454 0.0
0.00530171 0.0
0.00546277 0.0
0.00562872 0.0
0.00579971 0.0
0.0059759 0.0
0.00615744 0.0
0.00634449 0.0
0.00653723 0.0
0.00673582 0.0
0.00694045 0.0
0.00715129 0.0
0.00736853 0.0
0.00759238 0.0
0.00782302 0.0
0.00806067 0.0
0.00830554 0.0
0.00855786 0.0
0.00881783 0.0
0.0090857 0.0
0.00936171 0.0
0.00964611 0.0
0.00993914 0.0
0.0102411 0.0
0.0105522 0.0
0.0108727 0.0
0.011203 0.0
0.0115434 0.0
0.011894 0.0
0.0122554 0.0
0.0126277 0.0
0.0130113 0.0
0.0134065 0.0
0.0138138 0.0
0.0142335 0.0
0.0146659 0.0
0.0151114 0.0
0.0155704 0.0
0.0160434 0.0
0.0165308 0.0
0.017033 0.0
0.0175504 0.0
0.0180836 0.0
0.018633 0.0
0.019199 0.0
0.0197822 0.0
0.0203832 0.0
0.0210024 0.0
0.0216404 0.0
0.0222978 0.0
0.0229752 0.0
0.0236732 0.0
0.0243923 0.0
0.0251333 0.0
0.0258968 0.0
0.0266835 0.0
0.0274941 0.0
0.0283294 0.0
0.02919 0.0
0.0300767 0.0
0.0309904 0.0
0.0319319 0.0
0.0329019 0.0
0.0339014 0.0
0.0349313 0.0
0.0359924 0.0
0.0370858 0.0
0.0382125 0.0
0.0393733 0.0
0.0405694 0.0
0.0418018 0.0
0.0430717 0.0
0.0443802 0.0
0.0457284 0.0
0.0471175 0.0
0.0485489 0.0
0.0500237 0.0
0.0515434 0.0
0.0531092 0.0
0.0547226 0.0
0.056385 0.0
0.0580979 0.0
0.0598628 0.0
0.0616813 0.0
0.0635551 0.0
0.0654858 0.0
0.0674752 0.0
0.069525 0.0
0.0716371 0.0
0.0738133 0.0
0.0760556 0.0
0.0783661 0.0
0.0807467 0.0
0.0831997 0.0
0.0857272 0.0
0.0883314 0.0
0.0910148 0.0
0.0937797 0.0
0.0966286 0.0
0.099564 0.0
0.102589 0.0
0.105705 0.0
0.108916 0.0
0.112225 0.0
0.115634 0.0
0.119147 0.0
0.122767 0.0
0.126496 0.0
0.130339 0.0
0.134298 0.0
0.138378 0.0
0.142582 0.0
0.146913 0.0
0.151376 0.0
0.155975 0.0
0.160713 0.0
0.165595 0.0
0.170626 0.0
0.175809 0.0
0.18115 0.0
0.186653 0.0
0.192323 0.0
0.198166 0.0
0.204186 0.0
0.210389 0.0
0.21678 0.0
0.223366 0.0
0.230151 0.0
0.237143 0.0
0.244347 0.0
0.25177 0.0
0.259418 0.0
0.267299 0.0
0.275419 0.0
0.283786 0.0
0.292407 0.0
0.30129 0.0
0.310442 0.0
0.319873 0.0
0.32959 0.0
0.339603 0.0
0.349919 0.0
0.36055 0.0
0.371502 0.0
0.382788 0.0
0.394417 0.0
0.406399 0.0
0.418744 0.0
0.431465 0.0
0.444572 0.0
0.458078 0.0
0.471994 0.0
0.486332 0.0
0.501106 0.0
0.516329 0.0
0.532014 0.0
0.548176 0.0
0.564829 0.0
0.581988 0.0
0.599668 0.0
0.617885 0.0
0.636655 0.0
0.655996 0.0
0.675924 0.0
0.696457 0.0
0.717615 0.0
0.739415 0.0
0.761877 0.0
0.785022 0.0
0.80887 0.0
0.833442 0.0
0.858761 0.0
0.884849 0.0
0.911729 0.0
0.939426 0.0
0.967964 0.0
0.99737 0.0
1.01281 0.0
1.01339 0.0
1.01397 0.0
1.01455 0.0
1.01513 0.0
1.01571 0.0
1.01629 0.0
1.01687 0.0
1.01745 0.0
1.01803 0.0
1.01861 0.0
1.0192 0.0
1.01978 0.0
1.02036 0.0
1.02095 0.0
1.02153 0.0
1.02211 0.0
1.0227 0.0
1.02328 0.0
1.02387 0.0
1.02445 0.0
1.02504 0.0
1.02562 0.0
1.02621 0.0
1.0268 0.0
1.02738 0.0
1.02797 0.0
1.02856 0.0
1.02915 0.0
1.02974 0.0
1.03033 0.0
1.03091 0.0
1.0315 0.0
1.03209 0.0
1.03268 0.0
1.03327 0.0
1.03386 0.0
1.03446 0.0
1.03505 0.0
1.03564 0.0
1.03623 0.0
1.03682 0.0
1.03742 0.0
1.03801 0.0
1.0386 0.0
1.0392 0.0
1.03979 0.0
1.04039 0.0
1.04098 0.0
1.04158 0.0
1.04217 0.0
1.04277 0.0
1.04336 0.0
1.04396 0.0
1.04456 0.0
1.04515 0.0
1.04575 0.0
1.04635 0.0
1.04695 0.0
1.04755 0.0
1.04815 0.0
1.04874 0.0
1.04934 0.0
1.04994 0.0
1.05054 0.0
1.05114 0.0
1.05175 0.0
1.05235 0.0
1.05295 0.0
1.05355 0.0
1.05415 0.0
1.05476 0.0
1.05536 0.0
1.05596 0.0
1.05657 0.0
1.05717 0.0
1.05777 0.0
1.05838 0.0
1.05898 0.0
1.05959 0.0
1.0602 0.0
1.0608 0.0
1.06141 0.0
1.06202 0.0
1.06262 0.0
1.06323 0.0
1.06384 0.0
1.06445 0.0
1.06505 0.0
1.06566 0.0
1.06627 0.0
1.06688 0.0
1.06749 0.0
1.0681 0.0
1.06871 0.0
1.06932 0.0
1.06994 0.0
1.07055 0.0
1.07116 0.0
1.07177 0.0
1.0724 0.0
1.07304 0.0
1.07369 0.0
1.07433 0.0
1.07498 0.0
1.07562 0.0
1.07627 0.0
1.07692 0.0
1.07756 0.0
1.07821 0.0
1.07886 0.0
1.0795 0.0
1.08015 0.0
1.0808 0.0
1.08145 0.0
1.0821 0.0
1.08275 0.0
1.0834 0.0
1.08405 0.0
1.0847 0.0
1.08535 0.0
1.086 0.0
1.08666 0.0
1.08731 0.0
1.08796 0.0
1.08861 0.0
1.08927 0.0
1.08992 0.0
1.09058 0.0
1.09123 0.0
1.09189 0.0
1.09254 0.0
1.0932 0.0
1.09385 0.0
1.09451 0.0
1.09517 0.0
1.09583 0.0
1.09648 0.0
1.09714 0.0
1.0978 0.0
1.09846 0.0
1.09912 0.0
1.09978 0.0
1.10044 0.0
1.1011 0.0
1.10176 0.0
1.10242 0.0
1.10309 0.0
1.10375 0.0
1.10441 0.0
1.10507 0.0
1.10574 0.0
1.1064 0.0
1.10707 0.0
1.10773 0.0
1.1084 0.0
1.10906 0.0
1.10973 0.0
1.11039 0.0
1.11106 0.0
1.11173 0.0
1.11239 0.0
1.11306 0.0
1.11373 0.0
1.1144 0.0
1.11507 0.0
1.11574 0.0
1.11641 0.0
1.11708 0.0
1.11775 0.0
1.11842 0.0
1.11909 0.0
1.11976 0.0
1.12044 0.0
1.12111 0.0
1.12178 0.0
1.12245 0.0
1.12313 0.0
1.1238 0.0
1.12448 0.0
1.12515 0.0
1.12583 0.0
1.1265 0.0
1.12718 0.0
1.12786 0.0
1.12854 0.0
1.12921 0.0
1.12989 0.0
1.13057 0.0
1.13125 0.0
1.13193 0.0
1.13261 0.0
1.13329 0.0
1.13397 0.0
1.13465 0.0
1.13533 0.0
1.13601 0.0
1.13669 0.0
1.13738 0.0
1.13806 0.0
1.13874 0.0
1.13945 0.0
1.14018 0.0
1.1409 0.0
1.14163 0.0
1.14236 0.0
1.14309 0.0
1.14382 0.0
1.14456 0.0
1.14529 0.0
1.14602 0.0
1.14675 0.0
1.14749 0.0
1.14822 0.0
1.14895 0.0
1.14969 0.0
1.15042 0.0
1.15116 0.0
1.15189 0.0
1.15263 0.0
1.15337 0.0
1.1541 0.0
1.15484 0.0
1.15558 0.0
1.15632 0.0
1.15706 0.0
1.1578 0.0
1.15854 0.0
1.15928 0.0
1.16002 0.0
1.16076 0.0
1.1615 0.0
1.16224 0.0
1.16299 0.0
1.16373 0.0
1.16447 0.0
1.16522 0.0
1.16596 0.0
1.16671 0.0
1.16745 0.0
1.1682 0.0
1.16895 0.0
1.16969 0.0
1.17044 0.0
1.17119 0.0
1.17194 0.0
1.17269 0.0
1.17344 0.0
1.17419 0.0
1.17494 0.0
1.17569 0.0
1.17644 0.0
1.17719 0.0
1.17795 0.0
1.1787 0.0
1.17945 0.0
1.18021 0.0
1.18096 0.0
1.18171 0.0
1.18247 0.0
1.18323 0.0
1.18398 0.0
1.18474 0.0
1.1855 0.0
1.18625 0.0
1.18701 0.0
1.18777 0.0
1.18853 0.0
1.18929 0.0
1.19005 0.0
1.19081 0.0
1.19157 0.0
1.19233 0.0
1.1931 0.0
1.19386 0.0
1.19462 0.0
1.19539 0.0
1.19615 0.0
1.19691 0.0
1.19768 0.0
1.19844 0.0
1.19921 0.0
1.19998 0.0
1.20074 0.0
1.20151 0.0
1.20228 0.0
1.20305 0.0
1.20382 0.0
1.20459 0.0
1.20536 0.0
1.20613 0.0
1.2069 0.0
1.20767 0.0
1.20844 0.0
1.20921 0.0
1.20999 0.0
1.21076 0.0
1.21153 0.0
1.21231 0.0
1.21308 0.0
1.21386 0.0
1.21463 0.0
1.21544 0.0
1.21627 0.0
1.2171 0.0
1.21793 0.0
1.21876 0.0
1.2196 0.0
1.22043 0.0
1.22126 0.0
1.2221 0.0
1.22293 0.0
1.22377 0.0
1.22461 0.0
1.22544 0.0
1.22628 0.0
1.22712 0.0
1.22796 0.0
1.22879 0.0
1.22963 0.0
1.23047 0.0
1.23132 0.0
1.23216 0.0
1.233 0.0
1.23384 0.0
1.23468 0.0
1.23553 0.0
1.23637 0.0
1.23722 0.0
1.23806 0.0
1.23891 0.0
1.23976 0.0
1.2406 0.0
1.24145 0.0
1.2423 0.0
1.24315 0.0
1.244 0.0
1.24485 0.0
1.2457 0.0
1.24655 0.0
1.2474 0.0
1.24825 0.0
1.24911 0.0
1.24996 0.0
1.25081 0.0
1.25167 0.0
1.25252 0.0
1.25338 0.0
1.25424 0.0
1.25509 0.0
1.25595 0.0
1.25681 0.0
1.25767 0.0
1.25853 0.0
1.25939 0.0
1.26025 0.0
1.26111 0.0
1.26197 0.0
1.26283 0.0
1.2637 0.0
1.26456 0.0
1.26542 0.0
1.26629 0.0
1.26715 0.0
1.26802 0.0
1.26889 0.0
1.26975 0.0
1.27062 0.0
1.27149 0.0
1.27236 0.0
1.27323 0.0
1.2741 0.0
1.27497 0.0
1.27584 0.0
1.27671 0.0
1.27758 0.0
1.27846 0.0
1.27933 0.0
1.2802 0.0
1.28108 0.0
1.28195 0.0
1.28283 0.0
1.28371 0.0
1.28458 0.0
1.28546 0.0
1.28634 0.0
1.28722 0.0
1.2881 0.0
1.28898 0.0
1.28986 0.0
1.29074 0.0
1.29162 0.0
1.29251 0.0
1.29339 0.0
1.29427 0.0
1.29516 0.0
1.29604 0.0
1.29693 0.0
1.29781 0.0
1.2987 0.0
1.29959 0.0
1.30048 0.0
1.30137 0.0
1.30229 0.0
1.30324 0.0
1.3042 0.0
1.30516 0.0
1.30612 0.0
1.30707 0.0
1.30803 0.0
1.30899 0.0
1.30995 0.0
1.31092 0.0
1.31188 0.0
1.31284 0.0
1.3138 0.0
1.31477 0.0
1.31573 0.0
1.3167 0.0
1.31767 0.0
1.31863 0.0
1.3196 0.0
1.32057 0.0
1.32154 0.0
1.32251 0.0
1.32348 0.0
1.32445 0.0
1.32542 0.0
1.3264 0.0
1.32737 0.0
1.32834 0.0
1.32932 0.0
1.3303 0.0
1.33127 0.0
1.33225 0.0
1.33323 0.0
1.33421 0.0
1.33518 0.0
1.33616 0.0
1.33715 0.0
1.33813 0.0
1.33911 0.0
1.34009 0.0
1.34108 0.0
1.34206 0.0
1.34305 0.0
1.34403 0.0
1.34502 0.0
1.346 0.0
1.34699 0.0
1.34798 0.0
1.34897 0.0
1.34996 0.0
1.35095 0.0
1.35194 0.0
1.35294 0.0
1.35393 0.0
1.35492 0.0
1.35592 0.0
1.35691 0.0
1.35791 0.0
1.35891 0.0
1.3599 0.0
1.3609 0.0
1.3619 0.0
1.3629 0.0
1.3639 0.0
1.3649 0.0
1.3659 0.0
1.36691 0.0
1.36791 0.0
1.36891 0.0
1.36992 0.0
1.37092 0.0
1.37193 0.0
1.37294 0.0
1.37394 0.0
1.37495 0.0
1.37596 0.0
1.37697 0.0
1.37798 0.0
1.37899 0.0
1.38001 0.0
1.38102 0.0
1.38203 0.0
1.38305 0.0
1.38406 0.0
1.38508 0.0
1.3861 0.0
1.38711 0.0
1.38813 0.0
1.38915 0.0
1.39017 0.0
1.39119 0.0
1.39221 0.0
1.39323 0.0
1.39426 0.0
1.39528 0.0
1.3963 0.0
1.39733 0.0
1.39835 0.0
1.39938 0.0
1.40041 0.0
1.40144 0.0
1.4025 0.0
1.4036 0.0
1.4047 0.0
1.40581 0.0
1.40691 0.0
1.40801 0.0
1.40912 0.0
1.41022 0.0
1.41133 0.0
1.41244 0.0
1.41355 0.0
1.41466 0.0
1.41577 0.0
1.41688 0.0
1.41799 0.0
1.41911 0.0
1.42022 0.0
1.42133 0.0
1.42245 0.0
1.42357 0.0
1.42468 0.0
1.4258 0.0
1.42692 0.0
1.42804 0.0
1.42916 0.0
1.43029 0.0
1.43141 0.0
1.43253 0.0
1.43366 0.0
1.43478 0.0
1.43591 0.0
1.43704 0.0
1.43816 0.0
1.43929 0.0
1.44042 0.0
1.44155 0.0
1.44269 0.0
1.44382 0.0
1.44495 0.0
1.44609 0.0
1.44722 0.0
1.44836 0.0
1.44949 0.0
1.45063 0.0
1.45177 0.0
1.45291 0.0
1.45405 0.0
1.45519 0.0
1.45634 0.0
1.45748 0.0
1.45862 0.0
1.45977 0.0
1.46091 0.0
1.46206 0.0
1.46321 0.0
1.46436 0.0
1.46551 0.0
1.46666 0.0
1.46781 0.0
1.46896 0.0
1.47011 0.0
1.47127 0.0
1.47242 0.0
1.47358 0.0
1.47474 0.0
1.47589 0.0
1.47705 0.0
1.47821 0.0
1.47937 0.0
1.48053 0.0
1.4817 0.0
1.48286 0.0
1.48402 0.0
1.48519 0.0
1.48635 0.0
1.48752 0.0
1.48869 0.0
1.48986 0.0
1.49103 0.0
1.4922 0.0
1.49337 0.0
1.49454 0.0
1.49571 0.0
1.49689 0.0
1.49806 0.0
1.49924 0.0
1.50042 0.0
1.50159 0.0
1.50277 0.0
1.50395 0.0
1.50513 0.0
1.50632 0.0
1.5075 0.0
1.50868 0.0
1.50987 0.0
1.51105 0.0
1.51224 0.0
1.51342 0.0
1.51461 0.0
1.5158 0.0
1.51699 0.0
1.51818 0.0
1.51943 0.0
1.52072 0.0
1.52202 0.0
1.52332 0.0
1.52462 0.0
1.52592 0.0
1.52722 0.0
1.52853 0.0
1.52983 0.0
1.53114 0.0
1.53244 0.0
1.53375 0.0
1.53506 0.0
1.53637 0.0
1.53768 0.0
1.53899 0.0
1.54031 0.0
1.54162 0.0
1.54294 0.0
1.54425 0.0
1.54557 0.0
1.54689 0.0
1.54821 0.0
1.54953 0.0
1.55085 0.0
1.55218 0.0
1.5535 0.0
1.55483 0.0
1.55616 0.0
1.55748 0.0
1.55881 0.0
1.56014 0.0
1.56147 0.0
1.56281 0.0
1.56414 0.0
1.56548 0.0
1.56681 0.0
1.56815 0.0
1.56949 0.0
1.57083 0.0
1.57217 0.0
1.57351 0.0
1.57485 0.0
1.5762 0.0
1.57754 0.0
1.57889 0.0
1.58023 0.0
1.58158 0.0
1.58293 0.0
1.58428 0.0
1.58564 0.0
1.58699 0.0
1.58834 0.0
1.5897 0.0
1.59106 0.0
1.59241 0.0
1.59377 0.0
1.59513 0.0
1.59649 0.0
1.59786 0.0
1.59922 0.0
1.60058 0.0
1.60195 0.0
1.60332 0.0
1.60469 0.0
1.60606 0.0
1.60743 0.0
1.6088 0.0
1.61017 0.0
1.61155 0.0
1.61292 0.0
1.6143 0.0
1.61567 0.0
1.61705 0.0
1.61843 0.0
1.61981 0.0
1.6212 0.0
1.62258 0.0
1.62397 0.0
1.62535 0.0
1.62674 0.0
1.62813 0.0
1.62952 0.0
1.63091 0.0
1.6323 0.0
1.63369 0.0
1.63509 0.0
1.63648 0.0
1.63788 0.0
1.63928 0.0
1.64067 0.0
1.64207 0.0
1.64348 0.0
1.64488 0.0
1.64628 0.0
1.64769 0.0
1.64909 0.0
1.6505 0.0
1.65191 0.0
1.65332 0.0
1.65473 0.0
1.65614 0.0
1.65762 0.0
1.65917 0.0
1.66072 0.0
1.66228 0.0
1.66383 0.0
1.66539 0.0
1.66694 0.0
1.6685 0.0
1.67006 0.0
1.67162 0.0
1.67318 0.0
1.67475 0.0
1.67631 0.0
1.67788 0.0
1.67945 0.0
1.68102 0.0
1.68259 0.0
1.68416 0.0
1.68574 0.0
1.68732 0.0
1.68889 0.0
1.69047 0.0
1.69205 0.0
1.69363 0.0
1.69522 0.0
1.6968 0.0
1.69839 0.0
1.69998 0.0
1.70156 0.0
1.70316 0.0
1.70475 0.0
1.70634 0.0
1.70794 0.0
1.70953 0.0
1.71113 0.0
1.71273 0.0
1.71433 0.0
1.71593 0.0
1.71754 0.0
1.71914 0.0
1.72075 0.0
1.72236 0.0
1.72397 0.0
1.72558 0.0
1.7272 0.0
1.72881 0.0
1.73043 0.0
1.73204 0.0
1.73366 0.0
1.73528 0.0
1.73691 0.0
1.73853 0.0
1.74016 0.0
1.74178 0.0
1.74341 0.0
1.74504 0.0
1.74667 0.0
1.7483 0.0
1.74994 0.0
1.75157 0.0
1.75321 0.0
1.75485 0.0
1.75649 0.0
1.75813 0.0
1.75978 0.0
1.76142 0.0
1.76307 0.0
1.76472 0.0
1.76637 0.0
1.76802 0.0
1.76967 0.0
1.77133 0.0
1.77298 0.0
1.77464 0.0
1.7763 0.0
1.77796 0.0
1.77962 0.0
1.78128 0.0
1.78295 0.0
1.78462 0.0
1.78628 0.0
1.78795 0.0
1.78963 0.0
1.7913 0.0
1.79297 0.0
1.79465 0.0
1.79633 0.0
1.79801 0.0
1.79969 0.0
1.80137 0.0
1.80305 0.0
1.80474 0.0
1.80643 0.0
1.80812 0.0
1.80981 0.0
1.8115 0.0
1.81319 0.0
1.81489 0.0
1.81658 0.0
1.81828 0.0
1.81998 0.0
1.82168 0.0
1.82347 0.0
1.82533 0.0
1.8272 0.0
1.82907 0.0
1.83094 0.0
1.83282 0.0
1.83469 0.0
1.83657 0.0
1.83845 0.0
1.84033 0.0
1.84221 0.0
1.8441 0.0
1.84599 0.0
1.84788 0.0
1.84977 0.0
1.85166 0.0
1.85356 0.0
1.85545 0.0
1.85735 0.0
1.85925 0.0
1.86116 0.0
1.86306 0.0
1.86497 0.0
1.86688 0.0
1.86879 0.0
1.8707 0.0
1.87261 0.0
1.87453 0.0
1.87645 0.0
1.87837 0.0
1.88029 0.0
1.88222 0.0
1.88414 0.0
1.88607 0.0
1.888 0.0
1.88993 0.0
1.89187 0.0
1.8938 0.0
1.89574 0.0
1.89768 0.0
1.89962 0.0
1.90157 0.0
1.90351 0.0
1.90546 0.0
1.90741 0.0
1.90936 0.0
1.91132 0.0
1.91327 0.0
1.91523 0.0
1.91719 0.0
1.91916 0.0
1.92112 0.0
1.92309 0.0
1.92505 0.0
1.92702 0.0
1.929 0.0
1.93097 0.0
1.93295 0.0
1.93492 0.0
1.93691 0.0
1.93889 0.0
1.94087 0.0
1.94286 0.0
1.94485 0.0
1.94684 0.0
1.94883 0.0
1.95082 0.0
1.95282 0.0
1.95482 0.0
1.95682 0.0
1.95882 0.0
1.96083 0.0
1.96283 0.0
1.96484 0.0
1.96685 0.0
1.96887 0.0
1.97088 0.0
1.9729 0.0
1.97492 0.0
1.97694 0.0
1.97896 0.0
1.98099 0.0
1.98302 0.0
1.98504 0.0
1.98708 0.0
1.98911 0.0
1.99115 0.0
1.99318 0.0
1.99522 0.0
1.99727 0.0
1.99931 0.0
2.00136 0.0
2.0034 0.0
2.00545 0.0
2.00751 0.0
2.00956 0.0
2.01162 0.0
2.01368 0.0
2.01574 0.0
2.0178 0.0
2.01987 0.0
2.02193 0.0
2.024 0.0
2.0262 0.0
2.02851 0.0
2.03084 0.0
2.03316 0.0
2.03549 0.0
2.03781 0.0
2.04015 0.0
2.04248 0.0
2.04482 0.0
2.04716 0.0
2.0495 0.0
2.05184 0.0
2.05419 0.0
2.05654 0.0
2.05889 0.0
2.06125 0.0
2.06361 0.0
2.06597 0.0
2.06833 0.0
2.0707 0.0
2.07307 0.0
2.07544 0.0
2.07782 0.0
2.08019 0.0
2.08257 0.0
2.08496 0.0
2.08734 0.0
2.08973 0.0
2.09212 0.0
2.09452 0.0
2.09691 0.0
2.09931 0.0
2.10171 0.0
2.10412 0.0
2.10653 0.0
2.10894 0.0
2.11135 0.0
2.11376 0.0
2.11618 0.0
2.1186 0.0
2.12103 0.0
2.12346 0.0
2.12588 0.0
2.12832 0.0
2.13075 0.0
2.13319 0.0
2.13563 0.0
2.13807 0.0
2.14052 0.0
2.14297 0.0
2.14542 0.0
2.14788 0.0
2.15033 0.0
2.15279 0.0
2.15526 0.0
2.15772 0.0
2.16019 0.0
2.16266 0.0
2.16514 0.0
2.16762 0.0
2.1701 0.0
2.17258 0.0
2.17506 0.0
2.17755 0.0
2.18005 0.0
2.18254 0.0
2.18504 0.0
2.18754 0.0
2.19004 0.0
2.19255 0.0
2.19505 0.0
2.19757 0.0
2.20008 0.0
2.2026 0.0
2.20512 0.0
2.20764 0.0
2.21017 0.0
2.2127 0.0
2.21523 0.0
2.21776 0.0
2.2203 0.0
2.22284 0.0
2.22538 0.0
2.22793 0.0
2.23048 0.0
2.23303 0.0
2.23559 0.0
2.23814 0.0
2.2407 0.0
2.24327 0.0
2.24583 0.0
2.2484 0.0
2.25098 0.0
2.25355 0.0
2.25613 0.0
2.25871 0.0
2.2613 0.0
2.26388 0.0
2.26647 0.0
2.26907 0.0
2.27166 0.0
2.27426 0.0
2.27687 0.0
2.27963 0.0
2.28256 0.0
2.28549 0.0
2.28843 0.0
2.29137 0.0
2.29431 0.0
2.29726 0.0
2.30021 0.0
2.30317 0.0
2.30613 0.0
2.30909 0.0
2.31206 0.0
2.31503 0.0
2.318 0.0
2.32098 0.0
2.32396 0.0
2.32695 0.0
2.32994 0.0
2.33293 0.0
2.33593 0.0
2.33893 0.0
2.34193 0.0
2.34494 0.0
2.34795 0.0
2.35097 0.0
2.35399 0.0
2.35702 0.0
2.36004 0.0
2.36308 0.0
2.36611 0.0
2.36915 0.0
2.3722 0.0
2.37524 0.0
2.37829 0.0
2.38135 0.0
2.38441 0.0
2.38747 0.0
2.39054 0.0
2.39361 0.0
2.39669 0.0
2.39977 0.0
2.40285 0.0
2.40594 0.0
2.40903 0.0
2.41212 0.0
2.41522 0.0
2.41833 0.0
2.42143 0.0
2.42454 0.0
2.42766 0.0
2.43078 0.0
2.4339 0.0
2.43703 0.0
2.44016 0.0
2.44329 0.0
2.44643 0.0
2.44958 0.0
2.45272 0.0
2.45587 0.0
2.45903 0.0
2.46219 0.0
2.46535 0.0
2.46852 0.0
2.47169 0.0
2.47487 0.0
2.47805 0.0
2.48123 0.0
2.48442 0.0
2.48761 0.0
2.49081 0.0
2.49401 0.0
2.49721 0.0
2.50042 0.0
2.50363 0.0
2.50685 0.0
2.51007 0.0
2.51329 0.0
2.51652 0.0
2.51976 0.0
2.52299 0.0
2.52623 0.0
2.52948 0.0
2.53273 0.0
2.53598 0.0
2.53924 0.0
2.5425 0.0
2.54577 0.0
2.54904 0.0
2.55232 0.0
2.5556 0.0
2.55888 0.0
2.56217 0.0
2.56546 0.0
2.56875 0.0
2.57205 0.0
2.57536 0.0
2.57867 0.0
2.58198 0.0
2.5853 0.0
2.58862 0.0
2.59195 0.0
2.59528 0.0
2.59861 0.0
2.60195 0.0
2.60553 0.0
2.60936 0.0
2.61319 0.0
2.61703 0.0
2.62088 0.0
2.62473 0.0
2.62858 0.0
2.63245 0.0
2.63631 0.0
2.64019 0.0
2.64407 0.0
2.64795 0.0
2.65184 0.0
2.65574 0.0
2.65964 0.0
2.66355 0.0
2.66746 0.0
2.67138 0.0
2.6753 0.0
2.67923 0.0
2.68317 0.0
2.68711 0.0
2.69106 0.0
2.69501 0.0
2.69897 0.0
2.70294 0.0
2.70691 0.0
2.71089 0.0
2.71487 0.0
2.71886 0.0
2.72285 0.0
2.72685 0.0
2.73086 0.0
2.73487 0.0
2.73889 0.0
2.74291 0.0
2.74694 0.0
2.75098 0.0
2.75502 0.0
2.75907 0.0
2.76312 0.0
2.76718 0.0
2.77125 0.0
2.77532 0.0
2.77939 0.0
2.78348 0.0
2.78757 0.0
2.79166 0.0
2.79576 0.0
2.79987 0.0
2.80399 0.0
2.8081 0.0
2.81223 0.0
2.81636 0.0
2.8205 0.0
2.82464 0.0
2.82879 0.0
2.83295 0.0
2.83711 0.0
2.84128 0.0
2.84545 0.0
2.84963 0.0
2.85382 0.0
2.85801 0.0
2.86221 0.0
2.86642 0.0
2.87063 0.0
2.87485 0.0
2.87907 0.0
2.8833 0.0
2.88754 0.0
2.89178 0.0
2.89603 0.0
2.90028 0.0
2.90454 0.0
2.90881 0.0
2.91308 0.0
2.91736 0.0
2.92165 0.0
2.92594 0.0
2.93024 0.0
2.93455 0.0
2.93886 0.0
2.94318 0.0
2.9475 0.0
2.95183 0.0
2.95617 0.0
2.96051 0.0
2.96486 0.0
2.96922 0.0
2.97358 0.0
2.97795 0.0
2.98232 0.0
2.9867 0.0
2.99109 0.0
2.99549 0.0
2.99989 0.0
3.00429 0.0
3.00871 0.0
3.01313 0.0
3.01755 0.0
3.02199 0.0
3.02643 0.0
3.03087 0.0
3.03533 0.0
3.04014 0.0
3.04533 0.0
3.05052 0.0
3.05573 0.0
3.06094 0.0
3.06616 0.0
3.07139 0.0
3.07662 0.0
3.08187 0.0
3.08713 0.0
3.09239 0.0
3.09766 0.0
3.10295 0.0
3.10824 0.0
3.11354 0.0
3.11885 0.0
3.12417 0.0
3.1295 0.0
3.13483 0.0
3.14018 0.0
3.14553 0.0
3.1509 0.0
3.15627 0.0
3.16166 0.0
3.16705 0.0
3.17245 0.0
3.17786 0.0
3.18328 0.0
3.18871 0.0
3.19414 0.0
3.19959 0.0
3.20505 0.0
3.21051 0.0
3.21599 0.0
3.22147 0.0
3.22697 0.0
3.23247 0.0
3.23798 0.0
3.24351 0.0
3.24904 0.0
3.25458 0.0
3.26013 0.0
3.26569 0.0
3.27126 0.0
3.27684 0.0
3.28242 0.0
3.28802 0.0
3.29363 0.0
3.29925 0.0
3.30487 0.0
3.31051 0.0
3.31616 0.0
3.32181 0.0
3.32748 0.0
3.33315 0.0
3.33883 0.0
3.34453 0.0
3.35023 0.0
3.35595 0.0
3.36167 0.0
3.3674 0.0
3.37314 0.0
3.3789 0.0
3.38466 0.0
3.39043 0.0
3.39621 0.0
3.40201 0.0
3.40781 0.0
3.41362 0.0
3.41944 0.0
3.42527 0.0
3.43111 0.0
3.43696 0.0
3.44283 0.0
3.4487 0.0
3.45458 0.0
3.46047 0.0
3.46637 0.0
3.47228 0.0
3.47821 0.0
3.48414 0.0
3.49008 0.0
3.49603 0.0
3.50199 0.0
3.50797 0.0
3.51395 0.0
3.51994 0.0
3.52594 0.0
3.53196 0.0
3.53798 0.0
3.54401 0.0
3.55006 0.0
3.55611 0.0
3.56218 0.0
3.56825 0.0
3.57434 0.0
3.58043 0.0
3.58654 0.0
3.59265 0.0
3.59878 0.0
3.60492 0.0
3.61107 0.0
3.61722 0.0
3.62339 0.0
3.62957 0.0
3.63576 0.0
3.64196 0.0
3.6488 0.0
3.65628 0.0
3.66377 0.0
3.67128 0.0
3.6788 0.0
3.68634 0.0
3.69389 0.0
3.70146 0.0
3.70905 0.0
3.71665 0.0
3.72427 0.0
3.7319 0.0
3.73955 0.0
3.74721 0.0
3.75489 0.0
3.76258 0.0
3.77029 0.0
3.77802 0.0
3.78576 0.0
3.79352 0.0
3.8013 0.0
3.80909 0.0
3.81689 0.0
3.82471 0.0
3.83255 0.0
3.84041 0.0
3.84828 0.0
3.85616 0.0
3.86406 0.0
3.87198 0.0
3.87992 0.0
3.88787 0.0
3.89584 0.0
3.90382 0.0
3.91182 0.0
3.91984 0.0
3.92787 0.0
3.93592 0.0
3.94398 0.0
3.95207 0.0
3.96017 0.0
3.96828 0.0
3.97641 0.0
3.98456 0.0
3.99273 0.0
4.00091 0.0
4.00911 0.0
4.01732 0.0
4.02556 0.0
4.03381 0.0
4.04207 0.0
4.05036 0.0
4.05866 0.0
4.06697 0.0
4.07531 0.0
4.08366 0.0
4.09203 0.0
4.10041 0.0
4.10882 0.0
4.11724 0.0
4.12567 0.0
4.13413 0.0
4.1426 0.0
4.15109 0.0
4.1596 0.0
4.16812 0.0
4.17666 0.0
4.18522 0.0
4.1938 0.0
4.20239 0.0
4.21101 0.0
4.21963 0.0
4.22828 0.0
4.23695 0.0
4.24563 0.0
4.25433 0.0
4.26305 0.0
4.27178 0.0
4.28054 0.0
4.28931 0.0
4.2981 0.0
4.30691 0.0
4.31573 0.0
4.32458 0.0
4.33344 0.0
4.34232 0.0
4.35122 0.0
4.36014 0.0
4.36907 0.0
4.37803 0.0
4.387 0.0
4.39599 0.0
4.405 0.0
4.41402 0.0
4.42307 0.0
4.43213 0.0
4.44122 0.0
4.45032 0.0
4.45944 0.0
4.46858 0.0
4.47773 0.0
4.48691 0.0
4.4961 0.0
4.50532 0.0
4.51455 0.0
4.5238 0.0
4.53307 0.0
4.54236 0.0
4.55167 0.0
4.56219 0.0
4.57392 0.0
4.58568 0.0
4.59748 0.0
4.6093 0.0
4.62116 0.0
4.63304 0.0
4.64496 0.0
4.6569 0.0
4.66888 0.0
4.68089 0.0
4.69293 0.0
4.705 0.0
4.7171 0.0
4.72923 0.0
4.74139 0.0
4.75359 0.0
4.76581 0.0
4.77807 0.0
4.79036 0.0
4.80268 0.0
4.81503 0.0
4.82741 0.0
4.83983 0.0
4.85228 0.0
4.86476 0.0
4.87727 0.0
4.88981 0.0
4.90239 0.0
4.915 0.0
4.92764 0.0
4.94031 0.0
4.95302 0.0
4.96576 0.0
4.97853 0.0
4.99133 0.0
5.00417 0.0
5.01704 0.0
5.02994 0.0
5.04288 0.0
5.05585 0.0
5.06885 0.0
5.08189 0.0
5.09496 0.0
5.10806 0.0
5.1212 0.0
5.13437 0.0
5.14758 0.0
5.16081 0.0
5.17409 0.0
5.18739 0.0
5.20074 0.0
5.21411 0.0
5.22752 0.0
5.24097 0.0
5.25445 0.0
5.26796 0.0
5.28151 0.0
5.29509 0.0
5.30871 0.0
5.32236 0.0
5.33605 0.0
5.34978 0.0
5.36354 0.0
5.37733 0.0
5.39116 0.0
5.40502 0.0
5.41893 0.0
5.43286 0.0
5.44684 0.0
5.46084 0.0
5.47489 0.0
5.48897 0.0
5.50309 0.0
5.51724 0.0
5.53143 0.0
5.54566 0.0
5.55992 0.0
5.57422 0.0
5.58855 0.0
5.60293 0.0
5.61734 0.0
5.63179 0.0
5.64627 0.0
5.66079 0.0
5.67535 0.0
5.68995 0.0
5.70458 0.0
5.71925 0.0
5.73396 0.0
5.74871 0.0
5.76349 0.0
5.77832 0.0
5.79318 0.0
5.80808 0.0
5.82301 0.0
5.83799 0.0
5.85301 0.0
5.86806 0.0
5.88315 0.0
5.89828 0.0
5.91345 0.0
5.92866 0.0
5.94391 0.0
5.9592 0.0
5.97452 0.0
5.98989 0.0
6.00529 0.0
6.02074 0.0
6.03622 0.0
6.05175 0.0
6.06731 0.0
6.08521 0.0
6.10547 0.0
6.12579 0.0
6.14618 0.0
6.16665 0.0
6.18717 0.0
6.20777 0.0
6.22844 0.0
6.24917 0.0
6.26998 0.0
6.29085 0.0
6.31179 0.0
6.3328 0.0
6.35388 0.0
6.37504 0.0
6.39626 0.0
6.41755 0.0
6.43892 0.0
6.46035 0.0
6.48186 0.0
6.50344 0.0
6.52509 0.0
6.54681 0.0
6.5686 0.0
6.59047 0.0
6.61241 0.0
6.63442 0.0
6.65651 0.0
6.67867 0.0
6.7009 0.0
6.72321 0.0
6.74559 0.0
6.76805 0.0
6.79058 0.0
6.81318 0.0
6.83587 0.0
6.85862 0.0
6.88145 0.0
6.90436 0.0
6.92735 0.0
6.95041 0.0
6.97355 0.0
6.99676 0.0
7.02005 0.0
7.04342 0.0
7.06687 0.0
7.0904 0.0
7.114 0.0
7.13768 0.0
7.16145 0.0
7.18529 0.0
7.20921 0.0
7.23321 0.0
7.25728 0.0
7.28144 0.0
7.30568 0.0
7.33 0.0
7.35441 0.0
7.37889 0.0
7.40345 0.0
7.4281 0.0
7.45283 0.0
7.47764 0.0
7.50253 0.0
7.52751 0.0
7.55257 0.0
7.57771 0.0
7.60294 0.0
7.62825 0.0
7.65364 0.0
7.67912 0.0
7.70468 0.0
7.73033 0.0
7.75607 0.0
7.78189 0.0
7.80779 0.0
7.83379 0.0
7.85986 0.0
7.88603 0.0
7.91228 0.0
7.93862 0.0
7.96505 0.0
7.99157 0.0
8.01817 0.0
8.04486 0.0
8.07164 0.0
8.09851 0.0
8.12548 0.0
8.15253 0.0
8.17966 0.0
8.2069 0.0
8.23422 0.0
8.26163 0.0
8.28913 0.0
8.31673 0.0
8.34441 0.0
8.37219 0.0
8.40006 0.0
8.42803 0.0
8.45608 0.0
8.48423 0.0
8.51248 0.0
8.54082 0.0
8.56925 0.0
8.59777 0.0
8.6264 0.0
8.65511 0.0
8.68393 0.0
8.71284 0.0
8.74184 0.0
8.77094 0.0
8.80014 0.0
8.82944 0.0
8.85883 0.0
8.88832 0.0
8.91791 0.0
8.9476 0.0
8.97739 0.0
9.00727 0.0
9.03726 0.0
9.06734 0.0
9.09753 0.0
9.12785 0.0
9.15832 0.0
9.18889 0.0
9.21957 9.453588689986575e-21
9.25034 2.7091188884896704e-20
9.28122 7.763031717793924e-20
9.3122 2.225245884982174e-19
9.34328 6.376755873719074e-19
9.37447 1.8275352398765775e-18
9.40576 5.2364587678336425e-18
9.43716 1.5008107681544487e-17
9.46866 4.301487220663665e-17
9.50027 1.232607580971402e-16
9.53198 3.532203242745743e-16
9.5638 1.0123743036539186e-15
9.59572 2.9006060305278212e-15
9.62775 8.314149630953659e-15
9.65989 2.3829154260349442e-14
9.69213 6.8283124254307e-14
9.72449 1.95770056246719e-13
9.75695 5.607702608626923e-13
9.78951 1.6071998375937567e-12
9.82219 4.60567214670479e-12
9.85498 1.319962398034404e-11
9.88787 3.7836024199412115e-11
9.92088 1.0841448423662685e-10
9.954 3.107271885763029e-10
9.98722 9.241407884708571e-10
10.0206 1.4733601948137645e-09
10.054 1.7327826423400783e-09
10.0876 2.0373333501644037e-09
10.1212 2.3936519154438157e-09
10.155 2.81457202738668e-09
10.1889 3.3094769713993997e-09
10.2229 3.890929907906644e-09
10.2571 4.5745953622433985e-09
10.2913 5.379356457385387e-09
10.3256 6.323720791762639e-09
10.3601 7.434119881911406e-09
10.3947 8.741654372652751e-09
10.4294 1.0276949874194009e-08
10.4642 1.2083219991565711e-08
10.4991 1.4204711161834702e-08
10.5342 1.6699443254447154e-08
10.5693 1.9637971195380508e-08
10.6046 2.308604379902005e-08
10.64 2.7134587729354417e-08
10.6755 3.1905008259956426e-08
10.7112 3.751671273094424e-08
10.7469 4.41042983611106e-08
10.7828 5.186222765796611e-08
10.8188 6.096768738933461e-08
10.8549 7.168913603584504e-08
10.8911 8.427576752879087e-08
10.9275 9.908145349878696e-08
10.964 1.1648778898060576e-07
11.0006 1.1656419133444891e-07
11.0373 4.180323112156862e-08
11.0741 1.3026243958782924e-08
11.1111 4.059155460848365e-09
11.1482 1.2648179026929718e-09
11.1854 3.940931685854493e-10
11.2227 1.2280733064492756e-10
11.2602 3.827120165031166e-11
11.2978 1.1925029820961076e-11
11.3355 3.716147745429164e-12
11.3733 1.1578104869099474e-12
11.4113 3.607972810901641e-13
11.4494 1.1242596443281773e-13
11.4876 3.5025541095157184e-14
11.526 1.0915473414523286e-14
11.5644 3.401321919451606e-15
11.603 1.0599635856880696e-15
11.6418 3.3027166679414505e-16
11.6806 1.0291803705895403e-16
11.7196 3.206756176582535e-17
11.7587 9.993397417876295e-18
11.798 3.1133451052732523e-18
11.8374 9.70274902564633e-19
11.8769 3.023905024236416e-19
11.9165 9.421334514798374e-20
11.9563 2.935522662754628e-20
11.9962 1.039403170316537e-20
12.0363 8.714111051838963e-21
12.0764 9.333217920558073e-21
12.1167 9.994398034741077e-21
12.1572 1.0702798053763482e-20
12.1978 1.1462191021243983e-20
12.2385 1.2276221214593326e-20
12.2793 1.3145710966384588e-20
12.3203 1.4085163799000125e-20
12.3614 1.508432591824361e-20
12.4027 1.614519285266875e-20
12.4441 1.729458106017316e-20
12.4856 1.8517956198347088e-20
12.5273 1.9827976294840226e-20
12.5691 2.1237420943641317e-20
12.6111 2.2745087608788504e-20
12.6532 2.4363564833147074e-20
12.6954 2.6091711973901845e-20
12.7378 2.794153543863902e-20
12.7803 2.9911971416730785e-20
12.823 3.204132786675162e-20
12.8658 3.431496650792168e-20
12.9087 3.674457890500552e-20
12.9518 3.93545266086304e-20
12.9951 4.8283005903945144e-20
13.0384 1.7615398857756266e-19
13.082 8.770541945977458e-19
13.1256 4.3681118351340915e-18
13.1694 2.1755001191335035e-17
13.2134 1.083226609091339e-16
13.2575 5.394908517901893e-16
13.3018 2.687191715056678e-15
13.3462 1.3384886212045252e-14
13.3907 6.662579677342605e-14
13.4354 3.3176739566587744e-13
13.4803 1.652049676635193e-12
13.5253 8.228992113418792e-12
13.5704 4.0983145191305404e-11
13.6157 2.0404653489099096e-10
13.6611 1.0164685201605985e-09
13.7067 5.061710787842878e-09
13.7525 2.521189786959588e-08
13.7984 1.2551685840300042e-07
13.8445 6.252487614864786e-07
13.8907 3.113396461416289e-06
13.937 1.550306022142238e-05
13.9836 8.352270713130324e-05
14.0302 0.00014502749006217554
14.0771 0.00016013479039834555
14.1241 0.00017682688033535056
14.1712 0.00019520769216611054
14.2185 0.00021561750555730268
14.266 0.00023803528018862284
14.3136 0.00026291735786371315
14.3614 0.00029035515827691497
14.4093 0.00032056046812761697
14.4574 0.0003539734168341542
14.5057 0.0003909125698400596
14.5541 0.0004316949479235544
14.6027 0.0004766277560371871
14.6514 0.0005263681551578546
14.7003 0.0005812105965572987
14.7494 0.0006417941892537585
14.7986 0.0007087539014045199
14.848 0.0007825926377261933
14.8976 0.0008641525937091316
14.9473 0.0009542705730622825
14.9972 0.0010520585774108319
15.0473 0.0011419466301774773
15.0975 0.001235061343969376
15.1479 0.0013365264105582829
15.1985 0.0014462547521152762
15.2492 0.0015652857218649864
15.3001 0.001693513438083044
15.3512 0.0018319496655100445
15.4024 0.0019827094120887837
15.4538 0.0021456533787644373
15.5054 0.002321751325077701
15.5572 0.002511959154911378
15.6091 0.0027183263773654415
15.6612 0.0029417559289839803
15.7135 0.00318315226663032
15.7659 0.0034434283421632154
15.8185 0.0037266701368559242
15.8713 0.004032638606927522
15.9243 0.00436323290517847
15.9775 0.004722454813335924
16.0308 0.005069709313565425
16.0843 0.005412479509977555
16.138 0.005778207106555306
16.1919 0.006168751569555132
16.2459 0.006585986440160605
16.3002 0.007031639989593275
16.3546 0.00750653667911599
16.4092 0.008014475372395758
16.4639 0.008557227500720308
16.5189 0.009135356685986928
16.574 0.00975270295309778
16.6294 0.010414878582438097
16.6849 0.011114396936373673
16.7406 0.01187011253782311
16.7964 0.01267138580843067
16.8525 0.013527684806221248
16.9088 0.014438501653756488
16.9652 0.015423408621491785
17.0218 0.016411590898414957
17.0786 0.017383057928456333
17.1357 0.01840733400335583
17.1929 0.01949396141516338
17.2502 0.020642301013165568
17.3078 0.02186129717676165
17.3656 0.023150316961734838
17.4236 0.02451838349299587
17.4817 0.025964811572646615
17.5401 0.027488484316145458
17.5986 0.029117887272956958
17.6574 0.03083232222412266
17.7163 0.03265042993417008
17.7755 0.03458033124223874
17.8348 0.0366212261926826
17.8943 0.03878126796713324
17.954 0.041068675742033954
18.014 0.04340631069999839
18.0741 0.04564345556259791
18.1344 0.04799658720422552
18.195 0.05046419749309367
18.2557 0.05306424453784696
18.3166 0.05578577612862073
18.3778 0.05865494890311367
18.4391 0.061680048298400104
18.5007 0.06484957823718251
18.5624 0.06818101226923819
18.6244 0.07169018762454887
18.6865 0.07537597285939399
18.7489 0.07925385719310386
18.8115 0.08333123036939205
18.8743 0.08761499173808716
18.9373 0.09208498449508858
19.0005 0.09679293913349019
19.0639 0.10120088640427939
19.1275 0.10575639959113607
19.1914 0.11045729360946153
19.2554 0.115391453866664
19.3197 0.12055523749344352
19.3842 0.12594676941170527
19.4489 0.13156361739065195
19.5138 0.13740336755107158
19.5789 0.14355051929616341
19.6443 0.1500010651363352
19.7099 0.15675248573297013
19.7756 0.16371637968249783
19.8416 0.17106029750124827
19.9079 0.17869466859050098
19.9743 0.18678847500967025
20.041 0.20153215075487288
20.1079 0.22201388015704437
20.175 0.2446342151987435
20.2423 0.269539312345589
20.3099 0.29703933184632747
20.3777 0.327275817137986
20.4457 0.36055350193217406
20.514 0.39733683933763386
20.5824 0.43775889102270377
20.6511 0.48235493129111595
20.7201 0.5314920503532149
20.7892 0.5856195515469328
20.8586 0.6452518253844649
20.9282 0.7109039870724301
20.9981 0.7777302748789928
21.0682 0.8091393126446254
21.1385 0.8346177241149321
21.209 0.8615234485902211
21.2798 0.8882383707129066
21.3509 0.9163569267077984
21.4221 0.9450786064156088
21.4936 0.975179490078377
21.5654 1.0058556968153918
21.6373 1.0371098095861295
21.7096 1.0697045494719286
21.782 1.103639971392715
21.8547 1.1388918627086606
21.9277 1.1746698107737277
22.0009 1.2109726197641202
22.0743 1.2439404864402845
22.148 1.2774406958727815
22.2219 1.311472496377592
22.2961 1.3467867011593317
22.3705 1.3826147985465322
22.4452 1.4197023817766974
22.5201 1.4580419098239341
22.5952 1.497619914530526
22.6707 1.5376590248592041
22.7463 1.5789213007105984
22.8223 1.6213727308480712
22.8984 1.6650210640707168
22.9749 1.709091002550658
23.0516 1.752115182147186
23.1285 1.7948384802761546
23.2057 1.837988008638018
23.2831 1.8830273512178035
23.3609 1.928463500675423
23.4388 1.9750413003276728
23.5171 2.02344644175582
23.5956 2.0722337928856467
23.6743 2.1221169460897205
23.7533 2.173790841622635
23.8326 2.2265218627099235
23.9122 2.2802975074450966
23.992 2.3648979163342796
24.0721 2.7407968027498466
24.1524 3.264919358752179
24.233 3.8901288015377764
24.3139 4.633589578295696
24.3951 5.520598917944599
24.4765 6.576135290445623
24.5582 7.835181949459508
24.6402 9.335024801787096
24.7224 11.120741370267968
24.8049 13.244263309316802
24.8877 15.777349805125072
24.9708 18.797593658500332
25.0541 20.75867575276805
25.1377 22.01615821144694
25.2217 23.339135009277392
25.3058 24.747353343236316
25.3903 26.23963949150752
25.4751 27.82187411764295
25.5601 29.499877751640625
25.6454 31.279170898651095
25.731 33.165295880263116
25.8169 35.17030409406571
25.903 37.286519127141986
25.9895 39.4077446128502
26.0763 40.19650123769257
26.1633 40.622065119748804
26.2506 41.063782159327495
26.3382 41.50209822826773
26.4261 41.949908189778476
26.5144 42.40052593681401
26.6028 42.85438644846522
26.6916 43.31733955167261
26.7807 43.78308482491612
26.8701 44.251578892183154
26.9598 44.72908930574763
27.0498 45.30356405487436
27.1401 45.97401945129853
27.2307 46.652009874988856
27.3216 47.343665004120126
27.4128 48.042619940476825
27.5043 48.75496480597854
27.5961 49.47437814676251
27.6882 50.20691079664652
27.7806 50.946284454531884
27.8733 51.69851093327545
27.9663 52.46343821515189
28.0597 53.09520957633453
28.1533 53.64989121053642
28.2473 54.21217510842244
28.3416 54.782155111804286
28.4362 55.35973661555723
28.5311 55.93886279200302
28.6263 56.52544323634391
28.7219 57.11918657478129
28.8178 57.720197090058754
28.9139 58.32858549609719
29.0104 58.87935027459812
29.1073 59.32628221022163
29.2044 59.711583764050644
29.3019 60.093511327937705
29.3997 60.47228857033761
29.4978 60.905611037187086
29.5963 61.27774809533606
29.6951 61.70408609249934
29.7942 62.126970950613206
29.8936 62.54642428038585
29.9934 62.90553493666605
30.0935 63.20509897487931
30.194 63.50183547829575
30.2948 63.795971416308845
30.3959 64.03155231540434
30.4973 64.32072463644094
30.5991 64.60713582706882
30.7013 64.8908021587748
30.8037 65.17216304367086
30.9066 65.45060062185601
31.0097 65.7267663863432
31.1132 66.00025333433135
31.2171 66.32557683907136
31.3213 66.59378567218174
31.4258 66.91371490543958
31.5307 67.23067057111388
31.6359 67.54488373265426
31.7415 67.85615897103585
31.8475 68.16451378225578
31.9538 68.47017992794747
32.0604 68.56091268363471
32.1674 68.43863357133786
32.2748 68.36903176326518
32.3825 68.29925889487865
32.4906 68.22910860291239
32.5991 68.1063984132702
32.7079 68.03589399883249
32.817 67.96523576605998
32.9266 67.89401477665984
33.0365 67.77115261863149
33.1468 67.59696235399933
33.2574 67.37216354121324
33.3684 67.19903561530282
33.4798 67.02625488490959
33.5915 66.85402308815986
33.7036 66.68214151710937
33.8161 66.51061278817407
33.929 66.28929626886065
34.0423 66.11864772287123
34.1559 65.99836215460726
34.2699 65.82846072462063
34.3843 65.65892207946072
34.499 65.48993833812364
34.6142 65.37028153957563
34.7297 65.20186778282866
34.8456 65.03382394929145
34.9619 64.91481390735863
35.0786 64.60185457251515
35.1957 64.29023998008786
35.3132 63.93178965533573
35.4311 63.57499907274751
35.5493 63.26789931464678
35.668 62.91425390534362
35.787 62.56243003005055
35.9065 62.25945349575056
36.0263 61.86352286703505
36.1466 61.37523264273571
36.2672 60.88967812853367
36.3883 60.40651212072019
36.5097 59.92605897560506
36.6316 59.44797895153075
36.7539 58.97242839916688
36.8765 58.54569155938094
36.9996 58.02903374357105
37.1231 57.515182703161955
37.247 56.9584506899011
37.3714 56.40465561059366
37.4961 55.85408830584339
37.6212 55.3065828406252
37.7468 54.807052689839914
37.8728 54.26534056926986
37.9992 53.72665540724115
38.1261 53.012351772390296
38.2533 52.3023771979887
38.381 51.59643642495799
38.5091 50.93882836666996
38.6376 50.24102781263385
38.7666 49.591100205899906
38.896 48.90124038462902
39.0258 48.2590556767356
39.1561 47.62052053339749
39.2868 47.02904744994524
39.4179 46.39786468546335
39.5495 45.81330504011096
39.6815 45.23216675233073
39.8139 44.654433307999334
39.9468 44.07997786005632
40.0801 43.38155473834804
40.2139 42.687231145370866
40.3482 41.980125847922466
40.4828 41.28581137103871
40.6179 40.603976007126214
40.7535 39.934520745512486
40.8895 39.27328228938106
41.026 38.61181032306434
41.163 37.921199568552545
41.3004 37.24304866346678
41.4382 36.57314765187609
41.5765 35.91543945953424
41.7153 35.26982646666101
41.8545 34.63629423297632
41.9942 34.018711022582856
42.1344 33.42097799382549
42.275 32.83494778463767
42.4161 32.26445553667385
42.5577 31.701371507616223
42.6998 31.145641777180646
42.8423 30.60125513706928
42.9853 30.060128256880088
43.1288 29.47096623627157
43.2727 28.877581579317336
43.4171 28.29956014300309
43.5621 27.728894424034788
43.7075 27.173443994160042
43.8533 26.625313620349367
43.9997 26.084326916474343
44.1466 25.50810128064675
44.2939 24.939313535105644
44.4418 24.385451715953668
44.5901 23.84268117814378
44.7389 23.31085407971705
44.8883 22.78982859289798
45.0381 22.287171958278922
45.1884 21.798901673942414
45.3393 21.324843787011144
45.4906 20.86122744206747
45.6424 20.407916277273323
45.7948 19.964779065866654
45.9476 19.531816949988812
46.101 19.094095550270847
46.2549 18.659075804612414
46.4092 18.234115941677995
46.5642 17.81901210243713
46.7196 17.413796667225512
46.8755 17.014715939775094
47.032 16.618068959341425
47.189 16.195038567048755
47.3465 15.781833762563375
47.5045 15.381951226073054
47.6631 14.988100703180882
47.8221 14.607413219277525
47.9818 14.236132668125578
48.1419 13.88133597771119
48.3026 13.532245414994085
48.4638 13.195865341559061
48.6256 12.868554460042278
48.7879 12.546773187434308
48.9507 12.233951937035544
49.1141 11.933450863566737
49.278 11.641729548406701
49.4425 11.355245570945653
49.6076 11.07738675627526
49.7731 10.80470262424348
49.9393 10.540491732501078
50.1059 10.27795156592435
50.2732 10.01701200554583
50.441 9.76782528158447
50.6094 9.520178111172978
50.7783 9.280783146045032
50.9478 9.049547599779858
51.1178 8.82308750396775
51.2884 8.604662365575962
51.4596 8.39419991187096
51.6314 8.188333167921769
51.8037 7.98703898166675
51.9766 7.7902627007137095
52.1501 7.6012285103822945
52.3242 7.416614423453618
52.4988 7.239637240205128
52.6741 7.063739459743787
52.8499 6.892162532642674
53.0263 8.117311453784286
53.2033 16.836151220341222
53.3808 37.289262732050986
53.559 82.65285234726315
53.7378 183.11815955262477
53.9171 416.1992407410258
54.0971 560.4240037569471
54.2777 516.8710791793455
54.4588 476.72670352850514
54.6406 439.6451132340212
54.823 405.59799884250907
55.006 373.93769744790916
55.1896 344.94976485980266
55.3738 318.301320814216
55.5586 293.6637408161013
55.7441 270.92577535390876
55.9301 250.009434493468
56.1168 230.65380276702007
56.3041 212.87467099261946
56.492 196.44611353872992
56.6806 181.29486899502155
56.8698 167.28941980704883
57.0596 155.22385110085568
57.25 145.4655717426252
57.4411 136.36269632125283
57.6329 127.84999744788826
57.8252 119.83406169320588
58.0182 113.71730718201285
58.2119 113.51426978278005
58.4062 113.9231219367397
58.6011 114.35712428649164
58.7967 114.7868827262184
58.993 115.21242417154855
59.1899 115.69145727997403
59.3874 116.16614021424925
59.5857 116.63611040003687
59.7846 117.13024490984927
59.9841 117.59156322994168
60.1843 118.10498672552754
60.3852 118.64180503665328
60.5867 119.14580246396218
60.789 119.6728711289458
60.9919 117.12692056253056
61.1955 94.94109440202726
61.3997 74.25942087562107
61.6046 58.05004794778665
61.8103 45.41570977179212
62.0166 37.5559289255148
62.2236 39.61833907732978
62.4313 43.0836515508844
62.6396 46.82430056540437
62.8487 50.91848926241018
63.0585 55.36263263950035
63.269 60.179991916125005
63.4801 65.4471999200845
63.692 71.1861229021696
63.9046 77.44521924549494
64.1179 84.21910963052387
64.3319 91.60823553657546
64.5467 99.65879850318088
64.7621 108.41679363097793
64.9783 112.76895085638408
65.1951 76.0166176733552
65.4127 46.19169500331343
65.6311 28.073837807779103
65.8501 17.06989623511656
66.0699 11.330055575312015
66.2905 8.818300082443034
66.5117 6.911468126479456
66.7337 5.417472842082949
66.9565 4.256033921218321
67.18 3.3301881143425027
67.4042 2.6123803258255385
67.6292 2.0482353680604586
67.8549 1.6064104562375525
68.0814 1.2632104077597412
68.3086 0.9895236847497093
68.5366 0.7767227404369795
68.7654 0.609859738452746
68.9949 0.5106767931296837
69.2252 0.6483262188612805
69.4563 0.8889111156635409
69.6881 1.2189501784002736
69.9207 1.6737961133390653
70.1541 1.9471141531056961
70.3882 2.085660531582659
70.6232 2.2341005359634973
70.8589 2.3930571217366956
71.0954 2.5652889857497794
71.3327 2.747557750070871
71.5708 2.942847695450679
71.8097 3.1510227716689787
72.0494 3.386115719714878
72.2899 3.657264779416398
72.5311 3.9547252743056807
72.7732 4.275877419242114
73.0161 4.653100638682455
73.2598 5.2089064533235705
73.5044 5.858167989519188
73.7497 6.583801429617671
73.9959 7.407998613902933
74.2429 8.325177148746427
74.4907 9.361789591513084
74.7393 10.52799631429697
74.9888 11.826992847152196
75.239 13.117252056777968
75.4902 14.522720157967523
75.7422 16.078176495480392
75.995 17.529105539948965
76.2486 17.290071929457113
76.5031 16.75220376541197
76.7585 16.22879440564936
77.0147 15.730784112078728
77.2717 15.2799529383621
77.5296 14.847299296875612
77.7884 14.426096114265247
78.0481 14.031502797376385
78.3086 13.685011344247979
78.5699 13.351508393920643
78.8322 13.026525605626528
79.0953 12.978892680018237
79.3593 13.39663452174539
79.6242 13.83281683306554
79.89 14.285111873830497
80.1566 14.753362524912149
80.4242 15.23947366338183
80.6926 15.743288545701327
80.9619 16.262494707390488
81.2322 16.801089891629616
81.5033 17.360991374135075
81.7753 17.937787944555105
82.0483 19.738073090273076
82.3222 26.101736167993046
82.5969 35.077926460001095
82.8726 47.27875010678418
83.1492 28.010985334820795
83.4268 8.287644749398082
83.7052 2.4511951154427587
83.9846 0.8957815088118343
84.2649 1.3787750506662197
84.5462 2.921833989253821
84.8284 6.191250371194117
85.1115 10.094531014181134
85.3956 11.104895682775975
85.6806 12.181901430686947
85.9666 13.423787838838122
86.2536 15.375239950135203
86.5415 17.805040359282483
86.8303 20.612347304710852
87.1201 24.64472649708427
87.4109 30.576910801369994
87.7027 38.02122636414123
87.9954 46.653084772764366
88.2891 52.009036461683934
88.5838 57.11756320403761
88.8795 62.72748160376593
89.1761 65.9338251118227
89.4738 67.292659616277
89.7724 68.67969633133937
90.0721 70.2833404920916
90.3727 72.34626919515583
90.6744 74.48843149112673
90.977 71.19250562635098
91.2807 34.62978226386901
91.5853 14.61019349670593
91.891 6.407839639251986
92.1977 5.31256908761486
92.5055 6.788276183614976
92.8142 8.677544331336215
93.124 11.166182881972711
93.4349 14.364676307270232
93.7467 18.52903348916109
94.0596 24.074536863194233
94.3736 31.34960499280084
94.6886 40.983647072157765
95.0046 53.06034028228574
95.3217 63.878238625411356
95.6399 76.26010225887802
95.9591 90.38506573217975
96.2794 98.05378503529832
96.6008 104.03255409512653
96.9232 110.40936555015355
97.2467 117.63480723073582
97.5713 125.56070128383196
97.897 134.04078457439462
98.2237 143.43314072785805
98.5516 153.72809924414568
98.8805 166.155449907756
99.2106 294.6104154269755
99.5417 705.1916857496537
99.874 1715.3788053112705
100.207 1538.2012162163153
100.542 778.8906096346392
100.877 401.0538642464497
101.214 166.30845559530954
101.552 63.15909266556918
101.891 25.229674810924713
102.231 19.104791052658214
102.572 21.62876793124742
102.915 24.515767036840213
103.258 27.94377991180523
103.603 31.95608132645396
103.948 36.596426020712876
104.295 42.15140294361959
104.644 48.6928851059446
104.993 62.70954259223428
105.343 144.8186520055166
105.695 379.0700578216585
106.048 863.9054988898316
106.402 1128.5345924463054
106.757 1417.053039890378
107.113 1783.6949645245295
107.471 2238.4177070630562
107.829 2819.499280077366
108.189 3388.809696106702
108.55 3926.0960079823813
108.913 4539.404692722889
109.276 4943.129102135046
109.641 5263.393851083416
110.007 5610.86694848149
110.374 6011.472134280015
110.742 6446.234943785944
111.112 6787.6553040780655
111.483 6882.574292283935
111.855 6958.54931458144
112.228 5937.933932781802
112.603 4531.161249795272
112.979 3478.542121978742
113.356 2730.053762799186
113.734 2160.0305467683443
114.114 1724.9537029071214
114.495 1394.3907425529108
114.877 1133.9883026500058
115.26 1022.4676719729927
115.645 975.9591045020436
116.031 885.1770670552559
116.418 630.0005113051147
116.807 439.4297474440087
117.197 348.69002319529744
117.588 318.7384868427828
117.981 307.7268245266814
118.374 438.3555699632842
118.769 676.9765582444955
119.166 1062.1933714092272
119.564 1653.4410105768138
119.963 2564.0950562984112
120.363 3310.372762920819
120.765 4130.5310710955555
121.168 4622.265635525715
121.572 4455.767390583541
121.978 4358.645283692804
122.385 4793.161674546233
122.794 5399.285249018556
123.204 6807.773912957122
123.615 9479.926679307375
124.027 13364.708068271164
124.441 18825.80088526359
124.857 26775.19683155128
125.274 33652.96784146335
125.692 39875.68153733179
126.111 41240.6481732304
126.532 30777.152264389428
126.954 23692.936194072143
127.378 26846.31273024112
127.803 33612.695962280915
128.23 35013.27711816048
128.658 31313.233406843367
129.087 28955.466231813894
129.518 29437.080817737224
129.951 30045.959476560227
130.384 30141.904712160722
130.82 30093.466878694897
131.256 30473.088796439908
131.694 31185.61334672374
132.134 31815.677535536663
132.575 32261.655599441874
133.017 32883.492805379545
133.461 34482.27475209996
133.907 36336.72364073198
134.354 38647.10273176556
134.802 41257.37552143817
135.252 44038.38947823374
135.704 47025.933806236324
136.157 50243.17922821032
136.611 53687.77003690688
137.067 52441.70691181009
137.524 36890.297413650216
137.983 26780.411809520134
138.444 28325.644756289443
138.906 32322.23607951937
139.37 37012.03038689185
139.835 42534.22757077585
140.302 50080.56303986497
140.77 59993.56576617153
141.24 50350.24475449885
141.711 30133.7493773631
142.184 25043.874200845992
142.659 33773.57910118519
143.135 43110.66542596785
143.613 47753.15352284744
144.092 47972.23649835321
144.573 36103.655404160134
145.056 26905.47906786587
145.54 20234.743820170286
146.026 15378.952491788597
146.513 11809.39923909711
147.002 9435.76708230828
147.493 9223.258682056156
147.985 9345.497805758556
148.479 9593.985779647272
148.974 9886.440381864064
149.472 10268.948841973111
149.971 10347.088925069842
150.471 8102.275563876596
150.973 6218.2105638449275
151.477 5983.000161714052
151.983 6044.797548856629
152.49 6129.574159663313
152.999 6224.827414665232
153.51 6345.965184508989
154.022 6480.616808525712
154.536 6644.015252244518
155.052 7490.92663116125
155.57 11996.754980573962
156.089 18093.34244186752
156.61 19434.522030872064
157.133 20734.06182845559
157.657 23028.421500144235
158.183 24855.53701889893
158.711 25426.73927288062
159.241 20171.12435865963
159.773 11532.091508240637
160.306 11706.00615041636
160.841 18785.779047277996
161.378 25544.187798303155
161.916 32572.78859031637
162.457 39732.13574580904
162.999 47396.86043865789
163.543 52003.693477301786
164.089 56579.29069027136
164.637 62281.16974949485
165.186 54720.441436791465
165.738 30949.115075776102
166.291 19510.34554563811
166.846 14214.447625686102
167.403 12978.086778316498
167.962 13410.962894264327
168.522 15859.978473834111
169.085 18453.43683597321
169.649 18281.775763129448
170.215 17091.54388223684
170.783 14872.986464095771
171.353 13572.498907295636
171.925 12953.395524761025
172.499 14034.641756699279
173.075 16445.406534278743
173.653 22259.174271251213
174.232 24235.772570205147
174.814 18695.37443746763
175.397 15315.91622734983
175.983 13389.429400135765
176.57 14173.554201477617
177.159 14923.504037476705
177.751 14318.665842150225
178.344 18353.951418168504
178.939 28171.479690746255
179.537 29385.346450368394
180.136 28163.727747450997
180.737 27241.716603372697
181.34 29571.653619919492
181.946 33699.64168232892
182.553 26551.342687264056
183.162 21112.860189317173
183.774 20774.079892487876
184.387 12603.855461565641
185.002 7080.124740109702
185.62 14160.765420451482
186.24 23102.494711919517
186.861 20057.594249666403
187.485 23765.77517913008
188.111 32929.830852675645
188.739 49901.94174715276
189.368 55962.19643558032
190.001 52086.621687892104
190.635 55938.31267683205
191.271 46555.13635542192
191.909 27402.278491152232
192.55 32921.70664496677
193.193 36792.564702578085
193.838 22591.893680823923
194.485 12762.983089253124
195.134 11177.330461637363
195.785 31256.765572654374
196.438 39718.38303585077
197.094 37341.87533138386
197.752 47765.19840880434
198.412 63940.970154664705
199.074 80606.90800318266
199.739 74427.28592993031
200.405 69205.18459152561
201.074 69059.54076989541
201.745 81631.08902236367
202.419 80972.65510841856
203.094 73633.38992981026
203.772 75300.33217647014
204.453 80649.73247669765
205.135 79792.75534101612
205.82 58556.349167089924
206.507 40689.95988586742
207.196 34839.72176172966
207.887 45722.96153772134
208.581 39143.44253950853
209.278 30217.045461334783
209.976 25003.987701489245
210.677 26059.42645706759
211.38 25071.31829615645
212.086 24314.030000806233
212.794 35658.124217603014
213.504 44049.910621135255
214.216 46691.149681018134
214.931 42673.01079996668
215.649 33655.528568907015
216.369 36790.951549982405
217.091 49027.29517993086
217.815 36960.68101019124
218.542 39445.63976135898
219.272 45149.005909835454
220.004 44465.203147318985
220.738 47878.14954389746
221.475 45759.98810312127
222.214 40608.328299507244
222.956 36848.60526936704
223.7 37790.79478880016
224.447 46715.540278037486
225.196 58904.69005741696
225.947 59251.0401891555
226.702 56239.48697550963
227.458 86315.26452026554
228.188 186616.9386700713
228.889 350386.74577513733
229.593 164356.13207453184
230.298 76090.43579316665
231.006 60347.00382418626
231.717 53876.927830855624
232.429 64179.04354646848
233.143 78956.50087182569
233.86 63429.85892083281
234.579 65708.57974217141
235.3 104334.37457676935
236.024 192170.620282476
236.774 121360.8617602568
237.552 114016.41602849531
238.332 161113.6047896926
239.114 203277.00292534608
239.9 127864.06048506187
240.688 278358.37132532574
241.478 282731.7638879909
242.271 214743.02289768012
243.067 277033.82742854906
243.865 249895.89418695797
244.666 271051.132439733
245.47 321243.48523373983
246.276 306652.1874274381
247.085 207116.3881473218
247.896 211860.56369921382
248.71 287917.9168090975
249.527 435746.8792705133
250.352 481744.67657222925
251.187 405436.2409269759
252.024 548282.1386042965
252.863 484832.7906623659
253.706 659987.386761729
254.551 580200.3171451375
255.399 299561.99087526836
256.25 232705.77509426622
257.104 606466.2664020017
257.961 663478.6342689215
258.82 569907.3758592769
259.683 480354.5952781514
260.548 572004.4078749834
261.416 618394.8642292126
262.287 552514.7584489777
263.161 626771.5838923185
264.038 590153.0251736974
264.918 413899.0857910797
265.801 500213.47290011443
266.686 512652.07992658456
267.575 488694.9589530456
268.466 624462.3786184705
269.361 728876.7652797012
270.258 533260.1571918238
271.159 490517.6688158132
272.062 722265.8996828597
272.969 862592.6921569727
273.878 936136.3684120036
274.791 941074.6969846397
275.707 808363.1659205842
276.625 640239.2803256583
277.547 468071.71220297215
278.472 370720.88336072344
279.4 489567.59097389464
280.331 800491.4220317395
281.265 847433.1631899112
282.202 768055.0584829802
283.142 794346.8411984706
284.086 743797.6075892925
285.032 907262.5426587405
285.982 671047.7333195052
286.935 799855.3178941456
287.891 664825.1608738761
288.85 729763.1804347377
289.813 506436.4416494222
290.778 553318.0746335256
291.747 519349.00628762145
292.719 435790.27700294444
293.694 536760.1119186882
294.673 528510.4473341854
295.655 485093.393217082
296.64 708304.9196349911
297.628 725388.8057539988
298.62 784509.2384847251
299.615 850611.5477023165
300.613 716488.0660447598
301.615 610319.6287571923
302.62 603233.0228817905
303.628 735708.7484273657
304.64 1193998.5167833322
305.655 1281317.7071630948
306.674 879296.4542638867
307.695 785699.8169774021
308.721 942351.554288482
309.749 1138603.2058119874
310.781 904901.7058693353
311.817 734938.19767983
312.856 504156.19238037145
313.898 737111.8157398104
314.944 861069.0734163416
315.994 932506.9222383049
317.047 711009.2377207639
318.103 969645.6473965637
319.163 831029.7851336038
320.226 825614.7382708885
321.293 991260.0279730051
322.364 912497.0527252834
323.438 985738.131640549
324.516 1179061.2171704
325.597 1104606.5175802377
326.682 957201.3764122399
327.77 1015791.6479958483
328.862 895501.643725205
329.958 1031227.1683824598
331.058 883394.7273124574
332.161 849729.6251331533
333.268 713158.0749923787
334.378 791689.5454592068
335.492 604473.2685100784
336.61 678784.6489346166
337.732 848810.4281388206
338.857 841473.7369246231
339.986 786136.8680967663
341.119 917188.989402865
342.255 888793.2059384811
343.396 744145.2497200896
344.54 603906.6623218579
345.688 868155.0382141502
346.84 984957.6191939807
347.995 725021.9585328555
349.155 684606.5843326335
350.318 616771.477075011
351.486 884328.3116595402
352.657 719296.8325476076
353.832 630840.7522227827
355.011 632100.3034542017
356.194 543548.9680912773
357.381 609342.5743844508
358.571 742543.9990257767
359.766 883837.0376480629
360.965 819629.3495902899
362.168 622427.5634281744
363.374 584778.7759682853
364.585 553437.9111507819
365.8 869722.9264994685
367.019 1003580.8513516022
368.242 1001633.7977831191
369.469 903910.2426067535
370.7 929822.108247819
371.935 717693.3270133816
373.174 803755.4814192861
374.418 654317.8770734861
375.665 896700.6175312799
376.917 601231.2036356626
378.173 473269.19165890606
379.433 715168.8679820914
380.697 751674.0374501045
381.966 588829.7736202106
383.238 680100.6867358064
384.515 735803.7146064618
385.796 886823.8476352216
387.082 610934.7620077195
388.372 846772.9100329
389.666 831735.9622316178
390.964 904256.8076143075
392.267 991465.1769094383
393.574 753449.2407600839
394.885 792308.1172394898
396.201 858810.6895872037
397.521 896189.0108052687
398.846 1159810.3494761821
400.174 842631.703056454
401.508 1007205.2756330596
402.846 971763.4851926622
404.188 1181101.617557352
405.535 1125996.8675989432
406.886 898977.3009565951
408.242 657615.9361992034
409.602 900077.3974156348
410.967 944695.1877953323
412.336 998085.2279291801
413.71 1170777.7537521122
415.089 836946.1700012952
416.472 830898.841083115
417.859 1047594.0877265827
419.252 790896.6012028531
420.649 847723.9061981519
422.05 1178681.526323313
423.456 1270388.6000286825
424.867 1218117.6127405458
426.283 1140237.2901919899
427.703 1162704.9783558724
429.128 1141796.3446715225
430.558 1124569.358083635
431.993 952669.303769752
433.432 752853.7953130108
434.877 848156.2210998774
436.326 985709.6086132309
437.779 1141384.668830432
439.238 693711.179769311
440.702 708778.7175803111
442.17 774913.4622505272
443.643 893522.1043480631
445.122 858447.4311991584
446.605 943213.6399796753
448.093 994375.3549953257
449.586 752670.7124510135
451.084 879537.0454135214
452.587 1084117.0981584787
454.095 1075271.6359485907
455.608 876778.2431948385
457.126 909967.650157141
458.649 844999.1691568805
460.177 862896.9945202345
461.711 967994.4436282023
463.249 1213412.7703449563
464.793 1172046.283171753
466.341 1131673.6581021002
467.895 1140277.7835014672
469.454 1140839.876613193
471.018 1040973.0486950102
472.588 1112034.4245766466
474.163 1110852.2605747732
475.742 1067470.4327818877
477.328 1064280.0117728973
478.918 932860.2218647209
480.514 852930.7414004186
482.115 946082.8790240913
483.721 1119501.5771095525
485.333 1036910.7114150111
486.95 1044997.0296634076
488.573 962131.5034513377
490.201 867311.4430701121
491.834 1082009.838472571
493.473 1128406.6135576637
495.117 1139091.7531546461
496.767 1120239.3378749313
498.422 1114130.2337557892
500.083 1087295.7551689884
501.749 1111828.786453419
503.421 1113881.2362484485
505.098 1082226.314876295
506.78 1109519.6796964034
508.468 1119220.1207490857
510.161 1067817.6263850993
511.86 1061614.2333414373
513.565 1258179.3560576367
515.276 1189617.5442409294
516.992 1162633.4872404395
518.713 1104986.2953219754
520.441 1132372.7084752005
522.174 1103201.1939785618
523.913 1128115.7234916247
525.658 1009150.281409572
527.409 902897.3430642689
529.165 1020466.6690689987
530.928 1155187.9565220035
532.696 1154547.6963417032
534.47 1068908.1091702236
536.25 843912.3540390411
538.036 614074.2739489749
539.828 525997.8183495096
541.626 537444.3712423461
543.43 759504.2348278426
545.24 1047482.1845081009
547.056 975275.4261198469
548.878 749175.971508024
550.706 502323.78932214016
552.54 539144.8186538708
554.38 939988.3169297259
556.226 1315225.387080162
558.079 1129167.3459394793
559.937 1026065.0802169678
561.802 915456.8514512206
563.673 1076611.191158414
565.551 976772.731919516
567.434 809826.9821000348
569.324 886328.4051248186
571.22 1013839.3878904585
573.123 1155632.0537824067
575.031 1051499.761234913
576.946 1006726.1813426445
578.868 1022193.3434733269
580.796 987163.9732924474
582.73 846668.9518927332
584.671 976256.6035038027
586.618 1133687.3447322373
588.572 1038292.5634062627
590.532 1066825.256594979
592.499 1046629.3858062495
594.472 977332.446688702
596.452 982930.445174659
598.438 831268.2987790785
600.432 796489.4521483429
602.431 1046036.1157619025
604.438 858763.2697073157
606.451 545360.3468580904
608.47 818681.383622536
610.497 1221994.008897863
612.53 1025734.4850985592
614.57 975545.5593216331
616.617 882084.4283553418
618.671 971003.8941236684
620.731 932150.8715848734
622.798 810773.7895325728
624.873 612050.9273472481
626.954 538651.466646598
629.042 1002595.9725035789
631.137 1220039.584208961
633.239 948665.4330851133
635.348 1055572.253447796
637.464 966397.6704763176
639.587 714478.8767685437
641.717 794293.9921019066
643.854 977417.1304666831
645.998 769014.7877806183
648.15 846782.4545900645
650.309 922979.0110552774
652.474 946773.4084157238
654.647 902569.4186556342
656.828 887916.5854669553
659.015 915174.5889844086
661.21 914452.2303090895
663.412 887310.8437343483
665.622 908135.2905638044
667.839 856463.6692619924
670.063 772372.1139239706
672.294 830796.5043303475
674.533 914045.8911477319
676.78 877074.4635581077
679.034 861385.1195510314
681.295 893486.8141568261
683.564 878325.4947998417
685.841 841425.0026269017
688.125 851735.8024462169
690.417 847922.5971409348
692.716 920261.9959927289
695.023 873146.1548090301
697.338 878054.611132964
699.661 838908.2043923641
701.991 718097.013264051
704.329 863300.4969878063
706.675 808914.3931258849
709.028 864537.6060272502
711.39 852579.3141593379
713.759 904810.4743193642
716.136 891591.8118600023
718.521 849326.9876511446
720.914 866331.1656635103
723.315 854752.6670450339
725.724 872545.1247868127
728.141 857498.9392660642
730.566 805515.9022408365
732.999 847870.0667762407
735.44 818915.3807577738
737.89 841788.9515007555
740.347 847957.4465438271
742.813 843081.0637849224
745.287 835488.6464757947
747.769 835445.7015337042
750.259 809316.4115430294
752.758 787644.810335866
755.265 663390.0492569073
757.781 486966.23930959473
760.304 367872.69251334306
762.837 469688.1793731454
765.377 894247.3017500766
767.926 934701.9884286143
770.484 761133.2106991556
773.05 681579.6795264585
775.624 744683.1940575261
778.208 752485.5907125927
780.799 737350.7376553201
783.4 448238.4821980395
786.009 314067.43433629745
788.627 595847.3958014599
791.253 1041745.0004940275
793.888 849702.6395471897
796.532 780455.8283960094
799.185 719535.7711950126
801.847 732635.7093989297
804.517 784340.464389965
807.197 782790.1881754817
809.885 775570.6221629092
812.583 772576.7726821539
815.289 763752.2729559771
818.004 763921.1148321633
820.728 759727.3164813049
823.462 757204.9238472066
826.204 753250.4868192123
828.956 710523.7468786242
831.717 668890.7456876598
834.487 549442.4464358052
837.266 725620.2727232288
840.054 724832.248733995
842.852 728885.280384207
845.659 737128.4999911973
848.476 649663.4902115396
851.302 701066.0625255138
854.137 683999.475448511
856.981 719250.4691078805
859.836 720819.5548997622
862.699 688649.0513236875
865.573 637420.8437668041
868.455 717387.876769701
871.348 703681.5377476068
874.25 705626.9702574528
877.161 706000.6205539852
880.083 703269.9741634927
883.014 663364.8361229583
885.955 697072.5398644721
888.905 700118.1962211715
891.866 696458.4919964349
894.836 693196.2899210913
897.816 690137.4802629708
900.806 686146.9556560082
903.806 680292.9044766547
906.817 671655.2079471381
909.837 691490.6717274449
911.553 1041629.1159780641
913.273 1389141.666328396
916.322 1429822.1573025642
919.38 1108816.7193753598
922.449 762265.1312353866
925.528 1342623.4111769823
928.618 959280.3609641591
931.718 950062.8869962809
934.828 1652483.5683934737
937.948 1048049.4851299096
941.079 1004609.6084482286
944.22 1354783.5126427237
947.372 1426059.5598210809
950.534 1082677.0768841882
953.707 1353080.4774321066
956.891 1372936.150712113
960.085 1255844.1919601727
963.29 1352689.225559564
966.505 1337980.0581709803
969.731 1303353.1091368445
972.968 1118039.3475616584
976.216 1235615.4411719537
979.475 1306540.8313520509
982.744 1284536.7017588182
986.025 1109618.263753796
989.316 1068781.9563042766
992.618 1323177.682186943
995.932 1168106.4521593365
999.256 1261267.5495659944
1002.59 1255885.5072562355
1005.94 1160374.9767712206
1009.3 1127519.173572852
1012.67 1160559.4645865213
1016.05 1167582.5567232415
1019.44 1135329.2162035163
1022.84 1131388.9614597592
1026.25 916095.4446494137
1029.68 1091819.307842302
1033.12 1136598.8152787257
1036.57 1060927.5454713637
1040.03 1177794.8275439197
1043.5 1179095.4872591326
1046.98 1166239.03557777
1050.48 1160733.7952165562
1053.98 1140576.124471829
1057.5 1127770.3048303684
1061.03 1053306.1295586096
1064.57 1047086.7848862524
1068.13 1063825.3710849371
1071.69 1067593.9979467308
1075.27 1079070.5964322693
1078.86 1064914.3306971102
1082.46 1045498.4584073448
1086.07 1033877.612200835
1089.7 1029496.8095080163
1093.33 1050197.974543673
1096.98 1021889.2041658213
1100.65 1037803.454833411
1104.32 1022954.117795081
1108.01 922966.7612860509
1111.7 981423.9395804717
1115.42 956492.0982193482
1119.14 994813.992860819
1122.87 903631.0991503617
1126.62 886579.401564678
1130.38 906808.5358470011
1134.16 963488.6628886012
1137.94 946832.4581881334
1141.74 930121.2379459955
1145.55 920641.6102753441
1149.38 932523.8042937844
1153.21 927508.8747305578
1157.06 901778.9587991035
1160.92 896289.2688633817
1164.8 887899.4654957177
1168.69 814049.563745981
1172.59 827011.755150264
1176.5 698310.0413461111
1180.43 871242.5550782211
1184.37 741647.8464212181
1188.32 863023.9541804993
1192.29 835607.2121594653
1196.27 819316.4539940103
1200.26 817159.7968169106
1204.27 800028.9581009101
1208.29 769347.456981918
1212.32 766368.9836970799
1216.37 701716.056070162
1220.43 767688.8181691879
1224.5 758468.0969061812
1228.59 715784.9606687125
1232.69 516317.50387690635
1236.81 479520.753362132
1240.94 686999.8341257332
1245.08 903343.4778328295
1249.23 757344.5474547528
1253.4 741387.0888325006
1257.59 750686.5982496282
1261.79 742659.7097656778
1266.0 730514.356745916
1270.22 719381.4235994652
1274.46 721660.350917214
1278.72 714732.5471655445
1282.99 707845.2323035237
1287.27 700205.1795758427
1291.57 694844.3464088714
1295.88 672840.4547021486
1300.2 664716.6599168241
1304.54 664331.0537063108
1308.9 676935.8599445823
1313.27 668594.5755342564
1317.65 662498.594772129
1322.05 625934.2253236562
1326.46 643989.9299112775
1330.89 628679.6108226964
1335.33 608369.9901784734
1339.79 638471.5501826414
1344.26 608884.7460740284
1348.75 628175.3612771808
1353.25 621811.986258393
1357.77 600696.1301975001
1362.3 579591.256085544
1366.85 556377.6542752952
1371.41 580827.4200077672
1375.99 576297.6363967675
1380.58 583377.5189250212
1385.19 574803.6517869944
1389.81 495405.4560838317
1394.45 566228.3826349719
1399.11 516067.521382412
1403.78 569857.9183441162
1408.46 518198.06589035154
1413.16 553916.0003713903
1417.88 504316.20865928783
1422.61 515076.84603871644
1427.36 524686.0641389225
1432.13 500248.5197223237
1436.91 522501.29765014554
1441.7 494095.70139531797
1446.52 511267.52829109936
1451.34 503239.51683613926
1456.19 496072.2786829819
1461.05 479284.4077777882
1465.93 495097.3839375842
1470.82 460369.51599109883
1475.73 490887.2635370443
1480.66 489023.00309692783
1485.6 484190.3181267807
1490.56 480410.4839093404
1495.53 471533.35470843245
1500.53 433907.1361299706
1505.53 458343.99471480696
1510.56 454903.0891217625
1515.6 443848.83215076616
1520.66 442260.0444416822
1525.74 443129.17439927673
1530.83 417205.780266383
1535.94 430771.2451345001
1541.07 261974.1170101477
1546.21 271446.1491259336
1551.37 468707.75807945465
1556.55 444194.97027341474
1561.75 428881.105137498
1566.96 407043.2368855135
1572.19 395841.82904863945
1577.44 385249.0833812376
1582.7 398372.9354322258
1587.99 399295.7085849708
1593.29 396579.33679661853
1598.61 390470.473917415
1603.94 366367.7422480991
1609.3 373287.73391001316
1614.67 378684.3084241213
1620.06 369023.2004507058
1625.47 359840.4050946588
1630.89 352698.4199605728
1636.33 381469.5106177353
1641.8 395224.1285332814
1647.28 371291.05137571547
1652.78 354100.3914152157
1658.29 349845.998053937
1663.83 350214.915296666
1669.38 340489.9382099916
1674.95 335904.14336581295
1680.55 344807.1148164666
1686.16 341944.6391478858
1691.78 333869.8564126139
1697.43 329952.1526810413
1703.1 327455.14118208206
1708.78 317605.15582468064
1714.49 302158.87421523314
1720.21 304912.3884175495
1725.95 309418.3875503095
1731.71 314382.1115777027
1737.49 309517.49028007826
1743.29 305364.7744909516
1749.11 304056.9005044241
1754.95 298779.57141385233
1760.81 294306.88096971717
1766.69 296120.0284507481
1772.58 289473.29557476146
1778.5 289657.6576857248
1784.44 284593.77655316005
1790.39 277376.3727733574
1796.37 280620.16201464314
1802.37 280724.31273011793
1808.38 278003.8453323659
1814.42 268076.8699799038
1820.48 266904.1362431334
1826.55 264433.72362578945
1832.65 265874.38330505
1838.77 261473.54869696722
1844.9 257838.2526571333
1851.06 250086.96654954596
1857.24 251178.48402385612
1863.44 253629.54398366404
1869.66 250601.87284993916
1875.9 246231.24651587353
1882.16 241977.42163931305
1888.45 237027.30062753646
1894.75 233276.09899915892
1901.07 235006.36574929295
1907.42 237970.16203538617
1913.79 232555.42325170615
1920.18 224693.40233930002
1926.59 224563.9669535112
1933.02 223200.88633530802
1939.47 218862.06716080257
1945.94 224866.38183928054
1952.44 211395.68249600215
1958.96 215381.86128924185
1965.49 216570.59012533756
1972.06 216107.88802900896
1978.64 212809.7060890866
1985.24 209359.8811185086
1991.87 203538.2634263049
1998.52 204478.43728568777
2005.19 201846.82621741763
2011.88 200245.44126178764
2018.6 201601.57446451354
2025.34 198830.64944095945
2032.1 195825.0107683681
2038.88 190083.78322149123
2045.69 191862.80321945093
2052.51 194540.85534224016
2059.37 191662.26499811205
2066.24 189213.5669016598
2073.14 187763.16708218443
2080.06 185993.43318297731
2087.0 182929.36071691744
2093.97 180126.76565894802
2100.96 180499.2067488282
2107.97 176912.75151522702
2115.01 177450.03777274291
2122.07 176458.8115635517
2129.15 175392.60516759777
2136.26 172738.2265221761
2143.39 170893.6173809073
2150.54 169850.7749662817
2157.72 168418.25931948965
2164.92 165893.50914746732
2172.15 165184.68529775098
2179.4 162605.53944534413
2186.68 161519.56247740638
2193.97 159897.2480480221
2201.3 158050.9431884365
2208.65 156523.59608337306
2216.02 154697.88920241164
2223.42 153035.2583070853
2230.84 151687.35316203823
2238.28 150499.0606559002
2245.76 148406.9046192043
2253.25 147007.53142947896
2260.77 145615.4983785713
2268.32 144005.7786662085
2275.89 142330.73418835402
2283.49 141409.9950820269
2291.11 139900.08253278173
2298.76 137806.2955234148
2306.43 136831.6767074297
2314.13 135420.64765469253
2321.86 133431.05785443122
2329.61 131745.66211970072
2337.38 131016.56068873084
2345.18 128622.09139310686
2353.01 127832.56431473876
2360.87 126758.40885568048
2368.75 125762.14378850018
2376.65 123912.42360413118
2384.59 122572.33352802576
2392.55 121880.10177406728
2400.53 119986.62384235178
2408.55 119092.6384518456
2416.59 117992.4050306701
2424.65 116828.33686343546
2432.75 115180.54551010279
2440.87 113960.96562518761
2449.01 112679.08314559281
2457.19 112165.49789001385
2465.39 110412.27684873863
2473.62 109357.14254816262
2481.88 107827.85263218702
2490.16 106717.78190703975
2498.47 106158.55275932727
2506.81 104787.35799977178
2515.18 104100.43924186142
2523.58 102405.60086547429
2532.0 102065.05775359146
2540.45 101189.82054989984
2548.93 99584.99994223232
2557.44 98787.95909724811
2565.98 97597.2444689759
2574.54 96479.76238021237
2583.14 95368.20981990955
2591.76 94394.59257187217
2600.41 93230.07852335286
2609.09 92267.84826233909
2617.8 91570.91269795664
2626.54 90488.91901001318
2635.31 89413.08438567352
2644.1 88858.46681455275
2652.93 87985.54604201611
2661.79 86733.93928749347
2670.67 85999.62423922434
2679.59 84951.44650592755
2688.53 84162.72086482869
2697.5 82999.87705228615
2706.51 82346.41046457115
2715.54 81446.07522494266
2724.61 80488.08307214701
2733.7 80531.62020494763
2742.83 78960.97927578501
2751.98 77585.66119694735
2761.17 77327.43290010217
2770.39 76455.9789887523
2779.63 75650.96872156953
2788.91 74789.21654603792
2798.22 73628.38930184978
2807.56 73141.0577883186
2816.93 72474.99668613839
2826.34 71511.36186408321
2835.77 70913.59226201614
2845.24 70019.82202967738
2854.73 69250.68955333995
2864.26 68604.49302769935
2873.82 67843.47236653828
2883.42 67204.57372402113
2893.04 66334.2272731033
2902.7 65761.80380614716
2912.39 65134.08991207062
2922.11 64393.43305895474
2931.86 63599.00759442011
2941.65 62751.159148314124
2951.47 62196.519817773136
2961.32 61587.483472733395
2971.21 60981.66429447493
2981.12 60322.39029367698
2991.08 59666.487534999316
3001.06 59071.23541252017
3011.08 58422.65072033863
3021.13 57834.10821179797
3031.21 57248.90177612941
3041.33 56610.88962286917
3051.48 56032.31256558545
3061.67 55379.052020866744
3071.89 54735.12929711766
3082.14 54155.66923696921
3092.43 53496.83458866423
3102.75 52924.107399091896
3113.11 52409.154544829595
3123.5 51951.58725935301
3133.93 51442.109963244606
3144.39 50924.7053909441
3154.89 50339.98872107552
3165.42 49479.19686732623
3175.98 48982.559153487695
3186.58 48536.65523449191
3197.22 48678.43956659188
3207.89 48484.70554005634
3218.6 47086.4788115321
3229.34 46355.63758797779
3240.12 45818.10539460528
3250.94 45409.17968304762
3261.79 44934.74671003618
3272.68 44395.33540362475
3283.6 43957.544657529616
3294.56 43527.29168353137
3305.56 43011.87457931625
3316.6 42535.27159103386
3327.67 42051.22659934389
3338.77 41590.40035931181
3349.92 41111.69952317526
3361.1 40656.05910460745
3372.32 40152.51376479822
3383.58 39807.71128386252
3394.87 39464.84733506695
3406.2 39108.81262134994
3417.57 38670.05691861886
3428.98 38288.34207420287
3440.43 37799.92738361437
3451.91 37472.14376320844
3463.43 36998.73792912448
3475.0 36616.070654014664
3486.6 36299.06562687165
3498.23 35837.95417269954
3509.91 35461.79618349077
3521.63 35039.42459378665
3533.38 34658.08072826805
3545.18 34336.368457312106
3557.01 33916.06136463301
3568.88 33488.63116056867
3580.8 33082.57787333902
3592.75 32764.183205064943
3604.74 32513.614498953983
3616.77 32066.78466545256
3628.85 31772.506845534695
3640.96 31512.63121189936
3653.12 34034.361964782445
3665.31 33870.113161252986
3677.55 33521.446956073494
3689.83 33271.56122972343
3702.14 32977.110931574745
3714.5 33201.7328042568
3726.91 33269.20873505421
3739.35 33367.81754342833
3751.83 32853.24339605122
3764.36 33692.986732903024
3776.92 32999.86334616796
3789.53 33621.84132325474
3802.19 31715.598164875897
3814.88 33206.65756027961
3827.62 32273.839486110675
3840.39 30713.46982150633
3853.21 32147.80796993989
3866.08 31921.97313943792
3878.99 31162.223308755856
3891.94 29253.161517600915
3904.93 30789.6570360501
3917.97 30600.33481516142
3931.05 29749.794708396104
3944.17 29775.92494410153
3957.34 29436.080108230923
3970.55 26895.800359091332
3983.81 28890.309646796286
3997.11 29002.740861863967
4010.45 28851.1203109997
4023.84 28476.060676608853
4037.27 28288.626763515476
4050.75 27938.289484357574
4064.27 27736.51503923922
4077.84 27206.14646354364
4091.46 26932.619812008787
4105.12 25147.958118453877
4118.82 26369.57185913067
4132.57 26178.913580966117
4146.37 25989.206421463048
4160.21 25816.867680486164
4174.1 25323.370983663455
4188.04 25259.392994435562
4202.02 24928.37972966317
4216.05 24829.282826540057
4230.12 24465.16459858024
4244.25 24243.417371079046
4258.41 24026.967662897536
4272.63 23692.16198745949
4286.9 23395.022632650616
4301.21 22806.9391765219
4315.57 22734.991655366273
4329.98 22443.22800326558
4344.43 21232.91994720029
4358.93 22157.564011130227
4373.49 22161.59912313988
4388.09 21661.381843107767
4402.74 21643.40301942435
4417.44 21498.204308019234
4432.18 21484.28626069684
4446.98 21194.7160016379
4461.83 20967.840947371853
4476.72 20791.69022377476
4491.67 20688.39823813095
4506.67 20751.667108709895
4521.71 20370.353194832333
4536.81 19991.303113950325
4551.95 19805.209906514956
4567.15 19731.845695577824
4582.4 19502.82023169146
4597.7 19367.613123600724
4613.05 19365.8636399563
4628.45 19257.319463726588
4643.9 19196.91495393669
4659.4 19089.23817705531
4674.96 19502.43642641566
4690.57 19930.816391911245
4706.23 18660.697183071916
4721.94 18159.04836027887
4737.7 17850.86309980549
4753.52 17820.086750357317
4769.39 17532.49398281081
4785.31 17442.168581004524
4801.29 17320.33437758272
4817.32 17153.218528145353
4833.4 16888.47825560289
4849.54 16558.632437289507
4865.73 15604.932475848418
4881.97 16291.816956756473
4898.27 16338.327823234089
4914.62 16114.348611764748
4931.03 15957.215326881718
4947.49 15886.932986182339
4964.01 15741.525268255567
4980.58 15504.69671825479
4997.21 15385.00898040713
5013.89 15113.269407864675
5030.63 15110.324851801104
5047.43 14888.12847160874
5064.28 14972.969424973022
5081.18 14638.567728341748
5098.15 14563.14406368692
5115.17 14378.321056296063
5132.25 14148.148856537544
5149.38 14041.613064163488
5166.57 13734.75399480562
5183.82 13882.684936266505
5201.13 13604.238108743251
5218.49 13588.32319288513
5235.91 13487.876279943264
5253.39 13410.612093506319
5270.93 13091.629643402268
5288.53 13302.202496666867
5306.18 13107.260229155163
5323.9 12919.831957997332
5341.67 12927.811468024438
5359.51 12878.430401100022
5377.4 12686.886159117883
5395.35 12537.465932737961
5413.36 12536.61069932798
5431.44 12300.674548155956
5449.57 12312.824346463583
5467.76 12231.41251602872
5486.02 11986.023499797346
5504.33 11939.970618577687
5522.71 11804.735883509502
5541.15 11832.998697137673
5559.65 11720.181440524899
5578.21 11598.83789116586
5596.83 11356.585240555116
5615.52 11436.943897848303
5634.26 11302.277237970005
5653.07 11174.384196510426
5671.95 11122.190896651222
5690.88 11013.445490228352
5709.88 10830.797778424263
5728.95 10949.167983580674
5748.07 10779.556824808664
5767.26 11053.432805458731
5786.52 11498.822512428205
5805.83 11797.5674374311
5825.22 11463.318055358193
5844.66 10735.312063017484
5864.18 10267.300744477227
5883.76 10178.194064411971
5903.4 10089.575928634466
5923.11 9998.554962355176
5942.88 9945.253699244602
5962.72 9880.776792211092
5982.63 9779.643970899546
6002.6 9673.416729315644
6022.64 9570.60760594335
6042.75 9586.619767122587
6062.92 9456.514138935701
6083.16 9363.521736039884
6103.47 9254.31509750571
6123.85 9167.953642585635
6144.29 9040.542523156304
6164.81 8944.217426777772
6185.39 8933.711958935924
6206.04 8906.727268335999
6226.76 8726.815574683273
6247.55 8607.911008102907
6268.4 8609.134440748381
6289.33 8607.535167561524
6310.33 8460.26333274875
6331.39 8442.870498792434
6352.53 8377.280026939165
6373.74 8328.048842268712
6395.02 8241.808502318074
6416.37 8164.0057598253
6437.79 8139.484935027628
6459.28 8014.950684894447
6480.85 8017.151233192995
6502.48 7862.279240732342
6524.19 7885.662754855563
6545.97 7849.029213057208
6567.83 7442.121157324613
6589.76 7667.783898462651
6611.76 7634.550615060054
6633.83 7573.247010672851
6655.98 7509.7036013168645
6678.2 7443.956103901187
6700.49 7419.192872920175
6722.86 7328.709433610134
6745.31 7269.0068128851935
6767.83 7214.653345696854
6790.42 7175.619307259344
6813.09 7094.309330167529
6835.84 7038.344648083446
6858.66 7000.043650355493
6881.56 6961.91574101507
6904.53 6921.506504835357
6927.58 6827.257124348533
6950.71 6740.898377181861
6973.91 6677.001474544461
6997.2 6623.16887872635
7020.56 6542.971400200817
7044.0 6547.766496750097
7067.51 6492.284276257138
7091.11 6434.689040893631
7114.78 6355.89207536158
7138.53 6298.9967933765365
7162.37 6259.027796359606
7186.28 6167.179742060488
7210.27 6137.222060473381
7234.34 6123.857512098296
7258.49 6061.292619463629
7282.73 5982.7159317891965
7307.04 5946.513666137086
7331.44 5915.120059020335
7355.91 5870.001657958053
7380.47 5818.19596014517
7405.11 5757.481691608902
7429.83 5729.166470638625
7454.64 5680.4302881733565
7479.52 5682.006410537032
7504.49 5590.554713418197
7529.55 5580.986150846299
7554.69 5566.91809161028
7579.91 5490.0388378324515
7605.21 5496.382637295803
7630.6 5422.354353452806
7656.08 5339.865535772945
7681.64 5368.607806125636
7707.28 5288.940605792411
7733.01 5295.543399261809
7758.83 5236.258751719225
7784.73 5168.572396020513
7810.72 5149.195913535694
7836.8 5099.4961291921
7862.96 5065.220553537421
7889.21 4972.889390585192
7915.55 4898.309716465017
7941.98 4834.880931044527
7968.49 4852.956705719293
7995.1 4813.397339650948
8021.79 4784.657111945807
8048.57 4745.485305379953
8075.44 4681.239630557966
8102.4 4632.067096042272
8129.45 4610.376002173472
8156.59 4586.69233835023
8183.82 4534.011423936679
8211.14 4506.494210941957
8238.56 4538.9917385274675
8266.06 4507.425679919187
8293.66 4459.6042992518
8321.35 4379.340268837684
8349.13 4358.655799824495
8377.0 4301.505212040383
8404.97 4309.456556177609
8433.03 4244.681449425022
8461.18 4242.623901116893
8489.43 4110.268018026896
8517.77 4152.518668138875
8546.21 3744.538053834903
8574.74 4180.484218944069
8603.37 4091.4279066110944
8632.09 4148.768037189829
8660.91 3728.341590778077
8689.83 4027.2262077032137
8718.84 4060.657736730549
8747.94 3938.2405995063286
8777.15 4002.667811088528
8806.45 3946.8489526049675
8835.85 3933.7163893307397
8865.35 3830.4311811388084
8894.95 3901.8419114850835
8924.65 3862.168886482568
8954.44 3839.820261148699
8984.34 3798.6367277642557
9014.33 3651.9979884175823
9044.42 3756.473732357653
9074.62 3710.2259561047804
9104.92 3647.4277020395157
9135.31 3629.7069486147557
9165.81 3552.6636805918806
9196.41 3509.393109298574
9227.11 3374.181227199012
9257.92 3434.621553075561
9288.83 3454.328906285363
9319.84 3446.486220790613
9350.95 3398.6320626190964
9382.17 3371.00273621526
9413.49 3310.989602018252
9444.92 3299.9715729410937
9476.45 3290.787224266898
9508.09 3276.2578421114586
9539.83 3194.022442533175
9571.68 3218.9430457324524
9603.64 3215.3168072503163
9635.7 3165.774908242657
9667.87 3151.7212289730055
9700.14 3139.4823203840356
9732.53 3106.3092495100104
9765.02 3094.2317452941625
9797.62 3064.8352322011438
9830.33 3073.6745233814536
9863.15 3044.472705750047
9896.08 3024.02693506025
9929.12 3005.3969594490495
9962.27 2985.1498264750107
9995.53 2959.898156224421
10028.9 2922.9069483458584
10062.4 2859.0716775148635
10096.0 2893.3699483021237
10129.7 2873.666989333415
10163.5 2845.6969146590127
10197.4 2832.899996737831
10231.5 2805.1674257949007
10265.6 2795.8492944416816
10299.9 2770.0210380691037
10334.3 2722.9361241573256
10368.8 2715.5169229400035
10403.4 2699.9442047576063
10438.1 2686.0789120310696
10473.0 2652.760818404722
10508.0 2645.5440744055873
10543.0 2623.852079317448
10578.2 2590.9962216374242
10613.5 2572.76089277971
10649.0 2557.79372755305
10684.5 2515.856677241428
10720.2 2507.478467564601
10756.0 2497.5509097512804
10791.9 2473.477956455509
10827.9 2441.6858779406307
10864.1 2417.8900866837366
10900.3 2394.2523475251332
10936.7 2313.170698361401
10973.3 2272.896871501074
11009.9 2265.341123901465
11046.6 2271.6760799118324
11083.5 2265.6480414179014
11120.5 2242.810956345734
11157.7 2242.95729886527
11194.9 2221.8266272354117
11232.3 2217.457962718252
11269.8 2193.473634396919
11307.4 2174.142995146218
11345.2 2163.9000051046983
11383.0 2143.2628124046837
11421.0 2130.1732127482255
11459.2 2129.0108029882113
11497.4 2111.579053933386
11535.8 2107.499712208623
11574.3 2091.670052088566
11613.0 2045.1445320722248
11651.7 2045.652468263089
11690.6 2037.3903633483121
11729.7 2037.851027329434
11768.8 2000.7227974423615
11808.1 2007.0311229453491
11847.5 1973.0724314435192
11887.1 1952.187228551499
11926.8 1967.0859782199232
11966.6 1927.844178204709
12006.5 1918.6035878484115
12046.6 1907.9802375274503
12086.8 1893.1889526748719
12127.2 1885.4791831988741
12167.7 1880.6016119061646
12208.3 1863.1989360992593
12249.1 1852.826111589979
12289.9 1834.2162734575143
12331.0 1823.9636145537047
12372.1 1812.4039573117502
12413.5 1792.6541405118726
12454.9 1785.3293957031274
12496.5 1776.663299735155
12538.2 1757.185409239587
12580.1 1741.8661631639648
12622.1 1732.0264671580182
12664.2 1720.8950380055744
12706.5 1713.8272425615976
12748.9 1701.4550623271539
12791.5 1682.4883412492736
12834.2 1633.1456489651557
12877.0 1660.7474532484298
12920.0 1638.1017709259818
12963.1 1637.9050698651338
13006.4 1631.1442158066382
13049.8 1615.2898486457573
13093.4 1604.713606553865
13137.1 1581.245021978578
13181.0 1583.7229705213806
13225.0 1575.8810063546166
13269.1 1553.9754944889605
13313.4 1530.9141974331023
13357.9 1543.6450515368033
13402.5 1525.8142441269088
13447.2 1522.007443156356
13492.1 1506.8546651745908
13537.2 1500.5777225202282
13582.3 1480.5639510897092
13627.7 1468.1410110787742
13673.2 1463.2555112686284
13718.8 1452.1911423136082
13764.6 1447.3591563265134
13810.6 1438.8426712140063
13856.7 1419.3223208017114
13903.0 1415.8193688667432
13949.4 1409.8902893782583
13995.9 1389.4035773002615
14042.7 1389.6192226809485
14089.6 1364.4662341315857
14136.6 1343.0811011560625
14183.8 1338.61167632107
14231.1 1321.0121764929604
14278.7 1316.6084016674465
14326.3 1315.7965164063812
14374.2 1313.7789788924078
14422.1 1287.0021166869851
14470.3 1295.648130086121
14518.6 1280.7914945293544
14567.1 1266.0159982537753
14615.7 1260.6422248309223
14664.5 1252.966641710085
14713.5 1243.0124650050127
14762.6 1238.8782398663689
14811.9 1235.9033605784884
14861.3 1222.6368033040487
14910.9 1226.5566735643895
14960.7 1215.6506986734387
15010.7 1202.5342419763008
15060.8 1186.108097599054
15111.0 1194.552362254891
15161.5 1187.2071693387784
15212.1 1175.4294225663182
15262.9 1172.6318721686146
15313.9 1168.726647145557
15365.0 1158.1961930045431
15416.3 1151.0313925787013
15467.7 1149.40627390068
15519.4 1144.4809941178326
15571.2 1113.3587181836251
15623.2 1122.7205863712907
15675.3 1112.4769394390162
15727.7 1100.1166799454688
15780.2 1087.8316146543323
15832.9 1091.7325331731456
15885.7 1040.1245094305432
15938.8 1085.5462837339294
15992.0 1065.977292812625
16045.4 1068.7915142574846
16098.9 1036.8121696639662
16152.7 1055.3720967181646
16206.6 1027.0877367806838
16260.7 1042.5034348787235
16315.0 1035.2797122775319
16369.5 1019.7768255886466
16424.1 968.6335101433507
16478.9 1000.8242279884287
16534.0 989.0513543273383
16589.2 984.016881576934
16644.5 961.5312503873619
16700.1 958.6356262467185
16755.9 947.2188812300526
16811.8 917.0496641572635
16867.9 919.5470389755684
16924.2 920.2075078721974
16980.7 909.3308202642315
17037.4 900.0135841526828
17094.3 884.4776677961122
17151.4 883.3185713976318
17208.6 869.3097415952062
17266.1 862.1777566213484
17323.7 839.1786493776788
17381.6 821.0161187585929
17439.6 828.3337072890035
17497.8 819.7447693669926
17556.2 812.0756942648951
17614.9 799.3248467808661
17673.7 796.6655111018224
17732.7 781.8302397973414
17791.9 772.7264727705173
17851.3 763.6745317437509
17910.9 757.9037729724886
17970.7 745.4412637776909
18030.7 733.9968516645392
18090.9 727.3224748991012
18151.2 710.190663027371
18211.8 708.8550914085263
18272.6 708.0792768574771
18333.7 699.6876984322731
18394.9 684.5039933459976
18456.3 676.2350779756572
18517.9 674.6286904850442
18579.7 666.89064577606
18641.7 660.2007341653015
18704.0 650.9978234222425
18766.4 624.2651093489193
18829.1 637.5467310708917
18891.9 626.6020328042499
18955.0 618.8615416785382
19018.3 615.9966320904371
19081.8 611.0044951299883
19145.5 602.1292125236599
19209.4 596.3178747257242
19273.5 587.6259711119814
19337.9 578.8947309390934
19402.4 570.0431422961677
19467.2 548.3073111063035
19532.2 555.3671132960676
19597.4 553.2589836157387
19662.8 547.092590679089
19728.5 537.5094126615545
19794.4 529.359699496028
19860.4 524.0883364196603
19926.7 517.5634065601421
19993.3 480.4402721476542
20060.0 427.36253106497475
20127.0 423.7421552213507
20194.2 418.6251891263132
20261.6 413.11824777008906
20329.2 407.72749995338734
20397.1 403.9513436821292
20465.2 399.1987526700742
20533.5 393.8110019191781
20602.1 388.0404211862217
20670.9 383.3744018037677
20739.9 379.06381015582775
20809.1 375.4322664803959
20878.6 370.9231100558552
20948.3 366.11551685466833
21018.2 362.5505391466921
21088.4 356.9065356800937
21158.8 352.58316939056976
21229.4 348.3653353479802
21300.3 344.9693393366709
21371.4 339.84133024353133
21442.8 336.9642128464492
21514.4 333.0750768680251
21586.2 329.2875055630527
21658.3 319.5505668898917
21730.6 321.5407335925489
21803.1 316.10182966088325
21875.9 313.416697306468
21948.9 311.05659454525863
22022.2 306.2357976395759
22095.7 300.9052765764936
22169.5 299.4431480200489
22243.5 294.69915997007286
22317.8 292.34589502245086
22392.3 287.42242582876776
22467.0 284.80083695832786
22542.1 280.38027617289293
22617.3 276.2135165515585
22692.8 274.0200295824855
22768.6 271.46389964102593
22844.6 267.50738933014844
22920.9 249.3224297192615
22997.4 245.09006665651066
23074.2 248.9194303570376
23151.2 248.23850757129688
23228.5 226.90457932494192
23306.0 231.624952420357
23383.8 234.5648638324503
23461.9 234.5816943153212
23540.2 210.74650664338182
23618.8 219.26526217515817
23697.7 221.55050159331518
23776.8 220.52724035729798
23856.2 198.5413529409522
23935.8 207.97416415527346
24015.7 209.83253022449136
24095.9 209.48715912096858
24176.4 190.5636403889905
24257.1 200.45013773366338
24338.0 200.06345094501393
24419.3 198.35231333608513
24500.8 183.59641588080171
24582.6 190.45993342388203
24664.7 190.9295994562242
24747.0 188.919672134215
24829.7 176.98479086475785
24912.5 182.13303186854944
24995.7 182.5477494319872
25079.2 180.71889181532347
25162.9 173.08613758834585
25246.9 173.45367103698067
25331.2 174.95847191121797
25415.8 172.63568444251908
25500.6 167.2580187605439
25585.7 167.1671672495185
25671.2 165.55003501098483
25756.9 166.91472959120236
25842.9 161.02682085708096
25929.1 161.0820199373904
26015.7 160.34963035198794
26102.6 158.25153355854192
26189.7 154.93190927157585
26277.1 152.73322433702816
26364.9 153.5151802066018
26452.9 152.68291315048285
26541.2 149.29042247987095
26629.8 146.87709682457174
26718.7 146.19737443096417
26807.9 146.02823531717263
26897.4 144.27729684492618
26987.2 142.34726366365638
27077.3 141.11962325277332
27167.7 139.89858086848756
27258.4 138.37204072391162
27349.4 136.23206035873838
27440.7 135.40679581623374
27532.3 133.16429510505407
27624.2 131.48953297175544
27716.5 130.43782851431854
27809.0 129.33099654952449
27901.8 127.62037608229886
27995.0 126.28392874874802
28088.5 124.77330709930894
28182.2 123.33220244930494
28276.3 122.32009538608465
28370.7 120.71374861258377
28465.4 119.35587117837865
28560.5 117.7075030818221
28655.8 116.48485912054873
28751.5 114.08525971870499
28847.5 113.70560169173574
28943.8 112.5631512548702
29040.4 111.01703736478142
29137.4 109.888396506777
29234.6 108.47552610654164
29332.2 106.95455677077709
29430.2 105.61566722345246
29528.4 104.63065450712763
29627.0 103.24880243311863
29725.9 101.9323226241718
29825.2 100.96548013500282
29924.7 99.66326805382674
30024.6 97.29176408031495
30124.9 96.29013210215852
30225.4 95.80110356699791
30326.3 95.08965874053408
30427.6 93.82255837696441
30529.2 92.50723007509727
30631.1 91.25527610227914
30733.4 90.12116667093902
30836.0 89.04888921983647
30938.9 87.9278812088016
31042.2 86.8679928661381
31145.8 85.75968458338994
31249.8 84.71208354343345
31354.2 83.67036481663786
31458.8 82.63503492669992
31563.9 81.60527441064974
31669.2 80.63556115906538
31775.0 79.6710214302766
31881.0 78.65902544353312
31987.5 77.70570950070012
32094.3 76.7580029831469
32201.4 75.81587656531633
32308.9 74.87906923846813
32416.8 73.89508046250657
32525.0 72.96925555189391
32633.6 71.84015236545194
32742.5 70.87377202264496
32851.9 69.96452177620833
32961.5 69.06088817038619
33071.6 68.21365661735979
33182.0 67.32016631532281
33292.8 66.53400638287134
33403.9 65.70153989390911
33515.4 64.92458026730303
33627.3 64.10141695138353
33739.6 63.28296360975683
33852.2 62.51964386469326
33965.2 61.76065788115442
34078.6 60.95606620646029
34192.4 60.205864661506496
34306.6 59.45994694550648
34421.1 58.71846701323693
34536.0 57.98123216174274
34651.3 57.297323657025565
34767.0 56.56836541160604
34883.1 55.843602469216464
34999.5 55.123175426007286
35116.4 54.45519744681359
35233.6 53.74290747042319
35351.2 53.08286626617048
35469.3 52.426462863585925
35587.7 51.82178575227556
35706.5 51.17289799098204
35825.7 50.5277496158831
35945.3 49.886324963555346
36065.3 49.295781326686715
36185.7 48.661600012714906
36306.5 48.031095723323396
36427.7 47.404252647781334
36549.3 46.781054944317034
36671.4 46.170639529145184
36793.8 45.591647352106556
36916.6 45.01600684404258
37039.9 44.4435833296965
37163.5 43.90207141551643
37287.6 43.3590053824985
37412.1 42.82363187250569
37537.0 42.31402085913504
37662.3 41.80282864228476
37788.1 41.28997791718234
37914.2 40.77572057601696
38040.8 40.264343431109914
38167.8 39.742569748428586
38295.2 39.21496192838669
38423.1 38.68149380924002
38551.3 38.17774717028327
38680.0 37.67685274533798
38809.2 37.17441774287005
38938.7 36.68814198790789
39068.7 36.25688250969847
39199.2 35.82802651556062
39330.0 35.401746459976394
39461.3 34.9821605061159
39593.1 34.56062398908141
39725.3 34.137258173435924
39857.9 33.70782557330576
39991.0 33.280824678536014
40124.5 32.85208906511959
40258.4 32.44277862447336
40392.8 32.031573434636705
40527.7 31.631101235444252
40663.0 31.245530731374263
40798.7 30.866384996263168
40935.0 30.489306143012396
41071.6 30.11451008437418
41208.7 29.741837956512896
41346.3 29.371282151382914
41484.3 28.998803831952838
41622.8 28.632538974385472
41761.8 28.264291237762965
41901.2 27.906340965351646
42041.1 27.546390067685262
42181.5 27.176404642098916
42322.3 26.760382007184802
42463.6 26.33879503340824
42605.4 25.899734399947615
42747.6 25.38375054239701
42890.3 24.858998255730903
43033.5 24.34139686329005
43177.2 23.850594663551256
43321.3 23.35890564389262
43465.9 22.87804195676313
43611.1 22.419564350388754
43756.7 21.967816874239134
43902.7 21.522744916094293
44049.3 21.107372185793963
44196.4 20.69837038416224
44343.9 20.295735713288508
44492.0 19.933740924582544
44640.5 19.573972682576553
44789.5 19.2543601095506
44939.1 18.94797157036772
45089.1 18.64345077344874
45239.6 18.34450733798079
45390.7 18.06604846809119
45542.2 17.793016785769467
45694.2 17.525327125722
45846.8 17.288873444854666
45999.9 17.057501737655343
46153.4 16.831205418005908
46307.5 16.639259634830832
46462.1 16.448410100715716
46617.2 16.262301578988254
46772.9 16.0917706343547
46929.0 15.918610271094506
47085.7 15.750010617826474
47242.9 15.578763320125924
47400.6 15.408489351716273
47558.9 15.242729623699455
47717.6 15.077943304695916
47876.9 14.917616048632391
48036.8 14.754626147752678
48197.2 14.599626130231403
48358.1 14.445505007715601
48519.5 14.2887523588706
48681.5 14.122380615999809
48844.0 13.95696961426925
49007.1 13.789015160944585
49170.7 13.628956423286889
49334.8 13.46637423247049
49499.6 13.304681883604268
49664.8 13.15080791428246
49830.6 13.001211891164585
49997.0 12.849050999049217
50163.9 12.701164525925497
50331.4 12.557489407242732
50499.4 12.41127551444784
50668.0 12.262528227873707
50837.2 12.117971182766073
51006.9 11.970920368579803
51177.2 11.838003544386194
51348.0 11.682661370380954
51519.4 11.551330816934383
51691.4 11.42402992684721
51864.0 11.300723026729584
52037.2 11.174835823775371
52210.9 11.049678025079519
52385.2 10.92847279188201
52560.1 10.804711189057063
52735.6 10.684875095109021
52911.6 10.562518743267866
53088.3 10.44083601107876
53265.5 10.323057756045202
53443.3 10.205945953979242
53621.8 10.089479090593228
53800.8 9.976854604850818
53980.4 9.86486740649094
54160.6 9.753514877494514
54341.4 9.642794392465323
54522.9 9.529565479759665
54704.9 9.42011181852218
54887.5 9.317481503070551
55070.8 9.21232533668447
55254.6 9.110863477976388
55439.1 9.013029413102261
55624.2 8.915748194879946
55809.9 8.819017460116655
55996.2 8.72283484152653
56183.1 8.62416981853616
56370.7 8.52605318561788
56558.9 8.431506060341222
56747.7 8.334499884487725
56937.2 8.238035767014448
57127.3 8.148082312771495
57318.0 8.055672991243842
57509.3 7.963793444153171
57701.3 7.872427625089234
57894.0 7.781573736989755
58087.3 7.691243210392088
58281.2 7.598514490328258
58475.8 7.500492033258287
58671.0 7.408843602752908
58866.9 7.323496152334366
59063.4 7.235760851145979
59260.6 7.151393844954513
59458.4 7.067515148760267
59656.9 6.98696255053139
59856.1 6.904021124221794
60055.9 6.8243946435451095
60256.4 6.742394416294646
60457.6 6.660860959395556
60659.4 6.582607988184872
60861.9 6.504799134733716
61065.1 6.424646599956211
61269.0 6.350506804056655
61473.5 6.276797573987301
61678.8 6.2007383270144185
61884.7 6.125124345500675
62091.3 6.052683658914643
62298.6 5.977925351942345
62506.6 5.903596800822057
62715.3 5.832408966823488
62924.6 5.761638411110859
63134.7 5.691264972361436
63345.5 5.623981999736702
63557.0 5.554407320217796
63769.1 5.487910463921494
63982.0 5.421786694361382
64195.7 5.356034771681026
64410.0 5.2906698727864825
64625.0 5.22568188193348
64840.8 5.158437371326577
65057.2 5.096822209494086
65274.4 5.03294747958269
65492.3 4.972041032335994
65711.0 4.908889653419251
65930.4 4.856427633347536
66150.5 4.7965471520010095
66371.3 4.739577183906923
66592.9 4.680373960092262
66815.2 4.621515029930529
67038.3 4.562992005593825
67262.1 4.507339701502025
67486.7 4.449482782195392
67712.0 4.394476849671914
67938.0 4.339791033188842
68164.8 4.285417546601506
68392.4 4.231355190757764
68620.7 4.177608848586217
68849.8 4.126642068836679
69079.7 4.073503328456703
69310.3 4.023131128758668
69541.7 3.9706008372156685
69773.9 3.920812364454507
70006.8 3.8713154640838283
70240.5 3.822103274120132
70475.0 3.773174638107792
70710.3 3.7245283956574657
70946.4 3.6761633826419606
71183.3 3.6304684698811878
71420.9 3.5850415586182427
71659.3 3.5375022118375288
71898.6 3.492600699743153
72138.6 3.447963629629312
72379.4 3.4035849635973925
72621.1 3.3594589717867827
72863.5 3.3179288009066505
73106.8 3.274306543395221
73350.9 3.2309384346819163
73595.7 3.1901393869118215
73841.5 3.1472642037224383
74088.0 3.1069405159810897
74335.3 3.0668512563592745
74583.5 3.026991324430741
74832.5 2.987363868566689
75082.3 2.9502337670844647
75333.0 2.9133151055475697
75584.5 2.8766109046439974
75836.8 2.8378768114016
76090.0 2.8016023951471944
76344.0 2.765539614411076
76598.9 2.7296839301667304
76854.6 2.6918243754737503
77111.2 2.6563912339988756
77368.7 2.621162638107959
77627.0 2.586141109083597
77886.1 2.5513256659491432
78146.1 2.518889194131803
78407.0 2.4844694597343664
78668.8 2.4524126188813633
78931.4 2.420543899324172
79195.0 2.3867081104989594
79459.4 2.3573553354397268
79724.6 2.3260399104379466
79990.8 2.294903443228007
80257.8 2.2660707629219483
80525.8 2.237401501212176
80794.6 2.206794844075881
81064.4 2.178463029875599
81335.0 2.1502980287566458
81606.5 2.1222964089722764
81879.0 2.0965327428972382
82152.3 2.0690560004803094
82426.6 2.044419934292454
82701.8 2.018279582572958
82977.9 1.9922910149342672
83254.9 1.9664535641048873
83532.9 1.9411715770155271
83811.7 1.9160390210097713
84091.5 1.8910506294768084
84372.3 1.8666091426396565
84654.0 1.8425111891360602
84936.6 1.8183535102889787
85220.2 1.7949339073013386
85504.7 1.771849985494288
85790.1 1.7485042000998112
86076.5 1.726083788607544
86363.9 1.7037923517021771
86652.2 1.6814349809187166
86941.5 1.6599895395727355
87231.8 1.6386675599490228
87523.0 1.6172760083001965
87815.2 1.596783103879056
88108.4 1.5764082331884588
88402.5 1.5561526735371054
88697.7 1.536396010686505
88993.8 1.5167550790254254
89290.9 1.4972276443229644
89589.0 1.4781930342629606
89888.1 1.4592684418370323
90188.2 1.4402647621761724
90489.3 1.4219354605418162
90791.4 1.4037122735756478
91094.5 1.3859682716961843
91398.6 1.368513128424739
91703.8 1.3511575454152893
92009.9 1.3337191489629554
92317.1 1.316749290223384
92625.3 1.2998779628977792
92934.5 1.2831047313227077
93244.8 1.2669751694199407
93556.1 1.2511210811977844
93868.4 1.2351777446836887
94181.8 1.2196871837115786
94496.2 1.2046467091175146
94811.7 1.1895127418518237
95128.3 1.1748232677821124
95445.8 1.1602203062102439
95764.5 1.1455221638258963
96084.2 1.1312638849918184
96405.0 1.1170874280271426
96726.8 1.102817714809973
97049.8 1.088979778837343
97373.8 1.0752226055010226
97698.9 1.0615447271859006
98025.0 1.048294001689285
98352.3 1.035118516641927
98680.6 1.022020075405413
99010.1 1.0091681020873857
99340.6 0.99656261627788
99672.3 0.9838581901897041
100005.0 0.9713984523191579
100339.0 0.9585002492570758
100674.0 0.9458472284694692
101010.0 0.9332688966207796
101347.0 0.9209327528105993
101686.0 0.9088278153652216
102025.0 0.8968033204347958
102366.0 0.8848411806800321
102707.0 0.8731241192744951
103050.0 0.8616329802800602
103394.0 0.8502098605082967
103740.0 0.8388463275200451
104086.0 0.8278852476016623
104433.0 0.8168260670870559
104782.0 0.805987121156684
105132.0 0.7953744005315039
105483.0 0.784824667712489
105835.0 0.7744983460542935
106188.0 0.7642332889309132
106543.0 0.7540220992025329
106899.0 0.7440309229120609
107255.0 0.7342646946447119
107613.0 0.7245496177958123
107973.0 0.7148857234271803
108333.0 0.705443101308432
108695.0 0.6960502210082323
109058.0 0.6868694009942827
109422.0 0.6777433011165871
109787.0 0.66882659093176
110154.0 0.6599569909623898
110521.0 0.6511462964171246
110890.0 0.6425357593368586
111261.0 0.6341238525818814
111632.0 0.6256154551442231
112005.0 0.6174561955324284
112379.0 0.6091942870986403
112754.0 0.6011327445749846
113130.0 0.5931194039932604
113508.0 0.585298727388453
113887.0 0.5775248950543915
114267.0 0.5699465338235162
114649.0 0.5624085987471671
115031.0 0.5549207282829516
115415.0 0.5476203460136871
115801.0 0.5403590484989178
116187.0 0.5331459983929069
116575.0 0.526117633609534
116964.0 0.5191314606270834
117355.0 0.5123278451386151
117747.0 0.5054206331286312
118140.0 0.4988430546567986
118534.0 0.4921614100815816
118930.0 0.4856589234908556
119327.0 0.4791955798681331
119725.0 0.4729132531199268
120125.0 0.46666478668588357
120526.0 0.46045397483945605
120929.0 0.4542768404796103
121332.0 0.44828095964723713
121737.0 0.44245726305215016
122144.0 0.4365257498177511
122552.0 0.4307689439748059
122961.0 0.42504688525842704
123371.0 0.4193593672299202
123783.0 0.41384028512384397
124196.0 0.4083545326133456
124611.0 0.4030352066359359
125027.0 0.39761193704618125
125444.0 0.39235713349970064
125863.0 0.38713099843798415
126283.0 0.38207124110739216
126705.0 0.37703907679357257
127128.0 0.3720373946691084
127552.0 0.36706600910890635
127978.0 0.36225484349595466
128406.0 0.3574700335497667
128834.0 0.3527170148800581
129264.0 0.3479900874344246
129696.0 0.34342038699644384
130129.0 0.3388784234233576
130563.0 0.33436402511757096
130999.0 0.32987450332592416
131437.0 0.3255392544995801
131875.0 0.3212328032313167
132316.0 0.3169476772166515
132757.0 0.3128191724260739
133201.0 0.30871105238652957
133645.0 0.30463022862140715
134091.0 0.3005719468068535
134539.0 0.2965361637476689
134988.0 0.29265103588703234
135439.0 0.2887874034081011
135891.0 0.2849473197493645
136345.0 0.28112857329518487
136800.0 0.2774575110124586
137257.0 0.2738067981019305
137715.0 0.27017835288566255
138175.0 0.26657010347907634
138636.0 0.2629839019359597
139099.0 0.259540050554406
139563.0 0.2561172141279632
140029.0 0.2527134523464034
140497.0 0.24932872076904225
140966.0 0.24608540802649567
141436.0 0.24286188787747
141909.0 0.23953476690774686
142382.0 0.23646872965534668
142858.0 0.2332990032883173
143335.0 0.23014872402230643
143813.0 0.22713606410000073
144293.0 0.22414025777473284
144775.0 0.22116126156978513
145258.0 0.21820053334371778
145743.0 0.21537320889386893
146230.0 0.21244538748885491
146718.0 0.2096515323537168
147208.0 0.20687339027260748
147699.0 0.2041122996542114
148192.0 0.2014815923984156
148687.0 0.19875123347759643
149183.0 0.19615172135003328
149682.0 0.1935655579177232
150181.0 0.1909965803551666
150683.0 0.1884408661122881
151186.0 0.18601342521911945
151690.0 0.18348871579706258
152197.0 0.18108894377705417
152705.0 0.17870393669373102
153215.0 0.1763324434917997
153726.0 0.17397555394907807
154240.0 0.17163094322585493
154754.0 0.16941184358812703
155271.0 0.16720420556393759
155789.0 0.1649009550025871
156310.0 0.16271869130816446
156831.0 0.16065940713609933
157355.0 0.15850261663145587
157880.0 0.15635915251788626
158407.0 0.15433535034251192
158936.0 0.15221600896705234
159467.0 0.15021553326625467
159999.0 0.14822740945601057
160533.0 0.14625064085100656
161069.0 0.1443908142014807
161607.0 0.14243628614355008
162147.0 0.14059791929350748
162688.0 0.13866632856674593
163231.0 0.13685009334471038
163776.0 0.13504425258666763
164323.0 0.1332487688060572
164871.0 0.1314644016315871
165422.0 0.12979235149488164
165974.0 0.12802812665760888
166528.0 0.1263762448444399
167084.0 0.12463200082795808
167642.0 0.12299934523522424
168202.0 0.12137607900921737
168763.0 0.11976287603973203
169327.0 0.11815826924635889
169892.0 0.11666377078946852
170459.0 0.11507802084107792
171028.0 0.11360093344268468
171599.0 0.11203319047558781
172172.0 0.11057337745223708
172747.0 0.1091219855221378
173324.0 0.10767898111790006
173902.0 0.10624494148178333
174483.0 0.10481860068803985
175065.0 0.10340113668715865
175650.0 0.10208818199330977
176236.0 0.1006868361595306
176825.0 0.09938930824486618
177415.0 0.09809984276067917
178007.0 0.09681783736804353
178602.0 0.0954474690465924
179198.0 0.09422808614492102
179796.0 0.09297790308046404
180396.0 0.09174442255805447
180999.0 0.09052701920773375
181603.0 0.08933594524274742
182209.0 0.08815180028569784
182817.0 0.08698386036782632
183428.0 0.08583153461708797
184040.0 0.08469564426696179
184655.0 0.08357513914223937
185271.0 0.08246162791655882
185890.0 0.08137248819026083
186510.0 0.08029926921836106
187133.0 0.07923189161796937
187758.0 0.07817982591764146
188385.0 0.0771429532256481
189013.0 0.07612155799047172
189644.0 0.07511471043514412
190278.0 0.07412231345369429
190913.0 0.07314503612216942
191550.0 0.07217348474571351
192190.0 0.07121611443447236
192831.0 0.07027355752732282
193475.0 0.06934496455982042
194121.0 0.06842182795715726
194769.0 0.06752159187587167
195419.0 0.0666266442427398
196072.0 0.0657453015358767
196726.0 0.06486948005964063
197383.0 0.06401572841746028
198042.0 0.0631670035155889
198703.0 0.06233184303465516
199367.0 0.06150129511301222
200032.0 0.060684463022650674
200700.0 0.05988062591015412
201370.0 0.05908998381714821
202042.0 0.05831242895348719
202717.0 0.05753917776990478
203394.0 0.056770500749004964
204073.0 0.05602304849365028
204754.0 0.0552800136805448
205438.0 0.054549389963482776
206123.0 0.053823354159844745
206812.0 0.05310932727274775
207502.0 0.052407988658632026
208195.0 0.051718725433490445
208890.0 0.05103354694148895
209587.0 0.05035243216225103
210287.0 0.04969130471741971
210989.0 0.049026035870894914
211693.0 0.048380795709620554
212400.0 0.047739158615579855
213109.0 0.0471093201226215
213821.0 0.04648300641225291
214535.0 0.0458683526436574
215251.0 0.0452573560854061
215969.0 0.04465787489566828
216690.0 0.04406960782784413
217414.0 0.043484642465933684
218140.0 0.042910965903693005
218868.0 0.04234070831448489
219599.0 0.04178140838887195
220332.0 0.041225445483184936
221067.0 0.04068049738714707
221805.0 0.04014628834263387
222546.0 0.03961508836730999
223289.0 0.03908706396528639
224034.0 0.0385697916564826
224782.0 0.03805544030301363
225533.0 0.03755154486787178
226286.0 0.03705818505541468
227041.0 0.03656777568022255
227799.0 0.03608014193643189
228560.0 0.03560271900599936
229323.0 0.03513557718726559
230088.0 0.03467123221819217
230857.0 0.034209371991854226
231627.0 0.03375777784756401
232401.0 0.03330860292800774
233176.0 0.032869565293667746
233955.0 0.03243288189934224
234736.0 0.031998824264727006
235520.0 0.031581690544283086
236306.0 0.031159861337012273
237095.0 0.03074761567088558
237886.0 0.030337849566066156
238681.0 0.02993742582999037
239477.0 0.02953953735508067
240277.0 0.029150880642373176
241079.0 0.028764564765211182
241884.0 0.028380458690765796
242691.0 0.02800568022362661
243502.0 0.027639918836877164
244315.0 0.027269398873635407
245130.0 0.02690805761545846
245949.0 0.026555596684729583
246770.0 0.026205262936125864
247594.0 0.025856939265422436
248420.0 0.02551072098147583
249250.0 0.02517321925867031
250082.0 0.024844562193596702
250917.0 0.024511011196947194
251754.0 0.02418623854548438
252595.0 0.0238699756896434
253438.0 0.02354891299489796
254284.0 0.023236395613355738
255133.0 0.022932349562629205
255985.0 0.022630055119549984
256840.0 0.022329505445389072
257697.0 0.02203077916083406
258557.0 0.02174036102095595
259421.0 0.02145153766110361
260287.0 0.021171005416855765
261156.0 0.02088557917115819
262027.0 0.020614874641350287
262902.0 0.020339183014983032
263780.0 0.020071541954019157
264661.0 0.019805452183197663
265544.0 0.019540980869021254
266431.0 0.019284358711184543
267320.0 0.01902929720064282
268213.0 0.01877564651814814
269108.0 0.018523541594706573
270006.0 0.018279205986661964
270908.0 0.018036223927683958
271812.0 0.017800982738942674
272720.0 0.017567043446296445
273630.0 0.017334530048278503
274544.0 0.01710330885230392
275460.0 0.01687349957882599
276380.0 0.01665112841265654
277303.0 0.016430055020669163
278228.0 0.01621644669973314
279157.0 0.015997930229512274
280089.0 0.01578676847022443
281024.0 0.01557684104928199
281963.0 0.015374121683626148
282904.0 0.015166627044004368
283848.0 0.014966343784363
284796.0 0.0147671808724516
285747.0 0.014575140404860626
286701.0 0.014378289362487634
287658.0 0.014188510453495297
288618.0 0.013999844575004102
289582.0 0.013818113872186955
290549.0 0.013631592787628337
291519.0 0.013452006773622764
292492.0 0.01327347576148012
293468.0 0.013101791985784065
294448.0 0.012925292752102874
295431.0 0.012755593753967667
296418.0 0.012586850448979671
297407.0 0.012419143646393295
298400.0 0.012252384291220261
299396.0 0.012092292478281228
300396.0 0.011933103387378147
301399.0 0.011774853438406254
302405.0 0.011617537996427198
303415.0 0.011466721857545121
304427.0 0.011311243545199386
305444.0 0.011162182833291536
306464.0 0.011014003628254495
307487.0 0.010866701494784728
308513.0 0.010725786548360955
309543.0 0.010585668964447894
310577.0 0.010440868328496899
311614.0 0.010302389192164642
312654.0 0.010170172640890346
313698.0 0.010033281371677671
314745.0 0.00990260925787631
315796.0 0.009767292472792217
316850.0 0.009638151632872426
317908.0 0.009515099035832668
318969.0 0.009387440646022746
320034.0 0.009260512965994134
321103.0 0.00913961179424306
322175.0 0.009019428960579477
323250.0 0.008899960664447195
324329.0 0.008781176040965868
325412.0 0.008663072669718027
326498.0 0.00855088506292924
327589.0 0.008439312488985466
328682.0 0.00832325377830889
329779.0 0.008213023770586095
330880.0 0.008108568490051458
331985.0 0.007999584950121888
333093.0 0.00789125342575258
334206.0 0.007788614367462937
335321.0 0.007686610827357764
336441.0 0.00758517066941469
337564.0 0.00748433713647386
338691.0 0.007384085071893781
339822.0 0.0072844122306174736
340956.0 0.007190327248240627
342094.0 0.007096783052229421
343237.0 0.006998800471445345
344382.0 0.006906368397987486
345532.0 0.006814450313875318
346686.0 0.006727971819866774
347843.0 0.006637118822458905
349004.0 0.006546793179387093
350170.0 0.006461832821964128
351339.0 0.006377381935269199
352512.0 0.006293419753778342
353689.0 0.0062099442638370896
354869.0 0.006126970710940214
356054.0 0.006044462249290861
357243.0 0.0059671967329450815
358435.0 0.005885648039270344
359632.0 0.005809289928911658
360833.0 0.005733374875559745
362037.0 0.005657916614134304
363246.0 0.005582881733012428
364459.0 0.005508284220579884
365676.0 0.00543412217237887
366896.0 0.0053604082908107675
368121.0 0.0052917327978950525
369350.0 0.005218850061059744
370583.0 0.005150986092403141
371821.0 0.00508350385833412
373062.0 0.005016429164959895
374307.0 0.004949746347695569
375557.0 0.004883440636695636
376811.0 0.0048175237034590816
378069.0 0.004756493765748747
379331.0 0.00469133408698862
380597.0 0.0046310280108624695
381868.0 0.004571061951116529
383143.0 0.004507006246173319
384422.0 0.00444775484097249
385705.0 0.004390174151893565
386993.0 0.00433204003530261
388285.0 0.004274685729128427
389581.0 0.004218105241565713
390882.0 0.004162281964176415
392187.0 0.004107220968963814
393496.0 0.004052483993709763
394810.0 0.003998921189120458
396128.0 0.003946103377169732
397451.0 0.003893586888714169
398777.0 0.00384224322886025
400109.0 0.0037911830367326716
401445.0 0.003741272007041977
402785.0 0.003691655419367306
404130.0 0.0036427437857614303
405479.0 0.0035945407654075444
406832.0 0.0035466225466374447
408191.0 0.0034998041466483797
409553.0 0.003453686569949446
410921.0 0.00340782495209654
412293.0 0.003362647702787657
413669.0 0.003318149323099902
415050.0 0.0032743164586830687
416436.0 0.0032307355272248373
417826.0 0.0031878203957662024
419221.0 0.0031459639927423518
420621.0 0.003103943850864462
422025.0 0.0030629797373177077
423434.0 0.0030222515924289268
424847.0 0.0029825664288311324
426266.0 0.0029431029413340263
427689.0 0.0029038741636837977
429117.0 0.0028656651161498023
430549.0 0.0028276832558011976
431987.0 0.0027899144616783484
433429.0 0.002753155927882455
434876.0 0.0027166099365687805
436328.0 0.0026806655445248016
437785.0 0.00264531799736072
439246.0 0.0026101811814739535
440712.0 0.002575634150710364
442184.0 0.002541666462931803
443660.0 0.00250790156575352
445141.0 0.0024747149889729095
446627.0 0.0024417211703514847
448118.0 0.002409678609314468
449614.0 0.002377443732001175
451116.0 0.0023461457249248463
452622.0 0.00231503498188426
454133.0 0.002284480060076345
455649.0 0.0022541030544890564
457170.0 0.0022242753309581337
458696.0 0.0021949924007630068
460228.0 0.002165875425803399
461764.0 0.0021369331447945376
463306.0 0.0021088898903385417
464853.0 0.002081010303027994
466404.0 0.002053298053305194
467962.0 0.002026102758217658
469524.0 0.0019994332631672936
471091.0 0.0019729196863656254
472664.0 0.0019465572002182894
474242.0 0.0019207080938113848
475825.0 0.0018953680743837183
477414.0 0.0018701725968697327
479008.0 0.0018454801948136832
480607.0 0.0018212866333192647
482212.0 0.001796878348060642
483821.0 0.0017733206302008172
485437.0 0.0017498938467273017
487057.0 0.001726608339317847
488683.0 0.0017038044445980662
490315.0 0.001681131225591509
491952.0 0.0016589374109248413
493594.0 0.0016368742275690025
495242.0 0.0016152813142122505
496895.0 0.0015938155943278007
498554.0 0.0015728145430603992
500219.0 0.0015519341801458085
501889.0 0.0015311771041321446
503564.0 0.0015112184136022925
505246.0 0.001491034668283686
506932.0 0.0014713088651399126
508625.0 0.00145169385939455
510323.0 0.0014325283470919645
512026.0 0.0014134761479133325
513736.0 0.0013948624261818211
515451.0 0.0013763588559192166
517172.0 0.0013582912159492409
518898.0 0.0013403305097097803
520631.0 0.001322471110863299
522369.0 0.001305043415362258
524113.0 0.0012877165625711717
525863.0 0.0012704901422582722
527618.0 0.0012536885690497131
529380.0 0.0012373034190910005
531147.0 0.0012206951780672837
532920.0 0.0012045027589852623
534700.0 0.001188720347333011
536485.0 0.0011730317327036093
538276.0 0.0011574342688881367
540073.0 0.0011419275689037698
541876.0 0.0011268252112072007
543685.0 0.001112123673087676
545500.0 0.001097195690981156
547321.0 0.0010826656943270598
549148.0 0.0010685302001761882
550982.0 0.0010541662766132352
552821.0 0.0010401960043169235
554667.0 0.0010266121438828543
556519.0 0.0010128017729720707
558377.0 0.0009993769668185278
560241.0 0.000986334320652767
562111.0 0.0009733677862066827
563988.0 0.0009604753172195549
565871.0 0.0009476583298024112
567760.0 0.0009349164792856451
569655.0 0.0009225480767163076
571557.0 0.0009105482039961913
573465.0 0.0008983218578188057
575380.0 0.000886461502630756
577301.0 0.0008746707429457203
579228.0 0.0008632429726980441
581162.0 0.0008518807262115868
583102.0 0.0008405852022857299
585049.0 0.000829354667113095
587002.0 0.000818480099698974
588962.0 0.0008073791883009985
590928.0 0.0007969196402451623
592901.0 0.000786233226144738
594880.0 0.0007758958675448863
596866.0 0.0007656180807011332
598859.0 0.0007553996333467865
600858.0 0.0007455246789159774
602864.0 0.000735706670197208
604877.0 0.0007259453814898612
606896.0 0.0007162417663275353
608922.0 0.0007065943774650762
610955.0 0.0006972814541815271
612995.0 0.000688022447432949
615042.0 0.00067909375346051
617095.0 0.0006699420828892548
619155.0 0.0006611184110477071
621222.0 0.0006523459084577515
623296.0 0.0006436243616125239
625377.0 0.000635225601636054
627465.0 0.0006268755580838158
629560.0 0.0006185740247661419
631661.0 0.000610321761214454
633770.0 0.0006021166116875114
635886.0 0.000594226900411265
638009.0 0.0005863830895812458
640139.0 0.0005785849798346368
642276.0 0.000571097258871732
644420.0 0.0005633890705515409
646572.0 0.000555988254173642
648731.0 0.0005486306190243661
650896.0 0.00054131680444039
653069.0 0.0005340449406965698
655250.0 0.0005270745193979653
657437.0 0.0005201455991908965
659632.0 0.0005132564001670841
661834.0 0.0005064075420947889
664044.0 0.0004995980878895242
666261.0 0.0004930839820449829
668485.0 0.0004866079885831896
670717.0 0.00048016921523503164
672956.0 0.0004737682252949017
675203.0 0.00046740414972729245
677457.0 0.0004613286588257126
679719.0 0.0004552881033719295
681988.0 0.0004490335440251525
684265.0 0.00044331255370859537
686549.0 0.0004373772442712549
688841.0 0.00043147628377370026
691141.0 0.00042585569475945694
693448.0 0.00042026814796860347
695763.0 0.00041471288730978573
698086.0 0.00040918978256848686
700417.0 0.00040369870305102687
702755.0 0.0003984821755273032
705101.0 0.0003930544946092493
707455.0 0.0003878989108441881
709817.0 0.00038277320878349493
712187.0 0.0003776772638462551
714565.0 0.0003726109511026594
716950.0 0.000367811956021317
719344.0 0.0003628037331753405
721745.0 0.0003580609858497026
724155.0 0.0003533452973837162
726573.0 0.00034865705362257675
728998.0 0.00034399660769512117
731432.0 0.00033936288897852345
733874.0 0.0003349880838306895
736324.0 0.0003306387045037068
738782.0 0.00032608435377391286
741249.0 0.0003217858229442777
743723.0 0.000317512821162512
746206.0 0.0003132643751393998
748698.0 0.0003092676293567067
751197.0 0.0003050680766642193
753705.0 0.0003011185055622135
756221.0 0.0002971919881669575
758746.0 0.00029306380647203253
761279.0 0.000289183453312472
763821.0 0.00028554821120408384
766371.0 0.00028171214656993955
768929.0 0.0002778986339802345
771496.0 0.0002743277331361885
774072.0 0.000270557581274705
776656.0 0.0002670287464827705
779249.0 0.0002635202717028469
781851.0 0.0002600320755233682
784461.0 0.0002565644032729098
787080.0 0.0002531168349236663
789707.0 0.0002499050398876812
792344.0 0.00024649671028042136
794989.0 0.00024332254951111516
797643.0 0.00023995343830402957
800306.0 0.0002368165942676961
802978.0 0.00023369793717245617
805659.0 0.00023059739058053875
808349.0 0.00022751487785670297
811047.0 0.00022445059892145552
813755.0 0.00022161298748803266
816472.0 0.00021858341441737837
819198.0 0.0002157792490534157
821933.0 0.00021299135208822904
824677.0 0.00021001335298401203
827430.0 0.00020725846733701993
830192.0 0.00020454012859825915
832964.0 0.00020183739423771193
835745.0 0.00019917080108059076
838535.0 0.00019651978634687299
841334.0 0.0001939247232431525
844143.0 0.0001913446029472895
846961.0 0.0001888197654813098
849789.0 0.000186309481080477
852626.0 0.00018385381633844364
855472.0 0.00018141253062738021
858329.0 0.00017900496182122685
861194.0 0.00017665123713662652
864069.0 0.00017431110380563135
866954.0 0.0001720041315646706
869848.0 0.00016971070646688486
872752.0 0.00016746956006574463
875666.0 0.00016526082028637848
878589.0 0.0001630650616241326
881523.0 0.0001609011568392197
884466.0 0.00015876922868281556
887418.0 0.00015666902388127363
890381.0 0.00015459994332299348
893354.0 0.00015254288046739415
896336.0 0.00015053591388013997
899329.0 0.0001485404400061266
902331.0 0.00014657559689246164
905344.0 0.00014462202706250194
908366.0 0.00014271746210621952
911399.0 0.00014082382787152794
914441.0 0.000138959992712147
917494.0 0.00013710687317093533
920557.0 0.00013530153858577187
923631.0 0.00013350658804079835
926714.0 0.00013174062490069224
929808.0 0.00013000313246652092
932912.0 0.00012827578991442027
936027.0 0.0001265765922687632
939152.0 0.00012490545217937768
942287.0 0.00012324408860440628
945433.0 0.0001216103234127587
948589.0 0.00012000406535824311
951756.0 0.0001184070915372493
954934.0 0.00011683718074216992
958122.0 0.0001152942380816447
961321.0 0.00011377792504936555
964530.0 0.00011227050625019512
967750.0 0.00011077182547209533
970981.0 0.00010931688979819618
974223.0 0.00010787038680637226
977475.0 0.00010643239030991735
980738.0 0.00010502009983645965
984013.0 0.00010363320170702457
987298.0 0.00010225446901468344
990594.0 0.00010090093506510718
993901.0 9.957239410485738e-05
997219.0 9.825158092308608e-05
1000550.0 9.695527216287773e-05
1003890.0 9.56667083531021e-05
1007240.0 9.440264407422787e-05
1010600.0 9.314603857713723e-05
1013980.0 9.191272711245366e-05
1017360.0 9.070433334475297e-05
1020760.0 8.950218866898192e-05
1024170.0 8.830716349813226e-05
1027590.0 8.713577813789109e-05
1031020.0 8.598783142543321e-05
1034460.0 8.484667716082282e-05
1037910.0 8.372867246487718e-05
1041380.0 8.261648890919412e-05
1044850.0 8.152797538899719e-05
1048340.0 8.044513321072444e-05
1051840.0 7.938489684530848e-05
1055350.0 7.833095072289542e-05
1058880.0 7.728253229171019e-05
1062410.0 7.627310822195481e-05
1065960.0 7.525299723857056e-05
1069520.0 7.425487139040653e-05
1073090.0 7.32785397731875e-05
1076670.0 7.230801122066367e-05
1080270.0 7.134259457051862e-05
1083870.0 7.039928765916353e-05
1087490.0 6.947659314226546e-05
1091120.0 6.854380045707685e-05
1094760.0 6.764765701941215e-05
1098420.0 6.674074885719155e-05
1102090.0 6.587014117382749e-05
1105770.0 6.498933894942844e-05
1109460.0 6.412913656793098e-05
1113160.0 6.327406876208623e-05
1116880.0 6.243878124100384e-05
1120610.0 6.160848966339835e-05
1124350.0 6.0798297944279406e-05
1128100.0 5.9992946534527336e-05
1131870.0 5.920691666026245e-05
1135650.0 5.8410610181130617e-05
1139440.0 5.764894361225972e-05
1143240.0 5.687694804608323e-05
1147060.0 5.61239211040019e-05
1150890.0 5.537541189766933e-05
1154730.0 5.464612830615135e-05
1158580.0 5.3921213622724064e-05
1162450.0 5.321482102608318e-05
1166330.0 5.2512665990350184e-05
1170230.0 5.18142815918921e-05
1174130.0 5.11205367123186e-05
1178050.0 5.0444970820840066e-05
1181990.0 4.977304374905596e-05
1185930.0 4.9119927119732116e-05
1189890.0 4.8470321086202224e-05
1193860.0 4.78246239470444e-05
1197850.0 4.719662212821051e-05
1201850.0 4.657240261857592e-05
1205860.0 4.595194330850513e-05
1209890.0 4.5348909166580244e-05
1213930.0 4.474951032194076e-05
1217980.0 4.4153725363859285e-05
1222050.0 4.356117652488286e-05
1226130.0 4.298608647410481e-05
1230220.0 4.241446622941846e-05
1234330.0 4.185973942439822e-05
1238450.0 4.130836100180043e-05
1242580.0 4.076031096721502e-05
1246730.0 4.0215246862275176e-05
1250890.0 3.9687083054679373e-05
1255070.0 3.9161796492571266e-05
1259260.0 3.863969039403696e-05
1263460.0 3.813421098409113e-05
1267680.0 3.761806671370009e-05
1271910.0 3.7131807736938446e-05
1276160.0 3.663486652383258e-05
1280420.0 3.61542291046065e-05
1284690.0 3.5676501566281606e-05
1288980.0 3.520139301172429e-05
1293290.0 3.4728899420329884e-05
1297600.0 3.427265581156424e-05
1301940.0 3.3818653725097215e-05
1306280.0 3.336766840234896e-05
1310640.0 3.293214827343052e-05
1315020.0 3.248608436590796e-05
1319410.0 3.20556336508931e-05
1323820.0 3.164041154423917e-05
1328230.0 3.121513784733312e-05
1332670.0 3.080475178261167e-05
1337120.0 3.0396863836681025e-05
1341580.0 2.999145827194261e-05
1346060.0 2.9600938803874905e-05
1350560.0 2.919998052771716e-05
1355060.0 2.881424054977992e-05
1359590.0 2.8430426744280162e-05
1364130.0 2.806142822005836e-05
1368680.0 2.7682245065098707e-05
1373250.0 2.7317565888419186e-05
1377840.0 2.6954914603178887e-05
1382440.0 2.660678568336969e-05
1387050.0 2.6248510854468076e-05
1391680.0 2.5904462407998642e-05
1396330.0 2.5562329468848447e-05
1400990.0 2.5222287646957336e-05
1405670.0 2.4884146374173427e-05
1410360.0 2.456013810641199e-05
1415070.0 2.42379350320013e-05
1419790.0 2.390571844357805e-05
1424530.0 2.359925829409265e-05
1429290.0 2.328260168591305e-05
1434060.0 2.2967887054679384e-05
1438850.0 2.2666768279048988e-05
1443650.0 2.236749279048644e-05
1448470.0 2.206989609426628e-05
1453310.0 2.178568021071846e-05
1458160.0 2.1491536138500137e-05
1463030.0 2.1210681152876384e-05
1467910.0 2.093154713740632e-05
1472810.0 2.0653982434833745e-05
1477730.0 2.0377982704029057e-05
1482660.0 2.0103679125761964e-05
1487610.0 1.9842363580966025e-05
1492580.0 1.958251891406792e-05
1497560.0 1.9312909394038884e-05
1502560.0 1.9067479015092083e-05
1507580.0 1.8812141885004704e-05
1512610.0 1.8558376883052487e-05
1517660.0 1.8317262847972477e-05
1522730.0 1.8077510662188174e-05
1527810.0 1.7828097345031405e-05
1532910.0 1.760230487386316e-05
1538030.0 1.7366722262227307e-05
1543160.0 1.7132591900874405e-05
1548320.0 1.691067368324022e-05
1553480.0 1.6679278107226607e-05
1558670.0 1.646001316089713e-05
1563870.0 1.6242099709679625e-05
1569100.0 1.6025324219270805e-05
1574330.0 1.5820795560422672e-05
1579590.0 1.5606554127413676e-05
1584860.0 1.5404372421730482e-05
1590150.0 1.519264059100394e-05
1595460.0 1.4992788460987628e-05
1600790.0 1.479407737438997e-05
1606130.0 1.4596594274642853e-05
1611500.0 1.4410709207083949e-05
1616880.0 1.421544872185826e-05
1622270.0 1.4031884121805767e-05
1627690.0 1.3838827723008832e-05
1633120.0 1.3657386732969963e-05
1638580.0 1.3476901552705123e-05
1644050.0 1.3297534303163055e-05
1649540.0 1.311919759205529e-05
1655040.0 1.2952245385962755e-05
1660570.0 1.2775922802692727e-05
1666110.0 1.2610906324343755e-05
1671670.0 1.2446834688447653e-05
1677260.0 1.227348775295479e-05
1682860.0 1.2111330161811361e-05
1688470.0 1.1950177429087152e-05
1694110.0 1.179992572735947e-05
1699770.0 1.164052500136011e-05
1705440.0 1.1482114990352512e-05
1711130.0 1.133456504148309e-05
1716850.0 1.1187797635040414e-05
1722580.0 1.1032064332166895e-05
1728330.0 1.0887081441385742e-05
1734100.0 1.0742936138559713e-05
1739890.0 1.059962506144789e-05
1745700.0 1.046689054313456e-05
1751530.0 1.032520534129371e-05
1757370.0 1.0184402261175702e-05
1763240.0 1.00540097631121e-05
1769130.0 9.914753729231854e-06
1775030.0 9.785951470106635e-06
1780960.0 9.657839935187094e-06
1786910.0 9.530472034942016e-06
1792870.0 9.403897079512553e-06
1798860.0 9.27895191299113e-06
1804860.0 9.156670620436507e-06
1810890.0 9.035049966479929e-06
1816930.0 8.915123884721355e-06
1823000.0 8.797714241620933e-06
1829090.0 8.680988953568792e-06
1835190.0 8.565918741907623e-06
1841320.0 8.452397223247392e-06
1847470.0 8.34045965700577e-06
1853630.0 8.230138300640978e-06
1859820.0 8.121331538630593e-06
1866030.0 8.013160767048099e-06
1872260.0 7.907440508601278e-06
1878510.0 7.802338420946862e-06
1884780.0 7.699657012580888e-06
1891080.0 7.5975359800809714e-06
1897390.0 7.496950256152379e-06
1903720.0 7.397847299025345e-06
1910080.0 7.299286560604843e-06
1916460.0 7.20308031672976e-06
1922850.0 7.107475535751481e-06
1929270.0 7.013276872759996e-06
1935710.0 6.9205104684946345e-06
1942180.0 6.829129778856721e-06
1948660.0 6.73832132277059e-06
1955170.0 6.6488829575077665e-06
1961690.0 6.560872035592224e-06
1968240.0 6.4742099252334475e-06
1974810.0 6.38805800202655e-06
1981410.0 6.304099262274278e-06
1988020.0 6.220666701312714e-06
1994660.0 6.137694801031016e-06
2001320.0 6.056913149644035e-06
2008000.0 5.9766078373838025e-06
2014700.0 5.89762096518483e-06
2021430.0 5.8190713404120245e-06
2028180.0 5.741825236917041e-06
2034950.0 5.665871960805847e-06
2041740.0 5.5912008838262636e-06
2048560.0 5.516944018454434e-06
2055400.0 5.443954701088215e-06
2062260.0 5.3722224428823465e-06
2069150.0 5.300888972525132e-06
2076050.0 5.2308232885587205e-06
2082990.0 5.161122693303515e-06
2089940.0 5.092674688223762e-06
2096920.0 5.025419865878801e-06
2103920.0 4.958564162330688e-06
2110940.0 4.892911455528398e-06
2117990.0 4.828428846087835e-06
2125060.0 4.764329249770845e-06
2132150.0 4.701408591131306e-06
2139270.0 4.638839949909642e-06
2146410.0 4.5774363984401426e-06
2153580.0 4.5171670839155e-06
2160770.0 4.457256495222341e-06
2167980.0 4.398487464854168e-06
2175220.0 4.3400481748639215e-06
2182480.0 4.282736903005108e-06
2189770.0 4.225747764017989e-06
2197080.0 4.169873211092398e-06
2204420.0 4.114313237967401e-06
2211780.0 4.059854528806408e-06
2219160.0 4.006487598765704e-06
2226570.0 3.9534211768012515e-06
2234000.0 3.9006718708969685e-06
2241460.0 3.848979788980136e-06
2248940.0 3.7983533683873873e-06
2256450.0 3.748012768195549e-06
2263980.0 3.6987249470219206e-06
2271540.0 3.6497156996233958e-06
2279130.0 3.6009841891802436e-06
2286740.0 3.5532890919476353e-06
2294370.0 3.506621342427083e-06
2302030.0 3.4594788132467405e-06
2309710.0 3.4140926055793204e-06
2317430.0 3.3689490735887723e-06
2325160.0 3.324091017900294e-06
2332930.0 3.2802032632892504e-06
2340710.0 3.2365930537613523e-06
2348530.0 3.193941811679733e-06
2356370.0 3.151546912878144e-06
2364240.0 3.110113331761271e-06
2372130.0 3.068928805701147e-06
2380050.0 3.027979173652847e-06
2387990.0 2.987988594971997e-06
2395970.0 2.9482138497401464e-06
2403970.0 2.9093866805687034e-06
2411990.0 2.870793270043239e-06
2420040.0 2.832420546906844e-06
2428120.0 2.7949684074639684e-06
2436230.0 2.7584290756605525e-06
2444360.0 2.7214139227411185e-06
2452520.0 2.6853050387587376e-06
2460710.0 2.6500947285099835e-06
2468930.0 2.6150862459150422e-06
2477170.0 2.5802892699581573e-06
2485440.0 2.546376804456192e-06
2493740.0 2.5126590417898206e-06
2502060.0 2.4791451655349178e-06
2510420.0 2.446492162727261e-06
2518800.0 2.414036746636988e-06
2527210.0 2.381768297729401e-06
2535640.0 2.3503663257600923e-06
2544110.0 2.3191359967909887e-06
2552600.0 2.288761497928249e-06
2561120.0 2.2585619254183226e-06
2569670.0 2.228536597011718e-06
2578250.0 2.1986848273281595e-06
2586860.0 2.1696636011012113e-06
2595500.0 2.1408101753922293e-06
2604160.0 2.1127852918355663e-06
2612860.0 2.084914262892955e-06
2621580.0 2.057212526910666e-06
2630330.0 2.029671315635088e-06
2639110.0 2.00293462389993e-06
2647920.0 1.9763528501263817e-06
2656760.0 1.9505657232128148e-06
2665630.0 1.9242897305436166e-06
2674530.0 1.89880284996811e-06
2683460.0 1.874098084745651e-06
2692420.0 1.8489047022336016e-06
2701410.0 1.8244879742631247e-06
2710430.0 1.800213294097432e-06
2719480.0 1.7767056522412312e-06
2728560.0 1.7527111543537023e-06
2737670.0 1.7294783212585222e-06
2746810.0 1.707000335831901e-06
2755980.0 1.6840357915888014e-06
2765180.0 1.6618207992280834e-06
2774410.0 1.6397354083629014e-06
2783670.0 1.6183902184141256e-06
2792960.0 1.5965602715396765e-06
2802290.0 1.5754596993802164e-06
2811640.0 1.5544881087027211e-06
2821030.0 1.5342368706464574e-06
2830450.0 1.5141039525328604e-06
2839900.0 1.4940888149911938e-06
2849380.0 1.4741909183542907e-06
2858890.0 1.454409722720079e-06
2868440.0 1.4353327989095779e-06
2878010.0 1.4163726377674759e-06
2887620.0 1.3975187928945487e-06
2897260.0 1.3787757461377785e-06
2906930.0 1.3607282349565519e-06
2916640.0 1.3427819812624655e-06
2926380.0 1.3249412405827221e-06
2936150.0 1.30720550973335e-06
2945950.0 1.2901517932961558e-06
2955780.0 1.2731982398954064e-06
2965650.0 1.2563401316997216e-06
2975550.0 1.2395813646662008e-06
2985490.0 1.2229173595254877e-06
2995450.0 1.2069238591921444e-06
3005450.0 1.1910205128498127e-06
3015490.0 1.1752070564557765e-06
3025560.0 1.1594870546276359e-06
3035660.0 1.1444204843746257e-06
3045790.0 1.128884136438834e-06
3055960.0 1.1139929346331504e-06
3066160.0 1.099189762803966e-06
3076400.0 1.0850236724699715e-06
3086670.0 1.07038998680912e-06
3096970.0 1.056392475048747e-06
3107310.0 1.0424743415749731e-06
3117690.0 1.0286353323091588e-06
3128100.0 1.0148784348500856e-06
3138540.0 1.0012032266347297e-06
3149020.0 9.881464157293068e-07
3159530.0 9.75166963819821e-07
3170080.0 9.622614345175443e-07
3180660.0 9.494325641448991e-07
3191280.0 9.366770169370447e-07
3201930.0 9.245287654691749e-07
3212620.0 9.119201278571548e-07
3223350.0 8.999117689870215e-07
3234110.0 8.879748555157922e-07
3244910.0 8.766306084452782e-07
3255740.0 8.64831094331252e-07
3266610.0 8.530993741113551e-07
3277520.0 8.419542868217074e-07
3288460.0 8.308755714899593e-07
3299440.0 8.198603852471511e-07
3310450.0 8.089109387478587e-07
3321500.0 7.985366831630179e-07
3332590.0 7.877112578516866e-07
3343720.0 7.774571545320981e-07
3354880.0 7.667571133483331e-07
3366080.0 7.566244653656985e-07
3377320.0 7.470539257744042e-07
3388600.0 7.370361035662294e-07
3399910.0 7.270783392774043e-07
3411260.0 7.176769289678535e-07
3422650.0 7.078325206080069e-07
3434080.0 6.985407040247271e-07
3445540.0 6.893045342951975e-07
3457040.0 6.801217311091903e-07
3468580.0 6.714825726383941e-07
3480160.0 6.624042302711143e-07
3491780.0 6.533786178506554e-07
3503440.0 6.448911306392937e-07
3515140.0 6.364527089149488e-07
3526870.0 6.28064932278099e-07
3538650.0 6.19724007797331e-07
3550460.0 6.114332657403241e-07
3562310.0 6.031907232017307e-07
3574210.0 5.954705084276661e-07
3586140.0 5.873222011454139e-07
3598110.0 5.796943226232955e-07
3610120.0 5.721106888226978e-07
3622180.0 5.645695522285169e-07
3634270.0 5.570738666773744e-07
3646400.0 5.496218577797479e-07
3658580.0 5.42211853496866e-07
3670790.0 5.353101245222913e-07
3683050.0 5.279850538965459e-07
3695340.0 5.211647539285399e-07
3707680.0 5.139238722167993e-07
3720060.0 5.071829141383202e-07
3732480.0 5.004813101739371e-07
3744940.0 4.938188835139239e-07
3757440.0 4.876482410698179e-07
3769980.0 4.810621318823957e-07
3782570.0 4.745134194430273e-07
3795200.0 4.6845150249824906e-07
3807870.0 4.619781534847492e-07
3820580.0 4.559882710501324e-07
3833340.0 4.5003223974587644e-07
3846130.0 4.441122643296511e-07
3858980.0 4.381365435557891e-07
3871860.0 4.3232895997703296e-07
3884780.0 4.265992890020651e-07
3897750.0 4.2094585227611406e-07
3910770.0 4.1536810815159593e-07
3923820.0 4.098676054838965e-07
3936920.0 4.0444164728027016e-07
3950070.0 3.9908969792901697e-07
3963250.0 3.9381321062595486e-07
3976490.0 3.886086226182315e-07
3989760.0 3.8343569450218254e-07
4003080.0 3.78377337673219e-07
4016450.0 3.7334788414863633e-07
4029850.0 3.684334968643242e-07
4043310.0 3.635462889040423e-07
4056810.0 3.5872991199132377e-07
4070350.0 3.53983803350929e-07
4083940.0 3.493065482108939e-07
4097570.0 3.446569540072146e-07
4111250.0 3.401168178087714e-07
4124980.0 3.356027276256565e-07
4138750.0 3.3115649469363035e-07
4152570.0 3.2677678552131744e-07
4166430.0 3.22423036050348e-07
4180340.0 3.1817574780622416e-07
4194300.0 3.139528887006868e-07
4208300.0 3.0979552964316293e-07
4222350.0 3.0570241324010733e-07
4236450.0 3.0163288642410794e-07
4250590.0 2.976676086125648e-07
4264780.0 2.9372518143809334e-07
4279020.0 2.8980551577104605e-07
4293300.0 2.859884421190498e-07
4307640.0 2.821927456808859e-07
4322020.0 2.7845902385618733e-07
4336450.0 2.74786129759605e-07
4350930.0 2.711344826290377e-07
4365450.0 2.675435814042749e-07
4380030.0 2.6401171480661943e-07
4394650.0 2.6050091246574415e-07
4409320.0 2.570490618865812e-07
4424040.0 2.536556936589431e-07
4438810.0 2.502820126097042e-07
4453630.0 2.4696613697955687e-07
4468500.0 2.4370760293330186e-07
4483420.0 2.4046800227920984e-07
4498380.0 2.3728560252287782e-07
4513400.0 2.3415888186335884e-07
4528470.0 2.3105035169213984e-07
4543590.0 2.2799737777386115e-07
4558760.0 2.2496218823359228e-07
4573980.0 2.2198190101640517e-07
4589250.0 2.1905606729144745e-07
4604570.0 2.1614729236900158e-07
4619940.0 2.1329232631956358e-07
4635370.0 2.1045356942165897e-07
4650840.0 2.0766844375432373e-07
4666370.0 2.0493560918608145e-07
4681950.0 2.0221874482319354e-07
4697580.0 1.9951777851835355e-07
4713260.0 1.9686873427872763e-07
4729000.0 1.9427076884497292e-07
4744780.0 1.916884241649135e-07
4760620.0 1.8915655258716977e-07
4776520.0 1.8667474738363462e-07
4792460.0 1.8417237296528554e-07
4808460.0 1.8175508548757217e-07
4824520.0 1.7935160102682343e-07
4840620.0 1.769626027261568e-07
4856780.0 1.7462231615548997e-07
4873000.0 1.7229543018818636e-07
4889270.0 1.7001704155905e-07
4905590.0 1.677867373928137e-07
4921970.0 1.6556920529588957e-07
4938400.0 1.6336472980998018e-07
4954890.0 1.6120725845054387e-07
4971430.0 1.590624999154015e-07
4988030.0 1.5696418544231818e-07
5004680.0 1.5487824353790216e-07
5021390.0 1.5283819035241288e-07
5038150.0 1.508101730671252e-07
5054970.0 1.4879383779183088e-07
5071850.0 1.468226839977559e-07
5088780.0 1.448966165313646e-07
5105770.0 1.4298164208551054e-07
5122820.0 1.4107771757535824e-07
5139920.0 1.3921817040243208e-07
5157080.0 1.3736935701605185e-07
5174290.0 1.3556437690443044e-07
5191570.0 1.3376956024195187e-07
5208900.0 1.3198538500600792e-07
5226290.0 1.3024410028477023e-07
5243740.0 1.2851289457463358e-07
5261250.0 1.268240633962079e-07
5278810.0 1.2511302177248207e-07
5296430.0 1.2347617150350677e-07
5314120.0 1.218485709035251e-07
5331860.0 1.202306429995092e-07
5349660.0 1.1862211519178518e-07
5367520.0 1.1705464425981095e-07
5385440.0 1.1549628322995991e-07
5403420.0 1.1397847914570823e-07
5421460.0 1.124694978867409e-07
5439560.0 1.109693016053868e-07
5457720.0 1.0950902488496257e-07
5475940.0 1.0805724977806876e-07
5494220.0 1.0664490468734243e-07
5512560.0 1.0520991867405534e-07
5530970.0 1.0381389542294086e-07
5549430.0 1.024568692417074e-07
5567960.0 1.01077014877546e-07
5586550.0 9.976615071791693e-08
5605200.0 9.843257546595375e-08
5623910.0 9.71370604325748e-08
5642690.0 9.584894776657224e-08
5661530.0 9.456837862001213e-08
5680430.0 9.332526885661254e-08
5699390.0 9.208943436644588e-08
5718420.0 9.086068279286731e-08
5737510.0 8.966879724584553e-08
5756660.0 8.848389449361853e-08
5775880.0 8.730579085182811e-08
5795170.0 8.613446136263127e-08
5814510.0 8.499943287938542e-08
5833930.0 8.38707798153476e-08
5853400.0 8.277797439638482e-08
5872940.0 8.166247251775675e-08
5892550.0 8.058228410316117e-08
5912220.0 7.953723066170458e-08
5931960.0 7.846950126204342e-08
5951770.0 7.74365290286842e-08
5971630.0 7.640977053965371e-08
5991570.0 7.538881223425128e-08
6011570.0 7.440218515563257e-08
6031640.0 7.342124906554756e-08
6051780.0 7.244598138256719e-08
6071990.0 7.147635943225626e-08
6092260.0 7.054040192535305e-08
6112600.0 6.960985478494211e-08
6133000.0 6.868480803572851e-08
6153480.0 6.776501378208895e-08
6174020.0 6.687822798751981e-08
6194630.0 6.599657724693892e-08
6215320.0 6.511993549212326e-08
6236070.0 6.42484926587742e-08
6256880.0 6.340941309299728e-08
6277770.0 6.254799853212385e-08
6298730.0 6.171862259911476e-08
6319760.0 6.0920994077219e-08
6340860.0 6.0101161752216e-08
6362030.0 5.9312856794746315e-08
6383270.0 5.852913884570187e-08
6404580.0 5.774998796569436e-08
6425960.0 5.6975384180892855e-08
6447410.0 5.6231694954064704e-08
6468940.0 5.549225143478256e-08
6490540.0 5.475712307901321e-08
6512200.0 5.402637361598146e-08
6533950.0 5.3299734906868045e-08
6555760.0 5.2603387914517775e-08
6577650.0 5.191102746637897e-08
6599610.0 5.122271668689153e-08
6621640.0 5.053843711432891e-08
6643750.0 4.988370288172884e-08
6665930.0 4.920727257565481e-08
6688180.0 4.8560258361317404e-08
6710510.0 4.7916963547294764e-08
6732910.0 4.7277444276028956e-08
6755390.0 4.6666798283191925e-08
6777940.0 4.6034626559257396e-08
6800570.0 4.543113031037499e-08
6823280.0 4.4831111572235136e-08
6846060.0 4.423462138549389e-08
6868910.0 4.3641642880187405e-08
6891840.0 4.3076782562702316e-08
6914850.0 4.2490572933716296e-08
6937940.0 4.19322903039655e-08
6961100.0 4.1377295274063114e-08
6984340.0 4.082551337321308e-08
7007660.0 4.0301209368157975e-08
7031050.0 3.97557902136455e-08
7054530.0 3.923760414222508e-08
7078080.0 3.872247308835871e-08
7101710.0 3.821032808788994e-08
7125420.0 3.770115668309345e-08
7149210.0 3.719494638157875e-08
7173070.0 3.669173581025216e-08
7197020.0 3.621504830933595e-08
7221050.0 3.574112692448722e-08
7245160.0 3.5269959831512333e-08
7269340.0 3.480158305536559e-08
7293610.0 3.433588817643153e-08
7317960.0 3.387291198056757e-08
7342390.0 3.343581359463857e-08
7366910.0 3.297811714463048e-08
7391500.0 3.254616646090425e-08
7416180.0 3.211669050880612e-08
7440940.0 3.168972283601558e-08
7465780.0 3.126525221225991e-08
7490700.0 3.086597966946779e-08
7515710.0 3.044635334943823e-08
7540800.0 3.0051753339266786e-08
7565980.0 2.9659417660313618e-08
7591240.0 2.9269376291411706e-08
7616580.0 2.8881618695957085e-08
7642010.0 2.8496097044637393e-08
7667520.0 2.811283933069963e-08
7693120.0 2.77317989416209e-08
7718810.0 2.7375008213651032e-08
7744570.0 2.6998372588594117e-08
7770430.0 2.664578620157411e-08
7796370.0 2.6295269022653702e-08
7822400.0 2.5946778050981258e-08
7848520.0 2.5600305115084754e-08
7874720.0 2.5277478768096735e-08
7901010.0 2.4934976373976978e-08
7927390.0 2.4594466496085725e-08
7953850.0 2.4277361109307662e-08
7980410.0 2.396205828549266e-08
8007050.0 2.3648610969706724e-08
8033780.0 2.3315804084856616e-08
8060600.0 2.3006054318996243e-08
8087510.0 2.271914262530438e-08
8114510.0 2.2412918842473194e-08
8141600.0 2.2108481745516713e-08
8168780.0 2.18266505780757e-08
8196060.0 2.1525668139573762e-08
8223420.0 2.1247164724884444e-08
8250870.0 2.0970279627697866e-08
8278420.0 2.0694980781557087e-08
8306060.0 2.0413093837598945e-08
8333790.0 2.014306660154655e-08
8361610.0 1.9876651136393528e-08
8389520.0 1.9613820085840137e-08
8417530.0 1.935452323273417e-08
8445640.0 1.909672020212988e-08
8473830.0 1.884446516321404e-08
8502120.0 1.8595665262638158e-08
8530510.0 1.8348300494526617e-08
8558990.0 1.8106361886828924e-08
8587560.0 1.786584079761137e-08
8616230.0 1.7628684744583462e-08
8645000.0 1.739486847847432e-08
8673860.0 1.7164386642014037e-08
8702810.0 1.6937213213167987e-08
8731870.0 1.6713284028665385e-08
8761020.0 1.6492612890025997e-08
8790270.0 1.6273220202811597e-08
8819620.0 1.605895871794526e-08
8849060.0 1.584595738120886e-08
8878600.0 1.5636108715592207e-08
8908250.0 1.5429371104701277e-08
8937990.0 1.5223851832979605e-08
8967830.0 1.5023322466109868e-08
8997770.0 1.4823958422793064e-08
9027800.0 1.4627655456163927e-08
9057940.0 1.4434357100969969e-08
9088180.0 1.4242184154711188e-08
9118530.0 1.4054847874445645e-08
9148970.0 1.386861808334431e-08
9179510.0 1.36834743448594e-08
9210160.0 1.3503091645116758e-08
9240910.0 1.3323761351316784e-08
9271760.0 1.3147313730565317e-08
9302710.0 1.2973725794173637e-08
9333770.0 1.2801138212204479e-08
9364930.0 1.2633193959222446e-08
9396200.0 1.2464407027889262e-08
9427570.0 1.2300218581433773e-08
9459040.0 1.2136990864620734e-08
9490620.0 1.1976499483394964e-08
9522300.0 1.1816948529883924e-08
9554090.0 1.1661882880581195e-08
9585990.0 1.1505938891262042e-08
9617990.0 1.1354449095847321e-08
9650100.0 1.1203836288379202e-08
9682320.0 1.1055854005683445e-08
9714650.0 1.0908729820027457e-08
9747080.0 1.0764216669879782e-08
9779620.0 1.0622282151440969e-08
9812270.0 1.048117152596682e-08
9845030.0 1.0342609414803515e-08
9877900.0 1.0206575090621375e-08
9910870.0 1.007134148750561e-08
9943960.0 9.936884734944686e-09
9977160.0 9.804916983613338e-09
10010500.0 9.67538882356086e-09
10043900.0 9.548357429582694e-09
10077400.0 9.420386356898998e-09
10111100.0 9.296444691917283e-09
10144800.0 9.17332647029766e-09
10178700.0 9.052517110240779e-09
10212700.0 8.932422321632863e-09
10246800.0 8.81303850746302e-09
10281000.0 8.697671693201703e-09
10315300.0 8.581337362426695e-09
10349700.0 8.467336154108304e-09
10384300.0 8.355567710525564e-09
10419000.0 8.244462478034984e-09
10453700.0 8.135722320669586e-09
10488600.0 8.027548604057816e-09
10523700.0 7.92155850472355e-09
10558800.0 7.816273078739784e-09
10594000.0 7.713218445736955e-09
10629400.0 7.610703167109804e-09
10664900.0 7.510393286155321e-09
10700500.0 7.4106797318404555e-09
10736200.0 7.313144004983232e-09
10772100.0 7.216120799291054e-09
10808000.0 7.121316260222668e-09
10844100.0 7.02700984119752e-09
10880300.0 6.933265507143504e-09
10916600.0 6.841638702390686e-09
10953100.0 6.750495970972861e-09
10989700.0 6.661446159905074e-09
11026300.0 6.572987521412872e-09
11063200.0 6.4864761401675776e-09
11100100.0 6.400539937518506e-09
11137200.0 6.3150597894440585e-09
11174300.0 6.2316697686875095e-09
11211600.0 6.148721958105292e-09
11249100.0 6.067728778074958e-09
11286600.0 5.9872738016225194e-09
11324300.0 5.9087497032084746e-09
11362100.0 5.830695385421242e-09
11400000.0 5.753108229240848e-09
11438100.0 5.675936002307783e-09
11476300.0 5.600709849459223e-09
11514600.0 5.5274123621664996e-09
11553000.0 5.454553650606412e-09
11591600.0 5.382084808439677e-09
11630300.0 5.3100513491107576e-09
11669100.0 5.239908752887335e-09
11708100.0 5.170142743149815e-09
11747200.0 5.102244820597959e-09
11786400.0 5.0347546716541405e-09
11825800.0 4.967627946307258e-09
11865200.0 4.902380891649329e-09
11904800.0 4.837484455325153e-09
11944600.0 4.772938409985446e-09
11984500.0 4.7102013770095275e-09
12024500.0 4.6478420452932925e-09
12064600.0 4.585858208683894e-09
12104900.0 4.525615767007368e-09
12145300.0 4.465736346702614e-09
12185900.0 4.406181652989688e-09
12226500.0 4.348413973044459e-09
12267400.0 4.290923739153293e-09
12308300.0 4.2338155808641435e-09
12349400.0 4.177018053525772e-09
12390600.0 4.121937135342394e-09
12432000.0 4.0671558709890415e-09
12473500.0 4.01407001962555e-09
12515200.0 3.959913537838915e-09
12556900.0 3.907471629974368e-09
12598900.0 3.856635436013457e-09
12640900.0 3.804791177562792e-09
12683100.0 3.754572500478455e-09
12725500.0 3.704628671972268e-09
12768000.0 3.6563204050947028e-09
12810600.0 3.6083045055903097e-09
12853300.0 3.5592555517789233e-09
12896300.0 3.513088190678516e-09
12939300.0 3.465912839219541e-09
12982500.0 3.420307787427747e-09
13025900.0 3.3749534158904986e-09
13069300.0 3.329900266258741e-09
13113000.0 3.286367610942114e-09
13156800.0 3.2430994933990416e-09
13200700.0 3.200094263730036e-09
13244700.0 3.157350281976162e-09
13289000.0 3.1160992772111896e-09
13333300.0 3.07384640166561e-09
13377800.0 3.0330997804196437e-09
13422500.0 2.993846253706016e-09
13467300.0 2.9535680764176064e-09
13512300.0 2.9147729441627196e-09
13557400.0 2.8762141377610018e-09
13602700.0 2.837869294268939e-09
13648100.0 2.7997584826476344e-09
13693600.0 2.76312262134103e-09
13739300.0 2.7266897227782985e-09
13785200.0 2.69045935414359e-09
13831200.0 2.6544502624004115e-09
13877400.0 2.61986811164816e-09
13923700.0 2.5854968863060664e-09
13970200.0 2.5513169646199327e-09
14016900.0 2.517327905771389e-09
14063700.0 2.483546917644758e-09
14110600.0 2.4511783433486487e-09
14157700.0 2.4189900533017586e-09
14205000.0 2.3857839310738413e-09
14252400.0 2.3551691062263216e-09
14300000.0 2.323535001087754e-09
14347700.0 2.2932805916091782e-09
14395600.0 2.262013413140534e-09
14443700.0 2.232100619569915e-09
14491900.0 2.202371196845003e-09
14540300.0 2.173979055379564e-09
14588800.0 2.144594420899018e-09
14637500.0 2.1165379059941225e-09
14686400.0 2.088639020479242e-09
14735400.0 2.0609113170829237e-09
14784600.0 2.033339903218287e-09
14834000.0 2.007071236834281e-09
14883500.0 1.97982055555327e-09
14933200.0 1.9538636616837467e-09
14983100.0 1.9280532350938294e-09
15033100.0 1.9024015020729585e-09
15083300.0 1.8768949510313805e-09
15133600.0 1.8526695757566945e-09
15184200.0 1.8274481293548648e-09
15234900.0 1.8034991081352704e-09
15285700.0 1.7796973144383259e-09
15336700.0 1.7560303009180465e-09
15387900.0 1.7324976502881933e-09
15439300.0 1.710200873896539e-09
15490900.0 1.6869320071222928e-09
15542600.0 1.664901547270847e-09
15594500.0 1.6429960914484604e-09
15646500.0 1.6212255972629125e-09
15698800.0 1.5995687611190223e-09
15751200.0 1.5780457251851572e-09
15803800.0 1.5577222357103265e-09
15856500.0 1.5364509461861067e-09
15909500.0 1.5163613734172916e-09
15962600.0 1.4963958322932858e-09
16015900.0 1.476544243829395e-09
16069300.0 1.456815281121742e-09
16123000.0 1.4382454705584116e-09
16176800.0 1.4187384750998758e-09
16230800.0 1.4003917544963482e-09
16285000.0 1.3811050249347088e-09
16339400.0 1.3629708101855265e-09
16393900.0 1.3449487419606713e-09
16448700.0 1.327021898734411e-09
16503600.0 1.3102370460564742e-09
16558700.0 1.2925204296340465e-09
16614000.0 1.2749059806828545e-09
16669400.0 1.2584214771167446e-09
16725100.0 1.2420239028905525e-09
16780900.0 1.225727880257894e-09
16836900.0 1.209525506085123e-09
16893100.0 1.1934164245158986e-09
16949500.0 1.177400277800197e-09
17006100.0 1.1614767063676773e-09
17062900.0 1.146642429273191e-09
17119900.0 1.130899603036843e-09
17177000.0 1.116245223514969e-09
17234400.0 1.101668772606113e-09
17291900.0 1.0871828072617218e-09
17349600.0 1.0727804949494594e-09
17407600.0 1.0584554197856863e-09
17465700.0 1.0442195077063893e-09
17524000.0 1.0300662375047738e-09
17582500.0 1.0169628846308027e-09
17641200.0 1.0029706601199047e-09
17700100.0 9.900212531169142e-10
17759200.0 9.771467383261703e-10
17818500.0 9.64346804067096e-10
17878000.0 9.511453272125716e-10
17937600.0 9.385004310996893e-10
17997500.0 9.261129113722165e-10
18057600.0 9.137974543654278e-10
18117900.0 9.017415549272863e-10
18178400.0 8.897558489242736e-10
18239100.0 8.780265883016814e-10
18300000.0 8.663656704536274e-10
18361100.0 8.548654546938742e-10
18422400.0 8.435247166128261e-10
18483900.0 8.324342803746405e-10
18545600.0 8.214085416867345e-10
18607500.0 8.105386438083738e-10
18669600.0 7.997322587855727e-10
18731900.0 7.891707493165239e-10
18794500.0 7.787573517726667e-10
18857200.0 7.684090181289149e-10
18920200.0 7.5820717189564e-10
18983300.0 7.481587205074633e-10
19046700.0 7.382545455427396e-10
19110300.0 7.28497489544308e-10
19174100.0 7.188863938624711e-10
19238100.0 7.093316717699891e-10
19302300.0 6.999211997051217e-10
19366800.0 6.906502684867009e-10
19431400.0 6.815249325657665e-10
19496300.0 6.725369858823858e-10
19561400.0 6.636018946015663e-10
19626700.0 6.548060892829423e-10
19692200.0 6.461484522943145e-10
19758000.0 6.375385379092353e-10
19823900.0 6.291542495821454e-10
19890100.0 6.208161560058681e-10
19956500.0 6.126124936298083e-10
20023200.0 6.044541848293088e-10
20090000.0 5.96431764385032e-10
20157100.0 5.885381611236981e-10
20224400.0 5.807753158040693e-10
20291900.0 5.730583152050398e-10
20359600.0 5.654704937199454e-10
20427600.0 5.580080582076299e-10
20495800.0 5.505897674520514e-10
20564200.0 5.432981302416559e-10
20632900.0 5.361295005722555e-10
20701800.0 5.29003339554972e-10
20770900.0 5.220013386762766e-10
20840200.0 5.151224644913751e-10
20909800.0 5.082818947802101e-10
20979600.0 5.015630255451698e-10
21049600.0 4.948840138520281e-10
21119900.0 4.883228961075566e-10
21190400.0 4.818810516693616e-10
21261200.0 4.754752197000592e-10
21332200.0 4.691872640022822e-10
21403400.0 4.630161877777452e-10
21474800.0 4.5688177742353376e-10
21546500.0 4.5078174711194915e-10
21618500.0 4.4487340245718125e-10
21690600.0 4.3892382320560097e-10
21763100.0 4.331620552571322e-10
21835700.0 4.27436590991339e-10
21908600.0 4.2174329783978283e-10
21981700.0 4.1616137825854605e-10
22055100.0 4.106108755743158e-10
22128800.0 4.051685849916141e-10
22202600.0 3.998372512010257e-10
22276800.0 3.945341576648961e-10
22351100.0 3.8934064997664303e-10
22425800.0 3.8417470413169367e-10
22500600.0 3.790413748140105e-10
22575700.0 3.7408781357406267e-10
22651100.0 3.69087101262088e-10
22726700.0 3.641912259220002e-10
22802600.0 3.5939769750798105e-10
22878700.0 3.5463287425550646e-10
22955100.0 3.498950709543161e-10
23031800.0 3.4533193944188645e-10
23108700.0 3.4072252762560125e-10
23185800.0 3.362141696088101e-10
23263200.0 3.3173141757325595e-10
23340900.0 3.2734707921007806e-10
23418800.0 3.23061722942635e-10
23497000.0 3.1872830595792327e-10
23575400.0 3.1456529897596305e-10
23654100.0 3.103540268110978e-10
23733100.0 3.0623849939438944e-10
23812300.0 3.0221918851315094e-10
23891800.0 2.982227808405572e-10
23971600.0 2.942491985491643e-10
24051600.0 2.903703058784443e-10
24131900.0 2.865135695817916e-10
24212500.0 2.8267891257473144e-10
24293300.0 2.789374370674489e-10
24374400.0 2.7528717906392586e-10
24455800.0 2.7165779875697594e-10
24537500.0 2.680492214897993e-10
24619400.0 2.644624462729005e-10
24701600.0 2.609651615889769e-10
24784000.0 2.574889977905703e-10
24866800.0 2.541002024887337e-10
24949800.0 2.507318900052182e-10
25033100.0 2.474509114543412e-10
25116700.0 2.441210431917018e-10
25200500.0 2.409463786860823e-10
25284600.0 2.3772265008558936e-10
25369100.0 2.3458365999975133e-10
25453800.0 2.314636926292064e-10
25538700.0 2.284292488756679e-10
25624000.0 2.254113946720553e-10
25709500.0 2.224118359319501e-10
25795400.0 2.1942875918606412e-10
25881500.0 2.1652954588389583e-10
25967900.0 2.1364709001805699e-10
26054600.0 2.1084662225618047e-10
26141600.0 2.0806234276371213e-10
26228900.0 2.052941859913239e-10
26316400.0 2.026075040117166e-10
26404300.0 1.9987116696636212e-10
26492400.0 1.972799371074778e-10
26580900.0 1.9463894937538792e-10
26669600.0 1.920778414880042e-10
26758600.0 1.8953158809671308e-10
26848000.0 1.8699943031663196e-10
26937600.0 1.8454586768336045e-10
27027500.0 1.821065516778705e-10
27117800.0 1.7968075897159798e-10
27208300.0 1.7726976495431007e-10
27299200.0 1.7493451508626024e-10
27390300.0 1.7261350487870946e-10
27481700.0 1.7036793063696648e-10
27573500.0 1.6807310380700318e-10
27665500.0 1.6585380363734644e-10
27757900.0 1.6364685661507588e-10
27850600.0 1.6151390153936885e-10
27943500.0 1.5933307362781873e-10
28036800.0 1.5722513724446743e-10
28130400.0 1.551900087145061e-10
28224400.0 1.5310592983798677e-10
28318600.0 1.510946974555992e-10
28413100.0 1.490952269415512e-10
28508000.0 1.471069484306106e-10
28603200.0 1.451303413291766e-10
28698700.0 1.4322463319326962e-10
28794500.0 1.413300936686058e-10
28890600.0 1.3944667066996372e-10
28987000.0 1.3763300422412675e-10
29083800.0 1.357709960514701e-10
29180900.0 1.339782667686348e-10
29278300.0 1.3225418220340966e-10
29376100.0 1.3048183838539489e-10
29474200.0 1.2871994633884234e-10
29572600.0 1.2702598555546491e-10
29671300.0 1.253419930537178e-10
29770300.0 1.2372506843471975e-10
29869700.0 1.2206026919853134e-10
29969500.0 1.204616743424726e-10
30069500.0 1.1887290029877758e-10
30169900.0 1.1729310345282723e-10
30270600.0 1.1572263939891555e-10
30371700.0 1.1421710219666002e-10
30473100.0 1.1266461532018926e-10
30574800.0 1.1117697985632435e-10
30676900.0 1.0969777775161867e-10
30779300.0 1.0828260880449664e-10
30882100.0 1.0682035016316018e-10
30985200.0 1.0542168127497452e-10
31088600.0 1.0403128547148964e-10
31192400.0 1.0264879151256602e-10
31296500.0 1.0127449737971263e-10
31401000.0 9.996222280761483e-11
31505900.0 9.86034013073591e-11
31611000.0 9.730680308712987e-11
31716600.0 9.60172844354376e-11
31822500.0 9.473543105232894e-11
31928700.0 9.35144874069599e-11
32035300.0 9.224737914763832e-11
32142200.0 9.10407571546503e-11
32249600.0 8.98407417153721e-11
32357200.0 8.864814456850184e-11
32465200.0 8.74623751844988e-11
32573600.0 8.628340933294612e-11
32682400.0 8.516327839833191e-11
32791500.0 8.404981161592582e-11
32901000.0 8.294272105047324e-11
33010800.0 8.184223142000827e-11
33121000.0 8.07480631815947e-11
33231600.0 7.966019295837657e-11
33342500.0 7.862985811692888e-11
33453800.0 7.75545711381574e-11
33565500.0 7.653619007283683e-11
33677600.0 7.552366747743066e-11
33790000.0 7.451720153258459e-11
33902800.0 7.356672381054879e-11
34016000.0 7.257168097225977e-11
34129600.0 7.1632248375915e-11
34243500.0 7.06487467729275e-11
34357900.0 6.972026940927657e-11
34472600.0 6.879735582912873e-11
34587600.0 6.787997469536666e-11
34703100.0 6.701673352702869e-11
34819000.0 6.610959790574312e-11
34935200.0 6.520792134289513e-11
35051900.0 6.435984258161971e-11
35168900.0 6.351685036140004e-11
35286300.0 6.267873795675397e-11
35404100.0 6.184548523057425e-11
35522300.0 6.101707198408155e-11
35640900.0 6.019347796011059e-11
35759900.0 5.942225871400639e-11
35879300.0 5.860808382201892e-11
35999000.0 5.7846088020052076e-11
36119200.0 5.7088352549124747e-11
36239800.0 5.6335021830993486e-11
36360800.0 5.558607689900468e-11
36482200.0 5.484149874919334e-11
36604000.0 5.410126834297653e-11
36726200.0 5.341169071275902e-11
36848800.0 5.26799444273198e-11
36971800.0 5.199850548910357e-11
37095300.0 5.1320893867165285e-11
37219100.0 5.064737092781055e-11
37343400.0 4.9977644572478437e-11
37468000.0 4.931196704805456e-11
37593100.0 4.86500552065439e-11
37718600.0 4.7992025139155295e-11
37844500.0 4.7382814324736385e-11
37970900.0 4.6732221931560847e-11
38097700.0 4.613011922084132e-11
38224800.0 4.553165380429955e-11
38352500.0 4.4892092285175846e-11
38480500.0 4.430064283639635e-11
38609000.0 4.372576851111736e-11
38737900.0 4.3149870679579903e-11
38867200.0 4.257735453933566e-11
38997000.0 4.201245901302786e-11
39127100.0 4.1455341815208405e-11
39257800.0 4.090562579084021e-11
39388800.0 4.036356980746976e-11
39520300.0 3.982890847286827e-11
39652300.0 3.9301588443422945e-11
39784700.0 3.878165400711821e-11
39917500.0 3.8269047303710516e-11
40050700.0 3.776371080010451e-11
40184500.0 3.726116807569155e-11
40318600.0 3.6770126606269404e-11
40453200.0 3.628189227644389e-11
40588300.0 3.580064682468492e-11
40723800.0 3.532642516705932e-11
40859700.0 3.485917135341754e-11
40996100.0 3.4398745858927835e-11
41133000.0 3.394096142914808e-11
41270300.0 3.349413426791494e-11
41408100.0 3.304987122058515e-11
41546400.0 3.26122577727097e-11
41685100.0 3.218132068758653e-11
41824200.0 3.175293814729559e-11
41963900.0 3.1331001912432825e-11
42104000.0 3.091965343673248e-11
42244500.0 3.050671719679997e-11
42385600.0 3.010412032846707e-11
42527100.0 2.970391563422691e-11
42669000.0 2.931406501667284e-11
42811500.0 2.8922419419956863e-11
42954400.0 2.8541028147351102e-11
43097800.0 2.816183934928635e-11
43241700.0 2.778877868330294e-11
43386100.0 2.742179807124634e-11
43530900.0 2.705700354019836e-11
43676300.0 2.670205166580425e-11
43822100.0 2.6345332426042995e-11
43968400.0 2.599842220088647e-11
44115200.0 2.5653522171215696e-11
44262400.0 2.531452489482687e-11
44410200.0 2.49774374382902e-11
44558500.0 2.4646127862610688e-11
44707200.0 2.4320604185395948e-11
44856500.0 2.4000710562249436e-11
45006200.0 2.3682728851441578e-11
45156500.0 2.3366544996444766e-11
45307300.0 2.3059714630626662e-11
45458500.0 2.275471976058217e-11
45610300.0 2.2451451706931497e-11
45762600.0 2.2153671298569215e-11
45915300.0 2.186138126886162e-11
46068600.0 2.157074798410241e-11
46222400.0 2.1285493020996126e-11
46376700.0 2.100557209706544e-11
46531600.0 2.07272403771686e-11
46686900.0 2.0450580381103518e-11
46842800.0 2.0179128380067758e-11
46999200.0 1.9912885312859512e-11
47156100.0 1.964819999767698e-11
47313500.0 1.938866114854696e-11
47471500.0 1.9134185467493345e-11
47630000.0 1.8877627981554306e-11
47789000.0 1.862969758222139e-11
47948500.0 1.8383219803583517e-11
48108600.0 1.813815017995682e-11
48269200.0 1.7898045535658962e-11
48430300.0 1.7662863914103387e-11
48592000.0 1.7429026524295615e-11
48754300.0 1.7196528624509923e-11
48917000.0 1.6968912750052705e-11
49080300.0 1.674606767476411e-11
49244200.0 1.6521044402672983e-11
49408600.0 1.6304235819361772e-11
49573500.0 1.6088702977093153e-11
49739100.0 1.5874375856526084e-11
49905100.0 1.5664754706888843e-11
50071700.0 1.5456338252549447e-11
50238900.0 1.525250841209928e-11
50406600.0 1.504988151648889e-11
50574900.0 1.485178618762461e-11
50743700.0 1.4654860502327237e-11
50913100.0 1.4459070229143181e-11
51083100.0 1.4267741443292384e-11
51253700.0 1.4080836470095257e-11
51424800.0 1.3895036508703841e-11
51596500.0 1.3710309395371108e-11
51768700.0 1.3526677007221303e-11
51941500.0 1.3347383500211238e-11
52115000.0 1.3172366631405914e-11
52288900.0 1.2998411783671419e-11
52463500.0 1.282543903541917e-11
52638700.0 1.2656701601316588e-11
52814400.0 1.2488965439874982e-11
52990700.0 1.2322202085917774e-11
53167600.0 1.2159607404655567e-11
53345100.0 1.1997956161321054e-11
53523200.0 1.1840423043125644e-11
53701900.0 1.1683804297843418e-11
53881200.0 1.152809605990387e-11
54061100.0 1.1376441464388257e-11
54241600.0 1.1225668672715913e-11
54422700.0 1.107577389775838e-11
54604400.0 1.0929869042789499e-11
54786700.0 1.0784813872977475e-11
54969600.0 1.064060468457502e-11
55153100.0 1.0500322468742242e-11
55337200.0 1.0360858283981848e-11
55522000.0 1.0225254308939619e-11
55707300.0 1.0090459463114003e-11
55893300.0 9.95643368987188e-12
56079900.0 9.823191872073614e-12
56267100.0 9.693754101460691e-12
56455000.0 9.565056149816608e-12
56643400.0 9.437128747100181e-12
56832500.0 9.31292839196067e-12
57022300.0 9.189438994896999e-12
57212700.0 9.06964751512056e-12
57403700.0 8.947593391209074e-12
57595300.0 8.829210750539908e-12
57787600.0 8.711507609421296e-12
57980500.0 8.597430569705843e-12
58174100.0 8.48400798918187e-12
58368300.0 8.371251778449954e-12
58563200.0 8.259144671000493e-12
58758700.0 8.150593495778226e-12
58954900.0 8.042666765341509e-12
59151700.0 7.935375512921526e-12
59349200.0 7.831570086847688e-12
59547300.0 7.728375376700563e-12
59746100.0 7.625775652965833e-12
59945600.0 7.523768590360638e-12
60145700.0 7.425192838523715e-12
60346500.0 7.327185825286785e-12
60548000.0 7.2297452913943026e-12
60750100.0 7.1328807096780966e-12
60952900.0 7.039368852436899e-12
61156400.0 6.946397679562349e-12
61360600.0 6.853964993417154e-12
61565400.0 6.762079572288304e-12
61771000.0 6.673471270522683e-12
61977200.0 6.585387110149459e-12
62184100.0 6.4978139774452525e-12
62391700.0 6.410749736047449e-12
62600000.0 6.326909988582468e-12
62809000.0 6.243556755623771e-12
63018700.0 6.1606879742470775e-12
63229100.0 6.078301576669528e-12
63440200.0 5.9990772416719795e-12
63652000.0 5.9203132946779706e-12
63864500.0 5.8420077451254715e-12
64077700.0 5.7641585987682e-12
64291600.0 5.686763857953645e-12
64506300.0 5.612450254978949e-12
64721600.0 5.538578349662008e-12
64937700.0 5.465128964349225e-12
65154500.0 5.3921088763010496e-12
65372000.0 5.3195161600332365e-12
65590200.0 5.249942733418123e-12
65809200.0 5.180767694079094e-12
66028900.0 5.111997334393554e-12
66249400.0 5.043622195109497e-12
66470500.0 4.978215276542953e-12
66692500.0 4.910624762892333e-12
66915100.0 4.845981793137245e-12
67138500.0 4.7817105025092796e-12
67362700.0 4.7178094829851006e-12
67587500.0 4.65680828516004e-12
67813200.0 4.593641713707882e-12
68039600.0 4.5333480704441105e-12
68266700.0 4.473408477157426e-12
68494700.0 4.413808361834369e-12
68723300.0 4.357041287920151e-12
68952800.0 4.29812713415404e-12
69183000.0 4.242020100265715e-12
69413900.0 4.186242993657888e-12
69645700.0 4.130782352367132e-12
69878200.0 4.075648834959142e-12
70111500.0 4.020835103511239e-12
70345500.0 3.9687639881389304e-12
70580400.0 3.914577744932211e-12
70816000.0 3.86311525412636e-12
71052400.0 3.811951131897179e-12
71289700.0 3.761078856718573e-12
71527700.0 3.712886349856371e-12
71766500.0 3.662602018134094e-12
72006100.0 3.6149738054030404e-12
72246400.0 3.5652720702627494e-12
72487600.0 3.518203247063528e-12
72729600.0 3.473747664137658e-12
72972500.0 3.4272132064610324e-12
73216100.0 3.3809551902285035e-12
73460500.0 3.3372835976492554e-12
73705800.0 3.2915531656928572e-12
73951800.0 3.2483959517110952e-12
74198700.0 3.205486028240018e-12
74446400.0 3.1628267395790348e-12
74695000.0 3.120412785423665e-12
74944400.0 3.0805174536864294e-12
75194600.0 3.0385918759841964e-12
75445600.0 2.9991676111889606e-12
75697500.0 2.959969605014095e-12
75950200.0 2.9210008456118754e-12
76203800.0 2.8822564973561376e-12
76458200.0 2.843739414766032e-12
76713400.0 2.8054485418571047e-12
76969500.0 2.767379227093036e-12
77226500.0 2.731733608224982e-12
77484300.0 2.696296611977339e-12
77743000.0 2.6588754591445195e-12
78002500.0 2.623856734029313e-12
78263000.0 2.589037156408145e-12
78524200.0 2.5565924374247988e-12
78786400.0 2.522171414745204e-12
79049400.0 2.4879535584903964e-12
79313300.0 2.4560798369175466e-12
79578100.0 2.422252190052811e-12
79843800.0 2.3907527936809537e-12
80110400.0 2.3594358386796855e-12
80377800.0 2.328303458340821e-12
80646200.0 2.2973490457912283e-12
80915400.0 2.2665775800348303e-12
81185500.0 2.2359853966830532e-12
81456600.0 2.2076576256839384e-12
81728500.0 2.177414794779643e-12
82001400.0 2.149421068238132e-12
82275100.0 2.119524591132482e-12
82549800.0 2.0918619962466097e-12
82825400.0 2.064360463669752e-12
83101900.0 2.0372240100431908e-12
83379400.0 2.010243426707122e-12
83657700.0 1.983626237250852e-12
83937000.0 1.9573649242412606e-12
84217300.0 1.9314568824542937e-12
84498400.0 1.9059040271780127e-12
84780500.0 1.880699112132866e-12
85063600.0 1.8558395645724324e-12
85347500.0 1.8311277740267336e-12
85632500.0 1.8069539855537593e-12
85918400.0 1.7831199105758389e-12
86205200.0 1.7594255599628098e-12
86493000.0 1.7360649754465e-12
86781800.0 1.71303564392054e-12
87071500.0 1.6903370040549912e-12
87362200.0 1.6679645583131614e-12
87653800.0 1.6459177047276811e-12
87946500.0 1.6241901878955233e-12
88240100.0 1.602590470917962e-12
88534700.0 1.5815004809565625e-12
88830300.0 1.560532812000431e-12
89126800.0 1.5398795665393582e-12
89424400.0 1.519344591098607e-12
89722900.0 1.4993100414591922e-12
90022500.0 1.4793902789351514e-12
90323000.0 1.4597764792438427e-12
90624600.0 1.4404630041594097e-12
90927100.0 1.421450692713716e-12
91230700.0 1.4025475524812784e-12
91535200.0 1.3841279297610182e-12
91840800.0 1.3656288454985853e-12
92147500.0 1.3476056391814724e-12
92455100.0 1.3296890663606763e-12
92763800.0 1.3122425636670092e-12
93073400.0 1.2947164793915685e-12
93384200.0 1.2776545602351921e-12
93695900.0 1.2606937250704379e-12
94008700.0 1.2440117828290414e-12
94322600.0 1.2276065424909304e-12
94637500.0 1.2112973318300838e-12
94953500.0 1.195261624901508e-12
95270500.0 1.1794984936764515e-12
95588500.0 1.163827738520004e-12
95907600.0 1.1484251238477212e-12
96227800.0 1.133111710257909e-12
96549100.0 1.118239557097651e-12
96871400.0 1.1032790434462223e-12
97194800.0 1.088755513688165e-12
97519300.0 1.074316194582411e-12
97844900.0 1.060134613347899e-12
98171600.0 1.0460353827867443e-12
98499300.0 1.0321919264676169e-12
98828100.0 1.0186010896024267e-12
99158100.0 1.0050882223838839e-12
99489100.0 9.918260358902685e-13
99821300.0 9.786400384548948e-13
100155000.0 9.656969213383851e-13
100489000.0 9.52836921878756e-13
100824000.0 9.402215426029906e-13
101161000.0 9.278395553902667e-13
101499000.0 9.155307708870594e-13
101838000.0 9.032948228136501e-13
102178000.0 8.914643541910184e-13
102519000.0 8.795378253461506e-13
102861000.0 8.680127357909863e-13
103204000.0 8.563908824563974e-13
103549000.0 8.451583058770816e-13
103895000.0 8.339923018191617e-13
104241000.0 8.229004228637266e-13
104589000.0 8.120290742303191e-13
104939000.0 8.012145599787687e-13
105289000.0 7.906335292124573e-13
105641000.0 7.801078426452686e-13
105993000.0 7.698125785214918e-13
106347000.0 7.595711836306445e-13
106702000.0 7.495501656820779e-13
107058000.0 7.395886985713352e-13
107416000.0 7.298380603205498e-13
107774000.0 7.201522007453964e-13
108134000.0 7.106746681115819e-13
108495000.0 7.012535678143806e-13
108857000.0 6.918885980549221e-13
109221000.0 6.827289759259608e-13
109585000.0 6.737854535151281e-13
109951000.0 6.648890539176657e-13
110318000.0 6.560457387837634e-13
110687000.0 6.472493721484291e-13
111056000.0 6.388178474305001e-13
111427000.0 6.302781676863671e-13
111799000.0 6.21941779443799e-13
112172000.0 6.136552135050259e-13
112547000.0 6.055639803925069e-13
112922000.0 5.975264872494748e-13
113299000.0 5.896819545436074e-13
113678000.0 5.818792162290605e-13
114057000.0 5.741283333520795e-13
114438000.0 5.665675577560808e-13
114820000.0 5.590520905055095e-13
115203000.0 5.515816765986548e-13
115588000.0 5.442985416241159e-13
115974000.0 5.370591319545917e-13
116361000.0 5.300094085823993e-13
116750000.0 5.229974630818956e-13
117139000.0 5.16032088694338e-13
117530000.0 5.092489146858e-13
117923000.0 5.025022009996191e-13
118316000.0 4.958003072613516e-13
118711000.0 4.892778625577355e-13
119108000.0 4.827905726756272e-13
119505000.0 4.76346384824115e-13
119904000.0 4.700789213809746e-13
120305000.0 4.638453203118982e-13
120706000.0 4.57653136803319e-13
121109000.0 4.516349807573442e-13
121514000.0 4.456494086121844e-13
121919000.0 4.3970360314356875e-13
122326000.0 4.3392915674445167e-13
122735000.0 4.281860305877119e-13
123145000.0 4.224776231308121e-13
123556000.0 4.169414226699322e-13
123968000.0 4.114386126933438e-13
124382000.0 4.059657302288975e-13
124797000.0 4.0052594995306785e-13
125214000.0 3.952517895599259e-13
125632000.0 3.9000953721679283e-13
126051000.0 3.8493397009135124e-13
126472000.0 3.797515059906419e-13
126894000.0 3.7473455127912487e-13
127318000.0 3.697450465321327e-13
127743000.0 3.6491899048436415e-13
128170000.0 3.5998658255292923e-13
128597000.0 3.5521922792036366e-13
129027000.0 3.5060713573625926e-13
129458000.0 3.4589159163364474e-13
129890000.0 3.413356957385149e-13
130323000.0 3.368074197896229e-13
130758000.0 3.3243416312356863e-13
131195000.0 3.279552281068555e-13
131633000.0 3.236328206752675e-13
132072000.0 3.1933666497377235e-13
132513000.0 3.150642197285144e-13
132956000.0 3.109434020582333e-13
133400000.0 3.068476535174236e-13
133845000.0 3.0277681642492533e-13
134292000.0 2.987285095877935e-13
134740000.0 2.9483114225497295e-13
135190000.0 2.908294557482424e-13
135641000.0 2.869776337573151e-13
136094000.0 2.8327218981768724e-13
136549000.0 2.794626434387613e-13
137004000.0 2.758025800669452e-13
137462000.0 2.7216080705987185e-13
137921000.0 2.6854127392229217e-13
138381000.0 2.649438378188393e-13
138843000.0 2.6148900905686566e-13
139307000.0 2.5805339105541e-13
139772000.0 2.5463876177653327e-13
140238000.0 2.512449854839859e-13
140707000.0 2.478684041133477e-13
141176000.0 2.4463476712438145e-13
141648000.0 2.4141743074047313e-13
142121000.0 2.3821978859916127e-13
142595000.0 2.3504171199183883e-13
143071000.0 2.3188145233800777e-13
143549000.0 2.288574820871426e-13
144028000.0 2.2585201575251586e-13
144509000.0 2.2274565923768214e-13
144991000.0 2.1989307599889364e-13
145475000.0 2.1693946321245373e-13
145961000.0 2.1411906551893372e-13
146448000.0 2.1119977296299847e-13
146937000.0 2.0841278141150674e-13
147428000.0 2.0564148854790096e-13
147920000.0 2.0300223747781622e-13
148414000.0 2.0026315225717217e-13
148909000.0 1.976551657265483e-13
149407000.0 1.9494667307791437e-13
149905000.0 1.9236966864768075e-13
150406000.0 1.8991905811876173e-13
150908000.0 1.8737073879111184e-13
151412000.0 1.848368758326139e-13
151917000.0 1.8243061487751616e-13
152424000.0 1.8003793626415468e-13
152933000.0 1.7765879878056014e-13
153444000.0 1.752931607015412e-13
153956000.0 1.729421031169112e-13
154470000.0 1.7060442224540084e-13
154986000.0 1.6838984723606142e-13
155503000.0 1.6618890068493442e-13
156022000.0 1.6400043828877021e-13
156543000.0 1.618244197579684e-13
157066000.0 1.596608043857537e-13
157590000.0 1.5751055054974262e-13
158116000.0 1.55480182292218e-13
158644000.0 1.5335410266254938e-13
159174000.0 1.513471113685645e-13
159705000.0 1.4935250585242973e-13
160238000.0 1.473692806284695e-13
160773000.0 1.4539739652508254e-13
161310000.0 1.4354228229130714e-13
161849000.0 1.4159261038741762e-13
162389000.0 1.3975978867704596e-13
162931000.0 1.378330039443643e-13
163475000.0 1.3602140443824975e-13
164021000.0 1.3422018531423742e-13
164569000.0 1.3242930892397836e-13
165118000.0 1.3075256451686135e-13
165669000.0 1.2898268156854194e-13
166222000.0 1.2732535332485284e-13
166777000.0 1.2557549785190612e-13
167334000.0 1.23937441361781e-13
167893000.0 1.2230879679568045e-13
168453000.0 1.2069024492292863e-13
169016000.0 1.190803050337661e-13
169580000.0 1.174803623255804e-13
170146000.0 1.1588966446908445e-13
170714000.0 1.144078338100157e-13
171284000.0 1.1283518570694246e-13
171856000.0 1.1137067102058761e-13
172430000.0 1.0991459797715176e-13
173005000.0 1.08467560009748e-13
173583000.0 1.0702825916001353e-13
174162000.0 1.0559790539875976e-13
174744000.0 1.0417524201314477e-13
175327000.0 1.0285847395627827e-13
175912000.0 1.014525657920925e-13
176500000.0 1.001506681394108e-13
177089000.0 9.876078704432336e-14
177680000.0 9.747477594484247e-14
178273000.0 9.619621234212158e-14
178869000.0 9.492453435673297e-14
179466000.0 9.366078092141074e-14
180065000.0 9.242327769621849e-14
180666000.0 9.120238781047562e-14
181269000.0 8.99886008857841e-14
181874000.0 8.880059496301426e-14
182482000.0 8.762834926683968e-14
183091000.0 8.646341684473635e-14
183702000.0 8.531454085637573e-14
184315000.0 8.419082945943898e-14
184931000.0 8.307322016987448e-14
185548000.0 8.197175897839773e-14
186168000.0 8.088543411801468e-14
186789000.0 7.981500179941803e-14
187413000.0 7.875948067428917e-14
188038000.0 7.771959944468537e-14
188666000.0 7.66853886187704e-14
189296000.0 7.567521571749209e-14
189928000.0 7.467095815134062e-14
190562000.0 7.368151653187619e-14
191198000.0 7.270677452273079e-14
191837000.0 7.1746242410572e-14
192477000.0 7.079172023377711e-14
193120000.0 6.985124934665836e-14
193764000.0 6.892544497681062e-14
194411000.0 6.801347596286694e-14
195060000.0 6.71155907854878e-14
195711000.0 6.622298389879756e-14
196365000.0 6.535262537396247e-14
197020000.0 6.44877178017395e-14
197678000.0 6.362757636681516e-14
198338000.0 6.278966480109769e-14
199000000.0 6.195668861105997e-14
199665000.0 6.113683839507117e-14
200331000.0 6.032213008821817e-14
201000000.0 5.952886101390067e-14
201671000.0 5.874027244812213e-14
202344000.0 5.796474921048592e-14
203020000.0 5.719352252786864e-14
203698000.0 5.643521282113395e-14
204378000.0 5.5689713800609274e-14
205060000.0 5.494862319829562e-14
205745000.0 5.421992431025883e-14
206432000.0 5.3503784731320885e-14
207121000.0 5.280010023304247e-14
207812000.0 5.210058048178134e-14
208506000.0 5.140495765969276e-14
209202000.0 5.0729730064932965e-14
209901000.0 5.0058264973946354e-14
210601000.0 4.939102266156628e-14
211304000.0 4.8735560893645426e-14
212010000.0 4.8091790306416257e-14
212718000.0 4.745184688957102e-14
213428000.0 4.682368189140297e-14
214140000.0 4.6207195755351924e-14
214855000.0 4.559415894153625e-14
215573000.0 4.4992454750764735e-14
216292000.0 4.4394540142906076e-14
217014000.0 4.3807821677230056e-14
217739000.0 4.32243987082487e-14
218466000.0 4.2652245179929365e-14
219195000.0 4.209126462233017e-14
219927000.0 4.153343655988066e-14
220661000.0 4.0978938080213934e-14
221398000.0 4.044293726985587e-14
222137000.0 3.9902474992256524e-14
222879000.0 3.9372700242321403e-14
223623000.0 3.88537017012201e-14
224369000.0 3.83378034120379e-14
225118000.0 3.7832377687476107e-14
225870000.0 3.732980823811467e-14
226624000.0 3.6837756290184634e-14
227381000.0 3.634848811585243e-14
228140000.0 3.5869609797951294e-14
228901000.0 3.5393598028573814e-14
229666000.0 3.492013265077348e-14
230432000.0 3.4464427705122383e-14
231202000.0 3.400379545268143e-14
231973000.0 3.355341068066141e-14
232748000.0 3.311275054423417e-14
233525000.0 3.267473543095496e-14
234305000.0 3.2239212647438605e-14
235087000.0 3.181354628487568e-14
235872000.0 3.139030317963573e-14
236659000.0 3.097679503408547e-14
237449000.0 3.056564180247644e-14
238242000.0 3.0156835590453505e-14
239037000.0 2.9757610233543526e-14
239835000.0 2.9367757993288686e-14
240636000.0 2.898013015195248e-14
241439000.0 2.859483745447125e-14
242245000.0 2.821174976199687e-14
243054000.0 2.7837859036633434e-14
243866000.0 2.747308754707503e-14
244680000.0 2.7110515551823188e-14
245497000.0 2.675002107025827e-14
246316000.0 2.639861076186857e-14
247139000.0 2.6049107968210776e-14
247964000.0 2.5701717910224325e-14
248792000.0 2.536316430550908e-14
249622000.0 2.502665617574398e-14
250456000.0 2.469198406868637e-14
251292000.0 2.4366109801276558e-14
252131000.0 2.4042110515794816e-14
252972000.0 2.3726798131822746e-14
253817000.0 2.3413206316161108e-14
254664000.0 2.310151414449889e-14
255515000.0 2.2798189996322683e-14
256368000.0 2.249006790026833e-14
257223000.0 2.2197045188578952e-14
258082000.0 2.189903237481719e-14
258944000.0 2.160931668794574e-14
259808000.0 2.1327907669507478e-14
260676000.0 2.1041514611568582e-14
261546000.0 2.0763368578533906e-14
262419000.0 2.0486832636345717e-14
263295000.0 2.0218361826936747e-14
264174000.0 1.9951444959948416e-14
265056000.0 1.9686075638640577e-14
265941000.0 1.942224744624417e-14
266829000.0 1.916632997162171e-14
267720000.0 1.891189829633228e-14
268614000.0 1.86652798143821e-14
269510000.0 1.841384818358006e-14
270410000.0 1.8170105706604848e-14
271313000.0 1.7934052745572445e-14
272219000.0 1.7693121026547935e-14
273127000.0 1.7459888920400883e-14
274039000.0 1.722795094712363e-14
274954000.0 1.699736617046958e-14
275872000.0 1.6774295668795307e-14
276793000.0 1.655252543037037e-14
277717000.0 1.6332049705834038e-14
278644000.0 1.6118968408190536e-14
279575000.0 1.5907072585562282e-14
280508000.0 1.569647141288415e-14
281445000.0 1.548704644979317e-14
282384000.0 1.5278903100171297e-14
283327000.0 1.507793138770971e-14
284273000.0 1.4878136015493862e-14
285222000.0 1.467951158318553e-14
286174000.0 1.4487997701735053e-14
287129000.0 1.429760440712471e-14
288088000.0 1.4108277530929067e-14
289050000.0 1.3920062476551727e-14
290015000.0 1.3732954020875678e-14
290983000.0 1.35527937032451e-14
291955000.0 1.3373644842316376e-14
292929000.0 1.319559480189939e-14
293907000.0 1.3024336296116871e-14
294888000.0 1.2848313656608375e-14
295873000.0 1.267903707207878e-14
296861000.0 1.2510757403917658e-14
297852000.0 1.2343469816357229e-14
298846000.0 1.218286240427844e-14
299844000.0 1.2023159457572452e-14
300845000.0 1.1858742682954975e-14
301849000.0 1.1706572746807428e-14
302857000.0 1.154964159117483e-14
303868000.0 1.139363911206773e-14
304883000.0 1.1244104014665565e-14
305900000.0 1.1095488718211076e-14
306922000.0 1.0947679975688461e-14
307946000.0 1.0806306873172134e-14
308974000.0 1.0660226462302175e-14
310006000.0 1.0520467196863816e-14
311041000.0 1.03815352210756e-14
312079000.0 1.0243426310537354e-14
313121000.0 1.010610397397108e-14
314167000.0 9.974980929160403e-15
315215000.0 9.839268361084174e-15
316268000.0 9.709681117207195e-15
317324000.0 9.580863340669545e-15
318383000.0 9.458154606629392e-15
319446000.0 9.330816755446065e-15
320512000.0 9.209545504280922e-15
321583000.0 9.083646522999736e-15
322656000.0 8.963800639732989e-15
323733000.0 8.84463993050307e-15
324814000.0 8.73139977433097e-15
325899000.0 8.613584717066951e-15
326987000.0 8.501676560185546e-15
328078000.0 8.385248242165748e-15
329174000.0 8.274634510839991e-15
330272000.0 8.164705479572086e-15
331375000.0 8.055383404985955e-15
332481000.0 7.95183198972373e-15
333591000.0 7.84377312173687e-15
334705000.0 7.741421536581284e-15
335823000.0 7.639658008384038e-15
336944000.0 7.538502680853992e-15
338069000.0 7.43793019545058e-15
339197000.0 7.33795994420321e-15
340330000.0 7.24354503984996e-15
341466000.0 7.144711506739328e-15
342606000.0 7.051416914994167e-15
343750000.0 6.9586601535904934e-15
344897000.0 6.866459006645381e-15
346049000.0 6.774771192037001e-15
347204000.0 6.683634060815695e-15
348363000.0 6.5979092869788656e-15
349526000.0 6.507811027385828e-15
350693000.0 6.4230884267619385e-15
351864000.0 6.3388557571527365e-15
353039000.0 6.2551110064983086e-15
354217000.0 6.171869580261597e-15
355400000.0 6.089094315137559e-15
356586000.0 6.011588846332666e-15
357777000.0 5.929759075755976e-15
358971000.0 5.853162828209626e-15
360170000.0 5.7722706113602e-15
361372000.0 5.69657584664029e-15
362579000.0 5.621305446842168e-15
363789000.0 5.5464887843477345e-15
365004000.0 5.4720932075472314e-15
366222000.0 5.40279261801909e-15
367445000.0 5.329248782578831e-15
368671000.0 5.260764822682815e-15
369902000.0 5.188065294866715e-15
371137000.0 5.1203769436364606e-15
372376000.0 5.053083299565554e-15
373619000.0 4.9861825972117045e-15
374867000.0 4.919659945570715e-15
376118000.0 4.85354004287185e-15
377374000.0 4.792303367862166e-15
378634000.0 4.72692970037618e-15
379898000.0 4.666418926846095e-15
381166000.0 4.601797711494716e-15
382439000.0 4.541994262610085e-15
383716000.0 4.482540892475375e-15
384997000.0 4.4234359706590545e-15
386282000.0 4.363797003330577e-15
387572000.0 4.3062538392693746e-15
388866000.0 4.249048751873598e-15
390164000.0 4.193052235862026e-15
391466000.0 4.137384787336997e-15
392773000.0 4.082467594751856e-15
394085000.0 4.028295283642588e-15
395400000.0 3.975312874985161e-15
396720000.0 3.922632271334887e-15
398045000.0 3.8706798714362254e-15
399374000.0 3.819459942296447e-15
400707000.0 3.768542153153226e-15
402045000.0 3.718762098238912e-15
403387000.0 3.6696976497417365e-15
404734000.0 3.620913844367601e-15
406085000.0 3.572837442316745e-15
407441000.0 3.525871729389383e-15
408801000.0 3.479183548536045e-15
410166000.0 3.4327631357938686e-15
411535000.0 3.3874445588856287e-15
412909000.0 3.3427980488509067e-15
414287000.0 3.2984158386938542e-15
415671000.0 3.254690215107514e-15
417058000.0 3.211639630626825e-15
418451000.0 3.1688290044377225e-15
419848000.0 3.127083115927672e-15
421249000.0 3.085584816524273e-15
422656000.0 3.0447209445106145e-15
424067000.0 3.0045010894437328e-15
425482000.0 2.964520124167868e-15
426903000.0 2.9255601415292823e-15
428328000.0 2.8868317054391905e-15
429758000.0 2.8483269662355092e-15
431193000.0 2.8108341546304033e-15
432632000.0 2.773564421771055e-15
434077000.0 2.736895907935171e-15
435526000.0 2.7004459139934134e-15
436980000.0 2.664596503441869e-15
438439000.0 2.6293429276072e-15
439903000.0 2.594680460072632e-15
441371000.0 2.560224738411651e-15
442845000.0 2.5263474092169023e-15
444323000.0 2.493055310390959e-15
445807000.0 2.459950855242347e-15
447295000.0 2.427424715219756e-15
448788000.0 2.3950875804732216e-15
450287000.0 2.3633112280914713e-15
451790000.0 2.332101666014841e-15
453298000.0 2.3010736875390268e-15
454812000.0 2.270595586673832e-15
456330000.0 2.240672912904137e-15
457853000.0 2.2109245122884212e-15
459382000.0 2.181715221604349e-15
460916000.0 2.1526763729992176e-15
462454000.0 2.124179691754376e-15
463998000.0 2.0962114880470643e-15
465547000.0 2.0684065859969997e-15
467102000.0 2.0411241111758062e-15
468661000.0 2.014005492809808e-15
470226000.0 1.9874031482309488e-15
471796000.0 1.9609565093692075e-15
473371000.0 1.935024267721673e-15
474951000.0 1.909602124859217e-15
476537000.0 1.884324837257849e-15
478128000.0 1.8591958035101008e-15
479724000.0 1.8345689774454143e-15
481325000.0 1.810440130802229e-15
482932000.0 1.786449073121561e-15
484545000.0 1.7625953246924446e-15
486162000.0 1.7392355022656482e-15
487785000.0 1.7163582310420703e-15
489414000.0 1.693611930196603e-15
491048000.0 1.6709995330021185e-15
492687000.0 1.6488657078125075e-15
494332000.0 1.6272030742809088e-15
495982000.0 1.6056679501389954e-15
497638000.0 1.5842565326125589e-15
499300000.0 1.563309101409314e-15
500967000.0 1.5424852660775903e-15
502639000.0 1.5221228935190594e-15
504317000.0 1.5022150208836377e-15
506001000.0 1.4820853821858212e-15
507690000.0 1.4624099924813464e-15
509385000.0 1.4431820794120643e-15
511086000.0 1.424064987027181e-15
512792000.0 1.4050610235694652e-15
514504000.0 1.3864975931454476e-15
516222000.0 1.368370960083433e-15
517945000.0 1.3500230700589098e-15
519674000.0 1.3321088511531205e-15
521409000.0 1.3146246076182877e-15
523150000.0 1.2972414583831425e-15
524896000.0 1.2799614321172924e-15
526649000.0 1.2631022438458024e-15
528407000.0 1.2463431244583396e-15
530171000.0 1.2296812332477024e-15
531941000.0 1.2134359970103639e-15
533717000.0 1.1976038182898895e-15
535499000.0 1.1815457090671452e-15
537287000.0 1.1658977512210087e-15
539080000.0 1.15065852060516e-15
540880000.0 1.1351910861713587e-15
542686000.0 1.1201273755282282e-15
544498000.0 1.1054638694182018e-15
546315000.0 1.090887650943196e-15
548139000.0 1.0763943234828977e-15
549969000.0 1.061985546702e-15
551805000.0 1.0479692663454026e-15
553648000.0 1.0340328744929946e-15
555496000.0 1.0204860441945265e-15
557351000.0 1.0070164013601266e-15
559211000.0 9.936272373452115e-16
561078000.0 9.80314615314873e-16
562951000.0 9.673822007017237e-16
564831000.0 9.545237262169283e-16
566717000.0 9.420407984328052e-16
568609000.0 9.296308702958527e-16
570507000.0 9.17293607073471e-16
572412000.0 9.050270928164943e-16
574323000.0 8.931288550918179e-16
576240000.0 8.813003585876042e-16
578164000.0 8.695397738740978e-16
580094000.0 8.581416112540025e-16
582031000.0 8.468088570117654e-16
583974000.0 8.355426985996812e-16
585923000.0 8.243428196003327e-16
587879000.0 8.134969181282778e-16
589842000.0 8.027134242322214e-16
591811000.0 7.919934378029977e-16
593787000.0 7.816218544533487e-16
595769000.0 7.713113031409004e-16
597758000.0 7.610602140525292e-16
599754000.0 7.508683545291442e-16
601756000.0 7.41019445755332e-16
603765000.0 7.3122737505092e-16
605781000.0 7.214919163778525e-16
607803000.0 7.118140139041188e-16
609833000.0 7.024700572413282e-16
611869000.0 6.931813047275423e-16
613911000.0 6.839474794669298e-16
615961000.0 6.75042317969353e-16
618017000.0 6.659144821961312e-16
620081000.0 6.571130718327198e-16
622151000.0 6.486372627767465e-16
624228000.0 6.399379422671107e-16
626312000.0 6.315609038374242e-16
628403000.0 6.229617505898654e-16
630501000.0 6.149524818543455e-16
632606000.0 6.067206851347562e-16
634718000.0 5.985368883804594e-16
636837000.0 5.906680336173808e-16
638963000.0 5.828449852816444e-16
641096000.0 5.75067543918912e-16
643236000.0 5.676000018173344e-16
645384000.0 5.601750390491721e-16
647538000.0 5.525314795539943e-16
649700000.0 5.451937537943211e-16
651869000.0 5.381599144918979e-16
654046000.0 5.309061104764115e-16
656229000.0 5.239549020119557e-16
658420000.0 5.170435054405277e-16
660618000.0 5.101725479958173e-16
662824000.0 5.033410856753067e-16
665036000.0 4.968062872662692e-16
667257000.0 4.900532321401787e-16
669484000.0 4.835947741916467e-16
671719000.0 4.77173458085422e-16
673962000.0 4.710415768329004e-16
676212000.0 4.646939680044372e-16
678470000.0 4.586338122628712e-16
680735000.0 4.523592835578476e-16
683007000.0 4.463708893269398e-16
685288000.0 4.4066468104988186e-16
687575000.0 4.3474510135052204e-16
689871000.0 4.28859175374612e-16
692174000.0 4.2325381206986287e-16
694485000.0 4.176808139217285e-16
696803000.0 4.121406423296367e-16
699130000.0 4.066319739361838e-16
701464000.0 4.0139838780864456e-16
703806000.0 3.95953280657723e-16
706155000.0 3.907813460421413e-16
708513000.0 3.8563880716682283e-16
710878000.0 3.8052663741174437e-16
713252000.0 3.7544363242975123e-16
715633000.0 3.7039072888699073e-16
718022000.0 3.656042100108287e-16
720419000.0 3.606092743919776e-16
722824000.0 3.5587890059406657e-16
725237000.0 3.5117602664758836e-16
727659000.0 3.4650005790161116e-16
730088000.0 3.4208486381703645e-16
732525000.0 3.3746301033993916e-16
734971000.0 3.3286773116772687e-16
737425000.0 3.2853008464033555e-16
739887000.0 3.242177063358641e-16
742357000.0 3.1993048426774106e-16
744835000.0 3.156683063112925e-16
747322000.0 3.1143064348861074e-16
749817000.0 3.0744471064544033e-16
752320000.0 3.0325584727756295e-16
754832000.0 2.9931658736340373e-16
757352000.0 2.9540033897253763e-16
759880000.0 2.915069968552481e-16
762417000.0 2.876360784442143e-16
764962000.0 2.8378786824448675e-16
767516000.0 2.7996189593034633e-16
770079000.0 2.7637900084630906e-16
772650000.0 2.7259685995154526e-16
775229000.0 2.690564902982353e-16
777817000.0 2.655365259350976e-16
780414000.0 2.6203688563904407e-16
783019000.0 2.5855781806694107e-16
785634000.0 2.550985754445547e-16
788256000.0 2.5166004990340252e-16
790888000.0 2.4824118506350532e-16
793528000.0 2.450569296551191e-16
796178000.0 2.418907532966611e-16
798836000.0 2.385302192866598e-16
801503000.0 2.3540159819356877e-16
804179000.0 2.322911292881332e-16
806863000.0 2.2919902010956433e-16
809557000.0 2.26124621077361e-16
812260000.0 2.232775978078441e-16
814971000.0 2.202385391606096e-16
817692000.0 2.174250380682891e-16
820422000.0 2.1442047523225513e-16
823161000.0 2.1164020994783705e-16
825909000.0 2.0887610934224693e-16
828667000.0 2.0612785391552954e-16
831433000.0 2.0333448732777103e-16
834209000.0 2.006388178681436e-16
836994000.0 1.97979227461897e-16
839788000.0 1.9535544266912733e-16
842592000.0 1.9276696259743796e-16
845405000.0 1.902137528075668e-16
848227000.0 1.8769554366739427e-16
851059000.0 1.852118492691411e-16
853901000.0 1.827624134631887e-16
856751000.0 1.803275444208582e-16
859612000.0 1.7794612751683498e-16
862481000.0 1.7559860704941866e-16
865361000.0 1.7326445014991177e-16
868250000.0 1.7096360100025013e-16
871149000.0 1.6871513536278993e-16
874057000.0 1.6647987069933766e-16
876975000.0 1.6427695694203842e-16
879903000.0 1.6208681216524694e-16
882840000.0 1.599481065883206e-16
885788000.0 1.578216238605949e-16
888745000.0 1.557459573414498e-16
891712000.0 1.5368233371158512e-16
894689000.0 1.5163070235559305e-16
897676000.0 1.496289172556957e-16
900673000.0 1.4765765985626951e-16
903680000.0 1.4569786542252543e-16
906697000.0 1.4376824855164515e-16
909724000.0 1.4186857263492607e-16
912761000.0 1.3997996308610902e-16
915808000.0 1.3812094880569473e-16
918866000.0 1.3629114774510392e-16
921933000.0 1.3449062646283504e-16
925011000.0 1.327188593133167e-16
928099000.0 1.3095743322402014e-16
931198000.0 1.292244334137215e-16
934307000.0 1.2750156541072838e-16
937426000.0 1.2582508098539474e-16
940556000.0 1.2415826347546339e-16
943696000.0 1.2250120478950977e-16
946846000.0 1.2088979666604388e-16
950007000.0 1.1928769353601897e-16
953179000.0 1.1771270707263778e-16
956361000.0 1.1614695387673362e-16
959554000.0 1.1460800182264379e-16
962758000.0 1.1309563700124508e-16
965972000.0 1.1159214966392838e-16
969197000.0 1.1011493822719743e-16
972432000.0 1.0866390313924996e-16
975679000.0 1.0722117164562238e-16
978936000.0 1.0580430945971189e-16
982204000.0 1.0439567487047075e-16
985484000.0 1.0301239236598506e-16
988774000.0 1.0165446563019077e-16
992075000.0 1.0030443335398241e-16
995387000.0 9.8979353681512e-17
998710000.0 9.766198708965194e-17
1002040000.0 9.636966329920425e-17
1005390000.0 9.510093076424498e-17
1008750000.0 9.383969482011784e-17
1012110000.0 9.258683297124172e-17
1015490000.0 9.137397025342995e-17
1018880000.0 9.015157182797428e-17
1022280000.0 8.896969530942583e-17
1025700000.0 8.777735561572775e-17
1029120000.0 8.662600411476464e-17
1032560000.0 8.548062393867787e-17
1036000000.0 8.434285014831647e-17
1039460000.0 8.3227373382229e-17
1042930000.0 8.211851065567934e-17
1046420000.0 8.10317121070553e-17
1049910000.0 7.996834312531856e-17
1053410000.0 7.891127108945389e-17
1056930000.0 7.785972678037337e-17
1060460000.0 7.683048210806603e-17
1064000000.0 7.580735440475505e-17
1067550000.0 7.480624813797974e-17
1071120000.0 7.381039968700164e-17
1074690000.0 7.283699811897699e-17
1078280000.0 7.186870915182101e-17
1081880000.0 7.092191646270288e-17
1085490000.0 6.998075916048277e-17
1089120000.0 6.906019412209594e-17
1092750000.0 6.814574512322289e-17
1096400000.0 6.723612490381842e-17
1100060000.0 6.634740358561574e-17
1103730000.0 6.54639832497426e-17
1107420000.0 6.460061472502358e-17
1111120000.0 6.37424070175434e-17
1114820000.0 6.290515679175229e-17
1118550000.0 6.207178088045215e-17
1122280000.0 6.124394457094326e-17
1126030000.0 6.043562854011699e-17
1129790000.0 5.963215066249272e-17
1133560000.0 5.884849259997585e-17
1137340000.0 5.806951926976948e-17
1141140000.0 5.72947025088338e-17
1144950000.0 5.65393944524065e-17
1148770000.0 5.578861089307264e-17
1152610000.0 5.505660932638841e-17
1156460000.0 5.4328999200786924e-17
1160320000.0 5.360575561551601e-17
1164190000.0 5.288685377459782e-17
1168080000.0 5.218638733528848e-17
1171980000.0 5.150464805206554e-17
1175890000.0 5.082699872395868e-17
1179810000.0 5.015341591864096e-17
1183750000.0 4.94834582812484e-17
1187710000.0 4.8831447852240915e-17
1191670000.0 4.818377077273265e-17
1195650000.0 4.753958876335012e-17
1199640000.0 4.691347202140484e-17
1203650000.0 4.6290737213157164e-17
1207660000.0 4.567213795064433e-17
1211700000.0 4.507055828260701e-17
1215740000.0 4.447297680803025e-17
1219800000.0 4.3892581784600534e-17
1223870000.0 4.3301782554042095e-17
1227960000.0 4.2728058772823655e-17
1232060000.0 4.217161061120305e-17
1236170000.0 4.1604754205246736e-17
1240300000.0 4.105470976768697e-17
1244440000.0 4.0507990778040275e-17
1248590000.0 3.997820312952049e-17
1252760000.0 3.945129573673452e-17
1256940000.0 3.8927574783852116e-17
1261140000.0 3.8406716502908977e-17
1265350000.0 3.7902461876037017e-17
1269580000.0 3.7400962380636305e-17
1273810000.0 3.690279359054572e-17
1278070000.0 3.642037937721651e-17
1282330000.0 3.5927903078773725e-17
1286620000.0 3.545108479743046e-17
1290910000.0 3.4990614815779017e-17
1295220000.0 3.451952667415833e-17
1299540000.0 3.406439293032201e-17
1303880000.0 3.361175954722673e-17
1308240000.0 3.3174626957520456e-17
1312600000.0 3.272743701102688e-17
1316990000.0 3.2295390817806104e-17
1321380000.0 3.186621538513602e-17
1325790000.0 3.145224032522561e-17
1330220000.0 3.102775378001341e-17
1334660000.0 3.0618602976352984e-17
1339120000.0 3.021171415824505e-17
1343590000.0 2.9819967223230447e-17
1348070000.0 2.9417979612802027e-17
1352570000.0 2.903080422787813e-17
1357090000.0 2.8645774394013813e-17
1361620000.0 2.82630932787733e-17
1366170000.0 2.7894994949981075e-17
1370730000.0 2.752913953250311e-17
1375300000.0 2.715314224478956e-17
1379890000.0 2.6803905958107298e-17
1384500000.0 2.6444314895706053e-17
1389120000.0 2.6099170148279944e-17
1393760000.0 2.5743737384449965e-17
1398410000.0 2.540264777870909e-17
1403080000.0 2.5075587298086665e-17
1407770000.0 2.4738260006587045e-17
1412470000.0 2.4415045017202424e-17
1417180000.0 2.4093803879128102e-17
1421910000.0 2.3774356553788653e-17
1426660000.0 2.345669863413321e-17
1431420000.0 2.3140987284897056e-17
1436200000.0 2.28388967052106e-17
1441000000.0 2.2538497485565286e-17
1445810000.0 2.223993906901716e-17
1450640000.0 2.1943058053033018e-17
1455480000.0 2.1647998710204147e-17
1460340000.0 2.1366252841191302e-17
1465210000.0 2.1086232134289746e-17
1470100000.0 2.0807783618026024e-17
1475010000.0 2.0530902982513634e-17
1479940000.0 2.0255585847814642e-17
1484880000.0 1.998196233432478e-17
1489840000.0 1.9721308210996357e-17
1494810000.0 1.9462253677155922e-17
1499800000.0 1.920465996348051e-17
1504810000.0 1.894852280839887e-17
1509830000.0 1.8693961705215378e-17
1514870000.0 1.845207501512686e-17
1519930000.0 1.8200359537770723e-17
1525000000.0 1.7961352884605732e-17
1530090000.0 1.7723698492117217e-17
1535200000.0 1.7487392198139342e-17
1540330000.0 1.7263474880100152e-17
1545470000.0 1.702992548470339e-17
1550630000.0 1.6808679503379723e-17
1555810000.0 1.6588687858933186e-17
1561000000.0 1.635915255258599e-17
1566210000.0 1.615265767474932e-17
1571440000.0 1.5936502657594485e-17
1576690000.0 1.572158223603335e-17
1581950000.0 1.5518744800982222e-17
1587230000.0 1.5306340037294514e-17
1592530000.0 1.510583721473214e-17
1597850000.0 1.4906477943336218e-17
1603180000.0 1.4708350044250913e-17
1608540000.0 1.4511264541835815e-17
1613910000.0 1.432594097007159e-17
1619290000.0 1.4131252730017872e-17
1624700000.0 1.3948068048300795e-17
1630120000.0 1.3755578117105922e-17
1635570000.0 1.3574517095043542e-17
1641030000.0 1.339457709488798e-17
1646500000.0 1.32157502428835e-17
1652000000.0 1.3048169359862347e-17
1657520000.0 1.2871281014634065e-17
1663050000.0 1.2705720642771518e-17
1668600000.0 1.2530911326767849e-17
1674170000.0 1.2367275514093403e-17
1679760000.0 1.2204579615549044e-17
1685370000.0 1.204282007072606e-17
1691000000.0 1.1881993299931696e-17
1696640000.0 1.1722164794988573e-17
1702310000.0 1.1573185711213342e-17
1707990000.0 1.141516799023443e-17
1713690000.0 1.1267994133085141e-17
1719410000.0 1.1121666709053018e-17
1725150000.0 1.0966320588817067e-17
1730910000.0 1.0821708843373681e-17
1736690000.0 1.0677933393046607e-17
1742490000.0 1.0534990866321348e-17
1748310000.0 1.040260903823905e-17
1754140000.0 1.0261348294850974e-17
1760000000.0 1.0130517426657568e-17
1765880000.0 9.990807280904417e-18
1771770000.0 9.86157116002129e-18
1777690000.0 9.733027191005379e-18
1783620000.0 9.595744159330196e-18
1789580000.0 9.47347249734719e-18
1795550000.0 9.34817041745434e-18
1801550000.0 9.223545210689516e-18
1807560000.0 9.101579461879829e-18
1813590000.0 8.981261132992261e-18
1819650000.0 8.862529108631603e-18
1825720000.0 8.745469247819863e-18
1831820000.0 8.629043867704175e-18
1837940000.0 8.515149992320913e-18
1844070000.0 8.401966528404417e-18
1850230000.0 8.29123766868088e-18
1856400000.0 8.181199594598206e-18
1862600000.0 8.072673945759113e-18
1868820000.0 7.965693519761058e-18
1875060000.0 7.860246362302499e-18
1881320000.0 7.756320579629257e-18
1887600000.0 7.653904338793934e-18
1893900000.0 7.552087558449098e-18
1900230000.0 7.451723597804575e-18
1906570000.0 7.353772195149341e-18
1912930000.0 7.256394209906045e-18
1919320000.0 7.15954968311968e-18
1925730000.0 7.065041431662388e-18
1932160000.0 6.97196861691334e-18
1938610000.0 6.879442244451101e-18
1945080000.0 6.788334404983623e-18
1951570000.0 6.698633791073785e-18
1958090000.0 6.609426538538161e-18
1964630000.0 6.521610981363735e-18
1971190000.0 6.4351759404507966e-18
1977770000.0 6.3501103010299e-18
1984370000.0 6.266403012718762e-18
1990990000.0 6.1831885858942305e-18
1997640000.0 6.101285740764353e-18
2004310000.0 6.020715138876511e-18
2011000000.0 5.94061992681385e-18
2017720000.0 5.86181189357981e-18
2024450000.0 5.7843388689645e-18
2031210000.0 5.7081325224406314e-18
2037990000.0 5.632376458440958e-18
2044800000.0 5.5578732611696324e-18
2051620000.0 5.4838379379910716e-18
2058470000.0 5.4118673348569925e-18
2065340000.0 5.339498681551113e-18
2072240000.0 5.269175615597968e-18
2079160000.0 5.1992692954744644e-18
2086100000.0 5.13059312945725e-18
2093060000.0 5.062324016675514e-18
2100050000.0 4.995246205373708e-18
2107060000.0 4.929374099037232e-18
2114100000.0 4.863869819138036e-18
2121150000.0 4.7995797979549674e-18
2128240000.0 4.736426108190224e-18
2135340000.0 4.6736699132491065e-18
2142470000.0 4.611265093382839e-18
2149620000.0 4.550023373876611e-18
2156800000.0 4.489914073421493e-18
2164000000.0 4.430948895761754e-18
2171220000.0 4.372334515756763e-18
2178470000.0 4.3140492566683766e-18
2185750000.0 4.2568706070307415e-18
2193040000.0 4.200828203193128e-18
2200360000.0 4.145100636324905e-18
2207710000.0 4.090457667821954e-18
2215080000.0 4.036140888595692e-18
2222480000.0 3.98213060238737e-18
2229900000.0 3.929969460252689e-18
2237340000.0 3.877359216467294e-18
2244810000.0 3.8265623620104374e-18
2252300000.0 3.775313561287679e-18
2259820000.0 3.7258607450381364e-18
2267370000.0 3.675936973385815e-18
2274940000.0 3.627808389838748e-18
2282530000.0 3.579222316089428e-18
2290150000.0 3.5323978012128874e-18
2297800000.0 3.485097931709314e-18
2305470000.0 3.43955802810528e-18
2313170000.0 3.393540621035191e-18
2320890000.0 3.3485327516315682e-18
2328640000.0 3.3045113481596695e-18
2336410000.0 3.2607540772479474e-18
2344210000.0 3.217245708135031e-18
2352040000.0 3.1747087624282286e-18
2359890000.0 3.1331484696177723e-18
2367770000.0 3.0911060525645456e-18
2375670000.0 3.050033010672926e-18
2383610000.0 3.009895484210953e-18
2391560000.0 2.9700120539625975e-18
2399550000.0 2.9310530677417165e-18
2407560000.0 2.891621991291747e-18
2415600000.0 2.853825596352595e-18
2423660000.0 2.8155547690163534e-18
2431750000.0 2.77890262113263e-18
2439870000.0 2.7417625193695756e-18
2448020000.0 2.7055306311220265e-18
2456190000.0 2.6695174530734353e-18
2464390000.0 2.6344013564410117e-18
2472620000.0 2.599486635445353e-18
2480870000.0 2.564782890788357e-18
2489150000.0 2.53096218559567e-18
2497460000.0 2.4973357404245957e-18
2505800000.0 2.4645817784964023e-18
2514170000.0 2.4320161018673202e-18
2522560000.0 2.3996475109044915e-18
2530980000.0 2.3674654589853376e-18
2539430000.0 2.336139187899769e-18
2547910000.0 2.305661289741018e-18
2556420000.0 2.2746933865677926e-18
2564950000.0 2.24457676995862e-18
2573520000.0 2.2152864610305013e-18
2582110000.0 2.1855147658337335e-18
2590730000.0 2.1565722244667694e-18
2599380000.0 2.1284515901671825e-18
2608060000.0 2.0998410011788927e-18
2616760000.0 2.072054547184534e-18
2625500000.0 2.0450690917984017e-18
2634260000.0 2.0176015411814636e-18
2643060000.0 1.9909296344005757e-18
2651880000.0 1.9644199296819196e-18
2660740000.0 1.938696255560903e-18
2669620000.0 1.913128994732339e-18
2678530000.0 1.8877101166735395e-18
2687470000.0 1.8624389967924496e-18
2696450000.0 1.837939138821843e-18
2705450000.0 1.8135885161590545e-18
2714480000.0 1.789379590643095e-18
2723540000.0 1.7659364208513e-18
2732640000.0 1.742623195181886e-18
2741760000.0 1.7194521827287255e-18
2750910000.0 1.6964163076781104e-18
2760100000.0 1.6741253076560259e-18
2769310000.0 1.6519703241486159e-18
2778560000.0 1.6299387506746693e-18
2787830000.0 1.6086521057780929e-18
2797140000.0 1.5874838531600394e-18
2806480000.0 1.5664393011903893e-18
2815850000.0 1.5455178915714746e-18
2825250000.0 1.5247190655546475e-18
2834680000.0 1.5046424404889178e-18
2844140000.0 1.4846832879014337e-18
2853640000.0 1.4654321245738657e-18
2863170000.0 1.4456993546369317e-18
2872720000.0 1.426679809634356e-18
2882320000.0 1.407761880793871e-18
2891940000.0 1.3889599458380095e-18
2901590000.0 1.370854853909023e-18
2911280000.0 1.3528512013069823e-18
2921000000.0 1.3349532883013011e-18
2930750000.0 1.317160612442279e-18
2940540000.0 1.2994682523285922e-18
2950350000.0 1.282461264853171e-18
2960200000.0 1.2655498989314195e-18
2970090000.0 1.248733886472808e-18
2980000000.0 1.2320212238024352e-18
2989950000.0 1.21597209761321e-18
2999930000.0 1.199450317612695e-18
3009950000.0 1.183587606984572e-18
3020000000.0 1.16781855760615e-18
3030080000.0 1.1527041789550304e-18
3040190000.0 1.1371191948185539e-18
3050340000.0 1.1221805567552815e-18
3060530000.0 1.107326533015651e-18
3070750000.0 1.092560419665514e-18
3081000000.0 1.0784339667495906e-18
3091280000.0 1.0638405081885092e-18
3101600000.0 1.0498787816032328e-18
3111960000.0 1.0359963405340037e-18
3122350000.0 1.0221962031020897e-18
3132770000.0 1.0090210152336582e-18
3143230000.0 9.953792464315877e-19
3153720000.0 9.823580913647684e-19
3164250000.0 9.694110171562404e-19
3174820000.0 9.565377760548224e-19
3185420000.0 9.437410807090145e-19
3196050000.0 9.310205298571194e-19
3206720000.0 9.189034040570145e-19
3217430000.0 9.068553731598117e-19
3228170000.0 8.9487896940788e-19
3238950000.0 8.829710869514192e-19
3249760000.0 8.711341642118684e-19
3260610000.0 8.593651865439366e-19
3271490000.0 8.481865414765181e-19
3282420000.0 8.370692526407355e-19
3293370000.0 8.260207398291086e-19
3304370000.0 8.150331202646739e-19
3315400000.0 8.041111356961361e-19
3326470000.0 7.937634895956025e-19
3337580000.0 7.829653530141817e-19
3348720000.0 7.727399958375699e-19
3359900000.0 7.625733667101109e-19
3371110000.0 7.524674753293178e-19
3382370000.0 7.424175967459299e-19
3393660000.0 7.324279340457339e-19
3404990000.0 7.229956818880189e-19
3416360000.0 7.131196486377314e-19
3427760000.0 7.037993112231429e-19
3439210000.0 6.945306658379338e-19
3450690000.0 6.853175728549133e-19
3462210000.0 6.761577661935472e-19
3473770000.0 6.6705103213834e-19
3485370000.0 6.584852846038058e-19
3497000000.0 6.494842838483864e-19
3508680000.0 6.410187116255039e-19
3520390000.0 6.326039233137632e-19
3532140000.0 6.242378609236624e-19
3543940000.0 6.159185851259534e-19
3555770000.0 6.076493988811529e-19
3567640000.0 5.999052045100203e-19
3579550000.0 5.91730467881855e-19
3591500000.0 5.84077153575104e-19
3603490000.0 5.764682010560533e-19
3615520000.0 5.684328645151579e-19
3627590000.0 5.609136344157789e-19
3639700000.0 5.534381932106566e-19
3651850000.0 5.464722266405915e-19
3664050000.0 5.39080771718709e-19
3676280000.0 5.317340361382776e-19
3688550000.0 5.248915729495451e-19
3700870000.0 5.180874822492176e-19
3713220000.0 5.108662350170886e-19
3725620000.0 5.041427548216864e-19
3738060000.0 4.974585585162861e-19
3750540000.0 4.9126708595192455e-19
3763060000.0 4.846594169571435e-19
3775620000.0 4.780905055602433e-19
3788220000.0 4.720092792662804e-19
3800870000.0 4.6551463242118945e-19
3813560000.0 4.595043786460601e-19
3826290000.0 4.530846138839676e-19
3839070000.0 4.471447628089172e-19
3851880000.0 4.413733954164227e-19
3864740000.0 4.355466092058886e-19
3877650000.0 4.297529304058184e-19
3890590000.0 4.2408188998786874e-19
3903580000.0 4.1844308817743787e-19
3916610000.0 4.12924350798647e-19
3929690000.0 4.074370276065783e-19
3942810000.0 4.0206833352434575e-19
3955970000.0 3.967312389100414e-19
3969180000.0 3.9146746761441916e-19
3982430000.0 3.862774581970446e-19
3995730000.0 3.8115967881126237e-19
4009060000.0 3.76115478394538e-19
4022450000.0 3.711414702570076e-19
4035880000.0 3.662389925085004e-19
4049350000.0 3.6136546436714853e-19
4062870000.0 3.566036134158968e-19
4076440000.0 3.5186903340732993e-19
4090040000.0 3.472049205078484e-19
4103700000.0 3.4260817175521534e-19
4117400000.0 3.380799598331098e-19
4131150000.0 3.3357774440575036e-19
4144940000.0 3.291843145234455e-19
4158780000.0 3.2481611589932733e-19
4172660000.0 3.205145952811424e-19
4186590000.0 3.1627845732178956e-19
4200570000.0 3.1206670097911727e-19
4214590000.0 3.079606982598296e-19
4228660000.0 3.0387832940599146e-19
4242780000.0 2.9985960252475905e-19
4256940000.0 2.958647555225243e-19
4271160000.0 2.91971961247562e-19
4285420000.0 2.881023124058364e-19
4299720000.0 2.8425568670943726e-19
4314080000.0 2.8050953448716972e-19
4328480000.0 2.767856808446653e-19
4342930000.0 2.731225522703882e-19
4357430000.0 2.6951967073889185e-19
4371980000.0 2.659376465134566e-19
4386570000.0 2.624157771486714e-19
4401220000.0 2.589523836929773e-19
4415910000.0 2.555096559366842e-19
4430650000.0 2.521253112217245e-19
4445450000.0 2.4879832332130976e-19
4460290000.0 2.454912130495774e-19
4475180000.0 2.422413466551278e-19
4490120000.0 2.3904826321396826e-19
4505110000.0 2.3587374015740154e-19
4520150000.0 2.327553364923137e-19
4535240000.0 2.296550839582806e-19
4550380000.0 2.2661029244221047e-19
4565570000.0 2.236205102325518e-19
4580810000.0 2.206481480964453e-19
4596110000.0 2.1772967237249234e-19
4611450000.0 2.1486559249719863e-19
4626850000.0 2.1201775474771772e-19
4642290000.0 2.0918700912432196e-19
4657790000.0 2.0644542460588492e-19
4673340000.0 2.0368344206399025e-19
4688950000.0 2.0100977439504299e-19
4704600000.0 1.9835216302426254e-19
4720310000.0 1.9570968658377399e-19
4736060000.0 1.9311903270219876e-19
4751880000.0 1.905785483193829e-19
4767740000.0 1.880533456850086e-19
4783660000.0 1.8554256040867802e-19
4799630000.0 1.8308197121859877e-19
4815650000.0 1.8067115536683153e-19
4831730000.0 1.782741124120431e-19
4847860000.0 1.7592625113225475e-19
4864040000.0 1.735921773799936e-19
4880280000.0 1.7127147481553428e-19
4896580000.0 1.6903358536287616e-19
4912920000.0 1.6677455828560943e-19
4929330000.0 1.6456268563799402e-19
4945780000.0 1.6239857703463196e-19
4962290000.0 1.602468790531693e-19
4978860000.0 1.5810754602201316e-19
4995480000.0 1.560149011795828e-19
5012160000.0 1.5396823551702594e-19
5028890000.0 1.5193363627230882e-19
5045680000.0 1.4991074679684117e-19
5062530000.0 1.4793312839811959e-19
5079430000.0 1.4596719398058037e-19
5096390000.0 1.4401260259364498e-19
5113400000.0 1.4213613114516726e-19
5130470000.0 1.4023730134591133e-19
5147600000.0 1.3838250305028165e-19
5164790000.0 1.3653842227217406e-19
5182030000.0 1.34738107278342e-19
5199330000.0 1.329481972008069e-19
5216690000.0 1.312012630751623e-19
5234100000.0 1.2946468045911724e-19
5251580000.0 1.2773790952638308e-19
5269110000.0 1.2605368812893879e-19
5286700000.0 1.2437922454528958e-19
5304350000.0 1.2274655235365402e-19
5322060000.0 1.2112334388387713e-19
5339830000.0 1.1950955969087958e-19
5357660000.0 1.1793691490775532e-19
5375540000.0 1.1637362031074446e-19
5393490000.0 1.1481920061514052e-19
5411500000.0 1.1330527590377932e-19
5429560000.0 1.1180036518260212e-19
5447690000.0 1.1030401528141224e-19
5465880000.0 1.088475235575894e-19
5484120000.0 1.0743073709994117e-19
5502430000.0 1.0599107576090735e-19
5520800000.0 1.045906439068001e-19
5539230000.0 1.0319838294532536e-19
5557730000.0 1.0184468505501705e-19
5576280000.0 1.0049906822817452e-19
5594900000.0 9.916113369103832e-20
5613580000.0 9.783102932470462e-20
5632320000.0 9.653892590125794e-20
5651120000.0 9.528448652564155e-20
5669990000.0 9.400719948895524e-20
5688920000.0 9.276731354861584e-20
5707910000.0 9.153468953708134e-20
5726970000.0 9.030913626546189e-20
5746090000.0 8.912039131093233e-20
5765270000.0 8.79386159707105e-20
5784520000.0 8.679303909643213e-20
5803830000.0 8.562486249661284e-20
5823200000.0 8.449277917989284e-20
5842650000.0 8.336706079210417e-20
5862150000.0 8.227713289162432e-20
5881720000.0 8.119346575904387e-20
5901360000.0 8.011603567108794e-20
5921060000.0 7.904495227401506e-20
5940830000.0 7.800869117315935e-20
5960660000.0 7.697852929925559e-20
5980560000.0 7.59543099849448e-20
6000530000.0 7.49360099514913e-20
6020560000.0 7.395198690684842e-20
6040660000.0 7.297364407027848e-20
6060830000.0 7.200095882696621e-20
6081060000.0 7.106200244890322e-20
6101360000.0 7.010058398612778e-20
6121730000.0 6.91725424731712e-20
6142170000.0 6.827757756395292e-20
6162680000.0 6.736017737586089e-20
6183250000.0 6.647573332185642e-20
6203890000.0 6.559641421979871e-20
6224610000.0 6.472209477634187e-20
6245390000.0 6.385296330853055e-20
6266240000.0 6.301604303317055e-20
6287160000.0 6.218398139619248e-20
6308150000.0 6.135675775839135e-20
6329210000.0 6.05612316954754e-20
6350340000.0 5.974353250976022e-20
6371540000.0 5.895731111218862e-20
6392810000.0 5.81756673277444e-20
6414150000.0 5.739858120798565e-20
6435570000.0 5.665238079733996e-20
6457050000.0 5.58842635713926e-20
6478610000.0 5.514681956876501e-20
6500240000.0 5.441368155008626e-20
6521940000.0 5.3710916202676084e-20
6543710000.0 5.2986245639188975e-20
6565560000.0 5.229165660071128e-20
6587480000.0 5.160112704268013e-20
6609470000.0 5.091463851577556e-20
6631540000.0 5.0232096811692575e-20
6653680000.0 4.9579131184152667e-20
6675890000.0 4.8929983547382304e-20
6698180000.0 4.8259164627388733e-20
6720540000.0 4.761761489562503e-20
6742980000.0 4.7004993448655877e-20
6765490000.0 4.6370809063523673e-20
6788070000.0 4.5765422296021186e-20
6810740000.0 4.516345290507732e-20
6833480000.0 4.456502109503503e-20
6856290000.0 4.397010999626237e-20
6879180000.0 4.3378639689621067e-20
6902150000.0 4.2815245470010615e-20
6925190000.0 4.225516158569225e-20
6948310000.0 4.167382681190014e-20
6971510000.0 4.114468376911068e-20
6994780000.0 4.059432180625825e-20
7018130000.0 4.004715304857068e-20
7041560000.0 3.9527325335943204e-20
7065070000.0 3.898642319656431e-20
7088660000.0 3.847267547056136e-20
7112320000.0 3.796196212613442e-20
7136070000.0 3.747800400833509e-20
7159890000.0 3.69731332229348e-20
7183800000.0 3.6471153651181483e-20
7207780000.0 3.5995758915251156e-20
7231840000.0 3.552312396139578e-20
7255990000.0 3.505318865982339e-20
7280210000.0 3.4586038586607166e-20
7304520000.0 3.412156604039893e-20
7328900000.0 3.3683067035331204e-20
7353370000.0 3.3223932372510875e-20
7377920000.0 3.2790547472983485e-20
7402550000.0 3.2359687463603533e-20
7427260000.0 3.193134114808454e-20
7452060000.0 3.150545503892164e-20
7476940000.0 3.108206160530517e-20
7501900000.0 3.068382795665191e-20
7526950000.0 3.026527044418137e-20
7552080000.0 2.9871701123222687e-20
7577290000.0 2.948043111290504e-20
7602590000.0 2.9091411626345863e-20
7627970000.0 2.8704671670860973e-20
7653430000.0 2.832020069616028e-20
7678980000.0 2.7937951767402776e-20
7704620000.0 2.7579997837492273e-20
7730340000.0 2.720212852054843e-20
7756150000.0 2.6848388989819106e-20
7782050000.0 2.649668947632496e-20
7808030000.0 2.614705532830737e-20
7834090000.0 2.5799476708964663e-20
7860250000.0 2.545387901997801e-20
7886490000.0 2.511031937435174e-20
7912820000.0 2.4790257271806134e-20
7939240000.0 2.4450611597752705e-20
7965740000.0 2.4134334603464825e-20
7992340000.0 2.3819856941404605e-20
8019020000.0 2.350723109930233e-20
8045790000.0 2.319641914998889e-20
8072650000.0 2.2887413443621468e-20
8099600000.0 2.2580206311239147e-20
8126640000.0 2.2274790065928143e-20
8153770000.0 2.1992022300267066e-20
8181000000.0 2.1690068765934522e-20
8208310000.0 2.1410636818539338e-20
8235710000.0 2.1112169467701796e-20
8263210000.0 2.0836018561396924e-20
8290790000.0 2.0561501215999318e-20
8318470000.0 2.0292650759318936e-20
8346240000.0 2.0023329232618203e-20
8374110000.0 1.9757589674571287e-20
8402070000.0 1.9497454000074206e-20
8430120000.0 1.9238838520813798e-20
8458260000.0 1.8983747784350852e-20
8486500000.0 1.8732132770935634e-20
8514830000.0 1.848398947123176e-20
8543260000.0 1.8239269840881902e-20
8571780000.0 1.7997969375672068e-20
8600400000.0 1.776004098552221e-20
8629110000.0 1.752350810787811e-20
8657920000.0 1.7292274330446743e-20
8686820000.0 1.706239757395121e-20
8715820000.0 1.6837756101094646e-20
8744920000.0 1.661441457082908e-20
8774120000.0 1.639430669276552e-20
8803410000.0 1.6177426166931022e-20
8832800000.0 1.5961803317783333e-20
8862290000.0 1.5751272364570956e-20
8891880000.0 1.5541963092429327e-20
8921560000.0 1.5337701496846953e-20
8951350000.0 1.5134608472477263e-20
8981230000.0 1.493271310655765e-20
9011220000.0 1.473575281519159e-20
9041300000.0 1.453995443493886e-20
9071480000.0 1.4347171868825806e-20
9101770000.0 1.4157365916664606e-20
9132160000.0 1.397052911652075e-20
9162640000.0 1.3784796300425628e-20
9193230000.0 1.360198296509919e-20
9223930000.0 1.3422066604695297e-20
9254720000.0 1.3245053428148724e-20
9285620000.0 1.3069059352855927e-20
9316620000.0 1.2895920412797431e-20
9347720000.0 1.2725613758990303e-20
9378930000.0 1.2556289305720463e-20
9410240000.0 1.2391572248360866e-20
9441660000.0 1.222600327993474e-20
9473180000.0 1.2064997137924586e-20
9504810000.0 1.1904921092169143e-20
9536540000.0 1.1747567732928004e-20
9568380000.0 1.1591124738931175e-20
9600320000.0 1.1437372478616604e-20
9632370000.0 1.1286277256898574e-20
9664530000.0 1.1137817798781e-20
9696790000.0 1.0990229760639731e-20
9729170000.0 1.0843486734273794e-20
9761650000.0 1.0701093338289928e-20
9794240000.0 1.0559525776470784e-20
9826940000.0 1.0418780586445479e-20
9859740000.0 1.0280590232002984e-20
9892660000.0 1.0144912981413993e-20
9925690000.0 1.0010024791761659e-20
9958820000.0 9.877640541617167e-21
9992070000.0 9.747719788261714e-21
10025400000.0 9.618584071530769e-21
10058900000.0 9.490143756946876e-21
10092500000.0 9.364149061727278e-21
10126200000.0 9.240579373991566e-21
10160000000.0 9.11941421171708e-21
10193900000.0 8.997295327840806e-21
10227900000.0 8.879225985716499e-21
10262100000.0 8.7617682614809e-21
10296300000.0 8.645090828062171e-21
10330700000.0 8.530667659743403e-21
10365200000.0 8.416922788952053e-21
10399800000.0 8.305488651154993e-21
10434500000.0 8.196345463531444e-21
10469400000.0 8.087771276687872e-21
10504300000.0 7.979918554220001e-21
10539400000.0 7.874244968094158e-21
10574600000.0 7.770808299800583e-21
10609900000.0 7.667985699903948e-21
10645300000.0 7.565773957309852e-21
10680800000.0 7.465762735075227e-21
10716500000.0 7.36627665131642e-21
10752300000.0 7.268965889119032e-21
10788200000.0 7.17381149849076e-21
10824200000.0 7.07765113391846e-21
10860300000.0 6.985197072355726e-21
10896600000.0 6.891667771905761e-21
10933000000.0 6.800253489846614e-21
10969500000.0 6.710935671483565e-21
11006100000.0 6.622150106957497e-21
11042800000.0 6.533893916038583e-21
11079700000.0 6.44764156634007e-21
11116700000.0 6.361904593010991e-21
11153800000.0 6.278205490359675e-21
11191000000.0 6.1950059876349034e-21
11228400000.0 6.112248906065929e-21
11265900000.0 6.031497910403996e-21
11303500000.0 5.951230061553511e-21
11341200000.0 5.8729427904825846e-21
11379100000.0 5.795072417860118e-21
11417100000.0 5.719159104100366e-21
11455200000.0 5.642214992499064e-21
11493400000.0 5.5686930866522326e-21
11531800000.0 5.494087651492482e-21
11570300000.0 5.421400993883866e-21
11608900000.0 5.3491503811375745e-21
11647700000.0 5.278748669895579e-21
11686600000.0 5.208769865067469e-21
11725600000.0 5.140662482990507e-21
11764700000.0 5.071517423589912e-21
11804000000.0 5.004186982274165e-21
11843400000.0 4.938698205491794e-21
11883000000.0 4.873561686028677e-21
11922600000.0 4.808857858456715e-21
11962400000.0 4.744503100664858e-21
12002400000.0 4.681914630594866e-21
12042500000.0 4.619703585892493e-21
12082700000.0 4.559275806456348e-21
12123000000.0 4.4978083030214165e-21
12163500000.0 4.439472560841014e-21
12204100000.0 4.380094054239923e-21
12244800000.0 4.322463436202345e-21
12285700000.0 4.265145227367713e-21
12326700000.0 4.2081732463783935e-21
12367900000.0 4.152887448564011e-21
12409200000.0 4.0979357407453446e-21
12450600000.0 4.0433161223571085e-21
12492200000.0 3.990356567672864e-21
12533900000.0 3.9363597789710506e-21
12575700000.0 3.8853959237267156e-21
12617700000.0 3.833360606106787e-21
12659800000.0 3.7829845498379444e-21
12702100000.0 3.732883656120108e-21
12744500000.0 3.683086442996431e-21
12787000000.0 3.634921556255109e-21
12829700000.0 3.585693790517228e-21
12872600000.0 3.538059319116957e-21
12915500000.0 3.492058552981477e-21
12958700000.0 3.4449697120929044e-21
13001900000.0 3.399502292577672e-21
13045300000.0 3.3542845858380385e-21
13088900000.0 3.3106159906563223e-21
13132600000.0 3.2672124767806915e-21
13176400000.0 3.2227812165946263e-21
13220400000.0 3.181170043077915e-21
13264500000.0 3.138528656939639e-21
13308800000.0 3.0974016729641797e-21
13353300000.0 3.056501793587765e-21
13397800000.0 3.0158736072702486e-21
13442600000.0 2.97544801085022e-21
13487400000.0 2.9365523769241107e-21
13532500000.0 2.897850037051347e-21
13577700000.0 2.859383748666448e-21
13623000000.0 2.821152009259306e-21
13668500000.0 2.7831329641153467e-21
13714100000.0 2.746586731946169e-21
13759900000.0 2.710243336154718e-21
13805800000.0 2.674121706944013e-21
13851900000.0 2.6394295890817334e-21
13898200000.0 2.6037060126903916e-21
13944600000.0 2.5694212934646535e-21
13991100000.0 2.5353458578754217e-21
14037800000.0 2.5026724827320283e-21
14084700000.0 2.468972789010009e-21
14131700000.0 2.4366834412946874e-21
14178900000.0 2.4045742429468434e-21
14226200000.0 2.3726614330807845e-21
14273700000.0 2.3409273296530483e-21
14321400000.0 2.3093714840199684e-21
14369200000.0 2.2791932884168705e-21
14417200000.0 2.2491840044249792e-21
14465300000.0 2.2193585378299742e-21
14513600000.0 2.1897005902014693e-21
14562000000.0 2.1602245512034175e-21
14610700000.0 2.13206447507659e-21
14659400000.0 2.1040915001554573e-21
14708400000.0 2.0762614185605698e-21
14757500000.0 2.048602267330758e-21
14806700000.0 2.0211129064214875e-21
14856200000.0 1.9949105468147754e-21
14905800000.0 1.967727634676907e-21
14955500000.0 1.9418496319779124e-21
15005500000.0 1.9161047459347777e-21
15055600000.0 1.8916483196886334e-21
15105800000.0 1.8662154957686994e-21
15156300000.0 1.840914710718411e-21
15206900000.0 1.816888800928614e-21
15257600000.0 1.79301049861192e-21
15308600000.0 1.7692556902918044e-21
15359700000.0 1.7456472676667517e-21
15411000000.0 1.7221730591110828e-21
15462400000.0 1.6999439138453306e-21
15514000000.0 1.676743808832147e-21
15565800000.0 1.654769251159791e-21
15617800000.0 1.6329195513570552e-21
15669900000.0 1.6112045851387287e-21
15722200000.0 1.5906954224502785e-21
15774700000.0 1.5692238413617316e-21
15827400000.0 1.5478751462533365e-21
15880200000.0 1.5277298731749257e-21
15933200000.0 1.5076991925146776e-21
15986400000.0 1.4877827163312105e-21
16039800000.0 1.4679800532762044e-21
16093400000.0 1.448290808699347e-21
16147100000.0 1.429777063720775e-21
16201000000.0 1.4103185030422893e-21
16255100000.0 1.3920185045106943e-21
16309400000.0 1.3727799204663683e-21
16363800000.0 1.35470042164643e-21
16418400000.0 1.3367244484615741e-21
16473200000.0 1.3198843996434464e-21
16528200000.0 1.3021109145030968e-21
16583400000.0 1.2844398339287325e-21
16638800000.0 1.267893270521832e-21
16694300000.0 1.2504299356332592e-21
16750100000.0 1.2340759447422545e-21
16806000000.0 1.217823306534104e-21
16862100000.0 1.2016641757074782e-21
16918400000.0 1.1855981951474125e-21
16974900000.0 1.1706272552455778e-21
17031500000.0 1.1547499399731718e-21
17088400000.0 1.1389578082347082e-21
17145500000.0 1.1242496690399325e-21
17202700000.0 1.1096327199108473e-21
17260100000.0 1.0950999635631607e-21
17317800000.0 1.0806448262124913e-21
17375600000.0 1.0662795564854655e-21
17433600000.0 1.0519974733821488e-21
17491800000.0 1.0377982393030563e-21
17550200000.0 1.0246509108288584e-21
17608800000.0 1.0106131312477174e-21
17667600000.0 9.976201452660368e-22
17726500000.0 9.837480477696336e-22
17785700000.0 9.709080295842074e-22
17845100000.0 9.58142465705615e-22
17904700000.0 9.454510428965969e-22
17964500000.0 9.329281510205269e-22
18024400000.0 9.205776368997545e-22
18084600000.0 9.083879464480133e-22
18145000000.0 8.963630235547907e-22
18205600000.0 8.845016245957142e-22
18266300000.0 8.727141507080138e-22
18327300000.0 8.611763228602195e-22
18388500000.0 8.497983229249007e-22
18449900000.0 8.385789304290592e-22
18511500000.0 8.274250253054405e-22
18573300000.0 8.165195156434492e-22
18635300000.0 8.056776914704506e-22
18697500000.0 7.949902583815069e-22
18759900000.0 7.84456022504773e-22
18822600000.0 7.740696835376878e-22
18885400000.0 7.638383525048873e-22
18948500000.0 7.537526942874231e-22
19011700000.0 7.437300732188431e-22
19075200000.0 7.338515164503777e-22
19138900000.0 7.241198380494145e-22
19202800000.0 7.145338804009705e-22
19266900000.0 7.050924921473461e-22
19331200000.0 6.957945282038245e-22
19395700000.0 6.865511340283589e-22
19460500000.0 6.774459949746429e-22
19525500000.0 6.684815778548235e-22
19590600000.0 6.5966012372642e-22
19656000000.0 6.508871688718586e-22
19721700000.0 6.422488969554259e-22
19787500000.0 6.337507648311571e-22
19853600000.0 6.253852074876772e-22
19919900000.0 6.1706897382307e-22
19986400000.0 6.08886945933691e-22
20053100000.0 6.008380334726399e-22
20120000000.0 5.929211525905266e-22
20187200000.0 5.850480508050942e-22
20254600000.0 5.773054881643638e-22
20322200000.0 5.696923944359064e-22
20390100000.0 5.621215107251474e-22
20458100000.0 5.546813321734867e-22
20526400000.0 5.473653351737329e-22
20595000000.0 5.400899961195346e-22
20663700000.0 5.32942717544469e-22
20732700000.0 5.258351972953583e-22
20801900000.0 5.1893341348374695e-22
20871400000.0 5.120700361705318e-22
20941100000.0 5.052473906295142e-22
21011000000.0 4.985462385971122e-22
21081100000.0 4.91965562266023e-22
21151500000.0 4.854216206987017e-22
21222100000.0 4.789967493321136e-22
21293000000.0 4.726877248891012e-22
21364000000.0 4.664183925353967e-22
21435400000.0 4.602613741035355e-22
21506900000.0 4.5414312517339245e-22
21578700000.0 4.481380346079454e-22
21650800000.0 4.421666467750524e-22
21723100000.0 4.363091995557846e-22
21795600000.0 4.30564720311134e-22
21868300000.0 4.248544451629272e-22
21941400000.0 4.192519081084002e-22
22014600000.0 4.1368469879002407e-22
22088100000.0 4.0822586966131996e-22
22161800000.0 4.027996143521528e-22
22235800000.0 3.97480480275187e-22
22310100000.0 3.9219135876829173e-22
22384600000.0 3.870098957086594e-22
22459300000.0 3.8185940744830183e-22
22534300000.0 3.768135498416796e-22
22609500000.0 3.7179787977138264e-22
22685000000.0 3.668856097621739e-22
22760700000.0 3.6207749588056967e-22
22836700000.0 3.5722206602761015e-22
22912900000.0 3.5254427272657834e-22
22989400000.0 3.4781894567021247e-22
23066200000.0 3.4326801506815164e-22
23143200000.0 3.3867084934101994e-22
23220500000.0 3.3417312375027715e-22
23298000000.0 3.297754377151538e-22
23375800000.0 3.2540273598045832e-22
23453800000.0 3.2112884529783945e-22
23532100000.0 3.168792478342747e-22
23610700000.0 3.126538638869413e-22
23689500000.0 3.0852573201038435e-22
23768600000.0 3.0442113009788524e-22
23847900000.0 3.004125782773039e-22
23927500000.0 2.9642688029062945e-22
24007400000.0 2.9246395822991066e-22
24087600000.0 2.885943635618992e-22
24168000000.0 2.8481848977691893e-22
24248700000.0 2.8099401707528325e-22
24329600000.0 2.773324920803679e-22
24410900000.0 2.7362105733559566e-22
24492400000.0 2.700015207157563e-22
24574100000.0 2.6640382449178957e-22
24656200000.0 2.628947083970324e-22
24738500000.0 2.594067867863506e-22
24821100000.0 2.560074448319971e-22
24903900000.0 2.5262862374667553e-22
24987100000.0 2.492682054712304e-22
25070500000.0 2.4592812951219684e-22
25154200000.0 2.426749438746216e-22
25238200000.0 2.3950790007831802e-22
25322400000.0 2.3629281529523587e-22
25407000000.0 2.331623330805558e-22
25491800000.0 2.301175638987207e-22
25576900000.0 2.270238037424007e-22
25662300000.0 2.2401424053006684e-22
25748000000.0 2.2108814167471598e-22
25833900000.0 2.181139119783042e-22
25920200000.0 2.152217119367198e-22
26006700000.0 2.124124919000928e-22
26093500000.0 2.096194871693763e-22
26180700000.0 2.0684184241865564e-22
26268100000.0 2.040810853912569e-22
26355800000.0 2.014008985799019e-22
26443700000.0 1.9873698636795464e-22
26532000000.0 1.9608776911067334e-22
26620600000.0 1.9345394670557723e-22
26709500000.0 1.908991514467406e-22
26798600000.0 1.8835990079567394e-22
26888100000.0 1.8589798824124062e-22
26977900000.0 1.8345037077740138e-22
27068000000.0 1.8101698751152693e-22
27158300000.0 1.785984350319558e-22
27249000000.0 1.7625576155326237e-22
27340000000.0 1.7392672329924387e-22
27431200000.0 1.716118865903718e-22
27522800000.0 1.6930993038042233e-22
27614700000.0 1.670830401409718e-22
27706900000.0 1.6486913748154791e-22
27799400000.0 1.626681648522668e-22
27892200000.0 1.6054106047464302e-22
27985300000.0 1.584263649826005e-22
28078700000.0 1.5632402272627655e-22
28172500000.0 1.542334305404573e-22
28266500000.0 1.522158249216525e-22
28360900000.0 1.5020947531265753e-22
28455600000.0 1.4821487516136038e-22
28550600000.0 1.462319704275379e-22
28645900000.0 1.4432009803865287e-22
28741600000.0 1.423597290913625e-22
28837500000.0 1.404703941454456e-22
28933800000.0 1.3865046765224051e-22
29030400000.0 1.3678259694917672e-22
29127300000.0 1.34984135579353e-22
29224500000.0 1.33196233367469e-22
29322100000.0 1.3141839199220747e-22
29420000000.0 1.2970885281753712e-22
29518200000.0 1.2795171655721046e-22
29616800000.0 1.2626197218255464e-22
29715600000.0 1.2463985597005093e-22
29814800000.0 1.2296977749711147e-22
29914400000.0 1.2130915345713483e-22
30014300000.0 1.1971503804871262e-22
30114500000.0 1.1813032236407164e-22
30215000000.0 1.1655496009135185e-22
30315900000.0 1.1504464501326636e-22
30417100000.0 1.13487297608419e-22
30518600000.0 1.119949248878562e-22
30620500000.0 1.1051100240949734e-22
30722700000.0 1.0903585895372152e-22
30825300000.0 1.0762429325083978e-22
30928200000.0 1.0616605432396963e-22
31031500000.0 1.0477096190033383e-22
31135100000.0 1.0338413067816777e-22
31239000000.0 1.0200551842073797e-22
31343300000.0 1.0068904171172692e-22
31448000000.0 9.932593436628028e-23
31553000000.0 9.802486087181947e-23
31658300000.0 9.673150125642428e-23
31764000000.0 9.544551496549535e-23
31870000000.0 9.41671725290785e-23
31976400000.0 9.294934851670592e-23
32083200000.0 9.168543035131572e-23
32190300000.0 9.048190785594406e-23
32297800000.0 8.928526146867772e-23
32405600000.0 8.809573892385641e-23
32513800000.0 8.696536070680483e-23
32622300000.0 8.578953980426805e-23
32731200000.0 8.467245845049258e-23
32840500000.0 8.350996274242554e-23
32950100000.0 8.240606247388063e-23
33060200000.0 8.1359712738239e-23
33170500000.0 8.026853507624901e-23
33281300000.0 7.918340060107948e-23
33392400000.0 7.815571466479861e-23
33503900000.0 7.713392358265562e-23
33615700000.0 7.606762108178394e-23
33727900000.0 7.505794033862288e-23
33840500000.0 7.410435395946512e-23
33953500000.0 7.310612355466724e-23
34066900000.0 7.216360896740337e-23
34180600000.0 7.117694909626363e-23
34294700000.0 7.024562134959597e-23
34409200000.0 6.931966435477223e-23
34524100000.0 6.839905685983036e-23
34639300000.0 6.748397234218675e-23
34755000000.0 6.657399647161415e-23
34871000000.0 6.571828280976501e-23
34987400000.0 6.481887548310408e-23
35104200000.0 6.397316892468485e-23
35221400000.0 6.3132354450825e-23
35339000000.0 6.229641193985834e-23
35457000000.0 6.146532120684264e-23
35575400000.0 6.063906200687514e-23
35694200000.0 5.986527747583296e-23
35813300000.0 5.904862662101072e-23
35932900000.0 5.82839258875497e-23
36052900000.0 5.752366054556573e-23
36173200000.0 5.676796860774601e-23
36294000000.0 5.601651465256543e-23
36415100000.0 5.526959100918853e-23
36536700000.0 5.452687255053666e-23
36658700000.0 5.378849454769767e-23
36781100000.0 5.310069285867747e-23
36903900000.0 5.237078452041094e-23
37027100000.0 5.1691107429191335e-23
37150700000.0 5.1015389021472755e-23
37274700000.0 5.0343611670882533e-23
37399200000.0 4.967562490580715e-23
37524000000.0 4.9011678925644386e-23
37649300000.0 4.835149256518706e-23
37775000000.0 4.774021883079391e-23
37901100000.0 4.7087614221272145e-23
38027600000.0 4.6483588042910957e-23
38154600000.0 4.5838376019908944e-23
38282000000.0 4.5241414215243735e-23
38409800000.0 4.46479475625154e-23
38538000000.0 4.40491305187457e-23
38666700000.0 4.34669221851665e-23
38795800000.0 4.289251978332566e-23
38925300000.0 4.2321492652920174e-23
39055200000.0 4.1762537090310813e-23
39185600000.0 4.121110331354663e-23
39316500000.0 4.066281030704968e-23
39447700000.0 4.012647669002121e-23
39579400000.0 3.959319867438063e-23
39711600000.0 3.90672501618576e-23
39844100000.0 3.855304140629335e-23
39977200000.0 3.8041670318715706e-23
40110600000.0 3.7537653863598223e-23
40244500000.0 3.7040746096588027e-23
40378900000.0 3.655089475775822e-23
40513700000.0 3.6063937442987183e-23
40648900000.0 3.558823048318359e-23
40784700000.0 3.5115160876304415e-23
40920800000.0 3.46532922902233e-23
41057400000.0 3.4194069388410525e-23
41194500000.0 3.374161251362914e-23
41332000000.0 3.3291835112689073e-23
41470000000.0 3.2852849354151415e-23
41608500000.0 3.241638599218077e-23
41747400000.0 3.1986587457462275e-23
41886800000.0 3.1563324405652377e-23
42026600000.0 3.114662102179839e-23
42166900000.0 3.07323163276111e-23
42307700000.0 3.032844369532737e-23
42448900000.0 2.9926968314911786e-23
42590600000.0 2.95278083257084e-23
42732800000.0 2.9138917246354054e-23
42875500000.0 2.87522704699206e-23
43018600000.0 2.8371879907485974e-23
43162300000.0 2.799362252343529e-23
43306400000.0 2.7625477424870025e-23
43450900000.0 2.725952322417973e-23
43596000000.0 2.6899527263915124e-23
43741500000.0 2.654167697801348e-23
43887600000.0 2.6189717990888583e-23
44034100000.0 2.584372342995723e-23
44181100000.0 2.5499734874804777e-23
44328600000.0 2.516158195599247e-23
44476600000.0 2.482921801888163e-23
44625100000.0 2.4502596637537757e-23
44774100000.0 2.4177871856295982e-23
44923500000.0 2.3855088747585948e-23
45073500000.0 2.354168121129706e-23
45224000000.0 2.3230095896042336e-23
45375000000.0 2.2920324970310513e-23
45526500000.0 2.2616097549340993e-23
45678500000.0 2.2317368465674627e-23
45831000000.0 2.202409279015463e-23
45984000000.0 2.173252604975285e-23
46137500000.0 2.1442660722364532e-23
46291500000.0 2.1158164481845796e-23
46446100000.0 2.0878948156500718e-23
46601100000.0 2.0601407624110408e-23
46756700000.0 2.0329085040630062e-23
46912800000.0 2.0061981698673632e-23
47069400000.0 1.9792825247843237e-23
47226600000.0 1.9532410634306803e-23
47384200000.0 1.9273561216681402e-23
47542400000.0 1.901976647312312e-23
47701200000.0 1.876741909512009e-23
47860400000.0 1.851659154349893e-23
48020200000.0 1.8274284691251498e-23
48180500000.0 1.8029866911430588e-23
48341400000.0 1.779036872222444e-23
48502700000.0 1.7555822442831266e-23
48664700000.0 1.7322581827223504e-23
48827100000.0 1.7094233270533528e-23
48990100000.0 1.6867192081666533e-23
49153700000.0 1.6644914769456792e-23
49317800000.0 1.642394566275959e-23
49482500000.0 1.620768389910078e-23
49647700000.0 1.5992695928868075e-23
49813400000.0 1.577897555272422e-23
49979700000.0 1.5569889430218558e-23
50146600000.0 1.536539896104479e-23
50314000000.0 1.5162114487505725e-23
50482000000.0 1.496000041814503e-23
50650500000.0 1.4762440345509805e-23
50819600000.0 1.4566018393133582e-23
50989300000.0 1.4374066770286134e-23
51159500000.0 1.4183249977200918e-23
51330300000.0 1.3996849472418482e-23
51501700000.0 1.3811524430058706e-23
51673600000.0 1.3627296975728933e-23
51846100000.0 1.3447417049643294e-23
52019200000.0 1.3268577086729434e-23
52192900000.0 1.3094032562082066e-23
52367100000.0 1.2920522599666398e-23
52541900000.0 1.274801760021026e-23
52717300000.0 1.2579740686548764e-23
52893400000.0 1.2412415564919384e-23
53069900000.0 1.2249314395071958e-23
53247100000.0 1.208713561092626e-23
53424900000.0 1.1925898731903553e-23
53603200000.0 1.1768795642099893e-23
53782200000.0 1.1612583084424659e-23
53961800000.0 1.1460432309350158e-23
54141900000.0 1.130604422067246e-23
54322700000.0 1.115879985062941e-23
54504000000.0 1.1009309901536288e-23
54686000000.0 1.0863783197306327e-23
54868500000.0 1.0719124251299997e-23
55051700000.0 1.0578380338191673e-23
55235500000.0 1.043845665822884e-23
55419900000.0 1.0299349595130481e-23
55604900000.0 1.0164115164954113e-23
55790600000.0 1.0029651770089264e-23
55976800000.0 9.895992138759761e-24
56163700000.0 9.766126275308163e-24
56351200000.0 9.637019261774778e-24
56539400000.0 9.508650841001509e-24
56728100000.0 9.381051487628149e-24
56917500000.0 9.257173474905411e-24
57107500000.0 9.1340211989763e-24
57298200000.0 9.01454479914137e-24
57489500000.0 8.895768201146033e-24
57681400000.0 8.777688148855746e-24
57874000000.0 8.660286421865271e-24
58067200000.0 8.546505125021805e-24
58261000000.0 8.433391606946355e-24
58455600000.0 8.32091423967827e-24
58650700000.0 8.212014030055655e-24
58846500000.0 8.103739527690402e-24
59043000000.0 7.996088358651852e-24
59240100000.0 7.889071453348817e-24
59437900000.0 7.785534978089568e-24
59636300000.0 7.682608028077708e-24
59835400000.0 7.580274967920514e-24
60035200000.0 7.478533468468029e-24
60235600000.0 7.380217860930164e-24
60436700000.0 7.282469914497617e-24
60638500000.0 7.185287366593688e-24
60840900000.0 7.091475920045186e-24
61044000000.0 6.998206320499359e-24
61247800000.0 6.905476375531016e-24
61452300000.0 6.813283884865732e-24
61657500000.0 6.721626640759358e-24
61863300000.0 6.63326325550558e-24
62069800000.0 6.545412018502022e-24
62277100000.0 6.45806042763255e-24
62485000000.0 6.373950004583916e-24
62693600000.0 6.290327194723813e-24
62902900000.0 6.2071899386808514e-24
63112900000.0 6.124536172043411e-24
63323600000.0 6.042363825671148e-24
63535000000.0 5.963348575698324e-24
63747100000.0 5.884792775870846e-24
63959900000.0 5.8066944346135615e-24
64173500000.0 5.729042629343317e-24
64387700000.0 5.651853366091456e-24
64602700000.0 5.577740429001e-24
64818400000.0 5.5040597152252894e-24
65034800000.0 5.430809303297542e-24
65251900000.0 5.36059456257739e-24
65469700000.0 5.2881903074335085e-24
65688300000.0 5.2187926378111204e-24
65907600000.0 5.149800628305033e-24
66127600000.0 5.081212433988613e-24
66348400000.0 5.013018653193958e-24
66569900000.0 4.947780920451063e-24
66792200000.0 4.882917397287353e-24
67015100000.0 4.8184410628329666e-24
67238900000.0 4.754328579982997e-24
67463300000.0 4.6905997519151875e-24
67688600000.0 4.6272319493997666e-24
67914600000.0 4.566742609746871e-24
68141300000.0 4.506608220824794e-24
68368800000.0 4.4468205946493474e-24
68597000000.0 4.387384768797995e-24
68826000000.0 4.3307646663473446e-24
69055800000.0 4.2720068993451104e-24
69286400000.0 4.216045717205431e-24
69517700000.0 4.1604139078446025e-24
69749800000.0 4.1051039839849726e-24
69982600000.0 4.050120427119618e-24
70216300000.0 3.997873208510563e-24
70450700000.0 3.943518524465002e-24
70685900000.0 3.8918871695674164e-24
70921900000.0 3.840554949135941e-24
71158700000.0 3.78952061820864e-24
71396200000.0 3.7387881649544666e-24
71634600000.0 3.690720757532443e-24
71873700000.0 3.640569665195091e-24
72113700000.0 3.593065527634053e-24
72354400000.0 3.545842231225126e-24
72596000000.0 3.498888709154316e-24
72838400000.0 3.452208756982281e-24
73081500000.0 3.405805845793938e-24
73325500000.0 3.3619895989964426e-24
73570300000.0 3.316115415269819e-24
73815900000.0 3.2728148591001283e-24
74062400000.0 3.229762238054305e-24
74309600000.0 3.18696522658576e-24
74557700000.0 3.1444140527849066e-24
74806600000.0 3.1021119532921595e-24
75056400000.0 3.0623204322880107e-24
75307000000.0 3.0205016229010035e-24
75558400000.0 2.981180318331813e-24
75810600000.0 2.9420887608524278e-24
76063700000.0 2.903222081785604e-24
76317700000.0 2.864579418813096e-24
76572500000.0 2.8261635960689394e-24
76828100000.0 2.7879735566651448e-24
77084600000.0 2.752211742483902e-24
77341900000.0 2.7144593103286985e-24
77600100000.0 2.679118591462644e-24
77859200000.0 2.643981709100652e-24
78119100000.0 2.6090511892873657e-24
78380000000.0 2.574319479929929e-24
78641600000.0 2.5397956159686094e-24
78904200000.0 2.5076250923983605e-24
79167600000.0 2.473493978489532e-24
79431900000.0 2.441703431421502e-24
79697100000.0 2.40796180626621e-24
79963200000.0 2.3765448828090986e-24
80230100000.0 2.3453129769986852e-24
80498000000.0 2.314259429784143e-24
80766700000.0 2.2833892740650007e-24
81036400000.0 2.2526960401065128e-24
81306900000.0 2.2242770184862753e-24
81578300000.0 2.193936745644656e-24
81850700000.0 2.1637712434968206e-24
82124000000.0 2.135854106594412e-24
82398100000.0 2.10810169627496e-24
82673200000.0 2.080508146651008e-24
82949200000.0 2.0530753502093136e-24
83226200000.0 2.025186904140198e-24
83504000000.0 1.998279305589295e-24
83782800000.0 1.9719327369329573e-24
84062500000.0 1.9457400992105237e-24
84343100000.0 1.9199024122964886e-24
84624700000.0 1.8946157726602966e-24
84907200000.0 1.86947704791499e-24
85190700000.0 1.844683104041999e-24
85475100000.0 1.820233510145003e-24
85760500000.0 1.796123515804837e-24
86046800000.0 1.7723526422140926e-24
86334100000.0 1.7489162332572613e-24
86622300000.0 1.7258137649998343e-24
86911500000.0 1.702844921767942e-24
87201600000.0 1.6804012920167337e-24
87492800000.0 1.658085650403442e-24
87784900000.0 1.6360950933931854e-24
88077900000.0 1.6144270607848945e-24
88372000000.0 1.5930754011779921e-24
88667000000.0 1.5720413070409335e-24
88963000000.0 1.5511292761023727e-24
89260100000.0 1.5307182848080477e-24
89558100000.0 1.5104275387451751e-24
89857000000.0 1.4904457863527046e-24
90157000000.0 1.4705785850338372e-24
90458000000.0 1.45120327801741e-24
90760000000.0 1.4319407090667924e-24
91063000000.0 1.412977218734355e-24
91367000000.0 1.3943104541794334e-24
91672100000.0 1.3757509870987792e-24
91978100000.0 1.3574863358182543e-24
92285200000.0 1.3395111990582807e-24
92593300000.0 1.3218247643495018e-24
92902400000.0 1.3044247304811661e-24
93212600000.0 1.2871249081053875e-24
93523800000.0 1.2701081801656505e-24
93836000000.0 1.2531909675507085e-24
94149300000.0 1.2365522093600435e-24
94463600000.0 1.2201910079757288e-24
94779000000.0 1.2041038495872699e-24
95095400000.0 1.1881109098762677e-24
95412900000.0 1.1723888358991778e-24
95731400000.0 1.1569366831069319e-24
96051000000.0 1.1415739347804943e-24
96371700000.0 1.126476763580188e-24
96693400000.0 1.1114682431669625e-24
97016200000.0 1.0967221888062115e-24
97340100000.0 1.0822364892391033e-24
97665100000.0 1.0680090435724385e-24
97991200000.0 1.053864142868236e-24
98318300000.0 1.0398024981295773e-24
98646500000.0 1.0259951340369682e-24
98975900000.0 1.0124389584778077e-24
99306300000.0 9.991339755255279e-25
99637900000.0 9.859053584736112e-25
99970500000.0 9.727547698609582e-25
100304000000.0 9.598523987718662e-25
100639000000.0 9.47190476605917e-25
100975000000.0 9.346033151163405e-25
101312000000.0 9.222584708159286e-25
101650000000.0 9.099865287430813e-25
101990000000.0 8.979451336490473e-25
102330000000.0 8.861500126815178e-25
102672000000.0 8.744159791815986e-25
103015000000.0 8.627514830982526e-25
103359000000.0 8.513207725587623e-25
103704000000.0 8.401218517428162e-25
104050000000.0 8.289892291722529e-25
104397000000.0 8.1792256556806045e-25
104746000000.0 8.07076241026349e-25
105096000000.0 7.964562579944466e-25
105446000000.0 7.85906775390463e-25
105798000000.0 7.755732421044106e-25
106152000000.0 7.6529382299440515e-25
106506000000.0 7.550827364546764e-25
106862000000.0 7.450845674035923e-25
107218000000.0 7.353114704398968e-25
107576000000.0 7.254314191889063e-25
107935000000.0 7.159255258174756e-25
108296000000.0 7.064696102123131e-25
108657000000.0 6.970765269241382e-25
109020000000.0 6.878890895903576e-25
109384000000.0 6.787564260612655e-25
109749000000.0 6.696782409810583e-25
110116000000.0 6.608027417748203e-25
110483000000.0 6.52140195684615e-25
110852000000.0 6.435233984625495e-25
111222000000.0 6.349580684839127e-25
111594000000.0 6.2659076565197225e-25
111966000000.0 6.182790624958886e-25
112340000000.0 6.100115463829725e-25
112715000000.0 6.019444955206747e-25
113091000000.0 5.939256926241926e-25
113469000000.0 5.860996420098313e-25
113848000000.0 5.7832048041128985e-25
114228000000.0 5.707368851001222e-25
114609000000.0 5.631986647520613e-25
114992000000.0 5.557007324502681e-25
115376000000.0 5.483952864198336e-25
115761000000.0 5.411336331409388e-25
116147000000.0 5.339155246892447e-25
116535000000.0 5.268821853420556e-25
116924000000.0 5.198910787485136e-25
117314000000.0 5.129419635708096e-25
117706000000.0 5.061748391738905e-25
118099000000.0 4.994484095992172e-25
118493000000.0 4.929060190341643e-25
118889000000.0 4.8639880982742295e-25
119286000000.0 4.7993078223538175e-25
119684000000.0 4.735017084813928e-25
120084000000.0 4.672491485022612e-25
120485000000.0 4.610342782886172e-25
120887000000.0 4.549976124245273e-25
121290000000.0 4.489972605055949e-25
121695000000.0 4.430293691629351e-25
122102000000.0 4.370939086488604e-25
122509000000.0 4.313367578717007e-25
122918000000.0 4.256108080701381e-25
123329000000.0 4.200539761558718e-25
123740000000.0 4.143965674930382e-25
124153000000.0 4.0890706451355054e-25
124568000000.0 4.035840615745166e-25
124984000000.0 3.9815709931812615e-25
125401000000.0 3.9289868105390086e-25
125820000000.0 3.8766895648151144e-25
126240000000.0 3.8260568590675356e-25
126661000000.0 3.7757301358139743e-25
127084000000.0 3.7256782252367084e-25
127508000000.0 3.675929576337405e-25
127934000000.0 3.6264539939599946e-25
128361000000.0 3.5786043497163355e-25
128790000000.0 3.531017164411827e-25
129220000000.0 3.4850355912573316e-25
129651000000.0 3.4393324972421773e-25
130084000000.0 3.3925722246441235e-25
130518000000.0 3.348703585676243e-25
130954000000.0 3.303776082387442e-25
131391000000.0 3.2604167897165775e-25
131830000000.0 3.217296152183392e-25
132270000000.0 3.174437749051352e-25
132712000000.0 3.1318163420919595e-25
133155000000.0 3.090732383638665e-25
133599000000.0 3.049898058332059e-25
134045000000.0 3.0092893494483426e-25
134493000000.0 2.9701708031311216e-25
134942000000.0 2.930029508805356e-25
135392000000.0 2.8913896903504137e-25
135844000000.0 2.852963869840656e-25
136298000000.0 2.815999836684013e-25
136753000000.0 2.7780168385268946e-25
137209000000.0 2.7415057213797337e-25
137667000000.0 2.7051971811001574e-25
138127000000.0 2.669090779762384e-25
138588000000.0 2.634432669271328e-25
139051000000.0 2.598743457973681e-25
139515000000.0 2.5644921994583693e-25
139981000000.0 2.5304318574675876e-25
140448000000.0 2.496579762423861e-25
140917000000.0 2.464124398991286e-25
141387000000.0 2.4318671546351757e-25
141859000000.0 2.399789825475664e-25
142333000000.0 2.3678919738353077e-25
142808000000.0 2.3361895115935343e-25
143285000000.0 2.304665074720997e-25
143763000000.0 2.274517431593381e-25
144243000000.0 2.244538478851108e-25
144725000000.0 2.2147277809064195e-25
145208000000.0 2.1850999420034896e-25
145693000000.0 2.1568066927870004e-25
146179000000.0 2.1275227753574566e-25
146667000000.0 2.099564297986264e-25
147157000000.0 2.0717630966010797e-25
147648000000.0 2.0441325796509189e-25
148141000000.0 2.0178064348228055e-25
148636000000.0 1.99048351795567e-25
149132000000.0 1.9644696250009738e-25
149630000000.0 1.9386022860150478e-25
150129000000.0 1.9128938179646697e-25
150631000000.0 1.887318094801231e-25
151133000000.0 1.8619122751403763e-25
151638000000.0 1.8377602886254723e-25
152144000000.0 1.813756713471371e-25
152652000000.0 1.7887743190732816e-25
153162000000.0 1.7661561937685982e-25
153673000000.0 1.7425697534230794e-25
154186000000.0 1.7191173549192781e-25
154701000000.0 1.6968983140406023e-25
155217000000.0 1.6737198428535154e-25
155736000000.0 1.651755602063785e-25
156256000000.0 1.6299268382514403e-25
156777000000.0 1.608232621064496e-25
157301000000.0 1.5866518536273764e-25
157826000000.0 1.5662824353988822e-25
158353000000.0 1.544954179864451e-25
158881000000.0 1.5248286306474622e-25
159412000000.0 1.5048080827523866e-25
159944000000.0 1.4849111845992816e-25
160478000000.0 1.4651279485747052e-25
161014000000.0 1.4454579810028663e-25
161551000000.0 1.4269628204222329e-25
162091000000.0 1.4075145382769935e-25
162632000000.0 1.389232981656087e-25
163175000000.0 1.370013217064604e-25
163720000000.0 1.3519435984812689e-25
164266000000.0 1.333985762069996e-25
164815000000.0 1.317155205946298e-25
165365000000.0 1.2993997189059095e-25
165917000000.0 1.2817464983438243e-25
166471000000.0 1.2652171479810984e-25
167027000000.0 1.2487824957486551e-25
167584000000.0 1.2314343443660922e-25
168144000000.0 1.2151912839119824e-25
168705000000.0 1.1990489512340804e-25
169268000000.0 1.1840047393530216e-25
169833000000.0 1.168044751589246e-25
170400000000.0 1.1521770796508545e-25
170969000000.0 1.1373964594480128e-25
171540000000.0 1.1217090203522005e-25
172113000000.0 1.1071013012037338e-25
172687000000.0 1.0925841965923314e-25
173264000000.0 1.078144612035978e-25
173842000000.0 1.063794761695467e-25
174423000000.0 1.0495219659421356e-25
175005000000.0 1.0363101716830915e-25
175589000000.0 1.0222053915579061e-25
176175000000.0 1.0081826785930064e-25
176764000000.0 9.95198542299321e-26
177354000000.0 9.822951095598155e-26
177946000000.0 9.694663470420567e-26
178540000000.0 9.557590427557273e-26
179136000000.0 9.435567202404214e-26
179734000000.0 9.310463320772012e-26
180334000000.0 9.187030695533872e-26
180936000000.0 9.065256793718142e-26
181540000000.0 8.946066292067816e-26
182146000000.0 8.827569345996056e-26
182754000000.0 8.709762946527045e-26
183364000000.0 8.594499741592867e-26
183977000000.0 8.480787351311728e-26
184591000000.0 8.368706541890633e-26
185207000000.0 8.258198312391017e-26
185825000000.0 8.148335048631086e-26
186446000000.0 8.04089574265345e-26
187068000000.0 7.934127348652143e-26
187693000000.0 7.828847921379943e-26
188319000000.0 7.725129709612332e-26
188948000000.0 7.622878154245699e-26
189579000000.0 7.522123188851931e-26
190212000000.0 7.422853097477116e-26
190847000000.0 7.324164774585263e-26
191484000000.0 7.226944010571343e-26
192123000000.0 7.131179244193693e-26
192765000000.0 7.036822471772465e-26
193408000000.0 6.943935868408887e-26
194054000000.0 6.851558911969004e-26
194702000000.0 6.761473120066899e-26
195352000000.0 6.671916672177901e-26
196004000000.0 6.582887043444673e-26
196658000000.0 6.496111930546365e-26
197315000000.0 6.409814601076676e-26
197974000000.0 6.324885524424995e-26
198635000000.0 6.241313647849555e-26
199298000000.0 6.159087983299838e-26
199963000000.0 6.077346795911175e-26
200631000000.0 5.996905805348595e-26
201301000000.0 5.916939905489795e-26
201973000000.0 5.839131432672358e-26
202647000000.0 5.761782142283216e-26
203323000000.0 5.684889750413871e-26
204002000000.0 5.61009241729766e-26
204683000000.0 5.535737251768417e-26
205367000000.0 5.462623855443598e-26
206052000000.0 5.389969710257876e-26
206740000000.0 5.318542783120049e-26
207430000000.0 5.248359263623558e-26
208123000000.0 5.178566468504826e-26
208818000000.0 5.1100027153925334e-26
209515000000.0 5.042657736906945e-26
210214000000.0 4.975712010014934e-26
210916000000.0 4.90994682255264e-26
211620000000.0 4.844572174547518e-26
212327000000.0 4.780364786188245e-26
213036000000.0 4.71733789201473e-26
213747000000.0 4.654685569245455e-26
214460000000.0 4.593199143909257e-26
215176000000.0 4.532057015819842e-26
215895000000.0 4.4720463340806116e-26
216616000000.0 4.413178698635511e-26
217339000000.0 4.3546615686596794e-26
218064000000.0 4.29727325549029e-26
218792000000.0 4.2402071359992297e-26
219523000000.0 4.184237346614544e-26
220256000000.0 4.128601583530918e-26
220991000000.0 4.0740678876086335e-26
221729000000.0 4.0198413501114123e-26
222469000000.0 3.966703674283607e-26
223212000000.0 3.9138657272438136e-26
223957000000.0 3.8621035490380076e-26
224705000000.0 3.8113908599331416e-26
225455000000.0 3.76098131259297e-26
226208000000.0 3.7108568241619196e-26
226963000000.0 3.6617822726893973e-26
227720000000.0 3.6130014027436667e-26
228481000000.0 3.5652259913786454e-26
229244000000.0 3.5184792224293483e-26
230009000000.0 3.4712727378928226e-26
230777000000.0 3.4258091279781433e-26
231547000000.0 3.37988315226637e-26
232320000000.0 3.3356831828609485e-26
233096000000.0 3.2910041313436415e-26
233874000000.0 3.247321257532311e-26
234655000000.0 3.2046121130832864e-26
235438000000.0 3.1621594602698187e-26
236224000000.0 3.12066882893129e-26
237013000000.0 3.078696599160856e-26
237804000000.0 3.038408194657719e-26
238598000000.0 2.9983492216525544e-26
239395000000.0 2.9585189032909135e-26
240194000000.0 2.91892860820337e-26
240996000000.0 2.880270934834125e-26
241800000000.0 2.8425497978940536e-26
242608000000.0 2.804331173016829e-26
243418000000.0 2.7677413953354994e-26
244230000000.0 2.7306753547446e-26
245046000000.0 2.694505275074001e-26
245864000000.0 2.659245632582671e-26
246685000000.0 2.623498250626571e-26
247508000000.0 2.5893418610968153e-26
248334000000.0 2.554695909258792e-26
249163000000.0 2.52093213410662e-26
249995000000.0 2.487362438172534e-26
250830000000.0 2.4546643661383813e-26
251667000000.0 2.4221640230385298e-26
252508000000.0 2.3898412858744484e-26
253351000000.0 2.3583860512417368e-26
254196000000.0 2.3271211408625836e-26
255045000000.0 2.2960273935080686e-26
255896000000.0 2.265787110618525e-26
256751000000.0 2.235712462036801e-26
257608000000.0 2.2064807500116296e-26
258468000000.0 2.1767593858062446e-26
259331000000.0 2.1485223843897038e-26
260197000000.0 2.1197943910758056e-26
261065000000.0 2.0918926501459374e-26
261937000000.0 2.064144310448493e-26
262811000000.0 2.036564610239087e-26
263689000000.0 2.0097824563942942e-26
264569000000.0 1.9831630709068915e-26
265452000000.0 1.9566980654482758e-26
266339000000.0 1.9310183264899192e-26
267228000000.0 1.9054948031217594e-26
268120000000.0 1.8801195003664195e-26
269015000000.0 1.8555242140954218e-26
269913000000.0 1.830441370532367e-26
270814000000.0 1.8061330937881285e-26
271718000000.0 1.7825924837691514e-26
272626000000.0 1.7585581364999002e-26
273536000000.0 1.7352926392323856e-26
274449000000.0 1.7127826118358255e-26
275365000000.0 1.689785600491633e-26
276285000000.0 1.6675327272564168e-26
277207000000.0 1.6454156901546486e-26
278132000000.0 1.6234277785057467e-26
279061000000.0 1.602172332891495e-26
279993000000.0 1.5810409970488786e-26
280927000000.0 1.5600387658871518e-26
281865000000.0 1.5391538817591864e-26
282806000000.0 1.5189930136091132e-26
283750000000.0 1.4989500177318927e-26
284698000000.0 1.4790191601490363e-26
285648000000.0 1.4592103784405848e-26
286602000000.0 1.440106441450145e-26
287559000000.0 1.4211144373300532e-26
288519000000.0 1.402233844689227e-26
289482000000.0 1.383464142114499e-26
290448000000.0 1.365390561361415e-26
291418000000.0 1.347418308906832e-26
292391000000.0 1.329551661041968e-26
293367000000.0 1.3117901151200814e-26
294347000000.0 1.294128772099406e-26
295329000000.0 1.2771520693425548e-26
296315000000.0 1.2602708782633033e-26
297304000000.0 1.2434891124852482e-26
298297000000.0 1.2273725170921944e-26
299293000000.0 1.2107822820339057e-26
