WAVE FLUX
0.000129662 0.0
0.000133601 0.0
0.00013766 0.0
0.000141842 0.0
0.00014615 0.0
0.00015059 0.0
0.000155165 0.0
0.000159879 0.0
0.000164736 0.0
0.00016974 0.0
0.000174896 0.0
0.00018021 0.0
0.000185684 0.0
0.000191325 0.0
0.000197137 0.0
0.000203126 0.0
0.000209296 0.0
0.000215654 0.0
0.000222206 0.0
0.000228956 0.0
0.000235911 0.0
0.000243078 0.0
0.000250462 0.0
0.000258071 0.0
0.000265911 0.0
0.000273989 0.0
0.000282312 0.0
0.000290888 0.0
0.000299725 0.0
0.00030883 0.0
0.000318212 0.0
0.000327879 0.0
0.00033784 0.0
0.000348103 0.0
0.000358677 0.0
0.000369574 0.0
0.000380801 0.0
0.000392369 0.0
0.000404288 0.0
0.00041657 0.0
0.000429225 0.0
0.000442264 0.0
0.000455699 0.0
0.000469543 0.0
0.000483807 0.0
0.000498504 0.0
0.000513648 0.0
0.000529252 0.0
0.00054533 0.0
0.000561896 0.0
0.000578966 0.0
0.000596554 0.0
0.000614676 0.0
0.000633349 0.0
0.00065259 0.0
0.000672414 0.0
0.000692841 0.0
0.000713889 0.0
0.000735576 0.0
0.000757921 0.0
0.000780946 0.0
0.00080467 0.0
0.000829115 0.0
0.000854302 0.0
0.000880254 0.0
0.000906995 0.0
0.000934548 0.0
0.000962938 0.0
0.000992191 0.0
0.00102233 0.0
0.00105339 0.0
0.00108539 0.0
0.00111836 0.0
0.00115234 0.0
0.00118734 0.0
0.00122341 0.0
0.00126058 0.0
0.00129887 0.0
0.00133833 0.0
0.00137899 0.0
0.00142088 0.0
0.00146404 0.0
0.00150852 0.0
0.00155434 0.0
0.00160156 0.0
0.00165022 0.0
0.00170035 0.0
0.001752 0.0
0.00180522 0.0
0.00186006 0.0
0.00191657 0.0
0.00197479 0.0
0.00203478 0.0
0.0020966 0.0
0.00216029 0.0
0.00222592 0.0
0.00229354 0.0
0.00236321 0.0
0.002435 0.0
0.00250897 0.0
0.00258519 0.0
0.00266373 0.0
0.00274465 0.0
0.00282803 0.0
0.00291394 0.0
0.00300246 0.0
0.00309367 0.0
0.00318765 0.0
0.00328449 0.0
0.00338426 0.0
0.00348707 0.0
0.003593 0.0
0.00370215 0.0
0.00381462 0.0
0.0039305 0.0
0.00404991 0.0
0.00417294 0.0
0.0042997 0.0
0.00443032 0.0
0.00456491 0.0
0.00470358 0.0
0.00484647 0.0
0.0049937 0.0
0.0051454 0.0
0.00530171 0.0
0.00546277 0.0
0.00562872 0.0
0.00579971 0.0
0.0059759 0.0
0.00615744 0.0
0.00634449 0.0
0.00653723 0.0
0.00673582 0.0
0.00694045 0.0
0.00715129 0.0
0.00736853 0.0
0.00759238 0.0
0.00782302 0.0
0.00806067 0.0
0.00830554 0.0
0.00855786 0.0
0.00881783 0.0
0.0090857 0.0
0.00936171 0.0
0.00964611 0.0
0.00993914 0.0
0.0102411 0.0
0.0105522 0.0
0.0108727 0.0
0.011203 0.0
0.0115434 0.0
0.011894 0.0
0.0122554 0.0
0.0126277 0.0
0.0130113 0.0
0.0134065 0.0
0.0138138 0.0
0.0142335 0.0
0.0146659 0.0
0.0151114 0.0
0.0155704 0.0
0.0160434 0.0
0.0165308 0.0
0.017033 0.0
0.0175504 0.0
0.0180836 0.0
0.018633 0.0
0.019199 0.0
0.0197822 0.0
0.0203832 0.0
0.0210024 0.0
0.0216404 0.0
0.0222978 0.0
0.0229752 0.0
0.0236732 0.0
0.0243923 0.0
0.0251333 0.0
0.0258968 0.0
0.0266835 0.0
0.0274941 0.0
0.0283294 0.0
0.02919 0.0
0.0300767 0.0
0.0309904 0.0
0.0319319 0.0
0.0329019 0.0
0.0339014 0.0
0.0349313 0.0
0.0359924 0.0
0.0370858 0.0
0.0382125 0.0
0.0393733 0.0
0.0405694 0.0
0.0418018 0.0
0.0430717 0.0
0.0443802 0.0
0.0457284 0.0
0.0471175 0.0
0.0485489 0.0
0.0500237 0.0
0.0515434 0.0
0.0531092 0.0
0.0547226 0.0
0.056385 0.0
0.0580979 0.0
0.0598628 0.0
0.0616813 0.0
0.0635551 0.0
0.0654858 0.0
0.0674752 0.0
0.069525 0.0
0.0716371 0.0
0.0738133 0.0
0.0760556 0.0
0.0783661 0.0
0.0807467 0.0
0.0831997 0.0
0.0857272 0.0
0.0883314 0.0
0.0910148 0.0
0.0937797 0.0
0.0966286 0.0
0.099564 0.0
0.102589 0.0
0.105705 0.0
0.108916 0.0
0.112225 0.0
0.115634 0.0
0.119147 0.0
0.122767 0.0
0.126496 0.0
0.130339 0.0
0.134298 0.0
0.138378 0.0
0.142582 0.0
0.146913 0.0
0.151376 0.0
0.155975 0.0
0.160713 0.0
0.165595 0.0
0.170626 0.0
0.175809 0.0
0.18115 0.0
0.186653 0.0
0.192323 0.0
0.198166 0.0
0.204186 0.0
0.210389 0.0
0.21678 0.0
0.223366 0.0
0.230151 0.0
0.237143 0.0
0.244347 0.0
0.25177 0.0
0.259418 0.0
0.267299 0.0
0.275419 0.0
0.283786 0.0
0.292407 0.0
0.30129 0.0
0.310442 0.0
0.319873 0.0
0.32959 0.0
0.339603 0.0
0.349919 0.0
0.36055 0.0
0.371502 0.0
0.382788 0.0
0.394417 0.0
0.406399 0.0
0.418744 0.0
0.431465 0.0
0.444572 0.0
0.458078 0.0
0.471994 0.0
0.486332 0.0
0.501106 0.0
0.516329 0.0
0.532014 0.0
0.548176 0.0
0.564829 0.0
0.581988 0.0
0.599668 0.0
0.617885 0.0
0.636655 0.0
0.655996 0.0
0.675924 0.0
0.696457 0.0
0.717615 0.0
0.739415 0.0
0.761877 0.0
0.785022 0.0
0.80887 0.0
0.833442 0.0
0.858761 0.0
0.884849 0.0
0.911729 0.0
0.939426 0.0
0.967964 0.0
0.99737 0.0
1.01281 0.0
1.01339 0.0
1.01397 0.0
1.01455 0.0
1.01513 0.0
1.01571 0.0
1.01629 0.0
1.01687 0.0
1.01745 0.0
1.01803 0.0
1.01861 0.0
1.0192 0.0
1.01978 0.0
1.02036 0.0
1.02095 0.0
1.02153 0.0
1.02211 0.0
1.0227 0.0
1.02328 0.0
1.02387 0.0
1.02445 0.0
1.02504 0.0
1.02562 0.0
1.02621 0.0
1.0268 0.0
1.02738 0.0
1.02797 0.0
1.02856 0.0
1.02915 0.0
1.02974 0.0
1.03033 0.0
1.03091 0.0
1.0315 0.0
1.03209 0.0
1.03268 0.0
1.03327 0.0
1.03386 0.0
1.03446 0.0
1.03505 0.0
1.03564 0.0
1.03623 0.0
1.03682 0.0
1.03742 0.0
1.03801 0.0
1.0386 0.0
1.0392 0.0
1.03979 0.0
1.04039 0.0
1.04098 0.0
1.04158 0.0
1.04217 0.0
1.04277 0.0
1.04336 0.0
1.04396 0.0
1.04456 0.0
1.04515 0.0
1.04575 0.0
1.04635 0.0
1.04695 0.0
1.04755 0.0
1.04815 0.0
1.04874 0.0
1.04934 0.0
1.04994 0.0
1.05054 0.0
1.05114 0.0
1.05175 0.0
1.05235 0.0
1.05295 0.0
1.05355 0.0
1.05415 0.0
1.05476 0.0
1.05536 0.0
1.05596 0.0
1.05657 0.0
1.05717 0.0
1.05777 0.0
1.05838 0.0
1.05898 0.0
1.05959 0.0
1.0602 0.0
1.0608 0.0
1.06141 0.0
1.06202 0.0
1.06262 0.0
1.06323 0.0
1.06384 0.0
1.06445 0.0
1.06505 0.0
1.06566 0.0
1.06627 0.0
1.06688 0.0
1.06749 0.0
1.0681 0.0
1.06871 0.0
1.06932 0.0
1.06994 0.0
1.07055 0.0
1.07116 0.0
1.07177 0.0
1.0724 0.0
1.07304 0.0
1.07369 0.0
1.07433 0.0
1.07498 0.0
1.07562 0.0
1.07627 0.0
1.07692 0.0
1.07756 0.0
1.07821 0.0
1.07886 0.0
1.0795 0.0
1.08015 0.0
1.0808 0.0
1.08145 0.0
1.0821 0.0
1.08275 0.0
1.0834 0.0
1.08405 0.0
1.0847 0.0
1.08535 0.0
1.086 0.0
1.08666 0.0
1.08731 0.0
1.08796 0.0
1.08861 0.0
1.08927 0.0
1.08992 0.0
1.09058 0.0
1.09123 0.0
1.09189 0.0
1.09254 0.0
1.0932 0.0
1.09385 0.0
1.09451 0.0
1.09517 0.0
1.09583 0.0
1.09648 0.0
1.09714 0.0
1.0978 0.0
1.09846 0.0
1.09912 0.0
1.09978 0.0
1.10044 0.0
1.1011 0.0
1.10176 0.0
1.10242 0.0
1.10309 0.0
1.10375 0.0
1.10441 0.0
1.10507 0.0
1.10574 0.0
1.1064 0.0
1.10707 0.0
1.10773 0.0
1.1084 0.0
1.10906 0.0
1.10973 0.0
1.11039 0.0
1.11106 0.0
1.11173 0.0
1.11239 0.0
1.11306 0.0
1.11373 0.0
1.1144 0.0
1.11507 0.0
1.11574 0.0
1.11641 0.0
1.11708 0.0
1.11775 0.0
1.11842 0.0
1.11909 0.0
1.11976 0.0
1.12044 0.0
1.12111 0.0
1.12178 0.0
1.12245 0.0
1.12313 0.0
1.1238 0.0
1.12448 0.0
1.12515 0.0
1.12583 0.0
1.1265 0.0
1.12718 0.0
1.12786 0.0
1.12854 0.0
1.12921 0.0
1.12989 0.0
1.13057 0.0
1.13125 0.0
1.13193 0.0
1.13261 0.0
1.13329 0.0
1.13397 0.0
1.13465 0.0
1.13533 0.0
1.13601 0.0
1.13669 0.0
1.13738 0.0
1.13806 0.0
1.13874 0.0
1.13945 0.0
1.14018 0.0
1.1409 0.0
1.14163 0.0
1.14236 0.0
1.14309 0.0
1.14382 0.0
1.14456 0.0
1.14529 0.0
1.14602 0.0
1.14675 0.0
1.14749 0.0
1.14822 0.0
1.14895 0.0
1.14969 0.0
1.15042 0.0
1.15116 0.0
1.15189 0.0
1.15263 0.0
1.15337 0.0
1.1541 0.0
1.15484 0.0
1.15558 0.0
1.15632 0.0
1.15706 0.0
1.1578 0.0
1.15854 0.0
1.15928 0.0
1.16002 0.0
1.16076 0.0
1.1615 0.0
1.16224 0.0
1.16299 0.0
1.16373 0.0
1.16447 0.0
1.16522 0.0
1.16596 0.0
1.16671 0.0
1.16745 0.0
1.1682 0.0
1.16895 0.0
1.16969 0.0
1.17044 0.0
1.17119 0.0
1.17194 0.0
1.17269 0.0
1.17344 0.0
1.17419 0.0
1.17494 0.0
1.17569 0.0
1.17644 0.0
1.17719 0.0
1.17795 0.0
1.1787 0.0
1.17945 0.0
1.18021 0.0
1.18096 0.0
1.18171 0.0
1.18247 0.0
1.18323 0.0
1.18398 0.0
1.18474 0.0
1.1855 0.0
1.18625 0.0
1.18701 0.0
1.18777 0.0
1.18853 0.0
1.18929 0.0
1.19005 0.0
1.19081 0.0
1.19157 0.0
1.19233 0.0
1.1931 0.0
1.19386 0.0
1.19462 0.0
1.19539 0.0
1.19615 0.0
1.19691 0.0
1.19768 0.0
1.19844 0.0
1.19921 0.0
1.19998 0.0
1.20074 0.0
1.20151 0.0
1.20228 0.0
1.20305 0.0
1.20382 0.0
1.20459 0.0
1.20536 0.0
1.20613 0.0
1.2069 0.0
1.20767 0.0
1.20844 0.0
1.20921 0.0
1.20999 0.0
1.21076 0.0
1.21153 0.0
1.21231 0.0
1.21308 0.0
1.21386 0.0
1.21463 0.0
1.21544 0.0
1.21627 0.0
1.2171 0.0
1.21793 0.0
1.21876 0.0
1.2196 0.0
1.22043 0.0
1.22126 0.0
1.2221 0.0
1.22293 0.0
1.22377 0.0
1.22461 0.0
1.22544 0.0
1.22628 0.0
1.22712 0.0
1.22796 0.0
1.22879 0.0
1.22963 0.0
1.23047 0.0
1.23132 0.0
1.23216 0.0
1.233 0.0
1.23384 0.0
1.23468 0.0
1.23553 0.0
1.23637 0.0
1.23722 0.0
1.23806 0.0
1.23891 0.0
1.23976 0.0
1.2406 0.0
1.24145 0.0
1.2423 0.0
1.24315 0.0
1.244 0.0
1.24485 0.0
1.2457 0.0
1.24655 0.0
1.2474 0.0
1.24825 0.0
1.24911 0.0
1.24996 0.0
1.25081 0.0
1.25167 0.0
1.25252 0.0
1.25338 0.0
1.25424 0.0
1.25509 0.0
1.25595 0.0
1.25681 0.0
1.25767 0.0
1.25853 0.0
1.25939 0.0
1.26025 0.0
1.26111 0.0
1.26197 0.0
1.26283 0.0
1.2637 0.0
1.26456 0.0
1.26542 0.0
1.26629 0.0
1.26715 0.0
1.26802 0.0
1.26889 0.0
1.26975 0.0
1.27062 0.0
1.27149 0.0
1.27236 0.0
1.27323 0.0
1.2741 0.0
1.27497 0.0
1.27584 0.0
1.27671 0.0
1.27758 0.0
1.27846 0.0
1.27933 0.0
1.2802 0.0
1.28108 0.0
1.28195 0.0
1.28283 0.0
1.28371 0.0
1.28458 0.0
1.28546 0.0
1.28634 0.0
1.28722 0.0
1.2881 0.0
1.28898 0.0
1.28986 0.0
1.29074 0.0
1.29162 0.0
1.29251 0.0
1.29339 0.0
1.29427 0.0
1.29516 0.0
1.29604 0.0
1.29693 0.0
1.29781 0.0
1.2987 0.0
1.29959 0.0
1.30048 0.0
1.30137 0.0
1.30229 0.0
1.30324 0.0
1.3042 0.0
1.30516 0.0
1.30612 0.0
1.30707 0.0
1.30803 0.0
1.30899 0.0
1.30995 0.0
1.31092 0.0
1.31188 0.0
1.31284 0.0
1.3138 0.0
1.31477 0.0
1.31573 0.0
1.3167 0.0
1.31767 0.0
1.31863 0.0
1.3196 0.0
1.32057 0.0
1.32154 0.0
1.32251 0.0
1.32348 0.0
1.32445 0.0
1.32542 0.0
1.3264 0.0
1.32737 0.0
1.32834 0.0
1.32932 0.0
1.3303 0.0
1.33127 0.0
1.33225 0.0
1.33323 0.0
1.33421 0.0
1.33518 0.0
1.33616 0.0
1.33715 0.0
1.33813 0.0
1.33911 0.0
1.34009 0.0
1.34108 0.0
1.34206 0.0
1.34305 0.0
1.34403 0.0
1.34502 0.0
1.346 0.0
1.34699 0.0
1.34798 0.0
1.34897 0.0
1.34996 0.0
1.35095 0.0
1.35194 0.0
1.35294 0.0
1.35393 0.0
1.35492 0.0
1.35592 0.0
1.35691 0.0
1.35791 0.0
1.35891 0.0
1.3599 0.0
1.3609 0.0
1.3619 0.0
1.3629 0.0
1.3639 0.0
1.3649 0.0
1.3659 0.0
1.36691 0.0
1.36791 0.0
1.36891 0.0
1.36992 0.0
1.37092 0.0
1.37193 0.0
1.37294 0.0
1.37394 0.0
1.37495 0.0
1.37596 0.0
1.37697 0.0
1.37798 0.0
1.37899 0.0
1.38001 0.0
1.38102 0.0
1.38203 0.0
1.38305 0.0
1.38406 0.0
1.38508 0.0
1.3861 0.0
1.38711 0.0
1.38813 0.0
1.38915 0.0
1.39017 0.0
1.39119 0.0
1.39221 0.0
1.39323 0.0
1.39426 0.0
1.39528 0.0
1.3963 0.0
1.39733 0.0
1.39835 0.0
1.39938 0.0
1.40041 0.0
1.40144 0.0
1.4025 0.0
1.4036 0.0
1.4047 0.0
1.40581 0.0
1.40691 0.0
1.40801 0.0
1.40912 0.0
1.41022 0.0
1.41133 0.0
1.41244 0.0
1.41355 0.0
1.41466 0.0
1.41577 0.0
1.41688 0.0
1.41799 0.0
1.41911 0.0
1.42022 0.0
1.42133 0.0
1.42245 0.0
1.42357 0.0
1.42468 0.0
1.4258 0.0
1.42692 0.0
1.42804 0.0
1.42916 0.0
1.43029 0.0
1.43141 0.0
1.43253 0.0
1.43366 0.0
1.43478 0.0
1.43591 0.0
1.43704 0.0
1.43816 0.0
1.43929 0.0
1.44042 0.0
1.44155 0.0
1.44269 0.0
1.44382 0.0
1.44495 0.0
1.44609 0.0
1.44722 0.0
1.44836 0.0
1.44949 0.0
1.45063 0.0
1.45177 0.0
1.45291 0.0
1.45405 0.0
1.45519 0.0
1.45634 0.0
1.45748 0.0
1.45862 0.0
1.45977 0.0
1.46091 0.0
1.46206 0.0
1.46321 0.0
1.46436 0.0
1.46551 0.0
1.46666 0.0
1.46781 0.0
1.46896 0.0
1.47011 0.0
1.47127 0.0
1.47242 0.0
1.47358 0.0
1.47474 0.0
1.47589 0.0
1.47705 0.0
1.47821 0.0
1.47937 0.0
1.48053 0.0
1.4817 0.0
1.48286 0.0
1.48402 0.0
1.48519 0.0
1.48635 0.0
1.48752 0.0
1.48869 0.0
1.48986 0.0
1.49103 0.0
1.4922 0.0
1.49337 0.0
1.49454 0.0
1.49571 0.0
1.49689 0.0
1.49806 0.0
1.49924 0.0
1.50042 0.0
1.50159 0.0
1.50277 0.0
1.50395 0.0
1.50513 0.0
1.50632 0.0
1.5075 0.0
1.50868 0.0
1.50987 0.0
1.51105 0.0
1.51224 0.0
1.51342 0.0
1.51461 0.0
1.5158 0.0
1.51699 0.0
1.51818 0.0
1.51943 0.0
1.52072 0.0
1.52202 0.0
1.52332 0.0
1.52462 0.0
1.52592 0.0
1.52722 0.0
1.52853 0.0
1.52983 0.0
1.53114 0.0
1.53244 0.0
1.53375 0.0
1.53506 0.0
1.53637 0.0
1.53768 0.0
1.53899 0.0
1.54031 0.0
1.54162 0.0
1.54294 0.0
1.54425 0.0
1.54557 0.0
1.54689 0.0
1.54821 0.0
1.54953 0.0
1.55085 0.0
1.55218 0.0
1.5535 0.0
1.55483 0.0
1.55616 0.0
1.55748 0.0
1.55881 0.0
1.56014 0.0
1.56147 0.0
1.56281 0.0
1.56414 0.0
1.56548 0.0
1.56681 0.0
1.56815 0.0
1.56949 0.0
1.57083 0.0
1.57217 0.0
1.57351 0.0
1.57485 0.0
1.5762 0.0
1.57754 0.0
1.57889 0.0
1.58023 0.0
1.58158 0.0
1.58293 0.0
1.58428 0.0
1.58564 0.0
1.58699 0.0
1.58834 0.0
1.5897 0.0
1.59106 0.0
1.59241 0.0
1.59377 0.0
1.59513 0.0
1.59649 0.0
1.59786 0.0
1.59922 0.0
1.60058 0.0
1.60195 0.0
1.60332 0.0
1.60469 0.0
1.60606 0.0
1.60743 0.0
1.6088 0.0
1.61017 0.0
1.61155 0.0
1.61292 0.0
1.6143 0.0
1.61567 0.0
1.61705 0.0
1.61843 0.0
1.61981 0.0
1.6212 0.0
1.62258 0.0
1.62397 0.0
1.62535 0.0
1.62674 0.0
1.62813 0.0
1.62952 0.0
1.63091 0.0
1.6323 0.0
1.63369 0.0
1.63509 0.0
1.63648 0.0
1.63788 0.0
1.63928 0.0
1.64067 0.0
1.64207 0.0
1.64348 0.0
1.64488 0.0
1.64628 0.0
1.64769 0.0
1.64909 0.0
1.6505 0.0
1.65191 0.0
1.65332 0.0
1.65473 0.0
1.65614 0.0
1.65762 0.0
1.65917 0.0
1.66072 0.0
1.66228 0.0
1.66383 0.0
1.66539 0.0
1.66694 0.0
1.6685 0.0
1.67006 0.0
1.67162 0.0
1.67318 0.0
1.67475 0.0
1.67631 0.0
1.67788 0.0
1.67945 0.0
1.68102 0.0
1.68259 0.0
1.68416 0.0
1.68574 0.0
1.68732 0.0
1.68889 0.0
1.69047 0.0
1.69205 0.0
1.69363 0.0
1.69522 0.0
1.6968 0.0
1.69839 0.0
1.69998 0.0
1.70156 0.0
1.70316 0.0
1.70475 0.0
1.70634 0.0
1.70794 0.0
1.70953 0.0
1.71113 0.0
1.71273 0.0
1.71433 0.0
1.71593 0.0
1.71754 0.0
1.71914 0.0
1.72075 0.0
1.72236 0.0
1.72397 0.0
1.72558 0.0
1.7272 0.0
1.72881 0.0
1.73043 0.0
1.73204 0.0
1.73366 0.0
1.73528 0.0
1.73691 0.0
1.73853 0.0
1.74016 0.0
1.74178 0.0
1.74341 0.0
1.74504 0.0
1.74667 0.0
1.7483 0.0
1.74994 0.0
1.75157 0.0
1.75321 0.0
1.75485 0.0
1.75649 0.0
1.75813 0.0
1.75978 0.0
1.76142 0.0
1.76307 0.0
1.76472 0.0
1.76637 0.0
1.76802 0.0
1.76967 0.0
1.77133 0.0
1.77298 0.0
1.77464 0.0
1.7763 0.0
1.77796 0.0
1.77962 0.0
1.78128 0.0
1.78295 0.0
1.78462 0.0
1.78628 0.0
1.78795 0.0
1.78963 0.0
1.7913 0.0
1.79297 0.0
1.79465 0.0
1.79633 0.0
1.79801 0.0
1.79969 0.0
1.80137 0.0
1.80305 0.0
1.80474 0.0
1.80643 0.0
1.80812 0.0
1.80981 0.0
1.8115 0.0
1.81319 0.0
1.81489 0.0
1.81658 0.0
1.81828 0.0
1.81998 0.0
1.82168 0.0
1.82347 0.0
1.82533 0.0
1.8272 0.0
1.82907 0.0
1.83094 0.0
1.83282 0.0
1.83469 0.0
1.83657 0.0
1.83845 0.0
1.84033 0.0
1.84221 0.0
1.8441 0.0
1.84599 0.0
1.84788 0.0
1.84977 0.0
1.85166 0.0
1.85356 0.0
1.85545 0.0
1.85735 0.0
1.85925 0.0
1.86116 0.0
1.86306 0.0
1.86497 0.0
1.86688 0.0
1.86879 0.0
1.8707 0.0
1.87261 0.0
1.87453 0.0
1.87645 0.0
1.87837 0.0
1.88029 0.0
1.88222 0.0
1.88414 0.0
1.88607 0.0
1.888 0.0
1.88993 0.0
1.89187 0.0
1.8938 0.0
1.89574 0.0
1.89768 0.0
1.89962 0.0
1.90157 0.0
1.90351 0.0
1.90546 0.0
1.90741 0.0
1.90936 0.0
1.91132 0.0
1.91327 0.0
1.91523 0.0
1.91719 0.0
1.91916 0.0
1.92112 0.0
1.92309 0.0
1.92505 0.0
1.92702 0.0
1.929 0.0
1.93097 0.0
1.93295 0.0
1.93492 0.0
1.93691 0.0
1.93889 0.0
1.94087 0.0
1.94286 0.0
1.94485 0.0
1.94684 0.0
1.94883 0.0
1.95082 0.0
1.95282 0.0
1.95482 0.0
1.95682 0.0
1.95882 0.0
1.96083 0.0
1.96283 0.0
1.96484 0.0
1.96685 0.0
1.96887 0.0
1.97088 0.0
1.9729 0.0
1.97492 0.0
1.97694 0.0
1.97896 0.0
1.98099 0.0
1.98302 0.0
1.98504 0.0
1.98708 0.0
1.98911 0.0
1.99115 0.0
1.99318 0.0
1.99522 0.0
1.99727 0.0
1.99931 0.0
2.00136 0.0
2.0034 0.0
2.00545 0.0
2.00751 0.0
2.00956 0.0
2.01162 0.0
2.01368 0.0
2.01574 0.0
2.0178 0.0
2.01987 0.0
2.02193 0.0
2.024 0.0
2.0262 0.0
2.02851 0.0
2.03084 0.0
2.03316 0.0
2.03549 0.0
2.03781 0.0
2.04015 0.0
2.04248 0.0
2.04482 0.0
2.04716 0.0
2.0495 0.0
2.05184 0.0
2.05419 0.0
2.05654 0.0
2.05889 0.0
2.06125 0.0
2.06361 0.0
2.06597 0.0
2.06833 0.0
2.0707 0.0
2.07307 0.0
2.07544 0.0
2.07782 0.0
2.08019 0.0
2.08257 0.0
2.08496 0.0
2.08734 0.0
2.08973 0.0
2.09212 0.0
2.09452 0.0
2.09691 0.0
2.09931 0.0
2.10171 0.0
2.10412 0.0
2.10653 0.0
2.10894 0.0
2.11135 0.0
2.11376 0.0
2.11618 0.0
2.1186 0.0
2.12103 0.0
2.12346 0.0
2.12588 0.0
2.12832 0.0
2.13075 0.0
2.13319 0.0
2.13563 0.0
2.13807 0.0
2.14052 0.0
2.14297 0.0
2.14542 0.0
2.14788 0.0
2.15033 0.0
2.15279 0.0
2.15526 0.0
2.15772 0.0
2.16019 0.0
2.16266 0.0
2.16514 0.0
2.16762 0.0
2.1701 0.0
2.17258 0.0
2.17506 0.0
2.17755 0.0
2.18005 0.0
2.18254 0.0
2.18504 0.0
2.18754 0.0
2.19004 0.0
2.19255 0.0
2.19505 0.0
2.19757 0.0
2.20008 0.0
2.2026 0.0
2.20512 0.0
2.20764 0.0
2.21017 0.0
2.2127 0.0
2.21523 0.0
2.21776 0.0
2.2203 0.0
2.22284 0.0
2.22538 0.0
2.22793 0.0
2.23048 0.0
2.23303 0.0
2.23559 0.0
2.23814 0.0
2.2407 0.0
2.24327 0.0
2.24583 0.0
2.2484 0.0
2.25098 0.0
2.25355 0.0
2.25613 0.0
2.25871 0.0
2.2613 0.0
2.26388 0.0
2.26647 0.0
2.26907 0.0
2.27166 0.0
2.27426 0.0
2.27687 0.0
2.27963 0.0
2.28256 0.0
2.28549 0.0
2.28843 0.0
2.29137 0.0
2.29431 0.0
2.29726 0.0
2.30021 0.0
2.30317 0.0
2.30613 0.0
2.30909 0.0
2.31206 0.0
2.31503 0.0
2.318 0.0
2.32098 0.0
2.32396 0.0
2.32695 0.0
2.32994 0.0
2.33293 0.0
2.33593 0.0
2.33893 0.0
2.34193 0.0
2.34494 0.0
2.34795 0.0
2.35097 0.0
2.35399 0.0
2.35702 0.0
2.36004 0.0
2.36308 0.0
2.36611 0.0
2.36915 0.0
2.3722 0.0
2.37524 0.0
2.37829 0.0
2.38135 0.0
2.38441 0.0
2.38747 0.0
2.39054 0.0
2.39361 0.0
2.39669 0.0
2.39977 0.0
2.40285 0.0
2.40594 0.0
2.40903 0.0
2.41212 0.0
2.41522 0.0
2.41833 0.0
2.42143 0.0
2.42454 0.0
2.42766 0.0
2.43078 0.0
2.4339 0.0
2.43703 0.0
2.44016 0.0
2.44329 0.0
2.44643 0.0
2.44958 0.0
2.45272 0.0
2.45587 0.0
2.45903 0.0
2.46219 0.0
2.46535 0.0
2.46852 0.0
2.47169 0.0
2.47487 0.0
2.47805 0.0
2.48123 0.0
2.48442 0.0
2.48761 0.0
2.49081 0.0
2.49401 0.0
2.49721 0.0
2.50042 0.0
2.50363 0.0
2.50685 0.0
2.51007 0.0
2.51329 0.0
2.51652 0.0
2.51976 0.0
2.52299 0.0
2.52623 0.0
2.52948 0.0
2.53273 0.0
2.53598 0.0
2.53924 0.0
2.5425 0.0
2.54577 0.0
2.54904 0.0
2.55232 0.0
2.5556 0.0
2.55888 0.0
2.56217 0.0
2.56546 0.0
2.56875 0.0
2.57205 0.0
2.57536 0.0
2.57867 0.0
2.58198 0.0
2.5853 0.0
2.58862 0.0
2.59195 0.0
2.59528 0.0
2.59861 0.0
2.60195 0.0
2.60553 0.0
2.60936 0.0
2.61319 0.0
2.61703 0.0
2.62088 0.0
2.62473 0.0
2.62858 0.0
2.63245 0.0
2.63631 0.0
2.64019 0.0
2.64407 0.0
2.64795 0.0
2.65184 0.0
2.65574 0.0
2.65964 0.0
2.66355 0.0
2.66746 0.0
2.67138 0.0
2.6753 0.0
2.67923 0.0
2.68317 0.0
2.68711 0.0
2.69106 0.0
2.69501 0.0
2.69897 0.0
2.70294 0.0
2.70691 0.0
2.71089 0.0
2.71487 0.0
2.71886 0.0
2.72285 0.0
2.72685 0.0
2.73086 0.0
2.73487 0.0
2.73889 0.0
2.74291 0.0
2.74694 0.0
2.75098 0.0
2.75502 0.0
2.75907 0.0
2.76312 0.0
2.76718 0.0
2.77125 0.0
2.77532 0.0
2.77939 0.0
2.78348 0.0
2.78757 0.0
2.79166 0.0
2.79576 0.0
2.79987 0.0
2.80399 0.0
2.8081 0.0
2.81223 0.0
2.81636 0.0
2.8205 0.0
2.82464 0.0
2.82879 0.0
2.83295 0.0
2.83711 0.0
2.84128 0.0
2.84545 0.0
2.84963 0.0
2.85382 0.0
2.85801 0.0
2.86221 0.0
2.86642 0.0
2.87063 0.0
2.87485 0.0
2.87907 0.0
2.8833 0.0
2.88754 0.0
2.89178 0.0
2.89603 0.0
2.90028 0.0
2.90454 0.0
2.90881 0.0
2.91308 0.0
2.91736 0.0
2.92165 0.0
2.92594 0.0
2.93024 0.0
2.93455 0.0
2.93886 0.0
2.94318 0.0
2.9475 0.0
2.95183 0.0
2.95617 0.0
2.96051 0.0
2.96486 0.0
2.96922 0.0
2.97358 0.0
2.97795 0.0
2.98232 0.0
2.9867 0.0
2.99109 0.0
2.99549 0.0
2.99989 0.0
3.00429 0.0
3.00871 0.0
3.01313 0.0
3.01755 0.0
3.02199 0.0
3.02643 0.0
3.03087 0.0
3.03533 0.0
3.04014 0.0
3.04533 0.0
3.05052 0.0
3.05573 0.0
3.06094 0.0
3.06616 0.0
3.07139 0.0
3.07662 0.0
3.08187 0.0
3.08713 0.0
3.09239 0.0
3.09766 0.0
3.10295 0.0
3.10824 0.0
3.11354 0.0
3.11885 0.0
3.12417 0.0
3.1295 0.0
3.13483 0.0
3.14018 0.0
3.14553 0.0
3.1509 0.0
3.15627 0.0
3.16166 0.0
3.16705 0.0
3.17245 0.0
3.17786 0.0
3.18328 0.0
3.18871 0.0
3.19414 0.0
3.19959 0.0
3.20505 0.0
3.21051 0.0
3.21599 0.0
3.22147 0.0
3.22697 0.0
3.23247 0.0
3.23798 0.0
3.24351 0.0
3.24904 0.0
3.25458 0.0
3.26013 0.0
3.26569 0.0
3.27126 0.0
3.27684 0.0
3.28242 0.0
3.28802 0.0
3.29363 0.0
3.29925 0.0
3.30487 0.0
3.31051 0.0
3.31616 0.0
3.32181 0.0
3.32748 0.0
3.33315 0.0
3.33883 0.0
3.34453 0.0
3.35023 0.0
3.35595 0.0
3.36167 0.0
3.3674 0.0
3.37314 0.0
3.3789 0.0
3.38466 0.0
3.39043 0.0
3.39621 0.0
3.40201 0.0
3.40781 0.0
3.41362 0.0
3.41944 0.0
3.42527 0.0
3.43111 0.0
3.43696 0.0
3.44283 0.0
3.4487 0.0
3.45458 0.0
3.46047 0.0
3.46637 0.0
3.47228 0.0
3.47821 0.0
3.48414 0.0
3.49008 0.0
3.49603 0.0
3.50199 0.0
3.50797 0.0
3.51395 0.0
3.51994 0.0
3.52594 0.0
3.53196 0.0
3.53798 0.0
3.54401 0.0
3.55006 0.0
3.55611 0.0
3.56218 0.0
3.56825 0.0
3.57434 0.0
3.58043 0.0
3.58654 0.0
3.59265 0.0
3.59878 0.0
3.60492 0.0
3.61107 0.0
3.61722 0.0
3.62339 0.0
3.62957 0.0
3.63576 0.0
3.64196 0.0
3.6488 0.0
3.65628 0.0
3.66377 0.0
3.67128 0.0
3.6788 0.0
3.68634 0.0
3.69389 0.0
3.70146 0.0
3.70905 0.0
3.71665 0.0
3.72427 0.0
3.7319 0.0
3.73955 0.0
3.74721 0.0
3.75489 0.0
3.76258 0.0
3.77029 0.0
3.77802 0.0
3.78576 0.0
3.79352 0.0
3.8013 0.0
3.80909 0.0
3.81689 0.0
3.82471 0.0
3.83255 0.0
3.84041 0.0
3.84828 0.0
3.85616 0.0
3.86406 0.0
3.87198 0.0
3.87992 0.0
3.88787 0.0
3.89584 0.0
3.90382 0.0
3.91182 0.0
3.91984 0.0
3.92787 0.0
3.93592 0.0
3.94398 0.0
3.95207 0.0
3.96017 0.0
3.96828 0.0
3.97641 0.0
3.98456 0.0
3.99273 0.0
4.00091 0.0
4.00911 0.0
4.01732 0.0
4.02556 0.0
4.03381 0.0
4.04207 0.0
4.05036 0.0
4.05866 0.0
4.06697 0.0
4.07531 0.0
4.08366 0.0
4.09203 0.0
4.10041 0.0
4.10882 0.0
4.11724 0.0
4.12567 0.0
4.13413 0.0
4.1426 0.0
4.15109 0.0
4.1596 0.0
4.16812 0.0
4.17666 0.0
4.18522 0.0
4.1938 0.0
4.20239 0.0
4.21101 0.0
4.21963 0.0
4.22828 0.0
4.23695 0.0
4.24563 0.0
4.25433 0.0
4.26305 0.0
4.27178 0.0
4.28054 0.0
4.28931 0.0
4.2981 0.0
4.30691 0.0
4.31573 0.0
4.32458 0.0
4.33344 0.0
4.34232 0.0
4.35122 0.0
4.36014 0.0
4.36907 0.0
4.37803 0.0
4.387 0.0
4.39599 0.0
4.405 0.0
4.41402 0.0
4.42307 0.0
4.43213 0.0
4.44122 0.0
4.45032 0.0
4.45944 0.0
4.46858 0.0
4.47773 0.0
4.48691 0.0
4.4961 0.0
4.50532 0.0
4.51455 0.0
4.5238 0.0
4.53307 0.0
4.54236 0.0
4.55167 0.0
4.56219 0.0
4.57392 0.0
4.58568 0.0
4.59748 0.0
4.6093 0.0
4.62116 0.0
4.63304 0.0
4.64496 0.0
4.6569 0.0
4.66888 0.0
4.68089 0.0
4.69293 0.0
4.705 0.0
4.7171 0.0
4.72923 0.0
4.74139 0.0
4.75359 0.0
4.76581 0.0
4.77807 0.0
4.79036 0.0
4.80268 0.0
4.81503 0.0
4.82741 0.0
4.83983 0.0
4.85228 0.0
4.86476 0.0
4.87727 0.0
4.88981 0.0
4.90239 0.0
4.915 0.0
4.92764 0.0
4.94031 0.0
4.95302 0.0
4.96576 0.0
4.97853 0.0
4.99133 0.0
5.00417 0.0
5.01704 0.0
5.02994 0.0
5.04288 0.0
5.05585 0.0
5.06885 0.0
5.08189 0.0
5.09496 0.0
5.10806 0.0
5.1212 0.0
5.13437 0.0
5.14758 0.0
5.16081 0.0
5.17409 0.0
5.18739 0.0
5.20074 0.0
5.21411 0.0
5.22752 0.0
5.24097 0.0
5.25445 0.0
5.26796 0.0
5.28151 0.0
5.29509 0.0
5.30871 0.0
5.32236 0.0
5.33605 0.0
5.34978 0.0
5.36354 0.0
5.37733 0.0
5.39116 0.0
5.40502 0.0
5.41893 0.0
5.43286 0.0
5.44684 0.0
5.46084 0.0
5.47489 0.0
5.48897 0.0
5.50309 0.0
5.51724 0.0
5.53143 0.0
5.54566 0.0
5.55992 0.0
5.57422 0.0
5.58855 0.0
5.60293 0.0
5.61734 0.0
5.63179 0.0
5.64627 0.0
5.66079 0.0
5.67535 0.0
5.68995 0.0
5.70458 0.0
5.71925 0.0
5.73396 0.0
5.74871 0.0
5.76349 0.0
5.77832 0.0
5.79318 0.0
5.80808 0.0
5.82301 0.0
5.83799 0.0
5.85301 0.0
5.86806 0.0
5.88315 0.0
5.89828 0.0
5.91345 0.0
5.92866 0.0
5.94391 0.0
5.9592 0.0
5.97452 0.0
5.98989 0.0
6.00529 0.0
6.02074 0.0
6.03622 0.0
6.05175 0.0
6.06731 0.0
6.08521 0.0
6.10547 0.0
6.12579 0.0
6.14618 0.0
6.16665 0.0
6.18717 0.0
6.20777 0.0
6.22844 0.0
6.24917 0.0
6.26998 0.0
6.29085 0.0
6.31179 0.0
6.3328 0.0
6.35388 0.0
6.37504 0.0
6.39626 0.0
6.41755 0.0
6.43892 0.0
6.46035 0.0
6.48186 0.0
6.50344 0.0
6.52509 0.0
6.54681 0.0
6.5686 0.0
6.59047 0.0
6.61241 0.0
6.63442 0.0
6.65651 0.0
6.67867 0.0
6.7009 0.0
6.72321 0.0
6.74559 0.0
6.76805 0.0
6.79058 0.0
6.81318 0.0
6.83587 0.0
6.85862 0.0
6.88145 0.0
6.90436 0.0
6.92735 0.0
6.95041 0.0
6.97355 0.0
6.99676 0.0
7.02005 0.0
7.04342 0.0
7.06687 0.0
7.0904 0.0
7.114 0.0
7.13768 0.0
7.16145 0.0
7.18529 0.0
7.20921 0.0
7.23321 0.0
7.25728 0.0
7.28144 0.0
7.30568 0.0
7.33 0.0
7.35441 0.0
7.37889 0.0
7.40345 0.0
7.4281 0.0
7.45283 0.0
7.47764 0.0
7.50253 0.0
7.52751 0.0
7.55257 0.0
7.57771 0.0
7.60294 0.0
7.62825 0.0
7.65364 0.0
7.67912 0.0
7.70468 0.0
7.73033 0.0
7.75607 0.0
7.78189 0.0
7.80779 0.0
7.83379 0.0
7.85986 0.0
7.88603 0.0
7.91228 0.0
7.93862 0.0
7.96505 0.0
7.99157 0.0
8.01817 0.0
8.04486 0.0
8.07164 0.0
8.09851 0.0
8.12548 0.0
8.15253 0.0
8.17966 0.0
8.2069 0.0
8.23422 0.0
8.26163 0.0
8.28913 0.0
8.31673 0.0
8.34441 0.0
8.37219 0.0
8.40006 0.0
8.42803 0.0
8.45608 0.0
8.48423 0.0
8.51248 0.0
8.54082 0.0
8.56925 0.0
8.59777 0.0
8.6264 0.0
8.65511 0.0
8.68393 0.0
8.71284 0.0
8.74184 0.0
8.77094 0.0
8.80014 0.0
8.82944 0.0
8.85883 0.0
8.88832 0.0
8.91791 0.0
8.9476 0.0
8.97739 0.0
9.00727 0.0
9.03726 0.0
9.06734 0.0
9.09753 0.0
9.12785 0.0
9.15832 0.0
9.18889 0.0
9.21957 0.0
9.25034 0.0
9.28122 0.0
9.3122 0.0
9.34328 0.0
9.37447 0.0
9.40576 0.0
9.43716 0.0
9.46866 0.0
9.50027 0.0
9.53198 0.0
9.5638 0.0
9.59572 0.0
9.62775 0.0
9.65989 0.0
9.69213 0.0
9.72449 0.0
9.75695 0.0
9.78951 0.0
9.82219 0.0
9.85498 0.0
9.88787 0.0
9.92088 0.0
9.954 0.0
9.98722 1.1761265454563583e-12
10.0206 1.2956555933126087e-12
10.054 1.5470538915746996e-12
10.0876 1.84686888763457e-12
10.1212 2.2052718041244653e-12
10.155 2.6332811305244228e-12
10.1889 3.1449897468176328e-12
10.2229 3.755333106292325e-12
10.2571 4.484242985290391e-12
10.2913 5.354638397858008e-12
10.3256 6.394220633391521e-12
10.3601 7.635468830992768e-12
10.3947 9.116748603844752e-12
10.4294 1.0891322660386241e-11
10.4642 1.3003507856685084e-11
10.4991 1.552160371318821e-11
10.5342 1.8533229357956625e-11
10.5693 2.213548625656661e-11
10.6046 2.6433590033356847e-11
10.64 3.156220245663102e-11
10.6755 3.769428534620681e-11
10.7112 4.501007682167619e-11
10.7469 5.3748594042784144e-11
10.7828 6.41738407117171e-11
10.8188 7.663702619934517e-11
10.8549 9.151390833604252e-11
10.8911 1.0923439604858492e-10
10.9275 1.3052651402053476e-10
10.964 1.557964299830789e-10
11.0006 1.6358956523104124e-10
11.0373 7.844316549105726e-11
11.0741 3.360807892433249e-11
11.1111 1.4395605703345194e-11
11.1482 6.167484197940337e-12
11.1854 2.6416980187721374e-12
11.2227 1.1319534681479268e-12
11.2602 4.848992803538957e-13
11.2978 2.0774802053957707e-13
11.3355 8.898140630509774e-14
11.3733 3.811488219031502e-14
11.4113 1.6326338446016217e-14
11.4494 6.9954609098115815e-15
11.4876 2.997315086963478e-15
11.526 1.2841502752228129e-15
11.5644 5.499976128060131e-16
11.603 2.3556480443300987e-16
11.6418 1.0089706537917378e-16
11.6806 4.323609628051035e-17
11.7196 1.8521851732066748e-17
11.7587 7.93480280177632e-18
11.798 3.398940345453533e-18
11.8374 1.456643347283359e-18
11.8769 6.238297313399169e-19
11.9165 2.6727954332568677e-19
11.9563 1.1452693301282403e-19
11.9962 5.3656694881766676e-20
12.0363 4.9018459504063016e-20
12.0764 5.3540850907954367e-20
12.1167 5.848510390268418e-20
12.1572 6.388217095954275e-20
12.1978 6.978075885840626e-20
12.2385 7.621967761992258e-20
12.2793 8.325471688028555e-20
12.3203 9.097508424866641e-20
12.3614 9.928737185823915e-20
12.4027 1.0849684295078996e-19
12.4441 1.185086341877333e-19
12.4856 1.2940067620964264e-19
12.5273 1.4142042947356044e-19
12.5691 1.5438616603162788e-19
12.6111 1.687133109230248e-19
12.6532 1.8421906307284382e-19
12.6954 2.0123024481032319e-19
12.7378 2.19814214476724e-19
12.7803 2.4012465493562107e-19
12.823 2.622257655311966e-19
12.8658 2.864353357724399e-19
12.9087 3.128984876252284e-19
12.9518 3.4175567944974543e-19
12.9951 4.11306337664147e-19
13.0384 1.1087943360027802e-18
13.082 3.744509286730825e-18
13.1256 1.265331038659983e-17
13.1694 4.273441635503279e-17
13.2134 1.443345105578756e-16
13.2575 4.876282599692968e-16
13.3018 1.6472391128952579e-15
13.3462 5.5636048266396315e-15
13.3907 1.8797002862294597e-14
13.4354 6.34890190587545e-14
13.4803 2.1448935217374468e-13
13.5253 7.244356694718623e-13
13.5704 2.446921353609213e-12
13.6157 8.263570587555824e-12
13.6611 2.7920879311408797e-11
13.7067 9.432951266961346e-11
13.7525 3.186510849941486e-10
13.7984 1.0765667901699154e-09
13.8445 3.6353966283053317e-09
13.8907 1.2281603758802511e-08
13.937 4.1484436863817265e-08
13.9836 1.4630782380663626e-07
14.0302 2.3023296198635654e-07
14.0771 2.554460616920701e-07
14.1241 2.834598908627514e-07
14.1712 3.1454960918972403e-07
14.2185 3.490598023150241e-07
14.266 3.8733199842009595e-07
14.3136 4.297810381396479e-07
14.3614 4.768854826769421e-07
14.4093 5.291979138269027e-07
14.4574 5.871822382600236e-07
14.5057 6.515211793372636e-07
14.5541 7.229667671886246e-07
14.6027 8.021780001065009e-07
14.6514 8.905487658969948e-07
14.7003 9.87833161286066e-07
14.7494 1.0961264494748006e-06
14.7986 1.2160497420570812e-06
14.848 1.3496492775308395e-06
14.8976 1.4975056625800165e-06
14.9473 1.6616410486299076e-06
14.9972 1.8404435417727465e-06
15.0473 2.0023065116006195e-06
15.0975 2.170918134453989e-06
15.1479 2.354003660506396e-06
15.1985 2.5521196130708767e-06
15.2492 2.767242877062087e-06
15.3001 3.000586644793315e-06
15.3512 3.2540626624456865e-06
15.4024 3.5281819563931433e-06
15.4538 3.826189540016383e-06
15.5054 4.1485300484898806e-06
15.5572 4.4984060493830285e-06
15.6091 4.8776285706083354e-06
15.6612 5.288612169190591e-06
15.7135 5.735132509607148e-06
15.7659 6.218222919613864e-06
15.8185 6.74290824164317e-06
15.8713 7.312821527934296e-06
15.9243 7.930193359592793e-06
15.9775 8.597221212343742e-06
16.0308 9.24634411403243e-06
16.0843 9.87766654596037e-06
16.138 1.0557996085719938e-05
16.1919 1.1286819931058436e-05
16.2459 1.2063702746924491e-05
16.3002 1.2887994458657854e-05
16.3546 1.3779077131176681e-05
16.4092 1.472306990461407e-05
16.4639 1.5739107836803085e-05
16.5189 1.6819741332998247e-05
16.574 1.797746554566248e-05
16.6294 1.9211262225863724e-05
16.6849 2.05334468844056e-05
16.7406 2.1949411119843812e-05
16.7964 2.3458311047158507e-05
16.8525 2.5071664860499993e-05
16.9088 2.6794867004792234e-05
16.9652 2.8633272072842207e-05
17.0218 3.0509690957121636e-05
17.0786 3.23166085886993e-05
17.1357 3.424277366042872e-05
17.1929 3.628106292676359e-05
17.2502 3.844279686529116e-05
17.3078 4.0726241329879247e-05
17.3656 4.315509210200443e-05
17.4236 4.57216448602455e-05
17.4817 4.8443177172819246e-05
17.5401 5.1323649844778286e-05
17.5986 5.438028768876568e-05
17.6574 5.76167271208642e-05
17.7163 6.1019559263201315e-05
17.7755 6.468921932494455e-05
17.8348 6.851507199195927e-05
17.8943 7.261531919885555e-05
17.954 7.692718373281498e-05
18.014 8.13285406988085e-05
18.0741 8.552165917207314e-05
18.1344 8.992325954851507e-05
18.195 9.4530604335928e-05
18.2557 9.940142784741588e-05
18.3166 0.00010453246013682519
18.3778 0.00010986181819103855
18.4391 0.00011550519062166021
18.5007 0.00012145805150420966
18.5624 0.00012771840718697468
18.6244 0.00013422390316989046
18.6865 0.00014114598575811976
18.7489 0.00014836407674969688
18.8115 0.00015599007598105768
18.8743 0.00016401968232490359
18.9373 0.00017244862604141967
19.0005 0.00018115944405646783
19.0639 0.00018924627398397872
19.1275 0.0001976148500035508
19.1914 0.0002063170837885408
19.2554 0.00021535148362187363
19.3197 0.000224823635780736
19.3842 0.0002347299551800322
19.4489 0.0002450658166146009
19.5138 0.00025588175288068576
19.5789 0.0002671177185908185
19.6443 0.00027887728955626614
19.7099 0.0002911561938670554
19.7756 0.00030395042776594
19.8416 0.00031735990573966824
19.9079 0.0003313238705329673
19.9743 0.0003465397145969335
20.041 0.0004229439918845109
20.1079 0.0005707865530960741
20.175 0.000770958107850906
20.2423 0.001040999712375391
20.3099 0.0014056240005757212
20.3777 0.001897665932057121
20.4457 0.0025626669974933665
20.514 0.0034596964071507354
20.5824 0.004671112927506171
20.6511 0.006307786480409403
20.7201 0.008513889935895072
20.7892 0.011496941136080128
20.8586 0.015527503299852181
20.9282 0.02096000466548973
20.9981 0.02747797980842304
21.0682 0.02914799196164447
21.1385 0.029788907943913714
21.209 0.030445575081362693
21.2798 0.031117672075438776
21.3509 0.031805017098263874
21.4221 0.03250271166913126
21.4936 0.03322034331074811
21.5654 0.03395269586108274
21.6373 0.03469991305123057
21.7096 0.03546630160190943
21.782 0.03624718936977018
21.8547 0.03704700442927513
21.9277 0.03786062019959795
22.0009 0.0386489284710566
22.0743 0.03917825952441177
22.148 0.039664690628335636
22.2219 0.040162055477011724
22.2961 0.040660400672017136
22.3705 0.04116949719468451
22.4452 0.04168424638965428
22.5201 0.04220475884376608
22.5952 0.04273096342192033
22.6707 0.043267152692066255
22.7463 0.043809047839082765
22.8223 0.044356001966904306
22.8984 0.044908524395480966
22.9749 0.04546595888760048
23.0516 0.04591663507801788
23.1285 0.04630811148478471
23.2057 0.04672420160953553
23.2831 0.04712326775014408
23.3609 0.047518875788876314
23.4388 0.047911653134091396
23.5171 0.048301006737324015
23.5956 0.04873295097859567
23.6743 0.04916161536682315
23.7533 0.04958681291639522
23.8326 0.05000856204590519
23.9122 0.05042688118966341
23.992 0.05146967972762488
24.0721 0.058850184213764395
24.1524 0.06912059290776629
24.233 0.0811862634465128
24.3139 0.0953385799402945
24.3951 0.11199719465511374
24.4765 0.13157655468362486
24.5582 0.1545721177049476
24.6402 0.18156022919165196
24.7224 0.21328421191824873
24.8049 0.25051914310559903
24.8877 0.2942893878597232
24.9708 0.34560527814919845
25.0541 0.37618413237699944
25.1377 0.39277683064382063
25.2217 0.41010600595791424
25.3058 0.4280410588818177
25.3903 0.44695176624028626
25.4751 0.4669982574375539
25.5601 0.48732875891630334
25.6454 0.5087768640248634
25.731 0.5313307077730095
25.8169 0.5549785051616902
25.903 0.5792955236156175
25.9895 0.602614366433247
26.0763 0.6022584713562433
26.1633 0.5953221908550144
26.2506 0.5884251626769365
26.3382 0.5819756361402778
26.4261 0.5751552896250318
26.5144 0.5687772804054676
26.6028 0.5624394968952668
26.6916 0.5561353599045421
26.7807 0.5498668704272387
26.8701 0.5436338838066636
26.9598 0.5374362549312719
27.0498 0.532466818434008
27.1401 0.5287135205844418
27.2307 0.5249793319580983
27.3216 0.5212641854609162
27.4128 0.517568013636934
27.5043 0.5142818375314627
27.5961 0.5106221103255238
27.6882 0.5069811578033881
27.7806 0.5033589111908796
27.8733 0.499755301416299
27.9663 0.496170259122748
28.0597 0.49030187215569593
28.1533 0.48332276114673606
28.2473 0.47638315664355985
28.3416 0.4694846158975799
28.4362 0.4626269487198737
28.5311 0.45618697889341037
28.6263 0.4494092342625837
28.7219 0.4430447650430058
28.8178 0.43671797678540397
28.9139 0.43043018014602386
29.0104 0.42343662307092833
29.1073 0.4142664102762776
29.2044 0.4047859546054719
29.3019 0.3957300313828754
29.3997 0.3867302278756487
29.4978 0.37778626047954567
29.5963 0.3692600444421722
29.6951 0.3609316419980122
29.7942 0.3527632337428838
29.8936 0.34475347441542775
29.9934 0.3367923138686455
30.0935 0.3278798464998647
30.194 0.3189866222426402
30.2948 0.31029135803391567
30.3959 0.30186311870248783
30.4973 0.29366422662656283
30.5991 0.28569170923830567
30.7013 0.27790858991737805
30.8037 0.27034996171346953
30.9066 0.26301118700090736
31.0097 0.2558582198058118
31.1132 0.2489568961178474
31.2171 0.24223606330813344
31.3213 0.235694935188509
31.4258 0.2293319115237912
31.5307 0.22314469538671386
31.6359 0.21713245896327768
31.7415 0.21125907905167046
31.8475 0.20555717111050575
31.9538 0.19999220573705825
32.0604 0.1930196252290711
32.1674 0.18515463766298967
32.2748 0.1775728998464293
32.3825 0.17030561767647975
32.4906 0.1633493626124375
32.5991 0.1566682998892441
32.7079 0.15026039539316163
32.817 0.14412310801039904
32.9266 0.13822040719983322
33.0365 0.13238822957456273
33.1468 0.12649584410737413
33.2574 0.12083551689573044
33.3684 0.11546921919540072
33.4798 0.110297832738481
33.5915 0.10538396037010915
33.7036 0.1006929587361213
33.8161 0.09619096867678993
33.929 0.0919079726108976
34.0423 0.08781034483819647
34.1559 0.08395961573234097
34.2699 0.08025903273485444
34.3843 0.07673851511807286
34.499 0.07336542725439903
34.6142 0.07013798598106166
34.7297 0.0670552675048391
34.8456 0.06411572833875584
34.9619 0.0612872787364198
35.0786 0.05835426007559386
35.1957 0.055409499513161264
35.3132 0.05260551710306646
35.4311 0.049941007226240126
35.5493 0.04741480551584027
35.668 0.04502534822069862
35.787 0.042771613853312365
35.9065 0.04062212571865389
36.0263 0.03848657700805252
36.1466 0.036215889430466955
36.2672 0.034078622516500436
36.3883 0.03207332626680901
36.5097 0.030198935293350035
36.6316 0.02842173803027816
36.7539 0.026749692680152256
36.8765 0.025176041877073577
36.9996 0.02370843936231958
37.1231 0.022383617890326987
37.247 0.02114821737571916
37.3714 0.01997830814186577
37.4961 0.018873385824203847
37.6212 0.01782992403944875
37.7468 0.0168444505720309
37.8728 0.015913629351161914
37.9992 0.015000146359163698
38.1261 0.013931719874093224
38.2533 0.012909648478942881
38.381 0.011958656392212219
38.5091 0.011080895576163681
38.6376 0.01026731297843588
38.7666 0.009514496320277774
38.896 0.008813596267551129
39.0258 0.008177899371882286
39.1561 0.007612251480722922
39.2868 0.007088615581030111
39.4179 0.00660113197353463
39.5495 0.006146720595358752
39.6815 0.005725084009134345
39.8139 0.005330505483901643
39.9468 0.004965408142024069
40.0801 0.004626840150219838
40.2139 0.004317211917946123
40.3482 0.004028249204252854
40.4828 0.003757118535331682
40.6179 0.0035036313902088697
40.7535 0.0032702610671544326
40.8895 0.0030489314948407512
41.026 0.0028395224813143605
41.163 0.0026210176439136037
41.3004 0.0024180033846466988
41.4382 0.002231629404177931
41.5765 0.0020594021963795304
41.7153 0.0019006715344696168
41.8545 0.00175402802525903
41.9942 0.0016206325327561186
42.1344 0.0015082721199323153
42.275 0.0014060581913666994
42.4161 0.0013108464685883518
42.5577 0.0012218123983135417
42.6998 0.0011391495624647695
42.8423 0.0010617956399856057
42.9853 0.0009901981685059692
43.1288 0.0009243023790252948
43.2727 0.0008630615187456491
43.4171 0.0008059336366484824
43.5621 0.0007523842178159247
43.7075 0.0007026291717632476
43.8533 0.0006561415450010606
43.9997 0.000613131808435743
44.1466 0.0005745430423579062
44.2939 0.0005386338607891778
44.4418 0.0005051342763914681
44.5901 0.0004737825571837426
44.7389 0.0004440763289204285
44.8883 0.000416478555463615
45.0381 0.00039120992750513406
45.1884 0.0003691992957573816
45.3393 0.0003482789892443571
45.4906 0.0003286768875977217
45.6424 0.0003101440452094783
45.7948 0.00029266979690696773
45.9476 0.0002762454962159341
46.101 0.00026085999888673223
46.2549 0.00024603899923096134
46.4092 0.00023224141555099168
46.5642 0.00021920190859720936
46.7196 0.00020686880045327823
46.8755 0.00019523496484631598
47.032 0.00018447639410047812
47.189 0.0001748586975303686
47.3465 0.00016578013793622882
47.5045 0.00015716770935236078
47.6631 0.00014901673458409673
47.8221 0.0001412785343066338
47.9818 0.000133970779157191
48.1419 0.0001272690448423297
48.3026 0.00012096654690450144
48.4638 0.00011499319986653996
48.6256 0.00010930144694219509
48.7879 0.00010388890943718659
48.9507 9.875297592447832e-05
49.1141 9.404417056480071e-05
49.278 8.96276278775514e-05
49.4425 8.543513491652954e-05
49.6076 8.144293152083619e-05
49.7731 7.762786964951537e-05
49.9393 7.400937474160713e-05
50.1059 7.067193618471618e-05
50.2732 6.756964330049576e-05
50.441 6.459391622682814e-05
50.6094 6.17647164410541e-05
50.7783 5.905961925926176e-05
50.9478 5.6477359209612604e-05
51.1178 5.4143167859418104e-05
51.2884 5.1970653949149584e-05
51.4596 4.989557633615415e-05
51.6314 4.789620462676003e-05
51.8037 4.5992708032924895e-05
51.9766 4.416340788354972e-05
52.1501 4.249013445442535e-05
52.3242 4.090972027177365e-05
52.4988 3.938039222015449e-05
52.6741 3.790154192935525e-05
52.8499 3.649321705264157e-05
53.0263 4.399914710028428e-05
53.2033 0.00010301053626825134
53.3808 0.00026155657686142546
53.559 0.0006637660486278683
53.7378 0.0016852202047136981
53.9171 0.0044329574228991735
54.0971 0.006313145167049077
54.2777 0.00586011203131222
54.4588 0.00543966179837625
54.6406 0.0050494949286101825
54.823 0.004687371586812933
55.006 0.004354980182504112
55.1896 0.004048137735009768
55.3738 0.0037646575369063013
55.5586 0.0035023803191483885
55.7441 0.003257238539790432
55.9301 0.0030310049656115333
56.1168 0.002821570737685794
56.3041 0.0026287812205892896
56.492 0.0024486688057591467
56.6806 0.002279211350626744
56.8698 0.0021240957298846947
57.0596 0.0019850693275567603
57.25 0.0018696799283365838
57.4411 0.0017610265470814558
57.6329 0.0016586728559802879
57.8252 0.0015623792709028948
58.0182 0.0014835778026546476
58.2119 0.0014570214773755408
58.4062 0.0014365200168710872
58.6011 0.0014163235656833647
58.7967 0.0013964273339424024
58.993 0.0013770113809496048
59.1899 0.0013589825653105717
59.3874 0.001341603130693545
59.5857 0.0013245016507329097
59.7846 0.0013075004977268739
59.9841 0.0012907785084344129
60.1843 0.0012754036580059358
60.3852 0.0012602942814849518
60.5867 0.0012454503173662877
60.789 0.0012308655162131222
60.9919 0.0011865604015141866
61.1955 0.0009535781374402746
61.3997 0.0007405289292431454
61.6046 0.0005749824899087112
61.8103 0.0004463777600112239
62.0166 0.000365627358007961
62.2236 0.000377722049828004
62.4313 0.00040127595848933953
62.6396 0.00042638682247840115
62.8487 0.00045303700019133967
63.0585 0.0004817226725693623
63.269 0.000512252624241487
63.4801 0.0005449472538447311
63.692 0.0005797822929909245
63.9046 0.0006169044296866622
64.1179 0.0006564574608708385
64.3319 0.0006989175311063966
64.5467 0.0007442531916332524
64.7621 0.0007926026912415469
64.9783 0.0008338340705952985
65.1951 0.0007833787470100449
65.4127 0.0007159824541490542
65.6311 0.0006544337034510935
65.8501 0.0005981883238172277
66.0699 0.000514632106161842
66.2905 0.0003894358939208767
66.5117 0.0002945017827024955
66.7337 0.00022276085130201154
66.9565 0.00016916544592781538
67.18 0.00012943816154254478
67.4042 9.97718537244425e-05
67.6292 7.69021105214326e-05
67.8549 5.9287947806703114e-05
68.0814 4.641938092371533e-05
68.3086 3.705293147348229e-05
68.5366 2.9647319423698415e-05
68.7654 2.3714024174317194e-05
68.9949 1.9909022539379307e-05
69.2252 2.2732967837990007e-05
69.4563 2.7458266878676714e-05
69.6881 3.318607317869312e-05
69.9207 4.007541151865058e-05
70.1541 4.400528821641131e-05
70.3882 4.596783005940231e-05
70.6232 4.8008136370810056e-05
70.8589 5.014067752724785e-05
71.0954 5.239465922795637e-05
71.3327 5.47235592028128e-05
71.5708 5.7171642205549704e-05
71.8097 5.973764088877498e-05
72.0494 6.242029683028045e-05
72.2899 6.523324036980318e-05
72.5311 6.817517639504912e-05
72.7732 7.125932263254319e-05
73.0161 7.451371617419262e-05
73.2598 7.799528838298168e-05
73.5044 8.165765286549017e-05
73.7497 8.548452323549708e-05
73.9959 8.951752336710165e-05
74.2429 9.378355905376765e-05
74.4907 9.82801747160476e-05
74.7393 0.0001029761480914644
74.9888 0.00010789789094476177
75.239 0.00011290031504866763
75.4902 0.00011812450051144826
75.7422 0.00012358256190963133
75.995 0.0001289747581791371
76.2486 0.00013243941002552293
76.5031 0.00013561234594573198
76.7585 0.0001388607094264024
77.0147 0.0001421838207956251
77.2717 0.00014588708485775974
77.5296 0.0001498415451218998
77.7884 0.000153768004720014
78.0481 0.0001578044268226172
78.3086 0.0001623618710082446
78.5699 0.0001668873950326796
78.8322 0.00017165364300406454
79.0953 0.00017679448169776647
79.3593 0.0001824413436187519
79.6242 0.0001881837267829425
79.89 0.00019415512987460375
80.1566 0.0002004875185376035
80.4242 0.00020731034727545166
80.6926 0.0002142191038501916
80.9619 0.00022147817630874546
81.2322 0.0002292159755103272
81.5033 0.0002372960584953792
81.7753 0.00024571448344476053
82.0483 0.000293535435743482
82.3222 0.0005206997727727053
82.5969 0.0009620117614910506
82.8726 0.0018041800091891554
83.1492 0.0020892503427287147
83.4268 0.0016697067900203445
83.7052 0.001333892853069882
83.9846 0.0011409236451388528
84.2649 0.0016096980108185578
84.5462 0.002521654533737
84.8284 0.003949960984586296
85.1115 0.005189275534504711
85.3956 0.005242550373606941
85.6806 0.005282861957182041
85.9666 0.005325346846725634
86.2536 0.005393676710536579
86.5415 0.005468954227847923
86.8303 0.005546152709361984
87.1201 0.005657346122247589
87.4109 0.005815728930607044
87.7027 0.005980352230423071
87.9954 0.005827217289221001
88.2891 0.003952298944066534
88.5838 0.0025220762976988467
88.8795 0.001624153018461364
89.1761 0.0013208140334091875
89.4738 0.0012887685619994871
89.7724 0.0012569230275737127
90.0721 0.0012360216903259788
90.3727 0.0012354811579690008
90.6744 0.001237301810625814
90.977 0.0012402804752910995
91.2807 0.001251473291258517
91.5853 0.0012649284526583839
91.891 0.0012794496939161765
92.1977 0.0013323614157334574
92.5055 0.0014128132315125263
92.8142 0.0014985116709363396
93.124 0.0016252063322929804
93.4349 0.0018189635332113482
93.7467 0.0020389541944691673
94.0596 0.002343229689743519
94.3736 0.002882533331115092
94.6886 0.00356817603067873
95.0046 0.004282061705274789
95.3217 0.004285872151811672
95.6399 0.004172639133323651
95.9591 0.0041015902678369605
96.2794 0.004462217302935161
96.6008 0.004989651934578317
96.9232 0.00558455945161737
97.2467 0.00629601927867368
97.5713 0.007125052931979468
97.897 0.008071561706236994
98.2237 0.009193490706988655
98.5516 0.010515235242820204
98.8805 0.012183817900174664
99.2106 0.028428283759611723
99.5417 0.10149135738382084
99.874 0.37900317960321606
100.207 0.39105436811998795
100.542 0.2037020757487394
100.877 0.10929687320991126
101.214 0.16855382983816275
101.552 0.5082153675143649
101.891 1.5719361575751387
102.231 2.2411608378858827
102.572 2.327043539315042
102.915 2.4164909994989334
103.258 2.51367799605301
103.603 2.6153623454154307
103.948 2.7225805703895896
104.295 2.8414115748208193
104.644 2.9665933929770607
104.993 3.1626586093376186
105.343 3.8281221649053987
105.695 4.746572614105294
106.048 5.90738008313853
106.402 7.362690575105901
106.757 9.200215756740302
107.113 11.528577819920798
107.471 14.40275372009625
107.829 18.075846567343863
108.189 20.849294045660084
108.55 22.424912476988993
108.913 23.99952152409391
109.276 22.8271656143258
109.641 20.730154536987925
110.007 18.852230404600952
110.374 17.23024724372761
110.742 15.774285352652292
111.112 14.192177556827087
111.483 12.31170094720247
111.855 10.674403297355832
112.228 8.81593160643947
112.603 7.068041594214183
112.979 5.680172869570471
113.356 4.570018900875428
113.734 3.6866130141015945
114.114 2.9843380230440353
114.495 2.4154140364152723
114.877 1.9794654596613264
115.26 2.376051308660815
115.645 3.4880318169238125
116.031 4.5907393075903276
116.418 3.7051028587040915
116.807 2.833574639062181
117.197 2.282628950018174
117.588 1.9530389569559465
117.981 1.7012792185127572
118.374 1.6956309956523694
118.769 1.7361811773789497
119.166 1.7999018473938306
119.564 1.8973706329404334
119.963 2.0569423797669746
120.363 2.818673131737735
120.765 4.094580827745578
121.168 6.076612511905268
121.572 9.060296823070884
121.978 13.677487298039695
122.385 20.01293887691002
122.794 29.380686699701712
123.204 41.99487557420911
123.615 57.666265601110084
124.027 79.91126386479446
124.441 109.86467837535304
124.857 151.9713479627252
125.274 188.55906744619887
125.692 221.99253242962
126.111 183.1281489139202
126.532 55.28272114271821
126.954 19.402832025921693
127.378 21.06939935149544
127.803 31.66312484640051
128.23 41.11223534447839
128.658 47.93987785520055
129.087 57.98829761342115
129.518 76.70608640091979
129.951 101.39872482161
130.384 118.7168935645834
130.82 135.2595032207336
131.256 154.15075671757953
131.694 176.0180948874153
132.134 201.2379639588655
132.575 230.1021206776915
133.017 261.0372032854351
133.461 282.33309775029295
133.907 303.1619179585462
134.354 319.766887920133
134.802 335.3016904091798
135.252 351.52369452562465
135.704 368.66314271579034
136.157 386.79198467182897
136.611 405.8212407529637
137.067 344.1222238404783
137.524 121.07890681804926
137.983 47.56105422059644
138.444 48.28842326224956
138.906 60.610847829318494
139.37 83.04605407528813
139.835 118.84711056665323
140.302 191.51579721675614
140.77 339.65474432259634
141.24 419.02400905386287
141.711 379.3750097897524
142.184 356.32493105553493
142.659 353.8566888265581
143.135 362.22400358384346
143.613 395.0979169842124
144.092 411.0289088844456
144.573 367.9958741230135
145.056 326.6526952086954
145.54 290.75555143927795
146.026 259.2916342620087
146.513 231.77919563924257
147.002 209.56840145245985
147.493 201.14020255029857
147.985 195.09262182564018
148.479 189.73458207865016
148.974 184.69965822394758
149.472 180.05429700087814
149.971 166.47302976452534
150.471 99.08010395852345
150.973 58.33128394129244
151.477 57.69692993090266
151.983 63.96661286088011
152.49 70.96311104202911
152.999 78.81212742458901
153.51 87.58896042997293
154.022 97.42434164090416
154.536 108.44606972983803
155.052 127.85684784284126
155.57 185.92636604827268
156.089 258.08071562732164
156.61 280.64344527456797
157.133 300.31447312307284
157.657 321.55866134937
158.183 344.69780185634346
158.711 369.8477289627424
159.241 344.90694932827535
159.773 270.98080299079675
160.306 281.88952282188916
160.841 363.4785730022268
161.378 410.3938606758337
161.916 438.1944887854518
162.457 481.4946563192998
162.999 537.570584344294
163.543 622.0759050915952
164.089 725.6783777766891
164.637 845.4401390886886
165.186 800.9546096252382
165.738 512.3964014852484
166.291 363.72685635493303
166.846 291.98635186160027
167.403 251.88300213101155
167.962 226.26044170959136
168.522 211.08317637201654
169.085 200.2652847101753
169.649 195.41475877698096
170.215 193.69066055203015
170.783 196.00672879227184
171.353 199.56062071774053
171.925 203.46397947173674
172.499 203.3481602568751
173.075 210.19156970967083
173.653 249.56921179857815
174.232 254.66664184246852
174.814 203.36269291052204
175.397 164.35717338755754
175.983 135.14315582210997
176.57 114.8339934526395
177.159 102.06586576592663
177.751 98.82120894232133
178.344 137.57604261828973
178.939 241.95628586416916
179.537 285.72575499922993
180.136 291.64274079768853
180.737 253.23779634673537
181.34 249.5484812826771
181.946 261.96017284005757
182.553 184.135310233263
183.162 129.67006320025402
183.774 113.25905447210573
184.387 109.90732317831555
185.002 119.193745784329
185.62 171.06754204791028
186.24 209.42612994151307
186.861 187.89166370354516
187.485 199.19994763434323
188.111 244.9690965698016
188.739 382.6447136118043
189.368 460.272764143249
190.001 468.13718116742086
190.635 527.2374143804211
191.271 515.9238893062162
191.909 414.43853929762304
192.55 409.37184307766086
193.193 411.12731510739354
193.838 374.2993426418213
194.485 275.8222440637493
195.134 213.60666044039453
195.785 241.85031274630373
196.438 258.6237903200118
197.094 283.68665217009357
197.752 389.6279443492036
198.412 549.1835765057763
199.074 725.6672114633838
199.739 701.7098535281942
200.405 694.54718285045
201.074 706.6802119782525
201.745 695.2657596688534
202.419 612.1773183575503
203.094 535.9934096090443
203.772 584.3582009844293
204.453 632.9190541659153
205.135 607.2182616704416
205.82 425.78089739864004
206.507 400.71627852208536
207.196 437.74909960880547
207.887 479.343943999446
208.581 447.37402893983483
209.278 365.85621576841294
209.976 287.7469945127218
210.677 444.5059389820754
211.38 514.9827113782726
212.086 434.0465528095162
212.794 369.1628183045175
213.504 388.2388744681251
214.216 463.5749079645467
214.931 563.0273522220912
215.649 529.7282067497706
216.369 559.285442186479
217.091 651.072836688952
217.815 580.2646482872545
218.542 596.0535246569659
219.272 674.5211174780937
220.004 763.217564540995
220.738 689.0461916032825
221.475 680.9250851600735
222.214 713.5133397248411
222.956 718.3755854585141
223.7 720.314006643773
224.447 681.4936632983472
225.196 683.0482701758594
225.947 827.4070618869641
226.702 809.4680390794038
227.458 1384.668736807388
228.188 4954.341564920506
228.889 20917.448242863044
229.593 6990.145421814384
230.298 1863.6259958580454
231.006 950.3766885760576
231.717 620.6539742518357
232.429 985.7466736849174
233.143 1949.3075428704863
233.86 1361.9416223554888
234.579 1334.381121188545
235.3 3875.219318738115
236.024 16301.921759115887
236.774 8481.766990036002
237.552 5737.120269034727
238.332 7586.848057846112
239.114 10432.100795733693
239.9 5290.878516853378
240.688 18855.198886704147
241.478 22660.015256870887
242.271 17883.975263818622
243.067 25786.65725122083
243.865 22799.90769330998
244.666 27192.060175755625
245.47 32580.562702252573
246.276 29525.729407166193
247.085 19699.18382843581
247.896 20268.25588962843
248.71 29158.92650229098
249.527 38952.4436130144
250.352 38368.64164004407
251.187 33877.414352733955
252.024 48016.074596247294
252.863 46155.18356558794
253.706 55541.37000604712
254.551 52525.76081114494
255.399 27026.442140255276
256.25 16324.883835750526
257.104 44306.062646169165
257.961 60379.642953768205
258.82 40030.83707036821
259.683 37776.98982168842
260.548 45784.64307231252
261.416 43081.47332202646
262.287 38390.3003642208
263.161 49294.87961094479
264.038 41635.18434330954
264.918 34151.68969886678
265.801 38546.451527613215
266.686 41947.79648944256
267.575 37740.14612453363
268.466 42631.279401648986
269.361 51115.343599035004
270.258 44298.86879727823
271.159 42842.594406539494
272.062 53059.195405582854
272.969 56902.309697390774
273.878 66610.81243843265
274.791 66272.06209029992
275.707 65037.49981861548
276.625 57666.786996236566
277.547 43057.97012149239
278.472 36564.61430478276
279.4 38098.626170144176
280.331 42707.09869195636
281.265 53005.82128150671
282.202 58318.63817513942
283.142 56643.40844259706
284.086 53009.5642639122
285.032 48946.583868028494
285.982 37838.62202096292
286.935 49334.23447494762
287.891 43304.33544580792
288.85 47964.45583382218
289.813 29518.151029252025
290.778 34739.72097884926
291.747 32176.189243772467
292.719 29294.926164138084
293.694 29684.789628110804
294.673 34992.35008063607
295.655 38201.472341439585
296.64 47393.84082927703
297.628 47453.36021446787
298.62 50969.87626168716
299.615 46923.24798023042
300.613 43940.66645304925
301.615 39978.70359177989
302.62 32175.32548248173
303.628 37304.616768762346
304.64 105115.78512751186
305.655 150938.68855443023
306.674 114765.76811770162
307.695 76839.27871873148
308.721 56479.763961883866
309.749 65182.406475929485
310.781 63096.931507005065
311.817 48881.67642998935
312.856 35241.5829608389
313.898 52669.76121436926
314.944 61955.51540974327
315.994 56371.23200729663
317.047 50518.10836610611
318.103 55963.67988312342
319.163 65551.5699723389
320.226 64527.79201508305
321.293 71745.87522128853
322.364 56592.03908939292
323.438 61026.8644108248
324.516 86976.86443108604
325.597 88505.1106601257
326.682 82020.90413839124
327.77 83061.34792030172
328.862 85696.60720152642
329.958 79054.95775909047
331.058 66672.89299064636
332.161 67034.4015662348
333.268 64100.535767710826
334.378 61603.74479034829
335.492 50433.903662553836
336.61 62473.491511263615
337.732 87936.7124522066
338.857 93580.86347551671
339.986 87163.88915894696
341.119 88860.98223171454
342.255 79514.57650811474
343.396 66564.04919256119
344.54 52075.37756876851
345.688 60210.56408251592
346.84 69779.74388216255
347.995 63118.80445745646
349.155 47197.23211870277
350.318 55914.38127807756
351.486 71244.43967094854
352.657 60027.27325216496
353.832 50069.41560243657
355.011 59962.53912939616
356.194 59159.41447025042
357.381 63267.00596932017
358.571 67256.84276661911
359.766 71279.09286903746
360.965 66512.78411243347
362.168 51916.73640891032
363.374 53342.94238051256
364.585 49448.28664910344
365.8 52077.591492480504
367.019 53340.71967805778
368.242 72880.82159543959
369.469 82158.97923265598
370.7 81421.87725187598
371.935 70653.29964434293
373.174 63644.91662303624
374.418 45707.71292646781
375.665 56522.640793269646
376.917 50142.047764400624
378.173 44343.6693175418
379.433 51680.60624847744
380.697 56255.86878671456
381.966 43368.264664461065
383.238 50465.798914425075
384.515 48703.65061538521
385.796 48374.644802071394
387.082 38960.1901498461
388.372 49743.2837440945
389.666 53359.94473844727
390.964 64683.258556772875
392.267 63782.85675847841
393.574 47199.996609633934
394.885 49985.20321437469
396.201 63611.077453035905
397.521 63183.37772734121
398.846 67881.9024312705
400.174 64888.005909171145
401.508 61725.45533569293
402.846 58209.446325432975
404.188 69965.38062233599
405.535 67186.633109207
406.886 67465.84334172092
408.242 57993.375842068024
409.602 61608.68934509044
410.967 70119.9816909994
412.336 75391.54088335505
413.71 76857.17931677513
415.089 64759.13841647888
416.472 49124.793142935865
417.859 53518.10894132824
419.252 66912.68768396709
420.649 68480.47158213251
422.05 65857.40821139427
423.456 74605.64445691132
424.867 72864.13607328713
426.283 60383.8383200702
427.703 62874.383932799836
429.128 71564.11263036238
430.558 71276.46281043944
431.993 60432.296362160836
433.432 54002.51046116906
434.877 64780.61845638168
436.326 66192.56763502484
437.779 70887.05323100621
439.238 58700.81880621536
440.702 59823.8446924193
442.17 66947.62680515702
443.643 56444.98644672184
445.122 52680.93379885823
446.605 59779.76820739931
448.093 60181.38869961743
449.586 58713.47835296477
451.084 62453.11519019938
452.587 59631.34658459621
454.095 65142.13742571778
455.608 59637.308569153465
457.126 57250.88652295833
458.649 55981.946979672
460.177 59746.431556008654
461.711 52908.19472395377
463.249 63831.68073601632
464.793 66952.20512537095
466.341 71320.09551440015
467.895 66715.23718421634
469.454 63377.50854220234
471.018 62413.44549133809
472.588 61591.54991667586
474.163 60887.883788628315
475.742 57294.26429239955
477.328 58929.236316004855
478.918 57812.72135333003
480.514 57195.37205803975
482.115 58812.65598114169
483.721 60440.846877956144
485.333 57070.73186893658
486.95 54583.88028481003
488.573 50285.48777741242
490.201 52729.73739571998
491.834 59596.94382254828
493.473 59355.40549921523
495.117 59049.693088001055
496.767 56991.38054286656
498.422 56543.16550535165
500.083 57538.39265760885
501.749 57947.61427898124
503.421 58225.229515692066
505.098 64697.5971186715
506.78 59855.72170962785
508.468 68944.04573354809
510.161 68145.96209751168
511.86 62813.17602835739
513.565 66311.90777440967
515.276 65569.82915923234
516.992 64956.872473569034
518.713 60490.24273171516
520.441 62314.891665413765
522.174 62025.68115806162
523.913 63544.43302120454
525.658 60018.45549565669
527.409 61552.788079833794
529.165 64641.59131253859
530.928 65845.1455198697
532.696 65424.67968606585
534.47 59491.80244942287
536.25 58371.61566942428
538.036 57518.10339084522
539.828 49854.909121637356
541.626 46015.33206789499
543.43 40854.70825741533
545.24 54351.298546683545
547.056 54190.53743062176
548.878 54833.74610906349
550.706 53401.65695215154
552.54 46371.81176931473
554.38 51864.17036200807
556.226 64049.401095647074
558.079 61735.82959241724
559.937 59437.04008198395
561.802 56348.5846071405
563.673 60817.8217552852
565.551 59664.88042571345
567.434 55846.17313135659
569.324 57134.48609001547
571.22 61162.981286489274
573.123 60340.5369244236
575.031 55632.13619107102
576.946 54384.76959385481
578.868 54817.4089858623
580.796 54005.74152205538
582.73 57075.29157977258
584.671 54310.12852515877
586.618 56586.986611331355
588.572 59506.00975052887
590.532 59873.17630122547
592.499 59547.324421050325
594.472 56526.96285772984
596.452 56465.55471241233
598.438 54103.25114377293
600.432 56843.69136143993
602.431 56137.2657864719
604.438 54135.66554329258
606.451 44750.46624940419
608.47 44000.9199395746
610.497 53527.90744171837
612.53 48485.856643607076
614.57 54783.4037038503
616.617 49978.723868085035
618.671 56228.47267729314
620.731 48902.335952466
622.798 46460.202812440424
624.873 43104.10136366945
626.954 45225.74804267638
629.042 55626.33543663352
631.137 65752.85469317075
633.239 55206.69355578758
635.348 57139.724296187116
637.464 55498.88275670509
639.587 53548.765323731444
641.717 47286.32601763346
643.854 55081.730948382894
645.998 51685.24385974986
648.15 50882.99376828866
650.309 50515.57476566753
652.474 54057.28587973683
654.647 48866.340036825575
656.828 53093.014335797954
659.015 49962.48838896516
661.21 52106.698390990176
663.412 53603.79737404882
665.622 52213.8023451391
667.839 50671.40795178931
670.063 51049.0322057769
672.294 47599.65064561076
674.533 52735.98037244281
676.78 52894.66026576898
679.034 52560.6698989186
681.295 52323.08386812226
683.564 50324.01782107337
685.841 43820.66746759178
688.125 43034.31610461583
690.417 50681.40166845663
692.716 54721.33844887951
695.023 48782.38873451659
697.338 51582.093870557575
699.661 47459.700536429016
701.991 41693.94873696283
704.329 54093.99007551689
706.675 51935.62058807203
709.028 51596.385197056356
711.39 51969.41242551611
713.759 52128.472014423
716.136 51354.63243635732
718.521 46588.223814377816
720.914 51342.527410478695
723.315 51216.712885472145
725.724 51239.38688321949
728.141 51098.847690958966
730.566 48043.390393551934
732.999 50598.763683122655
735.44 50679.46509145199
737.89 50729.85835645519
740.347 50779.43796413301
742.813 50567.41694514572
745.287 50284.09415816276
747.769 49829.49170372799
750.259 47857.62573350266
752.758 48541.83589319348
755.265 46030.747048557336
757.781 45466.26273700003
760.304 41424.74346271161
762.837 32389.576994241248
765.377 44607.46523162387
767.926 44389.36146363342
770.484 46629.29752635609
773.05 50203.61320660073
775.624 49634.82442889937
778.208 47645.47082002851
780.799 44828.512742438594
783.4 38185.05778779465
786.009 38455.17849983952
788.627 46811.40409867464
791.253 61569.12499883166
793.888 49983.36014477344
796.532 48669.57848416981
799.185 47417.7944529759
801.847 42592.02134775969
804.517 48534.15022991103
807.197 48439.63997113438
809.885 48371.84099118659
812.583 48423.034252484846
815.289 47602.633163654464
818.004 47812.83305562349
820.728 47339.59325083661
823.462 47783.303227091106
826.204 47637.73967087956
828.956 43262.35400308585
831.717 36781.55147636133
834.487 44187.279945542046
837.266 49950.38399273139
840.054 47236.47505828661
842.852 47232.811121340055
845.659 47241.388603356674
848.476 45740.72005497231
851.302 45550.97170475957
854.137 44518.232508990186
856.981 46039.87800489362
859.836 46137.20894863836
862.699 43764.68957796317
865.573 45682.28640788426
868.455 46955.07029606286
871.348 46428.82846163962
874.25 46545.39613788665
877.161 46341.8757483945
880.083 46016.90218150185
883.014 46266.15427313119
885.955 46416.10191899901
888.905 46407.2730789866
891.866 46337.62633808662
894.836 46171.80894218771
897.816 46042.51881977649
900.806 45973.2799871047
903.806 44523.420204494185
906.817 45953.22479984767
909.837 48673.581466874944
911.553 125909.50752178479
913.273 270543.0659348958
916.322 271755.8565275168
919.38 199950.75175330497
922.449 152058.6945016937
925.528 252084.4289836509
928.618 208502.58227248886
931.718 226511.65216271268
934.828 274200.5748658539
937.948 178446.01813389742
941.079 269293.10529352556
944.22 271245.30564873305
947.372 233328.24363454754
950.534 159561.2710750231
953.707 257155.5532219411
956.891 264393.5633571915
960.085 247492.51098535451
963.29 266433.8607815621
966.505 259871.59401710707
969.731 251797.03308586546
972.968 160414.966896696
976.216 232053.6885333937
979.475 267522.2810980505
982.744 252403.244090306
986.025 218508.86113562723
989.316 198863.32800635434
992.618 251084.5083063746
995.932 194842.1337468958
999.256 247478.9342837169
1002.59 254917.17576179947
1005.94 231933.51232516897
1009.3 206542.54782239388
1012.67 246431.4151872095
1016.05 235130.79318505208
1019.44 221687.09522158367
1022.84 216533.28949850216
1026.25 152820.06651909222
1029.68 195559.8059421399
1033.12 215732.2199623189
1036.57 173713.2112434125
1040.03 237880.03827498687
1043.5 244510.92117386026
1046.98 242157.1113937712
1050.48 239916.72852382035
1053.98 238099.45395022145
1057.5 236900.04489111586
1061.03 208232.6405266804
1064.57 206125.61980017845
1068.13 208862.5949917337
1071.69 220012.5233513906
1075.27 221480.81752675914
1078.86 222538.4861533892
1082.46 216929.1474010386
1086.07 216505.21941247137
1089.7 208479.32560196798
1093.33 221068.99557253352
1096.98 203271.56132107758
1100.65 217839.61515456406
1104.32 212440.22782769357
1108.01 197073.57204847204
1111.7 203579.5548297794
1115.42 208204.5640952574
1119.14 209242.56785797948
1122.87 178659.20117985943
1126.62 158682.7043477712
1130.38 175949.67817940097
1134.16 201919.08316938244
1137.94 194536.920734066
1141.74 189367.24959704548
1145.55 183291.27582775953
1149.38 195033.90183731136
1153.21 189535.8356816861
1157.06 185837.32459782332
1160.92 186423.95346447677
1164.8 188019.30466052247
1168.69 181871.07876090845
1172.59 173927.46910266913
1176.5 124069.18993812957
1180.43 183707.26011544923
1184.37 147494.10306943103
1188.32 181220.2382781843
1192.29 170963.47763092365
1196.27 165629.02477430465
1200.26 161852.13907641935
1204.27 163367.57721269687
1208.29 147601.0257224562
1212.32 149151.10460295796
1216.37 117261.07039464914
1220.43 149834.5877209098
1224.5 150917.77737989146
1228.59 155843.63044971655
1232.69 157943.12718523105
1236.81 158634.58490577395
1240.94 166601.39370859563
1245.08 167948.07644512097
1249.23 159382.28326367517
1253.4 162027.35039963303
1257.59 160290.04165391927
1261.79 158307.2676314046
1266.0 154807.03669530852
1270.22 155393.608755242
1274.46 155298.6370429105
1278.72 154949.506902807
1282.99 153930.7679433264
1287.27 153001.1611479986
1291.57 151492.37726541035
1295.88 148747.3538757565
1300.2 143868.41229249252
1304.54 137123.18106214516
1308.9 147349.90235391562
1313.27 146531.9562534291
1317.65 145391.79006924605
1322.05 141002.46750088857
1326.46 141344.6124759119
1330.89 140227.55048170727
1335.33 119461.66829797837
1339.79 140339.75915436173
1344.26 136352.26138866684
1348.75 136536.3639655444
1353.25 135923.3610918
1357.77 132143.51906098606
1362.3 132651.61923345306
1366.85 131108.29525872288
1371.41 129260.52811700235
1375.99 129299.32511725175
1380.58 129336.92786454702
1385.19 126654.50559563373
1389.81 114469.23286365766
1394.45 127664.77436882792
1399.11 117398.67812497403
1403.78 126816.2707964297
1408.46 122194.4541128224
1413.16 121788.0500719988
1417.88 111065.10478204604
1422.61 112056.84149402477
1427.36 115527.3105975938
1432.13 114842.08629976475
1436.91 115657.80533288761
1441.7 114602.03981837831
1446.52 114294.53243417363
1451.34 111765.61370282667
1456.19 112427.52202584018
1461.05 111390.942845272
1465.93 110726.61862570878
1470.82 104434.67300517613
1475.73 108023.27206048166
1480.66 108099.48319057962
1485.6 107812.43068893948
1490.56 107309.34315320336
1495.53 105370.37506361776
1500.53 101363.30379407635
1505.53 102741.4055214586
1510.56 99906.95469650469
1515.6 99716.66797796372
1520.66 99243.38740175457
1525.74 97573.43369537413
1530.83 89589.94102491619
1535.94 96785.39410740683
1541.07 73848.10103063582
1546.21 53295.80362763195
1551.37 101647.01088032972
1556.55 90528.27611547455
1561.75 89262.59688182751
1566.96 83611.38327669915
1572.19 85454.20522044193
1577.44 85306.17925662862
1582.7 87877.14786669589
1587.99 89277.84066130179
1593.29 88778.32625583923
1598.61 85925.96187952167
1603.94 81415.4071456271
1609.3 83149.45358410638
1614.67 86137.20570061968
1620.06 82597.19742040566
1625.47 81395.83514033147
1630.89 75057.418401774
1636.33 85325.69419447411
1641.8 89824.17436323377
1647.28 84170.81305334868
1652.78 79204.81061528558
1658.29 77774.0530180394
1663.83 78743.43721369162
1669.38 75517.64464358853
1674.95 76229.82141137731
1680.55 77960.00900851299
1686.16 76998.89950152018
1691.78 75344.31597012423
1697.43 74649.93732776189
1703.1 73643.50191531017
1708.78 70754.84590756064
1714.49 67068.52872344264
1720.21 67595.88469858521
1725.95 69053.79969380572
1731.71 71370.85415747583
1737.49 70019.0673578526
1743.29 69107.37776722295
1749.11 68692.93631403832
1754.95 67790.12113192644
1760.81 65365.30804662629
1766.69 66852.55651884347
1772.58 65113.330181517646
1778.5 65985.25685836474
1784.44 65102.52547960618
1790.39 62783.37781067755
1796.37 64670.1684880222
1802.37 64454.88471669438
1808.38 63407.92480533995
1814.42 60706.91490252385
1820.48 60682.094441582354
1826.55 60421.545010258145
1832.65 60631.29173173322
1838.77 59610.5055470848
1844.9 58946.002103428036
1851.06 56105.80687915796
1857.24 55919.11378267436
1863.44 58070.90543725056
1869.66 57820.18216010682
1875.9 56802.13645178722
1882.16 54487.21854166678
1888.45 52426.051514768085
1894.75 50906.27093053177
1901.07 52966.364792618784
1907.42 55085.2531234153
1913.79 53125.79749924488
1920.18 51105.985039846564
1926.59 51136.94603195387
1933.02 49152.76049321382
1939.47 48911.64923296437
1945.94 52303.35274808303
1952.44 45088.309719904326
1958.96 49638.52782826418
1965.49 50206.96021424137
1972.06 50361.50984736054
1978.64 49443.812341983896
1985.24 48428.76162030939
1991.87 45815.844882083285
1998.52 46976.6744681471
2005.19 46396.625795528154
2011.88 46279.77138512361
2018.6 47100.8663622843
2025.34 46322.73282894055
2032.1 45332.28529574035
2038.88 43203.13238385408
2045.69 44684.091771485415
2052.51 44829.09739730823
2059.37 43546.31905027269
2066.24 43547.29777955592
2073.14 42494.360814920794
2080.06 43149.37042101067
2087.0 41691.586032364154
2093.97 40643.57054554474
2100.96 41680.79570875846
2107.97 39863.35427449438
2115.01 41124.18862056753
2122.07 41088.74951129615
2129.15 40679.30625958814
2136.26 39990.03687136811
2143.39 39751.62104923821
2150.54 39589.44604165083
2157.72 39358.00511158171
2164.92 38496.725470985955
2172.15 38507.24692498974
2179.4 37589.45416156696
2186.68 37744.701569370285
2193.97 37344.72806135522
2201.3 36853.88913180174
2208.65 36414.68114795179
2216.02 36099.41269272135
2223.42 35432.586683754605
2230.84 35493.140257183644
2238.28 35341.52145217228
2245.76 34687.356899263475
2253.25 34419.29063726194
2260.77 34123.99973301843
2268.32 33650.01912094734
2275.89 33353.76621689994
2283.49 33313.4160303604
2291.11 33024.21124222463
2298.76 32268.56494889873
2306.43 32282.51393421654
2314.13 31821.831577874294
2321.86 31340.635731721562
2329.61 30668.439609462304
2337.38 30874.824580134988
2345.18 29593.35523867145
2353.01 29796.59333878371
2360.87 29797.628773819022
2368.75 29771.15940647424
2376.65 29029.51342714876
2384.59 28702.79805289648
2392.55 28854.577579086348
2400.53 28082.035718744588
2408.55 28122.50854476447
2416.59 27788.582342332924
2424.65 27607.48054424706
2432.75 27082.243735059175
2440.87 26983.33594020174
2449.01 26542.270220277376
2457.19 26878.539234756965
2465.39 26160.860478340044
2473.62 26012.9409787922
2481.88 25479.958210531575
2490.16 25308.842075410586
2498.47 25513.118052656573
2506.81 25170.779818921983
2515.18 25048.526519930765
2523.58 24351.357565380036
2532.0 24346.847620768745
2540.45 24071.09505141695
2548.93 23682.949235381457
2557.44 23806.031733710304
2565.98 23575.88885929378
2574.54 23372.159897922014
2583.14 23136.109073299063
2591.76 23030.107886623122
2600.41 22606.03363001438
2609.09 22279.339456908023
2617.8 22324.373103425085
2626.54 22102.65421743311
2635.31 21718.887684662517
2644.1 21878.570981528523
2652.93 21753.04037670699
2661.79 21373.508016255408
2670.67 21213.831791810226
2679.59 20958.556868408807
2688.53 20768.836742548916
2697.5 20544.2566340679
2706.51 20364.58271683038
2715.54 20118.613108835376
2724.61 19941.097309375382
2733.7 20221.05430175801
2742.83 19557.642703608417
2751.98 18984.486762227687
2761.17 19283.59862297373
2770.39 19052.465224224587
2779.63 18869.16739131199
2788.91 18671.388420234285
2798.22 18178.727860281673
2807.56 18298.32354452412
2816.93 18229.820407521365
2826.34 18009.280464613184
2835.77 17858.356195000022
2845.24 17572.082932879533
2854.73 17411.931905129062
2864.26 17335.221398290192
2873.82 17101.634710872608
2883.42 17082.00196826156
2893.04 16824.422877834604
2902.7 16772.138005148
2912.39 16646.159721584645
2922.11 16461.94949358818
2931.86 16238.436515486648
2941.65 16063.724051319063
2951.47 15933.74309393643
2961.32 15840.787842544278
2971.21 15704.793494123973
2981.12 15544.339283927371
2991.08 15442.230891640073
3001.06 15294.10245011753
3011.08 15182.47820484925
3021.13 15028.719170156679
3031.21 14893.57561675893
3041.33 14752.060149313374
3051.48 14614.864743534003
3061.67 14446.76997057641
3071.89 14286.654214224855
3082.14 14204.24249502305
3092.43 14021.321610048883
3102.75 13912.283082948594
3113.11 13834.887527310757
3123.5 13682.110239641232
3133.93 13561.064089614236
3144.39 13481.743464341223
3154.89 13331.179202828907
3165.42 13147.507227496204
3175.98 13056.376166514356
3186.58 12911.676727322627
3197.22 13006.647166258057
3207.89 13017.03563829911
3218.6 12602.756811320945
3229.34 12444.261426818064
3240.12 12299.944390779861
3250.94 12222.61036619449
3261.79 12115.99779348966
3272.68 11986.937789948779
3283.6 11897.935860221192
3294.56 11815.910490305234
3305.56 11691.983752700125
3316.6 11578.469347334103
3327.67 11452.674862877395
3338.77 11350.16489902016
3349.92 11232.111344028941
3361.1 11140.344472850318
3372.32 11004.399473083868
3383.58 10942.346104023054
3394.87 10848.923281217132
3406.2 10759.151416186183
3417.57 10660.407556469567
3428.98 10577.880208393293
3440.43 10467.639415920921
3451.91 10435.943376498604
3463.43 10323.587216850692
3475.0 10239.68796363092
3486.6 10184.024349868085
3498.23 10051.771123273933
3509.91 9960.093398569586
3521.63 9871.966154771699
3533.38 9784.340466828913
3545.18 9715.363794801431
3557.01 9610.474644939013
3568.88 9503.160316536958
3580.8 9405.43818122424
3592.75 9323.256673421622
3604.74 9277.325767787168
3616.77 9163.193066383417
3628.85 9100.08374860527
3640.96 9037.318738889993
3653.12 9943.588713822392
3665.31 9904.649143492335
3677.55 9789.785060886821
3689.83 9763.034421848513
3702.14 9814.831267129643
3714.5 10271.570618161571
3726.91 10805.950290321078
3739.35 11267.653557591635
3751.83 11020.879597889281
3764.36 12118.61959206482
3776.92 11548.59371864458
3789.53 12532.028934120422
3802.19 10840.959342147322
3814.88 12646.128675185393
3827.62 11968.917002871194
3840.39 10607.083935162143
3853.21 12364.001016672371
3866.08 12392.399532281857
3878.99 11882.510228150739
3891.94 10032.669810047773
3904.93 11861.423245998418
3917.97 11992.163857622856
3931.05 11415.942233999498
3944.17 11658.871726971602
3957.34 11429.800913162806
3970.55 9224.492401231166
3983.81 11191.851730515926
3997.11 11404.884271993435
4010.45 11356.219494624727
4023.84 11171.402464892022
4037.27 11150.226723663767
4050.75 11014.869028625342
4064.27 10964.994351369787
4077.84 10728.031038111572
4091.46 10411.011034651956
4105.12 8796.330022310962
4118.82 10326.184552255789
4132.57 10328.267448163484
4146.37 10299.081234516441
4160.21 10257.061923125151
4174.1 10055.425350325342
4188.04 10060.481831735198
4202.02 9963.014146593345
4216.05 9917.102875678835
4230.12 9756.973874590212
4244.25 9681.406067147156
4258.41 9613.84999324972
4272.63 9483.668506916736
4286.9 9384.351791805406
4301.21 9160.565879659285
4315.57 9070.263850659287
4329.98 8791.656326528364
4344.43 7591.286408324289
4358.93 8804.830127408175
4373.49 8893.57382543062
4388.09 8702.195929508876
4402.74 8700.11443144404
4417.44 8649.24757018173
4432.18 8659.31396903179
4446.98 8540.997049755433
4461.83 8469.17605766618
4476.72 8344.895103396533
4491.67 8367.410770020837
4506.67 8377.749853931891
4521.71 8219.045351500343
4536.81 8106.334859613513
4551.95 8015.569630164242
4567.15 7979.4720291245485
4582.4 7901.274425336403
4597.7 7874.9809527941225
4613.05 7858.103950070228
4628.45 7785.477627677038
4643.9 7720.198819942195
4659.4 7646.036436843239
4674.96 7744.836303767633
4690.57 7852.070042597298
4706.23 7515.098746250771
4721.94 7403.531476590845
4737.7 7301.708881691308
4753.52 7279.671231811666
4769.39 7169.745196313785
4785.31 7130.157642133865
4801.29 7079.54219925266
4817.32 7013.559259059519
4833.4 6901.207077368568
4849.54 6651.995556774428
4865.73 5798.642241280513
4881.97 6636.450993775495
4898.27 6686.835001911721
4914.62 6616.437798580456
4931.03 6570.423351324603
4947.49 6548.563950221659
4964.01 6485.599098729646
4980.58 6407.869471170098
4997.21 6362.867210932308
5013.89 6236.576595731322
5030.63 6252.173515735315
5047.43 6171.692554823741
5064.28 6189.390279158875
5081.18 6082.009252926851
5098.15 6051.21478389699
5115.17 5978.5080504093385
5132.25 5899.926839640076
5149.38 5848.966311858034
5166.57 5729.571484454152
5183.82 5770.6815188332785
5201.13 5670.818820893044
5218.49 5670.505360628036
5235.91 5622.877927361055
5253.39 5606.21606119125
5270.93 5475.319348922273
5288.53 5548.625637592425
5306.18 5481.516673372755
5323.9 5396.597515953544
5341.67 5408.850582490557
5359.51 5388.839327834046
5377.4 5314.901767480621
5395.35 5267.314148046564
5413.36 5253.764138865326
5431.44 5170.921157563376
5449.57 5161.61357909816
5467.76 5130.671085943525
5486.02 5046.928900203447
5504.33 5028.186220673837
5522.71 4980.2887095650285
5541.15 4985.0686472626085
5559.65 4937.524328678866
5578.21 4888.3144428135965
5596.83 4799.018865331417
5615.52 4825.187784427352
5634.26 4778.592487099945
5653.07 4732.247523120711
5671.95 4708.909635190376
5690.88 4664.893765029449
5709.88 4590.971308136736
5728.95 4626.384264013625
5748.07 4567.954418285394
5767.26 4549.024754044166
5786.52 4494.846535898361
5805.83 4478.044095651114
5825.22 4453.905539463176
5844.66 4411.48505658232
5864.18 4349.108997240848
5883.76 4305.384991672007
5903.4 4289.239315233189
5923.11 4254.989776987137
5942.88 4233.594822335357
5962.72 4208.684333231384
5982.63 4169.506303533841
6002.6 4130.546887344798
6022.64 4090.012248812584
6042.75 4092.421661604564
6062.92 4043.323760599067
6083.16 4005.1150625458677
6103.47 3967.114279769007
6123.85 3931.077160194885
6144.29 3881.2357068688625
6164.81 3847.378628169801
6185.39 3839.7947608614695
6206.04 3821.8184608425777
6226.76 3759.004058965727
6247.55 3710.338770894713
6268.4 3706.5774541135997
6289.33 3704.504273695384
6310.33 3652.970207179887
6331.39 3640.819391551216
6352.53 3615.1571873023163
6373.74 3596.376379777595
6395.02 3560.860675355021
6416.37 3530.5713916952336
6437.79 3517.153516265529
6459.28 3468.815407340201
6480.85 3467.2287947783566
6502.48 3407.7225317290136
6524.19 3409.572775859862
6545.97 3357.147219163095
6567.83 3036.434080557132
6589.76 3310.353579862967
6611.76 3310.7269443847285
6633.83 3289.983649187614
6655.98 3266.106453305208
6678.2 3235.9108338235733
6700.49 3228.3568784589716
6722.86 3195.214570853889
6745.31 3168.633314004239
6767.83 3146.9640348410862
6790.42 3133.3267093660743
6813.09 3099.2185598643664
6835.84 3079.4628352494224
6858.66 3059.8069415011837
6881.56 3043.3722843638025
6904.53 3027.0159557531993
6927.58 2990.5479043308637
6950.71 2955.8352816107504
6973.91 2930.5780544514937
6997.2 2910.062771444639
7020.56 2878.9296685189856
7044.0 2872.403708648867
7067.51 2849.150846373088
7091.11 2829.050137832141
7114.78 2799.9839204023992
7138.53 2777.106767321595
7162.37 2760.3540233841313
7186.28 2725.7237709320502
7210.27 2710.687355725047
7234.34 2706.129045016005
7258.49 2677.860198173283
7282.73 2651.223094802222
7307.04 2635.0422118869697
7331.44 2620.403678368319
7355.91 2599.988219447595
7380.47 2581.134123971694
7405.11 2555.114436830723
7429.83 2545.165480538192
7454.64 2523.7083503421645
7479.52 2522.504163643808
7504.49 2485.4437598034583
7529.55 2481.4574199208328
7554.69 2471.7759552162197
7579.91 2442.2653719272607
7605.21 2442.6270235325605
7630.6 2413.3544006831444
7656.08 2381.437950486486
7681.64 2386.1166481939963
7707.28 2344.683220043039
7733.01 2345.2277752761493
7758.83 2327.7186719029582
7784.73 2304.7749360020844
7810.72 2298.4830095811894
7836.8 2279.853283505527
7862.96 2262.6921460631524
7889.21 2223.8038359482875
7915.55 2194.66107342659
7941.98 2169.750280670507
7968.49 2176.0307893470904
7995.1 2158.0251134050254
8021.79 2146.822181710948
8048.57 2130.323813256228
8075.44 2103.2551734484337
8102.4 2084.308517525679
8129.45 2073.4036690357416
8156.59 2063.8671561446195
8183.82 2042.5419097145727
8211.14 2026.5759634098222
8238.56 2038.1100224951572
8266.06 2026.1243212265297
8293.66 2005.1150313782384
8321.35 1971.2971098485552
8349.13 1959.5846159813466
8377.0 1936.3722787568393
8404.97 1932.488019499298
8433.03 1913.30252337845
8461.18 1913.2935009051446
8489.43 1886.6537215276935
8517.77 1896.793506848757
8546.21 1743.2201756908032
8574.74 1933.115080559646
8603.37 1857.9167033373428
8632.09 1930.240788302473
8660.91 1735.0376806040365
8689.83 1881.5178294369227
8718.84 1898.6982162504478
8747.94 1792.7831382613324
8777.15 1866.476014985879
8806.45 1849.2730134686449
8835.85 1837.0329061944838
8865.35 1742.3467291609682
8894.95 1823.6179606570067
8924.65 1810.3175843121176
8954.44 1799.4898987118345
8984.34 1779.134007394132
9014.33 1667.0129891317831
9044.42 1755.4225232205663
9074.62 1741.2830732415423
9104.92 1714.222964194573
9135.31 1704.987906923465
9165.81 1669.9754249417012
9196.41 1646.8739512372365
9227.11 1548.1334968044061
9257.92 1611.5324984224821
9288.83 1624.698153441845
9319.84 1621.6006067421952
9350.95 1600.1011071608127
9382.17 1589.0441467957821
9413.49 1563.1888993134608
9444.92 1556.8481730650744
9476.45 1550.533144974468
9508.09 1541.9795086642898
9539.83 1470.3237970109828
9571.68 1510.383137603707
9603.64 1514.3171829596406
9635.7 1493.6501053606632
9667.87 1487.5673437035523
9700.14 1480.4007411301584
9732.53 1464.4217068471867
9765.02 1460.6508557682355
9797.62 1445.9098428109662
9830.33 1449.852466248992
9863.15 1437.393917680869
9896.08 1427.1760832482805
9929.12 1418.0936672838786
9962.27 1409.0559374009908
9995.53 1396.834316752026
10028.9 1372.8803824127938
10062.4 1323.4120900555865
10096.0 1364.8213839374157
10129.7 1357.0951575145066
10163.5 1344.1150997840139
10197.4 1338.5919147628163
10231.5 1326.7713254395692
10265.6 1321.3162592719827
10299.9 1309.6057064452161
10334.3 1289.6333994588717
10368.8 1286.3798187910174
10403.4 1277.965719367742
10438.1 1270.6257546596519
10473.0 1258.174896332764
10508.0 1251.9368518450774
10543.0 1242.6794379138437
10578.2 1228.3756275548592
10613.5 1220.2361674462593
10649.0 1212.127905247529
10684.5 1196.0195200852756
10720.2 1190.0297860344172
10756.0 1185.0688626993003
10791.9 1174.1495299091252
10827.9 1161.3050255685712
10864.1 1150.5047183831646
10900.3 1136.815689518793
10936.7 1078.9376761340325
10973.3 1081.2205474096197
11009.9 1077.6262666227647
11046.6 1081.8360792741523
11083.5 1078.2343513610188
11120.5 1067.8759100708119
11157.7 1068.1718058517793
11194.9 1060.778931293934
11232.3 1055.3315712576673
11269.8 1046.0931922059478
11307.4 1036.9069199999722
11345.2 1032.5040265623522
11383.0 1022.4605382401662
11421.0 1017.1749458613821
11459.2 1014.7228150076207
11497.4 1008.544697634063
11535.8 1005.1874864836317
11574.3 998.1264790413192
11613.0 977.2013631594541
11651.7 977.6484058618636
11690.6 972.5551024306459
11729.7 972.9813363245134
11768.8 956.0388319028605
11808.1 960.1445452967248
11847.5 943.332638069719
11887.1 934.7606799989981
11926.8 939.7661824369025
11966.6 923.1572818428948
12006.5 918.2976453417913
12046.6 914.3479532601508
12086.8 906.8571440316142
12127.2 903.8360815754099
12167.7 900.827677250533
12208.3 892.5453321237527
12249.1 887.8160785740536
12289.9 878.7420200891831
12331.0 874.940793742727
12372.1 869.2520855371051
12413.5 860.7206399993935
12454.9 856.4777769832351
12496.5 851.9050785774839
12538.2 844.1817048415537
12580.1 836.7527504837764
12622.1 831.7527234948619
12664.2 827.2040190943194
12706.5 823.1804352918232
12748.9 816.814683095002
12791.5 805.7693097205394
12834.2 778.0286294604263
12877.0 798.4143997176607
12920.0 788.0143662675089
12963.1 788.0496804270709
13006.4 784.7645399420421
13049.8 778.3629662570115
13093.4 773.3064873832082
13137.1 762.5461411862934
13181.0 763.4339379864114
13225.0 759.1859224188032
13269.1 749.934346417847
13313.4 739.4402067115434
13357.9 744.546337637414
13402.5 737.0926654132745
13447.2 735.2024276978218
13492.1 728.4505977909099
13537.2 724.99074386775
13582.3 716.3269372618689
13627.7 710.5464511433478
13673.2 708.8900063477046
13718.8 703.9462614893605
13764.6 701.9165556675262
13810.6 697.7093480381208
13856.7 688.4792742173938
13903.0 686.1091200850833
13949.4 683.0557924706748
13995.9 674.3305411620233
14042.7 675.300380003133
14089.6 662.516978519313
14136.6 653.84660438858
14183.8 650.7607240328134
14231.1 643.2312273586708
14278.7 641.990928426745
14326.3 640.6837883671775
14374.2 640.1951226781428
14422.1 629.7154042623708
14470.3 632.9700304893627
14518.6 625.9744401556505
14567.1 620.1982125187174
14615.7 615.2656762164465
14664.5 612.631405355432
14713.5 609.3483522782145
14762.6 607.1030843977189
14811.9 606.2443436570419
14861.3 600.0310987941386
14910.9 603.0848938613175
14960.7 598.0576255560426
15010.7 591.6942784704332
15060.8 584.4408185785451
15111.0 589.4752965364366
15161.5 585.8800889319251
15212.1 581.1735480726983
15262.9 579.3096851281174
15313.9 578.7149831683414
15365.0 573.5699905955246
15416.3 569.8472188763697
15467.7 571.3611683133852
15519.4 568.9726088369531
15571.2 552.5729795701066
15623.2 560.2351506225564
15675.3 556.3830735331458
15727.7 547.8268702378464
15780.2 543.8229849350341
15832.9 547.3800001759912
15885.7 522.1320796672794
15938.8 545.6327549711024
15992.0 534.4008631940114
16045.4 536.5776292275846
16098.9 520.2286035607484
16152.7 531.6813561759529
16206.6 516.2404801637693
16260.7 524.2471329090175
16315.0 522.0408039569061
16369.5 514.4544276605769
16424.1 486.4160244080316
16478.9 505.164308789874
16534.0 500.0327818639948
16589.2 497.52600503767883
16644.5 484.56351733921656
16700.1 483.6587656307641
16755.9 478.1321408632284
16811.8 462.3381947753972
16867.9 463.9252500715674
16924.2 464.67003319927295
16980.7 460.1466628657511
17037.4 455.3954036623423
17094.3 445.44759800948304
17151.4 446.2223914573998
17208.6 439.80111031274043
17266.1 435.90680867266707
17323.7 424.02600185534277
17381.6 414.4446885009787
17439.6 419.66602936479006
17497.8 415.38087919415676
17556.2 410.62929963060645
17614.9 404.7420697697104
17673.7 403.09119042759744
17732.7 396.7759250892339
17791.9 391.52594068023717
17851.3 387.3308153320369
17910.9 384.06008190898234
17970.7 378.4125469892913
18030.7 372.14210805679147
18090.9 369.5956603941277
18151.2 359.30085996083557
18211.8 359.3456265680128
18272.6 358.03220980707937
18333.7 354.902856174566
18394.9 347.4651455667636
18456.3 343.2785637377559
18517.9 342.07855606779896
18579.7 337.9881109835049
18641.7 334.49822403134056
18704.0 329.53091077167437
18766.4 315.3665649179789
18829.1 323.2283250232625
18891.9 317.4280229495124
18955.0 314.95261957946104
19018.3 311.7550847830376
19081.8 309.19561264071194
19145.5 304.90822469944
19209.4 302.2700450472646
19273.5 297.971936364504
19337.9 293.0302710040196
19402.4 289.3950375931177
19467.2 277.4359660789571
19532.2 281.90968576845506
19597.4 280.752228068296
19662.8 277.3019732237625
19728.5 272.8890102525939
19794.4 268.3939454301168
19860.4 265.82302349193384
19926.7 262.5634161967748
19993.3 170.54964121167913
20060.0 39.23004430905971
20127.0 38.76810162007242
20194.2 38.29286503169637
20261.6 37.82040750676
20329.2 37.38246266247578
20397.1 36.99433975573786
20465.2 36.45075285801133
20533.5 35.98376189422815
20602.1 35.524571212207455
20670.9 35.08890407718115
20739.9 34.65579322981251
20809.1 34.24590250068828
20878.6 33.82793870020533
20948.3 33.41242927421993
21018.2 33.00959720077007
21088.4 32.57836735371865
21158.8 32.18528139935957
21229.4 31.789436149530996
21300.3 31.400822794207695
21371.4 30.989331746233137
21442.8 30.64033886459463
21514.4 30.2683821383533
21586.2 29.913565236151864
21658.3 28.77598221194321
21730.6 29.17029048175793
21803.1 28.885818843327094
21875.9 28.75527100915944
21948.9 28.30677906553323
22022.2 27.763192050893963
22095.7 27.378747582185973
22169.5 27.088674831646546
22243.5 26.72291232945679
22317.8 26.402598839270887
22392.3 26.055355762772848
22467.0 25.74370094236306
22542.1 25.40980139582289
22617.3 25.10178802377435
22692.8 24.790748177612247
22768.6 24.500345880810684
22844.6 24.202241566833454
22920.9 23.675847540795672
22997.4 23.377256564792365
23074.2 23.201551033714466
23151.2 22.966411086435684
23228.5 22.38522741619485
23306.0 22.218481508048797
23383.8 22.061758034072227
23461.9 21.9149633025774
23540.2 21.275454857803265
23618.8 21.131784952464265
23697.7 20.943411382607472
23776.8 20.733493411869848
23856.2 20.1685028880381
23935.8 20.074467579711783
24015.7 19.877789105845135
24095.9 19.7134185615685
24176.4 19.158364138580016
24257.1 19.161143274251195
24338.0 18.925083603721333
24419.3 18.80481109165893
24500.8 18.254933295332783
24582.6 18.31233305046904
24664.7 17.98970931797142
24747.0 17.83860234185752
24829.7 17.55391515510281
24912.5 17.305590852124972
24995.7 17.157616743781595
25079.2 17.07046784143305
25162.9 16.791396542591514
25246.9 16.33503537116402
25331.2 16.442036778051765
25415.8 16.25610715641116
25500.6 16.02066694483058
25585.7 15.786602309914462
25671.2 15.377860771065123
25756.9 15.510447858603326
25842.9 15.271528086075561
25929.1 15.11289827498819
26015.7 14.934416406082718
26102.6 14.452002505138108
26189.7 14.461439730045234
26277.1 14.020360239432089
26364.9 14.218464059377101
26452.9 14.069505680509522
26541.2 13.872744093956989
26629.8 13.681172615927906
26718.7 13.281374486088428
26807.9 13.30940704012243
26897.4 13.22912834460485
26987.2 13.065533631515285
27077.3 12.902881073987587
27167.7 12.753044716354838
27258.4 12.596171150004876
27349.4 12.43233555065277
27440.7 12.285132272312737
27532.3 12.00984494987203
27624.2 11.802452391048194
27716.5 11.836886479200675
27809.0 11.700812968378743
27901.8 11.553951817551159
27995.0 11.41174367061183
28088.5 11.27035887621651
28182.2 11.133650062130053
28276.3 11.001495829293104
28370.7 10.86252040850842
28465.4 10.728132583417903
28560.5 10.590721327562658
28655.8 10.43538049745805
28751.5 10.10882941474778
28847.5 10.19823884861567
28943.8 10.082547477314453
29040.4 9.956408362514736
29137.4 9.834662372009062
29234.6 9.70997842060626
29332.2 9.5859901020699
29430.2 9.470005474304061
29528.4 9.354727359010038
29627.0 9.236458005710867
29725.9 9.118881222186701
29825.2 9.012783151884246
29924.7 8.900140562796173
30024.6 8.766631863015204
30124.9 8.658888743953996
30225.4 8.562480521772013
30326.3 8.459505693135863
30427.6 8.350033645100988
30529.2 8.237683716804847
30631.1 8.133022849833408
30733.4 8.035951479661712
30836.0 7.939446951437879
30938.9 7.846983164707421
31042.2 7.751567299484883
31145.8 7.653256977282587
31249.8 7.558943934122816
31354.2 7.465161322631555
31458.8 7.371954306316754
31563.9 7.282657636463984
31669.2 7.1905116757319005
31775.0 7.102249995314452
31881.0 7.014530122679488
31987.5 6.927283347594303
32094.3 6.840551665597964
32201.4 6.754332375649157
32308.9 6.668602143720671
32416.8 6.583359277944919
32525.0 6.4986220532302195
32633.6 6.358333045156482
32742.5 6.271481171319287
32851.9 6.191659530878719
32961.5 6.112330665565204
33071.6 6.036688910548785
33182.0 5.961495229798772
33292.8 5.8899604330902
33403.9 5.818847939862948
33515.4 5.748138309254566
33627.3 5.677830057173577
33739.6 5.607921690630463
33852.2 5.538428068627685
33965.2 5.469330804953325
34078.6 5.40062838989874
34192.4 5.332319306033087
34306.6 5.264402028507876
34421.1 5.2000151323849515
34536.0 5.132881076700782
34651.3 5.069238011476209
34767.0 5.002865565009007
34883.1 4.939960420398288
34999.5 4.877430808523633
35116.4 4.818310307308696
35233.6 4.756488644864632
35351.2 4.695023777405856
35469.3 4.636933828761269
35587.7 4.579190831246031
35706.5 4.521780125125301
35825.7 4.464700327709962
35945.3 4.407950052526783
36065.3 4.351527909534739
36185.7 4.295432505337619
36306.5 4.239662443392993
36427.7 4.187169193888847
36549.3 4.134978836459297
36671.4 4.0801456851948394
36793.8 4.028567128788847
36916.6 3.9743737428659007
37039.9 3.923390842282522
37163.5 3.87271498115725
37287.6 3.8223238273692735
37412.1 3.772226650965639
37537.0 3.7281533402461124
37662.3 3.6814771515951024
37788.1 3.6379089758613685
37914.2 3.591764382855207
38040.8 3.548706767698777
38167.8 3.50589805157495
38295.2 3.460528229297779
38423.1 3.4182143525855815
38551.3 3.3789451817599567
38680.0 3.3371122189712863
38809.2 3.2955142562597564
38938.7 3.2514048200822847
39068.7 3.2130532718644242
39199.2 3.1721715138757007
39330.0 3.131537168851846
39461.3 3.093858903424233
39593.1 3.0563919430518522
39725.3 3.016435447552895
39857.9 2.976714135187749
39991.0 2.9372195137187505
40124.5 2.8979580260776654
40258.4 2.8616004190952657
40392.8 2.822785881551455
40527.7 2.786848576432494
40663.0 2.7537679658746193
40798.7 2.7235166020525385
40935.0 2.6907985962486216
41071.6 2.655659337162149
41208.7 2.623331524106933
41346.3 2.58962581349303
41484.3 2.556378350181656
41622.8 2.523062609613058
41761.8 2.490453180477587
41901.2 2.4598336384853607
42041.1 2.4296441220231904
42181.5 2.399116401592417
42322.3 2.3685146805371984
42463.6 2.3378350542435378
42605.4 2.306826907024634
42747.6 2.2747450260238327
42890.3 2.242348143852117
43033.5 2.210140442075698
43177.2 2.1781211573207298
43321.3 2.146294477628157
43465.9 2.1149019736972945
43611.1 2.085168872000493
43756.7 2.0553684821711804
43902.7 2.0262373198924815
44049.3 1.999225624577177
44196.4 1.9726141959612944
44343.9 1.946161767370034
44492.0 1.9179247177325471
44640.5 1.8898580949279895
44789.5 1.871323020104181
44939.1 1.8466627564841074
45089.1 1.8221499686370692
45239.6 1.7980176360287197
45390.7 1.7744958415050012
45542.2 1.751114749377879
45694.2 1.7276343881757623
45846.8 1.704756659818124
45999.9 1.6820124392122209
46153.4 1.6594047323422951
46307.5 1.637854845220871
46462.1 1.6161989985685452
46617.2 1.5953619181948973
46772.9 1.5764826370564708
46929.0 1.5581737754221698
47085.7 1.5397382401396378
47242.9 1.5218642769771504
47400.6 1.504093004051947
47558.9 1.486194660092498
47717.6 1.4681773384836838
47876.9 1.4502612891349473
48036.8 1.4324461758639393
48197.2 1.4147345947004557
48358.1 1.3973485016926885
48519.5 1.3798418022993049
48681.5 1.3626553557032863
48844.0 1.3455691399287106
49007.1 1.3285799698959202
49170.7 1.3119089303131182
49334.8 1.2955533631809717
49499.6 1.2790708421668358
49664.8 1.2631207073437796
49830.6 1.2472613123914464
49997.0 1.2314923255479144
50163.9 1.2160302662400133
50331.4 1.2006564400127109
50499.4 1.185372864174111
50668.0 1.1699644877287432
50837.2 1.1548562772233384
51006.9 1.1398371280880946
51177.2 1.125534948298313
51348.0 1.1046133033759586
51519.4 1.090707758129501
51691.4 1.0777143034782424
51864.0 1.0647947134708746
52037.2 1.0519487000086796
52210.9 1.0391779640789542
52385.2 1.0264801630492597
52560.1 1.0138550061740048
52735.6 1.0013022015990056
52911.6 0.9890266194999814
53088.3 0.9766169335422952
53265.5 0.9644824745973309
53443.3 0.9526190630707182
53621.8 0.9406214426053958
53800.8 0.929094671805878
53980.4 0.9176341480739185
54160.6 0.9062395932557064
54341.4 0.8951086738165221
54522.9 0.8838429400330655
54704.9 0.8728406158859076
54887.5 0.8620978110840832
55070.8 0.8512201017367784
55254.6 0.840601632744177
55439.1 0.8304311438070245
55624.2 0.8203192760100392
55809.9 0.8102657722132312
55996.2 0.8004624705551682
56183.1 0.7905242829553176
56370.7 0.7806423033546243
56558.9 0.7710078866945892
56747.7 0.7612397720220592
56937.2 0.7515271994193922
57127.3 0.7422478562244736
57318.0 0.7332100575745043
57509.3 0.7240376004953286
57701.3 0.7152901291024907
57894.0 0.7065921351883975
58087.3 0.6977594620125249
58281.2 0.6878709012616127
58475.8 0.6773040034210136
58671.0 0.6684504259575784
58866.9 0.6596477212061048
59063.4 0.6510789179530929
59260.6 0.6423778372264418
59458.4 0.6344517184966597
59656.9 0.6267511165084806
59856.1 0.618914641628093
60055.9 0.6114822678401417
60256.4 0.6039136515383221
60457.6 0.5965662514056006
60659.4 0.5890844357898731
60861.9 0.5816455458624397
61065.1 0.5742494104013293
61269.0 0.5670714214288415
61473.5 0.5597606048605771
61678.8 0.5526654991880866
61884.7 0.5456121794199154
62091.3 0.538426328054343
62298.6 0.5314548306309629
62506.6 0.5245237008567347
62715.3 0.5176327691711123
62924.6 0.5109536219836919
63134.7 0.5044827453113021
63345.5 0.4982190984993155
63557.0 0.4919915827929468
63769.1 0.48580080558066924
63982.0 0.4798131958955591
64195.7 0.4736918364216387
64410.0 0.46760674036571215
64625.0 0.4617234490613685
64840.8 0.4557076565861905
65057.2 0.4498929675394772
65274.4 0.4442761808840398
65492.3 0.43852771837502397
65711.0 0.43297580715284323
65930.4 0.4295771565649636
66150.5 0.4244078485723243
66371.3 0.41910633640932027
66592.9 0.41383500920464955
66815.2 0.408433376808753
67038.3 0.40322321354945717
67262.1 0.39804347107260935
67486.7 0.392893425732379
67712.0 0.3880912541826957
67938.0 0.3831586538757626
68164.8 0.3784121258458457
68392.4 0.3738499855211214
68620.7 0.36915758653875713
68849.8 0.36464830504225026
69079.7 0.36016476253364965
69310.3 0.35570737134731184
69541.7 0.3511208220267687
69773.9 0.3467148854089677
70006.8 0.3424884045833703
70240.5 0.3381329591316253
70475.0 0.3338026107099363
70710.3 0.32964937906829805
70946.4 0.32552002621251247
71183.3 0.32141445376420746
71420.9 0.3173330073631672
71659.3 0.31342523733258393
71898.6 0.3095395074951338
72138.6 0.30552748088457427
72379.4 0.30168734275971826
72621.1 0.2978689799596199
72863.5 0.29422075153678917
73106.8 0.29044600302028867
73350.9 0.2866931691036708
73595.7 0.28310869693014307
73841.5 0.27925286221991763
74088.0 0.2762911331778057
74335.3 0.27233317614612573
74583.5 0.2683982277939884
74832.5 0.26477403997829474
75082.3 0.2613143723052041
75333.0 0.25787456818109344
75584.5 0.2545972020572218
75836.8 0.2513389224360976
76090.0 0.24809931616650835
76344.0 0.24487863278341968
76598.9 0.2415360415132943
76854.6 0.23835310397009996
77111.2 0.23504903585258347
77368.7 0.2319032190995002
77627.0 0.22863734701326582
77886.1 0.22552892891936505
78146.1 0.22257620930368646
78407.0 0.21950336174033677
78668.8 0.21658515298485342
78931.4 0.21368413688715884
79195.0 0.21093552252677353
79459.4 0.20806767614238322
79724.6 0.20521679261894496
79990.8 0.20251675603995803
80257.8 0.19969861282269546
80525.8 0.19703029280571033
80794.6 0.1943777502039345
81064.4 0.19174043354221515
81335.0 0.18911875361224914
81606.5 0.1865124034147405
81879.0 0.18405246398380834
82152.3 0.18173801065640222
82426.6 0.18008922571631095
82701.8 0.17779911013721325
82977.9 0.17565191389654322
83254.9 0.17338788252023224
83532.9 0.17113681788554438
83811.7 0.16902741734294352
84091.5 0.1668021032855792
84372.3 0.16471708804678165
84654.0 0.16264417590639152
84936.6 0.16058331233590534
85220.2 0.15853425673631424
85504.7 0.15649714653452076
85790.1 0.15434654394397423
86076.5 0.1523334003935817
86363.9 0.1504564182882062
86652.2 0.14846620816056605
86941.5 0.1464875124323964
87231.8 0.14464359541547767
87523.0 0.14281044195224732
87815.2 0.14111033238507342
88108.4 0.1392978329521859
88402.5 0.13761763450535372
88697.7 0.1358256195908373
88993.8 0.13416500709327353
89290.9 0.13251392423788458
89589.0 0.13087233150506966
89888.1 0.12912052242321684
90188.2 0.12749818913234234
90489.3 0.12588522544191055
90791.4 0.12428159142887804
91094.5 0.12280532913165425
91398.6 0.12169059815214428
91703.8 0.1202299215386518
92009.9 0.11866086614887504
92317.1 0.11721733896319339
92625.3 0.11580536313876619
92934.5 0.11436679827577007
93244.8 0.11297104947297537
93556.1 0.11158336670121811
93868.4 0.1102037140611108
94181.8 0.10888904570775199
94496.2 0.10759334237364025
94811.7 0.10630499900516092
95128.3 0.10504660204962919
95445.8 0.10380684467879275
95764.5 0.1025627903390426
96084.2 0.10134832428238848
96405.0 0.10014077054721739
96726.8 0.09892908321881701
97049.8 0.09774639034584037
97373.8 0.09657055204666566
97698.9 0.09540143858300847
98025.0 0.09426106523931502
98352.3 0.09312711784259466
98680.6 0.0920106607256324
99010.1 0.09092223426119107
99340.6 0.08984012383704215
99672.3 0.08877491307187085
100005.0 0.08771589150843254
100339.0 0.08655556730060769
100674.0 0.08541277854218368
101010.0 0.08427673563544133
101347.0 0.08316863243240108
101686.0 0.08206626001334673
102025.0 0.08097121333308308
102366.0 0.07990287487944162
102707.0 0.07884163045858647
103050.0 0.07780677645921066
103394.0 0.07676764247662367
103740.0 0.0757546776879207
104086.0 0.07474844744213208
104433.0 0.07375847864261177
104782.0 0.0727839434465007
105132.0 0.07182542695700499
105483.0 0.07087259948500194
105835.0 0.06993559501690669
106188.0 0.0690041528774643
106543.0 0.06808770107276205
106899.0 0.06718677019938113
107255.0 0.06630184907181248
107613.0 0.06542156706764847
107973.0 0.0645558892872265
108333.0 0.06369596495221733
108695.0 0.06286037290894622
109058.0 0.06201989613785335
109422.0 0.06120409750942781
109787.0 0.060393158409932035
110154.0 0.059596276753736174
110521.0 0.058804687405207175
110890.0 0.05802699167098925
111261.0 0.057253425333954326
111632.0 0.056494636558257816
112005.0 0.05574948299600044
112379.0 0.05500878649625482
112754.0 0.05428206232030315
113130.0 0.05355968259581279
113508.0 0.05285063424402149
113887.0 0.0521552798298465
114267.0 0.0514640877610602
114649.0 0.050785974067891135
115031.0 0.05011236419422796
115415.0 0.04944235662905881
115801.0 0.04879452802713194
116187.0 0.0481417458690881
116575.0 0.047510926352340305
116964.0 0.04687469468598161
117355.0 0.04626022465160183
117747.0 0.04564031250240825
118140.0 0.0450423430968672
118534.0 0.044447963881305945
118930.0 0.04385678540275412
119327.0 0.04327818253788014
119725.0 0.04270306024176822
120125.0 0.04214000207865993
120526.0 0.04158033629218881
120929.0 0.04102370377829696
121332.0 0.0404796343830502
121737.0 0.039947347036875136
122144.0 0.039417944176479314
122552.0 0.03890051752122332
122961.0 0.038377464484875536
123371.0 0.037875010519482694
123783.0 0.03737528121853096
124196.0 0.036878570544524265
124611.0 0.0363845684540053
125027.0 0.035902162208176
125444.0 0.03543124798066417
125863.0 0.0349628986196996
126283.0 0.034497384020462506
126705.0 0.03404290790455096
127128.0 0.033591184836040795
127552.0 0.033142198049628833
127978.0 0.032704080450714726
128406.0 0.0322767443322129
128834.0 0.031843898311140234
129264.0 0.03142175408325598
129696.0 0.031010224734176924
130129.0 0.030601192619858907
130563.0 0.030194642293264008
130999.0 0.02979033098757423
131437.0 0.029396438741391646
131875.0 0.029005162985124934
132316.0 0.028623958410015842
132757.0 0.02824528645040158
133201.0 0.02786849427265762
133645.0 0.02750225433374853
134091.0 0.027138035030355327
134539.0 0.026775832510104354
134988.0 0.026423807059914452
135439.0 0.026073730644279234
135891.0 0.025725788625128497
136345.0 0.0253876705554981
136800.0 0.025051613609074846
137257.0 0.024717424550685863
137715.0 0.024393087201036844
138175.0 0.024070551592025244
138636.0 0.023749985058465244
139099.0 0.023438939556775642
139563.0 0.023129792124348736
140029.0 0.022822367531675797
140497.0 0.022516661764561366
140966.0 0.022220458942463956
141436.0 0.021926065518193177
141909.0 0.021633164844928558
142382.0 0.02134976499720478
142858.0 0.02106779942099886
143335.0 0.020787561583270657
143813.0 0.02050904013817349
144293.0 0.020239538312665457
144775.0 0.019971547671267346
145258.0 0.019705199895813125
145743.0 0.01944773128952721
146230.0 0.019191708104992856
146718.0 0.018937255490510004
147208.0 0.018684236087170455
147699.0 0.018432770707883798
148192.0 0.01818998487200739
148687.0 0.0179485676321488
149183.0 0.017715844133683777
149682.0 0.017477126259430903
150181.0 0.01724715718125578
150683.0 0.01701837242762762
151186.0 0.01679099594133221
151690.0 0.016572109399205864
152197.0 0.01635435019839303
152705.0 0.01613793130234184
153215.0 0.01592273969195834
153726.0 0.015708873738227002
154240.0 0.01550309744014016
154754.0 0.015298688073017522
155271.0 0.01509534039798989
155789.0 0.014893246787775925
156310.0 0.01469909226031992
156831.0 0.01450622771391109
157355.0 0.014307531527342158
157880.0 0.014123691242589036
158407.0 0.013934103043235085
158936.0 0.013752367057587783
159467.0 0.01356492125677761
159999.0 0.01338535895817841
160533.0 0.013213522829261694
161069.0 0.013035985883347504
161607.0 0.012866123513493718
162147.0 0.012690597868231984
162688.0 0.012522772330721943
163231.0 0.012355907868853166
163776.0 0.012196568924911465
164323.0 0.012031594388165869
164871.0 0.011874166830747122
165422.0 0.011717569818147752
165974.0 0.011561942890833298
166528.0 0.011407210704918659
167084.0 0.011259807771417201
167642.0 0.011106833589345153
168202.0 0.010961139189758606
168763.0 0.010816347608223094
169327.0 0.01067232637923858
169892.0 0.010529199410378994
170459.0 0.010393209781496628
171028.0 0.01025171248891942
171599.0 0.010117304200321309
172172.0 0.0099836714645062
172747.0 0.009850811205421727
173324.0 0.009724926413677625
173902.0 0.00959363633333881
174483.0 0.0094692182508414
175065.0 0.009339428257947535
175650.0 0.009216464960995499
176236.0 0.009094266397445091
176825.0 0.008972725549223282
177415.0 0.008858004791973222
178007.0 0.008737903467780498
178602.0 0.008624476251753761
179198.0 0.008505752128578438
179796.0 0.00839370450323434
180396.0 0.008282307921406482
180999.0 0.008177457373918166
181603.0 0.008067335518401879
182209.0 0.007957856401576533
182817.0 0.00785490104589086
183428.0 0.007752501428017533
184040.0 0.007644895440474474
184655.0 0.0075437055281291744
185271.0 0.007448953123984391
185890.0 0.007348923458311274
186510.0 0.007249518894950691
187133.0 0.007156406507854158
187758.0 0.007058107811470313
188385.0 0.006966097387812523
189013.0 0.006874661035696386
189644.0 0.006783722956049757
190278.0 0.0066932824930581525
190913.0 0.006603408129101414
191550.0 0.006519677204872909
192190.0 0.006430803988399109
192831.0 0.006348066083631222
193475.0 0.006260219567953024
194121.0 0.006178433520082726
194769.0 0.006097127396013977
195419.0 0.0060162989178969995
196072.0 0.005935915534491316
196726.0 0.005856036025340061
197383.0 0.005782047684291781
198042.0 0.005703061120928045
198703.0 0.005629955287330075
199367.0 0.005551855211246673
200032.0 0.005479623724444746
200700.0 0.005407790073720215
201370.0 0.0053358458384696736
202042.0 0.005265391441832287
202717.0 0.005195327273433997
203394.0 0.0051267354621464265
204073.0 0.005058549177436018
204754.0 0.004991817070665484
205438.0 0.0049254554594923075
206123.0 0.0048605544135703945
206812.0 0.004795990542567937
207502.0 0.004732351018502351
208195.0 0.004670099370753567
208890.0 0.004608216649656773
209587.0 0.004547214186233366
210287.0 0.004486552109038512
210989.0 0.004427270234740772
211693.0 0.004368848389000033
212400.0 0.004310752940053898
213109.0 0.004254012544863714
213821.0 0.004197589546299356
214535.0 0.004142003848256521
215251.0 0.004087248668032556
215969.0 0.004032819203217308
216690.0 0.003979688174155021
217414.0 0.003926855356212866
218140.0 0.0038748308271027857
218868.0 0.003823607969567338
219599.0 0.0037726731977027516
220332.0 0.0037230190190369016
221067.0 0.003673660887706219
221805.0 0.003625065813093427
222546.0 0.0035767448252667965
223289.0 0.003529676417537412
224034.0 0.0034828891208798563
224782.0 0.0034368446373348807
225533.0 0.003391060471113409
226286.0 0.003346025991198558
227041.0 0.0033017349285266446
227799.0 0.0032581667549963075
228560.0 0.003214845368109861
229323.0 0.0031722529022361503
230088.0 0.003130383216483851
230857.0 0.003089203450533
231627.0 0.0030482839584550043
232401.0 0.0030075838568268546
233176.0 0.0029680638482383606
233955.0 0.0029287555976287667
234736.0 0.0028896836267536647
235520.0 0.0028512911940666748
236306.0 0.002813584904716948
237095.0 0.0027765471781860764
237886.0 0.002739732106681404
238681.0 0.0027035664208651796
239477.0 0.0026676297175387683
240277.0 0.0026323349845639235
241079.0 0.0025972529515432712
241884.0 0.0025632611831505367
242691.0 0.002529030847846618
243502.0 0.0024954281657433106
244315.0 0.0024624686948629287
245130.0 0.0024301468421105954
245949.0 0.002397562849928966
246770.0 0.0023660477685652137
247594.0 0.002334713403073161
248420.0 0.002303568363224196
249250.0 0.0022734564002602335
250082.0 0.002243096250378062
250917.0 0.0022133396759077897
251754.0 0.0021841904108097113
252595.0 0.0021552001975740655
253438.0 0.0021268100339332657
254284.0 0.002098583351110321
255133.0 0.002070519518555008
255985.0 0.0020434583131914074
256840.0 0.0020161342860402793
257697.0 0.001989393551346709
258557.0 0.0019632233365436845
259421.0 0.0019371967668463921
260287.0 0.0019113282979072725
261156.0 0.001886021616019726
262027.0 0.0018612791043656942
262902.0 0.0018366725951343538
263780.0 0.0018122087244385248
264661.0 0.0017882933349050337
265544.0 0.0017645233456082912
266431.0 0.0017412885081452229
267320.0 0.0017181950087575627
268213.0 0.0016952293176263028
269108.0 0.0016728033296909053
270006.0 0.0016509060619947025
270908.0 0.0016287328526765484
271812.0 0.0016074864598763293
272720.0 0.0015859632346743409
273630.0 0.0015649645263289573
274544.0 0.0015444743267706588
275460.0 0.0015237185418860457
276380.0 0.0015038569796222091
277303.0 0.0014837232495051166
278228.0 0.001464099194680526
279157.0 0.001444584492660508
280089.0 0.0014255680228363497
281024.0 0.0014066626717959719
281963.0 0.0013882445060518468
282904.0 0.0013695586997372882
283848.0 0.001351740423121207
284796.0 0.0013336438384078922
285747.0 0.001316029955991995
286701.0 0.0012985193391947542
287658.0 0.0012814854464281563
288618.0 0.0012645513725089426
289582.0 0.001247712342317345
290549.0 0.0012309723419977243
291519.0 0.0012146998882672383
292492.0 0.0011988908302140986
293468.0 0.0011828079737608952
294448.0 0.0011671812015257956
295431.0 0.0011516464095171887
296418.0 0.0011365622082457963
297407.0 0.0011215705846786808
298400.0 0.0011066635023835867
299396.0 0.0010918443644704413
300396.0 0.00107746723601262
301399.0 0.0010631749286278383
302405.0 0.0010489670236859725
303415.0 0.0010351942110064965
304427.0 0.0010215060762262076
305444.0 0.0010078921471762265
306464.0 0.000994709832108828
307487.0 0.000981605397863013
308513.0 0.0009685784519874646
309543.0 0.0009556255154964355
310577.0 0.0009430926957860447
311614.0 0.0009306340903007302
312654.0 0.0009182493192180527
313698.0 0.0009059351155781365
314745.0 0.0008940358428981697
315796.0 0.0008822042991657227
316850.0 0.0008704430056673274
317908.0 0.0008590872519174469
318969.0 0.0008474616265810339
320034.0 0.0008362387474637219
321103.0 0.0008254150266213912
322175.0 0.0008143216730971912
323250.0 0.0008036272080974211
324329.0 0.0007929938581036392
325412.0 0.0007824214072999735
326498.0 0.0007722414570080908
327589.0 0.0007617890137264421
328682.0 0.0007517286540046615
329779.0 0.0007417259852613077
330880.0 0.0007321058878806282
331985.0 0.0007222168845576485
333093.0 0.0007127100086412035
334206.0 0.0007032556489015095
335321.0 0.0006938599129945079
336441.0 0.0006848359998460643
337564.0 0.0006758659613086351
338691.0 0.0006666299365842067
339822.0 0.000658080509328839
340956.0 0.0006492666020839143
342094.0 0.0006405036402833765
343237.0 0.000632102970567289
344382.0 0.0006237544421546648
345532.0 0.0006154523380978055
346686.0 0.0006071983070476285
347843.0 0.0005993031152478047
349004.0 0.0005914534926739239
350170.0 0.000583647588306246
351339.0 0.0005758885783736682
352512.0 0.0005681745826447162
353689.0 0.000560809541625007
354869.0 0.0005531855620181957
356054.0 0.0005459065610789036
357243.0 0.0005386698191117553
358435.0 0.0005314766406168305
359632.0 0.00052462295741361
360833.0 0.0005175109009184976
362037.0 0.0005107389152274544
363246.0 0.0005040048848253789
364459.0 0.0004973100736553558
365676.0 0.0004906543111263386
366896.0 0.0004843319247607975
368121.0 0.00047775274871065566
369350.0 0.0004715033426281787
370583.0 0.00046529036569761795
371821.0 0.00045911242125356796
373062.0 0.00045297183732067437
374307.0 0.00044686719608804526
375557.0 0.0004410835793454932
376811.0 0.00043533371385225686
378069.0 0.000429332931401372
379331.0 0.0004236510548415834
380597.0 0.00041800246593178626
381868.0 0.0004126676155605924
383143.0 0.00040708316023265384
384422.0 0.000401811383723283
385705.0 0.00039629157515665934
386993.0 0.0003910812714660252
388285.0 0.0003859015593728929
389581.0 0.00038075229406402247
390882.0 0.000375907558334569
392187.0 0.0003708169080300602
393496.0 0.00036602966600108336
394810.0 0.00036099714279125283
396128.0 0.00035626595617727503
397451.0 0.00035156172567629376
398777.0 0.0003468860996871578
400109.0 0.0003422363328945931
401445.0 0.0003378820060327683
402785.0 0.000333286196494412
404130.0 0.00032898296500805097
405479.0 0.0003247050787892975
406832.0 0.0003201880122153189
408191.0 0.0003159597697628917
409553.0 0.0003117573046052316
410921.0 0.0003078399756089691
412293.0 0.0003036847960331975
413669.0 0.0002995542827831358
415050.0 0.00029570676267640946
416436.0 0.0002916229548899366
417826.0 0.0002878209304513659
419221.0 0.0002840407310964841
420621.0 0.00028028227448279063
422025.0 0.0002765461330950836
423434.0 0.00027283154650708114
424847.0 0.00026939225311331137
426266.0 0.0002657196722296822
427689.0 0.000262320516303691
429117.0 0.00025869021861551995
430549.0 0.00025533146758298744
431987.0 0.0002519914847695399
433429.0 0.00024867136953432014
434876.0 0.0002453209817753508
436328.0 0.00024206400091294055
437785.0 0.0002388504680041529
439246.0 0.0002357050858292611
440712.0 0.00023257791965074955
442184.0 0.0002294927015566713
443660.0 0.00022645016001037195
445141.0 0.00022344945053437136
446627.0 0.00022049025776653015
448118.0 0.00021757226774134496
449614.0 0.0002146951679017834
451116.0 0.00021185817747834562
452622.0 0.00020903816863000532
454133.0 0.00020628196493556767
455649.0 0.0002035418078444549
457170.0 0.0002008411563488514
458696.0 0.00019817970577145486
460228.0 0.0001955567280003272
461764.0 0.00019297277816109182
463306.0 0.0001904267129725812
464853.0 0.00018789551842447185
466404.0 0.00018540258830738974
467962.0 0.0001829464332418467
469524.0 0.00018052795046382043
471091.0 0.00017814644868927883
472664.0 0.00017577850630762508
474242.0 0.0001734471256791807
475825.0 0.0001711520165446482
477414.0 0.00016889253644304715
479008.0 0.00016664630760756524
480607.0 0.00016443564962766
482212.0 0.00016225994092177186
483821.0 0.00016011957651278178
485437.0 0.00015799112268782917
487057.0 0.00015589759770516667
488683.0 0.00015383807599570986
490315.0 0.0001518122948781703
491952.0 0.00014979843203111008
493594.0 0.00014781822252904158
495242.0 0.00014584937712760798
496895.0 0.000143913791342063
498554.0 0.0001420109077360736
500219.0 0.00014014046940847704
501889.0 0.00013828106381815004
503564.0 0.00013645399757581663
505246.0 0.00013463718036740426
506932.0 0.000132852590591249
508625.0 0.0001310991766042743
510323.0 0.00012935612924970072
512026.0 0.00012764440442261424
513736.0 0.00012596325022140638
515451.0 0.00012429204485507912
517172.0 0.00012265129963435537
518898.0 0.0001210202719154868
520631.0 0.000119419114119901
522369.0 0.00011782745252936929
524113.0 0.00011626553991662582
525863.0 0.00011473313376180373
527618.0 0.00011320982020409517
529380.0 0.00011171544927756557
531147.0 0.00011022995547498345
532920.0 0.00010877327255092115
534700.0 0.00010734496218450576
536485.0 0.00010590509245779676
538276.0 0.00010451357486585305
540073.0 0.0001031301407805292
541876.0 0.0001017547557356915
543685.0 0.00010040716985268471
545500.0 9.908715103342377e-05
547321.0 9.777481521101596e-05
549148.0 9.647012896975728e-05
550982.0 9.519240874640649e-05
552821.0 9.394177455884146e-05
554667.0 9.269826355430207e-05
556519.0 9.146201611868566e-05
558377.0 9.025226392005415e-05
560241.0 8.90687822177845e-05
562111.0 8.787307531965582e-05
563988.0 8.672236663483137e-05
565871.0 8.555937547821146e-05
567760.0 8.44410981029338e-05
569655.0 8.331047692297954e-05
571557.0 8.220516629006488e-05
573465.0 8.112509630403564e-05
575380.0 8.005121567440121e-05
577301.0 7.898363868671656e-05
579228.0 7.794090642247237e-05
581162.0 7.69041628548864e-05
583102.0 7.589196309722767e-05
585049.0 7.488558024843697e-05
587002.0 7.390344298089007e-05
588962.0 7.292695256157285e-05
590928.0 7.195620927163665e-05
592901.0 7.099106567600719e-05
594880.0 7.006778186924412e-05
596866.0 6.913178787421141e-05
598859.0 6.821916669756097e-05
600858.0 6.731192760575754e-05
602864.0 6.642777653069078e-05
604877.0 6.55487313014984e-05
606896.0 6.467487809528244e-05
608922.0 6.382375134192081e-05
610955.0 6.29775479580913e-05
612995.0 6.213624794793798e-05
615042.0 6.131732049845263e-05
617095.0 6.0503237843723185e-05
619155.0 5.969387904536896e-05
621222.0 5.890653973708426e-05
623296.0 5.8123769728614484e-05
625377.0 5.736275006921349e-05
627465.0 5.660614683417011e-05
629560.0 5.585394131865202e-05
631661.0 5.5106202013166236e-05
633770.0 5.4379706625682984e-05
635886.0 5.365743964559624e-05
638009.0 5.295624245089427e-05
640139.0 5.224232125862213e-05
642276.0 5.156606900553437e-05
644420.0 5.0877057136605906e-05
646572.0 5.0208630142346185e-05
648731.0 4.9544103267490735e-05
650896.0 4.8883534243946824e-05
653069.0 4.822675422302005e-05
655250.0 4.759016562709111e-05
657437.0 4.695737219023178e-05
659632.0 4.634451997350016e-05
661834.0 4.5735249167752486e-05
664044.0 4.5129475450754384e-05
666261.0 4.4527252675379754e-05
668485.0 4.392856443043843e-05
670717.0 4.33493671949042e-05
672956.0 4.2773567128382076e-05
675203.0 4.221701679210978e-05
677457.0 4.164784999293805e-05
679719.0 4.1097799622051525e-05
681988.0 4.0550981850027656e-05
684265.0 4.00230428030435e-05
686549.0 3.9498202979412175e-05
688841.0 3.8960775427054815e-05
691141.0 3.845759476675273e-05
693448.0 3.7941857036686446e-05
695763.0 3.7444569310406736e-05
698086.0 3.695015639313338e-05
700417.0 3.645860662233682e-05
702755.0 3.5969959478534724e-05
705101.0 3.5499405754821696e-05
707455.0 3.503157673763476e-05
709817.0 3.456646113676662e-05
712187.0 3.4104047628655296e-05
714565.0 3.365937824740154e-05
716950.0 3.320233104281658e-05
719344.0 3.276285822915419e-05
721745.0 3.232598734849295e-05
724155.0 3.1906471146005865e-05
726573.0 3.1489391274701525e-05
728998.0 3.1060024493179766e-05
731432.0 3.0647834124535014e-05
733874.0 3.025270565291482e-05
736324.0 2.98452651037112e-05
738782.0 2.9454768092854676e-05
741249.0 2.9066507988713214e-05
743723.0 2.868055375331407e-05
746206.0 2.8296817471350162e-05
748698.0 2.792965802236565e-05
751197.0 2.7550358429252826e-05
753705.0 2.7187521278195365e-05
756221.0 2.6826807043159396e-05
758746.0 2.646817113103442e-05
761279.0 2.6125769556290303e-05
763821.0 2.577125248722663e-05
766371.0 2.5432857708735344e-05
768929.0 2.5096446283280383e-05
771496.0 2.4761976851742317e-05
774072.0 2.444333791600724e-05
776656.0 2.4112714272953334e-05
779249.0 2.3797812497010087e-05
781851.0 2.348472914224115e-05
784461.0 2.3173486430425673e-05
787080.0 2.2864046491850795e-05
789707.0 2.2556430532987163e-05
792344.0 2.2264149266068712e-05
794989.0 2.196005537206391e-05
797643.0 2.1671219404347524e-05
800306.0 2.1384058670686243e-05
802978.0 2.1098566159549178e-05
805659.0 2.0828086177744202e-05
808349.0 2.054586457215321e-05
811047.0 2.0278577820087135e-05
813755.0 2.001281753041265e-05
816472.0 1.97486024672906e-05
819198.0 1.9485925964036076e-05
821933.0 1.9224781341178858e-05
824677.0 1.8965161907403627e-05
827430.0 1.8720061002836643e-05
830192.0 1.847638537210952e-05
832964.0 1.8221193171679794e-05
835745.0 1.7980371044182505e-05
838535.0 1.7740955890434545e-05
841334.0 1.7515726598358365e-05
844143.0 1.727904344544521e-05
846961.0 1.7056449406154672e-05
849789.0 1.682247557305565e-05
852626.0 1.6602494609675395e-05
855472.0 1.6383800338744926e-05
858329.0 1.616634917112728e-05
861194.0 1.5950192630257775e-05
864069.0 1.5735287420726723e-05
866954.0 1.5534035906991736e-05
869848.0 1.532159462346044e-05
872752.0 1.5122714057828581e-05
875666.0 1.4924982172161758e-05
878589.0 1.4728411052424275e-05
881523.0 1.4532962200088461e-05
884466.0 1.4338664162193654e-05
887418.0 1.4145511400770509e-05
890381.0 1.3965547962806524e-05
893354.0 1.3774583267150343e-05
896336.0 1.3596749639046632e-05
899329.0 1.3407970480029769e-05
902331.0 1.3232232748578257e-05
905344.0 1.3057501825471911e-05
908366.0 1.2883802406852212e-05
911399.0 1.27111014841199e-05
914441.0 1.2551185840311785e-05
917494.0 1.2380458134247444e-05
920557.0 1.22224151300771e-05
923631.0 1.2053630648301169e-05
926714.0 1.1897457768843697e-05
929808.0 1.174218164209318e-05
932912.0 1.1587811259525589e-05
936027.0 1.1429733626488018e-05
939152.0 1.1278311380033378e-05
942287.0 1.1128916947455247e-05
945433.0 1.0981523281562697e-05
948589.0 1.0836127026724767e-05
951756.0 1.069270166109299e-05
954934.0 1.0551232531946575e-05
958122.0 1.0411715912664324e-05
961321.0 1.0273007102399372e-05
964530.0 1.0137343755723574e-05
967750.0 1.0003577935660761e-05
970981.0 9.870587500438572e-06
974223.0 9.739473363692129e-06
977475.0 9.61133156432607e-06
980738.0 9.48393320426354e-06
984013.0 9.358358789397753e-06
987298.0 9.233523953234269e-06
990594.0 9.111587675212468e-06
993901.0 8.991442903874533e-06
997219.0 8.871997129685841e-06
1000550.0 8.754304912535919e-06
1003890.0 8.638387788814206e-06
1007240.0 8.524222744224634e-06
1010600.0 8.411795744090834e-06
1013980.0 8.29995013813248e-06
1017360.0 8.189905014600725e-06
1020760.0 8.081484141962917e-06
1024170.0 7.974755560454991e-06
1027590.0 7.868658756850796e-06
1031020.0 7.76423383063246e-06
1034460.0 7.661467179659238e-06
1037910.0 7.560345285995088e-06
1041380.0 7.459750151629594e-06
1044850.0 7.36188216014872e-06
1048340.0 7.263497409860832e-06
1051840.0 7.167742716844878e-06
1055350.0 7.0725561414874e-06
1058880.0 6.978884681037121e-06
1062410.0 6.886848166620885e-06
1065960.0 6.795293735546177e-06
1069520.0 6.705290151181053e-06
1073090.0 6.6168244948184795e-06
1076670.0 6.528884868899819e-06
1080270.0 6.4424045923308274e-06
1083870.0 6.35749121999993e-06
1087490.0 6.273024679110084e-06
1091120.0 6.1900477220239525e-06
1094760.0 6.108547805116531e-06
1098420.0 6.027478305023555e-06
1102090.0 5.94689330678853e-06
1105770.0 5.868735717340556e-06
1109460.0 5.791044421474196e-06
1113160.0 5.713816875861382e-06
1116880.0 5.6389262662322265e-06
1120610.0 5.563523331417525e-06
1124350.0 5.490485273820992e-06
1128100.0 5.417883480916119e-06
1131870.0 5.345668311751627e-06
1135650.0 5.2748333480635784e-06
1139440.0 5.205366718686145e-06
1143240.0 5.1363157483564935e-06
1147060.0 5.067633932281149e-06
1150890.0 5.001233884719e-06
1154730.0 4.934300044426693e-06
1158580.0 4.8696247475598736e-06
1162450.0 4.805295186678997e-06
1166330.0 4.741351881098902e-06
1170230.0 4.678671843752437e-06
1174130.0 4.616408203475549e-06
1178050.0 4.555392588331841e-06
1181990.0 4.49470563492238e-06
1185930.0 4.435328940717185e-06
1189890.0 4.377175915767683e-06
1193860.0 4.318471502232788e-06
1197850.0 4.261881078523155e-06
1201850.0 4.2047364060881455e-06
1205860.0 4.149720510188256e-06
1209890.0 4.094112552933684e-06
1213930.0 4.040612740382688e-06
1217980.0 3.986551953801646e-06
1222050.0 3.933665345898409e-06
1226130.0 3.88197547219644e-06
1230220.0 3.830597320392524e-06
1234330.0 3.7794984204081244e-06
1238450.0 3.7295771307171698e-06
1242580.0 3.679957274228619e-06
1246730.0 3.631470715063056e-06
1250890.0 3.5832772341054216e-06
1255070.0 3.5362039540861825e-06
1259260.0 3.4894154772959996e-06
1263460.0 3.4429100812250293e-06
1267680.0 3.3975077866769527e-06
1271910.0 3.352380412768752e-06
1276160.0 3.3083432587606684e-06
1280420.0 3.264572949028699e-06
1284690.0 3.2210678511474667e-06
1288980.0 3.1786361948914634e-06
1293290.0 3.136437540916391e-06
1297600.0 3.094519214004562e-06
1301940.0 3.0536342837597193e-06
1306280.0 3.0130210266588612e-06
1310640.0 2.9734520970785223e-06
1315020.0 2.9341009310322674e-06
1319410.0 2.8949890906822815e-06
1323820.0 2.856906051014046e-06
1328230.0 2.8190758985791015e-06
1332670.0 2.7814335079847417e-06
1337120.0 2.744825047794947e-06
1341580.0 2.7084392602223753e-06
1346060.0 2.672254890235716e-06
1350560.0 2.6370679976287542e-06
1355060.0 2.602114808351138e-06
1359590.0 2.5681275178813787e-06
1364130.0 2.5335588465638505e-06
1368680.0 2.499987162225792e-06
1373250.0 2.467385320613505e-06
1377840.0 2.4341837160806385e-06
1382440.0 2.4019633066909567e-06
1387050.0 2.37071502724804e-06
1391680.0 2.3388672258577354e-06
1396330.0 2.3079679343165588e-06
1400990.0 2.277257504027001e-06
1405670.0 2.2474839599013883e-06
1410360.0 2.217892286552639e-06
1415070.0 2.188465837456929e-06
1419790.0 2.1592194197437456e-06
1424530.0 2.1308920063536865e-06
1429290.0 2.102723058066636e-06
1434060.0 2.0747266428999527e-06
1438850.0 2.046887402696703e-06
1443650.0 2.019964016020811e-06
1448470.0 1.993191549764052e-06
1453310.0 1.9665696076164264e-06
1458160.0 1.9408487760661177e-06
1463030.0 1.9152722952858873e-06
1467910.0 1.8898526483474144e-06
1472810.0 1.8645761339882228e-06
1477730.0 1.8401702701224066e-06
1482660.0 1.815914134485839e-06
1487610.0 1.7917946827498898e-06
1492580.0 1.7678115245912132e-06
1497560.0 1.7446941860415553e-06
1502560.0 1.7209912832879757e-06
1507580.0 1.6988500941883468e-06
1512610.0 1.6761336530040828e-06
1517660.0 1.653546001571198e-06
1522730.0 1.631793152511496e-06
1527810.0 1.6101741378202243e-06
1532910.0 1.5886776861540493e-06
1538030.0 1.5680027936821378e-06
1543160.0 1.5474550672979298e-06
1548320.0 1.5270139160742018e-06
1553480.0 1.5067085584755152e-06
1558670.0 1.4865090341798317e-06
1563870.0 1.4671220265718133e-06
1569100.0 1.4471503081890233e-06
1574330.0 1.4279945347984094e-06
1579590.0 1.4096198291102196e-06
1584860.0 1.3906796015130643e-06
1590150.0 1.3725241160576213e-06
1595460.0 1.3537978454732868e-06
1600790.0 1.335851086297292e-06
1606130.0 1.318684958773027e-06
1611500.0 1.300940876654765e-06
1616880.0 1.2839719924356997e-06
1622270.0 1.2664447872576488e-06
1627690.0 1.2496714960617477e-06
1633120.0 1.2336606448578639e-06
1638580.0 1.2170771550553252e-06
1644050.0 1.2012507889882202e-06
1649540.0 1.1848629145315443e-06
1655040.0 1.1692266331580459e-06
1660570.0 1.1536730892689984e-06
1666110.0 1.138861575321076e-06
1671670.0 1.123491319556926e-06
1677260.0 1.1088444675092135e-06
1682860.0 1.0936492319503891e-06
1688470.0 1.0791854660673918e-06
1694110.0 1.0654335809403369e-06
1699770.0 1.051127753294629e-06
1705440.0 1.036910802272955e-06
1711130.0 1.023404743382685e-06
1716850.0 1.0099705614703903e-06
1722580.0 9.966198135218478e-07
1728330.0 9.833462118302003e-07
1734100.0 9.701494482489566e-07
1739890.0 9.576474493386302e-07
1745700.0 9.4460137511933e-07
1751530.0 9.322453414826402e-07
1757370.0 9.199660546090819e-07
1763240.0 9.077526643052769e-07
1769130.0 8.956101983635516e-07
1775030.0 8.835433387898706e-07
1780960.0 8.721457290330531e-07
1786910.0 8.608141330594313e-07
1792870.0 8.489530445188453e-07
1798860.0 8.377545611404025e-07
1804860.0 8.266258295820987e-07
1810890.0 8.161513301256936e-07
1816930.0 8.05149899631708e-07
1823000.0 7.942083006387065e-07
1829090.0 7.839188446146075e-07
1835190.0 7.736934633078337e-07
1841320.0 7.635233931960082e-07
1847470.0 7.534126571968392e-07
1853630.0 7.433650023053226e-07
1859820.0 7.333720772198308e-07
1866030.0 7.234376961178312e-07
1872260.0 7.141361210642621e-07
1878510.0 7.043161236594674e-07
1884780.0 6.951245935295181e-07
1891080.0 6.859831320354423e-07
1897390.0 6.768988090306174e-07
1903720.0 6.678676912590203e-07
1910080.0 6.588860839025808e-07
1916460.0 6.505185830035111e-07
1922850.0 6.41643858605678e-07
1929270.0 6.333756322143585e-07
1935710.0 6.251557921405907e-07
1942180.0 6.164270913826123e-07
1948660.0 6.083052357947254e-07
1955170.0 6.002280073988537e-07
1961690.0 5.92201370077986e-07
1968240.0 5.847655167133075e-07
1974810.0 5.768284508677127e-07
1981410.0 5.694782846586943e-07
1988020.0 5.616330220258604e-07
1994660.0 5.543706974599015e-07
2001320.0 5.471510954484454e-07
2008000.0 5.394383181200948e-07
2014700.0 5.325188776168986e-07
2021430.0 5.254778666255109e-07
2028180.0 5.185315067604315e-07
2034950.0 5.116262015430047e-07
2041740.0 5.048671127467516e-07
2048560.0 4.981980439819643e-07
2055400.0 4.915684495377216e-07
2062260.0 4.850824483241797e-07
2069150.0 4.786325150821412e-07
2076050.0 4.723267453984499e-07
2082990.0 4.660538029403364e-07
2089940.0 4.5987178983102654e-07
2096920.0 4.5377556232128306e-07
2103920.0 4.477666556221523e-07
2110940.0 4.4184437184424834e-07
2117990.0 4.3600595883633127e-07
2125060.0 4.302528537834931e-07
2132150.0 4.2453392029948087e-07
2139270.0 4.1889730287549096e-07
2146410.0 4.133443444304163e-07
2153580.0 4.078724736419603e-07
2160770.0 4.024829738904838e-07
2167980.0 3.9717517479467215e-07
2175220.0 3.9189715771708885e-07
2182480.0 3.8669990177133515e-07
2189770.0 3.815810035195322e-07
2197080.0 3.765416064897742e-07
2204420.0 3.7153057561451103e-07
2211780.0 3.6664675632602584e-07
2219160.0 3.61792071737691e-07
2226570.0 3.5696475975516205e-07
2234000.0 3.522626181019417e-07
2241460.0 3.4758699800639957e-07
2248940.0 3.429871772984765e-07
2256450.0 3.384610244970516e-07
2263980.0 3.339619497253105e-07
2271540.0 3.2953570590980985e-07
2279130.0 3.2518174308449077e-07
2286740.0 3.2085387706076837e-07
2294370.0 3.1659884403747094e-07
2302030.0 3.124146735746658e-07
2309710.0 3.0830215848502554e-07
2317430.0 3.042116508113768e-07
2325160.0 3.00193276873718e-07
2332930.0 2.96196453974864e-07
2340710.0 2.9227087223021635e-07
2348530.0 2.884121895632267e-07
2356370.0 2.845767030525171e-07
2364240.0 2.8080858890777564e-07
2372130.0 2.7710848771243744e-07
2380050.0 2.734294723536434e-07
2387990.0 2.6981764607213534e-07
2395970.0 2.6622531401157276e-07
2403970.0 2.626993917691745e-07
2411990.0 2.592393062578624e-07
2420040.0 2.557989833930269e-07
2428120.0 2.5242265435421015e-07
2436230.0 2.4906565439660005e-07
2444360.0 2.4577292591158335e-07
2452520.0 2.4249906184326597e-07
2460710.0 2.3928770776441776e-07
2468930.0 2.3613835865927305e-07
2477170.0 2.3300802945146985e-07
2485440.0 2.2993896011912618e-07
2493740.0 2.2688751744795542e-07
2502060.0 2.2385453046004006e-07
2510420.0 2.2092382458157637e-07
2518800.0 2.179681366836546e-07
2527210.0 2.1507206124620523e-07
2535640.0 2.1223594491953916e-07
2544110.0 2.0941533143202855e-07
2552600.0 2.0665395775829385e-07
2561120.0 2.0390850342744726e-07
2569670.0 2.0122076619679235e-07
2578250.0 1.9854854503935575e-07
2586860.0 1.9593336031832088e-07
2595500.0 1.9333329173507375e-07
2604160.0 1.907903167141194e-07
2612860.0 1.8826131658416392e-07
2621580.0 1.8574768503191046e-07
2630330.0 1.8328952445219345e-07
2639110.0 1.8084560839780086e-07
2647920.0 1.784565011615257e-07
2656760.0 1.7612173842690307e-07
2665630.0 1.737601522941916e-07
2674530.0 1.714525266074405e-07
2683460.0 1.6919840186377085e-07
2692420.0 1.6695736955724261e-07
2701410.0 1.647293740754894e-07
2710430.0 1.625540457232798e-07
2719480.0 1.6043093243147796e-07
2728560.0 1.5828073997172032e-07
2737670.0 1.561823908054088e-07
2746810.0 1.5413543785910737e-07
2755980.0 1.5210040649616687e-07
2765180.0 1.5007724434750616e-07
2774410.0 1.480658989674808e-07
2783670.0 1.461049597238266e-07
2792960.0 1.4419398844416148e-07
2802290.0 1.422936565079225e-07
2811640.0 1.4040493783918532e-07
2821030.0 1.3852677502782597e-07
2830450.0 1.3669762869432548e-07
2839900.0 1.348791922669669e-07
2849380.0 1.3310916738047923e-07
2858890.0 1.3134950298270324e-07
2868440.0 1.29599699423328e-07
2878010.0 1.2789799524532799e-07
2887620.0 1.2620582236518717e-07
2897260.0 1.2452358582257623e-07
2906930.0 1.2288824223252623e-07
2916640.0 1.212251993647323e-07
2926380.0 1.1964548194641774e-07
2936150.0 1.1803840375697363e-07
2945950.0 1.1647731264082664e-07
2955780.0 1.1496179871572754e-07
2965650.0 1.1341853063954893e-07
2975550.0 1.1192052280247623e-07
2985490.0 1.104309704131108e-07
2995450.0 1.0898648628516346e-07
3005450.0 1.0755014484591247e-07
3015490.0 1.0612192224527437e-07
3025560.0 1.047021403626625e-07
3035660.0 1.0332619151368623e-07
3045790.0 1.019583639269997e-07
3055960.0 1.0059828793570464e-07
3066160.0 9.928134506526093e-08
3076400.0 9.793689628139387e-08
3086670.0 9.667012636786872e-08
3096970.0 9.537610113795541e-08
3107310.0 9.412406073968901e-08
3117690.0 9.2879133721721e-08
3128100.0 9.164158999031414e-08
3138540.0 9.041139156567415e-08
3149020.0 8.922237596804246e-08
3159530.0 8.804041229462584e-08
3170080.0 8.686518994586676e-08
3180660.0 8.573077445576462e-08
3191280.0 8.460282044112433e-08
3201930.0 8.348156660333931e-08
3212620.0 8.236672133371181e-08
3223350.0 8.125826237547526e-08
3234110.0 8.018967506219393e-08
3244910.0 7.912719921439911e-08
3255740.0 7.81040919240248e-08
3266610.0 7.705389569863813e-08
3277520.0 7.604255731957606e-08
3288460.0 7.503724500343189e-08
3299440.0 7.403770183483083e-08
3310450.0 7.30441272877835e-08
3321500.0 7.208865683224337e-08
3332590.0 7.113866877016071e-08
3343720.0 7.019414264507894e-08
3354880.0 6.925526431158696e-08
3366080.0 6.835375566612654e-08
3377320.0 6.74255777838904e-08
3388600.0 6.653451605384732e-08
3399910.0 6.564878771468814e-08
3411260.0 6.479970592348533e-08
3422650.0 6.392408033761175e-08
3434080.0 6.308485200025336e-08
3445540.0 6.225064969396183e-08
3457040.0 6.142126748201827e-08
3468580.0 6.06276977253125e-08
3480160.0 5.980779468920038e-08
3491780.0 5.902345966973739e-08
3503440.0 5.82436625846664e-08
3515140.0 5.746838489666177e-08
3526870.0 5.669776876541514e-08
3538650.0 5.596186885287681e-08
3550460.0 5.520008913105923e-08
3562310.0 5.447294478773981e-08
3574210.0 5.374987016357917e-08
3586140.0 5.3061145738438543e-08
3598110.0 5.234651099299267e-08
3610120.0 5.166583892227254e-08
3622180.0 5.0959280295465e-08
3634270.0 5.028659390791138e-08
3646400.0 4.961782398606374e-08
3658580.0 4.8982220799978506e-08
3670790.0 4.832113717087141e-08
3683050.0 4.769299550836008e-08
3695340.0 4.7039531098124475e-08
3707680.0 4.641878501913483e-08
3720060.0 4.580166471275957e-08
3732480.0 4.521697291706205e-08
3744940.0 4.460695954142878e-08
3757440.0 4.402915104624577e-08
3769980.0 4.3426180854754724e-08
3782570.0 4.2855079890374966e-08
3795200.0 4.2287322350090374e-08
3807870.0 4.1722892857474224e-08
3820580.0 4.118993046025541e-08
3833340.0 4.0631911273189954e-08
3846130.0 4.010524949822866e-08
3858980.0 3.955358915950577e-08
3871860.0 3.9033069890802304e-08
3884780.0 3.8515605640487764e-08
3897750.0 3.800108446480822e-08
3910770.0 3.751700194996978e-08
3923820.0 3.700843520052794e-08
3936920.0 3.65300988975424e-08
3950070.0 3.6027247477732e-08
3963250.0 3.555460498014051e-08
3976490.0 3.508456627093717e-08
3989760.0 3.461738692901228e-08
4003080.0 3.417974925996931e-08
4016450.0 3.371781284735899e-08
4029850.0 3.325869403425737e-08
4043310.0 3.2828735157001065e-08
4056810.0 3.2401309931043325e-08
4070350.0 3.1976405747677175e-08
4083940.0 3.152759391132946e-08
4097570.0 3.113395820509756e-08
4111250.0 3.071639479870198e-08
4124980.0 3.0301233729585456e-08
4138750.0 2.991452838516271e-08
4152570.0 2.9504128611388628e-08
4166430.0 2.9121989471086953e-08
4180340.0 2.874204056039642e-08
4194300.0 2.8338627859225487e-08
4208300.0 2.796318657751971e-08
4222350.0 2.7615383748132625e-08
4236450.0 2.7244175385795782e-08
4250590.0 2.6875176871300525e-08
4264780.0 2.6533536443177116e-08
4279020.0 2.6168717789671383e-08
4293300.0 2.583113322877768e-08
4307640.0 2.547046074772682e-08
4322020.0 2.5136837180320675e-08
4336450.0 2.4805140270230524e-08
4350930.0 2.448277905982174e-08
4365450.0 2.415740691441988e-08
4380030.0 2.3838777219439887e-08
4394650.0 2.352204766121815e-08
4409320.0 2.3212034366838052e-08
4424040.0 2.2903818228225867e-08
4438810.0 2.2599815094466052e-08
4453630.0 2.230240853744885e-08
4468500.0 2.2006728483788694e-08
4483420.0 2.171516684808332e-08
4498380.0 2.1427740007582763e-08
4513400.0 2.1141937528379177e-08
4528470.0 2.0862551333224683e-08
4543590.0 2.0587159373183286e-08
4558760.0 2.031337141609467e-08
4573980.0 2.004588387954792e-08
4589250.0 1.977995507281439e-08
4604570.0 1.951791422727959e-08
4619940.0 1.9259731172731378e-08
4635370.0 1.9003014334301775e-08
4650840.0 1.875246534508631e-08
4666370.0 1.850333970437192e-08
4681950.0 1.825796928461245e-08
4697580.0 1.801632455710068e-08
4713260.0 1.777837614705135e-08
4729000.0 1.75440577352104e-08
4744780.0 1.7311148019669762e-08
4760620.0 1.7081826610143198e-08
4776520.0 1.685606644960004e-08
4792460.0 1.6631665499327546e-08
4808460.0 1.641302163480115e-08
4824520.0 1.619562658694432e-08
4840620.0 1.597954203230439e-08
4856780.0 1.5769124888030116e-08
4873000.0 1.555991175763606e-08
4889270.0 1.5354129806962314e-08
4905590.0 1.514955846037128e-08
4921970.0 1.495053240552946e-08
4938400.0 1.4752677280186883e-08
4954890.0 1.455595804889836e-08
4971430.0 1.4362563105261376e-08
4988030.0 1.4172436782642766e-08
5004680.0 1.3985581339169364e-08
5021390.0 1.3799800172482654e-08
5038150.0 1.361725128960902e-08
5054970.0 1.3437881373467535e-08
5071850.0 1.3259544313836308e-08
5088780.0 1.3084375641092102e-08
5105770.0 1.2910216935275709e-08
5122820.0 1.273916401384806e-08
5139920.0 1.2571216417818192e-08
5157080.0 1.2404238287388025e-08
5174290.0 1.2240328297993823e-08
5191570.0 1.2077342197240892e-08
5208900.0 1.1917388158322453e-08
5226290.0 1.1760418107279588e-08
5243740.0 1.1604356417729072e-08
5261250.0 1.145124389051338e-08
5278810.0 1.1299040108665478e-08
5296430.0 1.1149750216303772e-08
5314120.0 1.100130542032381e-08
5331860.0 1.0855761292947868e-08
5349660.0 1.0713073032610552e-08
5367520.0 1.0571212990702168e-08
5385440.0 1.0430177668690403e-08
5403420.0 1.0291954266250425e-08
5421460.0 1.0156519395820715e-08
5439560.0 1.0021872314302902e-08
5457720.0 9.88800962458917e-09
5475940.0 9.756892266111131e-09
5494220.0 9.628497222192936e-09
5512560.0 9.500850309211176e-09
5530970.0 9.375876090093767e-09
5549430.0 9.251647714361056e-09
5567960.0 9.128128322219886e-09
5586550.0 9.007257071989095e-09
5605200.0 8.889011497021769e-09
5623910.0 8.771456600602098e-09
5642690.0 8.654573924542705e-09
5661530.0 8.540276146362573e-09
5680430.0 8.426647539632442e-09
5699390.0 8.315572364980289e-09
5718420.0 8.205133319856832e-09
5737510.0 8.09721701603638e-09
5756660.0 7.989933177297612e-09
5775880.0 7.8832652075814e-09
5795170.0 7.779066980772077e-09
5814510.0 7.675494124656522e-09
5833930.0 7.574347946513711e-09
5853400.0 7.473809083345218e-09
5872940.0 7.37568050863001e-09
5892550.0 7.278116279752256e-09
5912220.0 7.181126392819414e-09
5931960.0 7.086509468220945e-09
5951770.0 6.992437934943896e-09
5971630.0 6.898932778992362e-09
5991570.0 6.8077519246240576e-09
6011570.0 6.7171089161442625e-09
6031640.0 6.6287734878214644e-09
6051780.0 6.540948314899342e-09
6071990.0 6.453631357462649e-09
6092260.0 6.3685966397215806e-09
6112600.0 6.284053931620059e-09
6133000.0 6.201765234890564e-09
6153480.0 6.119942586755281e-09
6174020.0 6.038604091322986e-09
6194630.0 5.957737678452627e-09
6215320.0 5.87906259103128e-09
6236070.0 5.800853751081062e-09
6256880.0 5.724827937370079e-09
6277770.0 5.649234170420408e-09
6298730.0 5.574079881390081e-09
6319760.0 5.501065257166198e-09
6340860.0 5.426778629854102e-09
6362030.0 5.356307368288058e-09
6383270.0 5.28456044701073e-09
6404580.0 5.2149119517537726e-09
6425960.0 5.145669349223488e-09
6447410.0 5.07683085684161e-09
6468940.0 5.0100497582501365e-09
6490540.0 4.9436583907594915e-09
6512200.0 4.87766250729179e-09
6533950.0 4.813684165545122e-09
6555760.0 4.750086874281778e-09
6577650.0 4.686854332538136e-09
6599610.0 4.625622104783452e-09
6621640.0 4.563123300636681e-09
6643750.0 4.502603841348383e-09
6665930.0 4.444052877024098e-09
6688180.0 4.384236054213807e-09
6710510.0 4.3263672979631395e-09
6732910.0 4.268838012128122e-09
6755390.0 4.213232676258953e-09
6777940.0 4.156366242908007e-09
6800570.0 4.101410434874034e-09
6823280.0 4.048348174892311e-09
6846060.0 3.994025889842423e-09
6868910.0 3.941589751081688e-09
6891840.0 3.88945617292195e-09
6914850.0 3.837623954891041e-09
6937940.0 3.7860918915652495e-09
6961100.0 3.736409386003159e-09
6984340.0 3.68701414530893e-09
7007660.0 3.637905003151887e-09
7031050.0 3.5906157683674864e-09
7054530.0 3.542070130387226e-09
7078080.0 3.4953317313047416e-09
7101710.0 3.448864462855612e-09
7125420.0 3.4041768054867894e-09
7149210.0 3.35824337474274e-09
7173070.0 3.314081887670118e-09
7197020.0 3.270172323383184e-09
7221050.0 3.2265182852466874e-09
7245160.0 3.184603340378739e-09
7269340.0 3.1414564439720492e-09
7293610.0 3.100032200833553e-09
7317960.0 3.0588492878096414e-09
7342390.0 3.0193716532586476e-09
7366910.0 2.9786593167376274e-09
7391500.0 2.939644538458758e-09
7416180.0 2.9008532836269116e-09
7440940.0 2.8622885823455835e-09
7465780.0 2.823949420270737e-09
7490700.0 2.787270779349282e-09
7515710.0 2.749371213873604e-09
7540800.0 2.713120736503393e-09
7565980.0 2.6770788415813404e-09
7591240.0 2.6426651934180544e-09
7616580.0 2.6070401475315266e-09
7642010.0 2.5730286398396443e-09
7667520.0 2.537813363374828e-09
7693120.0 2.50420056738996e-09
7718810.0 2.472175483410891e-09
7744570.0 2.4389518839860835e-09
7770430.0 2.4059176057460643e-09
7796370.0 2.3744578201554263e-09
7822400.0 2.343179726098503e-09
7848520.0 2.312082591818674e-09
7874720.0 2.2811685796635904e-09
7901010.0 2.2517953827179973e-09
7927390.0 2.221234884484868e-09
7953850.0 2.1922074479750997e-09
7980410.0 2.16334539318619e-09
8007050.0 2.1346534876636535e-09
8033780.0 2.10612827430643e-09
8060600.0 2.077769050283821e-09
8087510.0 2.0509051402632583e-09
8114510.0 2.0241969576897733e-09
8141600.0 1.9963226459545417e-09
8168780.0 1.969928322040285e-09
8196060.0 1.94368534426651e-09
8223420.0 1.9189058751704516e-09
8250870.0 1.8929663873272675e-09
8278420.0 1.8684757267053565e-09
8306060.0 1.8428325162212764e-09
8333790.0 1.818630502922454e-09
8361610.0 1.7945696998802075e-09
8389520.0 1.7706494766661933e-09
8417530.0 1.748145010685827e-09
8445640.0 1.7244957541481154e-09
8473830.0 1.7022567357831346e-09
8502120.0 1.6788802609991885e-09
8530510.0 1.6569003868425364e-09
8558990.0 1.635049134685498e-09
8587560.0 1.6133259118538375e-09
8616230.0 1.5917282781352456e-09
8645000.0 1.5702557335147429e-09
8673860.0 1.550149681411176e-09
8702810.0 1.52892516209395e-09
8731870.0 1.5090542677906383e-09
8761020.0 1.489299897576222e-09
8790270.0 1.4696598270625842e-09
8819620.0 1.450133587093731e-09
8849060.0 1.4307223238144845e-09
8878600.0 1.4114238940986185e-09
8908250.0 1.3934437527647594e-09
8937990.0 1.3743655799499506e-09
8967830.0 1.3565983001862808e-09
8997770.0 1.3389339868414293e-09
9027800.0 1.3213736661429012e-09
9057940.0 1.3039139481634408e-09
9088180.0 1.2865558816011822e-09
9118530.0 1.2692976342099996e-09
9148970.0 1.2521415723185868e-09
9179510.0 1.2362576466903725e-09
9210160.0 1.2192965762585465e-09
9240910.0 1.2035990291290116e-09
9271760.0 1.1868326432836106e-09
9302710.0 1.171321171805464e-09
9333770.0 1.1558989484036533e-09
9364930.0 1.1406817071373705e-09
9396200.0 1.1255522180884167e-09
9427570.0 1.1106254131327625e-09
9459040.0 1.0960134670732114e-09
9490620.0 1.081485890814335e-09
9522300.0 1.067156431437966e-09
9554090.0 1.0530224659374563e-09
9585990.0 1.0390825359300698e-09
9617990.0 1.0253362550925335e-09
9650100.0 1.0116696093962324e-09
9682320.0 9.983044634098258e-10
9714650.0 9.851275454283086e-10
9747080.0 9.720280685321152e-10
9779620.0 9.59224663971749e-10
9812270.0 9.464955683358471e-10
9845030.0 9.339497284277876e-10
9877900.0 9.21585740078084e-10
9910870.0 9.094031231845882e-10
9943960.0 8.972904638630457e-10
9977160.0 8.854640153716291e-10
10010500.0 8.737037940337478e-10
10043900.0 8.621235941466674e-10
10077400.0 8.507184558348223e-10
10111100.0 8.394786748143343e-10
10144800.0 8.283135686263494e-10
10178700.0 8.174176936245751e-10
10212700.0 8.065862568363248e-10
10246800.0 7.958189339392012e-10
10281000.0 7.853246536712942e-10
10315300.0 7.748924487412819e-10
10349700.0 7.646259361249662e-10
10384300.0 7.545164997380112e-10
10419000.0 7.44570303085857e-10
10453700.0 7.346901372216208e-10
10488600.0 7.249640800107756e-10
10523700.0 7.153911527536543e-10
10558800.0 7.058818709385767e-10
10594000.0 6.965305631493395e-10
10629400.0 6.873294575090983e-10
10664900.0 6.781830758178997e-10
10700500.0 6.691916543562146e-10
10736200.0 6.603539028792571e-10
10772100.0 6.51562633724704e-10
10808000.0 6.430288162851578e-10
10844100.0 6.34440606741808e-10
10880300.0 6.261013617030955e-10
10916600.0 6.17811764460321e-10
10953100.0 6.095659831533438e-10
10989700.0 6.014673826174954e-10
11026300.0 5.935201002994054e-10
11063200.0 5.857067513573317e-10
11100100.0 5.77945350159145e-10
11137200.0 5.70321723008644e-10
11174300.0 5.62748718549011e-10
11211600.0 5.553118716666493e-10
11249100.0 5.479146025080582e-10
11286600.0 5.406617929468785e-10
11324300.0 5.335425847054853e-10
11362100.0 5.264659870698565e-10
11400000.0 5.194317624028513e-10
11438100.0 5.126232780015118e-10
11476300.0 5.057618638690543e-10
11514600.0 4.991284773715338e-10
11553000.0 4.925348093797365e-10
11591600.0 4.859764432853041e-10
11630300.0 4.795499763301904e-10
11669100.0 4.731620810036846e-10
11708100.0 4.669004237811794e-10
11747200.0 4.6076798951324623e-10
11786400.0 4.5467238521920066e-10
11825800.0 4.4860960576748843e-10
11865200.0 4.426777477942212e-10
11904800.0 4.36777816542136e-10
11944600.0 4.3099984512825016e-10
11984500.0 4.253464568711437e-10
12024500.0 4.1963764082667044e-10
12064600.0 4.141415659763996e-10
12104900.0 4.08675153172471e-10
12145300.0 4.032416973146828e-10
12185900.0 3.979260106893901e-10
12226500.0 3.9264562719696233e-10
12267400.0 3.8739072241774806e-10
12308300.0 3.822581345885745e-10
12349400.0 3.77240538830297e-10
12390600.0 3.7225322603467047e-10
12432000.0 3.672930610343876e-10
12473500.0 3.6244915296902017e-10
12515200.0 3.5763165465503065e-10
12556900.0 3.529318161029756e-10
12598900.0 3.482547967606911e-10
12640900.0 3.436088566631399e-10
12683100.0 3.390731521460171e-10
12725500.0 3.345622722701043e-10
12768000.0 3.3016301363318647e-10
12810600.0 3.257904017269945e-10
12853300.0 3.214442736619505e-10
12896300.0 3.172029580158424e-10
12939300.0 3.129898319275594e-10
12982500.0 3.0888271284930313e-10
13025900.0 3.0479815650910006e-10
13069300.0 3.007407278261035e-10
13113000.0 2.967033692887596e-10
13156800.0 2.927723634390248e-10
13200700.0 2.8894674097668056e-10
13244700.0 2.85144326102303e-10
13289000.0 2.8136073957735557e-10
13333300.0 2.7760229504772144e-10
13377800.0 2.7394505489552374e-10
13422500.0 2.7030803726600055e-10
13467300.0 2.6669318311944087e-10
13512300.0 2.6317801131940885e-10
13557400.0 2.5968425949503966e-10
13602700.0 2.5628898523896734e-10
13648100.0 2.528355827431587e-10
13693600.0 2.4956036244480656e-10
13739300.0 2.462249589867209e-10
13785200.0 2.42986176576586e-10
13831200.0 2.3976715712887187e-10
13877400.0 2.365660690055884e-10
13923700.0 2.33461801881734e-10
13970200.0 2.3037481322409464e-10
14016900.0 2.273050632126786e-10
14063700.0 2.2425410563282368e-10
14110600.0 2.21298049178358e-10
14157700.0 2.1835849326401425e-10
14205000.0 2.15511122135655e-10
14252400.0 2.1260568586938165e-10
14300000.0 2.0979179910054685e-10
14347700.0 2.0707011155070936e-10
14395600.0 2.042889000353689e-10
14443700.0 2.0159781785189734e-10
14491900.0 1.989232270486094e-10
14540300.0 1.9626366900435588e-10
14588800.0 1.9369416273357485e-10
14637500.0 1.9113907266617374e-10
14686400.0 1.8859835977602812e-10
14735400.0 1.8607324713806213e-10
14784600.0 1.836351448971897e-10
14834000.0 1.8121077259105973e-10
14883500.0 1.7880129257127488e-10
14933200.0 1.7640542384441108e-10
14983100.0 1.7409491862347562e-10
15033100.0 1.7179860940866727e-10
15083300.0 1.69515276827715e-10
15133600.0 1.672459873955643e-10
15184200.0 1.6505931410471404e-10
15234900.0 1.6288609702775112e-10
15285700.0 1.6072624492089806e-10
15336700.0 1.5857863323704958e-10
15387900.0 1.5651312714868133e-10
15439300.0 1.5438964924773014e-10
15490900.0 1.5234773554248072e-10
15542600.0 1.503184127108431e-10
15594500.0 1.4836962062197139e-10
15646500.0 1.4636407335019768e-10
15698800.0 1.444375723662733e-10
15751200.0 1.425229600572296e-10
15803800.0 1.4061926472387769e-10
15856500.0 1.3879516196753697e-10
15909500.0 1.369805610253799e-10
15962600.0 1.3510977679219331e-10
16015900.0 1.333168958920883e-10
16069300.0 1.316020290441013e-10
16123000.0 1.2982938877463305e-10
16176800.0 1.2813421984655115e-10
16230800.0 1.264487308089539e-10
16285000.0 1.2477288746786914e-10
16339400.0 1.2310665537379154e-10
16393900.0 1.214507406544391e-10
16448700.0 1.198690092299293e-10
16503600.0 1.1829706530853067e-10
16558700.0 1.1673413504269026e-10
16614000.0 1.1518018519543301e-10
16669400.0 1.1363586402284741e-10
16725100.0 1.1209976302969676e-10
16780900.0 1.1063730098259081e-10
16836900.0 1.091832357185429e-10
16893100.0 1.0773753537718433e-10
16949500.0 1.0630016792773175e-10
17006100.0 1.0487110117557029e-10
17062900.0 1.0351334378200022e-10
17119900.0 1.0216340244592067e-10
17177000.0 1.0075921120944833e-10
17234400.0 9.942500875346515e-11
17291900.0 9.816130288065471e-11
17349600.0 9.684285708016431e-11
17407600.0 9.553150538351319e-11
17465700.0 9.428991082723957e-11
17524000.0 9.305548721505315e-11
17582500.0 9.182820533927857e-11
17641200.0 9.060803589320111e-11
17700100.0 8.9394949476015e-11
17759200.0 8.818891659768949e-11
17818500.0 8.705027541982823e-11
17878000.0 8.58580599054415e-11
17937600.0 8.473324859044718e-11
17997500.0 8.361449339311169e-11
18057600.0 8.250224668666101e-11
18117900.0 8.139648053557929e-11
18178400.0 8.035633950883151e-11
18239100.0 7.926325350778629e-11
18300000.0 7.82353439609637e-11
18361100.0 7.72134121549039e-11
18422400.0 7.619743189536526e-11
18483900.0 7.518737694863895e-11
18545600.0 7.418322104503054e-11
18607500.0 7.318493788227805e-11
18669600.0 7.219250112890792e-11
18731900.0 7.126330852787377e-11
18794500.0 7.033915341989931e-11
18857200.0 6.93637234786749e-11
18920200.0 6.845052675548288e-11
18983300.0 6.754303552365007e-11
19046700.0 6.664050760463102e-11
19110300.0 6.579956717766822e-11
19174100.0 6.490742817511185e-11
19238100.0 6.407645406847244e-11
19302300.0 6.319460794577323e-11
19366800.0 6.237318469721203e-11
19431400.0 6.155689789908259e-11
19496300.0 6.074508590237639e-11
19561400.0 5.993804792707927e-11
19626700.0 5.913576113982667e-11
19692200.0 5.833820272012794e-11
19758000.0 5.759950048349121e-11
19823900.0 5.681115436392873e-11
19890100.0 5.608126746183291e-11
19956500.0 5.5301767864348466e-11
20023200.0 5.458034206981832e-11
20090000.0 5.3863438540562565e-11
20157100.0 5.314515922314683e-11
20224400.0 5.244176490649581e-11
20291900.0 5.1747827341131154e-11
20359600.0 5.1063272919045053e-11
20427600.0 5.0387781788962237e-11
20495800.0 4.9721535996269724e-11
20564200.0 4.9059232242075317e-11
20632900.0 4.841104267328757e-11
20701800.0 4.777188975477444e-11
20770900.0 4.713652332239355e-11
20840200.0 4.651524696163513e-11
20909800.0 4.5897430256751984e-11
20979600.0 4.528840830549304e-11
21049600.0 4.4688110977868264e-11
21119900.0 4.409625978551388e-11
21190400.0 4.351300114669559e-11
21261200.0 4.2938064088778e-11
21332200.0 4.236654620290994e-11
21403400.0 4.1808480807542424e-11
21474800.0 4.12537317843515e-11
21546500.0 4.070708499197339e-11
21618500.0 4.0168482572197075e-11
21690600.0 3.963823225014777e-11
21763100.0 3.9110776516354195e-11
21835700.0 3.859157281935572e-11
21908600.0 3.808019860103649e-11
21981700.0 3.7576767846902436e-11
22055100.0 3.708104713832026e-11
22128800.0 3.65881189987925e-11
22202600.0 3.61031455285019e-11
22276800.0 3.5625574425962345e-11
22351100.0 3.515582947076272e-11
22425800.0 3.4688578503137065e-11
22500600.0 3.422905850323381e-11
22575700.0 3.3776899496830614e-11
22651100.0 3.332729740203943e-11
22726700.0 3.288985531982739e-11
22802600.0 3.245016960172885e-11
22878700.0 3.2022524545743117e-11
22955100.0 3.159730200648239e-11
23031800.0 3.117916482879495e-11
23108700.0 3.0768191891763705e-11
23185800.0 3.0359683230018394e-11
23263200.0 2.995811999855763e-11
23340900.0 2.955884009898209e-11
23418800.0 2.917114698802954e-11
23497000.0 2.8781079161155736e-11
23575400.0 2.8402483500476604e-11
23654100.0 2.8026042080848393e-11
23733100.0 2.765628007730051e-11
23812300.0 2.7288742348305934e-11
23891800.0 2.692780553951878e-11
23971600.0 2.65689302907434e-11
24051600.0 2.6216690805460707e-11
24131900.0 2.5870922639584036e-11
24212500.0 2.5527131668177063e-11
24293300.0 2.5189842435396644e-11
24374400.0 2.4858896596692846e-11
24455800.0 2.452984482932634e-11
24537500.0 2.4202680352425793e-11
24619400.0 2.3881862489288194e-11
24701600.0 2.3567240496180018e-11
24784000.0 2.3254517846679263e-11
24866800.0 2.2947824369612586e-11
24949800.0 2.2642985024187194e-11
25033100.0 2.2344196393142436e-11
25116700.0 2.2047126322402316e-11
25200500.0 2.175612305014247e-11
25284600.0 2.1466794022778627e-11
25369100.0 2.1183289419889015e-11
25453800.0 2.0901502922780265e-11
25538700.0 2.062563594936888e-11
25624000.0 2.0351279368733605e-11
25709500.0 2.0082771058139498e-11
25795400.0 1.9815735460355146e-11
25881500.0 1.9554477473074498e-11
25967900.0 1.929472906722184e-11
26054600.0 1.90406126910629e-11
26141600.0 1.87879663026144e-11
26228900.0 1.8536783943370937e-11
26316400.0 1.829121654552538e-11
26404300.0 1.8051077138025667e-11
26492400.0 1.781239680257274e-11
26580900.0 1.7575034179782667e-11
26669600.0 1.7343150150614068e-11
26758600.0 1.7112611589703826e-11
26848000.0 1.6887356449724575e-11
26937600.0 1.6663472745907657e-11
27027500.0 1.6440890978378275e-11
27117800.0 1.6223512403166934e-11
27208300.0 1.601141249639289e-11
27299200.0 1.5796547091273306e-11
27390300.0 1.5586921221494267e-11
27481700.0 1.538243138388912e-11
27573500.0 1.5179077041077734e-11
27665500.0 1.4976963981192755e-11
27757900.0 1.4779852924815785e-11
27850600.0 1.4583892698247083e-11
27943500.0 1.4389129653116329e-11
28036800.0 1.4199291402458093e-11
28130400.0 1.4010563018052282e-11
28224400.0 1.3826701609392002e-11
28318600.0 1.3643964457467157e-11
28413100.0 1.3462296858362344e-11
28508000.0 1.3285420516976487e-11
28603200.0 1.3109580373160912e-11
28698700.0 1.2934771629419689e-11
28794500.0 1.2764725139987921e-11
28890600.0 1.2595675601252229e-11
28987000.0 1.2427618346420569e-11
29083800.0 1.2264205046808644e-11
29180900.0 1.2101751504342e-11
29278300.0 1.1940253163801646e-11
29376100.0 1.1783327064822723e-11
29474200.0 1.162732403838421e-11
29572600.0 1.147223964600167e-11
29671300.0 1.131806945225029e-11
29770300.0 1.1168422231965549e-11
29869700.0 1.1023220616763435e-11
29969500.0 1.0875247804943981e-11
30069500.0 1.0731763134555728e-11
30169900.0 1.0589089259784694e-11
30270600.0 1.0450811770944672e-11
30371700.0 1.030977374588227e-11
30473100.0 1.0173101325844504e-11
30574800.0 1.00407550989016e-11
30676900.0 9.905650757823517e-12
30779300.0 9.774842271201121e-12
30882100.0 9.644776349512667e-12
30985200.0 9.518952885219859e-12
31088600.0 9.393873322534425e-12
31192400.0 9.269504155203606e-12
31296500.0 9.145872306698905e-12
31401000.0 9.022945252776395e-12
31505900.0 8.904134824549868e-12
31611000.0 8.786057348870325e-12
31716600.0 8.672017258849272e-12
31822500.0 8.555273158248815e-12
31928700.0 8.442593147082466e-12
32035300.0 8.33055621617812e-12
32142200.0 8.21918572123283e-12
32249600.0 8.111763286255137e-12
32357200.0 8.005004489381573e-12
32465200.0 7.898856044355842e-12
32573600.0 7.793315790659465e-12
32682400.0 7.69167281094882e-12
32791500.0 7.587354572494627e-12
32901000.0 7.486906589522697e-12
33010800.0 7.387057870145978e-12
33121000.0 7.291030839294356e-12
33231600.0 7.19555407854939e-12
33342500.0 7.097420743934933e-12
33453800.0 7.006285082520636e-12
33565500.0 6.912466740614094e-12
33677600.0 6.81918975433332e-12
33790000.0 6.729655330260851e-12
33902800.0 6.6406362409149846e-12
34016000.0 6.552130499984444e-12
34129600.0 6.4672878110781855e-12
34243500.0 6.379810907645316e-12
34357900.0 6.295953181232134e-12
34472600.0 6.212597970415887e-12
34587600.0 6.129742444820164e-12
34703100.0 6.050448548529956e-12
34819000.0 5.968522818403546e-12
34935200.0 5.89016914899646e-12
35051900.0 5.8122520746107655e-12
35168900.0 5.734803185032149e-12
35286300.0 5.65780376446681e-12
35404100.0 5.584290194205135e-12
35522300.0 5.511202144996548e-12
35640900.0 5.438537844043325e-12
35759900.0 5.366295513586912e-12
35879300.0 5.294473371188107e-12
35999000.0 5.223084138932257e-12
36119200.0 5.155074853775832e-12
36239800.0 5.087460565444007e-12
36360800.0 5.020239575054878e-12
36482200.0 4.9534101803546144e-12
36604000.0 4.886970675959208e-12
36726200.0 4.82384822318708e-12
36848800.0 4.758173627241351e-12
36971800.0 4.695793235576672e-12
37095300.0 4.633764070884887e-12
37219100.0 4.572109705240016e-12
37343400.0 4.5108037383286264e-12
37468000.0 4.452739792997454e-12
37593100.0 4.392140966178133e-12
37718600.0 4.334749985358909e-12
37844500.0 4.277694434855419e-12
37970900.0 4.220961664906897e-12
38097700.0 4.164561627713503e-12
38224800.0 4.108503530856096e-12
38352500.0 4.055558262405849e-12
38480500.0 4.00013784906765e-12
38609000.0 3.947819860491074e-12
38737900.0 3.8958087425067476e-12
38867200.0 3.844103047788478e-12
38997000.0 3.792691603755586e-12
39127100.0 3.7443417277241e-12
39257800.0 3.693515828892242e-12
39388800.0 3.645730371340659e-12
39520300.0 3.5954943900556203e-12
39652300.0 3.5482596390749647e-12
39784700.0 3.501303124811028e-12
39917500.0 3.45462349026984e-12
40050700.0 3.410905131909012e-12
40184500.0 3.3647495156024163e-12
40318600.0 3.3188755475860365e-12
40453200.0 3.27592429391505e-12
40588300.0 3.2332180860076966e-12
40723800.0 3.1907638932026997e-12
40859700.0 3.1485604551112713e-12
40996100.0 3.10659893554294e-12
41133000.0 3.064878458053481e-12
41270300.0 3.0234054661297765e-12
41408100.0 2.984769208271871e-12
41546400.0 2.9437647268293853e-12
41685100.0 2.905584923413189e-12
41824200.0 2.867630925043345e-12
41963900.0 2.829888084268255e-12
42104000.0 2.792369176887027e-12
42244500.0 2.7550730407006385e-12
42385600.0 2.7179856911806098e-12
42527100.0 2.6836485865919958e-12
42669000.0 2.6469934390560642e-12
42811500.0 2.6130572520429045e-12
42954400.0 2.5768180160836033e-12
43097800.0 2.5432854875379517e-12
43241700.0 2.5099463429875494e-12
43386100.0 2.476303955050381e-12
43530900.0 2.4433565241923076e-12
43676300.0 2.411087002878437e-12
43822100.0 2.3790099061586742e-12
43968400.0 2.3476081459329327e-12
44115200.0 2.3163884103120712e-12
44262400.0 2.285841148326019e-12
44410200.0 2.2554659174858945e-12
44558500.0 2.225750036107668e-12
44707200.0 2.1962116500043614e-12
44856500.0 2.1670799237412404e-12
45006200.0 2.138361477853615e-12
45156500.0 2.110043619742546e-12
45307300.0 2.082128083339455e-12
45458500.0 2.0546163056572383e-12
45610300.0 2.027260266894834e-12
45762600.0 2.0005339692607568e-12
45915300.0 1.9739677774561232e-12
46068600.0 1.9477858278268164e-12
46222400.0 1.9219894749832614e-12
46376700.0 1.8965757169907e-12
46531600.0 1.8715375449138087e-12
46686900.0 1.84664969821642e-12
46842800.0 1.8223628053086904e-12
46999200.0 1.7982179066317657e-12
47156100.0 1.7744424641408837e-12
47313500.0 1.7508062081473612e-12
47471500.0 1.7277580448309277e-12
47630000.0 1.7048448986185719e-12
47789000.0 1.6822912310838536e-12
47948500.0 1.6598698345793916e-12
48108600.0 1.6380238696303495e-12
48269200.0 1.6163060814280597e-12
48430300.0 1.5949379727544208e-12
48592000.0 1.5736921200631704e-12
48754300.0 1.5527887205719947e-12
48917000.0 1.532231399425748e-12
49080300.0 1.5120110561078052e-12
49244200.0 1.4919066429846868e-12
49408600.0 1.4721384253935059e-12
49573500.0 1.4527036567194399e-12
49739100.0 1.4335938421265605e-12
49905100.0 1.4145995142671441e-12
50071700.0 1.3957144048632122e-12
50238900.0 1.377366322961496e-12
50406600.0 1.35912648262869e-12
50574900.0 1.3409916965908453e-12
50743700.0 1.323388129022092e-12
50913100.0 1.3056746264586487e-12
51083100.0 1.288484620082773e-12
51253700.0 1.2713937641174934e-12
51424800.0 1.2546132812339519e-12
51596500.0 1.237929696038504e-12
51768700.0 1.221552766122273e-12
51941500.0 1.205477593648817e-12
52115000.0 1.1894930476343844e-12
52288900.0 1.1736056012733464e-12
52463500.0 1.1582180929881303e-12
52638700.0 1.1427152891977037e-12
52814400.0 1.1277120049760015e-12
52990700.0 1.1127956139042873e-12
53167600.0 1.097965756585426e-12
53345100.0 1.0834237147741244e-12
53523200.0 1.0691671140592394e-12
53701900.0 1.0549932898358127e-12
53881200.0 1.0409018920078278e-12
54061100.0 1.0270915412546729e-12
54241600.0 1.0135598994728458e-12
54422700.0 1.0001069914864499e-12
54604400.0 9.869294692908521e-13
54786700.0 9.73828689450564e-13
54969600.0 9.610000005957745e-13
55153100.0 9.482460823630542e-13
55337200.0 9.355666057842833e-13
55522000.0 9.233470516216868e-13
55707300.0 9.110073006162577e-13
55893300.0 8.989305626998818e-13
56079900.0 8.871162549815357e-13
56267100.0 8.75370973718652e-13
56455000.0 8.636928768560889e-13
56643400.0 8.522746380963838e-13
56832500.0 8.409217456241926e-13
57022300.0 8.298226063465982e-13
57212700.0 8.187885225407701e-13
57403700.0 8.08006578431556e-13
57595300.0 7.972878403108358e-13
57787600.0 7.868167928214765e-13
57980500.0 7.764071686971658e-13
58174100.0 7.660573621670414e-13
58368300.0 7.559527340232598e-13
58563200.0 7.459062062547467e-13
58758700.0 7.361018765908474e-13
58954900.0 7.26353947406225e-13
59151700.0 7.166634151146948e-13
59349200.0 7.072100543022149e-13
59547300.0 6.978123706321888e-13
59746100.0 6.886489800296879e-13
59945600.0 6.795384327416415e-13
60145700.0 6.704816357904712e-13
60346500.0 6.616554762052652e-13
60548000.0 6.528803109579031e-13
60750100.0 6.441569963002072e-13
60952900.0 6.356607058736792e-13
61156400.0 6.272135857761143e-13
61360600.0 6.189907377098889e-13
61565400.0 6.1064176564161e-13
61771000.0 6.026886290759016e-13
61977200.0 5.94608943769815e-13
62184100.0 5.867492201065244e-13
62391700.0 5.789351296124589e-13
62600000.0 5.713383114937649e-13
62809000.0 5.637855987641533e-13
63018700.0 5.562768042826293e-13
63229100.0 5.489818619016597e-13
63440200.0 5.417293300255476e-13
63652000.0 5.345190259694472e-13
63864500.0 5.273507666908496e-13
64077700.0 5.203922372791276e-13
64291600.0 5.13474268583668e-13
64506300.0 5.067626500744768e-13
64721600.0 5.00090924558798e-13
64937700.0 4.934573603831084e-13
65154500.0 4.868625694276781e-13
65372000.0 4.804709226160071e-13
65590200.0 4.741166062419626e-13
65809200.0 4.677987409087109e-13
66028900.0 4.615178925241447e-13
66249400.0 4.554355703178888e-13
66470500.0 4.49389545298266e-13
66692500.0 4.435389120865362e-13
66915100.0 4.3756242451796024e-13
67138500.0 4.317806402651934e-13
67362700.0 4.260321459803068e-13
67587500.0 4.204772093754471e-13
67813200.0 4.1495359513042365e-13
68039600.0 4.0946241432833026e-13
68266700.0 4.0400351319998287e-13
68494700.0 3.9857557421529956e-13
68723300.0 3.9333673960494596e-13
68952800.0 3.881275761184532e-13
69183000.0 3.8294909882873506e-13
69413900.0 3.7795612266431874e-13
69645700.0 3.7283698601201015e-13
69878200.0 3.6790206209428735e-13
70111500.0 3.6314914813161744e-13
70345500.0 3.5827128242702493e-13
70580400.0 3.5357365673420875e-13
70816000.0 3.4890374697181446e-13
71052400.0 3.4426093093757394e-13
71289700.0 3.396446189721901e-13
71527700.0 3.352060424421181e-13
71766500.0 3.307932181565555e-13
72006100.0 3.2640603698405816e-13
72246400.0 3.2204483529315147e-13
72487600.0 3.1770860446984706e-13
72729600.0 3.1354558682113366e-13
72972500.0 3.0940636520832035e-13
73216100.0 3.052916893833732e-13
73460500.0 3.0134745009920035e-13
73705800.0 2.9727979659552085e-13
73951800.0 2.933818072157873e-13
74198700.0 2.8950615347453227e-13
74446400.0 2.856531374084052e-13
74695000.0 2.8182228030941043e-13
74944400.0 2.7815739870776487e-13
75194600.0 2.743708570916599e-13
75445600.0 2.707491354653861e-13
75697500.0 2.671482558693502e-13
75950200.0 2.637101133074754e-13
76203800.0 2.6015054330267287e-13
76458200.0 2.567525879602647e-13
76713400.0 2.533745273946767e-13
76969500.0 2.500159442232843e-13
77226500.0 2.46676762095257e-13
77484300.0 2.4335721839139867e-13
77743000.0 2.401952727719849e-13
78002500.0 2.370518696864869e-13
78263000.0 2.339263232859456e-13
78524200.0 2.308194571028515e-13
78786400.0 2.27730301010625e-13
79049400.0 2.2465936441834186e-13
79313300.0 2.217419015576395e-13
79578100.0 2.1884131387871513e-13
79843800.0 2.1582281071391328e-13
80110400.0 2.1309048460989196e-13
80377800.0 2.1024036434752562e-13
80646200.0 2.0740657286534018e-13
80915400.0 2.0472249511002277e-13
81185500.0 2.0192148326962072e-13
81456600.0 1.9926865599839088e-13
81728500.0 1.966315034340685e-13
82001400.0 1.940094736507426e-13
82275100.0 1.9153371678538497e-13
82549800.0 1.889417821254802e-13
82825400.0 1.8649488653682551e-13
83101900.0 1.839327885352793e-13
83379400.0 1.8151451616160766e-13
83657700.0 1.7911057437761703e-13
83937000.0 1.7672046829616966e-13
84217300.0 1.7447187005156065e-13
84498400.0 1.7210925971330252e-13
84780500.0 1.698871903949166e-13
85063600.0 1.6755143439193087e-13
85347500.0 1.6535565855894031e-13
85632500.0 1.6317234628414287e-13
85918400.0 1.6100183217441865e-13
86205200.0 1.5884405687606175e-13
86493000.0 1.5682314396751723e-13
86781800.0 1.5468990117167628e-13
87071500.0 1.526927704802417e-13
87362200.0 1.5058403335982922e-13
87653800.0 1.486104759697613e-13
87946500.0 1.466481717627018e-13
88240100.0 1.4469741010378095e-13
88534700.0 1.4275797440629307e-13
88830300.0 1.4095090933039186e-13
89126800.0 1.3903373688342564e-13
89424400.0 1.3724787848601022e-13
89722900.0 1.3535262106167506e-13
90022500.0 1.3358778981562654e-13
90323000.0 1.3183335289018206e-13
90624600.0 1.3008897206191906e-13
90927100.0 1.28354892897115e-13
91230700.0 1.2663078663616458e-13
91535200.0 1.2503440267616282e-13
91840800.0 1.2333000344363043e-13
92147500.0 1.2163545733403996e-13
92455100.0 1.2006733056547024e-13
92763800.0 1.1850819828035036e-13
93073400.0 1.169582775864417e-13
93384200.0 1.1541715089478824e-13
93695900.0 1.1383923311525102e-13
94008700.0 1.1233911836382062e-13
94322600.0 1.1084766059263166e-13
94637500.0 1.0937630736236125e-13
94953500.0 1.0792479147689779e-13
95270500.0 1.065043682148017e-13
95588500.0 1.0509226671110976e-13
95907600.0 1.0369955585925216e-13
96227800.0 1.0232609051691878e-13
96549100.0 1.0097172614831575e-13
96871400.0 9.963642168476966e-14
97194800.0 9.830886049584586e-14
97519300.0 9.701107097425616e-14
97844900.0 9.573180713254516e-14
98171600.0 9.445997068140434e-14
98499300.0 9.320654545052799e-14
98828100.0 9.197129327943244e-14
99158100.0 9.075398297172102e-14
99489100.0 8.955466006801339e-14
99821300.0 8.836222873311582e-14
100155000.0 8.71978820838885e-14
100489000.0 8.604101162502095e-14
100824000.0 8.490163271410436e-14
101161000.0 8.377877718539984e-14
101499000.0 8.267316134585422e-14
101838000.0 8.157408362333787e-14
102178000.0 8.049203855163884e-14
102519000.0 7.942688833026535e-14
102861000.0 7.837849599786939e-14
103204000.0 7.733630274934318e-14
103549000.0 7.630992828086055e-14
103895000.0 7.529999904395491e-14
104241000.0 7.430709318112654e-14
104589000.0 7.331935480706313e-14
104939000.0 7.234703934708057e-14
105289000.0 7.139140448362032e-14
105641000.0 7.045095061400176e-14
105993000.0 6.95167431901316e-14
106347000.0 6.859754492928551e-14
106702000.0 6.768381155215305e-14
107058000.0 6.678556177386269e-14
107416000.0 6.590205320473483e-14
107774000.0 6.503439497651242e-14
108134000.0 6.417129507238706e-14
108495000.0 6.332325379991339e-14
108857000.0 6.248026328748454e-14
109221000.0 6.16515805829928e-14
109585000.0 6.083821880302646e-14
109951000.0 6.002915055073854e-14
110318000.0 5.923466450972733e-14
110687000.0 5.845410905588908e-14
111056000.0 5.767874062413818e-14
111427000.0 5.69171397501919e-14
111799000.0 5.61600912632043e-14
112172000.0 5.541715952136513e-14
112547000.0 5.468773805638009e-14
112922000.0 5.396316122838996e-14
113299000.0 5.3242441058024264e-14
113678000.0 5.253503957792344e-14
114057000.0 5.184177026706399e-14
114438000.0 5.1152199038447506e-14
114820000.0 5.0476132888681766e-14
115203000.0 4.98134550792972e-14
115588000.0 4.915431837839663e-14
115974000.0 4.849913980671481e-14
116361000.0 4.7857141049587286e-14
116750000.0 4.722780301416152e-14
117139000.0 4.6602644841903107e-14
117530000.0 4.598084256247783e-14
117923000.0 4.5371516168225016e-14
118316000.0 4.477532910467245e-14
118711000.0 4.418234515412434e-14
119108000.0 4.3592562320197486e-14
119505000.0 4.30156990300168e-14
119904000.0 4.2450918858715993e-14
120305000.0 4.1880247492486255e-14
120706000.0 4.133119065615738e-14
121109000.0 4.078509626948208e-14
121514000.0 4.024196182217093e-14
121919000.0 3.9711258590729095e-14
122326000.0 3.918342889808317e-14
122735000.0 3.8667234066533514e-14
123145000.0 3.815415829246061e-14
123556000.0 3.764418298337702e-14
123968000.0 3.714596657983068e-14
124382000.0 3.665910951542841e-14
124797000.0 3.61751927893105e-14
125214000.0 3.5693913694212705e-14
125632000.0 3.521554925565713e-14
126051000.0 3.4757148962537226e-14
126472000.0 3.42927384809412e-14
126894000.0 3.3839619847681205e-14
127318000.0 3.338898051133164e-14
127743000.0 3.294949533858633e-14
128170000.0 3.251241745597524e-14
128597000.0 3.207824216449574e-14
129027000.0 3.165454154888681e-14
129458000.0 3.1233414367816426e-14
129890000.0 3.0823126064628433e-14
130323000.0 3.041532447718666e-14
130758000.0 3.000976474973772e-14
131195000.0 2.961464208969292e-14
131633000.0 2.92219209375181e-14
132072000.0 2.88397308368513e-14
132513000.0 2.8451526121178165e-14
132956000.0 2.807356488772216e-14
133400000.0 2.770596977536388e-14
133845000.0 2.734060923347974e-14
134292000.0 2.697726832333013e-14
134740000.0 2.661614065977589e-14
135190000.0 2.6264974700976452e-14
135641000.0 2.5915947738160353e-14
136094000.0 2.5576762142224196e-14
136549000.0 2.52394573875745e-14
137004000.0 2.49043930589469e-14
137462000.0 2.457101065370802e-14
137921000.0 2.4247465787061516e-14
138381000.0 2.392589438690724e-14
138843000.0 2.360611376512975e-14
139307000.0 2.3295841403048357e-14
139772000.0 2.2987464607911493e-14
140238000.0 2.2680971120663107e-14
140707000.0 2.2383675406108787e-14
141176000.0 2.2088354980415543e-14
141648000.0 2.1794528620686072e-14
142121000.0 2.150250263796861e-14
142595000.0 2.1219808739884157e-14
143071000.0 2.0938695312934317e-14
143549000.0 2.0659158384731834e-14
144028000.0 2.0388803839032433e-14
144509000.0 2.0119963128154342e-14
144991000.0 1.9852769234261086e-14
145475000.0 1.958707665511629e-14
145961000.0 1.933025089761363e-14
146448000.0 1.9074999495589728e-14
146937000.0 1.8821183915512537e-14
147428000.0 1.8568800199807412e-14
147920000.0 1.8325240084004846e-14
148414000.0 1.8083051131259765e-14
148909000.0 1.7842349273472904e-14
149407000.0 1.7610088468663545e-14
149905000.0 1.7372195225018536e-14
150406000.0 1.7142687293594953e-14
150908000.0 1.6914591174453842e-14
151412000.0 1.669489133842606e-14
151917000.0 1.646946021319408e-14
152424000.0 1.6252366750558256e-14
152933000.0 1.6036502991286238e-14
153444000.0 1.582887526948537e-14
153956000.0 1.5615537551184753e-14
154470000.0 1.54103782230513e-14
154986000.0 1.5206383473341266e-14
155503000.0 1.5003646063958923e-14
156022000.0 1.4808956821945543e-14
156543000.0 1.4608500451365585e-14
157066000.0 1.4416038948899863e-14
157590000.0 1.4224764648376733e-14
158116000.0 1.4034580613773893e-14
158644000.0 1.385226354745534e-14
159174000.0 1.3670984256961165e-14
159705000.0 1.3484088384880372e-14
160238000.0 1.330497812879811e-14
160773000.0 1.3133582739655489e-14
161310000.0 1.295649524330583e-14
161849000.0 1.2787071035952915e-14
162389000.0 1.2618693830851991e-14
162931000.0 1.2451279897002437e-14
163475000.0 1.2284825797820978e-14
164021000.0 1.2119328072009465e-14
164569000.0 1.1961319474534045e-14
165118000.0 1.180428820304341e-14
165669000.0 1.1648157074743315e-14
166222000.0 1.1492922773887806e-14
166777000.0 1.1338581964100008e-14
167334000.0 1.1191559525484864e-14
167893000.0 1.1045381040592885e-14
168453000.0 1.0893722486116542e-14
169016000.0 1.0749242505825289e-14
169580000.0 1.0612002425289493e-14
170146000.0 1.0469227067879172e-14
170714000.0 1.0327277470518799e-14
171284000.0 1.019243038473046e-14
171856000.0 1.0058360755133352e-14
172430000.0 9.925065509773371e-15
173005000.0 9.792598166331886e-15
173583000.0 9.66703829400069e-15
174162000.0 9.536080821898848e-15
174744000.0 9.411985364446397e-15
175327000.0 9.282525626063564e-15
175912000.0 9.159934699520899e-15
176500000.0 9.038002806138212e-15
177089000.0 8.922904416479376e-15
177680000.0 8.802416043624439e-15
178273000.0 8.688662935821534e-15
178869000.0 8.569506566140506e-15
179466000.0 8.457088222312352e-15
180065000.0 8.345322632560635e-15
180666000.0 8.23420701603264e-15
181269000.0 8.123738585665918e-15
181874000.0 8.019828876677513e-15
182482000.0 7.910583411204218e-15
183091000.0 7.807895906817587e-15
183702000.0 7.70580536361558e-15
184315000.0 7.604309168210293e-15
184931000.0 7.503364129164124e-15
185548000.0 7.403049449211102e-15
186168000.0 7.30328201750028e-15
186789000.0 7.209897031254576e-15
187413000.0 7.11127746742639e-15
188038000.0 7.018995596314579e-15
188666000.0 6.927214993039658e-15
189296000.0 6.835971144735435e-15
189928000.0 6.7452615925553784e-15
190562000.0 6.655083876574957e-15
191198000.0 6.5654355360667794e-15
191837000.0 6.476280350307371e-15
192477000.0 6.393272474135521e-15
193120000.0 6.3051468306814505e-15
193764000.0 6.223125391628317e-15
194411000.0 6.141552591292348e-15
195060000.0 6.060458798667099e-15
195711000.0 5.979841734548757e-15
196365000.0 5.899669076223049e-15
197020000.0 5.825458801644782e-15
197678000.0 5.746211543734368e-15
198338000.0 5.667432957802287e-15
199000000.0 5.594526095136211e-15
199665000.0 5.5220197224331845e-15
200331000.0 5.449967517893574e-15
201000000.0 5.372960971489578e-15
201671000.0 5.303880058208767e-15
202344000.0 5.233610763932022e-15
203020000.0 5.164790710846968e-15
203698000.0 5.09637740093296e-15
204378000.0 5.028895104976353e-15
205060000.0 4.961811975589937e-15
205745000.0 4.896147834285826e-15
206432000.0 4.831393751290145e-15
207121000.0 4.767542546714441e-15
207812000.0 4.70458708361539e-15
208506000.0 4.641982111893762e-15
209202000.0 4.580777076346354e-15
209901000.0 4.519913338331399e-15
210601000.0 4.45994320816574e-15
211304000.0 4.400817001984116e-15
212010000.0 4.342528834687588e-15
212718000.0 4.285092972609294e-15
213428000.0 4.228502548416408e-15
214140000.0 4.172248420936446e-15
214855000.0 4.117310950716965e-15
215573000.0 4.0626813737029065e-15
216292000.0 4.0088932807535394e-15
217014000.0 3.955902593559665e-15
217739000.0 3.903209555462135e-15
218466000.0 3.85181574183549e-15
219195000.0 3.800728165856405e-15
219927000.0 3.750417224917732e-15
220661000.0 3.700894013824799e-15
221398000.0 3.651649693966098e-15
222137000.0 3.603183936738782e-15
222879000.0 3.555474349833338e-15
223623000.0 3.5085310157192747e-15
224369000.0 3.4618681504123916e-15
225118000.0 3.416424680623558e-15
225870000.0 3.3707615939028007e-15
226624000.0 3.3263215002739636e-15
227381000.0 3.282132834939366e-15
228140000.0 3.2386805244811685e-15
228901000.0 3.1959583829666304e-15
229666000.0 3.1534644430771442e-15
230432000.0 3.1117059522921775e-15
231202000.0 3.0706362984055137e-15
231973000.0 3.029826233782863e-15
232748000.0 2.989697332072445e-15
233525000.0 2.950270140719869e-15
234305000.0 2.911067175595987e-15
235087000.0 2.8725574821021695e-15
235872000.0 2.8347231263668962e-15
236659000.0 2.7971161279726207e-15
237449000.0 2.760176561905323e-15
238242000.0 2.7234476841440292e-15
239037000.0 2.6873900196804317e-15
239835000.0 2.6515382371332826e-15
240636000.0 2.616785645424708e-15
241439000.0 2.581796734543526e-15
242245000.0 2.5478963260811924e-15
243054000.0 2.514189724224339e-15
243866000.0 2.4806762441328705e-15
244680000.0 2.447804818221005e-15
245497000.0 2.4155600237210606e-15
246316000.0 2.3835097815999894e-15
247139000.0 2.3520691507056417e-15
247964000.0 2.3208185071538616e-15
248792000.0 2.290179865229121e-15
249622000.0 2.2597263772915325e-15
250456000.0 2.2298686105542497e-15
251292000.0 2.2001915210101534e-15
252131000.0 2.1711120366829806e-15
252972000.0 2.1422085058589477e-15
253817000.0 2.1138870036991517e-15
254664000.0 2.0861594545840416e-15
255515000.0 2.0581625298551882e-15
256368000.0 2.031174790889487e-15
257223000.0 2.0043504615277935e-15
258082000.0 1.9776732152586046e-15
258944000.0 1.9515657631213844e-15
259808000.0 1.9256167292425027e-15
260676000.0 1.900223203006389e-15
261546000.0 1.8749838886572566e-15
262419000.0 1.850300682759758e-15
263295000.0 1.8257603585161702e-15
264174000.0 1.8013623305923266e-15
265056000.0 1.777511836362143e-15
265941000.0 1.7542042352485553e-15
266829000.0 1.7306286554427858e-15
267720000.0 1.7079939152140285e-15
268614000.0 1.685090063096233e-15
269510000.0 1.6631240619532227e-15
270410000.0 1.6408815628673854e-15
271313000.0 1.6191651971835158e-15
272219000.0 1.5975753010331118e-15
273127000.0 1.576510930266649e-15
274039000.0 1.5555634447284709e-15
274954000.0 1.535129392769251e-15
275872000.0 1.5148144186035835e-15
276793000.0 1.4946179979932262e-15
277717000.0 1.4749269292070528e-15
278644000.0 1.4553507862313601e-15
279575000.0 1.4362686692631028e-15
280508000.0 1.4173031141351152e-15
281445000.0 1.3984434282733526e-15
282384000.0 1.3796991309740447e-15
283327000.0 1.3614395182318677e-15
284273000.0 1.3436652640726024e-15
285222000.0 1.3256178366143447e-15
286174000.0 1.3080522752816372e-15
287129000.0 1.2909643376621748e-15
288088000.0 1.2735986245183179e-15
289050000.0 1.2567072410392268e-15
290015000.0 1.24028599125931e-15
290983000.0 1.2239610406372504e-15
291955000.0 1.2077277978470288e-15
292929000.0 1.1915941506409727e-15
293907000.0 1.1759174260440022e-15
294888000.0 1.1603328820417232e-15
295873000.0 1.1448362064220959e-15
296861000.0 1.129793301027938e-15
297852000.0 1.1148389648892222e-15
298846000.0 1.0999727672577667e-15
299844000.0 1.0855493993148749e-15
300845000.0 1.07121104413377e-15
301849000.0 1.0569572834651725e-15
302857000.0 1.0427842564013167e-15
303868000.0 1.0290490945927614e-15
304883000.0 1.015391704393137e-15
305900000.0 1.0021700359457252e-15
306922000.0 9.88669410242918e-16
307946000.0 9.756013642517886e-16
308974000.0 9.626074773320272e-16
310006000.0 9.500344959033538e-16
311041000.0 9.375359041825494e-16
312079000.0 9.251113224814025e-16
313121000.0 9.127574568441686e-16
314167000.0 9.004740755086696e-16
315215000.0 8.886078275674899e-16
316268000.0 8.768063599638297e-16
317324000.0 8.654140171872264e-16
318383000.0 8.537513468880988e-16
319446000.0 8.424921858879202e-16
320512000.0 8.312999280839141e-16
321583000.0 8.205036103818775e-16
322656000.0 8.094405691334248e-16
323733000.0 7.987732676672385e-16
324814000.0 7.881670009578463e-16
325899000.0 7.776215521880267e-16
326987000.0 7.674680108825561e-16
328078000.0 7.573748886313104e-16
329174000.0 7.473373199290092e-16
330272000.0 7.373619053030241e-16
331375000.0 7.277662276173334e-16
332481000.0 7.179042108109111e-16
333591000.0 7.08421547353124e-16
334705000.0 6.989934267236209e-16
335823000.0 6.899399494093847e-16
336944000.0 6.806212489878476e-16
338069000.0 6.716745837623079e-16
339197000.0 6.627814031283237e-16
340330000.0 6.539375674665657e-16
341466000.0 6.454617658138717e-16
342606000.0 6.367207698183272e-16
343750000.0 6.283433630658356e-16
344897000.0 6.200161382771789e-16
346049000.0 6.117352774690503e-16
347204000.0 6.03813960302633e-16
348363000.0 5.956295509638468e-16
349526000.0 5.878004454674232e-16
350693000.0 5.80016652007524e-16
351864000.0 5.722779851945713e-16
353039000.0 5.64888945620896e-16
354217000.0 5.572405325353766e-16
355400000.0 5.499377524019031e-16
356586000.0 5.426788620253998e-16
357777000.0 5.354606142506144e-16
358971000.0 5.282858494844846e-16
360170000.0 5.214500747324114e-16
361372000.0 5.143577280667165e-16
362579000.0 5.076020802307999e-16
363789000.0 5.008871306968624e-16
365004000.0 4.9420993230254635e-16
366222000.0 4.878667642079425e-16
367445000.0 4.812663551357043e-16
368671000.0 4.749976424900288e-16
369902000.0 4.687641479257855e-16
371137000.0 4.625670192884203e-16
372376000.0 4.564060944562728e-16
373619000.0 4.502812111291223e-16
374867000.0 4.441910219156503e-16
376118000.0 4.38423744820991e-16
377374000.0 4.3268897246951e-16
378634000.0 4.2698773628051425e-16
379898000.0 4.213198826552486e-16
381166000.0 4.156852579272312e-16
382439000.0 4.100826360941703e-16
383716000.0 4.047932996223004e-16
384997000.0 3.9925550588705365e-16
386282000.0 3.940288299549299e-16
387572000.0 3.8883179637667955e-16
388866000.0 3.836652972436641e-16
390164000.0 3.785291876508517e-16
391466000.0 3.736981007642655e-16
392773000.0 3.6862048360359843e-16
394085000.0 3.6384488612764567e-16
395400000.0 3.5882621254998853e-16
396720000.0 3.5410748937649357e-16
398045000.0 3.4941567392787148e-16
399374000.0 3.447515378362053e-16
400707000.0 3.403833865280581e-16
402045000.0 3.357724742471008e-16
403387000.0 3.31455523857679e-16
404734000.0 3.268973897561228e-16
406085000.0 3.2263120563245755e-16
407441000.0 3.18389406399843e-16
408801000.0 3.1417267356650385e-16
410166000.0 3.0998012541352097e-16
411535000.0 3.058124172040389e-16
412909000.0 3.0192920076406883e-16
414287000.0 2.978092224761887e-16
415671000.0 2.9397109876854417e-16
417058000.0 2.898984447964586e-16
418451000.0 2.8610574914183067e-16
419848000.0 2.823355311407341e-16
421249000.0 2.78587674564454e-16
422656000.0 2.7486076281143164e-16
424067000.0 2.714096783328578e-16
425482000.0 2.6772615364646863e-16
426903000.0 2.640633365191473e-16
428328000.0 2.606735213312814e-16
429758000.0 2.573031928190672e-16
431193000.0 2.5370281239204586e-16
432632000.0 2.5037263604753006e-16
434077000.0 2.471354659390479e-16
435526000.0 2.4384344251129827e-16
436980000.0 2.406197306239009e-16
438439000.0 2.374392270257465e-16
439903000.0 2.3430161024794735e-16
441371000.0 2.31182713064212e-16
442845000.0 2.281299833868076e-16
444323000.0 2.2509548175088237e-16
445807000.0 2.2212636910853525e-16
447295000.0 2.1917499799537268e-16
448788000.0 2.1628872535276488e-16
450287000.0 2.1341874897319506e-16
451790000.0 2.1058976203373691e-16
453298000.0 2.0780097327718938e-16
454812000.0 2.0505162397878083e-16
456330000.0 2.023423168551786e-16
457853000.0 1.9964879491017862e-16
459382000.0 1.9701739117249116e-16
460916000.0 1.9440133709220915e-16
462454000.0 1.9182423940075444e-16
463998000.0 1.8928496147296496e-16
465547000.0 1.8678362640996846e-16
467102000.0 1.842965140269799e-16
468661000.0 1.8187025785351057e-16
470226000.0 1.7945780015723905e-16
471796000.0 1.7708227026647982e-16
473371000.0 1.7474337602768829e-16
474951000.0 1.7241817897964538e-16
476537000.0 1.7012883159245298e-16
478128000.0 1.6787541441127995e-16
479724000.0 1.6565764040938673e-16
481325000.0 1.6347522413945108e-16
482932000.0 1.6130527409674646e-16
484545000.0 1.5916994629252413e-16
486162000.0 1.5704749573708403e-16
487785000.0 1.5498131526975687e-16
489414000.0 1.5292696391027731e-16
491048000.0 1.5090661195354236e-16
492687000.0 1.48898150058641e-16
494332000.0 1.4692298365141796e-16
495982000.0 1.4498114543643984e-16
497638000.0 1.430720749267386e-16
499300000.0 1.4117397149795396e-16
500967000.0 1.39308543957021e-16
502639000.0 1.3745412256531124e-16
504317000.0 1.3563171320567519e-16
506001000.0 1.3384106223197184e-16
507690000.0 1.320609898799139e-16
509385000.0 1.3031230444335714e-16
511086000.0 1.285947552284311e-16
512792000.0 1.2688736357524378e-16
514504000.0 1.252107416838885e-16
516222000.0 1.2354380467352867e-16
517945000.0 1.2190751731956433e-16
519674000.0 1.2030139049680697e-16
521409000.0 1.1870454969514067e-16
523150000.0 1.1713751873076937e-16
524896000.0 1.155797820825657e-16
526649000.0 1.1405128328938495e-16
528407000.0 1.125318614063254e-16
530171000.0 1.1104154869324345e-16
531941000.0 1.0958010598809158e-16
533717000.0 1.0812714117514953e-16
535499000.0 1.0670270584780854e-16
537287000.0 1.0528654359962917e-16
539080000.0 1.0389876576442231e-16
540880000.0 1.0251886212386409e-16
542686000.0 1.0114699410492705e-16
544498000.0 9.982263734706507e-17
546315000.0 9.848647485887363e-17
548139000.0 9.719717787815466e-17
549969000.0 9.589582800545052e-17
551805000.0 9.464106818497544e-17
553648000.0 9.337402104268173e-17
555496000.0 9.213391635532824e-17
557351000.0 9.092019323954324e-17
559211000.0 8.971372030375997e-17
561078000.0 8.853331353639181e-17
562951000.0 8.735980527604955e-17
564831000.0 8.619301169295436e-17
566717000.0 8.505203983678153e-17
568609000.0 8.393666888472047e-17
570507000.0 8.282782482171597e-17
572412000.0 8.172533481697346e-17
574323000.0 8.064804557016974e-17
576240000.0 7.957707309235697e-17
578164000.0 7.851225209712636e-17
580094000.0 7.747223634321098e-17
582031000.0 7.645667987122126e-17
583974000.0 7.544708534108527e-17
585923000.0 7.444342445649528e-17
587879000.0 7.346384134443265e-17
589842000.0 7.248989489324999e-17
591811000.0 7.152168442547535e-17
593787000.0 7.057717869282774e-17
595769000.0 6.963823701372717e-17
597758000.0 6.872271232745832e-17
599754000.0 6.781246865121774e-17
601756000.0 6.690759638698748e-17
603765000.0 6.602577566521102e-17
605781000.0 6.514905108870073e-17
607803000.0 6.429520554468271e-17
609833000.0 6.342855124063945e-17
611869000.0 6.260219395311077e-17
613911000.0 6.176319256375355e-17
615961000.0 6.09464258827581e-17
618017000.0 6.013449396429648e-17
620081000.0 5.934452806092777e-17
622151000.0 5.855923891911079e-17
624228000.0 5.777851009723889e-17
626312000.0 5.701949695079651e-17
628403000.0 5.626489139535503e-17
630501000.0 5.551467471230547e-17
632606000.0 5.478583181174983e-17
634718000.0 5.4061227060559694e-17
636837000.0 5.334084218684661e-17
638963000.0 5.264149338712543e-17
641096000.0 5.1946215796839816e-17
643236000.0 5.125499161406359e-17
645384000.0 5.056772465576588e-17
647538000.0 4.990116666151219e-17
649700000.0 4.9238422204229275e-17
651869000.0 4.859605347019986e-17
654046000.0 4.794091245568537e-17
656229000.0 4.7306077453860095e-17
658420000.0 4.669122201634154e-17
660618000.0 4.6063674125557523e-17
662824000.0 4.545596835963696e-17
665036000.0 4.485188962783737e-17
667257000.0 4.42673398617345e-17
669484000.0 4.36702100313851e-17
671719000.0 4.30925402083829e-17
673962000.0 4.2518197079090035e-17
676212000.0 4.1963137135178163e-17
678470000.0 4.141127041297111e-17
680735000.0 4.0862644620482154e-17
683007000.0 4.031724438308734e-17
685288000.0 3.977493824931233e-17
687575000.0 3.9251532206206805e-17
689871000.0 3.873109121904029e-17
692174000.0 3.8229256847426975e-17
694485000.0 3.7714827538102074e-17
696803000.0 3.7218873916356846e-17
699130000.0 3.672573627262395e-17
701464000.0 3.6235508877176827e-17
703806000.0 3.5763410119852386e-17
706155000.0 3.527886033739506e-17
708513000.0 3.4812263494595125e-17
710878000.0 3.4363555341692137e-17
713252000.0 3.390231379370025e-17
715633000.0 3.345883625661427e-17
718022000.0 3.300295114999611e-17
720419000.0 3.2564659232291006e-17
722824000.0 3.21438000306654e-17
725237000.0 3.171055029212662e-17
727659000.0 3.129456962135955e-17
730088000.0 3.088105284569354e-17
732525000.0 3.0469945713667845e-17
734971000.0 3.006119677892375e-17
737425000.0 2.966942449300294e-17
739887000.0 2.927993444364208e-17
742357000.0 2.8892716515979945e-17
744835000.0 2.850776058268427e-17
747322000.0 2.812501887078657e-17
749817000.0 2.775886579866389e-17
752320000.0 2.739485006454642e-17
754832000.0 2.7032926167097272e-17
757352000.0 2.6673121413246635e-17
759880000.0 2.631542608381319e-17
762417000.0 2.5959796406127844e-17
764962000.0 2.5620319500349112e-17
767516000.0 2.5282797485239845e-17
770079000.0 2.4947222744337436e-17
772650000.0 2.4613619482031858e-17
775229000.0 2.4295853827578285e-17
777817000.0 2.3966088702040418e-17
780414000.0 2.3652021350286823e-17
783019000.0 2.333979886078181e-17
785634000.0 2.3029353793596356e-17
788256000.0 2.272076674631852e-17
790888000.0 2.2427543105403426e-17
793528000.0 2.2122486018960987e-17
796178000.0 2.1832688274248134e-17
798836000.0 2.1544597494322472e-17
801503000.0 2.125817880049711e-17
804179000.0 2.0973425173120775e-17
806863000.0 2.0703686631445276e-17
809557000.0 2.04221972086809e-17
812260000.0 2.01555946739724e-17
814971000.0 1.9890565374833654e-17
817692000.0 1.962705343614258e-17
820422000.0 1.9365077000030515e-17
823161000.0 1.910462938201855e-17
825909000.0 1.8858727869531627e-17
828667000.0 1.860125201101255e-17
831433000.0 1.8358245281910818e-17
834209000.0 1.811663288065722e-17
836994000.0 1.7876430951721762e-17
839788000.0 1.7637633185126038e-17
842592000.0 1.7412978727056907e-17
845405000.0 1.7176907897225062e-17
848227000.0 1.6954904400792785e-17
851059000.0 1.6721537454437922e-17
853901000.0 1.6502122399147196e-17
856751000.0 1.6284010982271275e-17
859612000.0 1.6067140253264963e-17
862481000.0 1.5851561300141466e-17
865361000.0 1.5649643259954517e-17
868250000.0 1.543651576780329e-17
871149000.0 1.5236974748022895e-17
874057000.0 1.5026295984224258e-17
876975000.0 1.4829111078939872e-17
879903000.0 1.463306772203696e-17
882840000.0 1.4438177571466717e-17
885788000.0 1.425654650053551e-17
888745000.0 1.4063874689575234e-17
891712000.0 1.387232515695284e-17
894689000.0 1.3693915913551421e-17
897676000.0 1.3516539440958744e-17
900673000.0 1.3328248497037518e-17
903680000.0 1.3152964194178189e-17
906697000.0 1.2978699397282245e-17
909724000.0 1.280544970984639e-17
912761000.0 1.2644995438362786e-17
915808000.0 1.2473723537835584e-17
918866000.0 1.2303440251528302e-17
921933000.0 1.2145835629743119e-17
925011000.0 1.1989133566099347e-17
928099000.0 1.1821753448213821e-17
931198000.0 1.166689716151555e-17
934307000.0 1.1512944944738842e-17
937426000.0 1.1361040193534765e-17
940556000.0 1.1211155464374452e-17
943696000.0 1.1062147782162722e-17
946846000.0 1.091628523849917e-17
950007000.0 1.0771265277443364e-17
953179000.0 1.0629341537040563e-17
956361000.0 1.048824958508496e-17
959554000.0 1.0349095776218258e-17
962758000.0 1.0211865596515926e-17
965972000.0 1.0076555024361861e-17
969197000.0 9.943138891804783e-18
972432000.0 9.81161296785113e-18
975679000.0 9.681942648239379e-18
978936000.0 9.554133756583615e-18
982204000.0 9.427066928233162e-18
985484000.0 9.30182110488548e-18
988774000.0 9.17948916464844e-18
992075000.0 9.057868174125171e-18
995387000.0 8.938035739777203e-18
998710000.0 8.818900975232041e-18
1002040000.0 8.702642539268764e-18
1005390000.0 8.586983426455156e-18
1008750000.0 8.473074861664315e-18
1012110000.0 8.360985395647956e-18
1015490000.0 8.250534474371855e-18
1018880000.0 8.140736473353585e-18
1022280000.0 8.033692557392907e-18
1025700000.0 7.927203741028314e-18
1029120000.0 7.822467923351125e-18
1032560000.0 7.718276421114008e-18
1036000000.0 7.615815131271329e-18
1039460000.0 7.514922279947245e-18
1042930000.0 7.415659164791576e-18
1046420000.0 7.317942484722618e-18
1049910000.0 7.220875443600693e-18
1053410000.0 7.125405076488181e-18
1056930000.0 7.030433979786767e-18
1060460000.0 6.938056631932495e-18
1064000000.0 6.845216938944542e-18
1067550000.0 6.754944906735376e-18
1071120000.0 6.665146806458385e-18
1074690000.0 6.5769462095928236e-18
1078280000.0 6.49020686569923e-18
1081880000.0 6.403983987415441e-18
1085490000.0 6.319265765662622e-18
1089120000.0 6.235982314289031e-18
1092750000.0 6.153252180560806e-18
1096400000.0 6.071940208849342e-18
1100060000.0 5.991113366231856e-18
1103730000.0 5.9117435938471036e-18
1107420000.0 5.833765876110201e-18
1111120000.0 5.756254280552105e-18
1114820000.0 5.680222070287041e-18
1118550000.0 5.6045425600891704e-18
1122280000.0 5.530324567205453e-18
1126030000.0 5.457456633024142e-18
1129790000.0 5.385024765385616e-18
1133560000.0 5.3139754661342175e-18
1137340000.0 5.243351090348703e-18
1141140000.0 5.17404655985114e-18
1144950000.0 5.105157477199762e-18
1148770000.0 5.037617868012268e-18
1152610000.0 4.971372940941244e-18
1156460000.0 4.905525528492228e-18
1160320000.0 4.840073376225486e-18
1164190000.0 4.775938197054638e-18
1168080000.0 4.7130681989772706e-18
1171980000.0 4.650575875094883e-18
1175890000.0 4.589373826489961e-18
1179810000.0 4.528539055923292e-18
1183750000.0 4.468031711346517e-18
1187710000.0 4.408757251811694e-18
1191670000.0 4.350779389677799e-18
1195650000.0 4.293113766608472e-18
1199640000.0 4.23579546763487e-18
1203650000.0 4.1796814165636365e-18
1207660000.0 4.124830715437618e-18
1211700000.0 4.070242293112129e-18
1215740000.0 4.016016674060687e-18
1219800000.0 3.962967124599411e-18
1223870000.0 3.910237595373841e-18
1227960000.0 3.8586707511802116e-18
1232060000.0 3.807415373754787e-18
1236170000.0 3.757339765293318e-18
1240300000.0 3.707536249243698e-18
1244440000.0 3.658033912612321e-18
1248590000.0 3.609692450677039e-18
1252760000.0 3.562473046932899e-18
1256940000.0 3.514683206084002e-18
1261140000.0 3.46800810880635e-18
1265350000.0 3.4224659154622077e-18
1269580000.0 3.3771725656675185e-18
1273810000.0 3.3321800313313846e-18
1278070000.0 3.288249789139518e-18
1282330000.0 3.2446114263105875e-18
1286620000.0 3.202023437457381e-18
1290910000.0 3.1597185085730037e-18
1295220000.0 3.117645685445358e-18
1299540000.0 3.076655995204723e-18
1303880000.0 3.0358913545066682e-18
1308240000.0 2.9953513931847083e-18
1312600000.0 2.955900241071934e-18
1316990000.0 2.9166438668798375e-18
1321380000.0 2.8776483343573643e-18
1325790000.0 2.8396795634070557e-18
1330220000.0 2.8019204196942954e-18
1334660000.0 2.765197170445881e-18
1339120000.0 2.728676690908099e-18
1343590000.0 2.6923786312419766e-18
1348070000.0 2.6563015866920575e-18
1352570000.0 2.6212200605504808e-18
1357090000.0 2.5863330763807607e-18
1361620000.0 2.552448961132781e-18
1366170000.0 2.518752683992232e-18
1370730000.0 2.4852619802015852e-18
1375300000.0 2.45275766484332e-18
1379890000.0 2.419654042199791e-18
1384500000.0 2.3875123717070193e-18
1389120000.0 2.3563414272855594e-18
1393760000.0 2.325343766727029e-18
1398410000.0 2.294535403176473e-18
1403080000.0 2.263898977961741e-18
1407770000.0 2.2341981753740705e-18
1412470000.0 2.2046790039393057e-18
1417180000.0 2.175340281433514e-18
1421910000.0 2.1461657400185264e-18
1426660000.0 2.1179089462400202e-18
1431420000.0 2.089825087742125e-18
1436200000.0 2.061898674940034e-18
1441000000.0 2.0348757732874183e-18
1445810000.0 2.008018412976437e-18
1450640000.0 1.981311844443663e-18
1455480000.0 1.954769097742359e-18
1460340000.0 1.929112467812694e-18
1465210000.0 1.903613049398469e-18
1470100000.0 1.878257023993383e-18
1475010000.0 1.853773254650112e-18
1479940000.0 1.8287003954248165e-18
1484880000.0 1.804506290457002e-18
1489840000.0 1.7811707300433813e-18
1494810000.0 1.757258673554914e-18
1499800000.0 1.7341991850184417e-18
1504810000.0 1.711269886274478e-18
1509830000.0 1.6884815756997375e-18
1514870000.0 1.6658223064109616e-18
1519930000.0 1.6439993945063652e-18
1525000000.0 1.622310663653342e-18
1530090000.0 1.6007447434141997e-18
1535200000.0 1.57930125510026e-18
1540330000.0 1.558678148003645e-18
1545470000.0 1.5381820006852218e-18
1550630000.0 1.5178021587893464e-18
1555810000.0 1.497538251051259e-18
1561000000.0 1.47739936659359e-18
1566210000.0 1.4580621363944665e-18
1571440000.0 1.4388348177672459e-18
1576690000.0 1.419717048641105e-18
1581950000.0 1.4007173177481763e-18
1587230000.0 1.3825038026667586e-18
1592530000.0 1.3643939270229076e-18
1597850000.0 1.3457141458782579e-18
1603180000.0 1.3284919724496653e-18
1608540000.0 1.3106907570137432e-18
1613910000.0 1.292999770855821e-18
1619290000.0 1.2760825254168173e-18
1624700000.0 1.2592540684326204e-18
1630120000.0 1.242529689460137e-18
1635570000.0 1.225893669964012e-18
1641030000.0 1.2100162609389026e-18
1646500000.0 1.193583599811022e-18
1652000000.0 1.1778895108924795e-18
1657520000.0 1.1622855512451764e-18
1663050000.0 1.1467782819551028e-18
1668600000.0 1.1320048898574916e-18
1674170000.0 1.1166735959441033e-18
1679760000.0 1.1020712313262109e-18
1685370000.0 1.0875528275353739e-18
1691000000.0 1.073118064076919e-18
1696640000.0 1.0587728591597788e-18
1702310000.0 1.044504303667149e-18
1707990000.0 1.0309542333922621e-18
1713690000.0 1.0174821122884972e-18
1719410000.0 1.0040876352491264e-18
1725150000.0 9.90770495806003e-19
1730910000.0 9.775303861874686e-19
1736690000.0 9.643669973753384e-19
1742490000.0 9.51897332606242e-19
1748310000.0 9.388843986530282e-19
1754140000.0 9.265657504135073e-19
1760000000.0 9.143131294611497e-19
1765880000.0 9.021316115890647e-19
1771770000.0 8.906330365676241e-19
1777690000.0 8.785907315790116e-19
1783620000.0 8.666235072728311e-19
1789580000.0 8.553223353907003e-19
1795550000.0 8.440914872295463e-19
1801550000.0 8.3292120386419145e-19
1807560000.0 8.218205314059043e-19
1813590000.0 8.107844908025399e-19
1819650000.0 8.003995450258836e-19
1825720000.0 7.894900406595049e-19
1831820000.0 7.792272955119183e-19
1837940000.0 7.690243054160705e-19
1844070000.0 7.588849226592176e-19
1850230000.0 7.488005852028958e-19
1856400000.0 7.387791931651178e-19
1862600000.0 7.288124565787047e-19
1868820000.0 7.19479742062111e-19
1875060000.0 7.096277020427532e-19
1881320000.0 7.004053371724662e-19
1887600000.0 6.912368186407729e-19
1893900000.0 6.82121901263711e-19
1900230000.0 6.730567977246762e-19
1906570000.0 6.640484056066026e-19
1912930000.0 6.550928777395929e-19
1919320000.0 6.4674704116909475e-19
1925730000.0 6.378913871589921e-19
1932160000.0 6.296446947643846e-19
1938610000.0 6.214462970263338e-19
1945080000.0 6.12742949295268e-19
1951570000.0 6.046422973593092e-19
1958090000.0 5.965862042601591e-19
1964630000.0 5.891251053110717e-19
1971190000.0 5.811619215243372e-19
1977770000.0 5.73245766965737e-19
1984370000.0 5.659184806660762e-19
1990990000.0 5.580938969666392e-19
1997640000.0 5.508513760583113e-19
2004310000.0 5.436514899474836e-19
2011000000.0 5.364940292213608e-19
2017720000.0 5.29376161068767e-19
2024450000.0 5.223561011186807e-19
2031210000.0 5.154279057105267e-19
2037990000.0 5.08593462213931e-19
2044800000.0 5.018495843148398e-19
2051620000.0 4.952004933696906e-19
2058470000.0 4.886405964904952e-19
2065340000.0 4.821716266372507e-19
2072240000.0 4.757905707402106e-19
2079160000.0 4.694990878590072e-19
2086100000.0 4.632964675546223e-19
2093060000.0 4.571306118403018e-19
2100050000.0 4.5110162537667e-19
2107060000.0 4.4510841567211655e-19
2114100000.0 4.391996000806153e-19
2121150000.0 4.334293865289193e-19
2128240000.0 4.2768936395388006e-19
2135340000.0 4.2198548270841846e-19
2142470000.0 4.1641399032566736e-19
2149620000.0 4.108756352562177e-19
2156800000.0 4.054681086642056e-19
2164000000.0 4.000927682414262e-19
2171220000.0 3.94798984180534e-19
2178470000.0 3.8958430303882845e-19
2185750000.0 3.843989398831221e-19
2193040000.0 3.7929532307144266e-19
2200360000.0 3.7426930775790496e-19
2207710000.0 3.6932032693528403e-19
2215080000.0 3.6444946014994167e-19
2222480000.0 3.596060443286642e-19
2229900000.0 3.5483983087166756e-19
2237340000.0 3.5015017948654117e-19
2244810000.0 3.455349149970953e-19
2252300000.0 3.4094723726716734e-19
2259820000.0 3.3643310472054284e-19
2267370000.0 3.31944523797313e-19
2274940000.0 3.275774234204416e-19
2282530000.0 3.232364579435475e-19
2290150000.0 3.1896705775350795e-19
2297800000.0 3.1472186538363087e-19
2305470000.0 3.105488093505197e-19
2313170000.0 3.064459555323228e-19
2320890000.0 3.023677203245581e-19
2328640000.0 2.9840506836199406e-19
2336410000.0 2.944201454823251e-19
2344210000.0 2.905496940646504e-19
2352040000.0 2.867012570110326e-19
2359890000.0 2.828759606410316e-19
2367770000.0 2.791633517931002e-19
2375670000.0 2.7542777487723827e-19
2383610000.0 2.718026551789589e-19
2391560000.0 2.682004849887219e-19
2399550000.0 2.6466260052870837e-19
2407560000.0 2.6114602930672404e-19
2415600000.0 2.576941098639078e-19
2423660000.0 2.5426299450286546e-19
2431750000.0 2.5089576353527253e-19
2439870000.0 2.4759190569477384e-19
2448020000.0 2.443069717233179e-19
2456190000.0 2.4108566891781604e-19
2464390000.0 2.378828291627479e-19
2472620000.0 2.347418882934065e-19
2480870000.0 2.3161991974738755e-19
2489150000.0 2.285591061309623e-19
2497460000.0 2.2551587923252753e-19
2505800000.0 2.225331002956248e-19
2514170000.0 2.1956749054100746e-19
2522560000.0 2.1666248529934585e-19
2530980000.0 2.1381670593622857e-19
2539430000.0 2.1098730575925844e-19
2547910000.0 2.081742217495876e-19
2556420000.0 2.0541946748275886e-19
2564950000.0 2.0272334939748613e-19
2573520000.0 2.0004199501534462e-19
2582110000.0 1.9737691073838733e-19
2590730000.0 1.9476876448415306e-19
2599380000.0 1.9217569860403723e-19
2608060000.0 1.8963889631113528e-19
2616760000.0 1.8711749353745733e-19
2625500000.0 1.8465095833763436e-19
2634260000.0 1.8219940698406428e-19
2643060000.0 1.7980208350122518e-19
2651880000.0 1.7741933262276392e-19
2660740000.0 1.7504974735320332e-19
2669620000.0 1.7273488960975495e-19
2678530000.0 1.7043347180260284e-19
2687470000.0 1.681854624257694e-19
2696450000.0 1.6594989789661932e-19
2705450000.0 1.6376772289704882e-19
2714480000.0 1.6159823230979864e-19
2723540000.0 1.5944137165923165e-19
2732640000.0 1.573358742270442e-19
2741760000.0 1.552824534522793e-19
2750910000.0 1.532018748546218e-19
2760100000.0 1.511718726806488e-19
2769310000.0 1.4919310884874384e-19
2778560000.0 1.4718663066316583e-19
2787830000.0 1.452695943533239e-19
2797140000.0 1.4332475875575874e-19
2806480000.0 1.4142964298219255e-19
2815850000.0 1.3954561257426518e-19
2825250000.0 1.3771069043389095e-19
2834680000.0 1.3588649975639442e-19
2844140000.0 1.3407299152311835e-19
2853640000.0 1.3230734757789784e-19
2863170000.0 1.305520526457818e-19
2872720000.0 1.2884495114594475e-19
2882320000.0 1.2710963712828864e-19
2891940000.0 1.254221722337823e-19
2901590000.0 1.23781688833517e-19
2911280000.0 1.221504026528279e-19
2921000000.0 1.2052870180342521e-19
2930750000.0 1.1891654071499968e-19
2940540000.0 1.1735005532442695e-19
2950350000.0 1.15793181035096e-19
2960200000.0 1.1424508197084673e-19
2970090000.0 1.1274194986812871e-19
2980000000.0 1.1124804836159745e-19
2989950000.0 1.0979855736778715e-19
2999930000.0 1.0832174178582338e-19
3009950000.0 1.0688903646897785e-19
3020000000.0 1.0546479066359423e-19
3030080000.0 1.040844619742166e-19
3040190000.0 1.0271227300715213e-19
3050340000.0 1.0134785106197781e-19
3060530000.0 9.999117236007262e-20
3070750000.0 9.867756337327282e-20
3081000000.0 9.737172110151962e-20
3091280000.0 9.607360630518311e-20
3101600000.0 9.481755511185056e-20
3111960000.0 9.353406660761068e-20
3122350000.0 9.232710983924745e-20
3132770000.0 9.1092950533363e-20
3143230000.0 8.990005189844767e-20
3153720000.0 8.868011471043308e-20
3164250000.0 8.75351489615125e-20
3174820000.0 8.636280878532329e-20
3185420000.0 8.523121482401034e-20
3196050000.0 8.407268153222046e-20
3206720000.0 8.298788288296359e-20
3217430000.0 8.187582870034031e-20
3228170000.0 8.08037239435159e-20
3238950000.0 7.970453426561656e-20
3249760000.0 7.867811084435386e-20
3260610000.0 7.762455107631738e-20
3271490000.0 7.661015736648434e-20
3282420000.0 7.556856639622098e-20
3293370000.0 7.456609793257738e-20
3304370000.0 7.360171301539047e-20
3315400000.0 7.261062576901565e-20
3326470000.0 7.165758631914552e-20
3337580000.0 7.071002152802374e-20
3348720000.0 6.976811920374202e-20
3359900000.0 6.883164339069867e-20
3371110000.0 6.793268311250205e-20
3382370000.0 6.703869065370291e-20
3393660000.0 6.615004592249768e-20
3404990000.0 6.526652753292133e-20
3416360000.0 6.441960114678342e-20
3427760000.0 6.354635602049249e-20
3439210000.0 6.270926529706139e-20
3450690000.0 6.18771918925808e-20
3462210000.0 6.10499311946164e-20
3473770000.0 6.025842917675633e-20
3485370000.0 5.944063284840463e-20
3497000000.0 5.865851865909982e-20
3508680000.0 5.788076455843795e-20
3520390000.0 5.713823993405644e-20
3532140000.0 5.636954642836382e-20
3543940000.0 5.563551787333697e-20
3555770000.0 5.487564675219766e-20
3567640000.0 5.415035876450951e-20
3579550000.0 5.3429283969540183e-20
3591500000.0 5.2742354774953436e-20
3603490000.0 5.2029553201146145e-20
3615520000.0 5.135066281084762e-20
3627590000.0 5.067571642521715e-20
3639700000.0 5.000469705965635e-20
3651850000.0 4.9337587696402895e-20
3664050000.0 4.8674238443849454e-20
3676280000.0 4.8044159683644653e-20
3688550000.0 4.7388582804317916e-20
3700870000.0 4.676578671892539e-20
3713220000.0 4.6146750552370167e-20
3725620000.0 4.553120744404273e-20
3738060000.0 4.4948043455643264e-20
3750540000.0 4.4339594648078525e-20
3763060000.0 4.3763301556055916e-20
3775620000.0 4.316188322583691e-20
3788220000.0 4.25923984845816e-20
3800870000.0 4.202613665539445e-20
3813560000.0 4.1491402920641426e-20
3826290000.0 4.0931675530126756e-20
3839070000.0 4.040315317428985e-20
3851880000.0 3.984990173602197e-20
3864740000.0 3.9327642219554364e-20
3877650000.0 3.8808346417096117e-20
3890590000.0 3.829220169097874e-20
3903580000.0 3.777899504289837e-20
3916610000.0 3.729627617065122e-20
3929690000.0 3.6788917371443164e-20
3942810000.0 3.631183837125389e-20
3955970000.0 3.581037064012513e-20
3969180000.0 3.5338883770550304e-20
3982430000.0 3.4870174598817786e-20
3995730000.0 3.443106376588804e-20
4009060000.0 3.3967781266543503e-20
4022450000.0 3.3507069549062377e-20
4035880000.0 3.3075739838976346e-20
4049350000.0 3.262038491227108e-20
4062870000.0 3.2194128937969174e-20
4076440000.0 3.1770310769178185e-20
4090040000.0 3.134907497863362e-20
4103700000.0 3.093017901389297e-20
4117400000.0 3.053989091745744e-20
4131150000.0 3.012578866834688e-20
4144940000.0 2.9714147092827185e-20
4158780000.0 2.9330747982622276e-20
4172660000.0 2.8949614715648197e-20
4186590000.0 2.8570667436654496e-20
4200570000.0 2.816829039328597e-20
4214590000.0 2.7819363940994694e-20
4228660000.0 2.7446988955438266e-20
4242780000.0 2.7076764659145733e-20
4256940000.0 2.670874543798059e-20
4271160000.0 2.636798066555893e-20
4285420000.0 2.6004133910733466e-20
4299720000.0 2.5667479054098177e-20
4314080000.0 2.533270373596192e-20
4328480000.0 2.4999918684616815e-20
4342930000.0 2.4664102868947185e-20
4357430000.0 2.4337640855375965e-20
4371980000.0 2.4015530065850584e-20
4386570000.0 2.3695340068015326e-20
4401220000.0 2.3381842279439684e-20
4415910000.0 2.3072651502664126e-20
4430650000.0 2.2767681884643566e-20
4445450000.0 2.246685118768966e-20
4460290000.0 2.216781811999533e-20
4475180000.0 2.187533118280336e-20
4490120000.0 2.1584543781208936e-20
4505110000.0 2.1300223988584252e-20
4520150000.0 2.101755748449492e-20
4535240000.0 2.0738908957171196e-20
4550380000.0 2.0464247618738433e-20
4565570000.0 2.019354282703832e-20
4580810000.0 1.9926764086565518e-20
4596110000.0 1.9661497889719575e-20
4611450000.0 1.9402488845496073e-20
4626850000.0 1.914494900573969e-20
4642290000.0 1.8891272206799443e-20
4657790000.0 1.8641346523491136e-20
4673340000.0 1.8392881920510932e-20
4688950000.0 1.8150421184967705e-20
4704600000.0 1.790941717385284e-20
4720310000.0 1.7672065453755012e-20
4736060000.0 1.743841234126532e-20
4751880000.0 1.7208318318009766e-20
4767740000.0 1.6979608817803708e-20
4783660000.0 1.675445438556652e-20
4799630000.0 1.6532862535690318e-20
4815650000.0 1.6314804726951495e-20
4831730000.0 1.609799300757961e-20
4847860000.0 1.5884674629781753e-20
4864040000.0 1.567482141841091e-20
4880280000.0 1.546616956266465e-20
4896580000.0 1.5263108305114922e-20
4912920000.0 1.5059082401298157e-20
4929330000.0 1.4860562512028372e-20
4945780000.0 1.4663241410626412e-20
4962290000.0 1.4469221312202928e-20
4978860000.0 1.427847639256125e-20
4995480000.0 1.4088855869386637e-20
5012160000.0 1.3902472604623974e-20
5028890000.0 1.3717189372123993e-20
5045680000.0 1.3537237613815012e-20
5062530000.0 1.3356196423510603e-20
5079430000.0 1.3180462045280893e-20
5096390000.0 1.3005740057846265e-20
5113400000.0 1.283415524801611e-20
5130470000.0 1.2663560125486369e-20
5147600000.0 1.2496040448724649e-20
5164790000.0 1.2329488771219344e-20
5182030000.0 1.2168076228362607e-20
5199330000.0 1.2005526708165345e-20
5216690000.0 1.184598105820381e-20
5234100000.0 1.1689437209554583e-20
5251580000.0 1.153582584585792e-20
5269110000.0 1.1383125668784942e-20
5286700000.0 1.1231310702274067e-20
5304350000.0 1.1082405179112556e-20
5322060000.0 1.093638518900417e-20
5339830000.0 1.079121253039093e-20
5357660000.0 1.0648891358984285e-20
5375540000.0 1.0507416585234988e-20
5393490000.0 1.0368739656115968e-20
5411500000.0 1.0230869286729325e-20
5429560000.0 1.0095801734847583e-20
5447690000.0 9.961501735558073e-21
5465880000.0 9.829952749997833e-21
5484120000.0 9.699187998171805e-21
5502430000.0 9.571123350403771e-21
5520800000.0 9.443805540753244e-21
5539230000.0 9.319173175129264e-21
5557730000.0 9.195251590910683e-21
5576280000.0 9.073999915155852e-21
5594900000.0 8.953440252626234e-21
5613580000.0 8.835502142483808e-21
5632320000.0 8.718253466527112e-21
5651120000.0 8.603594550678131e-21
5669990000.0 8.48959118267694e-21
5688920000.0 8.376255771307141e-21
5707910000.0 8.265469756915461e-21
5726970000.0 8.155318777274199e-21
5746090000.0 8.047686531298537e-21
5765270000.0 7.940685557375872e-21
5784520000.0 7.83615891572128e-21
5803830000.0 7.73224572721181e-21
5823200000.0 7.63079030289392e-21
5842650000.0 7.529904489343025e-21
5862150000.0 7.4296247686443e-21
5881720000.0 7.331751568488268e-21
5901360000.0 7.234441693662046e-21
5921060000.0 7.137705044571426e-21
5940830000.0 7.04333762355819e-21
5960660000.0 6.949526239898991e-21
5980560000.0 6.858055320090749e-21
6000530000.0 6.767112167279812e-21
6020560000.0 6.678492440268948e-21
6040660000.0 6.58860334701692e-21
6060830000.0 6.502784963825383e-21
6081060000.0 6.4157036874097414e-21
6101360000.0 6.330890254544963e-21
6121730000.0 6.246567892014354e-21
6142170000.0 6.1644858714011626e-21
6162680000.0 6.082879251868853e-21
6183250000.0 6.001755780709205e-21
6203890000.0 5.922837313247935e-21
6224610000.0 5.8443671053288924e-21
6245390000.0 5.76636217685634e-21
6266240000.0 5.6905276607638455e-21
6287160000.0 5.6151336091737554e-21
6308150000.0 5.5401781497778086e-21
6329210000.0 5.467358926918429e-21
6350340000.0 5.394963229080948e-21
6371540000.0 5.322989228739428e-21
6392810000.0 5.2531177078398086e-21
6414150000.0 5.183653022961483e-21
6435570000.0 5.114585446293241e-21
6457050000.0 5.047595095132741e-21
6478610000.0 4.980987458336332e-21
6500240000.0 4.914768747904357e-21
6521940000.0 4.848937226393266e-21
6543710000.0 4.7851349659109674e-21
6565560000.0 4.721698286400431e-21
6587480000.0 4.65863293319102e-21
6609470000.0 4.5975646720943765e-21
6631540000.0 4.536846685958023e-21
6653680000.0 4.476484407174453e-21
6675890000.0 4.416476195512353e-21
6698180000.0 4.358419808431826e-21
6720540000.0 4.300703740476929e-21
6742980000.0 4.2433201106347265e-21
6765490000.0 4.187863759793179e-21
6788070000.0 4.132732593635388e-21
6810740000.0 4.0779131027632805e-21
6833480000.0 4.0234161267976784e-21
6856290000.0 3.970808995511756e-21
6879180000.0 3.9185051679887995e-21
6902150000.0 3.8665034453341476e-21
6925190000.0 3.8148081321813535e-21
6948310000.0 3.763412326535356e-21
6971510000.0 3.713857758409479e-21
6994780000.0 3.664595241032548e-21
7018130000.0 3.617150882622936e-21
7041560000.0 3.568453030664071e-21
7065070000.0 3.521560826204943e-21
7088660000.0 3.474940449984711e-21
7112320000.0 3.428595591028172e-21
7136070000.0 3.3840227524151015e-21
7159890000.0 3.338210624272119e-21
7183800000.0 3.2941584002150743e-21
7207780000.0 3.250366876390567e-21
7231840000.0 3.2083176948339893e-21
7255990000.0 3.165025652881769e-21
7280210000.0 3.123468328654176e-21
7304520000.0 3.0821486196011852e-21
7328900000.0 3.0410739822820733e-21
7353370000.0 3.0002349919349795e-21
7377920000.0 2.9610927580666685e-21
7402550000.0 2.9221785709715647e-21
7427260000.0 2.8834914193788653e-21
7452060000.0 2.845026473008294e-21
7476940000.0 2.806786663714903e-21
7501900000.0 2.7702048282967395e-21
7526950000.0 2.733832923747615e-21
7552080000.0 2.697673733515126e-21
7577290000.0 2.6617262864965854e-21
7602590000.0 2.625986157008403e-21
7627970000.0 2.5918660989051876e-21
7653430000.0 2.5565401356605603e-21
7678980000.0 2.5228196608825507e-21
7704620000.0 2.4892937573273145e-21
7730340000.0 2.4573563184396733e-21
7756150000.0 2.4242156987348405e-21
7782050000.0 2.392649490282124e-21
7808030000.0 2.361268506903505e-21
7834090000.0 2.3286988136481784e-21
7860250000.0 2.299052840326111e-21
7886490000.0 2.268216590939833e-21
7912820000.0 2.2375594081994602e-21
7939240000.0 2.2084354214697005e-21
7965740000.0 2.1794827391691618e-21
7992340000.0 2.1506951448348816e-21
8019020000.0 2.1220773651929873e-21
8045790000.0 2.0936259624213563e-21
8072650000.0 2.065340232928515e-21
8099600000.0 2.0385475153789217e-21
8126640000.0 2.011910221170847e-21
8153770000.0 1.985427686087367e-21
8181000000.0 1.959096849798476e-21
8208310000.0 1.9329218745897843e-21
8235710000.0 1.9068996573005617e-21
8263210000.0 1.8823290011862255e-21
8290790000.0 1.856605998958455e-21
8318470000.0 1.8323246581847374e-21
8346240000.0 1.808184877098575e-21
8374110000.0 1.7841838951124876e-21
8402070000.0 1.7603232830916255e-21
8430120000.0 1.7366024085577525e-21
8458260000.0 1.7142923687316996e-21
8486500000.0 1.692110345262039e-21
8514830000.0 1.6687945260600054e-21
8543260000.0 1.6468731571612268e-21
8571780000.0 1.625080140060399e-21
8600400000.0 1.6034130176834375e-21
8629110000.0 1.581873123833436e-21
8657920000.0 1.5617004651200905e-21
8686820000.0 1.5404073717758901e-21
8715820000.0 1.5204722062479985e-21
8744920000.0 1.5006521001942408e-21
8774120000.0 1.480946586483979e-21
8803410000.0 1.4613568563512321e-21
8832800000.0 1.441880724361606e-21
8862290000.0 1.422517719631312e-21
8891880000.0 1.4032673698792126e-21
8921560000.0 1.3853364417550574e-21
8951350000.0 1.3663059409669423e-21
8981230000.0 1.3485858628603335e-21
9011220000.0 1.3309670536863806e-21
9041300000.0 1.3134520542336237e-21
9071480000.0 1.2960389244494984e-21
9101770000.0 1.278725820009494e-21
9132160000.0 1.2615137526292232e-21
9162640000.0 1.2444036386492496e-21
9193230000.0 1.2285623556800296e-21
9223930000.0 1.2116455165564997e-21
9254720000.0 1.1959915782439829e-21
9285620000.0 1.1804274704846109e-21
9316620000.0 1.1649541011607721e-21
9347720000.0 1.149110775398775e-21
9378930000.0 1.1339326756240898e-21
9410240000.0 1.1188433665210932e-21
9441660000.0 1.1040691296194054e-21
9473180000.0 1.0893813983639347e-21
9504810000.0 1.0750049856182985e-21
9536540000.0 1.0608256099026807e-21
9568380000.0 1.046728243063921e-21
9600320000.0 1.0328256738712727e-21
9632370000.0 1.0192270111511758e-21
9664530000.0 1.0057070956812846e-21
9696790000.0 9.923775571041848e-22
9729170000.0 9.79234899686734e-22
9761650000.0 9.662797281733437e-22
9794240000.0 9.535096005985874e-22
9826940000.0 9.408136441873154e-22
9859740000.0 9.284106801664121e-22
9892660000.0 9.160788510590545e-22
9925690000.0 9.03927178491067e-22
9958820000.0 8.919551682168553e-22
9992070000.0 8.801596308783878e-22
10025400000.0 8.68542699541753e-22
10058900000.0 8.569882707911172e-22
10092500000.0 8.456087507199303e-22
10126200000.0 8.344027353524788e-22
10160000000.0 8.233688290666235e-22
10193900000.0 8.125056445926259e-22
10227900000.0 8.017066335717636e-22
10262100000.0 7.910685850956199e-22
10296300000.0 7.806056776916105e-22
10330700000.0 7.703012587557231e-22
10365200000.0 7.600579041831672e-22
10399800000.0 7.500821638936787e-22
10434500000.0 7.400624011862902e-22
10469400000.0 7.303005986308393e-22
10504300000.0 7.206036622557497e-22
10539400000.0 7.110595170565385e-22
10574600000.0 7.016738185088366e-22
10609900000.0 6.92343872076212e-22
10645300000.0 6.831704318323119e-22
10680800000.0 6.741521992859024e-22
10716500000.0 6.652816763669548e-22
10752300000.0 6.5646395277662225e-22
10788200000.0 6.476987480852858e-22
10824200000.0 6.391845340771403e-22
10860300000.0 6.307209592204528e-22
10896600000.0 6.223020422045397e-22
10933000000.0 6.141301891302098e-22
10969500000.0 6.059089858179437e-22
11006100000.0 5.979323472537757e-22
11042800000.0 5.900032414142815e-22
11079700000.0 5.822132407894369e-22
11116700000.0 5.744697881259563e-22
11153800000.0 5.6686906756891495e-22
11191000000.0 5.594098633317625e-22
11228400000.0 5.519902528625046e-22
11265900000.0 5.446150711382969e-22
11303500000.0 5.374743955096234e-22
11341200000.0 5.303763913297638e-22
11379100000.0 5.233162226410881e-22
11417100000.0 5.163926208289796e-22
11455200000.0 5.095105064492877e-22
11493400000.0 5.027632361350397e-22
11531800000.0 4.961453429140551e-22
11570300000.0 4.895671462829949e-22
11608900000.0 4.831210797203195e-22
11647700000.0 4.767095522800468e-22
11686600000.0 4.703365736672242e-22
11725600000.0 4.640936595186356e-22
11764700000.0 4.579796755369277e-22
11804000000.0 4.518985397769292e-22
11843400000.0 4.45944821653385e-22
11883000000.0 4.400231791645651e-22
11922600000.0 4.342310937010891e-22
11962400000.0 4.2847019306399055e-22
12002400000.0 4.2274045501372697e-22
12042500000.0 4.1713463977663123e-22
12082700000.0 4.1165165271575515e-22
12123000000.0 4.0620167854716055e-22
12163500000.0 4.0078122857613355e-22
12204100000.0 3.954816546119437e-22
12244800000.0 3.90301884131933e-22
12285700000.0 3.851501632457053e-22
12326700000.0 3.8002954646067737e-22
12367900000.0 3.749368170931121e-22
12409200000.0 3.7004828956785836e-22
12450600000.0 3.651028663020085e-22
12492200000.0 3.6027056258780306e-22
12533900000.0 3.554674998794406e-22
12575700000.0 3.5077903687458634e-22
12617700000.0 3.4611615201728923e-22
12659800000.0 3.415664758604886e-22
12702100000.0 3.370416522377148e-22
12744500000.0 3.3254425600680617e-22
12787000000.0 3.28158241415035e-22
12829700000.0 3.237962380468261e-22
12872600000.0 3.1954177245233484e-22
12915500000.0 3.1531557004146065e-22
12958700000.0 3.1111014759744773e-22
13001900000.0 3.070154021317542e-22
13045300000.0 3.029431323375211e-22
13088900000.0 2.9889330131550186e-22
13132600000.0 2.949500237119481e-22
13176400000.0 2.9103069360451916e-22
13220400000.0 2.8721435384155486e-22
13264500000.0 2.834211961131741e-22
13308800000.0 2.796489742245359e-22
13353300000.0 2.7597820336404164e-22
13397800000.0 2.7233181700000086e-22
13442600000.0 2.687035761403423e-22
13487400000.0 2.650994385460296e-22
13532500000.0 2.615928545924642e-22
13577700000.0 2.5818688766172274e-22
13623000000.0 2.54722692647095e-22
13668500000.0 2.5135647962566676e-22
13714100000.0 2.480107948458504e-22
13759900000.0 2.447619026252208e-22
13805800000.0 2.415328170964432e-22
13851900000.0 2.38321690786634e-22
13898200000.0 2.3512848361260265e-22
13944600000.0 2.3203195615415444e-22
13991100000.0 2.2895433101255575e-22
14037800000.0 2.259705030686835e-22
14084700000.0 2.22926924451363e-22
14131700000.0 2.1997810880275617e-22
14178900000.0 2.170457812323738e-22
14226200000.0 2.1420701785218467e-22
14273700000.0 2.1138410693946165e-22
14321400000.0 2.0857700902669e-22
14369200000.0 2.0578711597916954e-22
14417200000.0 2.0308751625046303e-22
14465300000.0 2.0040444730800393e-22
14513600000.0 1.977364378240245e-22
14562000000.0 1.9508478755397984e-22
14610700000.0 1.9252037556206042e-22
14659400000.0 1.899730020388377e-22
14708400000.0 1.8743867456362885e-22
14757500000.0 1.8499281303204933e-22
14806700000.0 1.8256193991161152e-22
14856200000.0 1.801435301798608e-22
14905800000.0 1.777399905021426e-22
14955500000.0 1.7535122114243102e-22
15005500000.0 1.7304650212719773e-22
15055600000.0 1.7075595708863832e-22
15105800000.0 1.6847949048827215e-22
15156300000.0 1.662857854355633e-22
15206900000.0 1.6403483613827054e-22
15257600000.0 1.618682566098438e-22
15308600000.0 1.5978316351167892e-22
15359700000.0 1.5764085882629049e-22
15411000000.0 1.5558054144433906e-22
15462400000.0 1.5346333600074992e-22
15514000000.0 1.5142754360336025e-22
15565800000.0 1.494724330810054e-22
15617800000.0 1.4745952846987726e-22
15669900000.0 1.455277003124865e-22
15722200000.0 1.436068488199117e-22
15774700000.0 1.416969378755982e-22
15827400000.0 1.3979793101178857e-22
15880200000.0 1.3797839593903187e-22
15933200000.0 1.3610170025988484e-22
15986400000.0 1.3430305512659692e-22
16039800000.0 1.3258175119865019e-22
16093400000.0 1.30803405294788e-22
16147100000.0 1.2903606670338159e-22
16201000000.0 1.2734526788880027e-22
16255100000.0 1.2566413602295484e-22
16309400000.0 1.2399263675346817e-22
16363800000.0 1.2233148304594859e-22
16418400000.0 1.2074538305637714e-22
16473200000.0 1.191683505377432e-22
16528200000.0 1.1753527210940279e-22
16583400000.0 1.1597649211766944e-22
16638800000.0 1.1449132730695342e-22
16694300000.0 1.1295090969375567e-22
16750100000.0 1.1148292303396652e-22
16806000000.0 1.0996002523008278e-22
16862100000.0 1.0850973018945138e-22
16918400000.0 1.0706778766540128e-22
16974900000.0 1.056975333436044e-22
17031500000.0 1.0427260054399948e-22
17088400000.0 1.0291824840717403e-22
17145500000.0 1.0150896348849143e-22
17202700000.0 1.0017098091624891e-22
17260100000.0 9.884072127762761e-23
17317800000.0 9.751759075864174e-23
17375600000.0 9.626460068494208e-23
17433600000.0 9.495712850916077e-23
17491800000.0 9.371875152920677e-23
17550200000.0 9.248753406911903e-23
17608800000.0 9.126344684709502e-23
17667600000.0 9.004646048486498e-23
17726500000.0 8.883704666367723e-23
17785700000.0 8.769464415852042e-23
17845100000.0 8.649857355977105e-23
17904700000.0 8.53695632966759e-23
17964500000.0 8.424710650919954e-23
18024400000.0 8.313163654884697e-23
18084600000.0 8.202219538931241e-23
18145000000.0 8.091922401014503e-23
18205600000.0 7.988177852396253e-23
18266300000.0 7.879189721084042e-23
18327300000.0 7.776665517856669e-23
18388500000.0 7.67473805305444e-23
18449900000.0 7.573404703102383e-23
18511500000.0 7.47266284066368e-23
18573300000.0 7.372509834984779e-23
18635300000.0 7.272943052234192e-23
18697500000.0 7.179712830859834e-23
18759900000.0 7.081291446019373e-23
18822600000.0 6.98912607141844e-23
18885400000.0 6.897536159445002e-23
18948500000.0 6.806445596183579e-23
19011700000.0 6.715924371465278e-23
19075200000.0 6.625898777820854e-23
19138900000.0 6.536402267653327e-23
19202800000.0 6.45303396403738e-23
19266900000.0 6.364569577789832e-23
19331200000.0 6.282191319863518e-23
19395700000.0 6.200295327663988e-23
19460500000.0 6.118847888337871e-23
19525500000.0 6.0378792130919e-23
19590600000.0 5.957417425676224e-23
19656000000.0 5.877398914513604e-23
19721700000.0 5.797822921345834e-23
19787500000.0 5.724182529508918e-23
19853600000.0 5.645526909320449e-23
19919900000.0 5.57273734012902e-23
19986400000.0 5.500375657266324e-23
20053100000.0 5.423075698052392e-23
20120000000.0 5.351581350664314e-23
20187200000.0 5.283146617429856e-23
20254600000.0 5.212990210381052e-23
20322200000.0 5.143777851809382e-23
20390100000.0 5.076004838377553e-23
20458100000.0 5.008657218899295e-23
20526400000.0 4.942207638454755e-23
20595000000.0 4.8766500662803684e-23
20663700000.0 4.812025048038984e-23
20732700000.0 4.748797267378928e-23
20801900000.0 4.6854267927717443e-23
20871400000.0 4.62344084947991e-23
20941100000.0 4.562336444416191e-23
21011000000.0 4.502106549500038e-23
21081100000.0 4.4422339302468424e-23
21151500000.0 4.383713115023193e-23
21222100000.0 4.3255398003920174e-23
21293000000.0 4.2681972980997644e-23
21364000000.0 4.21171918011747e-23
21435400000.0 4.156039480703576e-23
21506900000.0 4.1007104141144124e-23
21578700000.0 4.046688733615373e-23
21650800000.0 3.992970030983374e-23
21723100000.0 3.9400668202335813e-23
21795600000.0 3.887972442303486e-23
21868300000.0 3.836188399844688e-23
21941400000.0 3.785659012427754e-23
22014600000.0 3.7354482264606696e-23
22088100000.0 3.6860071722897067e-23
22161800000.0 3.6373466118869386e-23
22235800000.0 3.5889602022135314e-23
22310100000.0 3.541329308720975e-23
22384600000.0 3.494463934207646e-23
22459300000.0 3.4483577127464176e-23
22534300000.0 3.4025118762999854e-23
22609500000.0 3.357416262870935e-23
22685000000.0 3.3130499996344066e-23
22760700000.0 3.2694219471758386e-23
22836700000.0 3.2260407582734675e-23
22912900000.0 3.1833890289267085e-23
22989400000.0 3.140979058928283e-23
23066200000.0 3.099276434731747e-23
23143200000.0 3.05828895076504e-23
23220500000.0 3.017997554614845e-23
23298000000.0 2.9779479607057487e-23
23375800000.0 2.938586383574618e-23
23453800000.0 2.8994612208599274e-23
23532100000.0 2.861016067562949e-23
23610700000.0 2.823245623816492e-23
23689500000.0 2.7857023025808925e-23
23768600000.0 2.748825785649492e-23
23847900000.0 2.712622204287986e-23
23927500000.0 2.676625036568401e-23
24007400000.0 2.641281633346129e-23
24087600000.0 2.6061402466952825e-23
24168000000.0 2.5716558901544692e-23
24248700000.0 2.53781241572792e-23
24329600000.0 2.5041728716160572e-23
24410900000.0 2.4707158142173546e-23
24492400000.0 2.438339333482705e-23
24574100000.0 2.4057203026134306e-23
24656200000.0 2.3741514724742075e-23
24738500000.0 2.342773239395453e-23
24821100000.0 2.3115751529928272e-23
24903900000.0 2.2809976309802323e-23
24987100000.0 2.2505867337300826e-23
25070500000.0 2.2207890258135168e-23
25154200000.0 2.1915904061342077e-23
25238200000.0 2.1625597513413947e-23
25322400000.0 2.1337048478275246e-23
25407000000.0 2.1054314317315506e-23
25491800000.0 2.0777513458614842e-23
25576900000.0 2.0502307602117558e-23
25662300000.0 2.022869053174826e-23
25748000000.0 1.996083365728177e-23
25833900000.0 1.9698765236105407e-23
25920200000.0 1.9438133866959203e-23
26006700000.0 1.9179084762145462e-23
26093500000.0 1.892565796690922e-23
26180700000.0 1.8673626321504125e-23
26268100000.0 1.8427222652638947e-23
26355800000.0 1.8182246264130372e-23
26443700000.0 1.7942826876158565e-23
26532000000.0 1.7704726972786874e-23
26620600000.0 1.7472050489824162e-23
26709500000.0 1.7240724030657443e-23
26798600000.0 1.701080540491954e-23
26888100000.0 1.678616143209202e-23
26977900000.0 1.6562823818021053e-23
27068000000.0 1.634476091357587e-23
27158300000.0 1.6128026133342406e-23
27249000000.0 1.591249425173895e-23
27340000000.0 1.5702154566373116e-23
27431200000.0 1.549701879881931e-23
27522800000.0 1.5289112010884742e-23
27614700000.0 1.5086315921690613e-23
27706900000.0 1.4888586264171227e-23
27799400000.0 1.4692009656425027e-23
27892200000.0 1.4496580969693243e-23
27985300000.0 1.4306138739032946e-23
28078700000.0 1.4112977699591318e-23
28172500000.0 1.392853605163264e-23
28266500000.0 1.3745221265304377e-23
28360900000.0 1.3562930368106512e-23
28455600000.0 1.3381707883788696e-23
28550600000.0 1.3205316458833376e-23
28645900000.0 1.3029958539309248e-23
28741600000.0 1.2855584607427191e-23
28837500000.0 1.2686010161594616e-23
28933800000.0 1.2517386776612131e-23
29030400000.0 1.2353459795587397e-23
29127300000.0 1.2190494586951096e-23
29224500000.0 1.2028486602514359e-23
29322100000.0 1.186739082288994e-23
29420000000.0 1.1710900762442767e-23
29518200000.0 1.1555331301172538e-23
29616800000.0 1.1404271448907418e-23
29715600000.0 1.1254138327401471e-23
29814800000.0 1.1104851252245899e-23
29914400000.0 1.095640779521538e-23
30014300000.0 1.0812425338370233e-23
30114500000.0 1.0669291879915008e-23
30215000000.0 1.0527003236867623e-23
30315900000.0 1.0389069153042953e-23
30417100000.0 1.0248412702755674e-23
30518600000.0 1.011563895481097e-23
30620500000.0 9.980102145329883e-24
30722700000.0 9.848869491495805e-24
30825300000.0 9.718380930978208e-24
30928200000.0 9.588665124287448e-24
31031500000.0 9.463154018749217e-24
31135100000.0 9.334930959531872e-24
31239000000.0 9.2143566184729e-24
31343300000.0 9.091033734172988e-24
31448000000.0 8.971835255871863e-24
31553000000.0 8.853343663455532e-24
31658300000.0 8.735555291957135e-24
31764000000.0 8.618439352276814e-24
31870000000.0 8.505395397634129e-24
31976400000.0 8.392995930107162e-24
32083200000.0 8.281238741657865e-24
32190300000.0 8.170146986304465e-24
32297800000.0 8.063022636855773e-24
32405600000.0 7.956535367592152e-24
32513800000.0 7.850657643691235e-24
32622300000.0 7.745411037322686e-24
32731200000.0 7.644055174291822e-24
32840500000.0 7.543279638212243e-24
32950100000.0 7.44310491308487e-24
33060200000.0 7.343483325405366e-24
33170500000.0 7.247722220738908e-24
33281300000.0 7.152488406747136e-24
33392400000.0 7.057823184315201e-24
33503900000.0 6.963702655164934e-24
33615700000.0 6.870145196346766e-24
33727900000.0 6.78031684794524e-24
33840500000.0 6.691005078376224e-24
33953500000.0 6.6022079047452816e-24
34066900000.0 6.513923334167397e-24
34180600000.0 6.429315161882777e-24
34294700000.0 6.342057477138707e-24
34409200000.0 6.258431859814584e-24
34524100000.0 6.175289393213297e-24
34639300000.0 6.092645738503328e-24
34755000000.0 6.0135584741696546e-24
34871000000.0 5.934944968879423e-24
34987400000.0 5.8537113646426305e-24
35104200000.0 5.7790790985081674e-24
35221400000.0 5.701823031732936e-24
35339000000.0 5.6250157324742194e-24
35457000000.0 5.551689044771394e-24
35575400000.0 5.4787871942694156e-24
35694200000.0 5.406308404210349e-24
35813300000.0 5.334265787629676e-24
35932900000.0 5.262627520257779e-24
36052900000.0 5.194390525138018e-24
36173200000.0 5.123590106883032e-24
36294000000.0 5.056153176706315e-24
36415100000.0 4.989122565541676e-24
36536700000.0 4.922468938835045e-24
36658700000.0 4.859138782039105e-24
36781100000.0 4.7932520944238925e-24
36903900000.0 4.7306659892807316e-24
37027100000.0 4.6684445877052135e-24
37150700000.0 4.606586271187952e-24
37274700000.0 4.545089419274329e-24
37399200000.0 4.483940420335925e-24
37524000000.0 4.426028430080874e-24
37649300000.0 4.365585304426836e-24
37775000000.0 4.308345123602506e-24
37901100000.0 4.2514397546828995e-24
38027600000.0 4.194867662653952e-24
38154600000.0 4.1386164648683725e-24
38282000000.0 4.085505675333552e-24
38409800000.0 4.0299047249724395e-24
38538000000.0 3.977422466082792e-24
38666700000.0 3.9252374650681556e-24
38795800000.0 3.873358765206622e-24
38925300000.0 3.821784918185738e-24
39055200000.0 3.770514476139094e-24
39185600000.0 3.7222815450493194e-24
39316500000.0 3.671585929681859e-24
39447700000.0 3.623926032379933e-24
39579400000.0 3.576536928065886e-24
39711600000.0 3.5267090266658404e-24
39844100000.0 3.479885276026319e-24
39977200000.0 3.4360110743179144e-24
40110600000.0 3.389720938190882e-24
40244500000.0 3.343696142493416e-24
40378900000.0 3.300599679542488e-24
40513700000.0 3.257756990696482e-24
40648900000.0 3.212520588187064e-24
40784700000.0 3.1701749217441603e-24
40920800000.0 3.1280873815898265e-24
41057400000.0 3.088861188696501e-24
41194500000.0 3.0472469471043368e-24
41332000000.0 3.005879690220447e-24
41470000000.0 2.9673448420645834e-24
41608500000.0 2.9264452117745213e-24
41747400000.0 2.8883659063402017e-24
41886800000.0 2.850505125303763e-24
42026600000.0 2.812868738532273e-24
42166900000.0 2.775449003152406e-24
42307700000.0 2.7382450904978034e-24
42448900000.0 2.701262531172319e-24
42590600000.0 2.6670194961853615e-24
42732800000.0 2.6304555703922743e-24
42875500000.0 2.596612734387018e-24
43018600000.0 2.5629705938352755e-24
43162300000.0 2.5270242325406415e-24
43306400000.0 2.4937772598724558e-24
43450900000.0 2.4614708302209975e-24
43596000000.0 2.4288516610848157e-24
43741500000.0 2.39667290242699e-24
43887600000.0 2.364920276602485e-24
44034100000.0 2.333601439029769e-24
44181100000.0 2.3027077131713505e-24
44328600000.0 2.2722359152209016e-24
44476600000.0 2.242182875075438e-24
44625100000.0 2.2123043921850976e-24
44774100000.0 2.1830802149439775e-24
44923500000.0 2.154270161434429e-24
45073500000.0 2.125622801479273e-24
45224000000.0 2.0976179979183046e-24
45375000000.0 2.0697761616140785e-24
45526500000.0 2.0423328600633187e-24
45678500000.0 2.0152850290434022e-24
45831000000.0 1.9886296190285596e-24
45984000000.0 1.9623635952785583e-24
46137500000.0 1.9362507951423585e-24
46291500000.0 1.910755274868537e-24
46446100000.0 1.8854044699613784e-24
46601100000.0 1.8604367262365474e-24
46756700000.0 1.8358410221171137e-24
46912800000.0 1.8113891712842656e-24
47069400000.0 1.787537575591164e-24
47226600000.0 1.763821753131434e-24
47384200000.0 1.7404756074260132e-24
47542400000.0 1.717262572952868e-24
47701200000.0 1.6946332014586244e-24
47860400000.0 1.6721400237039768e-24
48020200000.0 1.6499993781075043e-24
48180500000.0 1.628211963507366e-24
48341400000.0 1.6065491044722598e-24
48502700000.0 1.5852386748605017e-24
48664700000.0 1.5642680525397274e-24
48827100000.0 1.5436442414715637e-24
48990100000.0 1.5231385114356228e-24
49153700000.0 1.5029692751605862e-24
49317800000.0 1.4831369273749432e-24
49482500000.0 1.4634183772712183e-24
49647700000.0 1.4440327744247291e-24
49813400000.0 1.4249773900465068e-24
49979700000.0 1.4060314781376984e-24
50146600000.0 1.3874091332107711e-24
50314000000.0 1.3691105226399862e-24
50482000000.0 1.3509172147052273e-24
50650500000.0 1.333043809132048e-24
50819600000.0 1.3154850628731587e-24
50989300000.0 1.298027506710913e-24
51159500000.0 1.2808835078476769e-24
51330300000.0 1.2638384285993203e-24
51501700000.0 1.247100740138338e-24
51673600000.0 1.2306703483071836e-24
51846100000.0 1.2143348570517264e-24
52019200000.0 1.1983006693518055e-24
52192900000.0 1.1823592466810882e-24
52367100000.0 1.1667178495297578e-24
52541900000.0 1.1511670242248222e-24
52717300000.0 1.1359104443357126e-24
52893400000.0 1.1209435825507992e-24
53069900000.0 1.1060677127977595e-24
53247100000.0 1.0914781304253504e-24
53424900000.0 1.076973235433993e-24
53603200000.0 1.0627553257633103e-24
53782200000.0 1.048618039986728e-24
53961800000.0 1.034762380933272e-24
54141900000.0 1.0209892180495303e-24
54322700000.0 1.0074924160072895e-24
54504000000.0 9.94273393042987e-25
54686000000.0 9.809327640847433e-25
54868500000.0 9.68063907509164e-25
55051700000.0 9.552682275314812e-25
55235500000.0 9.425471889278292e-25
55419900000.0 9.300945554124759e-25
55604900000.0 9.177146123630226e-25
55790600000.0 9.055982167518881e-25
55976800000.0 8.935542312895902e-25
56163700000.0 8.817706408523095e-25
56351200000.0 8.70055952477012e-25
56539400000.0 8.58598585444147e-25
56728100000.0 8.472097731899891e-25
56917500000.0 8.360751830665388e-25
57107500000.0 8.250057826008916e-25
57298200000.0 8.139998503892115e-25
57489500000.0 8.032456596476627e-25
57681400000.0 7.925545578480669e-25
57874000000.0 7.821107616693706e-25
58067200000.0 7.717282729087819e-25
58261000000.0 7.615914306568197e-25
58455600000.0 7.513275047949664e-25
58650700000.0 7.414921746405972e-25
58846500000.0 7.3171335738053935e-25
59043000000.0 7.219908385921201e-25
59240100000.0 7.123256051373172e-25
59437900000.0 7.0289717005224445e-25
59636300000.0 6.937046723531456e-25
59835400000.0 6.84385356742113e-25
60035200000.0 6.754783268460022e-25
60235600000.0 6.6644517022941115e-25
60436700000.0 6.576422863744845e-25
60638500000.0 6.4889029975983725e-25
60840900000.0 6.40366857493848e-25
61044000000.0 6.318926911442243e-25
61247800000.0 6.234676010618929e-25
61452300000.0 6.152664271228524e-25
61657500000.0 6.071127629671122e-25
61863300000.0 5.990073808834604e-25
62069800000.0 5.911223824472338e-25
62277100000.0 5.832821824111728e-25
62485000000.0 5.754884780420004e-25
62693600000.0 5.679116994991899e-25
62902900000.0 5.603789379661421e-25
63112900000.0 5.530604408181362e-25
63323600000.0 5.456145839557286e-25
63535000000.0 5.3838148527425015e-25
63747100000.0 5.313592663865882e-25
63959900000.0 5.242097046523366e-25
64173500000.0 5.172687310488906e-25
64387700000.0 5.105361142018034e-25
64602700000.0 5.036754003124397e-25
64818400000.0 4.970207847183812e-25
65034800000.0 4.904050336222361e-25
65251900000.0 4.839928209614334e-25
65469700000.0 4.776180283027312e-25
65688300000.0 4.712797697771031e-25
65907600000.0 4.649786181643277e-25
66127600000.0 4.588770690764172e-25
66348400000.0 4.528105240154719e-25
66569900000.0 4.467795245316364e-25
66792200000.0 4.40783246676244e-25
67015100000.0 4.3498336781161185e-25
67238900000.0 4.292161980016759e-25
67463300000.0 4.234835257006076e-25
67688600000.0 4.179422219994685e-25
67914600000.0 4.124334331155397e-25
68141300000.0 4.069570053008094e-25
68368800000.0 4.015121975804674e-25
68597000000.0 3.9625627225137187e-25
68826000000.0 3.910306552947324e-25
69055800000.0 3.858352268021391e-25
69286400000.0 3.8066986636181195e-25
69517700000.0 3.756897254574221e-25
69749800000.0 3.707383623490219e-25
69982600000.0 3.658161832357214e-25
70216300000.0 3.609220170195891e-25
70450700000.0 3.5620946629977335e-25
70685900000.0 3.5137201685464597e-25
70921900000.0 3.467144121911382e-25
71158700000.0 3.422350200161615e-25
71396200000.0 3.37631368933037e-25
71634600000.0 3.3320421962937253e-25
71873700000.0 3.2880323734978995e-25
72113700000.0 3.244273902067561e-25
72354400000.0 3.2007747611753116e-25
72596000000.0 3.159006641122945e-25
72838400000.0 3.1174813677667226e-25
73081500000.0 3.0762020976159215e-25
73325500000.0 3.035159287504297e-25
73570300000.0 2.994356161044262e-25
73815900000.0 2.9552488835654357e-25
74062400000.0 2.916365538436251e-25
74309600000.0 2.877713055155514e-25
74557700000.0 2.839282609749058e-25
74806600000.0 2.801077124510278e-25
75056400000.0 2.7645250406683318e-25
75307000000.0 2.7281864700817532e-25
75558400000.0 2.6920604425513855e-25
75810600000.0 2.656145987269625e-25
76063700000.0 2.6204386878699123e-25
76317700000.0 2.5863472001001537e-25
76572500000.0 2.5524552183046965e-25
76828100000.0 2.51876181623897e-25
77084600000.0 2.485262843482902e-25
77341900000.0 2.4519607053265427e-25
77600100000.0 2.4202375179461447e-25
77859200000.0 2.387315576154462e-25
78119100000.0 2.3559648619608157e-25
78380000000.0 2.3247924009834257e-25
78641600000.0 2.293806358595942e-25
78904200000.0 2.2629971011839203e-25
79167600000.0 2.233728392206393e-25
79431900000.0 2.2046288185784477e-25
79697100000.0 2.1743479950402097e-25
79963200000.0 2.1455890908207982e-25
80230100000.0 2.1169998489186e-25
80498000000.0 2.089910504867842e-25
80766700000.0 2.06164862266818e-25
81036400000.0 2.0348764512562438e-25
81306900000.0 2.0069391656327324e-25
81578300000.0 1.9804838822126892e-25
81850700000.0 1.9541801662104146e-25
82124000000.0 1.9293396208549389e-25
82398100000.0 1.9033399224644545e-25
82673200000.0 1.8774899182243555e-25
82949200000.0 1.8530880587154305e-25
83226200000.0 1.8288260727108798e-25
83504000000.0 1.8047077623263852e-25
83782800000.0 1.7807281384479235e-25
84062500000.0 1.7568887669365875e-25
84343100000.0 1.7331890156190502e-25
84624700000.0 1.710897329106469e-25
84907200000.0 1.6887356072231003e-25
85190700000.0 1.665438650489613e-25
85475100000.0 1.643537394930717e-25
85760500000.0 1.6217624888919677e-25
86046800000.0 1.6001152939074625e-25
86334100000.0 1.5798393180156921e-25
86622300000.0 1.5584398521936689e-25
86911500000.0 1.5371646232299836e-25
87201600000.0 1.5172484007811166e-25
87492800000.0 1.497445425672244e-25
87784900000.0 1.4777586821077248e-25
88077900000.0 1.4581876171736648e-25
88372000000.0 1.4387284221287538e-25
88667000000.0 1.4193839096176044e-25
88963000000.0 1.4001519520223692e-25
89260100000.0 1.3822356164959797e-25
89558100000.0 1.3644244417447393e-25
89857000000.0 1.3455208341022006e-25
90157000000.0 1.327919483058977e-25
90458000000.0 1.3104203948614266e-25
90760000000.0 1.29302313048261e-25
91063000000.0 1.2757272500008613e-25
91367000000.0 1.258532312662725e-25
91672100000.0 1.2426099031854486e-25
91978100000.0 1.2256116461422178e-25
92285200000.0 1.2098772939191235e-25
92593300000.0 1.1930727092458295e-25
92902400000.0 1.1775247656009257e-25
93212600000.0 1.1620662257947428e-25
93523800000.0 1.1468129866228607e-25
93836000000.0 1.131648860971516e-25
94149300000.0 1.1166865102871688e-25
94463600000.0 1.10181174555952e-25
94779000000.0 1.0872500026672345e-25
95095400000.0 1.07288668666215e-25
95412900000.0 1.058606427881616e-25
95731400000.0 1.0446347082874043e-25
96051000000.0 1.0308558329233039e-25
96371700000.0 1.0171567389937892e-25
96693400000.0 1.0036493827242778e-25
97016200000.0 9.904421281583962e-26
97340100000.0 9.773114262690249e-26
97665100000.0 9.64367096942008e-26
97991200000.0 9.516077217136314e-26
98318300000.0 9.389234374518138e-26
98646500000.0 9.265310281759365e-26
98975900000.0 9.142097211694601e-26
99306300000.0 9.021777073774794e-26
99637900000.0 8.902147695082293e-26
99970500000.0 8.784300061366135e-26
100304000000.0 8.668228614933512e-26
100639000000.0 8.552798981505966e-26
100975000000.0 8.440182252124945e-26
101312000000.0 8.328230309507796e-26
101650000000.0 8.217998047967696e-26
101990000000.0 8.108337425580731e-26
102330000000.0 8.001507856885476e-26
102672000000.0 7.895232039457719e-26
103015000000.0 7.790630443778477e-26
103359000000.0 7.687689438046048e-26
103704000000.0 7.586395474993135e-26
104050000000.0 7.485701297937288e-26
104397000000.0 7.38663419458975e-26
104746000000.0 7.288084318014984e-26
105096000000.0 7.192167565255183e-26
105446000000.0 7.096887552883181e-26
105798000000.0 7.003122304912246e-26
106152000000.0 6.90984872945297e-26
106506000000.0 6.818205146125126e-26
106862000000.0 6.728049432988697e-26
107218000000.0 6.639495662793548e-26
107576000000.0 6.551406200628014e-26
107935000000.0 6.464837792696017e-26
108296000000.0 6.37872553806724e-26
108657000000.0 6.294175440486485e-26
109020000000.0 6.211058035717071e-26
109384000000.0 6.128436272862668e-26
109749000000.0 6.047287590212848e-26
110116000000.0 5.967545356317471e-26
110483000000.0 5.888332894420312e-26
110852000000.0 5.810510483732803e-26
111222000000.0 5.733152911395752e-26
111594000000.0 5.657170854439241e-26
111966000000.0 5.582654393296643e-26
112340000000.0 5.508533374304887e-26
112715000000.0 5.435810344581424e-26
113091000000.0 5.363522178684238e-26
113469000000.0 5.292567808654241e-26
113848000000.0 5.222983564940289e-26
114228000000.0 5.1538159568797113e-26
114609000000.0 5.0850626507830035e-26
114992000000.0 5.017613119306108e-26
115376000000.0 4.951500802050958e-26
115761000000.0 4.8857848952550064e-26
116147000000.0 4.821389275937588e-26
116535000000.0 4.757338612477207e-26
116924000000.0 4.694592867403308e-26
117314000000.0 4.6322237554895197e-26
117706000000.0 4.5711041503853276e-26
118099000000.0 4.510352099501378e-26
118493000000.0 4.450873269503651e-26
118889000000.0 4.39171479319011e-26
119286000000.0 4.333814529973228e-26
119684000000.0 4.2762626583101683e-26
120084000000.0 4.219022017687634e-26
120485000000.0 4.163912457549563e-26
120887000000.0 4.108244713436445e-26
121290000000.0 4.0537994158549665e-26
121695000000.0 4.0005328885774353e-26
122102000000.0 3.947555065451943e-26
122509000000.0 3.894929248693527e-26
122918000000.0 3.843464523544984e-26
123329000000.0 3.792279652652736e-26
123740000000.0 3.742304093336359e-26
124153000000.0 3.692599935054916e-26
124568000000.0 3.644030386735194e-26
124984000000.0 3.595754614132899e-26
125401000000.0 3.5477708484840067e-26
125820000000.0 3.50090443410606e-26
126240000000.0 3.45432176511174e-26
126661000000.0 3.4088703674115345e-26
127084000000.0 3.363667177502429e-26
127508000000.0 3.319581483634359e-26
127934000000.0 3.2748960072713767e-26
128361000000.0 3.232157962888356e-26
128790000000.0 3.188818576782696e-26
129220000000.0 3.1465750424384737e-26
129651000000.0 3.105417433837613e-26
130084000000.0 3.0636585452056855e-26
130518000000.0 3.023801875416741e-26
130954000000.0 2.9833424095959117e-26
131391000000.0 2.9439477352887854e-26
131830000000.0 2.9047701727105704e-26
132270000000.0 2.8666442360328496e-26
132712000000.0 2.828728482214838e-26
133155000000.0 2.7910434873893296e-26
133599000000.0 2.7543929448984015e-26
134045000000.0 2.7179446493911516e-26
134493000000.0 2.681698214849786e-26
134942000000.0 2.645672848275169e-26
135392000000.0 2.610661628638531e-26
135844000000.0 2.5766362828526331e-26
136298000000.0 2.5420101024263993e-26
136753000000.0 2.5083820678428878e-26
137209000000.0 2.4757429844795043e-26
137667000000.0 2.442503280674769e-26
138127000000.0 2.410227872714121e-26
138588000000.0 2.3781495627912464e-26
139051000000.0 2.3470237833051758e-26
139515000000.0 2.3160879946717042e-26
139981000000.0 2.2853246444937355e-26
140448000000.0 2.2547493844350387e-26
140917000000.0 2.2251085410554575e-26
141387000000.0 2.195648815058609e-26
141859000000.0 2.1663537579531164e-26
142333000000.0 2.137978703004754e-26
142808000000.0 2.109777237410229e-26
143285000000.0 2.0817336965166245e-26
143763000000.0 2.0538619651140344e-26
144243000000.0 2.026892597398267e-26
144725000000.0 2.0000744872160824e-26
145208000000.0 1.9734208266636603e-26
145693000000.0 1.9476554733894623e-26
146179000000.0 1.9213120907952592e-26
146667000000.0 1.8958508567483778e-26
147157000000.0 1.871264033267825e-26
147648000000.0 1.846099363553502e-26
148141000000.0 1.8218030293222432e-26
148636000000.0 1.7976436819054965e-26
149132000000.0 1.7736328222017032e-26
149630000000.0 1.750476642571598e-26
150129000000.0 1.7274625822818508e-26
150631000000.0 1.7045670546089172e-26
151133000000.0 1.6818236254835122e-26
151638000000.0 1.6591979581477165e-26
152144000000.0 1.637418736299375e-26
152652000000.0 1.6157627312675938e-26
153162000000.0 1.594229565371237e-26
153673000000.0 1.5735290596255875e-26
154186000000.0 1.5522479824223442e-26
154701000000.0 1.5317835689893732e-26
155217000000.0 1.5114452179508594e-26
155736000000.0 1.4912129172646787e-26
156256000000.0 1.4717940022918183e-26
156777000000.0 1.4524946411851782e-26
157301000000.0 1.433295790236979e-26
157826000000.0 1.4142154641126642e-26
158353000000.0 1.3952440343916673e-26
158881000000.0 1.3770668208755413e-26
159412000000.0 1.358309677480398e-26
159944000000.0 1.340341227529688e-26
160478000000.0 1.3231457180176498e-26
161014000000.0 1.3053799888552524e-26
161551000000.0 1.2883900116097554e-26
162091000000.0 1.2708254607292867e-26
162632000000.0 1.2540312545815017e-26
163175000000.0 1.2373332448912323e-26
163720000000.0 1.2213880999613958e-26
164266000000.0 1.2048865922692933e-26
164815000000.0 1.1891254343127785e-26
165365000000.0 1.1734618325934352e-26
165917000000.0 1.1578881213942289e-26
166471000000.0 1.1424039678257423e-26
167027000000.0 1.1270090369728966e-26
167584000000.0 1.1123514903543877e-26
168144000000.0 1.0977714691016475e-26
168705000000.0 1.083281821177233e-26
169268000000.0 1.0688755900866249e-26
169833000000.0 1.0545524551992868e-26
170400000000.0 1.0409433516165672e-26
170969000000.0 1.0267833400004723e-26
171540000000.0 1.013332522141444e-26
172113000000.0 9.999593339244905e-27
172687000000.0 9.866691808378648e-27
173264000000.0 9.734502309940376e-27
173842000000.0 9.60932266455047e-27
174423000000.0 9.478642556123953e-27
175005000000.0 9.354923190697879e-27
175589000000.0 9.231918829820525e-27
176175000000.0 9.109626552181808e-27
176764000000.0 8.987992579099272e-27
177354000000.0 8.867116516532909e-27
177946000000.0 8.752988589795217e-27
178540000000.0 8.633495967407715e-27
179136000000.0 8.520705469294256e-27
179734000000.0 8.40856944080707e-27
180334000000.0 8.297085102091343e-27
180936000000.0 8.186249666882558e-27
181540000000.0 8.076060342919383e-27
182146000000.0 7.972419828518636e-27
182754000000.0 7.863494681439956e-27
183364000000.0 7.761073571931505e-27
183977000000.0 7.65920675886344e-27
184591000000.0 7.557975574687767e-27
185207000000.0 7.457335072318867e-27
185825000000.0 7.357282627045505e-27
186446000000.0 7.257776683878987e-27
187068000000.0 7.164643239568076e-27
187693000000.0 7.072014041421574e-27
188319000000.0 6.97425070708909e-27
188948000000.0 6.882718890093197e-27
189579000000.0 6.791722810977738e-27
190212000000.0 6.701260008408343e-27
190847000000.0 6.611328020122855e-27
191484000000.0 6.527541889132534e-27
192123000000.0 6.438645456481906e-27
192765000000.0 6.355819746727573e-27
193408000000.0 6.2679498439307564e-27
194054000000.0 6.186109824364492e-27
194702000000.0 6.1047501735960315e-27
195352000000.0 6.023868610210094e-27
196004000000.0 5.94346285373783e-27
196658000000.0 5.863530624873116e-27
197315000000.0 5.789491830696161e-27
197974000000.0 5.710453357592818e-27
198635000000.0 5.6372978979716385e-27
199298000000.0 5.559174604892492e-27
199963000000.0 5.4868938521295424e-27
200631000000.0 5.415011290881746e-27
201301000000.0 5.343018360554029e-27
201973000000.0 5.27251603034033e-27
202647000000.0 5.2024299466262425e-27
203323000000.0 5.133816120621171e-27
204002000000.0 5.0655825373876185e-27
204683000000.0 4.9988038820629405e-27
205367000000.0 4.932396057752361e-27
206052000000.0 4.866927540829956e-27
206740000000.0 4.802863783471068e-27
207430000000.0 4.7391793064962794e-27
208123000000.0 4.676366546459366e-27
208818000000.0 4.614441629560321e-27
209515000000.0 4.5533974937585186e-27
210214000000.0 4.4932271202614006e-27
210916000000.0 4.4333925155628025e-27
211620000000.0 4.37493014964232e-27
212327000000.0 4.316794476077802e-27
213036000000.0 4.2595096107116166e-27
213747000000.0 4.20306869515583e-27
214460000000.0 4.147464914622361e-27
215176000000.0 4.09267247763168e-27
215895000000.0 4.038685596027524e-27
216616000000.0 3.985020314574409e-27
217339000000.0 3.932169837994391e-27
218064000000.0 3.8801275159054244e-27
218792000000.0 3.828869241505461e-27
219523000000.0 3.7778993160011714e-27
220256000000.0 3.7282106117728336e-27
220991000000.0 3.67881823905385e-27
221729000000.0 3.629704217431465e-27
222469000000.0 3.581850882091542e-27
223212000000.0 3.534267339341903e-27
223957000000.0 3.4874486846174554e-27
224705000000.0 3.4413732450238444e-27
225455000000.0 3.39605052554088e-27
226208000000.0 3.350983906177304e-27
226963000000.0 3.306661129399138e-27
227720000000.0 3.262603602560503e-27
228481000000.0 3.2192524590178774e-27
229244000000.0 3.176630647053683e-27
230009000000.0 3.1347320203470743e-27
230777000000.0 3.0930709667031195e-27
231547000000.0 3.0521244755846818e-27
232320000000.0 3.0118735350554912e-27
233096000000.0 2.971851311819924e-27
233874000000.0 2.9325295387532908e-27
234655000000.0 2.8938899216437843e-27
235438000000.0 2.8554824020772226e-27
236224000000.0 2.8177490781957675e-27
237013000000.0 2.7802308342376867e-27
237804000000.0 2.74339081526451e-27
238598000000.0 2.7072118559320327e-27
239395000000.0 2.6712394133970243e-27
240194000000.0 2.6359315827589988e-27
240996000000.0 2.6008254983827504e-27
241800000000.0 2.566820783822719e-27
242608000000.0 2.5325563171778862e-27
243418000000.0 2.4989406975571926e-27
244230000000.0 2.4659682950030117e-27
245046000000.0 2.4331746964210575e-27
245864000000.0 2.4010167526776114e-27
246685000000.0 2.369479317153401e-27
247508000000.0 2.337697616130067e-27
248334000000.0 2.3069650160481608e-27
249163000000.0 2.2764087726407506e-27
249995000000.0 2.246458505130885e-27
250830000000.0 2.216680416867615e-27
251667000000.0 2.1870825493036913e-27
252508000000.0 2.1580727151569266e-27
253351000000.0 2.1296632444024422e-27
254196000000.0 2.101425671947478e-27
255045000000.0 2.0737644487468642e-27
255896000000.0 2.046270780140865e-27
256751000000.0 2.0189279156817675e-27
257608000000.0 1.9921686486988648e-27
258468000000.0 1.965980188957045e-27
259331000000.0 1.9399429829240703e-27
260197000000.0 1.9140564262078904e-27
261065000000.0 1.8887391737914766e-27
261937000000.0 1.863971913598514e-27
262811000000.0 1.8389457199588728e-27
263689000000.0 1.814873766387746e-27
264569000000.0 1.7905414742898843e-27
265452000000.0 1.7671609878201416e-27
266339000000.0 1.7435054705309368e-27
267228000000.0 1.720396645348433e-27
268120000000.0 1.697823259067312e-27
269015000000.0 1.6753808884228926e-27
269913000000.0 1.6530689784376485e-27
270814000000.0 1.631284168859522e-27
271718000000.0 1.6096260631758077e-27
272626000000.0 1.5880882907810907e-27
273536000000.0 1.5670752966391697e-27
274449000000.0 1.5465766848158427e-27
275365000000.0 1.5258067457738984e-27
276285000000.0 1.5059314006554301e-27
277207000000.0 1.4857892234309263e-27
278132000000.0 1.4661515242391122e-27
279061000000.0 1.4466232767019713e-27
279993000000.0 1.4275935003743296e-27
280927000000.0 1.4086799619861762e-27
281865000000.0 1.3898720465878045e-27
282806000000.0 1.371554703197871e-27
283750000000.0 1.3533445440482215e-27
284698000000.0 1.3356142143791437e-27
285648000000.0 1.3179923431529154e-27
286602000000.0 1.3004691456046175e-27
287559000000.0 1.2830488327619903e-27
288519000000.0 1.2661037463125844e-27
289482000000.0 1.2492581033173596e-27
290448000000.0 1.232881782615808e-27
291418000000.0 1.2165973334861827e-27
292391000000.0 1.2004086153902025e-27
293367000000.0 1.1846818334910256e-27
294347000000.0 1.1686780200866393e-27
295329000000.0 1.1535010629236273e-27
296315000000.0 1.1380463202854293e-27
297304000000.0 1.1230445659295096e-27
298297000000.0 1.1081274295847321e-27
299293000000.0 1.0932983200294252e-27
