WAVE FLUX
0.000129662 0.0
0.000133601 0.0
0.00013766 0.0
0.000141842 0.0
0.00014615 0.0
0.00015059 0.0
0.000155165 0.0
0.000159879 0.0
0.000164736 0.0
0.00016974 0.0
0.000174896 0.0
0.00018021 0.0
0.000185684 0.0
0.000191325 0.0
0.000197137 0.0
0.000203126 0.0
0.000209296 0.0
0.000215654 0.0
0.000222206 0.0
0.000228956 0.0
0.000235911 0.0
0.000243078 0.0
0.000250462 0.0
0.000258071 0.0
0.000265911 0.0
0.000273989 0.0
0.000282312 0.0
0.000290888 0.0
0.000299725 0.0
0.00030883 0.0
0.000318212 0.0
0.000327879 0.0
0.00033784 0.0
0.000348103 0.0
0.000358677 0.0
0.000369574 0.0
0.000380801 0.0
0.000392369 0.0
0.000404288 0.0
0.00041657 0.0
0.000429225 0.0
0.000442264 0.0
0.000455699 0.0
0.000469543 0.0
0.000483807 0.0
0.000498504 0.0
0.000513648 0.0
0.000529252 0.0
0.00054533 0.0
0.000561896 0.0
0.000578966 0.0
0.000596554 0.0
0.000614676 0.0
0.000633349 0.0
0.00065259 0.0
0.000672414 0.0
0.000692841 0.0
0.000713889 0.0
0.000735576 0.0
0.000757921 0.0
0.000780946 0.0
0.00080467 0.0
0.000829115 0.0
0.000854302 0.0
0.000880254 0.0
0.000906995 0.0
0.000934548 0.0
0.000962938 0.0
0.000992191 0.0
0.00102233 0.0
0.00105339 0.0
0.00108539 0.0
0.00111836 0.0
0.00115234 0.0
0.00118734 0.0
0.00122341 0.0
0.00126058 0.0
0.00129887 0.0
0.00133833 0.0
0.00137899 0.0
0.00142088 0.0
0.00146404 0.0
0.00150852 0.0
0.00155434 0.0
0.00160156 0.0
0.00165022 0.0
0.00170035 0.0
0.001752 0.0
0.00180522 0.0
0.00186006 0.0
0.00191657 0.0
0.00197479 0.0
0.00203478 0.0
0.0020966 0.0
0.00216029 0.0
0.00222592 0.0
0.00229354 0.0
0.00236321 0.0
0.002435 0.0
0.00250897 0.0
0.00258519 0.0
0.00266373 0.0
0.00274465 0.0
0.00282803 0.0
0.00291394 0.0
0.00300246 0.0
0.00309367 0.0
0.00318765 0.0
0.00328449 0.0
0.00338426 0.0
0.00348707 0.0
0.003593 0.0
0.00370215 0.0
0.00381462 0.0
0.0039305 0.0
0.00404991 0.0
0.00417294 0.0
0.0042997 0.0
0.00443032 0.0
0.00456491 0.0
0.00470358 0.0
0.00484647 0.0
0.0049937 0.0
0.0051454 0.0
0.00530171 0.0
0.00546277 0.0
0.00562872 0.0
0.00579971 0.0
0.0059759 0.0
0.00615744 0.0
0.00634449 0.0
0.00653723 0.0
0.00673582 0.0
0.00694045 0.0
0.00715129 0.0
0.00736853 0.0
0.00759238 0.0
0.00782302 0.0
0.00806067 0.0
0.00830554 0.0
0.00855786 0.0
0.00881783 0.0
0.0090857 0.0
0.00936171 0.0
0.00964611 0.0
0.00993914 0.0
0.0102411 0.0
0.0105522 0.0
0.0108727 0.0
0.011203 0.0
0.0115434 0.0
0.011894 0.0
0.0122554 0.0
0.0126277 0.0
0.0130113 0.0
0.0134065 0.0
0.0138138 0.0
0.0142335 0.0
0.0146659 0.0
0.0151114 0.0
0.0155704 0.0
0.0160434 0.0
0.0165308 0.0
0.017033 0.0
0.0175504 0.0
0.0180836 0.0
0.018633 0.0
0.019199 0.0
0.0197822 0.0
0.0203832 0.0
0.0210024 0.0
0.0216404 0.0
0.0222978 0.0
0.0229752 0.0
0.0236732 0.0
0.0243923 0.0
0.0251333 0.0
0.0258968 0.0
0.0266835 0.0
0.0274941 0.0
0.0283294 0.0
0.02919 0.0
0.0300767 0.0
0.0309904 0.0
0.0319319 0.0
0.0329019 0.0
0.0339014 0.0
0.0349313 0.0
0.0359924 0.0
0.0370858 0.0
0.0382125 0.0
0.0393733 0.0
0.0405694 0.0
0.0418018 0.0
0.0430717 0.0
0.0443802 0.0
0.0457284 0.0
0.0471175 0.0
0.0485489 0.0
0.0500237 0.0
0.0515434 0.0
0.0531092 0.0
0.0547226 0.0
0.056385 0.0
0.0580979 0.0
0.0598628 0.0
0.0616813 0.0
0.0635551 0.0
0.0654858 0.0
0.0674752 0.0
0.069525 0.0
0.0716371 0.0
0.0738133 0.0
0.0760556 0.0
0.0783661 0.0
0.0807467 0.0
0.0831997 0.0
0.0857272 0.0
0.0883314 0.0
0.0910148 0.0
0.0937797 0.0
0.0966286 0.0
0.099564 0.0
0.102589 0.0
0.105705 0.0
0.108916 0.0
0.112225 0.0
0.115634 0.0
0.119147 0.0
0.122767 0.0
0.126496 0.0
0.130339 0.0
0.134298 0.0
0.138378 0.0
0.142582 0.0
0.146913 0.0
0.151376 0.0
0.155975 0.0
0.160713 0.0
0.165595 0.0
0.170626 0.0
0.175809 0.0
0.18115 0.0
0.186653 0.0
0.192323 0.0
0.198166 0.0
0.204186 0.0
0.210389 0.0
0.21678 0.0
0.223366 0.0
0.230151 0.0
0.237143 0.0
0.244347 0.0
0.25177 0.0
0.259418 0.0
0.267299 0.0
0.275419 0.0
0.283786 0.0
0.292407 0.0
0.30129 0.0
0.310442 0.0
0.319873 0.0
0.32959 0.0
0.339603 0.0
0.349919 0.0
0.36055 0.0
0.371502 0.0
0.382788 0.0
0.394417 0.0
0.406399 0.0
0.418744 0.0
0.431465 0.0
0.444572 0.0
0.458078 0.0
0.471994 0.0
0.486332 0.0
0.501106 0.0
0.516329 0.0
0.532014 0.0
0.548176 0.0
0.564829 0.0
0.581988 0.0
0.599668 0.0
0.617885 0.0
0.636655 0.0
0.655996 0.0
0.675924 0.0
0.696457 0.0
0.717615 0.0
0.739415 0.0
0.761877 0.0
0.785022 0.0
0.80887 0.0
0.833442 0.0
0.858761 0.0
0.884849 0.0
0.911729 0.0
0.939426 0.0
0.967964 0.0
0.99737 0.0
1.01281 0.0
1.01339 0.0
1.01397 0.0
1.01455 0.0
1.01513 0.0
1.01571 0.0
1.01629 0.0
1.01687 0.0
1.01745 0.0
1.01803 0.0
1.01861 0.0
1.0192 0.0
1.01978 0.0
1.02036 0.0
1.02095 0.0
1.02153 0.0
1.02211 0.0
1.0227 0.0
1.02328 0.0
1.02387 0.0
1.02445 0.0
1.02504 0.0
1.02562 0.0
1.02621 0.0
1.0268 0.0
1.02738 0.0
1.02797 0.0
1.02856 0.0
1.02915 0.0
1.02974 0.0
1.03033 0.0
1.03091 0.0
1.0315 0.0
1.03209 0.0
1.03268 0.0
1.03327 0.0
1.03386 0.0
1.03446 0.0
1.03505 0.0
1.03564 0.0
1.03623 0.0
1.03682 0.0
1.03742 0.0
1.03801 0.0
1.0386 0.0
1.0392 0.0
1.03979 0.0
1.04039 0.0
1.04098 0.0
1.04158 0.0
1.04217 0.0
1.04277 0.0
1.04336 0.0
1.04396 0.0
1.04456 0.0
1.04515 0.0
1.04575 0.0
1.04635 0.0
1.04695 0.0
1.04755 0.0
1.04815 0.0
1.04874 0.0
1.04934 0.0
1.04994 0.0
1.05054 0.0
1.05114 0.0
1.05175 0.0
1.05235 0.0
1.05295 0.0
1.05355 0.0
1.05415 0.0
1.05476 0.0
1.05536 0.0
1.05596 0.0
1.05657 0.0
1.05717 0.0
1.05777 0.0
1.05838 0.0
1.05898 0.0
1.05959 0.0
1.0602 0.0
1.0608 0.0
1.06141 0.0
1.06202 0.0
1.06262 0.0
1.06323 0.0
1.06384 0.0
1.06445 0.0
1.06505 0.0
1.06566 0.0
1.06627 0.0
1.06688 0.0
1.06749 0.0
1.0681 0.0
1.06871 0.0
1.06932 0.0
1.06994 0.0
1.07055 0.0
1.07116 0.0
1.07177 0.0
1.0724 0.0
1.07304 0.0
1.07369 0.0
1.07433 0.0
1.07498 0.0
1.07562 0.0
1.07627 0.0
1.07692 0.0
1.07756 0.0
1.07821 0.0
1.07886 0.0
1.0795 0.0
1.08015 0.0
1.0808 0.0
1.08145 0.0
1.0821 0.0
1.08275 0.0
1.0834 0.0
1.08405 0.0
1.0847 0.0
1.08535 0.0
1.086 0.0
1.08666 0.0
1.08731 0.0
1.08796 0.0
1.08861 0.0
1.08927 0.0
1.08992 0.0
1.09058 0.0
1.09123 0.0
1.09189 0.0
1.09254 0.0
1.0932 0.0
1.09385 0.0
1.09451 0.0
1.09517 0.0
1.09583 0.0
1.09648 0.0
1.09714 0.0
1.0978 0.0
1.09846 0.0
1.09912 0.0
1.09978 0.0
1.10044 0.0
1.1011 0.0
1.10176 0.0
1.10242 0.0
1.10309 0.0
1.10375 0.0
1.10441 0.0
1.10507 0.0
1.10574 0.0
1.1064 0.0
1.10707 0.0
1.10773 0.0
1.1084 0.0
1.10906 0.0
1.10973 0.0
1.11039 0.0
1.11106 0.0
1.11173 0.0
1.11239 0.0
1.11306 0.0
1.11373 0.0
1.1144 0.0
1.11507 0.0
1.11574 0.0
1.11641 0.0
1.11708 0.0
1.11775 0.0
1.11842 0.0
1.11909 0.0
1.11976 0.0
1.12044 0.0
1.12111 0.0
1.12178 0.0
1.12245 0.0
1.12313 0.0
1.1238 0.0
1.12448 0.0
1.12515 0.0
1.12583 0.0
1.1265 0.0
1.12718 0.0
1.12786 0.0
1.12854 0.0
1.12921 0.0
1.12989 0.0
1.13057 0.0
1.13125 0.0
1.13193 0.0
1.13261 0.0
1.13329 0.0
1.13397 0.0
1.13465 0.0
1.13533 0.0
1.13601 0.0
1.13669 0.0
1.13738 0.0
1.13806 0.0
1.13874 0.0
1.13945 0.0
1.14018 0.0
1.1409 0.0
1.14163 0.0
1.14236 0.0
1.14309 0.0
1.14382 0.0
1.14456 0.0
1.14529 0.0
1.14602 0.0
1.14675 0.0
1.14749 0.0
1.14822 0.0
1.14895 0.0
1.14969 0.0
1.15042 0.0
1.15116 0.0
1.15189 0.0
1.15263 0.0
1.15337 0.0
1.1541 0.0
1.15484 0.0
1.15558 0.0
1.15632 0.0
1.15706 0.0
1.1578 0.0
1.15854 0.0
1.15928 0.0
1.16002 0.0
1.16076 0.0
1.1615 0.0
1.16224 0.0
1.16299 0.0
1.16373 0.0
1.16447 0.0
1.16522 0.0
1.16596 0.0
1.16671 0.0
1.16745 0.0
1.1682 0.0
1.16895 0.0
1.16969 0.0
1.17044 0.0
1.17119 0.0
1.17194 0.0
1.17269 0.0
1.17344 0.0
1.17419 0.0
1.17494 0.0
1.17569 0.0
1.17644 0.0
1.17719 0.0
1.17795 0.0
1.1787 0.0
1.17945 0.0
1.18021 0.0
1.18096 0.0
1.18171 0.0
1.18247 0.0
1.18323 0.0
1.18398 0.0
1.18474 0.0
1.1855 0.0
1.18625 0.0
1.18701 0.0
1.18777 0.0
1.18853 0.0
1.18929 0.0
1.19005 0.0
1.19081 0.0
1.19157 0.0
1.19233 0.0
1.1931 0.0
1.19386 0.0
1.19462 0.0
1.19539 0.0
1.19615 0.0
1.19691 0.0
1.19768 0.0
1.19844 0.0
1.19921 0.0
1.19998 0.0
1.20074 0.0
1.20151 0.0
1.20228 0.0
1.20305 0.0
1.20382 0.0
1.20459 0.0
1.20536 0.0
1.20613 0.0
1.2069 0.0
1.20767 0.0
1.20844 0.0
1.20921 0.0
1.20999 0.0
1.21076 0.0
1.21153 0.0
1.21231 0.0
1.21308 0.0
1.21386 0.0
1.21463 0.0
1.21544 0.0
1.21627 0.0
1.2171 0.0
1.21793 0.0
1.21876 0.0
1.2196 0.0
1.22043 0.0
1.22126 0.0
1.2221 0.0
1.22293 0.0
1.22377 0.0
1.22461 0.0
1.22544 0.0
1.22628 0.0
1.22712 0.0
1.22796 0.0
1.22879 0.0
1.22963 0.0
1.23047 0.0
1.23132 0.0
1.23216 0.0
1.233 0.0
1.23384 0.0
1.23468 0.0
1.23553 0.0
1.23637 0.0
1.23722 0.0
1.23806 0.0
1.23891 0.0
1.23976 0.0
1.2406 0.0
1.24145 0.0
1.2423 0.0
1.24315 0.0
1.244 0.0
1.24485 0.0
1.2457 0.0
1.24655 0.0
1.2474 0.0
1.24825 0.0
1.24911 0.0
1.24996 0.0
1.25081 0.0
1.25167 0.0
1.25252 0.0
1.25338 0.0
1.25424 0.0
1.25509 0.0
1.25595 0.0
1.25681 0.0
1.25767 0.0
1.25853 0.0
1.25939 0.0
1.26025 0.0
1.26111 0.0
1.26197 0.0
1.26283 0.0
1.2637 0.0
1.26456 0.0
1.26542 0.0
1.26629 0.0
1.26715 0.0
1.26802 0.0
1.26889 0.0
1.26975 0.0
1.27062 0.0
1.27149 0.0
1.27236 0.0
1.27323 0.0
1.2741 0.0
1.27497 0.0
1.27584 0.0
1.27671 0.0
1.27758 0.0
1.27846 0.0
1.27933 0.0
1.2802 0.0
1.28108 0.0
1.28195 0.0
1.28283 0.0
1.28371 0.0
1.28458 0.0
1.28546 0.0
1.28634 0.0
1.28722 0.0
1.2881 0.0
1.28898 0.0
1.28986 0.0
1.29074 0.0
1.29162 0.0
1.29251 0.0
1.29339 0.0
1.29427 0.0
1.29516 0.0
1.29604 0.0
1.29693 0.0
1.29781 0.0
1.2987 0.0
1.29959 0.0
1.30048 0.0
1.30137 0.0
1.30229 0.0
1.30324 0.0
1.3042 0.0
1.30516 0.0
1.30612 0.0
1.30707 0.0
1.30803 0.0
1.30899 0.0
1.30995 0.0
1.31092 0.0
1.31188 0.0
1.31284 0.0
1.3138 0.0
1.31477 0.0
1.31573 0.0
1.3167 0.0
1.31767 0.0
1.31863 0.0
1.3196 0.0
1.32057 0.0
1.32154 0.0
1.32251 0.0
1.32348 0.0
1.32445 0.0
1.32542 0.0
1.3264 0.0
1.32737 0.0
1.32834 0.0
1.32932 0.0
1.3303 0.0
1.33127 0.0
1.33225 0.0
1.33323 0.0
1.33421 0.0
1.33518 0.0
1.33616 0.0
1.33715 0.0
1.33813 0.0
1.33911 0.0
1.34009 0.0
1.34108 0.0
1.34206 0.0
1.34305 0.0
1.34403 0.0
1.34502 0.0
1.346 0.0
1.34699 0.0
1.34798 0.0
1.34897 0.0
1.34996 0.0
1.35095 0.0
1.35194 0.0
1.35294 0.0
1.35393 0.0
1.35492 0.0
1.35592 0.0
1.35691 0.0
1.35791 0.0
1.35891 0.0
1.3599 0.0
1.3609 0.0
1.3619 0.0
1.3629 0.0
1.3639 0.0
1.3649 0.0
1.3659 0.0
1.36691 0.0
1.36791 0.0
1.36891 0.0
1.36992 0.0
1.37092 0.0
1.37193 0.0
1.37294 0.0
1.37394 0.0
1.37495 0.0
1.37596 0.0
1.37697 0.0
1.37798 0.0
1.37899 0.0
1.38001 0.0
1.38102 0.0
1.38203 0.0
1.38305 0.0
1.38406 0.0
1.38508 0.0
1.3861 0.0
1.38711 0.0
1.38813 0.0
1.38915 0.0
1.39017 0.0
1.39119 0.0
1.39221 0.0
1.39323 0.0
1.39426 0.0
1.39528 0.0
1.3963 0.0
1.39733 0.0
1.39835 0.0
1.39938 0.0
1.40041 0.0
1.40144 0.0
1.4025 0.0
1.4036 0.0
1.4047 0.0
1.40581 0.0
1.40691 0.0
1.40801 0.0
1.40912 0.0
1.41022 0.0
1.41133 0.0
1.41244 0.0
1.41355 0.0
1.41466 0.0
1.41577 0.0
1.41688 0.0
1.41799 0.0
1.41911 0.0
1.42022 0.0
1.42133 0.0
1.42245 0.0
1.42357 0.0
1.42468 0.0
1.4258 0.0
1.42692 0.0
1.42804 0.0
1.42916 0.0
1.43029 0.0
1.43141 0.0
1.43253 0.0
1.43366 0.0
1.43478 0.0
1.43591 0.0
1.43704 0.0
1.43816 0.0
1.43929 0.0
1.44042 0.0
1.44155 0.0
1.44269 0.0
1.44382 0.0
1.44495 0.0
1.44609 0.0
1.44722 0.0
1.44836 0.0
1.44949 0.0
1.45063 0.0
1.45177 0.0
1.45291 0.0
1.45405 0.0
1.45519 0.0
1.45634 0.0
1.45748 0.0
1.45862 0.0
1.45977 0.0
1.46091 0.0
1.46206 0.0
1.46321 0.0
1.46436 0.0
1.46551 0.0
1.46666 0.0
1.46781 0.0
1.46896 0.0
1.47011 0.0
1.47127 0.0
1.47242 0.0
1.47358 0.0
1.47474 0.0
1.47589 0.0
1.47705 0.0
1.47821 0.0
1.47937 0.0
1.48053 0.0
1.4817 0.0
1.48286 0.0
1.48402 0.0
1.48519 0.0
1.48635 0.0
1.48752 0.0
1.48869 0.0
1.48986 0.0
1.49103 0.0
1.4922 0.0
1.49337 0.0
1.49454 0.0
1.49571 0.0
1.49689 0.0
1.49806 0.0
1.49924 0.0
1.50042 0.0
1.50159 0.0
1.50277 0.0
1.50395 0.0
1.50513 0.0
1.50632 0.0
1.5075 0.0
1.50868 0.0
1.50987 0.0
1.51105 0.0
1.51224 0.0
1.51342 0.0
1.51461 0.0
1.5158 0.0
1.51699 0.0
1.51818 0.0
1.51943 0.0
1.52072 0.0
1.52202 0.0
1.52332 0.0
1.52462 0.0
1.52592 0.0
1.52722 0.0
1.52853 0.0
1.52983 0.0
1.53114 0.0
1.53244 0.0
1.53375 0.0
1.53506 0.0
1.53637 0.0
1.53768 0.0
1.53899 0.0
1.54031 0.0
1.54162 0.0
1.54294 0.0
1.54425 0.0
1.54557 0.0
1.54689 0.0
1.54821 0.0
1.54953 0.0
1.55085 0.0
1.55218 0.0
1.5535 0.0
1.55483 0.0
1.55616 0.0
1.55748 0.0
1.55881 0.0
1.56014 0.0
1.56147 0.0
1.56281 0.0
1.56414 0.0
1.56548 0.0
1.56681 0.0
1.56815 0.0
1.56949 0.0
1.57083 0.0
1.57217 0.0
1.57351 0.0
1.57485 0.0
1.5762 0.0
1.57754 0.0
1.57889 0.0
1.58023 0.0
1.58158 0.0
1.58293 0.0
1.58428 0.0
1.58564 0.0
1.58699 0.0
1.58834 0.0
1.5897 0.0
1.59106 0.0
1.59241 0.0
1.59377 0.0
1.59513 0.0
1.59649 0.0
1.59786 0.0
1.59922 0.0
1.60058 0.0
1.60195 0.0
1.60332 0.0
1.60469 0.0
1.60606 0.0
1.60743 0.0
1.6088 0.0
1.61017 0.0
1.61155 0.0
1.61292 0.0
1.6143 0.0
1.61567 0.0
1.61705 0.0
1.61843 0.0
1.61981 0.0
1.6212 0.0
1.62258 0.0
1.62397 0.0
1.62535 0.0
1.62674 0.0
1.62813 0.0
1.62952 0.0
1.63091 0.0
1.6323 0.0
1.63369 0.0
1.63509 0.0
1.63648 0.0
1.63788 0.0
1.63928 0.0
1.64067 0.0
1.64207 0.0
1.64348 0.0
1.64488 0.0
1.64628 0.0
1.64769 0.0
1.64909 0.0
1.6505 0.0
1.65191 0.0
1.65332 0.0
1.65473 0.0
1.65614 0.0
1.65762 0.0
1.65917 0.0
1.66072 0.0
1.66228 0.0
1.66383 0.0
1.66539 0.0
1.66694 0.0
1.6685 0.0
1.67006 0.0
1.67162 0.0
1.67318 0.0
1.67475 0.0
1.67631 0.0
1.67788 0.0
1.67945 0.0
1.68102 0.0
1.68259 0.0
1.68416 0.0
1.68574 0.0
1.68732 0.0
1.68889 0.0
1.69047 0.0
1.69205 0.0
1.69363 0.0
1.69522 0.0
1.6968 0.0
1.69839 0.0
1.69998 0.0
1.70156 0.0
1.70316 0.0
1.70475 0.0
1.70634 0.0
1.70794 0.0
1.70953 0.0
1.71113 0.0
1.71273 0.0
1.71433 0.0
1.71593 0.0
1.71754 0.0
1.71914 0.0
1.72075 0.0
1.72236 0.0
1.72397 0.0
1.72558 0.0
1.7272 0.0
1.72881 0.0
1.73043 0.0
1.73204 0.0
1.73366 0.0
1.73528 0.0
1.73691 0.0
1.73853 0.0
1.74016 0.0
1.74178 0.0
1.74341 0.0
1.74504 0.0
1.74667 0.0
1.7483 0.0
1.74994 0.0
1.75157 0.0
1.75321 0.0
1.75485 0.0
1.75649 0.0
1.75813 0.0
1.75978 0.0
1.76142 0.0
1.76307 0.0
1.76472 0.0
1.76637 0.0
1.76802 0.0
1.76967 0.0
1.77133 0.0
1.77298 0.0
1.77464 0.0
1.7763 0.0
1.77796 0.0
1.77962 0.0
1.78128 0.0
1.78295 0.0
1.78462 0.0
1.78628 0.0
1.78795 0.0
1.78963 0.0
1.7913 0.0
1.79297 0.0
1.79465 0.0
1.79633 0.0
1.79801 0.0
1.79969 0.0
1.80137 0.0
1.80305 0.0
1.80474 0.0
1.80643 0.0
1.80812 0.0
1.80981 0.0
1.8115 0.0
1.81319 0.0
1.81489 0.0
1.81658 0.0
1.81828 0.0
1.81998 0.0
1.82168 0.0
1.82347 0.0
1.82533 0.0
1.8272 0.0
1.82907 0.0
1.83094 0.0
1.83282 0.0
1.83469 0.0
1.83657 0.0
1.83845 0.0
1.84033 0.0
1.84221 0.0
1.8441 0.0
1.84599 0.0
1.84788 0.0
1.84977 0.0
1.85166 0.0
1.85356 0.0
1.85545 0.0
1.85735 0.0
1.85925 0.0
1.86116 0.0
1.86306 0.0
1.86497 0.0
1.86688 0.0
1.86879 0.0
1.8707 0.0
1.87261 0.0
1.87453 0.0
1.87645 0.0
1.87837 0.0
1.88029 0.0
1.88222 0.0
1.88414 0.0
1.88607 0.0
1.888 0.0
1.88993 0.0
1.89187 0.0
1.8938 0.0
1.89574 0.0
1.89768 0.0
1.89962 0.0
1.90157 0.0
1.90351 0.0
1.90546 0.0
1.90741 0.0
1.90936 0.0
1.91132 0.0
1.91327 0.0
1.91523 0.0
1.91719 0.0
1.91916 0.0
1.92112 0.0
1.92309 0.0
1.92505 0.0
1.92702 0.0
1.929 0.0
1.93097 0.0
1.93295 0.0
1.93492 0.0
1.93691 0.0
1.93889 0.0
1.94087 0.0
1.94286 0.0
1.94485 0.0
1.94684 0.0
1.94883 0.0
1.95082 0.0
1.95282 0.0
1.95482 0.0
1.95682 0.0
1.95882 0.0
1.96083 0.0
1.96283 0.0
1.96484 0.0
1.96685 0.0
1.96887 0.0
1.97088 0.0
1.9729 0.0
1.97492 0.0
1.97694 0.0
1.97896 0.0
1.98099 0.0
1.98302 0.0
1.98504 0.0
1.98708 0.0
1.98911 0.0
1.99115 0.0
1.99318 0.0
1.99522 0.0
1.99727 0.0
1.99931 0.0
2.00136 0.0
2.0034 0.0
2.00545 0.0
2.00751 0.0
2.00956 0.0
2.01162 0.0
2.01368 0.0
2.01574 0.0
2.0178 0.0
2.01987 0.0
2.02193 0.0
2.024 0.0
2.0262 0.0
2.02851 0.0
2.03084 0.0
2.03316 0.0
2.03549 0.0
2.03781 0.0
2.04015 0.0
2.04248 0.0
2.04482 0.0
2.04716 0.0
2.0495 0.0
2.05184 0.0
2.05419 0.0
2.05654 0.0
2.05889 0.0
2.06125 0.0
2.06361 0.0
2.06597 0.0
2.06833 0.0
2.0707 0.0
2.07307 0.0
2.07544 0.0
2.07782 0.0
2.08019 0.0
2.08257 0.0
2.08496 0.0
2.08734 0.0
2.08973 0.0
2.09212 0.0
2.09452 0.0
2.09691 0.0
2.09931 0.0
2.10171 0.0
2.10412 0.0
2.10653 0.0
2.10894 0.0
2.11135 0.0
2.11376 0.0
2.11618 0.0
2.1186 0.0
2.12103 0.0
2.12346 0.0
2.12588 0.0
2.12832 0.0
2.13075 0.0
2.13319 0.0
2.13563 0.0
2.13807 0.0
2.14052 0.0
2.14297 0.0
2.14542 0.0
2.14788 0.0
2.15033 0.0
2.15279 0.0
2.15526 0.0
2.15772 0.0
2.16019 0.0
2.16266 0.0
2.16514 0.0
2.16762 0.0
2.1701 0.0
2.17258 0.0
2.17506 0.0
2.17755 0.0
2.18005 0.0
2.18254 0.0
2.18504 0.0
2.18754 0.0
2.19004 0.0
2.19255 0.0
2.19505 0.0
2.19757 0.0
2.20008 0.0
2.2026 0.0
2.20512 0.0
2.20764 0.0
2.21017 0.0
2.2127 0.0
2.21523 0.0
2.21776 0.0
2.2203 0.0
2.22284 0.0
2.22538 0.0
2.22793 0.0
2.23048 0.0
2.23303 0.0
2.23559 0.0
2.23814 0.0
2.2407 0.0
2.24327 0.0
2.24583 0.0
2.2484 0.0
2.25098 0.0
2.25355 0.0
2.25613 0.0
2.25871 0.0
2.2613 0.0
2.26388 0.0
2.26647 0.0
2.26907 0.0
2.27166 0.0
2.27426 0.0
2.27687 0.0
2.27963 0.0
2.28256 0.0
2.28549 0.0
2.28843 0.0
2.29137 0.0
2.29431 0.0
2.29726 0.0
2.30021 0.0
2.30317 0.0
2.30613 0.0
2.30909 0.0
2.31206 0.0
2.31503 0.0
2.318 0.0
2.32098 0.0
2.32396 0.0
2.32695 0.0
2.32994 0.0
2.33293 0.0
2.33593 0.0
2.33893 0.0
2.34193 0.0
2.34494 0.0
2.34795 0.0
2.35097 0.0
2.35399 0.0
2.35702 0.0
2.36004 0.0
2.36308 0.0
2.36611 0.0
2.36915 0.0
2.3722 0.0
2.37524 0.0
2.37829 0.0
2.38135 0.0
2.38441 0.0
2.38747 0.0
2.39054 0.0
2.39361 0.0
2.39669 0.0
2.39977 0.0
2.40285 0.0
2.40594 0.0
2.40903 0.0
2.41212 0.0
2.41522 0.0
2.41833 0.0
2.42143 0.0
2.42454 0.0
2.42766 0.0
2.43078 0.0
2.4339 0.0
2.43703 0.0
2.44016 0.0
2.44329 0.0
2.44643 0.0
2.44958 0.0
2.45272 0.0
2.45587 0.0
2.45903 0.0
2.46219 0.0
2.46535 0.0
2.46852 0.0
2.47169 0.0
2.47487 0.0
2.47805 0.0
2.48123 0.0
2.48442 0.0
2.48761 0.0
2.49081 0.0
2.49401 0.0
2.49721 0.0
2.50042 0.0
2.50363 0.0
2.50685 0.0
2.51007 0.0
2.51329 0.0
2.51652 0.0
2.51976 0.0
2.52299 0.0
2.52623 0.0
2.52948 0.0
2.53273 0.0
2.53598 0.0
2.53924 0.0
2.5425 0.0
2.54577 0.0
2.54904 0.0
2.55232 0.0
2.5556 0.0
2.55888 0.0
2.56217 0.0
2.56546 0.0
2.56875 0.0
2.57205 0.0
2.57536 0.0
2.57867 0.0
2.58198 0.0
2.5853 0.0
2.58862 0.0
2.59195 0.0
2.59528 0.0
2.59861 0.0
2.60195 0.0
2.60553 0.0
2.60936 0.0
2.61319 0.0
2.61703 0.0
2.62088 0.0
2.62473 0.0
2.62858 0.0
2.63245 0.0
2.63631 0.0
2.64019 0.0
2.64407 0.0
2.64795 0.0
2.65184 0.0
2.65574 0.0
2.65964 0.0
2.66355 0.0
2.66746 0.0
2.67138 0.0
2.6753 0.0
2.67923 0.0
2.68317 0.0
2.68711 0.0
2.69106 0.0
2.69501 0.0
2.69897 0.0
2.70294 0.0
2.70691 0.0
2.71089 0.0
2.71487 0.0
2.71886 0.0
2.72285 0.0
2.72685 0.0
2.73086 0.0
2.73487 0.0
2.73889 0.0
2.74291 0.0
2.74694 0.0
2.75098 0.0
2.75502 0.0
2.75907 0.0
2.76312 0.0
2.76718 0.0
2.77125 0.0
2.77532 0.0
2.77939 0.0
2.78348 0.0
2.78757 0.0
2.79166 0.0
2.79576 0.0
2.79987 0.0
2.80399 0.0
2.8081 0.0
2.81223 0.0
2.81636 0.0
2.8205 0.0
2.82464 0.0
2.82879 0.0
2.83295 0.0
2.83711 0.0
2.84128 0.0
2.84545 0.0
2.84963 0.0
2.85382 0.0
2.85801 0.0
2.86221 0.0
2.86642 0.0
2.87063 0.0
2.87485 0.0
2.87907 0.0
2.8833 0.0
2.88754 0.0
2.89178 0.0
2.89603 0.0
2.90028 0.0
2.90454 0.0
2.90881 0.0
2.91308 0.0
2.91736 0.0
2.92165 0.0
2.92594 0.0
2.93024 0.0
2.93455 0.0
2.93886 0.0
2.94318 0.0
2.9475 0.0
2.95183 0.0
2.95617 0.0
2.96051 0.0
2.96486 0.0
2.96922 0.0
2.97358 0.0
2.97795 0.0
2.98232 0.0
2.9867 0.0
2.99109 0.0
2.99549 0.0
2.99989 0.0
3.00429 0.0
3.00871 0.0
3.01313 0.0
3.01755 0.0
3.02199 0.0
3.02643 0.0
3.03087 0.0
3.03533 0.0
3.04014 0.0
3.04533 0.0
3.05052 0.0
3.05573 0.0
3.06094 0.0
3.06616 0.0
3.07139 0.0
3.07662 0.0
3.08187 0.0
3.08713 0.0
3.09239 0.0
3.09766 0.0
3.10295 0.0
3.10824 0.0
3.11354 0.0
3.11885 0.0
3.12417 0.0
3.1295 0.0
3.13483 0.0
3.14018 0.0
3.14553 0.0
3.1509 0.0
3.15627 0.0
3.16166 0.0
3.16705 0.0
3.17245 0.0
3.17786 0.0
3.18328 0.0
3.18871 0.0
3.19414 0.0
3.19959 0.0
3.20505 0.0
3.21051 0.0
3.21599 0.0
3.22147 0.0
3.22697 0.0
3.23247 0.0
3.23798 0.0
3.24351 0.0
3.24904 0.0
3.25458 0.0
3.26013 0.0
3.26569 0.0
3.27126 0.0
3.27684 0.0
3.28242 0.0
3.28802 0.0
3.29363 0.0
3.29925 0.0
3.30487 0.0
3.31051 0.0
3.31616 0.0
3.32181 0.0
3.32748 0.0
3.33315 0.0
3.33883 0.0
3.34453 0.0
3.35023 0.0
3.35595 0.0
3.36167 0.0
3.3674 0.0
3.37314 0.0
3.3789 0.0
3.38466 0.0
3.39043 0.0
3.39621 0.0
3.40201 0.0
3.40781 0.0
3.41362 0.0
3.41944 0.0
3.42527 0.0
3.43111 0.0
3.43696 0.0
3.44283 0.0
3.4487 0.0
3.45458 0.0
3.46047 0.0
3.46637 0.0
3.47228 0.0
3.47821 0.0
3.48414 0.0
3.49008 0.0
3.49603 0.0
3.50199 0.0
3.50797 0.0
3.51395 0.0
3.51994 0.0
3.52594 0.0
3.53196 0.0
3.53798 0.0
3.54401 0.0
3.55006 0.0
3.55611 0.0
3.56218 0.0
3.56825 0.0
3.57434 0.0
3.58043 0.0
3.58654 0.0
3.59265 0.0
3.59878 0.0
3.60492 0.0
3.61107 0.0
3.61722 0.0
3.62339 0.0
3.62957 0.0
3.63576 0.0
3.64196 0.0
3.6488 0.0
3.65628 0.0
3.66377 0.0
3.67128 0.0
3.6788 0.0
3.68634 0.0
3.69389 0.0
3.70146 0.0
3.70905 0.0
3.71665 0.0
3.72427 0.0
3.7319 0.0
3.73955 0.0
3.74721 0.0
3.75489 0.0
3.76258 0.0
3.77029 0.0
3.77802 0.0
3.78576 0.0
3.79352 0.0
3.8013 0.0
3.80909 0.0
3.81689 0.0
3.82471 0.0
3.83255 0.0
3.84041 0.0
3.84828 0.0
3.85616 0.0
3.86406 0.0
3.87198 0.0
3.87992 0.0
3.88787 0.0
3.89584 0.0
3.90382 0.0
3.91182 0.0
3.91984 0.0
3.92787 0.0
3.93592 0.0
3.94398 0.0
3.95207 0.0
3.96017 0.0
3.96828 0.0
3.97641 0.0
3.98456 0.0
3.99273 0.0
4.00091 0.0
4.00911 0.0
4.01732 0.0
4.02556 0.0
4.03381 0.0
4.04207 0.0
4.05036 0.0
4.05866 0.0
4.06697 0.0
4.07531 0.0
4.08366 0.0
4.09203 0.0
4.10041 0.0
4.10882 0.0
4.11724 0.0
4.12567 0.0
4.13413 0.0
4.1426 0.0
4.15109 0.0
4.1596 0.0
4.16812 0.0
4.17666 0.0
4.18522 0.0
4.1938 0.0
4.20239 0.0
4.21101 0.0
4.21963 0.0
4.22828 0.0
4.23695 0.0
4.24563 0.0
4.25433 0.0
4.26305 0.0
4.27178 0.0
4.28054 0.0
4.28931 0.0
4.2981 0.0
4.30691 0.0
4.31573 0.0
4.32458 0.0
4.33344 0.0
4.34232 0.0
4.35122 0.0
4.36014 0.0
4.36907 0.0
4.37803 0.0
4.387 0.0
4.39599 0.0
4.405 0.0
4.41402 0.0
4.42307 0.0
4.43213 0.0
4.44122 0.0
4.45032 0.0
4.45944 0.0
4.46858 0.0
4.47773 0.0
4.48691 0.0
4.4961 0.0
4.50532 0.0
4.51455 0.0
4.5238 0.0
4.53307 0.0
4.54236 0.0
4.55167 0.0
4.56219 0.0
4.57392 0.0
4.58568 0.0
4.59748 0.0
4.6093 0.0
4.62116 0.0
4.63304 0.0
4.64496 0.0
4.6569 0.0
4.66888 0.0
4.68089 0.0
4.69293 0.0
4.705 0.0
4.7171 0.0
4.72923 0.0
4.74139 0.0
4.75359 0.0
4.76581 0.0
4.77807 0.0
4.79036 0.0
4.80268 0.0
4.81503 0.0
4.82741 0.0
4.83983 0.0
4.85228 0.0
4.86476 0.0
4.87727 0.0
4.88981 0.0
4.90239 0.0
4.915 0.0
4.92764 0.0
4.94031 0.0
4.95302 0.0
4.96576 0.0
4.97853 0.0
4.99133 0.0
5.00417 0.0
5.01704 0.0
5.02994 0.0
5.04288 0.0
5.05585 0.0
5.06885 0.0
5.08189 0.0
5.09496 0.0
5.10806 0.0
5.1212 0.0
5.13437 0.0
5.14758 0.0
5.16081 0.0
5.17409 0.0
5.18739 0.0
5.20074 0.0
5.21411 0.0
5.22752 0.0
5.24097 0.0
5.25445 0.0
5.26796 0.0
5.28151 0.0
5.29509 0.0
5.30871 0.0
5.32236 0.0
5.33605 0.0
5.34978 0.0
5.36354 0.0
5.37733 0.0
5.39116 0.0
5.40502 0.0
5.41893 0.0
5.43286 0.0
5.44684 0.0
5.46084 0.0
5.47489 0.0
5.48897 0.0
5.50309 0.0
5.51724 0.0
5.53143 0.0
5.54566 0.0
5.55992 0.0
5.57422 0.0
5.58855 0.0
5.60293 0.0
5.61734 0.0
5.63179 0.0
5.64627 0.0
5.66079 0.0
5.67535 0.0
5.68995 0.0
5.70458 0.0
5.71925 0.0
5.73396 0.0
5.74871 0.0
5.76349 0.0
5.77832 0.0
5.79318 0.0
5.80808 0.0
5.82301 0.0
5.83799 0.0
5.85301 0.0
5.86806 0.0
5.88315 0.0
5.89828 0.0
5.91345 0.0
5.92866 0.0
5.94391 0.0
5.9592 0.0
5.97452 0.0
5.98989 0.0
6.00529 0.0
6.02074 0.0
6.03622 0.0
6.05175 0.0
6.06731 0.0
6.08521 0.0
6.10547 0.0
6.12579 0.0
6.14618 0.0
6.16665 0.0
6.18717 0.0
6.20777 0.0
6.22844 0.0
6.24917 0.0
6.26998 0.0
6.29085 0.0
6.31179 0.0
6.3328 0.0
6.35388 0.0
6.37504 0.0
6.39626 0.0
6.41755 0.0
6.43892 0.0
6.46035 0.0
6.48186 0.0
6.50344 0.0
6.52509 0.0
6.54681 0.0
6.5686 0.0
6.59047 0.0
6.61241 0.0
6.63442 0.0
6.65651 0.0
6.67867 0.0
6.7009 0.0
6.72321 0.0
6.74559 0.0
6.76805 0.0
6.79058 0.0
6.81318 0.0
6.83587 0.0
6.85862 0.0
6.88145 0.0
6.90436 0.0
6.92735 0.0
6.95041 0.0
6.97355 0.0
6.99676 0.0
7.02005 0.0
7.04342 0.0
7.06687 0.0
7.0904 0.0
7.114 0.0
7.13768 0.0
7.16145 0.0
7.18529 0.0
7.20921 0.0
7.23321 0.0
7.25728 0.0
7.28144 0.0
7.30568 0.0
7.33 0.0
7.35441 0.0
7.37889 0.0
7.40345 0.0
7.4281 0.0
7.45283 0.0
7.47764 0.0
7.50253 0.0
7.52751 0.0
7.55257 0.0
7.57771 0.0
7.60294 0.0
7.62825 0.0
7.65364 0.0
7.67912 0.0
7.70468 0.0
7.73033 0.0
7.75607 0.0
7.78189 0.0
7.80779 0.0
7.83379 0.0
7.85986 0.0
7.88603 0.0
7.91228 0.0
7.93862 0.0
7.96505 0.0
7.99157 0.0
8.01817 0.0
8.04486 0.0
8.07164 0.0
8.09851 0.0
8.12548 0.0
8.15253 0.0
8.17966 0.0
8.2069 0.0
8.23422 0.0
8.26163 0.0
8.28913 0.0
8.31673 0.0
8.34441 0.0
8.37219 0.0
8.40006 0.0
8.42803 0.0
8.45608 0.0
8.48423 0.0
8.51248 0.0
8.54082 0.0
8.56925 0.0
8.59777 0.0
8.6264 0.0
8.65511 0.0
8.68393 0.0
8.71284 0.0
8.74184 0.0
8.77094 0.0
8.80014 0.0
8.82944 0.0
8.85883 0.0
8.88832 0.0
8.91791 0.0
8.9476 0.0
8.97739 0.0
9.00727 0.0
9.03726 0.0
9.06734 0.0
9.09753 0.0
9.12785 0.0
9.15832 0.0
9.18889 0.0
9.21957 0.0
9.25034 0.0
9.28122 0.0
9.3122 0.0
9.34328 0.0
9.37447 0.0
9.40576 0.0
9.43716 0.0
9.46866 0.0
9.50027 0.0
9.53198 0.0
9.5638 0.0
9.59572 0.0
9.62775 0.0
9.65989 0.0
9.69213 0.0
9.72449 0.0
9.75695 0.0
9.78951 0.0
9.82219 0.0
9.85498 0.0
9.88787 0.0
9.92088 0.0
9.954 0.0
9.98722 3.4982186574426775e-11
10.0206 3.843542688117754e-11
10.054 4.579808267844306e-11
10.0876 5.455068315154979e-11
10.1212 6.497245454853344e-11
10.155 7.74161028392292e-11
10.1889 9.220483672704099e-11
10.2229 1.098410775202085e-10
10.2571 1.3084537413501007e-10
10.2913 1.558654341927044e-10
10.3256 1.8566703897495594e-10
10.3601 2.2116025813261183e-10
10.3947 2.634014950171125e-10
10.4294 3.1384388504470494e-10
10.4642 3.737152258984565e-10
10.4991 4.4522558909971417e-10
10.5342 5.302947827234502e-10
10.5693 6.318484315419832e-10
10.6046 7.527521803948405e-10
10.64 8.966066958600716e-10
10.6755 1.0679664485569812e-09
10.7112 1.2720655002112881e-09
10.7469 1.5153514087006757e-09
10.7828 1.8051339738329668e-09
10.8188 2.1501522953495244e-09
10.8549 2.561988223929787e-09
10.8911 3.0523135344919278e-09
10.9275 3.6353154106123794e-09
10.964 4.329702936749042e-09
11.0006 4.327522259145082e-09
11.0373 1.3994532226044024e-09
11.0741 3.8859209271331397e-10
11.1111 1.0786251521053252e-10
11.1482 2.993983809129719e-11
11.1854 8.312473569267401e-12
11.2227 2.307870047560747e-12
11.2602 6.406120248243859e-13
11.2978 1.7785548835420525e-13
11.3355 4.937576259891634e-14
11.3733 1.3708793128222462e-14
11.4113 3.806447296580562e-15
11.4494 1.0563858531638418e-15
11.4876 2.9336221994135997e-16
11.526 8.141506455011876e-17
11.5644 2.2603770773437533e-17
11.603 6.2748071228518444e-18
11.6418 1.7421727804025364e-18
11.6806 4.835446251275978e-19
11.7196 1.3425346219907026e-19
11.7587 3.7282988027396265e-20
11.798 1.0347470769774028e-20
11.8374 2.8719254888692136e-21
11.8769 0.0
11.9165 0.0
11.9563 0.0
11.9962 0.0
12.0363 0.0
12.0764 0.0
12.1167 0.0
12.1572 0.0
12.1978 0.0
12.2385 0.0
12.2793 0.0
12.3203 0.0
12.3614 0.0
12.4027 0.0
12.4441 0.0
12.4856 0.0
12.5273 0.0
12.5691 0.0
12.6111 0.0
12.6532 0.0
12.6954 0.0
12.7378 0.0
12.7803 0.0
12.823 0.0
12.8658 0.0
12.9087 0.0
12.9518 0.0
12.9951 0.0
13.0384 0.0
13.082 3.4724653603352815e-21
13.1256 1.9441865228960887e-20
13.1694 1.088129650609897e-19
13.2134 6.090170120955903e-19
13.2575 3.4102678830254818e-18
13.3018 1.9083234043129508e-17
13.3462 1.0680723154229998e-16
13.3907 5.979405018403374e-16
13.4354 3.3470953898974e-15
13.4803 1.873078336094532e-14
13.5253 1.048361134426216e-13
13.5704 5.868514414500856e-13
13.6157 3.2849948473926953e-12
13.6611 1.838444893062801e-11
13.7067 1.0289924611183844e-10
13.7525 5.759516978087675e-10
13.7984 3.223956638875661e-09
13.8445 1.8043772735155e-08
13.8907 1.0099406856506742e-07
13.937 5.652394810343625e-07
13.9836 3.462070679693408e-06
14.0302 6.2014442015348625e-06
14.0771 6.8628664802001585e-06
14.1241 7.596012485323382e-06
14.1712 8.405846795065087e-06
14.2185 9.304766038249162e-06
14.266 1.0297502201112776e-05
14.3136 1.1398191436508615e-05
14.3614 1.2615013432804955e-05
14.4093 1.3961790974620338e-05
14.4574 1.545198034642749e-05
14.5057 1.710263472664448e-05
14.5541 1.8923306313042827e-05
14.6027 2.0941593198445627e-05
14.6514 2.31849755715177e-05
14.7003 2.566929201514962e-05
14.7494 2.8410280194117736e-05
14.7986 3.144183533609413e-05
14.848 3.4797001616436625e-05
14.8976 3.8508532041754686e-05
14.9473 4.2609002207732727e-05
14.9972 4.7094149258798124e-05
15.0473 5.113775939992197e-05
15.0975 5.536794300667541e-05
15.1479 5.9959920526756396e-05
15.1985 6.492760769557717e-05
15.2492 7.032044212009943e-05
15.3001 7.613359398938732e-05
15.3512 8.24502563625771e-05
15.4024 8.928321332631244e-05
15.4538 9.667878709324815e-05
15.5054 0.000104683134314441
15.5572 0.00011335904175000384
15.6091 0.00012275196844893852
15.6612 0.000132939624911436
15.7135 0.00014394794963660962
15.7659 0.00015587170094680272
15.8185 0.00016878550225017064
15.8713 0.00018284848286434925
15.9243 0.0001979473437321479
15.9775 0.0002144583790506037
16.0308 0.00023018728619491274
16.0843 0.0002458088908927211
16.138 0.00026232364257593047
16.1919 0.0002800542544398447
16.2459 0.00029898981032188185
16.3002 0.0003192790727923755
16.3546 0.00034091161085753106
16.4092 0.0003638714517044803
16.4639 0.000388473633834232
16.5189 0.0004148591917477582
16.574 0.00044285200829228595
16.6294 0.00047275339118210664
16.6849 0.0005047099619136387
16.7406 0.0005388581504469662
16.7964 0.0005753384856368784
16.8525 0.0006142794583105121
16.9088 0.0006558174449849255
16.9652 0.0007000877817655888
17.0218 0.0007451620526512421
17.0786 0.0007885109736541625
17.1357 0.0008346970913154991
17.1929 0.0008835435650486699
17.2502 0.0009351789960446557
17.3078 0.0009897187504533452
17.3656 0.0010476017687861083
17.4236 0.0011089471490211627
17.4817 0.001173725038071564
17.5401 0.0012423460718621745
17.5986 0.0013149362519766362
17.6574 0.0013918960926795941
17.7163 0.0014731948072455104
17.7755 0.0015599808136296874
17.8348 0.0016513087912531184
17.8943 0.0017465210780566241
17.954 0.0018485719388064545
18.014 0.0019528999887735911
18.0741 0.0020520597532902285
18.1344 0.002154987923249697
18.195 0.0022645875883072594
18.2557 0.0023778664396535217
18.3166 0.0024977091775192934
18.3778 0.0026240323566994895
18.4391 0.0027553365653042606
18.5007 0.00289444643263085
18.5624 0.0030398613399388137
18.6244 0.0031943702276795894
18.6865 0.003355032454753226
18.7489 0.0035231812587201614
18.8115 0.0037016132483952123
18.8743 0.003887370455130865
18.9373 0.004083214614811102
19.0005 0.004284792633577168
19.0639 0.004473700520817242
19.1275 0.00466552572487746
19.1914 0.004867215139649803
19.2554 0.005077317099160012
19.3197 0.005295689913552747
19.3842 0.00552365713102734
19.4489 0.005761116262634448
19.5138 0.0060093438827509196
19.5789 0.0062682252984530016
19.6443 0.006538982537601636
19.7099 0.006820155053486673
19.7756 0.007114386714839645
19.8416 0.007421468538384283
19.9079 0.0077399078313281685
19.9743 0.008076390520603735
20.041 0.00855277304442453
20.1079 0.009147623980716226
20.175 0.009785092463862199
20.2423 0.01046606447420141
20.3099 0.011195329385044419
20.3777 0.01197375298709207
20.4457 0.012807400733397225
20.514 0.013700876657839624
20.5824 0.014648461564493233
20.6511 0.015667685849003084
20.7201 0.0167707731277242
20.7892 0.01793113871555989
20.8586 0.019173801635937487
20.9282 0.020510839081630136
20.9981 0.021851509558667107
21.0682 0.022557529520647445
21.1385 0.023169581896249625
21.209 0.023802715066367133
21.2798 0.02444394766408322
21.3509 0.02510576906001505
21.4221 0.025788187208841896
21.4936 0.026490741395174756
21.5654 0.02721320201609356
21.6373 0.027943169018096976
21.7096 0.028704939078807747
21.782 0.029486212162199942
21.8547 0.030286506548730167
21.9277 0.031105600199098252
22.0009 0.03191896805589774
22.0743 0.032592619248477485
22.148 0.033261354788348046
22.2219 0.03393745239420879
22.2961 0.03462066538974412
22.3705 0.035323076162598915
22.4452 0.03604431443944825
22.5201 0.03677238441872187
22.5952 0.03751910209697425
22.6707 0.03828392464797231
22.7463 0.03905532249477451
22.8223 0.03985626618708905
22.8984 0.04066346130171475
22.9749 0.04148800013068639
23.0516 0.04221335839103883
23.1285 0.04288701919483561
23.2057 0.04356724215772461
23.2831 0.044265677366545006
23.3609 0.044970227635808886
23.4388 0.04569285553541441
23.5171 0.046421343218357905
23.5956 0.04715599499941885
23.6743 0.04790809164697035
23.7533 0.048677235837091784
23.8326 0.04945194375231339
23.9122 0.0502433785597024
23.992 0.051634490763013303
24.0721 0.058836833710406294
24.1524 0.0687636762028164
24.233 0.08036626452474271
24.3139 0.09393723584230368
24.3951 0.10978725752307995
24.4765 0.12834411033272944
24.5582 0.15003979171584284
24.6402 0.17530073204635907
24.7224 0.20485289625109182
24.8049 0.23951937661161632
24.8877 0.2798964681158705
24.9708 0.32711070196050085
25.0541 0.357047384209728
25.1377 0.3754397453315397
25.2217 0.3947703040159595
25.3058 0.4151400037846533
25.3903 0.436533120094828
25.4751 0.45894026288059386
25.5601 0.4825628881611651
25.6454 0.507491254056819
25.731 0.5336069764448472
25.8169 0.5611056914132391
25.903 0.5900787945539013
25.9895 0.618229481219753
26.0763 0.6233915399719138
26.1633 0.6224493872778011
26.2506 0.6215063767899008
26.3382 0.6205625492614014
26.4261 0.6196179449616976
26.5144 0.6186702703341579
26.6028 0.617726564727911
26.6916 0.6167798669446323
26.7807 0.6158325486986906
26.8701 0.6148846478922929
26.9598 0.6140359641034084
27.0498 0.6144787010533356
27.1401 0.6161999965174424
27.2307 0.6179030683461517
27.3216 0.6195880417305014
27.4128 0.6213531549489029
27.5043 0.6230997658919697
27.5961 0.624828001640149
27.6882 0.6265379887858701
27.7806 0.628229853427937
27.8733 0.6300002137704562
27.9663 0.6317520605455842
28.0597 0.631278677073662
28.1533 0.6294664922765688
28.2473 0.6277526441905852
28.3416 0.6259486397440798
28.4362 0.6241500154766427
28.5311 0.6224510425231308
28.6263 0.6206628743937495
28.7219 0.6189715830252379
28.8178 0.6171917569147775
28.9139 0.6155125002733447
29.0104 0.6131869322631668
29.1073 0.6086507461149792
29.2044 0.6039563357042191
29.3019 0.5992848572443445
29.3997 0.5946382958511761
29.4978 0.590107724030005
29.5963 0.5855083969935447
29.6951 0.581024286340053
29.7942 0.5764738383089417
29.8936 0.5720377923268102
29.9934 0.5674442353797767
30.0935 0.5610880610100156
30.194 0.5544994534226642
30.2948 0.5480379139849623
30.3959 0.541525400768875
30.4973 0.5352271839306123
30.5991 0.5288758981942205
30.7013 0.522735132746818
30.8037 0.5165444475259886
30.9066 0.5104735504009307
31.0097 0.5045264234963645
31.1132 0.49887163449902655
31.2171 0.4933341793313188
31.3213 0.4878287900154945
31.4258 0.4823553052530375
31.5307 0.4769973514777091
31.6359 0.47167045757052894
31.7415 0.4664577299239636
31.8475 0.4612737778509297
31.9538 0.45611993709147197
32.0604 0.4487310056713151
32.1674 0.4397133270466941
32.2748 0.4308334361783101
32.3825 0.4221746508179112
32.4906 0.4137337386466146
32.5991 0.40542633860876764
32.7079 0.39725264135940125
32.817 0.3892934977698948
32.9266 0.381462991369252
33.0365 0.3735182241552705
33.1468 0.3652971636404594
33.2574 0.3572082845477478
33.3684 0.3493300462682162
33.4798 0.34166063608181124
33.5915 0.3341191783396394
33.7036 0.32678343349427263
33.8161 0.31957208094214995
33.929 0.3124841383738631
34.0423 0.30575564766953345
34.1559 0.29930540083442125
34.2699 0.29297298105243835
34.3843 0.28675743736781617
34.499 0.2807365975425619
34.6142 0.274751691605049
34.7297 0.26895905415559374
34.8456 0.26327898185045634
34.9619 0.25771055017426664
35.0786 0.2511027502803805
35.1957 0.24415390378056212
35.3132 0.23740078217808358
35.4311 0.23084166694655447
35.5493 0.22447548066787326
35.668 0.21822383625018188
35.787 0.21216219611741532
35.9065 0.20628767404658743
36.0263 0.20052511057650496
36.1466 0.19464923615370447
36.2672 0.18888494108321968
36.3883 0.18330416440368444
36.5097 0.17790628382334642
36.6316 0.17268867071209745
36.7539 0.16757702276270012
36.8765 0.16264382732624125
36.9996 0.1578138852091094
37.1231 0.15286942688925215
37.247 0.14810058662816403
37.3714 0.14343341823519462
37.4961 0.13893956643351374
37.6212 0.13454556672751786
37.7468 0.13032147380992057
37.8728 0.12626609796119434
37.9992 0.12216555019085755
38.1261 0.11773792331805925
38.2533 0.11333878388585776
38.381 0.10910753496893004
38.5091 0.10504294393484967
38.6376 0.10114347939669988
38.7666 0.09733799028295079
38.896 0.09376422435711235
39.0258 0.09028215115113956
39.1561 0.08709680860527054
39.2868 0.08400020077410794
39.4179 0.08099153926069909
39.5495 0.07813784846063271
39.6815 0.07537010564802174
39.8139 0.07268753938094115
39.9468 0.07015653658523653
40.0801 0.06744032937146632
40.2139 0.06466775494990341
40.3482 0.06201945623379607
40.4828 0.05948794471252055
40.6179 0.05705859116066833
40.7535 0.05472386941912304
40.8895 0.052489629668762375
41.026 0.05032859218269671
41.163 0.04821397170002479
41.3004 0.046191080281531474
41.4382 0.04424608294615361
41.5765 0.04238462835156424
41.7153 0.04060595251665183
41.8545 0.03889653661983274
41.9942 0.03727486590200862
42.1344 0.035784808452380884
42.275 0.034361568383860244
42.4161 0.033004443694191934
42.5577 0.03169386515981729
42.6998 0.03043571453643309
42.8423 0.0292295824204047
42.9853 0.028068662884331186
43.1288 0.02688394916574608
43.2727 0.025744147678851484
43.4171 0.024648786587101904
43.5621 0.02360358160224544
43.7075 0.022595872922355178
43.8533 0.021637581356673055
43.9997 0.020715922174871438
44.1466 0.019794059306853105
44.2939 0.01891457326312134
44.4418 0.01807093318401074
44.5901 0.01726892562430193
44.7389 0.016502109489449922
44.8883 0.015764133614291388
45.0381 0.01507272262185415
45.1884 0.014433351753087537
45.3393 0.01382769781751067
45.4906 0.013243682808059497
45.6424 0.012681079102583794
45.7948 0.012145538782541007
45.9476 0.011636864188099625
46.101 0.011137250802160768
46.2549 0.010658280261860043
46.4092 0.010205579994089229
46.5642 0.009767285423153435
46.7196 0.009349089695385357
46.8755 0.008950784528311372
47.032 0.008560729420651121
47.189 0.008161775808038476
47.3465 0.007782427873055055
47.5045 0.007422502587550317
47.6631 0.007081803265871842
47.8221 0.006754555608695728
47.9818 0.006440593803679298
48.1419 0.006156597837195865
48.3026 0.005879979707065244
48.4638 0.005621787156002811
48.6256 0.005372983950160124
48.7879 0.005135150207432618
48.9507 0.004908184105354492
49.1141 0.00469471303301219
49.278 0.00449243648644258
49.4425 0.004299064659076475
49.6076 0.004113973814173443
49.7731 0.003937104060460833
49.9393 0.003767816707813273
50.1059 0.0036001604480582665
50.2732 0.00343677752581391
50.441 0.0032813776922991965
50.6094 0.0031328170823549852
50.7783 0.0029910388083525014
50.9478 0.002855446078681808
51.1178 0.002730196676076236
51.2884 0.002612039908560968
51.4596 0.0024988187438076217
51.6314 0.0023904880324016565
51.8037 0.0022870072977053553
51.9766 0.0021883270834342906
52.1501 0.0020964659914087668
52.3242 0.002009303268793364
52.4988 0.0019257742107238831
52.6741 0.0018453274481450878
52.8499 0.0017684511035451194
53.0263 0.0020790695180226337
53.2033 0.004509801076416921
53.3808 0.010515254498344624
53.559 0.024510872185354568
53.7378 0.05715689638453582
53.9171 0.13717930116640178
54.0971 0.18693743436716198
54.2777 0.17001283098108827
54.4588 0.1545819165355126
54.6406 0.1405805249876643
54.823 0.1277989683008558
55.006 0.11627442570053108
55.1896 0.10584856919585688
55.3738 0.09641366689237815
55.5586 0.08781493950491631
55.7441 0.07999595648366344
55.9301 0.07285333787490447
56.1168 0.06642824055996024
56.3041 0.06057056852749327
56.492 0.055227254798723174
56.6806 0.050393264747322426
56.8698 0.04595501573527022
57.0596 0.04214439166602499
57.25 0.03903513496588677
57.4411 0.03617080358783283
57.6329 0.033516398465230336
57.8252 0.03106073215048808
58.0182 0.029112386628027585
58.2119 0.02863202989766763
58.4062 0.028306532947812886
58.6011 0.02798749758697242
58.7967 0.027674822256388204
58.993 0.027363895694072698
59.1899 0.027077477056947723
59.3874 0.026792686998010178
59.5857 0.026513942726679365
59.7846 0.026236784296166035
59.9841 0.025965688048447955
60.1843 0.02571396575892259
60.3852 0.025463617415898976
60.5867 0.025219118850692158
60.789 0.024975912513117808
60.9919 0.024077029089912085
61.1955 0.019034922525300476
61.3997 0.014494823630214936
61.6046 0.011041246471362176
61.8103 0.008406760750884862
62.0166 0.006774160686309783
62.2236 0.006998003125472922
62.4313 0.007452914554153488
62.6396 0.007930495755344656
62.8487 0.00844331911409591
63.0585 0.00899529397946938
63.269 0.009590263554698634
63.4801 0.01023203342544393
63.692 0.010911640277703891
63.9046 0.01164553528723576
64.1179 0.012433154396791431
64.3319 0.013290660581065327
64.5467 0.014204808232412911
64.7621 0.015183352733464826
64.9783 0.015621256670343125
65.1951 0.011155117489993729
65.4127 0.007298249381142543
65.6311 0.0047741785748417415
65.8501 0.0031249579695166764
66.0699 0.0022108463995764867
66.2905 0.0018066907363244187
66.5117 0.0014844608678217053
66.7337 0.001219971355316474
66.9565 0.0010046235748662556
67.18 0.0008299304898676061
67.4042 0.0006883107591965688
67.6292 0.0005706897446637502
67.8549 0.00047326624408630696
68.0814 0.0003940640748319032
68.3086 0.00032892849944021074
68.5366 0.0002749349772929634
68.7654 0.0002297842801554224
68.9949 0.00020009520987124992
69.2252 0.00022736442640107412
69.4563 0.00027129444794405863
69.6881 0.0003236908599610063
69.9207 0.0003861983043551638
70.1541 0.0004236348091004075
70.3882 0.0004447700534072843
70.6232 0.0004669017434021009
70.8589 0.0004904000715277236
71.0954 0.0005152500266467913
71.3327 0.0005414373289234905
71.5708 0.0005693235890443023
71.8097 0.0005981418933640463
72.0494 0.0006301217799290372
72.2899 0.000665974843314086
72.5311 0.0007045498946694392
72.7732 0.0007450775415035758
73.0161 0.0007912214674685329
73.2598 0.0008561408799755545
73.5044 0.0009283025590531133
73.7497 0.0010069051588433141
73.9959 0.0010933333420585516
74.2429 0.001190768106268711
74.4907 0.001298374702087288
74.7393 0.0014160484992133881
74.9888 0.0015436835496281326
75.239 0.0016754611273231536
75.4902 0.001817742224682975
75.7422 0.0019718422841162506
75.995 0.0021199431777222098
76.2486 0.0021471077774599958
76.5031 0.0021512150961100858
76.7585 0.002155269907020106
77.0147 0.0021620692164155924
77.2717 0.002179591038771729
77.5296 0.002198358824915655
77.7884 0.0022176680222228263
78.0481 0.0022406140112511664
78.3086 0.0022747187774402365
78.5699 0.0023099431460512077
78.8322 0.0023455866063990987
79.0953 0.002399331809876416
79.3593 0.002483194744765757
79.6242 0.0025708637306872907
79.89 0.002661961285501771
80.1566 0.0027574602893434444
80.4242 0.00285831028315361
80.6926 0.0029631283877733037
80.9619 0.0030718682372237716
81.2322 0.003187463158800808
81.5033 0.0033098488167030197
81.7753 0.003433687519679564
82.0483 0.004179487349024561
82.3222 0.007863964413044901
82.5969 0.01548675812308552
82.8726 0.031068444632078897
83.1492 0.02528185248298499
83.4268 0.009990757274226676
83.7052 0.003948952063180805
83.9846 0.0018497368297329033
84.2649 0.0028582571449546567
84.5462 0.005722943891443229
84.8284 0.011458540127638757
85.1115 0.017702609005040656
85.3956 0.01855078182977829
85.6806 0.019377430826338325
85.9666 0.020251550240676004
86.2536 0.021269301933632707
86.5415 0.02236709084161726
86.8303 0.023525501707998168
87.1201 0.024929099045725257
87.4109 0.026673857607119236
87.7027 0.028547789380108015
87.9954 0.030179745311780228
88.2891 0.02946094754892348
88.5838 0.028360996288877113
88.8795 0.027298293410474885
89.1761 0.025907595400240936
89.4738 0.024348463126023855
89.7724 0.02288333062704566
90.0721 0.02162174178494884
90.3727 0.020701639100416416
90.6744 0.019834855916622898
90.977 0.01881694925075746
91.2807 0.0163883201717091
91.5853 0.014013837588680706
91.891 0.012035455891616621
92.1977 0.012803476570320872
92.5055 0.015476449275122548
92.8142 0.018705281064367762
93.124 0.02307059797890788
93.4349 0.02904453704639379
93.7467 0.03669416190462715
94.0596 0.046723066889634186
94.3736 0.06013320485127618
94.6886 0.0777142777123881
95.0046 0.09948086221892555
95.3217 0.11892912323386286
95.6399 0.14103088829159754
95.9591 0.16623565360540857
96.2794 0.18166145830221123
96.6008 0.19481104151268558
96.9232 0.20898124909003496
97.2467 0.22427189103826262
97.5713 0.2408366966115327
97.897 0.258717379960646
98.2237 0.27820173600027126
98.5516 0.2993817794578178
98.8805 0.3242261347755927
99.2106 0.5226745701738922
99.5417 1.0713233126405166
99.874 2.215498553042529
100.207 1.9684539644924808
100.542 1.0662822792931812
100.877 0.5910931851049361
101.214 0.630313361415538
101.552 1.0276037062536962
101.891 1.6796102487211058
102.231 2.0765476976212582
102.572 2.2605350162114313
102.915 2.4625946411951167
103.258 2.6984754031754834
103.603 2.9698609124738713
103.948 3.2679065599004744
104.295 3.623224573297315
104.644 4.024944005791812
104.993 4.559760945474571
105.343 5.787996439078016
105.695 7.516894677982266
106.048 9.782043140509474
106.402 12.613429137048284
106.757 16.307660564835075
107.113 21.1900129004891
107.471 27.47852820714616
107.829 35.81799567175869
108.189 42.83360113215153
108.55 47.7209270985905
108.913 52.895918533423256
109.276 52.474079414910406
109.641 49.82179297858711
110.007 47.38227062147293
110.374 45.25093312058863
110.742 43.25476672618171
111.112 40.907991501361806
111.483 37.87681238086143
111.855 35.03374519487481
112.228 28.926005467425846
112.603 22.184756323708374
112.979 17.07359486097483
113.356 13.158844961041412
113.734 10.185139358996874
114.114 7.9333680013642995
114.495 6.201543905814439
114.877 4.8838648345131315
115.26 4.265598681502354
115.645 3.9490555494564363
116.031 3.5557706574471073
116.418 2.7977340366893935
116.807 2.1782347582149493
117.197 1.815504405326795
117.588 1.630373488485054
117.981 1.4865671947193595
118.374 1.5141227419164904
118.769 1.577702551987278
119.166 1.6859731631482724
119.564 1.8618939324622668
119.963 2.202762419075554
120.363 4.424402242567633
120.765 10.189020359617869
121.168 18.39688189496197
121.572 23.539134146468584
121.978 30.428461575062634
122.385 41.00774276283965
122.794 55.984282953822046
123.204 78.41405938802771
123.615 110.89855254162345
124.027 158.64992647111708
124.441 224.99333566545025
124.857 322.25607645642106
125.274 419.2988931371904
125.692 522.7550627843276
126.111 473.24578014609824
126.532 181.27137805910755
126.954 79.27564999249522
127.378 112.71106701179917
127.803 223.49400889158187
128.23 335.59289510383763
128.658 417.46847576283983
129.087 451.2927553231135
129.518 321.24960442220583
129.951 232.01090819233823
130.384 236.80998208254817
130.82 265.21493871122044
131.256 297.32447773210635
131.694 334.3221167508261
132.134 376.7682116941637
132.575 425.0155392586786
133.017 477.387733585598
133.461 520.5380117312521
133.907 565.6031082238461
134.354 607.1615022463405
134.802 649.6365897479338
135.252 695.0017555303341
135.704 743.4244366360252
136.157 795.6680243714839
136.611 851.299605654696
137.067 772.7254599321506
137.524 368.65088107496786
137.983 190.4760132813106
138.444 212.53262226715592
138.906 278.62636295164793
139.37 367.2416293644219
139.835 489.6941658343509
140.302 659.0592013872291
140.77 901.9995215146979
141.24 927.1809137673235
141.711 732.5987263919935
142.184 655.821320208697
142.659 708.5002660951221
143.135 771.5348006786072
143.613 848.5603305905327
144.092 872.2446793399291
144.573 728.3279736570424
145.056 602.0450757874073
145.54 499.1425931560264
146.026 415.7036018059096
146.513 347.50164936660707
147.002 296.9461464481136
147.493 284.6517847543474
147.985 278.25303575472924
148.479 273.1610195055402
148.974 268.46205297794626
149.472 264.1487910222916
149.971 249.64011000175793
150.471 170.9142798663433
150.973 115.79678158701105
151.477 115.07414147144821
151.983 124.21174039037254
152.49 134.2226193139904
152.999 145.20242596254866
153.51 157.26373632253026
154.022 170.53612040320795
154.536 185.18012737837648
155.052 217.86862083200865
155.57 344.5592110454942
156.089 510.89872254220563
156.61 541.4855835721997
157.133 560.7366055057851
157.657 580.8798014751055
158.183 602.2421756704371
158.711 624.8107986950405
159.241 548.4156122695672
159.773 391.04635064153723
160.306 395.95391616825646
160.841 526.2382303313232
161.378 619.9847803514659
161.916 694.6670177730599
162.457 787.3826378775199
162.999 899.1130169568164
163.543 1037.5546584430112
164.089 1202.1090165696544
164.637 1390.386569503036
165.186 1313.9617268528445
165.738 845.3074196024411
166.291 585.1702451045882
166.846 446.5256251329344
167.403 389.45007892830546
167.962 366.21619384098256
168.522 374.0963062144817
169.085 384.7806322110195
169.649 380.9648299017889
170.215 371.955552958004
170.783 357.17481576776686
171.353 352.37659148229693
171.925 354.02011456060274
172.499 358.9228890963065
173.075 382.4368133297895
173.653 480.7528189088602
174.232 500.7665841760253
174.814 385.24812320405334
175.397 306.99007121062687
175.983 255.22791437385186
176.57 238.69014967035636
177.159 228.48394942341156
177.751 219.40088087334738
178.344 304.6318330624856
178.939 533.8882569196571
179.537 592.4817004795598
180.136 580.806547876855
180.737 536.0176082334852
181.34 578.2851514620488
181.946 664.6089839790593
182.553 434.6257558439777
183.162 284.72450680627367
183.774 251.13985121537632
184.387 198.085136436497
185.002 166.16984864172315
185.62 301.0947563556765
186.24 454.90426451879983
186.861 428.34793299215505
187.485 479.57028631500157
188.111 619.9511910794022
188.739 989.5334505108988
189.368 1144.324479646948
190.001 1082.8990327176336
190.635 1201.0536627033089
191.271 1094.973134078345
191.909 760.5834944845245
192.55 851.2190692913272
193.193 920.5001757366972
193.838 690.9917145923471
194.485 464.1071490341095
195.134 380.27797332588284
195.785 590.5687289675881
196.438 657.4747358640856
197.094 672.8899103569333
197.752 971.2265944926536
198.412 1370.457708754256
199.074 1738.7871476406222
199.739 1563.3339735345462
200.405 1520.5607448689545
201.074 1589.0696771999403
201.745 1626.4453228636837
202.419 1525.362377239832
203.094 1403.7545901009817
203.772 1458.479023669145
204.453 1575.9620234577073
205.135 1514.344330097731
205.82 980.0677686927237
206.507 840.9659775340215
207.196 885.1599199796534
207.887 1033.7174905836139
208.581 864.066743163763
209.278 673.5549013697221
209.976 584.3432612431634
210.677 796.3622451267576
211.38 866.6213898921773
212.086 747.4472486380497
212.794 685.3028726260877
213.504 706.7067877789063
214.216 842.8439212425055
214.931 1136.112594072865
215.649 989.1517384862624
216.369 1043.2889379671205
217.091 1304.5747525502222
217.815 1051.4273871662615
218.542 1061.7134085043645
219.272 1224.381629912694
220.004 1393.659538879072
220.738 1273.2732187431345
221.475 1144.8041999816835
222.214 1123.2048666922767
222.956 1264.2254702790299
223.7 1223.9515065956098
224.447 1186.8046632542735
225.196 1234.9298376496672
225.947 1401.0456975916177
226.702 1382.143040040652
227.458 1851.709944438439
228.188 3434.62370393949
228.889 6623.774370603045
229.593 3139.4861286320374
230.298 1416.6189656229988
231.006 1042.3840123101377
231.717 833.5073751066618
232.429 826.0940337390657
233.143 892.2040792761923
233.86 836.3351350744263
234.579 969.9819434639736
235.3 1934.0195011970713
236.024 4751.845438290133
236.774 3337.338032450434
237.552 3011.655991587609
238.332 4142.709157909845
239.114 5617.27842771101
239.9 3836.4732515064343
240.688 7985.295481268119
241.478 9823.662471411375
242.271 8050.795234541725
243.067 7854.027390446714
243.865 9771.622149575654
244.666 11476.495591052793
245.47 12556.500329032875
246.276 11969.358647748091
247.085 9843.477820407703
247.896 9962.08370787079
248.71 11906.2908884898
249.527 13979.925216033018
250.352 14105.746614048365
251.187 13534.191969305906
252.024 16829.538638448957
252.863 16794.971112554453
253.706 19103.215100444882
254.551 18669.993181991213
255.399 12194.718630347315
256.25 8444.978952500545
257.104 15325.37847424507
257.961 24418.29050503871
258.82 18912.806204427903
259.683 16871.74418760083
260.548 17713.808978481728
261.416 17017.108090500165
262.287 16345.340371670432
263.161 18651.929193054893
264.038 17041.66107700956
264.918 15614.47134878432
265.801 16473.284820448567
266.686 17316.19608466194
267.575 16514.8428970962
268.466 17632.17116248672
269.361 19340.928630899332
270.258 17734.19822576765
271.159 16842.09371685578
272.062 18318.50174966389
272.969 19843.969680503673
273.878 22076.060545033542
274.791 21973.349229147254
275.707 21783.283704520483
276.625 20281.74389857623
277.547 16163.742612631233
278.472 14014.199506307761
279.4 14237.187006313794
280.331 15053.387271999449
281.265 17288.81195358703
282.202 18699.127077997746
283.142 18627.549047320506
284.086 18215.35556815402
285.032 17626.483105923282
285.982 15527.115785819029
286.935 17069.029812113295
287.891 15573.632741555877
288.85 16685.839076290427
289.813 12639.842499979051
290.778 13023.374432200953
291.747 11772.451655739782
292.719 10741.032129338204
293.694 11676.092526880762
294.673 13106.795177332391
295.655 13336.171126992618
296.64 15631.115291919632
297.628 16284.087149977384
298.62 17076.617833002023
299.615 16481.30293466347
300.613 15853.982598931298
301.615 14588.571911309555
302.62 12709.276490112617
303.628 13862.92712830202
304.64 38281.131337033024
305.655 53957.65401166356
306.674 41061.69463118226
307.695 27691.542709354035
308.721 20220.4764932986
309.749 20891.428042469714
310.781 20346.07245214016
311.817 16785.15918864576
312.856 13264.896173705263
313.898 17907.7142102799
314.944 20205.230937496948
315.994 18886.90879573808
317.047 17933.446115519742
318.103 19260.53614462495
319.163 21581.392196385903
320.226 21291.378987180837
321.293 22827.917355245685
322.364 19005.95081713104
323.438 19782.711454412005
324.516 25311.35155358484
325.597 26582.025016783264
326.682 24921.23913600473
327.77 24510.28938304416
328.862 26228.15150121906
329.958 24853.13501784969
331.058 21748.369425853052
332.161 21481.817762998402
333.268 20764.8399644715
334.378 20124.821029977873
335.492 17757.179273322963
336.61 20734.46173931505
337.732 26463.08957043706
338.857 27581.68312215748
339.986 26137.342090373113
341.119 26720.715085283748
342.255 24903.182718333956
343.396 22306.281072497604
344.54 18852.107303956673
345.688 20081.03614747712
346.84 21906.43422636183
347.995 20473.466000202654
349.155 16831.219857956305
350.318 19047.883616826108
351.486 22519.80616439255
352.657 20027.40269621891
353.832 17642.513179948783
355.011 19705.20510610383
356.194 19541.598665081256
357.381 20560.404406956277
358.571 21489.77563556241
359.766 22345.404195220726
360.965 21421.76114721989
362.168 18305.823308354473
363.374 18592.945778863977
364.585 17660.694041232025
365.8 17881.43164229933
367.019 17975.93205865568
368.242 22152.436841208997
369.469 23847.799147679652
370.7 23681.54220552922
371.935 21860.16904618685
373.174 20331.720264103467
374.418 16284.604609869062
375.665 18543.0618490606
376.917 17289.805418632786
378.173 16201.141618290121
379.433 17756.40523699319
380.697 18524.037445542464
381.966 15547.36447119582
383.238 16927.435036659044
384.515 16598.424570016577
385.796 15881.020874279753
387.082 13966.111290327672
388.372 16759.068334093914
389.666 18001.035607632974
390.964 20005.06883931323
392.267 19760.349414218155
393.574 16373.549247765282
394.885 16843.637905743966
396.201 19543.77773337528
397.521 19127.056889293228
398.846 20277.32231802335
400.174 20115.93695475611
401.508 19037.603961363664
402.846 17639.089948962224
404.188 19816.35141395119
405.535 19597.991288549823
406.886 19731.223036582698
408.242 17834.173614290037
409.602 18641.709731380965
410.967 20569.315909153884
412.336 21251.140554638674
413.71 21122.052128203846
415.089 18971.96283174744
416.472 16196.610600986693
417.859 16728.574555784682
419.252 18020.175384093985
420.649 19264.67506426148
422.05 18888.467013340443
423.456 20566.053959711364
424.867 20155.913052540804
426.283 17640.933828276287
427.703 17777.305236785185
429.128 19115.92879403895
430.558 18971.232485554272
431.993 16791.390211318278
433.432 15618.692011647521
434.877 18213.82994298405
436.326 18609.48855891859
437.779 19291.106584169524
439.238 16416.45293580895
440.702 16490.07916483589
442.17 18022.905071966972
443.643 16308.013561348049
445.122 16193.404027008672
446.605 17470.549506907384
448.093 17034.39246336008
449.586 16666.743452936975
451.084 17422.288700142384
452.587 16348.237280849205
454.095 18331.43025230348
455.608 17119.421070796983
457.126 16350.650697775312
458.649 16091.11258297045
460.177 16750.728321337112
461.711 15425.177726828735
463.249 17969.193285727004
464.793 18511.306797917186
466.341 18686.321983657737
467.895 17842.50083073773
469.454 17193.14670532609
471.018 16770.61000990513
472.588 16498.632271481663
474.163 16375.762807748819
475.742 15693.882080928623
477.328 16086.872478321555
478.918 15898.682135404235
480.514 15862.667378785252
482.115 16228.392190663957
483.721 16369.118059390386
485.333 15538.911909119475
486.95 15050.972207005969
488.573 13988.064283947653
490.201 14397.00167487026
491.834 15678.03257610626
493.473 15734.965885085106
495.117 15639.26159219138
496.767 15186.66960747671
498.422 15039.111614938385
500.083 15387.149873489918
501.749 15689.843950976514
503.421 15712.529780998973
505.098 16347.2665457046
506.78 15528.777665357391
508.468 16519.26710247899
510.161 16311.559004139968
511.86 15542.804866815432
513.565 16240.102468571522
515.276 15784.262301178793
516.992 15721.466496357409
518.713 15145.612523122285
520.441 15622.447067378445
522.174 15616.955420935908
523.913 15929.605409465561
525.658 15211.57027717378
527.409 15523.138375864197
529.165 15776.585613557263
530.928 15805.25043534565
532.696 15621.520066062165
534.47 14678.96764920676
536.25 14269.12632773015
538.036 14376.724939994589
539.828 13272.759675991223
541.626 12548.394259284796
543.43 11427.80287393641
545.24 13851.340699184715
547.056 13962.686007834305
548.878 13774.233444863099
550.706 13425.712688095467
552.54 12558.518218482594
554.38 13487.133587394814
556.226 14897.823686950951
558.079 14361.605758180294
559.937 14068.980344531456
561.802 13285.01728658219
563.673 14209.535396057829
565.551 13981.63540966524
567.434 13200.557165632348
569.324 13435.459291961339
571.22 14252.512593096
573.123 14289.659383735876
575.031 13503.238643152463
576.946 13267.28768472958
578.868 13265.052941831767
580.796 13072.831962434213
582.73 13366.373665314783
584.671 13009.19038056861
586.618 13424.499554850367
588.572 13654.110488417868
590.532 13704.436054052507
592.499 13631.703391937455
594.472 13229.041587547305
596.452 13270.80232692267
598.438 12763.847143232555
600.432 13003.660526337317
602.431 13036.408387678637
604.438 12788.435613243262
606.451 11477.597027476175
608.47 11311.326347983824
610.497 12599.836695144711
612.53 11925.72577738768
614.57 12700.138844787525
616.617 12099.665942274944
618.671 12815.930318442546
620.731 11308.877236196206
622.798 10994.958827653021
624.873 10407.512810493212
626.954 10690.420243391005
629.042 12561.877828434652
631.137 14535.852104960193
633.239 12491.361800015924
635.348 12852.053282935614
637.464 12518.269588410369
639.587 12161.330134530708
641.717 11324.635108780827
643.854 12377.32146677917
645.998 11886.59201163513
648.15 11776.582615265615
650.309 11737.484829649304
652.474 12127.237287905697
654.647 11372.117050067534
656.828 11833.919263698708
659.015 11513.04504121537
661.21 11706.68125774311
663.412 11923.235417629292
665.622 11697.776453723262
667.839 11481.743948912059
670.063 11291.106715886363
672.294 10513.529627302738
674.533 11591.089192648185
676.78 11640.03464519624
679.034 11458.805043727985
681.295 11468.14967344126
683.564 11075.966513719795
685.841 11796.055448074756
688.125 10537.436460307821
690.417 11343.89796735603
692.716 12005.124926367593
695.023 11094.581724686299
697.338 11370.159701667155
699.661 10698.132124137303
701.991 9854.21054966629
704.329 11833.914391789263
706.675 11269.407862248192
709.028 11209.248996093318
711.39 11345.944549968586
713.759 11417.563835068126
716.136 11154.326701677504
718.521 10106.638126768892
720.914 11110.245390299127
723.315 11080.802388889348
725.724 11058.84447690071
728.141 11014.748125070413
730.566 10348.65255808451
732.999 10897.715968006123
735.44 10912.744546331842
737.89 10869.221312847301
740.347 10923.970647891247
742.813 10840.634886897873
745.287 10764.952671716524
747.769 10596.14037413128
750.259 10026.83041779945
752.758 10247.222933991194
755.265 9882.02721115959
757.781 9849.216701971214
760.304 9257.609649379972
762.837 7661.439811913108
765.377 8707.797322042856
767.926 9148.211950524792
770.484 10241.861587936153
773.05 10931.53157483804
775.624 10725.340739588193
778.208 10326.836936126438
780.799 9806.87491641599
783.4 8679.124529471645
786.009 9170.429838984228
788.627 10323.410488644566
791.253 12053.294807909057
793.888 10610.721929090209
796.532 10680.175306718626
799.185 10267.797642394495
801.847 9626.597313406099
804.517 10366.901164639075
807.197 10322.485740588532
809.885 10294.86736630909
812.583 10353.362723077862
815.289 10055.086180374017
818.004 10192.686902464093
820.728 10050.714653059491
823.462 10242.710750558446
826.204 10228.24929911807
828.956 9665.43581638929
831.717 8242.836289111248
834.487 9391.876850742365
837.266 10449.680812542254
840.054 10075.624091394166
842.852 10080.468609170304
845.659 10091.53461442281
848.476 9728.362464458165
851.302 9683.43055831986
854.137 9767.79813025385
856.981 9867.196143842095
859.836 10419.369164901718
862.699 9633.44455467812
865.573 9853.146916413501
868.455 10099.174964348857
871.348 10013.170799055859
874.25 9998.391482148025
877.161 9900.819621238583
880.083 9822.106926454426
883.014 9984.441512718313
885.955 9996.834091507939
888.905 9996.940491883377
891.866 9984.860235840897
894.836 9942.7030843332
897.816 9921.684316616294
900.806 9939.509251331625
903.806 9980.912666404607
906.817 10007.090845833767
909.837 11431.23084984944
911.553 44257.9966611566
913.273 132229.4343099293
916.322 116409.12197126717
919.38 84807.75770535553
922.449 54989.74950597904
925.528 120481.99581062005
928.618 89872.55641059436
931.718 109260.65894853641
934.828 138789.94528574534
937.948 82010.54325906938
941.079 143612.55246590925
944.22 140827.5695727904
947.372 111259.50822682907
950.534 76906.70659903454
953.707 130430.50751150418
956.891 142729.1383612922
960.085 142086.22559164383
963.29 144545.15210506294
966.505 137107.39344291185
969.731 134127.37661127312
972.968 71705.72514987277
976.216 102599.71827536813
979.475 139108.6856312121
982.744 137852.2843579906
986.025 121873.04313036539
989.316 101159.58860126171
992.618 149730.80226093164
995.932 103134.12514024018
999.256 140715.27106039086
1002.59 146175.92700001408
1005.94 136277.75585455177
1009.3 110988.2873350482
1012.67 140099.61343163118
1016.05 127298.15646403041
1019.44 114527.6984134155
1022.84 111412.30971562177
1026.25 71127.75323562368
1029.68 98656.82275028806
1033.12 114859.56099944611
1036.57 92396.55002819812
1040.03 139258.67482032013
1043.5 148022.85628990486
1046.98 146451.9210193725
1050.48 144146.14222040132
1053.98 143820.57868100825
1057.5 143011.22436697714
1061.03 115513.77647885508
1064.57 122001.56432833694
1068.13 113109.23156048982
1071.69 127816.49827093646
1075.27 132318.49733565951
1078.86 130108.18627156367
1082.46 127041.71654723451
1086.07 123746.79202595596
1089.7 115066.1906318182
1093.33 134339.37670052765
1096.98 113861.24251666092
1100.65 132786.1605002857
1104.32 126962.42375617329
1108.01 116538.77355852589
1111.7 119490.62640693106
1115.42 128110.2285337497
1119.14 127227.77608026029
1122.87 109487.40431267848
1126.62 93056.51745312614
1130.38 99266.39547662996
1134.16 122981.73152735845
1137.94 117042.52695811375
1141.74 113378.59282115543
1145.55 105394.50612146573
1149.38 118147.39547943488
1153.21 113160.48752440419
1157.06 109645.90423251699
1160.92 113219.8208111346
1164.8 114251.19371082426
1168.69 114308.16403239578
1172.59 102803.54324686057
1176.5 79669.71585900466
1180.43 112738.4007813831
1184.37 94218.99206993803
1188.32 111039.25892412396
1192.29 103112.59985454653
1196.27 101982.64030907158
1200.26 87974.61594944126
1204.27 91657.05560128416
1208.29 85787.28953911224
1212.32 80377.31258588655
1216.37 56384.131778812676
1220.43 82906.45276927963
1224.5 88253.82969659318
1228.59 92404.00467213223
1232.69 97005.8672859397
1236.81 99814.15049136883
1240.94 102494.5912198171
1245.08 100706.48306252796
1249.23 98477.30898220361
1253.4 101346.94749465291
1257.59 99918.56222008928
1261.79 97880.73357326006
1266.0 94687.2155992589
1270.22 96511.21689978632
1274.46 96949.8628137233
1278.72 96816.17806819365
1282.99 96619.73768921227
1287.27 95901.51209088216
1291.57 95207.39669833171
1295.88 92254.89001421275
1300.2 86983.77582736754
1304.54 80777.3216266121
1308.9 92385.16785014434
1313.27 92200.62914524492
1317.65 91424.67252804256
1322.05 87702.6184168246
1326.46 88465.4054238242
1330.89 88191.14829292639
1335.33 72449.30922982375
1339.79 88588.96195137652
1344.26 85193.17394280357
1348.75 85767.03610535176
1353.25 85402.3330905193
1357.77 82998.49770906605
1362.3 82959.42032700751
1366.85 83037.45138606866
1371.41 81172.80091803524
1375.99 79866.65617729262
1380.58 81646.67451906124
1385.19 79277.9569691753
1389.81 61191.18318405036
1394.45 83457.691166664
1399.11 65782.52839565107
1403.78 84205.84651246571
1408.46 77452.57234197884
1413.16 76376.58587707227
1417.88 68458.88521659398
1422.61 71520.888569628
1427.36 73148.33183194802
1432.13 72923.4766374116
1436.91 73130.11583942192
1441.7 73204.2874337951
1446.52 72551.3068505025
1451.34 70790.76659656364
1456.19 71386.13538148916
1461.05 70909.36842068374
1465.93 69847.6922104916
1470.82 64623.34526956453
1475.73 68126.3008810043
1480.66 68135.60827553603
1485.6 67673.68470592654
1490.56 67773.28528518816
1495.53 66918.6171836378
1500.53 64759.82943576749
1505.53 64973.50635147733
1510.56 62442.48855790733
1515.6 62855.94752842223
1520.66 63177.39946252685
1525.74 60410.99510340834
1530.83 57276.049112931476
1535.94 61112.99860251955
1541.07 55534.162473323464
1546.21 45799.928365495995
1551.37 60106.42115842989
1556.55 55241.05673384682
1561.75 56486.510469209825
1566.96 54530.781511544454
1572.19 55153.41659240783
1577.44 54867.55502199501
1582.7 55110.0447469958
1587.99 56586.27811484589
1593.29 56313.643729741125
1598.61 53838.118039002766
1603.94 51764.36950228915
1609.3 53463.77816767738
1614.67 54935.02067967699
1620.06 52361.611863961334
1625.47 52700.27670890606
1630.89 47808.5930253725
1636.33 53254.52738861313
1641.8 53830.66254343423
1647.28 52965.83670909453
1652.78 51015.82492992208
1658.29 48851.38747624258
1663.83 50062.74652480809
1669.38 48623.52572601813
1674.95 48734.80869218711
1680.55 50236.83783286693
1686.16 49288.10423611198
1691.78 48583.844798854065
1697.43 47724.95321632014
1703.1 46855.41779640907
1708.78 45157.18002700197
1714.49 43296.87412586821
1720.21 43387.43107897551
1725.95 44193.70716108238
1731.71 45786.213777371326
1737.49 44302.652892926904
1743.29 43692.4127266962
1749.11 43746.92839927332
1754.95 43463.41996904193
1760.81 41103.9557232514
1766.69 42459.08011002619
1772.58 40755.15796839827
1778.5 42131.765656632684
1784.44 42097.024798777245
1790.39 40484.94404537905
1796.37 41712.64562440991
1802.37 41723.010231634464
1808.38 40915.071313704524
1814.42 38822.19542046267
1820.48 39062.31303940187
1826.55 39065.02460910084
1832.65 38817.589455191825
1838.77 38761.527369106625
1844.9 37743.45364094884
1851.06 35191.36074285068
1857.24 34538.44431115148
1863.44 37194.73100563623
1869.66 37531.32178253056
1875.9 36990.690636176616
1882.16 33938.25369871488
1888.45 31973.727702754128
1894.75 31370.596396475416
1901.07 32935.7293242675
1907.42 35900.00297755421
1913.79 33841.11150828642
1920.18 32663.974022660957
1926.59 32359.85353168834
1933.02 31027.79639318856
1939.47 30231.23189820541
1945.94 34249.503021435376
1952.44 27757.463107834836
1958.96 31811.407350088037
1965.49 32718.331994039574
1972.06 33127.58735954789
1978.64 32269.80547673463
1985.24 31336.10639025032
1991.87 28517.755455776703
1998.52 29957.052364556494
2005.19 29548.904498133816
2011.88 29851.69990418031
2018.6 31004.77126394444
2025.34 30383.6886759784
2032.1 29475.254153191483
2038.88 27398.529095215847
2045.69 29055.9359053531
2052.51 29339.40007198218
2059.37 27818.111206467773
2066.24 28337.405291907777
2073.14 27503.60657958158
2080.06 28252.572375338856
2087.0 26857.011362368252
2093.97 26266.685512624535
2100.96 27203.423820457625
2107.97 25569.115720956317
2115.01 26895.54592127643
2122.07 27173.619672527875
2129.15 26931.674622002913
2136.26 26439.156976516988
2143.39 26301.014183282692
2150.54 26263.595879478733
2157.72 26188.666349545434
2164.92 25480.399045411497
2172.15 25630.84652995642
2179.4 24854.494630253306
2186.68 25128.441343359085
2193.97 24848.80346919274
2201.3 24521.6989440627
2208.65 24220.901351504137
2216.02 24006.8417099317
2223.42 23491.46681009959
2230.84 23690.626676907414
2238.28 23671.960604279637
2245.76 23173.94887401271
2253.25 22965.616340550772
2260.77 22805.948994252925
2268.32 22481.04155185804
2275.89 22288.089249498375
2283.49 22390.583947530115
2291.11 22210.462823942424
2298.76 21598.345420383914
2306.43 21631.47096436681
2314.13 21327.047363201276
2321.86 21035.954935246908
2329.61 20481.077972836352
2337.38 20792.717174002333
2345.18 19645.52315728159
2353.01 19911.62915479152
2360.87 20027.61409434135
2368.75 20097.24173676048
2376.65 19487.240046189567
2384.59 19208.053068713634
2392.55 19458.907907278524
2400.53 18845.22256847334
2408.55 19028.140142496864
2416.59 18753.371135177356
2424.65 18657.753544757925
2432.75 18241.8500024721
2440.87 18225.240707559977
2449.01 17923.054000575088
2457.19 18290.27048308863
2465.39 17705.789923770924
2473.62 17636.00785370373
2481.88 17241.371815471455
2490.16 17140.83962035949
2498.47 17396.009441200717
2506.81 17102.095053332017
2515.18 16970.329435282714
2523.58 16508.847594183346
2532.0 16602.660756298144
2540.45 16409.80664245161
2548.93 16123.074575175728
2557.44 16300.79035473606
2565.98 16152.203924829259
2574.54 16025.372499718218
2583.14 15899.13547226077
2591.76 15856.63351425389
2600.41 15545.316565360159
2609.09 15287.430938752075
2617.8 15380.40438964258
2626.54 15216.585396472006
2635.31 14921.005139115363
2644.1 15105.357034213006
2652.93 15044.942332091547
2661.79 14762.463748107526
2670.67 14683.166157111958
2679.59 14493.766560405322
2688.53 14385.548198857601
2697.5 14218.06480890858
2706.51 14121.045721832175
2715.54 13945.332311976728
2724.61 13800.195615370823
2733.7 13911.72467534373
2742.83 13512.40781012893
2751.98 13086.32557775267
2761.17 13432.39756586625
2770.39 13261.486446605786
2779.63 13149.670900516743
2788.91 13028.765482036899
2798.22 12706.67775263745
2807.56 12817.681755822428
2816.93 12736.85462472582
2826.34 12561.223516919834
2835.77 12490.999430683823
2845.24 12279.273221234294
2854.73 12191.345932732615
2864.26 12141.39264642972
2873.82 11979.33814620682
2883.42 11986.092874699823
2893.04 11806.78622503052
2902.7 11776.759738708539
2912.39 11700.636865667497
2922.11 11569.67433475522
2931.86 11421.11594458393
2941.65 11273.389055884998
2951.47 11208.542826789082
2961.32 11153.096102687048
2971.21 11061.659227145621
2981.12 10943.689437025192
2991.08 10889.264114744703
3001.06 10781.35549560314
3011.08 10709.749336213865
3021.13 10611.80496028903
3031.21 10514.405998947335
3041.33 10417.515658103626
3051.48 10329.98048748097
3061.67 10216.537967891913
3071.89 10121.260230199254
3082.14 10043.969359961551
3092.43 9932.272893914846
3102.75 9864.564007084417
3113.11 9797.178153240091
3123.5 9687.0921155276
3133.93 9594.777966081443
3144.39 9545.753282852209
3154.89 9437.257751390653
3165.42 9346.38701836597
3175.98 9272.96835315119
3186.58 9166.159635866135
3197.22 9127.243448799687
3207.89 9105.268875322505
3218.6 8949.625885836585
3229.34 8861.561856151657
3240.12 8773.973325968156
3250.94 8711.678394737532
3261.79 8624.980163952672
3272.68 8555.18892270075
3283.6 8485.78307897107
3294.56 8424.898810694445
3305.56 8348.044079441794
3316.6 8271.599393571052
3327.67 8179.423189205037
3338.77 8111.952245463757
3349.92 8036.779612666917
3361.1 7969.236508084132
3372.32 7880.513882799717
3383.58 7830.442181944039
3394.87 7764.788988252075
3406.2 7700.270211502884
3417.57 7629.793993341862
3428.98 7569.109335409932
3440.43 7503.267623198747
3451.91 7467.405896028545
3463.43 7395.197674192731
3475.0 7324.910794105369
3486.6 7274.313004365407
3498.23 7203.230237917421
3509.91 7139.413436566059
3521.63 7086.6317748903375
3533.38 7018.916774732009
3545.18 6970.518967250057
3557.01 6897.4315478285125
3568.88 6831.53472611736
3580.8 6767.482532218315
3592.75 6700.804948898246
3604.74 6662.102259625611
3616.77 6590.119219546741
3628.85 6538.5350172457265
3640.96 6485.762263350009
3653.12 7134.1503211725485
3665.31 7104.553416440158
3677.55 7009.96659565977
3689.83 6973.5165149375525
3702.14 6986.65334313314
3714.5 7320.372995271219
3726.91 7649.611466924846
3739.35 7983.793206451867
3751.83 7785.187754364752
3764.36 8688.100626338999
3776.92 8196.339801508078
3789.53 9013.652041404157
3802.19 7660.8517599587
3814.88 9151.161679239633
3827.62 8635.857850020691
3840.39 7542.629762778131
3853.21 8990.329345150642
3866.08 9023.012455461529
3878.99 8590.828786556804
3891.94 7083.373565407647
3904.93 8623.299957975352
3917.97 8738.758040445238
3931.05 8456.532462193316
3944.17 8537.507943343388
3957.34 8284.813913645632
3970.55 6567.867077642656
3983.81 8081.238986074358
3997.11 8262.941613017709
4010.45 8215.337314153843
4023.84 8007.529215426028
4037.27 8067.4961318739115
4050.75 7980.892192939031
4064.27 7914.637809994392
4077.84 7756.388566075751
4091.46 7421.608647084016
4105.12 6146.841137458329
4118.82 7385.369174028565
4132.57 7438.895006839829
4146.37 7401.163666590804
4160.21 7389.471766669487
4174.1 7268.230095616153
4188.04 7244.037602819311
4202.02 7175.132324573073
4216.05 7119.3584433457045
4230.12 7019.380794876722
4244.25 6957.98999811558
4258.41 6896.958022120976
4272.63 6804.7602078868085
4286.9 6738.19144263094
4301.21 6615.724906717626
4315.57 6518.924278595686
4329.98 6230.135036706664
4344.43 5265.928908460636
4358.93 6268.970563044104
4373.49 6334.196095015087
4388.09 6196.665403611809
4402.74 6212.699257611582
4417.44 6161.58253740219
4432.18 6128.954559121688
4446.98 6060.172169236683
4461.83 6002.026453877485
4476.72 5850.4901919484255
4491.67 5903.471113517198
4506.67 5871.886060057168
4521.71 5782.76213537803
4536.81 5716.088615230606
4551.95 5644.490053711105
4567.15 5604.504357614079
4582.4 5545.941318934551
4597.7 5513.446263235301
4613.05 5474.110937744836
4628.45 5416.963875958705
4643.9 5367.667223026203
4659.4 5313.445309817449
4674.96 5296.910820879925
4690.57 5291.324321918972
4706.23 5169.134595455762
4721.94 5104.091253434214
4737.7 5052.483071408191
4753.52 5015.864915179942
4769.39 4952.933115617078
4785.31 4909.477221219826
4801.29 4861.767290080034
4817.32 4805.949240090096
4833.4 4726.524748640558
4849.54 4514.464854975986
4865.73 3865.9838825895695
4881.97 4526.89684196543
4898.27 4559.05398520661
4914.62 4511.598636904749
4931.03 4463.31279409662
4947.49 4451.725357893889
4964.01 4406.568665582737
4980.58 4357.887671956157
4997.21 4317.012769738555
5013.89 4229.161122755704
5030.63 4231.661888937018
5047.43 4174.9484120923735
5064.28 4160.526332734113
5081.18 4106.460149193234
5098.15 4071.688845665539
5115.17 4027.6443568102895
5132.25 3978.6049018722465
5149.38 3938.209552913467
5166.57 3875.131672646758
5183.82 3865.868416941068
5201.13 3813.1846991591665
5218.49 3792.7687558483867
5235.91 3751.384201680351
5253.39 3728.1506116883597
5270.93 3664.7180689304796
5288.53 3666.7618971077545
5306.18 3625.1663893435193
5323.9 3573.190626123645
5341.67 3559.793261750272
5359.51 3532.8889867231596
5377.4 3489.6253045681337
5395.35 3454.087664742266
5413.36 3427.6909096580034
5431.44 3384.093902839927
5449.57 3360.9905684727687
5467.76 3332.592966119164
5486.02 3288.65325076193
5504.33 3263.05481093685
5522.71 3229.793052918573
5541.15 3211.7641431207358
5559.65 3178.8236283674996
5578.21 3145.5856129375857
5596.83 3100.520879804876
5615.52 3089.243585830151
5634.26 3057.487338569666
5653.07 3025.9041694721855
5671.95 3000.6579623303796
5690.88 2970.354415339242
5709.88 2931.2660444749317
5728.95 2923.8560641251916
5748.07 2889.7991323205406
5767.26 2867.1257779039247
5786.52 2834.34282581574
5805.83 2812.4080675983378
5825.22 2789.1952770613852
5844.66 2760.1305666316803
5864.18 2725.717579540726
5883.76 2678.7062064001957
5903.4 2676.1727769236354
5923.11 2650.9205380581934
5942.88 2629.4298494222203
5962.72 2605.3446707272183
5982.63 2579.1412221714168
6002.6 2553.0860835238345
6022.64 2526.7277859231594
6042.75 2512.532780207552
6062.92 2483.7681119657004
6083.16 2457.8187437205615
6103.47 2432.894912454826
6123.85 2408.5480736626205
6144.29 2379.5243860692353
6164.81 2355.461709226971
6185.39 2339.797763455976
6206.04 2321.177837298102
6226.76 2289.6974194295485
6247.55 2261.4140059046567
6268.4 2247.885127028887
6289.33 2233.9898877364367
6310.33 2206.097048778734
6331.39 2189.838167659432
6352.53 2166.885553616502
6373.74 2149.547341201035
6395.02 2128.936221720707
6416.37 2108.019642795121
6437.79 2092.2324403185994
6459.28 2065.284962277712
6480.85 2053.0161130296347
6502.48 2023.0240933983696
6524.19 2008.8718285771063
6545.97 1958.2243415802095
6567.83 1742.4490126128749
6589.76 1935.4161878194434
6611.76 1936.7051975132663
6633.83 1921.7479258931355
6655.98 1904.8465129404713
6678.2 1879.5799211902488
6700.49 1872.9258699563798
6722.86 1852.6915935449497
6745.31 1834.962181816308
6767.83 1818.523811118367
6790.42 1803.7602274689737
6813.09 1784.3363635757257
6835.84 1768.5617352946667
6858.66 1752.8738660145348
6881.56 1738.0515205533627
6904.53 1723.699562604239
6927.58 1703.5994316292313
6950.71 1684.7740823700458
6973.91 1668.3708532841351
6997.2 1652.8239049049075
7020.56 1634.682091772393
7044.0 1623.515076175912
7067.51 1604.0339817221773
7091.11 1593.0062707433447
7114.78 1575.6097226692193
7138.53 1560.9484529637143
7162.37 1547.1160121349515
7186.28 1528.8692419486283
7210.27 1516.3220114997957
7234.34 1506.4438130974713
7258.49 1490.685980540212
7282.73 1473.5371985099403
7307.04 1462.009425177327
7331.44 1449.4397330763236
7355.91 1436.2084893052024
7380.47 1422.683213014386
7405.11 1407.416408561662
7429.83 1396.9418202388053
7454.64 1382.912051318204
7479.52 1375.435182440739
7504.49 1357.2396522666616
7529.55 1348.793242311023
7554.69 1338.964623037146
7579.91 1323.1550894580762
7605.21 1315.9242092808197
7630.6 1300.619003629459
7656.08 1284.6976060735942
7681.64 1279.0223674466822
7707.28 1260.4598663882098
7733.01 1254.1791249674231
7758.83 1242.3792291328696
7784.73 1227.5355276038283
7810.72 1221.0405284842454
7836.8 1209.083507112905
7862.96 1197.8777349827242
7889.21 1179.914396422855
7915.55 1166.4741642412228
7941.98 1153.1100161566856
7968.49 1148.2612118720083
7995.1 1137.3750260418662
8021.79 1128.2262429916714
8048.57 1117.4547876561307
8075.44 1104.077998020327
8102.4 1093.1014449474126
8129.45 1084.1707705444712
8156.59 1075.6172078003533
8183.82 1064.1508422183695
8211.14 1057.6622539361474
8238.56 1057.080235570723
8266.06 1048.3574845360874
8293.66 1037.7342919571117
8321.35 1022.3222671094475
8349.13 1012.4779529408747
8377.0 1001.4038958849821
8404.97 991.0314914910041
8433.03 982.3120883940032
8461.18 976.818876283024
8489.43 972.9347205891327
8517.77 969.066090114385
8546.21 913.5995835756164
8574.74 983.9566736000224
8603.37 934.4148497272323
8632.09 981.1583817000785
8660.91 890.6314742152204
8689.83 957.9256234494517
8718.84 962.7587580969362
8747.94 889.4572006738488
8777.15 940.1220787026436
8806.45 937.6050097033768
8835.85 924.7447029797895
8865.35 855.8341608437959
8894.95 912.2507232015153
8924.65 908.009423462716
8954.44 901.3842846009525
8984.34 886.7093596594673
9014.33 813.9417591909381
9044.42 868.6268559737749
9074.62 865.143330970215
9104.92 854.8793170474299
9135.31 848.5024573514323
9165.81 833.9416037774296
9196.41 819.7608812873704
9227.11 754.0725782613684
9257.92 797.1739543079669
9288.83 804.0763385974167
9319.84 799.6694162562507
9350.95 790.105967521258
9382.17 782.8901330986055
9413.49 771.4282092490788
9444.92 765.728719045628
9476.45 759.775199086584
9508.09 751.0237286976363
9539.83 700.0329804091565
9571.68 728.6127442051387
9603.64 733.7495313014946
9635.7 724.8883112475725
9667.87 719.9724649700454
9700.14 714.5273114114104
9732.53 706.8987381132162
9765.02 702.3433272209824
9797.62 694.7906591921485
9830.33 692.2051742927736
9863.15 685.266131687911
9896.08 678.909137469296
9929.12 673.1286118119308
9962.27 667.1090845552579
9995.53 659.776824333182
10028.9 642.5633191715915
10062.4 611.0223075690902
10096.0 640.1575121633181
10129.7 636.4347255050664
10163.5 630.3487311770753
10197.4 625.879461778485
10231.5 619.5875625862052
10265.6 615.1714503606685
10299.9 608.6837150433125
10334.3 600.4114242054003
10368.8 596.5979486541339
10403.4 591.252901454516
10438.1 586.7106812451436
10473.0 580.3897753897709
10508.0 575.8970731414248
10543.0 570.6688864229366
10578.2 563.9390719301734
10613.5 559.2759269134674
10649.0 554.1281505571428
10684.5 546.7490471703553
10720.2 542.9211820695583
10756.0 538.8636621647265
10791.9 533.3327811241145
10827.9 526.0949546839165
10864.1 521.6187552973835
10900.3 513.2244068595785
10936.7 479.54650415214337
10973.3 492.408001528612
11009.9 491.99253033337334
11046.6 491.088412873056
11083.5 487.99746089153365
11120.5 482.9878076947569
11157.7 480.89541579825124
11194.9 476.414436319018
11232.3 472.91253213306203
11269.8 467.99778987705395
11307.4 463.349409885858
11345.2 460.3832205242009
11383.0 455.31021732941196
11421.0 451.91136199904673
11459.2 448.9966368977701
11497.4 445.3994951693989
11535.8 442.51796597621836
11574.3 438.4898880720894
11613.0 430.77544081442716
11651.7 429.11383118937533
11690.6 425.84547314933894
11729.7 423.96736095401127
11768.8 417.30252070578285
11808.1 416.8247368261624
11847.5 410.2171873236512
11887.1 405.9092421031106
11926.8 405.6856481493256
11966.6 399.1669764383639
12006.5 396.27239987393835
12046.6 393.3904668475384
12086.8 389.8568624316261
12127.2 387.4492123734323
12167.7 384.8333443824964
12208.3 380.90986269493123
12249.1 377.8845252523815
12289.9 374.00389999630363
12331.0 371.2305214016452
12372.1 368.2581793660013
12413.5 364.21336818149865
12454.9 361.4911139198346
12496.5 358.78115501134425
12538.2 355.22829937340185
12580.1 351.69340647593515
12622.1 348.8184758747221
12664.2 346.17225826956656
12706.5 343.5381688125416
12748.9 340.0750262078206
12791.5 333.4756480158496
12834.2 319.3732822034467
12877.0 330.6348566955538
12920.0 327.03639643686324
12963.1 325.7415799195852
13006.4 323.62320381597414
13049.8 320.69202074620347
13093.4 317.9808295678909
13137.1 313.64738922022804
13181.0 312.8068192272024
13225.0 310.34251138547233
13269.1 306.6760622845407
13313.4 302.62531197360045
13357.9 302.825236922085
13402.5 299.40939560359226
13447.2 297.81409681205395
13492.1 294.82957060532266
13537.2 292.85392939607783
13582.3 289.3072482574758
13627.7 286.5671927199184
13673.2 285.02347879817006
13718.8 282.70373933159277
13764.6 280.9814880132705
13810.6 278.8771223592948
13856.7 275.2319414964246
13903.0 273.54155034875316
13949.4 271.6676228336148
13995.9 268.2668469296119
14042.7 267.56432383023576
14089.6 263.0467686368381
14136.6 259.6988933953371
14183.8 258.0761930609379
14231.1 254.9505167860079
14278.7 253.72387996217867
14326.3 252.50539428872537
14374.2 251.289734077804
14422.1 247.47129881515212
14470.3 247.5763222037895
14518.6 244.71494598582632
14567.1 242.4231230869724
14615.7 240.32888641388033
14664.5 238.79550178489276
14713.5 237.0862676712591
14762.6 235.5689736324414
14811.9 234.60332319537548
14861.3 232.01370605200108
14910.9 232.14380931359563
14960.7 229.9328632901208
15010.7 227.37520000649752
15060.8 224.4758649628943
15111.0 225.15403649677327
15161.5 223.51711960948793
15212.1 221.35919895935925
15262.9 219.91757799991336
15313.9 219.53644309237183
15365.0 216.8808262594596
15416.3 215.4612732135341
15467.7 215.09304944233475
15519.4 214.20320331652667
15571.2 207.79063093168642
15623.2 210.7142189721779
15675.3 208.46964843210975
15727.7 204.6969403352867
15780.2 204.52724112732298
15832.9 204.69583001098164
15885.7 194.8728713441138
15938.8 202.9983105606116
15992.0 199.63209075939912
16045.4 199.47057083964276
16098.9 192.1250771793409
16152.7 196.31392008486063
16206.6 192.17596185949392
16260.7 193.8522256602633
16315.0 192.5476320293627
16369.5 189.2777140181366
16424.1 179.15055532512673
16478.9 186.06258499751274
16534.0 184.14117536264246
16589.2 183.04206902803253
16644.5 178.8789696733747
16700.1 177.9613221544236
16755.9 175.6030195761143
16811.8 168.4599136355895
16867.9 170.6102727847963
16924.2 170.5194763848666
16980.7 168.84337813352067
17037.4 167.01857164839072
17094.3 163.78790405892195
17151.4 163.39943885998383
17208.6 161.13709977961315
17266.1 159.51007605113875
17323.7 155.2225791970583
17381.6 150.58952598291972
17439.6 153.49700350621225
17497.8 152.00271528828043
17556.2 150.25618393335805
17614.9 148.15225517201307
17673.7 147.27890828506474
17732.7 145.05981458202044
17791.9 143.17128570122944
17851.3 141.56489685638977
17910.9 140.25291115040352
17970.7 138.24466064450326
18030.7 136.03938757410475
18090.9 134.8730832877668
18151.2 130.4242774646205
18211.8 130.38903221259315
18272.6 130.47034699110947
18333.7 129.287359843097
18394.9 126.83948487327233
18456.3 125.2808534369031
18517.9 124.5590981665982
18579.7 123.03014880015694
18641.7 121.68316559947537
18704.0 119.63858002761896
18766.4 114.1673052960974
18829.1 117.41529482288622
18891.9 115.54437762952108
18955.0 114.56379029504716
19018.3 113.33395945959586
19081.8 112.25206241795549
19145.5 110.76878759542608
19209.4 109.71425151725774
19273.5 108.17716438127736
19337.9 106.45389716966734
19402.4 104.85242610702953
19467.2 100.28955932973136
19532.2 102.37931692368643
19597.4 101.86029047299748
19662.8 100.61871718565594
19728.5 99.09757339343814
19794.4 97.54477887251768
19860.4 96.55704271321547
19926.7 95.37195121750608
19993.3 61.71935004379262
20060.0 13.876880181965314
20127.0 13.697056150520515
20194.2 13.531609995132186
20261.6 13.367129347429143
20329.2 13.199640437832347
20397.1 13.048893267608442
20465.2 12.868793408698199
20533.5 12.704172852684707
20602.1 12.54307216350209
20670.9 12.386824366042713
20739.9 12.231495260651123
20809.1 12.07966517873902
20878.6 11.929958352499929
20948.3 11.781132418674158
21018.2 11.634462499491185
21088.4 11.486050711354372
21158.8 11.342329950427546
21229.4 11.201990703225766
21300.3 11.059900591486596
21371.4 10.918651080538604
21442.8 10.786967585763632
21514.4 10.651058579419093
21586.2 10.512215852481443
21658.3 10.151864527042596
21730.6 10.248045298343321
21803.1 10.146121934055047
21875.9 10.068096257034652
21948.9 9.916974531430478
22022.2 9.75450867514121
22095.7 9.627116517915724
22169.5 9.512572348271092
22243.5 9.389030571645003
22317.8 9.271003999414063
22392.3 9.152477812586191
22467.0 9.039445741744437
22542.1 8.924618145185978
22617.3 8.815270814543261
22692.8 8.701792277929291
22768.6 8.594859472293127
22844.6 8.495625968309124
22920.9 8.368778732786602
22997.4 8.263752686503164
23074.2 8.170973136217814
23151.2 8.076415879119542
23228.5 7.945330465714286
23306.0 7.8554383722243415
23383.8 7.7717934231695285
23461.9 7.69433668031138
23540.2 7.556774445300962
23618.8 7.467857135180574
23697.7 7.3805711982436755
23776.8 7.293803205849204
23856.2 7.172570324668438
23935.8 7.093658210634
24015.7 7.007342134737796
24095.9 6.934906639278693
24176.4 6.807242749922219
24257.1 6.7557678419497025
24338.0 6.662585793466656
24419.3 6.607361507036735
24500.8 6.467923734264819
24582.6 6.442024974417985
24664.7 6.326802890391832
24747.0 6.266636401160392
24829.7 6.1970199289803025
24912.5 6.087895656295835
24995.7 6.022439150246519
25079.2 5.984156425457681
25162.9 5.901188301555328
25246.9 5.747325663913086
25331.2 5.756866610251221
25415.8 5.692200345251996
25500.6 5.617371938748336
25585.7 5.529308967020846
25671.2 5.397741739541261
25756.9 5.416329461315447
25842.9 5.345227392232294
25929.1 5.281817238503956
26015.7 5.214611755621335
26102.6 5.058149731596696
26189.7 5.0526241838559685
26277.1 4.912993854629899
26364.9 4.957840583606005
26452.9 4.900677970250325
26541.2 4.83674617742027
26629.8 4.773184590536125
26718.7 4.636508147425643
26807.9 4.631113476605453
26897.4 4.60070459870421
26987.2 4.543538181194549
27077.3 4.485707942106248
27167.7 4.430192363145477
27258.4 4.374996862165837
27349.4 4.318153251073926
27440.7 4.263600342861337
27532.3 4.172242048593246
27624.2 4.101891483389169
27716.5 4.105698512835485
27809.0 4.05625707241492
27901.8 4.005172486233661
27995.0 3.9543700813003113
28088.5 3.9048206507537624
28182.2 3.856526990244866
28276.3 3.807548348517086
28370.7 3.7598028763109643
28465.4 3.712334959590847
28560.5 3.664188791562897
28655.8 3.6088283356050477
28751.5 3.5060773430949426
28847.5 3.526109216221562
28943.8 3.4837125188496754
29040.4 3.440635305234224
29137.4 3.396874016215576
29234.6 3.3543001811251894
29332.2 3.311963343703002
29430.2 3.269862872328695
29528.4 3.22893082907769
29627.0 3.1882270861534203
29725.9 3.147761604176732
29825.2 3.1084245916477946
29924.7 3.0693281333490563
30024.6 3.0277630687498345
30124.9 2.9891124450273017
30225.4 2.9515886515813405
30326.3 2.914275126336227
30427.6 2.8762873254882746
30529.2 2.8385237309278892
30631.1 2.8018612723848437
30733.4 2.76803132663851
30836.0 2.734399245287217
30938.9 2.7009640381927356
31042.2 2.667716123045591
31145.8 2.6346633763900895
31249.8 2.600935816192362
31354.2 2.5682570508069955
31458.8 2.535779062646296
31563.9 2.503476678406088
31669.2 2.4722223597752233
31775.0 2.4411367799479176
31881.0 2.410242401728198
31987.5 2.3795155869057685
32094.3 2.3498087615522643
32201.4 2.3194421411037536
32308.9 2.290080957948955
32416.8 2.260056930015565
32525.0 2.2310384623725485
32633.6 2.1889986921153066
32742.5 2.158718145302853
32851.9 2.131062040411794
32961.5 2.1043927276160592
33071.6 2.0770555118029455
33182.0 2.0506917277456096
33292.8 2.0260941735793105
33403.9 2.001641823087357
33515.4 1.9773279891128928
33627.3 1.9523523448303537
33739.6 1.927519517845892
33852.2 1.9036290910605438
33965.2 1.8790830684170634
34078.6 1.8554672852607121
34192.4 1.8312001189295055
34306.6 1.8078568595713858
34421.1 1.7846529405120166
34536.0 1.7623612519061742
34651.3 1.739421129594506
34767.0 1.7173870121981065
34883.1 1.69547961959416
34999.5 1.6737032238585834
35116.4 1.6520476714188228
35233.6 1.6305219368382853
35351.2 1.6098815387326553
35469.3 1.5893556058424125
35587.7 1.5689526810826977
35706.5 1.548667717833648
35825.7 1.5292509588975114
35945.3 1.5091979373224038
36065.3 1.4900071489155065
36185.7 1.4709273839978176
36306.5 1.4519581686606322
36427.7 1.4330990279876212
36549.3 1.4150853599455817
36671.4 1.396438684031874
36793.8 1.3779045319851135
36916.6 1.360207106109129
37039.9 1.341882776809216
37163.5 1.3243930670999793
37287.6 1.3070017816540747
37412.1 1.2897120856097055
37537.0 1.2739565428416555
37662.3 1.2575780105349004
37788.1 1.2420034226853676
37914.2 1.2265224841190185
38040.8 1.2118352839866828
38167.8 1.1965283013872676
38295.2 1.1813105071209267
38423.1 1.1661784541826572
38551.3 1.1525331685231874
38680.0 1.1375729361503701
38809.2 1.1226974635113496
38938.7 1.1079121704502979
39068.7 1.0938993244005646
39199.2 1.0799656482505682
39330.0 1.0668001529541309
39461.3 1.0530270142996123
39593.1 1.039332101378185
39725.3 1.0263947761214876
39857.9 1.0128583117413175
39991.0 0.9987265768338527
40124.5 0.9853490869134303
40258.4 0.9727187373229
40392.8 0.9601602412168143
40527.7 0.9476733485543185
40663.0 0.9359215359927731
40798.7 0.9248978359857152
40935.0 0.9132767946964622
41071.6 0.9017262984828681
41208.7 0.8902415774008461
41346.3 0.8788223937935806
41484.3 0.8674705994888865
41622.8 0.8555376180160662
41761.8 0.8443177118090792
41901.2 0.8338061759564086
42041.1 0.8233545569202738
42181.5 0.8129626302027475
42322.3 0.8032675630091093
42463.6 0.7929940632658722
42605.4 0.7827795215595429
42747.6 0.7719963431332341
42890.3 0.7619028731596303
43033.5 0.7518676083431457
43177.2 0.7412674044056596
43321.3 0.7313516190986951
43465.9 0.7208745049873484
43611.1 0.7116905270074094
43756.7 0.7019464142709365
43902.7 0.6922606260727779
44049.3 0.6838509092633837
44196.4 0.6748807924052368
44343.9 0.666570705837534
44492.0 0.6570978298468328
44640.5 0.6482845004332058
44789.5 0.6413239454982239
44939.1 0.6332040945640416
45089.1 0.6245360790538326
45239.6 0.6165132536803238
45390.7 0.6085355868124218
45542.2 0.6006055818440219
45694.2 0.5927216758053985
45846.8 0.584765063932485
45999.9 0.5769134418753383
46153.4 0.5690507041612146
46307.5 0.5614070637774251
46462.1 0.553808167136484
46617.2 0.5464268978119029
46772.9 0.5397201960844362
46929.0 0.5331107653158411
47085.7 0.5265955697565332
47242.9 0.520231951613484
47400.6 0.5139051217679975
47558.9 0.50761384646978
47717.6 0.5012473820194163
47876.9 0.494860745418335
48036.8 0.48856635612066507
48197.2 0.48230872849616263
48358.1 0.47614330856179266
48519.5 0.47001393687999266
48681.5 0.46402998727962325
48844.0 0.45802597808837225
49007.1 0.4521111326532815
49170.7 0.446340386428792
49334.8 0.44060344805078294
49499.6 0.43489839794296004
49664.8 0.4293360614229052
49830.6 0.42380550320275634
49997.0 0.41830660624505944
50163.9 0.41289369136534243
50331.4 0.40756525476021455
50499.4 0.40226818303969203
50668.0 0.39694845532569445
50837.2 0.39171229638136346
51006.9 0.3865070877225436
51177.2 0.3815421449619394
51348.0 0.3751398509171492
51519.4 0.37028965633515964
51691.4 0.36572754099979815
51864.0 0.36124336480774727
52037.2 0.3567331363838243
52210.9 0.35224945857810697
52385.2 0.34779153175169747
52560.1 0.34341042366112434
52735.6 0.339054518545785
52911.6 0.3347243464150609
53088.3 0.33046919103900235
53265.5 0.3262392051421015
53443.3 0.32208398013719286
53621.8 0.3179521606853084
53800.8 0.3138948330008774
53980.4 0.3099107946606626
54160.6 0.30594978986361415
54341.4 0.3021107084523307
54522.9 0.298243929585312
54704.9 0.2944001185356803
54887.5 0.29062762391959485
55070.8 0.2869253386295402
55254.6 0.28319637825636074
55439.1 0.2796341565309362
55624.2 0.276140940453494
55809.9 0.2726679645118923
55996.2 0.2692151389782034
56183.1 0.2657823740215526
56370.7 0.2624168264335551
56558.9 0.2590233036794743
56747.7 0.2556495869104128
56937.2 0.2522951426440895
57127.3 0.24914865918096699
57318.0 0.2459735481383503
57509.3 0.24286372871983786
57701.3 0.23981823292110016
57894.0 0.23679007448842335
58087.3 0.23377959281314992
58281.2 0.23050981632062492
58475.8 0.22707502596016013
58671.0 0.22402746565775666
58866.9 0.22104317773621587
59063.4 0.21812200802294737
59260.6 0.21521766870138093
59458.4 0.21246615531116972
59656.9 0.20982059501381478
59856.1 0.20719015873746607
60055.9 0.20461991300505586
60256.4 0.20210900043453847
60457.6 0.19956794425876012
60659.4 0.19704179599292287
60861.9 0.1945301624314686
61065.1 0.19203298555021592
61269.0 0.18955020710240383
61473.5 0.18708207295813434
61678.8 0.1846715168313142
61884.7 0.18223172650703573
62091.3 0.17984940669165153
62298.6 0.1774808937288596
62506.6 0.17512612982309264
62715.3 0.17282794236896273
62924.6 0.17054337352489005
63134.7 0.16839962130623062
63345.5 0.16626825237563295
63557.0 0.1641492139408537
63769.1 0.16204270720485345
63982.0 0.15999020313375475
64195.7 0.15794934479709352
64410.0 0.15592057647380306
64625.0 0.1539452143113846
64840.8 0.15193959747196378
65057.2 0.1499872450083263
65274.4 0.14804602325186078
65492.3 0.1461161157013395
65711.0 0.1442381822807614
65930.4 0.14281993052902855
66150.5 0.14104366548813285
66371.3 0.13923718945818003
66592.9 0.1374410417852155
66815.2 0.13565538725187756
67038.3 0.1338799777011741
67262.1 0.13211497095597063
67486.7 0.1303999785744341
67712.0 0.128734753773181
67938.0 0.12711885289865313
68164.8 0.12547273727288955
68392.4 0.12391474183837427
68620.7 0.12236583330911212
68849.8 0.12082579304227975
69079.7 0.11933352057346537
69310.3 0.11781115287636293
69541.7 0.11629754373641053
69773.9 0.11483120497221457
70006.8 0.11337345983486266
70240.5 0.1119241070795869
70475.0 0.11048311257439071
70710.3 0.10908847850094461
70946.4 0.10766397106409636
71183.3 0.10628550291103339
71420.9 0.1049528091824777
71659.3 0.10359026353880067
71898.6 0.10227288183608353
72138.6 0.10096326061156848
72379.4 0.0996612229712812
72621.1 0.09840363667322724
72863.5 0.09715346032640017
73106.8 0.09591039374962675
73350.9 0.09467454102209745
73595.7 0.09340945246844073
73841.5 0.09207865707478974
74088.0 0.09090104390696656
74335.3 0.08962173050548658
74583.5 0.08834983483357117
74832.5 0.08719326884576765
75082.3 0.08604345731939698
75333.0 0.08493595937228188
75584.5 0.08387050448968715
75836.8 0.0828112429033056
76090.0 0.08175803896725002
76344.0 0.08071097537758963
76598.9 0.07966991984787446
76854.6 0.07859995596015464
77111.2 0.07757106223925901
77368.7 0.0765133399739675
77627.0 0.0754965046395268
77886.1 0.0744856487211607
78146.1 0.07351506692437038
78407.0 0.0725500893784469
78668.8 0.0715906934440748
78931.4 0.07067102063613817
79195.0 0.06972260476995545
79459.4 0.06881363738692547
79724.6 0.06791001764083743
79990.8 0.06697792844834723
80257.8 0.06608487564762675
80525.8 0.06523033554322763
80794.6 0.06434753817350272
81064.4 0.06346981241505428
81335.0 0.0626303618697199
81606.5 0.061795796950100915
81879.0 0.0609660221173091
82152.3 0.06020664400990951
82426.6 0.059516840086389834
82701.8 0.05876592923995558
82977.9 0.05801937000778635
83254.9 0.05727714330713547
83532.9 0.05653916234290166
83811.7 0.055837635045395864
84091.5 0.05510811999888622
84372.3 0.05438279895935607
84654.0 0.053693490581653715
84936.6 0.05300819287280334
85220.2 0.05229526603448813
85504.7 0.051617980690805546
85790.1 0.05094465301513758
86076.5 0.050275206353590014
86363.9 0.049609625349893015
86652.2 0.04894795107125336
86941.5 0.04832104502666727
87231.8 0.047697750436830666
87523.0 0.04707810651971548
87815.2 0.04649267068347267
88108.4 0.04591059685888654
88402.5 0.04533192262616724
88697.7 0.04475653086424993
88993.8 0.04418450954241993
89290.9 0.04364591498465285
89589.0 0.043080390315567416
89888.1 0.042518143621453786
90188.2 0.041988982712223205
90489.3 0.04143315097281954
90791.4 0.04091017930455624
91094.5 0.04041975800522878
91398.6 0.03996157933722877
91703.8 0.039447307856365445
92009.9 0.03896529854389791
92317.1 0.038456893116022066
92625.3 0.037980487402218904
92934.5 0.0375068379565433
93244.8 0.03703589287947424
93556.1 0.03656768096001891
93868.4 0.03610218996977952
94181.8 0.03566792701523623
94496.2 0.03523617169968633
94811.7 0.03477850856448651
95128.3 0.03438003041551828
95445.8 0.03395569639503123
95764.5 0.03353375589686361
96084.2 0.03311426984030173
96405.0 0.03272509157307755
96726.8 0.03231035465565764
97049.8 0.031925687014500666
97373.8 0.03151562637202421
97698.9 0.031135464433450458
98025.0 0.030757510360114815
98352.3 0.030354345680320426
98680.6 0.02998080716541651
99010.1 0.02963655156180349
99340.6 0.02926721059367813
99672.3 0.02889997108138734
100005.0 0.028561776729534357
100339.0 0.028171849843444792
100674.0 0.02781094988134403
101010.0 0.027425545272336926
101347.0 0.027068967555741907
101686.0 0.026714227934866126
102025.0 0.02635657334218161
102366.0 0.026006034446487122
102707.0 0.025663060575460896
103050.0 0.025321865142150644
103394.0 0.024987894430384013
103740.0 0.024655663298357677
104086.0 0.024330808925982994
104433.0 0.024007877253053218
104782.0 0.02368919918685668
105132.0 0.023374972890815325
105483.0 0.023065162987856307
105835.0 0.022759734319173868
106188.0 0.022458651943932987
106543.0 0.022161673130152285
106899.0 0.02186897823852556
107255.0 0.021578226368322906
107613.0 0.021294001161667655
107973.0 0.021011271566841804
108333.0 0.02073290372733653
108695.0 0.02045847785851563
109058.0 0.020188154916650172
109422.0 0.019919443502848716
109787.0 0.019657234540511444
110154.0 0.019396411115615835
110521.0 0.019139753425057995
110890.0 0.01888445402247382
111261.0 0.018635347860212908
111632.0 0.018387897466659874
112005.0 0.01814416372886989
112379.0 0.01790428197115865
112754.0 0.017668220245423437
113130.0 0.017433569411014854
113508.0 0.017202539610552705
113887.0 0.016975256012468427
114267.0 0.01674933355097594
114649.0 0.016529312298480432
115031.0 0.01630841423456919
115415.0 0.0160933603377959
115801.0 0.015879458458534026
116187.0 0.01566929270277702
116575.0 0.015462560671578623
116964.0 0.01525706977635001
117355.0 0.015054976482327955
117747.0 0.014856383411696783
118140.0 0.014658984171919123
118534.0 0.014465040910581433
118930.0 0.014274404147398162
119327.0 0.014084914656408582
119725.0 0.013898812227114976
120125.0 0.01371371468534788
120526.0 0.013531965019948869
120929.0 0.013353424010304975
121332.0 0.013176069036115644
121737.0 0.013001884071142432
122144.0 0.012830846138805172
122552.0 0.012660840952312255
122961.0 0.01249186237910658
123371.0 0.012326084382373058
123783.0 0.012163380911829887
124196.0 0.012001660298885079
124611.0 0.011842980012057467
125027.0 0.011687410869776328
125444.0 0.011532781602536244
125863.0 0.01137899614566305
126283.0 0.01122827209636681
126705.0 0.011080495127581873
127128.0 0.010933613249127122
127552.0 0.010787621010488304
127978.0 0.01064453141833319
128406.0 0.010504322269301716
128834.0 0.01036504469913584
129264.0 0.010228611902431052
129696.0 0.010092928148464318
130129.0 0.009958068757391582
130563.0 0.00982608860281136
130999.0 0.00969688806706906
131437.0 0.00956839910791558
131875.0 0.00944076365646423
132316.0 0.009315794745731508
132757.0 0.009193682025709153
133201.0 0.009072173570753447
133645.0 0.008951472474905832
134091.0 0.008833444770719281
134539.0 0.008716070036140071
134988.0 0.008601403140759536
135439.0 0.008487371198380434
135891.0 0.00837403454467218
136345.0 0.008263300785606486
136800.0 0.008153242418983811
137257.0 0.00804575604123159
137715.0 0.007938925396548403
138175.0 0.007834636090109441
138636.0 0.007730983096137227
139099.0 0.0076279074851817
139563.0 0.007527388998354635
140029.0 0.0074274305913306984
140497.0 0.007328030959874766
140966.0 0.007231148007295895
141436.0 0.007136758752752421
141909.0 0.007040950575236523
142382.0 0.006947667936530303
142858.0 0.006856741756343681
143335.0 0.006766372285320636
143813.0 0.006676555869115596
144293.0 0.006587243226586244
144775.0 0.006500290805134636
145258.0 0.006413871289243445
145743.0 0.006329783158596651
146230.0 0.006246167394062635
146718.0 0.006163064717241284
147208.0 0.00608043041366389
147699.0 0.006000124768725118
148192.0 0.005920271378328307
148687.0 0.005842677844797429
149183.0 0.005765560588817509
149682.0 0.005688840407889588
150181.0 0.005614420940576812
150683.0 0.005538599151124766
151186.0 0.005465023727276135
151690.0 0.005393673777479573
152197.0 0.005322691468161547
152705.0 0.0052521461082066035
153215.0 0.005182000910665379
153726.0 0.0051140374714256035
154240.0 0.005046426213285456
154754.0 0.004979264083267153
155271.0 0.004912451705384143
155789.0 0.004847778086272763
156310.0 0.004783441314170517
156831.0 0.004719532001668291
157355.0 0.004657666369801758
157880.0 0.004596182289629285
158407.0 0.004535048502611548
158936.0 0.004475956065023487
159467.0 0.00441551368883273
159999.0 0.004357126272129667
160533.0 0.0042990722867688284
161069.0 0.00424302040206443
161607.0 0.004187288513915679
162147.0 0.004131875499371722
162688.0 0.004076805285730245
163231.0 0.004022050836257436
163776.0 0.00396925323925522
164323.0 0.003916758195574496
164871.0 0.003864588044170977
165422.0 0.003814320287631078
165974.0 0.003762743134946639
166528.0 0.0037130784268689255
167084.0 0.00366369921392607
167642.0 0.003616208774534355
168202.0 0.003567391984462036
168763.0 0.003520472013956543
169327.0 0.0034738014044553606
169892.0 0.0034274204926251837
170459.0 0.0033828852157105948
171028.0 0.0033370336021334352
171599.0 0.0032930150616111496
172172.0 0.0032492507504655013
172747.0 0.0032072965990248784
173324.0 0.0031640325300794185
173902.0 0.003122584211947474
174483.0 0.0030813575248516702
175065.0 0.0030403871155930554
175650.0 0.00299963698134872
176236.0 0.0029606667076384893
176825.0 0.002920384127074685
177415.0 0.0028818687562125822
178007.0 0.0028435767553912457
178602.0 0.002806997381559408
179198.0 0.002769144568883289
179796.0 0.0027330082276529593
180396.0 0.0026970815657965555
180999.0 0.002661348985285992
181603.0 0.0026258392418193714
182209.0 0.002590536486542746
182817.0 0.002556910999806806
183428.0 0.0025220008782520925
184040.0 0.0024887704448556757
184655.0 0.0024557203880016913
185271.0 0.00242432836521925
185890.0 0.00239165891725079
186510.0 0.0023591936716688814
187133.0 0.0023283434990570696
187758.0 0.0022976735814992173
188385.0 0.0022671831017395954
189013.0 0.002236883076440758
189644.0 0.002208167039106169
190278.0 0.0021781936023625107
190913.0 0.002149816782027872
191550.0 0.0021216059532458385
192190.0 0.0020935494530474725
192831.0 0.002065668478710098
193475.0 0.0020379406510148607
194121.0 0.0020103760875539146
194769.0 0.001984354914077068
195419.0 0.001958486268109547
196072.0 0.0019327595668709589
196726.0 0.0019071939629908895
197383.0 0.0018817691763280968
198042.0 0.0018564943350349512
198703.0 0.0018313687104211556
199367.0 0.0018077315672378462
200032.0 0.0017842424305321175
200700.0 0.0017595425392726634
201370.0 0.0017363249249178943
202042.0 0.001713244338451457
202717.0 0.0016916185216778656
203394.0 0.001668797478576874
204073.0 0.0016461117191218708
204754.0 0.001624874122536899
205438.0 0.0016037539078236878
206123.0 0.001581461349845362
206812.0 0.0015605867988498648
207502.0 0.0015398434534284048
208195.0 0.0015205075637442459
208890.0 0.0014999980442495853
209587.0 0.0014796104276164957
210287.0 0.0014606161420025532
210989.0 0.001440459483114539
211693.0 0.0014216935932850206
212400.0 0.0014030322872114799
213109.0 0.0013844818086713876
213821.0 0.0013660351870236462
214535.0 0.0013476984440068777
215251.0 0.0013307205001431709
215969.0 0.0013125976151056407
216690.0 0.001295818113563396
217414.0 0.0012778951814900817
218140.0 0.0012613126234518515
218868.0 0.0012448287020993887
219599.0 0.0012284372928036613
220332.0 0.0012116553703563054
221067.0 0.001195703904693245
221805.0 0.0011798421998435462
222546.0 0.0011641908587297048
223289.0 0.0011487535625602288
224034.0 0.0011335285951563068
224782.0 0.0011185092757296938
225533.0 0.0011036941574846392
226286.0 0.001089086609405713
227041.0 0.0010746849522556107
227799.0 0.0010604828628187045
228560.0 0.0010464789147816634
229323.0 0.0010325589053769397
230088.0 0.0010188392555287623
230857.0 0.0010054261241401463
231627.0 0.0009920977729502244
232401.0 0.0009789566251554361
233176.0 0.0009660139212588016
233955.0 0.0009531406704884962
234736.0 0.000940574008124037
235520.0 0.0009280788687919145
236306.0 0.0009157727085128032
237095.0 0.0009036501478768773
237886.0 0.0008917135671582057
238681.0 0.0008799540438334541
239477.0 0.0008682689721160209
240277.0 0.00085675899818847
241079.0 0.000845429965501436
241884.0 0.00083416571372439
242691.0 0.0008231910523673064
243502.0 0.0008122757919098718
244315.0 0.0008015365235302303
245130.0 0.0007908620389627494
245949.0 0.0007804643191139762
246770.0 0.0007701293756639294
247594.0 0.000759853765613918
248420.0 0.0007498568223186979
249250.0 0.0007399142642223046
250082.0 0.0007301394126226394
250917.0 0.0007204207718790692
251754.0 0.0007108677864929768
252595.0 0.0007014734824403187
253438.0 0.0006921360643363337
254284.0 0.0006830640417631669
255133.0 0.0006739388399189894
255985.0 0.0006650765108915441
256840.0 0.000656265313954572
257697.0 0.0006475075605521704
258557.0 0.0006390084962824715
259421.0 0.0006304523845097904
260287.0 0.0006221549583985971
261156.0 0.0006139055096244274
262027.0 0.0006058088004646287
262902.0 0.0005977566463823536
263780.0 0.000589853168580517
264661.0 0.0005819955330370703
265544.0 0.000574286997270382
266431.0 0.0005667219982295436
267320.0 0.0005592030189189914
268213.0 0.0005518259331115231
269108.0 0.0005444937607869597
270006.0 0.0005373038400300747
270908.0 0.0005301537580450319
271812.0 0.0005231462319943699
272720.0 0.000516177592172352
273630.0 0.0005093497713581148
274544.0 0.0005026578566979613
275460.0 0.0004960067497344412
276380.0 0.0004893926476388064
277303.0 0.00048291419963023983
278228.0 0.0004765719780856077
279157.0 0.0004702650491928934
280089.0 0.00046399498857962497
281024.0 0.0004578573361994123
281963.0 0.0004517539809830676
282904.0 0.00044578306105548423
283848.0 0.0004399418355698815
284796.0 0.00043403879797381895
285747.0 0.00042835868169687776
286701.0 0.0004226180140872781
287658.0 0.0004170980735491788
288618.0 0.0004115172731849561
289582.0 0.000406060745268244
290549.0 0.00040072885741657545
291519.0 0.0003954282734600095
292492.0 0.00039015884505575686
293468.0 0.00038501207163437026
294448.0 0.00037989425762356097
295431.0 0.0003748976301477373
296418.0 0.0003699291513187798
297407.0 0.00036499119583279464
298400.0 0.00036017127900658455
299396.0 0.000355379773718038
300396.0 0.00035070490779402373
301399.0 0.00034605761874226986
302405.0 0.00034143777047637854
303415.0 0.0003369327600929555
304427.0 0.0003324554583735966
305444.0 0.00032809051060777336
306464.0 0.00032375136400315384
307487.0 0.0003194378888006463
308513.0 0.00031523713387284527
309543.0 0.00031106020698701606
310577.0 0.00030690703245974646
311614.0 0.0003028648162861953
312654.0 0.00029884654699496
313698.0 0.0002948511617738015
314745.0 0.00029096496167106933
315796.0 0.0002871008941728314
316850.0 0.00028334466392404355
317908.0 0.00027960982281812006
318969.0 0.00027589716348796475
320034.0 0.00027220571916959554
321103.0 0.00026861917699286226
322175.0 0.00026505396772299447
323250.0 0.0002615099783832094
324329.0 0.0002580692279958811
325412.0 0.0002546481653441784
326498.0 0.00025132986599725097
327589.0 0.00024794768054688685
328682.0 0.00024466828889341307
329779.0 0.0002414077073963334
330880.0 0.00023824715249617102
331985.0 0.000235104728522104
333093.0 0.00023198106468430238
334206.0 0.00022887468884270768
335321.0 0.00022586779656785758
336441.0 0.00022287752255668953
337564.0 0.00021990513715935286
338691.0 0.0002170293115161353
339822.0 0.00021417004011912996
340956.0 0.0002113278786706043
342094.0 0.00020850212230166609
343237.0 0.00020577046625627396
344382.0 0.00020305576373371223
345532.0 0.00020035615377412755
346686.0 0.0001976721731642478
347843.0 0.00019508164085074576
349004.0 0.00019250607835804607
350170.0 0.00018994488261158023
351339.0 0.00018739908668528857
352512.0 0.00018494437512151394
353689.0 0.000182503881683478
354869.0 0.00018007805487281272
356054.0 0.000177665812209869
357243.0 0.00017534289718643107
358435.0 0.0001730339451743599
359632.0 0.00017073792559497262
360833.0 0.00016845527204155579
362037.0 0.00016618638618586
363246.0 0.00016400432733645155
364459.0 0.0001618349693099722
365676.0 0.00015967825690455388
366896.0 0.00015760787017847865
368121.0 0.00015547603187291564
369350.0 0.00015342949287738738
370583.0 0.000151394894151746
371821.0 0.00014937178084242138
373062.0 0.00014743300433405274
374307.0 0.0001455055288870655
375557.0 0.00014351730593839093
376811.0 0.00014168352589932805
378069.0 0.00013978929141482673
379331.0 0.0001379061667888271
380597.0 0.00013610476794488654
381868.0 0.00013431355488511057
383143.0 0.00013253284227616012
384422.0 0.0001307625812247016
385705.0 0.00012900272283457472
386993.0 0.00012732238850662425
388285.0 0.00012565190769609546
389581.0 0.000123991233823551
390882.0 0.00012234000733890845
392187.0 0.00012069850513423853
393496.0 0.00011913503108189912
394810.0 0.00011751231244152217
396128.0 0.0001159670854687342
397451.0 0.00011443066740322734
398777.0 0.00011290359460952232
400109.0 0.00011145219422259892
401445.0 0.00010994233216438417
402785.0 0.00010850818368692864
404130.0 0.00010708222105992601
405479.0 0.00010566467616709188
406832.0 0.00010425550708440978
408191.0 0.00010285416799677834
409553.0 0.00010152705655304265
410921.0 0.00010014182731735934
412293.0 9.883006678932688e-05
413669.0 9.752606463251363e-05
415050.0 9.622954953418288e-05
416436.0 9.494049370817587e-05
417826.0 9.372346386926671e-05
419221.0 9.244924495274705e-05
420621.0 9.124633695207293e-05
422025.0 9.005055641703733e-05
423434.0 8.88616564770011e-05
424847.0 8.767981702934183e-05
426266.0 8.650459525800109e-05
427689.0 8.533637381141297e-05
429117.0 8.423759634062197e-05
430549.0 8.308286677168217e-05
431987.0 8.199691531354015e-05
433429.0 8.091742293528941e-05
434876.0 7.984417156911128e-05
436328.0 7.877713601959563e-05
437785.0 7.771629099906896e-05
439246.0 7.672301712020978e-05
440712.0 7.567444187553992e-05
442184.0 7.469263146294124e-05
443660.0 7.371667149115421e-05
445141.0 7.274636664949249e-05
446627.0 7.178169326905449e-05
448118.0 7.082262761735583e-05
449614.0 6.986914590201934e-05
451116.0 6.898069179907998e-05
452622.0 6.80381105748064e-05
454133.0 6.716026644316372e-05
455649.0 6.622848992006901e-05
457170.0 6.536100968924637e-05
458696.0 6.449857944188745e-05
460228.0 6.364103877147684e-05
461764.0 6.27886443892605e-05
463306.0 6.199915143963752e-05
464853.0 6.115637944239564e-05
466404.0 6.031868090535069e-05
467962.0 5.954311956549762e-05
469524.0 5.877220458856122e-05
471091.0 5.8005786262887295e-05
472664.0 5.718682076996148e-05
474242.0 5.6457763247638944e-05
475825.0 5.571034601907361e-05
477414.0 5.496719457528396e-05
479008.0 5.423963733804222e-05
480607.0 5.352194566534807e-05
482212.0 5.2813934215779874e-05
483821.0 5.2115748425640986e-05
485437.0 5.142699003028849e-05
487057.0 5.07423853873864e-05
488683.0 5.007271252434145e-05
490315.0 4.94068767005726e-05
491952.0 4.875589744317971e-05
493594.0 4.810874882695706e-05
495242.0 4.747074732217306e-05
496895.0 4.684191929778107e-05
498554.0 4.622209971421934e-05
500219.0 4.561122124446212e-05
501889.0 4.500394760284501e-05
503564.0 4.441094314093613e-05
505246.0 4.382126347403135e-05
506932.0 4.324046137526773e-05
508625.0 4.2668210595001614e-05
510323.0 4.210461458563865e-05
512026.0 4.1544350959699406e-05
513736.0 4.099771399008949e-05
515451.0 4.0454311553055845e-05
517172.0 3.991925058116923e-05
518898.0 3.938735932455844e-05
520631.0 3.886880425991227e-05
522369.0 3.835332280914459e-05
524113.0 3.784595860367213e-05
525863.0 3.734153367094238e-05
527618.0 3.685030092714147e-05
529380.0 3.636184447533017e-05
531147.0 3.588135478395386e-05
532920.0 3.540365283816557e-05
534700.0 3.493369171293501e-05
536485.0 3.44715412632342e-05
538276.0 3.401707346717065e-05
540073.0 3.356524703257393e-05
541876.0 3.3121014126738486e-05
543685.0 3.2684313910750686e-05
545500.0 3.2250155391736816e-05
547321.0 3.182344162041484e-05
549148.0 3.1399214812876887e-05
550982.0 3.0987170680010876e-05
552821.0 3.057271877851437e-05
554667.0 3.017033246022898e-05
556519.0 2.9770294673818076e-05
558377.0 2.9377411705260057e-05
560241.0 2.8986824259412345e-05
562111.0 2.8603306769295673e-05
563988.0 2.8226751101410645e-05
565871.0 2.7852398212612445e-05
567760.0 2.748023805438221e-05
569655.0 2.711970336635379e-05
571557.0 2.6756525975984547e-05
573465.0 2.6404861583477147e-05
575380.0 2.605521251813e-05
577301.0 2.5707615973979885e-05
579228.0 2.5371349062415628e-05
581162.0 2.503238266222929e-05
583102.0 2.4700023217339025e-05
585049.0 2.4374173566172808e-05
587002.0 2.4050239698254607e-05
588962.0 2.3732738790113053e-05
590928.0 2.34171063196367e-05
592901.0 2.3107830599892208e-05
594880.0 2.2804897634937796e-05
596866.0 2.2499203459952837e-05
598859.0 2.220425972424563e-05
600858.0 2.190657760863153e-05
602864.0 2.1619541352526653e-05
604877.0 2.1334162064572028e-05
606896.0 2.105046781708009e-05
608922.0 2.0772833060401563e-05
610955.0 2.0496804820808476e-05
612995.0 2.0222376570425935e-05
615042.0 1.99582877216464e-05
617095.0 1.9691401000975123e-05
619155.0 1.943040849513505e-05
621222.0 1.9175260390363892e-05
623296.0 1.892159206643382e-05
625377.0 1.8669397318828852e-05
627465.0 1.8422956328692795e-05
629560.0 1.8177947929520962e-05
631661.0 1.7938652333362214e-05
633770.0 1.7700719889831645e-05
635886.0 1.7464173480173007e-05
638009.0 1.7233222662935293e-05
640139.0 1.7007819341750417e-05
642276.0 1.6779540580610454e-05
644420.0 1.6556769674442516e-05
646572.0 1.633943379633673e-05
648731.0 1.6123365868943853e-05
650896.0 1.590858468708765e-05
653069.0 1.5699153658734506e-05
655250.0 1.549092258378568e-05
657437.0 1.5283933616901774e-05
659632.0 1.5082211710276687e-05
661834.0 1.4881670455811293e-05
664044.0 1.4686332624552423e-05
666261.0 1.4492138423568495e-05
668485.0 1.4299082574944908e-05
670717.0 1.4111148754702244e-05
672956.0 1.3924316751025625e-05
675203.0 1.3738561066373782e-05
677457.0 1.35578676716058e-05
679719.0 1.3378215219388196e-05
681988.0 1.3199619028797572e-05
684265.0 1.3025985635717993e-05
686549.0 1.2853372941825773e-05
688841.0 1.268175764603227e-05
691141.0 1.2515027273410469e-05
693448.0 1.2349278260076969e-05
695763.0 1.2184488334412042e-05
698086.0 1.2024506393833842e-05
700417.0 1.1865450130245637e-05
702755.0 1.1707332423542525e-05
705101.0 1.1553946708408715e-05
707455.0 1.1401449362552752e-05
709817.0 1.124983670371916e-05
712187.0 1.1099105038793025e-05
714565.0 1.0953014586931423e-05
716950.0 1.080778773465153e-05
719344.0 1.066339048411633e-05
721745.0 1.0523575611556213e-05
724155.0 1.0384558823896956e-05
726573.0 1.0246351447790603e-05
728998.0 1.011265324889879e-05
731432.0 9.976041666890677e-06
733874.0 9.843893898901365e-06
736324.0 9.716169839820782e-06
738782.0 9.585548543144466e-06
741249.0 9.459307160988026e-06
743723.0 9.333815444391353e-06
746206.0 9.209044786188968e-06
748698.0 9.08858483795266e-06
751197.0 8.968840541546407e-06
753705.0 8.849784631348592e-06
756221.0 8.731426055152059e-06
758746.0 8.617295020262903e-06
761279.0 8.503831725340708e-06
763821.0 8.391022106785362e-06
766371.0 8.278874437078327e-06
768929.0 8.167385630935243e-06
771496.0 8.060028331591294e-06
774072.0 7.953290610704568e-06
776656.0 7.84718011772169e-06
779249.0 7.745135432599727e-06
781851.0 7.64367962684265e-06
784461.0 7.539391393359903e-06
787080.0 7.4425440849009616e-06
789707.0 7.342858955983038e-06
792344.0 7.243743420485476e-06
794989.0 7.148596676530732e-06
797643.0 7.054001363762781e-06
800306.0 6.959955187532246e-06
802978.0 6.869805337305912e-06
805659.0 6.776839378268686e-06
808349.0 6.687742906198456e-06
811047.0 6.599172359072481e-06
813755.0 6.511109115316898e-06
816472.0 6.426853363335722e-06
819198.0 6.339803653201653e-06
821933.0 6.256535136355675e-06
824677.0 6.173751560144118e-06
827430.0 6.091450801275893e-06
830192.0 6.012870426290727e-06
832964.0 5.9315110209779695e-06
835745.0 5.853846489684452e-06
838535.0 5.776635111193655e-06
841334.0 5.699874855180238e-06
844143.0 5.623557027484265e-06
846961.0 5.55086202977916e-06
849789.0 5.475419714831831e-06
852626.0 5.403575307109288e-06
855472.0 5.332151321786687e-06
858329.0 5.261133564523204e-06
861194.0 5.190538795040112e-06
864069.0 5.123465591424538e-06
866954.0 5.05367660322087e-06
869848.0 4.987390979722413e-06
872752.0 4.921488569479551e-06
875666.0 4.85596781769676e-06
878589.0 4.7938938518701965e-06
881523.0 4.729121450582252e-06
884466.0 4.667772213800363e-06
887418.0 4.603752393924832e-06
890381.0 4.543121688672062e-06
893354.0 4.482842996898263e-06
896336.0 4.422919767833251e-06
899329.0 4.366331198814689e-06
902331.0 4.307094360127656e-06
905344.0 4.251169520918655e-06
908366.0 4.195574114866484e-06
911399.0 4.137346394712241e-06
914441.0 4.085347214069874e-06
917494.0 4.0307130612946794e-06
920557.0 3.976398101516507e-06
923631.0 3.922396676612156e-06
926714.0 3.871618201303627e-06
929808.0 3.821131260206213e-06
932912.0 3.7709387806960856e-06
936027.0 3.7210354666731567e-06
939152.0 3.6714241036068745e-06
942287.0 3.6221033663178328e-06
945433.0 3.5730681494346614e-06
948589.0 3.527156368058333e-06
951756.0 3.481508836630094e-06
954934.0 3.433308007990752e-06
958122.0 3.388198727926367e-06
961321.0 3.3433503833723525e-06
964530.0 3.298765332534519e-06
967750.0 3.2544389754431886e-06
970981.0 3.213140193360601e-06
974223.0 3.1693188011216075e-06
977475.0 3.1285076651468526e-06
980738.0 3.087932546300586e-06
984013.0 3.044856096300933e-06
987298.0 3.004759192760133e-06
990594.0 2.9648953063495416e-06
993901.0 2.92526344243777e-06
997219.0 2.888559672063372e-06
1000550.0 2.84937419141441e-06
1003890.0 2.8104235591788064e-06
1007240.0 2.774373966221589e-06
1010600.0 2.73853627612315e-06
1013980.0 2.7002303006512745e-06
1017360.0 2.6648225280799335e-06
1020760.0 2.630388185541197e-06
1024170.0 2.5956319047784295e-06
1027590.0 2.561081376386317e-06
1031020.0 2.5272572876049413e-06
1034460.0 2.4936333988477834e-06
1037910.0 2.4607269573849835e-06
1041380.0 2.4282501907446746e-06
1044850.0 2.395989138092482e-06
1048340.0 2.3641531134603656e-06
1051840.0 2.333017581054048e-06
1055350.0 2.3020667550544745e-06
1058880.0 2.271532226662567e-06
1062410.0 2.241453765609368e-06
1065960.0 2.2117853416680814e-06
1069520.0 2.182544942795681e-06
1073090.0 2.1534784888808636e-06
1076670.0 2.1250846680127005e-06
1080270.0 2.0968402227084922e-06
1083870.0 2.0692796910359273e-06
1087490.0 2.0418640815648138e-06
1091120.0 2.0146119229770576e-06
1094760.0 1.9880136890261562e-06
1098420.0 1.9618008846604145e-06
1102090.0 1.93574462091037e-06
1105770.0 1.9100872763055584e-06
1109460.0 1.8848255750658465e-06
1113160.0 1.8599562634621984e-06
1116880.0 1.835218865015586e-06
1120610.0 1.810869557127372e-06
1124350.0 1.7869051270487576e-06
1128100.0 1.7633223841085953e-06
1131870.0 1.7398651642225193e-06
1135650.0 1.716785402258661e-06
1139440.0 1.6940799493193363e-06
1143240.0 1.6717456785632675e-06
1147060.0 1.6495306275773854e-06
1150890.0 1.6276826026014917e-06
1154730.0 1.6061985192019051e-06
1158580.0 1.5848431715099524e-06
1162450.0 1.5638337510850837e-06
1166330.0 1.5431811262512156e-06
1170230.0 1.52263943157525e-06
1174130.0 1.5024632687819058e-06
1178050.0 1.4826238362279728e-06
1181990.0 1.4631187907619332e-06
1185930.0 1.443743348019724e-06
1189890.0 1.42447227722005e-06
1193860.0 1.4057678460015738e-06
1197850.0 1.3871642386889113e-06
1201850.0 1.3686727678159385e-06
1205860.0 1.3505158189313263e-06
1209890.0 1.3326795010821995e-06
1213930.0 1.3149507778143347e-06
1217980.0 1.2975498370998196e-06
1222050.0 1.2804633690932376e-06
1226130.0 1.263480030510585e-06
1230220.0 1.2468178343307426e-06
1234330.0 1.2302461274462975e-06
1238450.0 1.213991784538803e-06
1242580.0 1.1978355909747241e-06
1246730.0 1.181983210827954e-06
1250890.0 1.1664417054805512e-06
1255070.0 1.150984886501628e-06
1259260.0 1.1356216651324032e-06
1263460.0 1.1205643481380746e-06
1267680.0 1.1058015282195057e-06
1271910.0 1.091128091836745e-06
1276160.0 1.076745814015261e-06
1280420.0 1.0624507151867018e-06
1284690.0 1.0484516172741032e-06
1288980.0 1.0345292181821118e-06
1293290.0 1.0206834005589538e-06
1297600.0 1.007344106062839e-06
1301940.0 9.938636436506448e-07
1306280.0 9.806786516924172e-07
1310640.0 9.677714267700446e-07
1315020.0 9.549352682324311e-07
1319410.0 9.423810391091484e-07
1323820.0 9.298960260390321e-07
1328230.0 9.174939186518763e-07
1332670.0 9.053553352906882e-07
1337120.0 8.932906857968627e-07
1341580.0 8.814999818381542e-07
1346060.0 8.697744896038516e-07
1350560.0 8.583132256610294e-07
1355060.0 8.469280848238153e-07
1359590.0 8.357976948380234e-07
1364130.0 8.247351830311608e-07
1368680.0 8.137401164127237e-07
1373250.0 8.030020728680909e-07
1377840.0 7.923237608143504e-07
1382440.0 7.819052554654476e-07
1387050.0 7.715502917204585e-07
1391680.0 7.612529912739068e-07
1396330.0 7.512058398746351e-07
1400990.0 7.412200928545013e-07
1405670.0 7.314814872019577e-07
1410360.0 7.21802395375737e-07
1415070.0 7.121773979867233e-07
1419790.0 7.028007462560596e-07
1424530.0 6.934764957457608e-07
1429290.0 6.842045165379502e-07
1434060.0 6.751769320190331e-07
1438850.0 6.661999435798746e-07
1443650.0 6.574642768257265e-07
1448470.0 6.487775498691846e-07
1453310.0 6.401396344059942e-07
1458160.0 6.317391803567529e-07
1463030.0 6.233859007535253e-07
1467910.0 6.150838576819136e-07
1472810.0 6.068285907077526e-07
1477730.0 5.988019763837658e-07
1482660.0 5.91006049379999e-07
1487610.0 5.830731556355809e-07
1492580.0 5.753653684674948e-07
1497560.0 5.677049509063948e-07
1502560.0 5.602668563135031e-07
1507580.0 5.528707657075936e-07
1512610.0 5.455201607211977e-07
1517660.0 5.382111880470775e-07
1522730.0 5.31120349454883e-07
1527810.0 5.240731424714727e-07
1532910.0 5.172413531153929e-07
1538030.0 5.102733631190702e-07
1543160.0 5.035226389245443e-07
1548320.0 4.969807320311342e-07
1553480.0 4.903091522409187e-07
1558670.0 4.838449917935602e-07
1563870.0 4.77420683876866e-07
1569100.0 4.710299512014279e-07
1574330.0 4.648525180214291e-07
1579590.0 4.587072803469206e-07
1584860.0 4.525999780609696e-07
1590150.0 4.4669668033021656e-07
1595460.0 4.406584273461007e-07
1600790.0 4.348228184152796e-07
1606130.0 4.291907262919258e-07
1611500.0 4.234211766780246e-07
1616880.0 4.1785371081644406e-07
1622270.0 4.123206307662396e-07
1627690.0 4.068166981436287e-07
1633120.0 4.015115299919958e-07
1638580.0 3.960701287631874e-07
1644050.0 3.9082608804349563e-07
1649540.0 3.8577520110934196e-07
1655040.0 3.8059301509149573e-07
1660570.0 3.756003413809861e-07
1666110.0 3.7063858573384657e-07
1671670.0 3.657053421231548e-07
1677260.0 3.6079835234668996e-07
1682860.0 3.560816683371606e-07
1688470.0 3.5139419018326577e-07
1694110.0 3.467316173209553e-07
1699770.0 3.420959613009221e-07
1705440.0 3.374890961050129e-07
1711130.0 3.3306605150576975e-07
1716850.0 3.286665820338424e-07
1722580.0 3.242944478726892e-07
1728330.0 3.20103218366366e-07
1734100.0 3.1578104149176854e-07
1739890.0 3.1163853429439803e-07
1745700.0 3.075199832823994e-07
1751530.0 3.034252911447072e-07
1757370.0 2.9935606365267035e-07
1763240.0 2.954613028826294e-07
1769130.0 2.915890917050989e-07
1775030.0 2.8758943521565603e-07
1780960.0 2.839135376623786e-07
1786910.0 2.8010838606794073e-07
1792870.0 2.7632694967406346e-07
1798860.0 2.7271554045700174e-07
1804860.0 2.691266114550857e-07
1810890.0 2.65557065749532e-07
1816930.0 2.6200977122922397e-07
1823000.0 2.5862926451712977e-07
1829090.0 2.5512135983416427e-07
1835190.0 2.517819210186876e-07
1841320.0 2.4846056047264953e-07
1847470.0 2.4515858703238087e-07
1853630.0 2.418772194882077e-07
1859820.0 2.3861374000448436e-07
1866030.0 2.3551352241990942e-07
1872260.0 2.324313880269338e-07
1878510.0 2.293672553531206e-07
1884780.0 2.2632104285883447e-07
1891080.0 2.2329148817900753e-07
1897390.0 2.2028089099849846e-07
1903720.0 2.1742924842339962e-07
1910080.0 2.1459313633227275e-07
1916460.0 2.1163329793036693e-07
1922850.0 2.088318897410533e-07
1929270.0 2.061852436187819e-07
1935710.0 2.0341510556506948e-07
1942180.0 2.0066023902538073e-07
1948660.0 1.980606718453383e-07
1955170.0 1.9547533696095993e-07
1961690.0 1.9276907340248118e-07
1968240.0 1.902144907992604e-07
1974810.0 1.87811147335404e-07
1981410.0 1.8528519470339416e-07
1988020.0 1.827750945187047e-07
1994660.0 1.8041375768490275e-07
2001320.0 1.780663104363425e-07
2008000.0 1.7559874211667532e-07
2014700.0 1.7327931536654433e-07
2021430.0 1.7097272681600138e-07
2028180.0 1.6881239258706444e-07
2034950.0 1.66532583550419e-07
2041740.0 1.6426628434306914e-07
2048560.0 1.6214392677011198e-07
2055400.0 1.6003409645506625e-07
2062260.0 1.5793673013262434e-07
2069150.0 1.5585101143603337e-07
2076050.0 1.5377839625366974e-07
2082990.0 1.5171659910608964e-07
2089940.0 1.496677789800455e-07
2096920.0 1.4775869082367888e-07
2103920.0 1.4573304745026012e-07
2110940.0 1.4384688771447022e-07
2117990.0 1.4197122040822483e-07
2125060.0 1.3998011554590398e-07
2132150.0 1.3812706437277449e-07
2139270.0 1.3628438498312205e-07
2146410.0 1.3457798321576292e-07
2153580.0 1.3275615714975907e-07
2160770.0 1.309452097516212e-07
2167980.0 1.2926914158170864e-07
2175220.0 1.2760242470077276e-07
2182480.0 1.258223773954617e-07
2189770.0 1.241752580907353e-07
2197080.0 1.22537953829925e-07
2204420.0 1.209342646311174e-07
2211780.0 1.1932798017999845e-07
2219160.0 1.1774340923592398e-07
2226570.0 1.1619193621743003e-07
2234000.0 1.1464972909905696e-07
2241460.0 1.1312823153838585e-07
2248940.0 1.1162779469165668e-07
2256450.0 1.101596803252243e-07
2263980.0 1.0870034573885386e-07
2271540.0 1.0726111030179323e-07
2279130.0 1.058300299868899e-07
2286740.0 1.0443105964791769e-07
2294370.0 1.0305219389532869e-07
2302030.0 1.0168114354546689e-07
2309710.0 1.0034160781677831e-07
2317430.0 9.900924174840705e-08
2325160.0 9.769687027671977e-08
2332930.0 9.640307182526335e-08
2340710.0 9.512894698065645e-08
2348530.0 9.387311735168817e-08
2356370.0 9.262483697417128e-08
2364240.0 9.139505193245302e-08
2372130.0 9.018400498026014e-08
2380050.0 8.899116638724111e-08
2387990.0 8.781676768293373e-08
2395970.0 8.664870618512944e-08
2403970.0 8.55100643534546e-08
2411990.0 8.437827613263899e-08
2420040.0 8.325295742820516e-08
2428120.0 8.215623910108117e-08
2436230.0 8.106579734987289e-08
2444360.0 7.999294021434299e-08
2452520.0 7.893719720127419e-08
2460710.0 7.78875066211811e-08
2468930.0 7.685474016218811e-08
2477170.0 7.583907301983417e-08
2485440.0 7.482923723624555e-08
2493740.0 7.384678179222359e-08
2502060.0 7.285951263500401e-08
2510420.0 7.189906951295425e-08
2518800.0 7.094443861754925e-08
2527210.0 7.000595026378595e-08
2535640.0 6.908374959201184e-08
2544110.0 6.816658873430604e-08
2552600.0 6.726552416644549e-08
2561120.0 6.6369656208886e-08
2569670.0 6.54894311352129e-08
2578250.0 6.462472404686508e-08
2586860.0 6.37650135849784e-08
2595500.0 6.292064225934562e-08
2604160.0 6.209172500879856e-08
2612860.0 6.126736457892661e-08
2621580.0 6.045827382782995e-08
2630330.0 5.965386730540683e-08
2639110.0 5.886431704263407e-08
2647920.0 5.808950209388057e-08
2656760.0 5.731917863053888e-08
2665630.0 5.656341777576022e-08
2674530.0 5.581204384797663e-08
2683460.0 5.507506115721685e-08
2692420.0 5.434236173894168e-08
2701410.0 5.3623883544691296e-08
2710430.0 5.290958589587914e-08
2719480.0 5.220934083948323e-08
2728560.0 5.152303164512966e-08
2737670.0 5.084071791892818e-08
2746810.0 5.016238226327604e-08
2755980.0 4.9497766274484344e-08
2765180.0 4.884675509109875e-08
2774410.0 4.819954029449704e-08
2783670.0 4.7556105046254275e-08
2792960.0 4.692606229693397e-08
2802290.0 4.6309133831498436e-08
2811640.0 4.56959747110209e-08
2821030.0 4.508624085115005e-08
2830450.0 4.4489583420739416e-08
2839900.0 4.390589120434905e-08
2849380.0 4.3325614508851e-08
2858890.0 4.2748737624472744e-08
2868440.0 4.2184474215362654e-08
2878010.0 4.162366632826183e-08
2887620.0 4.107532096105921e-08
2897260.0 4.05301935959309e-08
2906930.0 3.998826909554744e-08
2916640.0 3.945861852651669e-08
2926380.0 3.8941274499390574e-08
2936150.0 3.842697021605623e-08
2945950.0 3.7915691145545715e-08
2955780.0 3.7416522113842806e-08
2965650.0 3.692016425980415e-08
2975550.0 3.64267320463518e-08
2985490.0 3.594509967109016e-08
2995450.0 3.5466426978772417e-08
3005450.0 3.4999410219159094e-08
3015490.0 3.453503284467185e-08
3025560.0 3.4082289102009e-08
3035660.0 3.362335682029022e-08
3045790.0 3.31848024521927e-08
3055960.0 3.27399258771577e-08
3066160.0 3.2306456277343864e-08
3076400.0 3.188418923033723e-08
3086670.0 3.145570464092088e-08
3096970.0 3.1038445839920963e-08
3107310.0 3.0632214698506357e-08
3117690.0 3.0228290335720216e-08
3128100.0 2.982676063384397e-08
3138540.0 2.9427613279003325e-08
3149020.0 2.903928476025107e-08
3159530.0 2.8653260330102446e-08
3170080.0 2.8277923080457997e-08
3180660.0 2.7904812581988652e-08
3191280.0 2.7533830931525197e-08
3201930.0 2.716505568931471e-08
3212620.0 2.6806763708283005e-08
3223350.0 2.6450520013563792e-08
3234110.0 2.6104714378924814e-08
3244910.0 2.5760884571321917e-08
3255740.0 2.5419101675389278e-08
3266610.0 2.5079277974087987e-08
3277520.0 2.474961252115203e-08
3288460.0 2.4421911726983712e-08
3299440.0 2.409609195654642e-08
3310450.0 2.3780342589552823e-08
3321500.0 2.345830646785362e-08
3332590.0 2.3154269227999968e-08
3343720.0 2.284393177868304e-08
3354880.0 2.2543468833634182e-08
3366080.0 2.22447338964455e-08
3377320.0 2.194772039004651e-08
3388600.0 2.1660358807284267e-08
3399910.0 2.1374715413353607e-08
3411260.0 2.109071882754954e-08
3422650.0 2.080836262379099e-08
3434080.0 2.053547233438266e-08
3445540.0 2.0264216155898748e-08
3457040.0 1.999452706174471e-08
3468580.0 1.972639879526276e-08
3480160.0 1.9467553361367885e-08
3491780.0 1.9210204731948632e-08
3503440.0 1.895434682818862e-08
3515140.0 1.870762493034749e-08
3526870.0 1.845475701414773e-08
3538650.0 1.8210908882313802e-08
3550460.0 1.7968527053483846e-08
3562310.0 1.773510336868823e-08
3574210.0 1.7495457717152683e-08
3586140.0 1.7264758053568403e-08
3598110.0 1.703539885251515e-08
3610120.0 1.6814824481543484e-08
3622180.0 1.6588058483098374e-08
3634270.0 1.6370063002582564e-08
3646400.0 1.6153335909522333e-08
3658580.0 1.593782813347493e-08
3670790.0 1.5730948955876572e-08
3683050.0 1.5517928160038187e-08
3695340.0 1.5313474856170774e-08
3707680.0 1.5110173218879613e-08
3720060.0 1.490806005960899e-08
3732480.0 1.4714335895600099e-08
3744940.0 1.452174159849554e-08
3757440.0 1.43231141008355e-08
3769980.0 1.4139922243192476e-08
3782570.0 1.3950650112661815e-08
3795200.0 1.3762488705446786e-08
3807870.0 1.3582496079503516e-08
3820580.0 1.3403556935754903e-08
3833340.0 1.322563189514989e-08
3846130.0 1.304878565734941e-08
3858980.0 1.2879881177081946e-08
3871860.0 1.2705052888297383e-08
3884780.0 1.2538178213571296e-08
3897750.0 1.2372251130768232e-08
3910770.0 1.2207268576108102e-08
3923820.0 1.2043288839401572e-08
3936920.0 1.1887076997079454e-08
3950070.0 1.1731752786371739e-08
3963250.0 1.157737167384969e-08
3976490.0 1.1423841589921302e-08
3989760.0 1.1271245739449874e-08
4003080.0 1.111952270725264e-08
4016450.0 1.0975365855309352e-08
4029850.0 1.0825410808610399e-08
4043310.0 1.0682943177170924e-08
4056810.0 1.0541316997418e-08
4070350.0 1.040052807225513e-08
4083940.0 1.0267132803762786e-08
4097570.0 1.0127959637835923e-08
4111250.0 9.996129760268208e-09
4124980.0 9.865054710713263e-09
4138750.0 9.73475524839464e-09
4152570.0 9.605204292278914e-09
4166430.0 9.476421802762552e-09
4180340.0 9.348381470258234e-09
4194300.0 9.227492924245192e-09
4208300.0 9.107319855747906e-09
4222350.0 8.981467441741978e-09
4236450.0 8.862693913399555e-09
4250590.0 8.750953603921063e-09
4264780.0 8.63354650323654e-09
4279020.0 8.516818578285552e-09
4293300.0 8.407051285194308e-09
4307640.0 8.291652473165592e-09
4322020.0 8.18316669274467e-09
4336450.0 8.075307304187896e-09
4350930.0 7.96807179364294e-09
4365450.0 7.861475646035153e-09
4380030.0 7.761620532722476e-09
4394650.0 7.656238160447296e-09
4409320.0 7.557568730499481e-09
4424040.0 7.453389934230986e-09
4438810.0 7.355878518700174e-09
4453630.0 7.25893238786064e-09
4468500.0 7.16254917164687e-09
4483420.0 7.066726493716919e-09
4498380.0 6.971477469537158e-09
4513400.0 6.882727525913902e-09
4528470.0 6.788552058071726e-09
4543590.0 6.700847113066828e-09
4558760.0 6.61365141628481e-09
4573980.0 6.526962760341276e-09
4589250.0 6.4349183525635e-09
4604570.0 6.355097722183019e-09
4619940.0 6.269916906859289e-09
4635370.0 6.185220923188169e-09
4650840.0 6.101034459745334e-09
4666370.0 6.023092548574632e-09
4681950.0 5.945604212992968e-09
4697580.0 5.8628419826944214e-09
4713260.0 5.786273727779897e-09
4729000.0 5.710140786493149e-09
4744780.0 5.634465464880631e-09
4760620.0 5.559786726286751e-09
4776520.0 5.4860974702592785e-09
4792460.0 5.4134132073505375e-09
4808460.0 5.341703538776275e-09
4824520.0 5.270961443571149e-09
4840620.0 5.201201411538248e-09
4856780.0 5.132394264720944e-09
4873000.0 5.0645330647673265e-09
4889270.0 4.9970710212794515e-09
4905590.0 4.931102757146068e-09
4921970.0 4.8655126538043464e-09
4938400.0 4.801398305823743e-09
4954890.0 4.737651788498748e-09
4971430.0 4.674822156694925e-09
4988030.0 4.612892930858443e-09
5004680.0 4.551866473914521e-09
5021390.0 4.491726683396411e-09
5038150.0 4.4324756833595645e-09
5054970.0 4.3735656744740456e-09
5071850.0 4.31552564807375e-09
5088780.0 4.258357367812781e-09
5105770.0 4.202045611432262e-09
5122820.0 4.1465838354842396e-09
5139920.0 4.0914502145380165e-09
5157080.0 4.037156789623161e-09
5174290.0 3.983704789229069e-09
5191570.0 3.931072245659608e-09
5208900.0 3.879268020166774e-09
5226290.0 3.827763411922105e-09
5243740.0 3.777070118131474e-09
5261250.0 3.726670597368895e-09
5278810.0 3.67758961473909e-09
5296430.0 3.6287929771477413e-09
5314120.0 3.5807788888916817e-09
5331860.0 3.533554706505463e-09
5349660.0 3.4866046226899234e-09
5367520.0 3.4404285669208912e-09
5385440.0 3.3950203817195565e-09
5403420.0 3.349876187217784e-09
5421460.0 3.305490952225704e-09
5439560.0 3.261858594349453e-09
5457720.0 3.218480261557107e-09
5475940.0 3.1758460132945385e-09
5494220.0 3.133949843705464e-09
5512560.0 3.0922978802093352e-09
5530970.0 3.0513698071186083e-09
5549430.0 3.0111708209563047e-09
5567960.0 2.971201035172717e-09
5586550.0 2.9319463550795595e-09
5605200.0 2.892921091868113e-09
5623910.0 2.85460245018453e-09
5642690.0 2.816979631063218e-09
5661530.0 2.7795769559096102e-09
5680430.0 2.7428668990351893e-09
5699390.0 2.7063718249465275e-09
5718420.0 2.6705564087258745e-09
5737510.0 2.635419791773633e-09
5756660.0 2.6004891100415968e-09
5775880.0 2.5657589615651605e-09
5795170.0 2.53169271461348e-09
5814510.0 2.4982935852336514e-09
5833930.0 2.465082097249579e-09
5853400.0 2.432529697653714e-09
5872940.0 2.400164528308695e-09
5892550.0 2.36844231526809e-09
5912220.0 2.3373617409516884e-09
5931960.0 2.306460073794463e-09
5951770.0 2.275736623996259e-09
5971630.0 2.2456486086993542e-09
5991570.0 2.215730473937955e-09
6011570.0 2.1864363947531576e-09
6031640.0 2.1577574601250644e-09
6051780.0 2.1287996934228527e-09
6071990.0 2.1008957104925656e-09
6092260.0 2.073156444676517e-09
6112600.0 2.0455777276668125e-09
6133000.0 2.018600737312255e-09
6153480.0 1.991776722397076e-09
6174020.0 1.9651115690483446e-09
6194630.0 1.9394696968104884e-09
6215320.0 1.9135405158643085e-09
6236070.0 1.8881965208022117e-09
6256880.0 1.8634326186861573e-09
6277770.0 1.8383810368367016e-09
6298730.0 1.8143294750937143e-09
6319760.0 1.790417621506469e-09
6340860.0 1.7666448779387046e-09
6362030.0 1.7430106449924169e-09
6383270.0 1.7199356684120356e-09
6404580.0 1.6974151406894101e-09
6425960.0 1.6746071874241314e-09
6447410.0 1.6527668749250873e-09
6468940.0 1.6306354649622417e-09
6490540.0 1.6090479158396111e-09
6512200.0 1.5875889460757369e-09
6533950.0 1.5666623064002475e-09
6555760.0 1.5458603760926851e-09
6577650.0 1.5255867412756166e-09
6599610.0 1.5054316297977823e-09
6621640.0 1.4853945016503347e-09
6643750.0 1.4658774374103182e-09
6665930.0 1.446474655701707e-09
6688180.0 1.427185628761271e-09
6710510.0 1.4084085297189236e-09
6732910.0 1.3897415332983378e-09
6755390.0 1.3711820947651117e-09
6777940.0 1.3531286087896266e-09
6800570.0 1.3351791444193407e-09
6823280.0 1.3173332980132882e-09
6846060.0 1.2999854258480179e-09
6868910.0 1.2827395472198723e-09
6891840.0 1.265983590654415e-09
6914850.0 1.2489353533668404e-09
6937940.0 1.232373654766453e-09
6961100.0 1.2162959715821828e-09
6984340.0 1.1999260823359691e-09
7007660.0 1.18403506267895e-09
7031050.0 1.168620352304682e-09
7054530.0 1.1529118937054919e-09
7078080.0 1.1376763927846632e-09
7101710.0 1.122529292660547e-09
7125420.0 1.1078476849123418e-09
7149210.0 1.0932512262300115e-09
7173070.0 1.0787410616547203e-09
7197020.0 1.064313798651579e-09
7221050.0 1.0503430679094935e-09
7245160.0 1.0364535670550144e-09
7269340.0 1.0226463532096132e-09
7293610.0 1.0089182389238294e-09
7317960.0 9.956378333937861e-10
7342390.0 9.824348096365828e-10
7366910.0 9.696725997604702e-10
7391500.0 9.566221273850456e-10
7416180.0 9.440094097689676e-10
7440940.0 9.314703457512463e-10
7465780.0 9.193648582997132e-10
7490700.0 9.069709135021679e-10
7515710.0 8.950063053328619e-10
7540800.0 8.831116932335824e-10
7565980.0 8.712856065728899e-10
7591240.0 8.598832151545209e-10
7616580.0 8.485475427030054e-10
7642010.0 8.372771858963951e-10
7667520.0 8.26072969093444e-10
7693120.0 8.152831314061541e-10
7718810.0 8.045554840426521e-10
7744570.0 7.938918323009816e-10
7770430.0 7.832888037834667e-10
7796370.0 7.730931624322361e-10
7822400.0 7.626125346046945e-10
7848520.0 7.525354856584948e-10
7874720.0 7.425177440098261e-10
7901010.0 7.328985048274085e-10
7927390.0 7.229955804918202e-10
7953850.0 7.134893191790638e-10
7980410.0 7.040372747602871e-10
8007050.0 6.946409969198505e-10
8033780.0 6.856341408668314e-10
8060600.0 6.763457974258093e-10
8087510.0 6.674441933990216e-10
8114510.0 6.585943257673679e-10
8141600.0 6.497959732986894e-10
8168780.0 6.413781638559674e-10
8196060.0 6.326803087299745e-10
8223420.0 6.243611529393046e-10
8250870.0 6.160904502723807e-10
8278420.0 6.078672542071577e-10
8306060.0 6.000159188612961e-10
8333790.0 5.918875378611412e-10
8361610.0 5.841284432776987e-10
8389520.0 5.764146245600079e-10
8417530.0 5.687452031037747e-10
8445640.0 5.611200096056138e-10
8473830.0 5.538575772322189e-10
8502120.0 5.466368752063992e-10
8530510.0 5.391424543049912e-10
8558990.0 5.320063995431011e-10
8587560.0 5.252253698007631e-10
8616230.0 5.181711412576473e-10
8645000.0 5.111577892643743e-10
8673860.0 5.044958082389329e-10
8702810.0 4.97872863398395e-10
8731870.0 4.912876459879751e-10
8761020.0 4.847411352141481e-10
8790270.0 4.782326030366178e-10
8819620.0 4.720668457217231e-10
8849060.0 4.656333121173388e-10
8878600.0 4.5954019860052157e-10
8908250.0 4.5348189573307034e-10
8937990.0 4.474592820123603e-10
8967830.0 4.4147169141288235e-10
8997770.0 4.35817889997346e-10
9027800.0 4.2989938040839986e-10
9057940.0 4.2431189477178947e-10
9088180.0 4.18460921163392e-10
9118530.0 4.1293873378460633e-10
9148970.0 4.0744917623023974e-10
9179510.0 4.0228464426119753e-10
9210160.0 3.968575977529527e-10
9240910.0 3.914623159622338e-10
9271760.0 3.863887390512151e-10
9302710.0 3.813447135482481e-10
9333770.0 3.7632970441304547e-10
9364930.0 3.7134399618003337e-10
9396200.0 3.6638706659428363e-10
9427570.0 3.6145918620812536e-10
9459040.0 3.5684456059132456e-10
9490620.0 3.5197306365682017e-10
9522300.0 3.4741268282855154e-10
9554090.0 3.425970882297786e-10
9585990.0 3.3809013017756867e-10
9617990.0 3.336096002674672e-10
9650100.0 3.2915503378950724e-10
9682320.0 3.250041055425196e-10
9714650.0 3.206002216726361e-10
9747080.0 3.164982438921603e-10
9779620.0 3.1214493971872365e-10
9812270.0 3.0809116086046834e-10
9845030.0 3.040608728039094e-10
9877900.0 3.0005397647121314e-10
9910870.0 2.960706712719792e-10
9943960.0 2.9211025520955875e-10
9977160.0 2.8817293227711777e-10
10010500.0 2.84257750622076e-10
10043900.0 2.806346677600647e-10
10077400.0 2.767659613709526e-10
10111100.0 2.731834939850916e-10
10144800.0 2.696248277881951e-10
10178700.0 2.6608449800649427e-10
10212700.0 2.6251242994604614e-10
10246800.0 2.5904028349864123e-10
10281000.0 2.556148445996147e-10
10315300.0 2.522096747262222e-10
10349700.0 2.488766448824508e-10
10384300.0 2.4558686884116136e-10
10419000.0 2.423166170145544e-10
10453700.0 2.391195324816814e-10
10488600.0 2.359647462448499e-10
10523700.0 2.3282646010658919e-10
10558800.0 2.297345110916546e-10
10594000.0 2.2671168648925357e-10
10629400.0 2.237046736052591e-10
10664900.0 2.2074077256263074e-10
10700500.0 2.1781963737372363e-10
10736200.0 2.1494092424346867e-10
10772100.0 2.120773546483905e-10
10808000.0 2.0928257833224144e-10
10844100.0 2.0650249824529503e-10
10880300.0 2.0376371355198038e-10
10916600.0 2.0106588870420182e-10
10953100.0 1.9840687891353474e-10
10989700.0 1.9578822415154687e-10
11026300.0 1.9318695378220003e-10
11063200.0 1.906220376337732e-10
11100100.0 1.8809840467582423e-10
11137200.0 1.8561231130491893e-10
11174300.0 1.8316679540723266e-10
11211600.0 1.8073424046281854e-10
11249100.0 1.7833855646742433e-10
11286600.0 1.7598262164631856e-10
11324300.0 1.7363922356251381e-10
11362100.0 1.7133354028176844e-10
11400000.0 1.6906525731691726e-10
11438100.0 1.6683260379967848e-10
11476300.0 1.6463677617003893e-10
11514600.0 1.6245410723770975e-10
11553000.0 1.6028452281125664e-10
11591600.0 1.581729902980868e-10
11630300.0 1.560741319347014e-10
11669100.0 1.5401092420768374e-10
11708100.0 1.519817674459969e-10
11747200.0 1.499648075453786e-10
11786400.0 1.479827937021088e-10
11825800.0 1.4601145057281533e-10
11865200.0 1.4407586736071313e-10
11904800.0 1.4217330046397564e-10
11944600.0 1.4028100006017288e-10
11984500.0 1.3842255546788055e-10
12024500.0 1.3659767602991874e-10
12064600.0 1.34783780219709e-10
12104900.0 1.3300192409573926e-10
12145300.0 1.3123081250642859e-10
12185900.0 1.2951346201297236e-10
12226500.0 1.2778551912833295e-10
12267400.0 1.2608785555473168e-10
12308300.0 1.2442332617603876e-10
12349400.0 1.2276783421971598e-10
12390600.0 1.2114405395898927e-10
12432000.0 1.1955074765012985e-10
12473500.0 1.1796707216006544e-10
12515200.0 1.1639203963106769e-10
12556900.0 1.14870306178646e-10
12598900.0 1.1333459938468215e-10
12640900.0 1.1183037421794123e-10
12683100.0 1.10355577693651e-10
12725500.0 1.088888513175212e-10
12768000.0 1.0745208992534127e-10
12810600.0 1.0602403407275213e-10
12853300.0 1.0462555564321299e-10
12896300.0 1.0323393669544135e-10
12939300.0 1.0187235306336518e-10
12982500.0 1.0051824056847152e-10
13025900.0 9.919223509304018e-11
13069300.0 9.787503630773512e-11
13113000.0 9.658485820680263e-11
13156800.0 9.530252639813048e-11
13200700.0 9.404836635139902e-11
13244700.0 9.280181960141817e-11
13289000.0 9.156146064074746e-11
13333300.0 9.034951569122071e-11
13377800.0 8.916436943350047e-11
13422500.0 8.798577055311695e-11
13467300.0 8.681435099024613e-11
13512300.0 8.566933606148037e-11
13557400.0 8.453129879151906e-11
13602700.0 8.339958176014613e-11
13648100.0 8.229448114479005e-11
13693600.0 8.121575642245632e-11
13739300.0 8.014300991905607e-11
13785200.0 7.907622886974625e-11
13831200.0 7.803540986902326e-11
13877400.0 7.700038132111516e-11
13923700.0 7.597167581252483e-11
13970200.0 7.496796824719263e-11
14016900.0 7.396986477059899e-11
14063700.0 7.29969952238712e-11
14110600.0 7.203006859785591e-11
14157700.0 7.106854433868877e-11
14205000.0 7.013134326938909e-11
14252400.0 6.919987736097008e-11
14300000.0 6.829243984532713e-11
14347700.0 6.739055371082931e-11
14395600.0 6.649372066225469e-11
14443700.0 6.562054872263418e-11
14491900.0 6.475272628190016e-11
14540300.0 6.388977864447271e-11
14588800.0 6.303212483849147e-11
14637500.0 6.219767952138081e-11
14686400.0 6.1386245906111e-11
14735400.0 6.056153433404836e-11
14784600.0 5.975967296424885e-11
14834000.0 5.898046686796551e-11
14883500.0 5.818797147181091e-11
14933200.0 5.7417971902396306e-11
14983100.0 5.6670275133710735e-11
15033100.0 5.5909279121942134e-11
15083300.0 5.5170428574059064e-11
15133600.0 5.443612006754123e-11
15184200.0 5.3723328507794176e-11
15234900.0 5.301492381321537e-11
15285700.0 5.2310876235688346e-11
15336700.0 5.161081972978333e-11
15387900.0 5.093222036499746e-11
15439300.0 5.0257470776480835e-11
15490900.0 4.958655877735296e-11
15542600.0 4.8937091278148e-11
15594500.0 4.829131081056714e-11
15646500.0 4.7649509984407716e-11
15698800.0 4.7011062597566784e-11
15751200.0 4.639363589905514e-11
15803800.0 4.577972424604925e-11
15856500.0 4.516960075087372e-11
15909500.0 4.45795844811977e-11
15962600.0 4.397636146806476e-11
16015900.0 4.339338985430206e-11
16069300.0 4.2830756429699596e-11
16123000.0 4.22543818950045e-11
16176800.0 4.1698202427019737e-11
16230800.0 4.114520311689309e-11
16285000.0 4.059537270358759e-11
16339400.0 4.0065160467156017e-11
16393900.0 3.9538225888664336e-11
16448700.0 3.9014071619963856e-11
16503600.0 3.849316502547473e-11
16558700.0 3.799149652475253e-11
16614000.0 3.7476515707448236e-11
16669400.0 3.698086476739055e-11
16725100.0 3.648784296318318e-11
16780900.0 3.6013907136351444e-11
16836900.0 3.554269053004203e-11
16893100.0 3.505826173853583e-11
16949500.0 3.459250557810699e-11
17006100.0 3.414525270037569e-11
17062900.0 3.368480937406442e-11
17119900.0 3.3242743387546563e-11
17177000.0 3.280342033953501e-11
17234400.0 3.2366445006726526e-11
17291900.0 3.193218607993697e-11
17349600.0 3.151594468219823e-11
17407600.0 3.110192670103121e-11
17465700.0 3.06904827532521e-11
17524000.0 3.028142147946129e-11
17582500.0 2.987473313741982e-11
17641200.0 2.948565389554895e-11
17700100.0 2.9098826538586347e-11
17759200.0 2.8714241729869954e-11
17818500.0 2.8331890105372538e-11
17878000.0 2.7951762275201627e-11
17937600.0 2.7588996565895024e-11
17997500.0 2.7213235555709004e-11
18057600.0 2.6854564602063216e-11
18117900.0 2.6497980704306822e-11
18178400.0 2.614347486285396e-11
18239100.0 2.5805784223021876e-11
18300000.0 2.5455358353358592e-11
18361100.0 2.512163178903638e-11
18422400.0 2.4789849803331247e-11
18483900.0 2.446000381911303e-11
18545600.0 2.4146587702645734e-11
18607500.0 2.3820539700303672e-11
18669600.0 2.3510808200469428e-11
18731900.0 2.3188524407812218e-11
18794500.0 2.2882322629534237e-11
18857200.0 2.2578034117836402e-11
18920200.0 2.2289624528483736e-11
18983300.0 2.198884526451678e-11
19046700.0 2.170383821590379e-11
19110300.0 2.1406424161469896e-11
19174100.0 2.112479003916176e-11
19238100.0 2.08448072172847e-11
19302300.0 2.0566467973443476e-11
19366800.0 2.0303547335213928e-11
19431400.0 2.002842767729419e-11
19496300.0 1.976862252511489e-11
19561400.0 1.9496592492017476e-11
19626700.0 1.9239874769633904e-11
19692200.0 1.8984666817775405e-11
19758000.0 1.8744479117708756e-11
19823900.0 1.8492225252120557e-11
19890100.0 1.8241367813300875e-11
19956500.0 1.800547152266322e-11
20023200.0 1.7770873533736937e-11
20090000.0 1.7524358422525857e-11
20157100.0 1.7292563077388975e-11
20224400.0 1.707543573291667e-11
20291900.0 1.6846328088325527e-11
20359600.0 1.661857636860182e-11
20427600.0 1.6405259877016792e-11
20495800.0 1.618007831665224e-11
20564200.0 1.596931406969411e-11
20632900.0 1.5759718101748483e-11
20701800.0 1.5551363014381788e-11
20770900.0 1.5344242477730455e-11
20840200.0 1.5138350174674624e-11
20909800.0 1.4933608381706984e-11
20979600.0 1.474290455967936e-11
21049600.0 1.4540549926355454e-11
21119900.0 1.4352067750805834e-11
21190400.0 1.4164702490310543e-11
21261200.0 1.3978382575353646e-11
21332200.0 1.379317011707847e-11
21403400.0 1.3609059286467279e-11
21474800.0 1.3426044270140171e-11
21546500.0 1.324405780302316e-11
21618500.0 1.30755382725046e-11
21690600.0 1.2895678317085424e-11
21763100.0 1.2729134764618794e-11
21835700.0 1.2563639612523412e-11
21908600.0 1.2399071514313085e-11
21981700.0 1.2230589452928297e-11
22055100.0 1.2069157543689355e-11
22128800.0 1.1908635122835954e-11
22202600.0 1.1751548224837424e-11
22276800.0 1.1595293952782199e-11
22351100.0 1.1442432604394218e-11
22425800.0 1.129038279306926e-11
22500600.0 1.1141683725932806e-11
22575700.0 1.0993823945509318e-11
22651100.0 1.0847988368010062e-11
22726700.0 1.0704209721240553e-11
22802600.0 1.056242500828369e-11
22878700.0 1.0422665518108485e-11
22955100.0 1.0284869957329504e-11
23031800.0 1.014785640400839e-11
23108700.0 1.0013993484720487e-11
23185800.0 9.880933302059027e-12
23263200.0 9.750941693987673e-12
23340900.0 9.6216885499817e-12
23418800.0 9.4943604885839e-12
23497000.0 9.367757098515957e-12
23575400.0 9.24419687571724e-12
23654100.0 9.121340042687694e-12
23733100.0 9.001450772544157e-12
23812300.0 8.882282398424194e-12
23891800.0 8.763794062486928e-12
23971600.0 8.648227408868323e-12
24051600.0 8.533356671769467e-12
24131900.0 8.420257425736067e-12
24212500.0 8.308916249482574e-12
24293300.0 8.199353520606933e-12
24374400.0 8.090417613304289e-12
24455800.0 7.983206067205924e-12
24537500.0 7.877705653636769e-12
24619400.0 7.772842311910517e-12
24701600.0 7.669670030470672e-12
24784000.0 7.568206266485872e-12
24866800.0 7.468376416168723e-12
24949800.0 7.369150102308752e-12
25033100.0 7.2715690606704075e-12
25116700.0 7.17562041812184e-12
25200500.0 7.080252187814262e-12
25284600.0 6.9864969521081114e-12
25369100.0 6.894314819391273e-12
25453800.0 6.8026912812218824e-12
25538700.0 6.712676066377653e-12
25624000.0 6.6242035924102144e-12
25709500.0 6.536267350490663e-12
25795400.0 6.449856707631867e-12
25881500.0 6.363970480252475e-12
25967900.0 6.279616985830534e-12
26054600.0 6.19678389002825e-12
26141600.0 6.1144300714535975e-12
26228900.0 6.033579008032348e-12
26316400.0 5.9542411349855944e-12
26404300.0 5.875340091034043e-12
26492400.0 5.7969188645289004e-12
26580900.0 5.719943266055238e-12
26669600.0 5.64444469612656e-12
26758600.0 5.570389342044542e-12
26848000.0 5.495741304944961e-12
26937600.0 5.423545386688699e-12
27027500.0 5.351768748932335e-12
27117800.0 5.280390131761126e-12
27208300.0 5.210435523037529e-12
27299200.0 5.141854627276226e-12
27390300.0 5.073691885098603e-12
27481700.0 5.006905086402238e-12
27573500.0 4.940489389651097e-12
27665500.0 4.874479219898742e-12
27757900.0 4.809806260695504e-12
27850600.0 4.746477031823292e-12
27943500.0 4.683534462083699e-12
28036800.0 4.621902390182221e-12
28130400.0 4.560630514492718e-12
28224400.0 4.499701262620676e-12
28318600.0 4.440094908703927e-12
28413100.0 4.381784131953994e-12
28508000.0 4.323799275909254e-12
28603200.0 4.266154444104856e-12
28698700.0 4.20978523440804e-12
28794500.0 4.1537466605703175e-12
28890600.0 4.09896812810966e-12
28987000.0 4.0445109527076936e-12
29083800.0 3.99128466855768e-12
29180900.0 3.938371026961396e-12
29278300.0 3.8857685438675655e-12
29376100.0 3.8343782492660584e-12
29474200.0 3.78420300777285e-12
29572600.0 3.733413295484518e-12
29671300.0 3.684736128803467e-12
29770300.0 3.6354416482870582e-12
29869700.0 3.5873263400208605e-12
29969500.0 3.5394829628469597e-12
30069500.0 3.4928283943746925e-12
30169900.0 3.446437414583995e-12
30270600.0 3.401208980890782e-12
30371700.0 3.356236265986011e-12
30473100.0 3.311529362695038e-12
30574800.0 3.2679666103498295e-12
30676900.0 3.2246506528986234e-12
30779300.0 3.181591059890497e-12
30882100.0 3.139647286892937e-12
30985200.0 3.09795183660022e-12
31088600.0 3.057368575277784e-12
31192400.0 3.0161534366784758e-12
31296500.0 2.976901940258254e-12
31401000.0 2.9370167515444796e-12
31505900.0 2.898213037249878e-12
31611000.0 2.8596487692680927e-12
31716600.0 2.8221436103952947e-12
31822500.0 2.784861114670221e-12
31928700.0 2.747800117440511e-12
32035300.0 2.7117905582572832e-12
32142200.0 2.6751581055145342e-12
32249600.0 2.6403955705922843e-12
32357200.0 2.6050164864261937e-12
32465200.0 2.5706687033775647e-12
32573600.0 2.536517539455172e-12
32682400.0 2.5025622921664464e-12
32791500.0 2.4696299853587463e-12
32901000.0 2.4368864615750878e-12
33010800.0 2.4051530696850607e-12
33121000.0 2.3727893710984044e-12
33231600.0 2.341421485592866e-12
33342500.0 2.3102409153814358e-12
33453800.0 2.280043787990307e-12
33565500.0 2.250020110775491e-12
33677600.0 2.220169227670599e-12
33790000.0 2.190496961685823e-12
33902800.0 2.1617892670226514e-12
34016000.0 2.1332468834862166e-12
34129600.0 2.1048691697329804e-12
34243500.0 2.076661545752342e-12
34357900.0 2.04939394263645e-12
34472600.0 2.022289721153828e-12
34587600.0 1.9953479611533043e-12
34703100.0 1.9685564010398086e-12
34819000.0 1.9426927198871345e-12
34935200.0 1.9169841874835604e-12
35051900.0 1.8914191287605302e-12
35168900.0 1.8667725747837932e-12
35286300.0 1.842268581608904e-12
35404100.0 1.8179065615885955e-12
35522300.0 1.7936859252652932e-12
35640900.0 1.7696060814671863e-12
35759900.0 1.7464185556437056e-12
35879300.0 1.723365629400876e-12
35999000.0 1.7004514554838287e-12
36119200.0 1.6776659357062685e-12
36239800.0 1.6557554582820086e-12
36360800.0 1.6339723506945616e-12
36482200.0 1.6123160621130658e-12
36604000.0 1.5907860406870228e-12
36726200.0 1.5693817336232514e-12
36848800.0 1.5488324800418932e-12
36971800.0 1.528402976207303e-12
37095300.0 1.5080886263465894e-12
37219100.0 1.4878970981589584e-12
37343400.0 1.468540021110786e-12
37468000.0 1.449299774810744e-12
37593100.0 1.4294526077333984e-12
37718600.0 1.4111482674099736e-12
37844500.0 1.3922399180168919e-12
37970900.0 1.3734388733385488e-12
38097700.0 1.3554543273477956e-12
38224800.0 1.3375786018068252e-12
38352500.0 1.3198007105063018e-12
38480500.0 1.3021306625704022e-12
38609000.0 1.2852577597315328e-12
38737900.0 1.2677894015117538e-12
38867200.0 1.2511160294864707e-12
38997000.0 1.234537395843038e-12
39127100.0 1.2187468118826165e-12
39257800.0 1.202357398215048e-12
39388800.0 1.1860677185413394e-12
39520300.0 1.1705517850219376e-12
39652300.0 1.1551241987759563e-12
39784700.0 1.139787526980101e-12
39917500.0 1.1245413260391205e-12
40050700.0 1.1100566934604124e-12
40184500.0 1.0949824228320947e-12
40318600.0 1.0806672454129027e-12
40453200.0 1.0664337958804993e-12
40588300.0 1.052281787168257e-12
40723800.0 1.0382134794083487e-12
40859700.0 1.0242284530561422e-12
40996100.0 1.010979879233229e-12
41133000.0 9.978070437538888e-13
41270300.0 9.84060362084527e-13
41408100.0 9.710426526460377e-13
41546400.0 9.587471319251414e-13
41685100.0 9.458789050646399e-13
41824200.0 9.330871038586596e-13
41963900.0 9.21007871670356e-13
42104000.0 9.090001615706337e-13
42244500.0 8.964269362038914e-13
42385600.0 8.845591022245194e-13
42527100.0 8.727618121158014e-13
42669000.0 8.616650287070045e-13
42811500.0 8.500016511143382e-13
42954400.0 8.390339973681571e-13
43097800.0 8.275054066178106e-13
43241700.0 8.166658286608148e-13
43386100.0 8.058888679340074e-13
43530900.0 7.951760993441653e-13
43676300.0 7.845235863113452e-13
43822100.0 7.745484455506805e-13
43968400.0 7.64019061090141e-13
44115200.0 7.541606432384307e-13
44262400.0 7.437532501279031e-13
44410200.0 7.340105602185436e-13
44558500.0 7.243243759187096e-13
44707200.0 7.146960585169745e-13
44856500.0 7.051221461836377e-13
45006200.0 6.962031708149008e-13
45156500.0 6.867385884487471e-13
45307300.0 6.779229542552545e-13
45458500.0 6.685682675030049e-13
45610300.0 6.598566153769781e-13
45762600.0 6.511956440493291e-13
45915300.0 6.425865316444643e-13
46068600.0 6.340262341911478e-13
46222400.0 6.255159526225715e-13
46376700.0 6.170554645877087e-13
46531600.0 6.09221248220027e-13
46686900.0 6.008577787284709e-13
46842800.0 5.931163444296341e-13
46999200.0 5.854200405108743e-13
47156100.0 5.777686627415945e-13
47313500.0 5.695935501104788e-13
47471500.0 5.623154005840526e-13
47630000.0 5.548538394974758e-13
47789000.0 5.474923262468849e-13
47948500.0 5.402861886686213e-13
48108600.0 5.33121185312863e-13
48269200.0 5.260539839362596e-13
48430300.0 5.190838304614778e-13
48592000.0 5.122089207007247e-13
48754300.0 5.054285608098037e-13
48917000.0 4.987440983134271e-13
49080300.0 4.920979381158308e-13
49244200.0 4.855991759767101e-13
49408600.0 4.79193116551914e-13
49573500.0 4.728247772560237e-13
49739100.0 4.665461727181389e-13
49905100.0 4.604133348736996e-13
50071700.0 4.5431571720085695e-13
50238900.0 4.4825318778330805e-13
50406600.0 4.4233320614968903e-13
50574900.0 4.365004867986234e-13
50743700.0 4.307022142744513e-13
50913100.0 4.249902087767971e-13
51083100.0 4.1936381335075836e-13
51253700.0 4.1382237372894046e-13
51424800.0 4.083137314876066e-13
51596500.0 4.0294119361263145e-13
51768700.0 3.9760045381600086e-13
51941500.0 3.923423755186772e-13
52115000.0 3.871139668529663e-13
52288900.0 3.8202020699801865e-13
52463500.0 3.7695518638396335e-13
52638700.0 3.7197062251385615e-13
52814400.0 3.6701565470373953e-13
52990700.0 3.6214020097033887e-13
53167600.0 3.5734363538398177e-13
53345100.0 3.526253349798303e-13
53523200.0 3.4798467977872016e-13
53701900.0 3.433709695268183e-13
53881200.0 3.3883400687885186e-13
54061100.0 3.343234287583741e-13
54241600.0 3.2988870727940525e-13
54422700.0 3.255292343524399e-13
54604400.0 3.2119514947547223e-13
54786700.0 3.1698452566520363e-13
54969600.0 3.1274948766584543e-13
55153100.0 3.0863671301791726e-13
55337200.0 3.04547912729602e-13
55522000.0 3.004824396789123e-13
55707300.0 2.9653783992442647e-13
55893300.0 2.9261573040402756e-13
56079900.0 2.8871654903737107e-13
56267100.0 2.8488799244743375e-13
56455000.0 2.811289821738699e-13
56643400.0 2.773924626242891e-13
56832500.0 2.737246701008786e-13
57022300.0 2.700778889943708e-13
57212700.0 2.665465297096035e-13
57403700.0 2.629889938056407e-13
57595300.0 2.594990482632051e-13
57787600.0 2.560756863488949e-13
57980500.0 2.526724179763372e-13
58174100.0 2.493349531115623e-13
58368300.0 2.460170993696519e-13
58563200.0 2.4276427506995297e-13
58758700.0 2.395763570964705e-13
58954900.0 2.3640677524127926e-13
59151700.0 2.3325585390816847e-13
59349200.0 2.3016843295067533e-13
59547300.0 2.2709920396277635e-13
59746100.0 2.240927200720673e-13
59945600.0 2.2114846234872194e-13
60145700.0 2.1822155975315535e-13
60346500.0 2.1531157015434471e-13
60548000.0 2.1246284662584505e-13
60750100.0 2.0967522315177866e-13
60952900.0 2.0690370942947869e-13
61156400.0 2.041482403636459e-13
61360600.0 2.0145258277746914e-13
61565400.0 1.987728700629749e-13
61771000.0 1.9615192769558002e-13
61977200.0 1.9354650091956836e-13
62184100.0 1.9099945541078133e-13
62391700.0 1.8846718832195408e-13
62600000.0 1.859496375725904e-13
62809000.0 1.8348956228836872e-13
63018700.0 1.8104379372307182e-13
63229100.0 1.7865480762071322e-13
63440200.0 1.7627972278721583e-13
63652000.0 1.739607335183328e-13
63864500.0 1.7165524431025543e-13
64077700.0 1.6940516994062516e-13
64291600.0 1.6712636484778393e-13
64506300.0 1.6494401745579222e-13
64721600.0 1.6273308417685376e-13
64937700.0 1.6057625163535886e-13
65154500.0 1.5847330419373835e-13
65372000.0 1.5638263079545384e-13
65590200.0 1.5430417627374045e-13
65809200.0 1.5223765408027105e-13
66028900.0 1.502239812336349e-13
66249400.0 1.4826247198260563e-13
66470500.0 1.4627219324275605e-13
66692500.0 1.4433349173939338e-13
66915100.0 1.4244657098360563e-13
67138500.0 1.4053042768176153e-13
67362700.0 1.3866527415183067e-13
67587500.0 1.3685107415737817e-13
67813200.0 1.3504711009237247e-13
68039600.0 1.3325374337327596e-13
68266700.0 1.314709237318432e-13
68494700.0 1.2973748900188764e-13
68723300.0 1.2801443857833607e-13
68952800.0 1.2634017056409942e-13
69183000.0 1.246368731001143e-13
69413900.0 1.2302112696614905e-13
69645700.0 1.2137590764738159e-13
69878200.0 1.1977889334109367e-13
70111500.0 1.1819112239929225e-13
70345500.0 1.1661272279717035e-13
70580400.0 1.1508142872904391e-13
70816000.0 1.1355917099252256e-13
71052400.0 1.1204574699440896e-13
71289700.0 1.105786920381669e-13
71527700.0 1.0908270170203111e-13
71766500.0 1.0763291104596343e-13
72006100.0 1.0622890874435076e-13
72246400.0 1.0483320333321878e-13
72487600.0 1.034454673164723e-13
72729600.0 1.0206581325905791e-13
72972500.0 1.0069406814022323e-13
73216100.0 9.936720980805587e-14
73460500.0 9.804808370066577e-14
73705800.0 9.677301518559755e-14
73951800.0 9.54691323988297e-14
74198700.0 9.420900144214966e-14
74446400.0 9.295623005651701e-14
74695000.0 9.174666982478133e-14
74944400.0 9.050828017217961e-14
75194600.0 8.931292366497663e-14
75445600.0 8.812456110231753e-14
75697500.0 8.697857619726226e-14
75950200.0 8.580387660565495e-14
76203800.0 8.467126276597843e-14
76458200.0 8.354528825106162e-14
76713400.0 8.246098217595973e-14
76969500.0 8.134797152961266e-14
77226500.0 8.027623479697347e-14
77484300.0 7.921078977868319e-14
77743000.0 7.818610186971264e-14
78002500.0 7.713293893858555e-14
78263000.0 7.612015369671068e-14
78524200.0 7.511341864004111e-14
78786400.0 7.411241822424891e-14
79049400.0 7.311731836537168e-14
79313300.0 7.216191020811085e-14
79578100.0 7.12120334542582e-14
79843800.0 7.026766519058022e-14
80110400.0 6.932878243600076e-14
80377800.0 6.842890880674812e-14
80646200.0 6.750081507627619e-14
80915400.0 6.661145945803183e-14
81185500.0 6.572727322559413e-14
81456600.0 6.484815465269255e-14
81728500.0 6.400715069305393e-14
82001400.0 6.317095362459663e-14
82275100.0 6.230700771409627e-14
82549800.0 6.148062759101516e-14
82825400.0 6.069154269048169e-14
83101900.0 5.987467820941476e-14
83379400.0 5.909478011996253e-14
83657700.0 5.828734869198107e-14
83937000.0 5.75166293662221e-14
84217300.0 5.678228433902205e-14
84498400.0 5.602045084058587e-14
84780500.0 5.5263017459812105e-14
85063600.0 5.4541585443171194e-14
85347500.0 5.382443496594363e-14
85632500.0 5.31113574753512e-14
85918400.0 5.2402461809811967e-14
86205200.0 5.1697728565240676e-14
86493000.0 5.1028175153747935e-14
86781800.0 5.0362482417211387e-14
87071500.0 4.966980277571987e-14
87362200.0 4.901194287056561e-14
87653800.0 4.838863398753345e-14
87946500.0 4.773827916832728e-14
88240100.0 4.709175864417798e-14
88534700.0 4.647938020129579e-14
88830300.0 4.587054724206937e-14
89126800.0 4.5265295770146885e-14
89424400.0 4.466350854371134e-14
89722900.0 4.4065271450051137e-14
90022500.0 4.347047053964649e-14
90323000.0 4.290896551081736e-14
90624600.0 4.2350670232053845e-14
90927100.0 4.176608557714168e-14
91230700.0 4.1214362024620556e-14
91535200.0 4.0665898531251156e-14
91840800.0 4.014987652791253e-14
92147500.0 3.9607616461683055e-14
92455100.0 3.906857377885233e-14
92763800.0 3.8561642802128614e-14
93073400.0 3.805770655799645e-14
93384200.0 3.755662917861861e-14
93695900.0 3.705852012232001e-14
94008700.0 3.6563286382173264e-14
94322600.0 3.607091667853452e-14
94637500.0 3.560985695731995e-14
94953500.0 3.5123123031644914e-14
95270500.0 3.4667485266487744e-14
95588500.0 3.421451165544545e-14
95907600.0 3.376415466211409e-14
96227800.0 3.3316403700051337e-14
96549100.0 3.287124814486542e-14
96871400.0 3.242871081205652e-14
97194800.0 3.1988746402633454e-14
97519300.0 3.157892405358736e-14
97844900.0 3.1143981554016903e-14
98171600.0 3.073897665270763e-14
98499300.0 3.0336350410239226e-14
98828100.0 2.9936061095656e-14
99158100.0 2.9538068994584647e-14
99489100.0 2.914242423316975e-14
99821300.0 2.8749057750004984e-14
100155000.0 2.8384730121248005e-14
100489000.0 2.799597373740328e-14
100824000.0 2.7636195070726612e-14
101161000.0 2.727825998877e-14
101499000.0 2.689593807158973e-14
101838000.0 2.6542303906609596e-14
102178000.0 2.6198656680958125e-14
102519000.0 2.5851789677921463e-14
102861000.0 2.5509589313399555e-14
103204000.0 2.51720191414211e-14
103549000.0 2.4838803052735654e-14
103895000.0 2.451015282617156e-14
104241000.0 2.4183684331908417e-14
104589000.0 2.3864062783577392e-14
104939000.0 2.3548675356459993e-14
105289000.0 2.3235384740965684e-14
105641000.0 2.2928827994938094e-14
105993000.0 2.2624307382892974e-14
106347000.0 2.2326440991456594e-14
106702000.0 2.20303445839993e-14
107058000.0 2.173852110273144e-14
107416000.0 2.14507365137542e-14
107774000.0 2.1167359393151313e-14
108134000.0 2.0885472368668118e-14
108495000.0 2.0610224069785394e-14
108857000.0 2.0336614565798934e-14
109221000.0 2.006691387057299e-14
109585000.0 1.980145918380618e-14
109951000.0 1.953985289981735e-14
110318000.0 1.9279807716947687e-14
110687000.0 1.90260030781428e-14
111056000.0 1.8773885046305908e-14
111427000.0 1.8525518136767352e-14
111799000.0 1.827863613403163e-14
112172000.0 1.8038026301870064e-14
112547000.0 1.7798695047563553e-14
112922000.0 1.756333516439464e-14
113299000.0 1.7329227401384016e-14
113678000.0 1.7101103562050557e-14
114057000.0 1.687449578810734e-14
114438000.0 1.665144827952607e-14
114820000.0 1.6429737940434156e-14
115203000.0 1.6211691875730366e-14
115588000.0 1.5997140920595134e-14
115974000.0 1.5786197484182706e-14
116361000.0 1.557651970446679e-14
116750000.0 1.5370272448506934e-14
117139000.0 1.5167691068950383e-14
117530000.0 1.496619603410511e-14
117923000.0 1.4768067572753726e-14
118316000.0 1.457125532366968e-14
118711000.0 1.438003530279844e-14
119108000.0 1.4189845323451902e-14
119505000.0 1.400091898030135e-14
119904000.0 1.3815256417025176e-14
120305000.0 1.3632834419549725e-14
120706000.0 1.3451624478160761e-14
121109000.0 1.3273616167326013e-14
121514000.0 1.3098786422036712e-14
121919000.0 1.2925118202790805e-14
122326000.0 1.2752391470699074e-14
122735000.0 1.2584988026114453e-14
123145000.0 1.2418595734504686e-14
123556000.0 1.2253208569927824e-14
123968000.0 1.2090990103391959e-14
124382000.0 1.1931816829922787e-14
124797000.0 1.1773605300941677e-14
125214000.0 1.1616256972413472e-14
125632000.0 1.1464143640216521e-14
126051000.0 1.1310815704284088e-14
126472000.0 1.1162580494777382e-14
126894000.0 1.1013122555829169e-14
127318000.0 1.0868709690106879e-14
127743000.0 1.0723066080488159e-14
128170000.0 1.0582420174583052e-14
128597000.0 1.044270828427429e-14
129027000.0 1.0303681560365904e-14
129458000.0 1.0167577445014694e-14
129890000.0 1.0032299338394742e-14
130323000.0 9.899905910563321e-15
130758000.0 9.768239915726717e-15
131195000.0 9.639350192840537e-15
131633000.0 9.511244005673611e-15
132072000.0 9.385952908858991e-15
132513000.0 9.261352191549619e-15
132956000.0 9.139463507248071e-15
133400000.0 9.018316770468773e-15
133845000.0 8.897907312872309e-15
134292000.0 8.78016790377032e-15
134740000.0 8.663145405780416e-15
135190000.0 8.548761539666045e-15
135641000.0 8.43507444740198e-15
136094000.0 8.323994815521046e-15
136549000.0 8.213531902298738e-15
137004000.0 8.105765829912479e-15
137462000.0 7.998538620096232e-15
137921000.0 7.891966341818919e-15
138381000.0 7.78798838420893e-15
138843000.0 7.684588717907454e-15
139307000.0 7.581766042809288e-15
139772000.0 7.481496792073605e-15
140238000.0 7.383757710810624e-15
140707000.0 7.284599212155321e-15
141176000.0 7.188004657814975e-15
141648000.0 7.0937983348123865e-15
142121000.0 7.000168500695344e-15
142595000.0 6.9071113885139116e-15
143071000.0 6.8145756261084304e-15
143549000.0 6.724433518113307e-15
144028000.0 6.636711066675957e-15
144509000.0 6.547618343493434e-15
144991000.0 6.4609271859594745e-15
145475000.0 6.376571677400774e-15
145961000.0 6.29084672747813e-15
146448000.0 6.207484911640054e-15
146937000.0 6.1264227405021196e-15
147428000.0 6.043991978264558e-15
147920000.0 5.9657046645737846e-15
148414000.0 5.88604486008767e-15
148909000.0 5.808680781398159e-15
149407000.0 5.731714250934598e-15
149905000.0 5.655259102108352e-15
150406000.0 5.580987175010234e-15
150908000.0 5.505389652349486e-15
151412000.0 5.43377433579018e-15
151917000.0 5.36082848577644e-15
152424000.0 5.290061139634218e-15
152933000.0 5.2196947501292235e-15
153444000.0 5.151480879189078e-15
153956000.0 5.083686812018142e-15
154470000.0 5.016277216519981e-15
154986000.0 4.949250877115467e-15
155503000.0 4.88436755545722e-15
156022000.0 4.819852453576483e-15
156543000.0 4.755704381847519e-15
157066000.0 4.691922138357138e-15
157590000.0 4.630240566341254e-15
158116000.0 4.568910035140239e-15
158644000.0 4.507929372574758e-15
159174000.0 4.4489870982706704e-15
159705000.0 4.3904085493724136e-15
160238000.0 4.332164170639342e-15
160773000.0 4.274252812177994e-15
161310000.0 4.218340642864968e-15
161849000.0 4.161086284734128e-15
162389000.0 4.105842980905044e-15
162931000.0 4.052566879754709e-15
163475000.0 3.9979498762108575e-15
164021000.0 3.945286850297798e-15
164569000.0 3.8929259637709435e-15
165118000.0 3.8425182482940405e-15
165669000.0 3.790775380915806e-15
166222000.0 3.740948621547904e-15
166777000.0 3.691408029649956e-15
167334000.0 3.642152534158783e-15
167893000.0 3.594783011035543e-15
168453000.0 3.546110186590833e-15
169016000.0 3.499289127553902e-15
169580000.0 3.4527585983224147e-15
170146000.0 3.408077249863351e-15
170714000.0 3.3620772969769e-15
171284000.0 3.317913946006919e-15
171856000.0 3.274005452120285e-15
172430000.0 3.2303508068857988e-15
173005000.0 3.1869674187627694e-15
173583000.0 3.1453665604676564e-15
174162000.0 3.1040240066619674e-15
174744000.0 3.062902843192704e-15
175327000.0 3.022037448958063e-15
175912000.0 2.9814090294924428e-15
176500000.0 2.9425237807906446e-15
177089000.0 2.903880361981958e-15
177680000.0 2.8654608933841573e-15
178273000.0 2.8272644407732593e-15
178869000.0 2.7892744732929985e-15
179466000.0 2.753020152049911e-15
180065000.0 2.716976055602883e-15
180666000.0 2.6796525940996498e-15
181269000.0 2.6455149592088062e-15
181874000.0 2.610096165395631e-15
182482000.0 2.574869898562647e-15
183091000.0 2.5413326946967498e-15
183702000.0 2.5079905498031392e-15
184315000.0 2.4748426094194726e-15
184931000.0 2.441874813472937e-15
185548000.0 2.4091129341495323e-15
186168000.0 2.3779746197609738e-15
186789000.0 2.3455905571895274e-15
187413000.0 2.3148191795284112e-15
188038000.0 2.284239883422721e-15
188666000.0 2.25382735365739e-15
189296000.0 2.2235931229989468e-15
189928000.0 2.1949524706634193e-15
190562000.0 2.16506766907487e-15
191198000.0 2.1367654169562372e-15
191837000.0 2.108617853845462e-15
192477000.0 2.080646374710252e-15
193120000.0 2.052828403593923e-15
193764000.0 2.025184607765177e-15
194411000.0 1.9990765754346966e-15
195060000.0 1.973121510687265e-15
195711000.0 1.945944432922069e-15
196365000.0 1.9202879162754775e-15
197020000.0 1.8947921147460016e-15
197678000.0 1.87079748351334e-15
198338000.0 1.8455873847360217e-15
199000000.0 1.8205262134753578e-15
199665000.0 1.796951288309363e-15
200331000.0 1.7735240251333137e-15
201000000.0 1.7488877972477853e-15
201671000.0 1.725731561530898e-15
202344000.0 1.7040412810612636e-15
203020000.0 1.6811451653716539e-15
203698000.0 1.6583847360918909e-15
204378000.0 1.6370752879566716e-15
205060000.0 1.614579809327521e-15
205745000.0 1.5935174848976358e-15
206432000.0 1.5725797074088645e-15
207121000.0 1.5517658440688745e-15
207812000.0 1.5310752633098759e-15
208506000.0 1.5105000903979482e-15
209202000.0 1.4913328161726319e-15
209901000.0 1.4709902622593967e-15
210601000.0 1.4520529484615075e-15
211304000.0 1.4319479149874334e-15
212010000.0 1.4132248393421867e-15
212718000.0 1.3946129342574177e-15
213428000.0 1.3761116166098254e-15
214140000.0 1.3577203048016913e-15
214855000.0 1.3394321846392523e-15
215573000.0 1.3224946292994429e-15
216292000.0 1.3044200001960367e-15
217014000.0 1.2876867085704302e-15
217739000.0 1.2710468775231148e-15
218466000.0 1.253274889572922e-15
219195000.0 1.2368365369499309e-15
219927000.0 1.220612808255145e-15
220661000.0 1.2044858015032943e-15
221398000.0 1.1885711049015554e-15
222137000.0 1.172751453024353e-15
222879000.0 1.1572624828006264e-15
223623000.0 1.1419863607985668e-15
224369000.0 1.126801505634e-15
225118000.0 1.1119414237000417e-15
225870000.0 1.097165324405264e-15
226624000.0 1.0825964147637276e-15
227381000.0 1.068346604692507e-15
228140000.0 1.0541821195045103e-15
228901000.0 1.0402199808607995e-15
229666000.0 1.026449603369083e-15
230432000.0 1.0127662623928521e-15
231202000.0 9.993889650185967e-16
231973000.0 9.86212168130931e-16
232748000.0 9.731059474858787e-16
233525000.0 9.601936688840045e-16
234305000.0 9.474696897629925e-16
235087000.0 9.349365999259242e-16
235872000.0 9.225889081651934e-16
236659000.0 9.103154387819406e-16
237449000.0 8.983385200730432e-16
238242000.0 8.864298699597582e-16
239037000.0 8.747054329587823e-16
239835000.0 8.630479291070283e-16
240636000.0 8.51680666744684e-16
241439000.0 8.403818677519515e-16
242245000.0 8.29258735109662e-16
243054000.0 8.183099330938954e-16
243866000.0 8.074238420680509e-16
244680000.0 7.967134156221101e-16
245497000.0 7.86173965759889e-16
246316000.0 7.758073258861788e-16
247139000.0 7.654970057085468e-16
247964000.0 7.553575009990003e-16
248792000.0 7.453843609710706e-16
249622000.0 7.354714908610343e-16
250456000.0 7.257201213857867e-16
251292000.0 7.161348098028231e-16
252131000.0 7.066046560246201e-16
252972000.0 6.972385248343806e-16
253817000.0 6.880295857005219e-16
254664000.0 6.789820401634419e-16
255515000.0 6.699839899756028e-16
256368000.0 6.610405203498469e-16
257223000.0 6.523604202954514e-16
258082000.0 6.437278564884969e-16
258944000.0 6.351452087203087e-16
259808000.0 6.267182106346454e-16
260676000.0 6.184407635660638e-16
261546000.0 6.102135918657848e-16
262419000.0 6.021365807582411e-16
263295000.0 5.942085126833099e-16
264174000.0 5.863263656071656e-16
265056000.0 5.7859142197101595e-16
265941000.0 5.7090134494490075e-16
266829000.0 5.633567448932503e-16
267720000.0 5.55855965898141e-16
268614000.0 5.484989508010249e-16
269510000.0 5.4128652303725165e-16
270410000.0 5.341139916314961e-16
271313000.0 5.269832191246864e-16
272219000.0 5.199928273073011e-16
273127000.0 5.131435283082351e-16
274039000.0 5.063322280979001e-16
274954000.0 4.996584815215803e-16
275872000.0 4.930236443018817e-16
276793000.0 4.865247139432709e-16
277717000.0 4.800637033100274e-16
278644000.0 4.737369672804329e-16
279575000.0 4.674454995247323e-16
280508000.0 4.611925062685024e-16
281445000.0 4.551656306321914e-16
282384000.0 4.490803253906104e-16
283327000.0 4.4312402972542035e-16
284273000.0 4.3729724950316483e-16
285222000.0 4.31504582556788e-16
286174000.0 4.257458716864955e-16
287129000.0 4.201146306889836e-16
288088000.0 4.146083286331611e-16
289050000.0 4.0904126929720156e-16
290015000.0 4.0369244676177456e-16
290983000.0 3.9828256403909846e-16
291955000.0 3.9308741779430366e-16
292929000.0 3.878322839984974e-16
293907000.0 3.8269828500084305e-16
294888000.0 3.775944988608885e-16
295873000.0 3.726104240113953e-16
296861000.0 3.6765570885686396e-16
297852000.0 3.6282050972791305e-16
298846000.0 3.5801378482562667e-16
299844000.0 3.5332391606837915e-16
300845000.0 3.4857228594833865e-16
301849000.0 3.440269598005055e-16
302857000.0 3.394184798054218e-16
303868000.0 3.3492578014508096e-16
304883000.0 3.3045854109222315e-16
305900000.0 3.261067390637532e-16
306922000.0 3.2177853518282787e-16
307946000.0 3.175643370729046e-16
308974000.0 3.133740156554321e-16
310006000.0 3.092074956032795e-16
311041000.0 3.0506568153670754e-16
312079000.0 3.0103462934966725e-16
313121000.0 2.970265090325164e-16
314167000.0 2.93126854984175e-16
315215000.0 2.892512468152088e-16
316268000.0 2.8539681181750535e-16
317324000.0 2.8165005378738613e-16
318383000.0 2.7792553137622995e-16
319446000.0 2.7422226994323907e-16
320512000.0 2.7062495540106033e-16
321583000.0 2.6704733821974836e-16
322656000.0 2.634918384531453e-16
323733000.0 2.599566960710053e-16
324814000.0 2.565246424829546e-16
325899000.0 2.53112250598382e-16
326987000.0 2.49802466658163e-16
328078000.0 2.4651238111834203e-16
329174000.0 2.432404101780033e-16
330272000.0 2.3998870200115273e-16
331375000.0 2.368361344935567e-16
332481000.0 2.3370237561929846e-16
333591000.0 2.305866316200305e-16
334705000.0 2.2756919132466565e-16
335823000.0 2.244890065981182e-16
336944000.0 2.2158693577998553e-16
338069000.0 2.1862196664886773e-16
339197000.0 2.1575404991691445e-16
340330000.0 2.129020165613353e-16
341466000.0 2.1006706413807178e-16
342606000.0 2.0724849229033471e-16
343750000.0 2.04524478398141e-16
344897000.0 2.018167799345878e-16
346049000.0 1.9912415423491503e-16
347204000.0 1.965251627909346e-16
348363000.0 1.9386397269917363e-16
349526000.0 1.912951920435898e-16
350693000.0 1.8881798935291068e-16
351864000.0 1.8627866253144918e-16
353039000.0 1.8383028265681233e-16
354217000.0 1.8139661000118824e-16
355400000.0 1.789765527594356e-16
356586000.0 1.7664649304712724e-16
357777000.0 1.7425427072063168e-16
358971000.0 1.7195141037748156e-16
360170000.0 1.69661463346793e-16
361372000.0 1.6745974908321873e-16
362579000.0 1.65196175081018e-16
363789000.0 1.630202099480383e-16
365004000.0 1.608564682821925e-16
366222000.0 1.5877922466167198e-16
367445000.0 1.56640423481428e-16
368671000.0 1.545875082968467e-16
369902000.0 1.5254613961665587e-16
371137000.0 1.505166906065784e-16
372376000.0 1.4849910807041042e-16
373619000.0 1.4656532565283773e-16
374867000.0 1.4464243836706892e-16
376118000.0 1.4265966480870756e-16
377374000.0 1.4083071441029034e-16
378634000.0 1.3894139606619937e-16
379898000.0 1.371339642995666e-16
381166000.0 1.352665382215024e-16
382439000.0 1.3348007791852975e-16
383716000.0 1.3170409816226587e-16
384997000.0 1.300084094547916e-16
386282000.0 1.2825301159829818e-16
387572000.0 1.2657701720105739e-16
388866000.0 1.2491085771212348e-16
390164000.0 1.2325448652237776e-16
391466000.0 1.216078570398231e-16
392773000.0 1.199706172480944e-16
394085000.0 1.1841098444728207e-16
395400000.0 1.1686081528434123e-16
396720000.0 1.1525167434932173e-16
398045000.0 1.1378691725425835e-16
399374000.0 1.1226340982635983e-16
400707000.0 1.1074890279808939e-16
402045000.0 1.0930997730135273e-16
403387000.0 1.0787952773572451e-16
404734000.0 1.0639079645459012e-16
406085000.0 1.0504337150091089e-16
407441000.0 1.0363759844138354e-16
408801000.0 1.022401510200907e-16
410166000.0 1.0091631407981019e-16
411535000.0 9.953493654602349e-17
412909000.0 9.822666741379603e-17
414287000.0 9.692614037818815e-17
415671000.0 9.563285584645971e-17
417058000.0 9.441196524065253e-17
418451000.0 9.313355758029349e-17
419848000.0 9.192681846719216e-17
421249000.0 9.066337435461931e-17
422656000.0 8.947067203657663e-17
424067000.0 8.828505150618566e-17
425482000.0 8.710647574716659e-17
426903000.0 8.599750707707659e-17
428328000.0 8.483231154747654e-17
429758000.0 8.373645305119815e-17
431193000.0 8.258452982112214e-17
432632000.0 8.1501662884457e-17
434077000.0 8.042486394556193e-17
435526000.0 7.935448151606786e-17
436980000.0 7.829030199697068e-17
438439000.0 7.72936442460468e-17
439903000.0 7.624159039484113e-17
441371000.0 7.525677097593194e-17
442845000.0 7.427747447837126e-17
444323000.0 7.324348376123587e-17
445807000.0 7.227570755551139e-17
447295000.0 7.131371529115265e-17
448788000.0 7.041724795939144e-17
450287000.0 6.946606897413346e-17
451790000.0 6.852059523918611e-17
453298000.0 6.76399792612258e-17
454812000.0 6.67643222148896e-17
456330000.0 6.583495899492611e-17
457853000.0 6.496979256267378e-17
459382000.0 6.410952547170137e-17
460916000.0 6.325427979563381e-17
462454000.0 6.246232683772781e-17
463998000.0 6.161686147668268e-17
465547000.0 6.077635144786896e-17
467102000.0 5.999822599053583e-17
468661000.0 5.916737034375488e-17
470226000.0 5.839847694896651e-17
471796000.0 5.763407381778342e-17
473371000.0 5.687414049459128e-17
474951000.0 5.611865651234629e-17
476537000.0 5.537312919171921e-17
478128000.0 5.4643226995052806e-17
479724000.0 5.391760430528163e-17
481325000.0 5.320741684604088e-17
482932000.0 5.250128593486108e-17
484545000.0 5.180474814945308e-17
486162000.0 5.1117944085238755e-17
487785000.0 5.0440587020854766e-17
489414000.0 4.977260788386957e-17
491048000.0 4.9114037847813936e-17
492687000.0 4.846480334699157e-17
494332000.0 4.782473447693822e-17
495982000.0 4.718843570994193e-17
497638000.0 4.656660450315371e-17
499300000.0 4.594834597074382e-17
500967000.0 4.533910601287726e-17
502639000.0 4.4738813080605483e-17
504317000.0 4.4147308501201705e-17
506001000.0 4.355921054460095e-17
507690000.0 4.2985186122976817e-17
509385000.0 4.24144688021233e-17
511086000.0 4.185230823398362e-17
512792000.0 4.129871953674516e-17
514504000.0 4.07535543719936e-17
516222000.0 4.02115378432724e-17
517945000.0 3.967792681802128e-17
519674000.0 3.915257775124212e-17
521409000.0 3.863542658862172e-17
523150000.0 3.8126409559979016e-17
524896000.0 3.7620410863217445e-17
526649000.0 3.7122380877822693e-17
528407000.0 3.6627308785442856e-17
530171000.0 3.6145257048144766e-17
531941000.0 3.566600016835403e-17
533717000.0 3.519456581661361e-17
535499000.0 3.472586946443731e-17
537287000.0 3.4264905400719855e-17
539080000.0 3.381167479974237e-17
540880000.0 3.3365989944835014e-17
542686000.0 3.2922897645562275e-17
544498000.0 3.248732628826103e-17
546315000.0 3.2059274071259615e-17
548139000.0 3.1633655768290226e-17
549969000.0 3.121541056208291e-17
551805000.0 3.079960461333536e-17
553648000.0 3.0391030191048385e-17
555496000.0 2.998973873812644e-17
557351000.0 2.9595562409045145e-17
559211000.0 2.9198930512998595e-17
561078000.0 2.881415612906332e-17
562951000.0 2.843163091292265e-17
564831000.0 2.8056056737055056e-17
566717000.0 2.7682681323543103e-17
568609000.0 2.731622469522977e-17
570507000.0 2.6956629578837995e-17
572412000.0 2.659909389484908e-17
574323000.0 2.624833894037201e-17
576240000.0 2.589964076767353e-17
578164000.0 2.555759748788547e-17
580094000.0 2.5217562312327718e-17
582031000.0 2.4884104037994117e-17
583974000.0 2.4552605634271512e-17
585923000.0 2.422764809592231e-17
587879000.0 2.3909135647394786e-17
589842000.0 2.3592455700344352e-17
591811000.0 2.3277640589901553e-17
593787000.0 2.2969172148273098e-17
595769000.0 2.2667036144834233e-17
597758000.0 2.236664183756112e-17
599754000.0 2.207246686709995e-17
601756000.0 2.1780026281889118e-17
603765000.0 2.1489275955310886e-17
605781000.0 2.1204648984271184e-17
607803000.0 2.0926128700963934e-17
609833000.0 2.0649184513339205e-17
611869000.0 2.0373878192577806e-17
613911000.0 2.0104582552868885e-17
615961000.0 1.983681480388237e-17
618017000.0 1.9574985404160062e-17
620081000.0 1.9314643128287087e-17
622151000.0 1.9060167489964145e-17
624228000.0 1.8807168698722225e-17
626312000.0 1.8559934837895443e-17
628403000.0 1.831413681016476e-17
630501000.0 1.8069768516852408e-17
632606000.0 1.783107541294052e-17
634718000.0 1.7593771510676148e-17
636837000.0 1.7362074135228846e-17
638963000.0 1.7131725853296862e-17
641096000.0 1.6906916053215443e-17
643236000.0 1.6679234362497744e-17
645384000.0 1.646119344352569e-17
647538000.0 1.624029505142319e-17
649700000.0 1.602894354206242e-17
651869000.0 1.5814698189726367e-17
654046000.0 1.5605795213957768e-17
656229000.0 1.5398137508061524e-17
658420000.0 1.5195757097834035e-17
660618000.0 1.4994560241976553e-17
662824000.0 1.4794519220052757e-17
665036000.0 1.4599717886549185e-17
667257000.0 1.4406013816694325e-17
669484000.0 1.4213467593210417e-17
671719000.0 1.4026035116422877e-17
673962000.0 1.3839681505135356e-17
676212000.0 1.3658400232572491e-17
678470000.0 1.3478162408909139e-17
680735000.0 1.3298983541432211e-17
683007000.0 1.312085860405696e-17
685288000.0 1.294766952200258e-17
687575000.0 1.2775518060149185e-17
689871000.0 1.2608242231270404e-17
692174000.0 1.2441950322390635e-17
694485000.0 1.2276619896141868e-17
696803000.0 1.2112264463117629e-17
699130000.0 1.1952692100359191e-17
701464000.0 1.1794060766560352e-17
703806000.0 1.1640170760541338e-17
706155000.0 1.1483378912170733e-17
708513000.0 1.1331278912967e-17
710878000.0 1.1183861315880858e-17
713252000.0 1.1033511220788469e-17
715633000.0 1.0887810502446897e-17
718022000.0 1.0742956401538315e-17
720419000.0 1.0602678658810781e-17
722824000.0 1.0459494572329597e-17
725237000.0 1.0320854865521243e-17
727659000.0 1.0186704902668954e-17
730088000.0 1.0049664722783622e-17
732525000.0 9.917096755459279e-18
734971000.0 9.78528810450748e-18
737425000.0 9.657896373776076e-18
739887000.0 9.527611535406059e-18
742357000.0 9.401712607371977e-18
744835000.0 9.276549055891166e-18
747322000.0 9.155704279182534e-18
749817000.0 9.035564745277587e-18
752320000.0 8.916127270167429e-18
754832000.0 8.79737701260004e-18
757352000.0 8.679322828034346e-18
759880000.0 8.565500983114071e-18
762417000.0 8.452334184101316e-18
764962000.0 8.33983081019871e-18
767516000.0 8.227977059530327e-18
770079000.0 8.120262976554908e-18
772650000.0 8.01318054050654e-18
775229000.0 7.906726782050631e-18
777817000.0 7.80088870315547e-18
780414000.0 7.69911017438299e-18
783019000.0 7.597929152216708e-18
785634000.0 7.497323697864683e-18
788256000.0 7.397320065127154e-18
790888000.0 7.297887241259849e-18
793528000.0 7.202430829136293e-18
796178000.0 7.107518190028123e-18
798836000.0 7.013165035148087e-18
801503000.0 6.919359990586314e-18
804179000.0 6.829445240874166e-18
806863000.0 6.7367267192550554e-18
809557000.0 6.647863195184941e-18
812260000.0 6.5595164584374196e-18
814971000.0 6.4749924349027386e-18
817692000.0 6.3876615076228745e-18
820422000.0 6.304119019999348e-18
823161000.0 6.22106265452402e-18
825909000.0 6.1384902899658296e-18
828667000.0 6.0563924930401824e-18
831433000.0 5.9747818755869335e-18
834209000.0 5.8968659024396885e-18
836994000.0 5.819404196507681e-18
839788000.0 5.742394728782965e-18
842592000.0 5.665828743850675e-18
845405000.0 5.589711157826211e-18
848227000.0 5.517210743272973e-18
851059000.0 5.441966897215873e-18
853901000.0 5.370309042066681e-18
856751000.0 5.2990771146831665e-18
859612000.0 5.231379436469887e-18
862481000.0 5.160964584605214e-18
865361000.0 5.090951928324741e-18
868250000.0 5.0244493806022024e-18
871149000.0 4.9583310062557574e-18
874057000.0 4.892600849635128e-18
876975000.0 4.827251568049678e-18
879903000.0 4.765338263717591e-18
882840000.0 4.700741195823404e-18
885788000.0 4.6395512782858495e-18
888745000.0 4.575694682671747e-18
891712000.0 4.515227182229951e-18
894689000.0 4.458117087388874e-18
897676000.0 4.39834061417304e-18
900673000.0 4.338912457171393e-18
903680000.0 4.282807362358535e-18
906697000.0 4.2240614533694204e-18
909724000.0 4.168615871697267e-18
912761000.0 4.113492976739973e-18
915808000.0 4.058691363932599e-18
918866000.0 4.007132319192693e-18
921933000.0 3.952959383475311e-18
925011000.0 3.899099319860817e-18
928099000.0 3.848453005499094e-18
931198000.0 3.7980977310278064e-18
934307000.0 3.7480363905274814e-18
937426000.0 3.698267661566341e-18
940556000.0 3.648786341162479e-18
943696000.0 3.599595114194979e-18
946846000.0 3.553533207280773e-18
950007000.0 3.504905046139554e-18
953179000.0 3.4593812080034557e-18
956361000.0 3.414123654936945e-18
959554000.0 3.36912764164891e-18
962758000.0 3.3243921082456902e-18
965972000.0 3.279919386530904e-18
969197000.0 3.2357048999756053e-18
972432000.0 3.1945166773059508e-18
975679000.0 3.1508061912182256e-18
978936000.0 3.110101368675716e-18
982204000.0 3.0696321263711563e-18
985484000.0 3.026665217645219e-18
988774000.0 2.9866732994093745e-18
992075000.0 2.9469139576690557e-18
995387000.0 2.9100882284654624e-18
998710000.0 2.870782059929183e-18
1002040000.0 2.831716808387089e-18
1005390000.0 2.7955299312597306e-18
1008750000.0 2.7568898113442818e-18
1012110000.0 2.721163632516788e-18
1015490000.0 2.68562098200828e-18
1018880000.0 2.6502881378892606e-18
1022280000.0 2.614637859866076e-18
1025700000.0 2.5799602954351012e-18
1029120000.0 2.5457745602092517e-18
1032560000.0 2.5122875854565797e-18
1036000000.0 2.479022995246667e-18
1039460000.0 2.446190265756179e-18
1042930000.0 2.4135522462775913e-18
1046420000.0 2.3815992318948403e-18
1049910000.0 2.350114818412415e-18
1053410000.0 2.319072333175334e-18
1056930000.0 2.2884466149243075e-18
1060460000.0 2.258002918482232e-18
1064000000.0 2.2282458483243676e-18
1067550000.0 2.19866553351186e-18
1071120000.0 2.1694918913986435e-18
1074690000.0 2.140762336915868e-18
1078280000.0 2.1124332768262254e-18
1081880000.0 2.0845215627824903e-18
1085490000.0 2.0567760393463407e-18
1089120000.0 2.0296710840116214e-18
1092750000.0 2.002746208270341e-18
1096400000.0 1.976208887164322e-18
1100060000.0 1.950074437228315e-18
1103730000.0 1.924095881191775e-18
1107420000.0 1.8987409672391275e-18
1111120000.0 1.8735375989381088e-18
1114820000.0 1.8487427823820333e-18
1118550000.0 1.824303533243069e-18
1122280000.0 1.8000267362538153e-18
1126030000.0 1.7763569420695432e-18
1129790000.0 1.7528287641014736e-18
1133560000.0 1.7294414158137549e-18
1137340000.0 1.7066670711372286e-18
1141140000.0 1.6840140929812216e-18
1144950000.0 1.6617318783989143e-18
1148770000.0 1.6398173202746869e-18
1152610000.0 1.6180199476414981e-18
1156460000.0 1.5965860967271264e-18
1160320000.0 1.5755127031524988e-18
1164190000.0 1.5545656997764646e-18
1168080000.0 1.5339614932662889e-18
1171980000.0 1.5137106408104927e-18
1175890000.0 1.4935814171220738e-18
1179810000.0 1.4738010909156047e-18
1183750000.0 1.4543544112333463e-18
1187710000.0 1.435012590212937e-18
1191670000.0 1.416025014875772e-18
1195650000.0 1.397364790836018e-18
1199640000.0 1.3788168907748644e-18
1203650000.0 1.3605928087617677e-18
1207660000.0 1.342489751820086e-18
1211700000.0 1.3246956918633806e-18
1215740000.0 1.3072411228630638e-18
1219800000.0 1.2898810260601933e-18
1223870000.0 1.2728454698601784e-18
1227960000.0 1.2559023867286632e-18
1232060000.0 1.2392800359947984e-18
1236170000.0 1.2229756297427085e-18
1240300000.0 1.2067598220513877e-18
1244440000.0 1.1906420802623094e-18
1248590000.0 1.175052632885623e-18
1252760000.0 1.1593332694984052e-18
1256940000.0 1.1441370629948315e-18
1261140000.0 1.128810422707832e-18
1265350000.0 1.1140018386126578e-18
1269580000.0 1.099274150887142e-18
1273810000.0 1.0846442769942687e-18
1278070000.0 1.070296566857614e-18
1282330000.0 1.056044185139045e-18
1286620000.0 1.0420709326653266e-18
1290910000.0 1.0283988996701887e-18
1295220000.0 1.0145941129921975e-18
1299540000.0 1.001287120017856e-18
1303880000.0 9.880531497271643e-19
1308240000.0 9.748920823277882e-19
1312600000.0 9.62023351694062e-19
1316990000.0 9.492182059717584e-19
1321380000.0 9.367016872230062e-19
1325790000.0 9.242541170492506e-19
1330220000.0 9.120775608197036e-19
1334660000.0 8.999750948289795e-19
1339120000.0 8.879396224201756e-19
1343590000.0 8.761777112192226e-19
1348070000.0 8.646869017110644e-19
1352570000.0 8.532595962961133e-19
1357090000.0 8.41895668478018e-19
1361620000.0 8.307986149133403e-19
1366170000.0 8.197631534448653e-19
1370730000.0 8.08991268430771e-19
1375300000.0 7.982850108415978e-19
1379890000.0 7.876382533714923e-19
1384500000.0 7.772451283568055e-19
1389120000.0 7.669154651687441e-19
1393760000.0 7.568363982832657e-19
1398410000.0 7.468188771299997e-19
1403080000.0 7.368572522332593e-19
1407770000.0 7.271424435031219e-19
1412470000.0 7.17487070109339e-19
1417180000.0 7.078907451024474e-19
1421910000.0 6.985373245156899e-19
1426660000.0 6.892362637628605e-19
1431420000.0 6.801800769505877e-19
1436200000.0 6.711745741799876e-19
1441000000.0 6.622196260416281e-19
1445810000.0 6.53505644272445e-19
1450640000.0 6.448405600046196e-19
1455480000.0 6.364134039049171e-19
1460340000.0 6.278493333984458e-19
1465210000.0 6.195214110506437e-19
1470100000.0 6.114233008413108e-19
1475010000.0 6.033707042312311e-19
1479940000.0 5.953634946885721e-19
1484880000.0 5.874054995761964e-19
1489840000.0 5.796730271860532e-19
1494810000.0 5.719880435875038e-19
1499800000.0 5.643464675604771e-19
1504810000.0 5.569269033235028e-19
1509830000.0 5.495529395582795e-19
1514870000.0 5.422206896144975e-19
1519930000.0 5.35106981341391e-19
1525000000.0 5.280370178518864e-19
1530090000.0 5.210070978164902e-19
1535200000.0 5.140170976888614e-19
1540330000.0 5.072415022603703e-19
1545470000.0 5.005076500879943e-19
1550630000.0 4.939855217022364e-19
1555810000.0 4.873275170630829e-19
1561000000.0 4.808829185506478e-19
1566210000.0 4.746466975208159e-19
1571440000.0 4.68274713421908e-19
1576690000.0 4.62109726024925e-19
1581950000.0 4.559827758100793e-19
1587230000.0 4.4989076596288555e-19
1592530000.0 4.440024649184986e-19
1597850000.0 4.381477425628452e-19
1603180000.0 4.3232918041107544e-19
1608540000.0 4.2654122399742224e-19
1613910000.0 4.2095575476765676e-19
1619290000.0 4.154047662279915e-19
1624700000.0 4.098829726309965e-19
1630120000.0 4.0439534964409694e-19
1635570000.0 3.9910122209441393e-19
1641030000.0 3.93839859283551e-19
1646500000.0 3.8861103112007956e-19
1652000000.0 3.834098675534723e-19
1657520000.0 3.7840092209344764e-19
1663050000.0 3.7326125783798234e-19
1668600000.0 3.683124355971782e-19
1674170000.0 3.635527347630864e-19
1679760000.0 3.5866021166613763e-19
1685370000.0 3.5395552850067116e-19
1691000000.0 3.4927793080428203e-19
1696640000.0 3.4462934559535655e-19
1702310000.0 3.4000557174179232e-19
1707990000.0 3.355680030231472e-19
1713690000.0 3.311559862841236e-19
1719410000.0 3.2676942136370864e-19
1725150000.0 3.2240820765655676e-19
1730910000.0 3.180722441319557e-19
1736690000.0 3.1391629679047376e-19
1742490000.0 3.0978436539414986e-19
1748310000.0 3.0567635272820987e-19
1754140000.0 3.0159388054594326e-19
1760000000.0 2.9768619984905406e-19
1765880000.0 2.936488193517903e-19
1771770000.0 2.8978840325234856e-19
1777690000.0 2.8594874322513355e-19
1783620000.0 2.821329899066852e-19
1789580000.0 2.7848814934325695e-19
1795550000.0 2.7471618413031103e-19
1801550000.0 2.7111399809026886e-19
1807560000.0 2.6753424622356536e-19
1813590000.0 2.6397530916481215e-19
1819650000.0 2.6043566608554155e-19
1825720000.0 2.570654291828809e-19
1831820000.0 2.5356654813907115e-19
1837940000.0 2.5023450699550963e-19
1844070000.0 2.46923243348973e-19
1850230000.0 2.436299708348445e-19
1856400000.0 2.405021402951077e-19
1862600000.0 2.372468102754491e-19
1868820000.0 2.341544938116753e-19
1875060000.0 2.310802285960015e-19
1881320000.0 2.280239330562063e-19
1887600000.0 2.249855255580555e-19
1893900000.0 2.219649244149475e-19
1900230000.0 2.1896089560503335e-19
1906570000.0 2.1611674981380476e-19
1912930000.0 2.132892268559012e-19
1919320000.0 2.1047715324511406e-19
1925730000.0 2.076815850629972e-19
1932160000.0 2.0490244484945286e-19
1938610000.0 2.0213965515357505e-19
1945080000.0 1.9953141394960376e-19
1951570000.0 1.9680063317331612e-19
1958090000.0 1.9422233781382447e-19
1964630000.0 1.9165920464295803e-19
1971190000.0 1.8911116076355786e-19
1977770000.0 1.8657813332861793e-19
1984370000.0 1.8419558713951205e-19
1990990000.0 1.8169192362586283e-19
1997640000.0 1.7933680018349123e-19
2004310000.0 1.7699553862288882e-19
2011000000.0 1.746680708681925e-19
2017720000.0 1.723534747212834e-19
2024450000.0 1.700534048819782e-19
2031210000.0 1.6776609903063377e-19
2037990000.0 1.6549234319633877e-19
2044800000.0 1.6336280308111751e-19
2051620000.0 1.612466143680758e-19
2058470000.0 1.5901147039720013e-19
2065340000.0 1.5691985856957553e-19
2072240000.0 1.5483987372488215e-19
2079160000.0 1.527722249164145e-19
2086100000.0 1.5084577686479304e-19
2093060000.0 1.4880218166092103e-19
2100050000.0 1.4677003574999168e-19
2107060000.0 1.4487764446062402e-19
2114100000.0 1.429957738506385e-19
2121150000.0 1.4112572965517158e-19
2128240000.0 1.3913908238151237e-19
2135340000.0 1.3729094038797673e-19
2142470000.0 1.3557868690780474e-19
2149620000.0 1.3375142829886062e-19
2156800000.0 1.3193444976828135e-19
2164000000.0 1.3025261273176126e-19
2171220000.0 1.2845687213270132e-19
2178470000.0 1.2679475163911642e-19
2185750000.0 1.251419399723519e-19
2193040000.0 1.2349953853366574e-19
2200360000.0 1.2181746531695933e-19
2207710000.0 1.2020582701043787e-19
2215080000.0 1.1861595535451987e-19
2222480000.0 1.1704715007435524e-19
2229900000.0 1.1549978271711875e-19
2237340000.0 1.1396166021460897e-19
2244810000.0 1.1245619343925644e-19
2252300000.0 1.1097166895941404e-19
2259820000.0 1.094955316796025e-19
2267370000.0 1.080514808563597e-19
2274940000.0 1.0661607774199287e-19
2282530000.0 1.0520105730068883e-19
2290150000.0 1.038175447411249e-19
2297800000.0 1.0244187085787843e-19
2305470000.0 1.0108611575889773e-19
2313170000.0 9.97380580502509e-20
2320890000.0 9.842127439374796e-20
2328640000.0 9.711197064179632e-20
2336410000.0 9.58335559465562e-20
2344210000.0 9.4562405920491e-20
2352040000.0 9.33099319695847e-20
2359890000.0 9.207638613227597e-20
2367770000.0 9.084986858928508e-20
2375670000.0 8.965337575327391e-20
2383610000.0 8.846332957233313e-20
2391560000.0 8.72920664759089e-20
2399550000.0 8.613833746887015e-20
2407560000.0 8.499156027086761e-20
2415600000.0 8.38736154016421e-20
2423660000.0 8.276240474434669e-20
2431750000.0 8.166861316921844e-20
2439870000.0 8.058108434703921e-20
2448020000.0 7.9510782644938e-20
2456190000.0 7.845789522317033e-20
2464390000.0 7.742196035490455e-20
2472620000.0 7.639196968796168e-20
2480870000.0 7.538988767926021e-20
2489150000.0 7.43827465322531e-20
2497460000.0 7.340294049187707e-20
2505800000.0 7.242876605911437e-20
2514170000.0 7.147089969815138e-20
2522560000.0 7.051883078986176e-20
2530980000.0 6.959350253523147e-20
2539430000.0 6.867349928762225e-20
2547910000.0 6.77588005641145e-20
2556420000.0 6.685990661461981e-20
2564950000.0 6.597694889306488e-20
2573520000.0 6.509883259457362e-20
2582110000.0 6.423646394901629e-20
2590730000.0 6.338946160699448e-20
2599380000.0 6.254735506573995e-20
2608060000.0 6.172043719299573e-20
2616760000.0 6.090881804729235e-20
2625500000.0 6.010166216008417e-20
2634260000.0 5.929941208884821e-20
2643060000.0 5.851177054252442e-20
2651880000.0 5.773906318693411e-20
2660740000.0 5.698073062054016e-20
2669620000.0 5.62270103978938e-20
2678530000.0 5.547766640864747e-20
2687470000.0 5.474268802471122e-20
2696450000.0 5.402175654622702e-20
2705450000.0 5.330521691118927e-20
2714480000.0 5.2592847523533134e-20
2723540000.0 5.190438096931103e-20
2732640000.0 5.1209887534233375e-20
2741760000.0 5.053925498370084e-20
2750910000.0 4.9862748233707667e-20
2760100000.0 4.92095029488931e-20
2769310000.0 4.8550530551582876e-20
2778560000.0 4.791459669056706e-20
2787830000.0 4.7272896168773967e-20
2797140000.0 4.66540129625325e-20
2806480000.0 4.6029160313544445e-20
2815850000.0 4.54175206522298e-20
2825250000.0 4.481898199928972e-20
2834680000.0 4.4223944945604204e-20
2844140000.0 4.364185001315137e-20
2853640000.0 4.306301086836578e-20
2863170000.0 4.249696142579355e-20
2872720000.0 4.1934375698493165e-20
2882320000.0 4.137480032323311e-20
2891940000.0 4.0827957997688136e-20
2901590000.0 4.0284325227205497e-20
2911280000.0 3.975298882047317e-20
2921000000.0 3.922477485468232e-20
2930750000.0 3.870884554495402e-20
2940540000.0 3.8195818050841314e-20
2950350000.0 3.768593981784121e-20
2960200000.0 3.7188024439227657e-20
2970090000.0 3.6692917503656653e-20
2980000000.0 3.620987933723372e-20
2989950000.0 3.572956521061468e-20
2999930000.0 3.526105017486581e-20
3009950000.0 3.479517965437734e-20
3020000000.0 3.4332059519967186e-20
3030080000.0 3.3871676160335296e-20
3040190000.0 3.342286269035935e-20
3050340000.0 3.2985409173529967e-20
3060530000.0 3.2550431825261376e-20
3070750000.0 3.2118027586078e-20
3081000000.0 3.168818348124986e-20
3091280000.0 3.1269587056041386e-20
3101600000.0 3.085336756624593e-20
3111960000.0 3.044816009377503e-20
3122350000.0 3.004535293204795e-20
3132770000.0 2.9644933770859556e-20
3143230000.0 2.925535397803483e-20
3153720000.0 2.886808384999973e-20
3164250000.0 2.848302141564791e-20
3174820000.0 2.8108630820831926e-20
3185420000.0 2.773646366592893e-20
3196050000.0 2.7366508308334684e-20
3206720000.0 2.7007056225697832e-20
3217430000.0 2.6649656962633672e-20
3228170000.0 2.629438482561425e-20
3238950000.0 2.5949452259777655e-20
3249760000.0 2.5606571725638354e-20
3260610000.0 2.5265654790181652e-20
3271490000.0 2.4926770615138013e-20
3282420000.0 2.4597952305649037e-20
3293370000.0 2.4271169171547436e-20
3304370000.0 2.39543289325883e-20
3315400000.0 2.363126491595809e-20
3326470000.0 2.3326233772116406e-20
3337580000.0 2.301489172886034e-20
3348720000.0 2.270541216252399e-20
3359900000.0 2.240572307820231e-20
3371110000.0 2.2107825055847053e-20
3382370000.0 2.1819530965171804e-20
3393660000.0 2.1532959629815517e-20
3404990000.0 2.1248039084981547e-20
3416360000.0 2.0964762914512204e-20
3427760000.0 2.068318501215794e-20
3439210000.0 2.041099751309547e-20
3450690000.0 2.0140441261530773e-20
3462210000.0 1.987144966841705e-20
3473770000.0 1.9611758961968046e-20
3485370000.0 1.9353568803926496e-20
3497000000.0 1.909692773090273e-20
3508680000.0 1.8841719520672268e-20
3520390000.0 1.8595686356825494e-20
3532140000.0 1.8343462169260124e-20
3543940000.0 1.810024444895878e-20
3555770000.0 1.786605428119436e-20
3567640000.0 1.762568075180091e-20
3579550000.0 1.7394220836796387e-20
3591500000.0 1.7164104890812753e-20
3603490000.0 1.6935327206223273e-20
3615520000.0 1.6715321012313578e-20
3627590000.0 1.6489177924032067e-20
3639700000.0 1.6271745511313012e-20
3651850000.0 1.6055579317226184e-20
3664050000.0 1.5840630592295118e-20
3676280000.0 1.5634297003185934e-20
3688550000.0 1.5429164374088964e-20
3700870000.0 1.5225186271665662e-20
3713220000.0 1.5022440356992788e-20
3725620000.0 1.4820839711931496e-20
3738060000.0 1.4627615229778723e-20
3750540000.0 1.443551859841172e-20
3763060000.0 1.4244544722206802e-20
3775620000.0 1.4054688501652167e-20
3788220000.0 1.3865944833950615e-20
3800870000.0 1.3685348814933372e-20
3813560000.0 1.349875661808815e-20
3826290000.0 1.3320292110588496e-20
3839070000.0 1.3142839987593629e-20
3851880000.0 1.2973446887131862e-20
3864740000.0 1.2798051824172618e-20
3877650000.0 1.2630593449998655e-20
3890590000.0 1.2464150315459011e-20
3903580000.0 1.2298653149226113e-20
3916610000.0 1.2134129858395514e-20
3929690000.0 1.1977389540195747e-20
3942810000.0 1.1814747803380385e-20
3955970000.0 1.1659865808933734e-20
3969180000.0 1.1505865922353976e-20
3982430000.0 1.1352773673161947e-20
3995730000.0 1.1200556598351665e-20
4009060000.0 1.1055975527265755e-20
4022450000.0 1.0905503562470985e-20
4035880000.0 1.0762587598112375e-20
4049350000.0 1.062051471620831e-20
4062870000.0 1.047925493473492e-20
4076440000.0 1.0338805361367963e-20
4090040000.0 1.0205788850717876e-20
4103700000.0 1.0066952716231326e-20
4117400000.0 9.935473542841071e-21
4131150000.0 9.804747750381648e-21
4144940000.0 9.674795913254348e-21
4158780000.0 9.545591129220543e-21
4172660000.0 9.41715317808667e-21
4186590000.0 9.295880169029553e-21
4200570000.0 9.175302288413177e-21
4214590000.0 9.049056832891236e-21
4228660000.0 8.929903329687743e-21
4242780000.0 8.811436273127448e-21
4256940000.0 8.693673429196086e-21
4271160000.0 8.582867983768173e-21
4285420000.0 8.466442727745138e-21
4299720000.0 8.356967254659107e-21
4314080000.0 8.241868444948903e-21
4328480000.0 8.13367188270581e-21
4342930000.0 8.026100425455564e-21
4357430000.0 7.919151557361338e-21
4371980000.0 7.818974582122808e-21
4386570000.0 7.713260416092426e-21
4401220000.0 7.608143422343768e-21
4415910000.0 7.50974655648419e-21
4430650000.0 7.411918530960552e-21
4445450000.0 7.31464053406441e-21
4460290000.0 7.217943381509474e-21
4475180000.0 7.121807973772931e-21
4490120000.0 7.026231933896068e-21
4505110000.0 6.931212879148717e-21
4520150000.0 6.842698594078718e-21
4535240000.0 6.748766542229557e-21
4550380000.0 6.661295005916961e-21
4565570000.0 6.5743316092114805e-21
4580810000.0 6.487874144771536e-21
4596110000.0 6.401906472463482e-21
4611450000.0 6.3164544672927985e-21
4626850000.0 6.231488280199405e-21
4642290000.0 6.147032853458929e-21
4657790000.0 6.068833591556097e-21
4673340000.0 5.985333832003944e-21
4688950000.0 5.908048343357795e-21
4704600000.0 5.831226150728595e-21
4720310000.0 5.754840215546853e-21
4736060000.0 5.676073624581339e-21
4751880000.0 5.600576723226368e-21
4767740000.0 5.526662721396831e-21
4783660000.0 5.453170444191297e-21
4799630000.0 5.381230400140251e-21
4815650000.0 5.3097123760634935e-21
4831730000.0 5.239716846092924e-21
4847860000.0 5.170132336691854e-21
4864040000.0 5.101509853958042e-21
4880280000.0 5.034382733153543e-21
4896580000.0 4.967640014022659e-21
4912920000.0 4.901847716242127e-21
4929330000.0 4.8369685518328386e-21
4945780000.0 4.772481327744472e-21
4962290000.0 4.709448731387192e-21
4978860000.0 4.6473183734283215e-21
4995480000.0 4.585554294718289e-21
5012160000.0 4.524682282077988e-21
5028890000.0 4.464704515908956e-21
5045680000.0 4.4056051526033106e-21
5062530000.0 4.347377553727929e-21
5079430000.0 4.290023552853317e-21
5096390000.0 4.23300010067228e-21
5113400000.0 4.1768400669553284e-21
5130470000.0 4.121528472241773e-21
5147600000.0 4.067058810106423e-21
5164790000.0 4.0134246016070526e-21
5182030000.0 3.960108020479302e-21
5199330000.0 3.907617221815758e-21
5216690000.0 3.855945801217052e-21
5234100000.0 3.804580797768222e-21
5251580000.0 3.754530625081158e-21
5269110000.0 3.7047773773044725e-21
5286700000.0 3.6558213404018615e-21
5304350000.0 3.607149195297498e-21
5322060000.0 3.5592651257518206e-21
5339830000.0 3.512162904727283e-21
5357660000.0 3.465836335125734e-21
5375540000.0 3.419785278306847e-21
5393490000.0 3.3744944327250332e-21
5411500000.0 3.3299641445579573e-21
5429560000.0 3.2856990177091017e-21
5447690000.0 3.2421794405002073e-21
5465880000.0 3.1994055195418152e-21
5484120000.0 3.1568865681436322e-21
5502430000.0 3.115098685186581e-21
5520800000.0 3.0740417544347257e-21
5539230000.0 3.033224288833515e-21
5557730000.0 2.9931237761273055e-21
5576280000.0 2.9532628618284492e-21
5594900000.0 2.9141105337586332e-21
5613580000.0 2.875666328226249e-21
5632320000.0 2.837446904345356e-21
5651120000.0 2.7999271785184646e-21
5669990000.0 2.7630965086648816e-21
5688920000.0 2.72648141813566e-21
5707910000.0 2.6900809167201036e-21
5726970000.0 2.654828643430779e-21
5746090000.0 2.6193148139818544e-21
5765270000.0 2.5849426752770663e-21
5784520000.0 2.5507676100205778e-21
5803830000.0 2.516793230252756e-21
5823200000.0 2.4834804607205954e-21
5842650000.0 2.450355024551956e-21
5862150000.0 2.4178875867791685e-21
5881720000.0 2.386064317374036e-21
5901360000.0 2.354424186413459e-21
5921060000.0 2.323424654367519e-21
5940830000.0 2.292603702049335e-21
5960660000.0 2.26196443321749e-21
5980560000.0 2.232401668134083e-21
6000530000.0 2.2025610662626605e-21
6020560000.0 2.173343502400921e-21
6040660000.0 2.1447400989291555e-21
6060830000.0 2.1163019743467312e-21
6081060000.0 2.0884741856964245e-21
6101360000.0 2.0608072902045286e-21
6121730000.0 2.033300636364803e-21
6142170000.0 2.006391455862245e-21
6162680000.0 1.979638292472318e-21
6183250000.0 1.953478637183019e-21
6203890000.0 1.9279042377893868e-21
6224610000.0 1.9020429059632327e-21
6245390000.0 1.877196443875209e-21
6266240000.0 1.852064864580847e-21
6287160000.0 1.827507418732318e-21
6308150000.0 1.8035192117802798e-21
6329210000.0 1.7796704310374383e-21
6350340000.0 1.7559604779997853e-21
6371540000.0 1.7328108749540215e-21
6392810000.0 1.7097960900680507e-21
6414150000.0 1.6873348534412233e-21
6435570000.0 1.6645839592364639e-21
6457050000.0 1.6428018159227816e-21
6478610000.0 1.621144094252468e-21
6500240000.0 1.5996128166691945e-21
6521940000.0 1.5782074184041179e-21
6543710000.0 1.5573383497520573e-21
6565560000.0 1.5369986021351135e-21
6587480000.0 1.5163693832093151e-21
6609470000.0 1.496268081114201e-21
6631540000.0 1.4766878539477644e-21
6653680000.0 1.456817968484649e-21
6675890000.0 1.4378705647849971e-21
6698180000.0 1.4186303296760303e-21
6720540000.0 1.3999033479192102e-21
6742980000.0 1.3812841785116588e-21
6765490000.0 1.3631719655967003e-21
6788070000.0 1.3451660063949096e-21
6810740000.0 1.3272619017218933e-21
6833480000.0 1.3094631777714493e-21
6856290000.0 1.2921616085157737e-21
6879180000.0 1.2749599507010407e-21
6902150000.0 1.2582474793774774e-21
6925190000.0 1.2416333249928055e-21
6948310000.0 1.225115248460215e-21
6971510000.0 1.2090786566266079e-21
6994780000.0 1.1927519938555084e-21
7018130000.0 1.177286652187933e-21
7041560000.0 1.1615287217250248e-21
7065070000.0 1.1462430190343664e-21
7088660000.0 1.1310459448228856e-21
7112320000.0 1.1159386990415595e-21
7136070000.0 1.1012946448136056e-21
7159890000.0 1.0867371180371192e-21
7183800000.0 1.0722626983087715e-21
7207780000.0 1.0578740361329447e-21
7231840000.0 1.0439411595824543e-21
7255990000.0 1.03008790680131e-21
7280210000.0 1.0166862265698924e-21
7304520000.0 1.0029928522192912e-21
7328900000.0 9.89747851868359e-22
7353370000.0 9.765787270629896e-22
7377920000.0 9.638510534401339e-22
7402550000.0 9.508341918477e-22
7427260000.0 9.382556820194858e-22
7452060000.0 9.261103257513496e-22
7476940000.0 9.136760444904545e-22
7501900000.0 9.016731469860988e-22
7526950000.0 8.897392169016094e-22
7552080000.0 8.778751570348993e-22
7577290000.0 8.664355990771603e-22
7602590000.0 8.54708016322586e-22
7627970000.0 8.43401980134319e-22
7653430000.0 8.321622314434749e-22
7678980000.0 8.213376436579317e-22
7704620000.0 8.105753808489368e-22
7730340000.0 7.995283099304284e-22
7756150000.0 7.892388871535793e-22
7782050000.0 7.786630960346163e-22
7808030000.0 7.6814959706816385e-22
7834090000.0 7.580414084603041e-22
7860250000.0 7.479907301693243e-22
7886490000.0 7.383402785435317e-22
7912820000.0 7.284056433154584e-22
7939240000.0 7.188675275034854e-22
7965740000.0 7.09385558099325e-22
7992340000.0 6.999577097685362e-22
8019020000.0 6.905855190046674e-22
8045790000.0 6.816021475125317e-22
8072650000.0 6.723376869989654e-22
8099600000.0 6.634593662376218e-22
8126640000.0 6.546326817238471e-22
8153770000.0 6.4618726769813555e-22
8181000000.0 6.374613142115965e-22
8208310000.0 6.291147913151199e-22
8235710000.0 6.208168395723688e-22
8263210000.0 6.125665056278727e-22
8290790000.0 6.043650720985619e-22
8318470000.0 5.965341805100548e-22
8346240000.0 5.8842663351188275e-22
8374110000.0 5.806871051521483e-22
8402070000.0 5.729927842268745e-22
8430120000.0 5.653434673542648e-22
8458260000.0 5.580569321308013e-22
8486500000.0 5.504953060988759e-22
8514830000.0 5.4329396722662085e-22
8543260000.0 5.361341135248588e-22
8571780000.0 5.2901619995666275e-22
8600400000.0 5.219394258658503e-22
8629110000.0 5.149042246499113e-22
8657920000.0 5.082204636944707e-22
8686820000.0 5.015758401912859e-22
8715820000.0 4.949696027627121e-22
8744920000.0 4.884015961509237e-22
8774120000.0 4.818716645399164e-22
8803410000.0 4.753801915773326e-22
8832800000.0 4.692309599111651e-22
8862290000.0 4.628138038547795e-22
8891880000.0 4.5673655471438055e-22
8921560000.0 4.506950719944986e-22
8951350000.0 4.446881885830374e-22
8981230000.0 4.390162232290012e-22
9011220000.0 4.330781142753739e-22
9041300000.0 4.274726225873232e-22
9071480000.0 4.2160316871869843e-22
9101770000.0 4.1606311416862092e-22
9132160000.0 4.1055531531694135e-22
9162640000.0 4.0508007364722283e-22
9193230000.0 3.9992891627751265e-22
9223930000.0 3.9451563147900606e-22
9254720000.0 3.891344769313797e-22
9285620000.0 3.840741115114885e-22
9316620000.0 3.7904324490214647e-22
9347720000.0 3.7404174507871057e-22
9378930000.0 3.690690863770273e-22
9410240000.0 3.641255431616006e-22
9441660000.0 3.592106024012673e-22
9473180000.0 3.5460843861972177e-22
9504810000.0 3.497497786437082e-22
9536540000.0 3.452017593221577e-22
9568380000.0 3.406799874317028e-22
9600320000.0 3.36184707430313e-22
9632370000.0 3.3171545141361976e-22
9664530000.0 3.272721130803707e-22
9696790000.0 3.22854918723027e-22
9729170000.0 3.1873953347804436e-22
9761650000.0 3.143727033057128e-22
9794240000.0 3.1030596134345644e-22
9826940000.0 3.0626276525885566e-22
9859740000.0 3.0224332264716745e-22
9892660000.0 2.9824691616223616e-22
9925690000.0 2.9427375802043293e-22
9958820000.0 2.903240400820735e-22
9992070000.0 2.8639707452554665e-22
10025400000.0 2.827621784036049e-22
10058900000.0 2.78879271388703e-22
10092500000.0 2.752859083363732e-22
10126200000.0 2.7171370867629205e-22
10160000000.0 2.6789784610257803e-22
10193900000.0 2.643685383724791e-22
10227900000.0 2.60938965029072e-22
10262100000.0 2.575008897589779e-22
10296300000.0 2.540856541835774e-22
10330700000.0 2.507142128099741e-22
10365200000.0 2.473887114684232e-22
10399800000.0 2.441087888882354e-22
10434500000.0 2.4089986168086457e-22
10469400000.0 2.377076652662131e-22
10504300000.0 2.345366806705065e-22
10539400000.0 2.314333446171558e-22
10574600000.0 2.283738852041469e-22
10609900000.0 2.2535795223634163e-22
10645300000.0 2.223599324006792e-22
10680800000.0 2.1943009444978645e-22
10716500000.0 2.1651562704368106e-22
10752300000.0 2.1364354029917384e-22
10788200000.0 2.1081349217060077e-22
10824200000.0 2.0802514281349325e-22
10860300000.0 2.0527815457948876e-22
10896600000.0 2.0254565034207272e-22
10933000000.0 1.9987866443949306e-22
10969500000.0 1.9722758039259085e-22
11006100000.0 1.9461674931601047e-22
11042800000.0 1.9204584189772795e-22
11079700000.0 1.8948854582430185e-22
11116700000.0 1.8699493310897517e-22
11153800000.0 1.8451621013605865e-22
11191000000.0 1.820763285738064e-22
11228400000.0 1.7964941412163479e-22
11265900000.0 1.7728478713986456e-22
11303500000.0 1.7493430223865492e-22
11341200000.0 1.7262159595114644e-22
11379100000.0 1.7032122071584293e-22
11417100000.0 1.6805820374920285e-22
11455200000.0 1.6583223253485484e-22
11493400000.0 1.636429967609571e-22
11531800000.0 1.6148878792056483e-22
11570300000.0 1.5934750093881357e-22
11608900000.0 1.5721906258838818e-22
11647700000.0 1.5514825027379348e-22
11686600000.0 1.530898784715648e-22
11725600000.0 1.510668135966077e-22
11764700000.0 1.4905589477598048e-22
11804000000.0 1.4710137703281192e-22
11843400000.0 1.451358956877903e-22
11883000000.0 1.4322630589446935e-22
11922600000.0 1.413294012127542e-22
11962400000.0 1.394427242739239e-22
12002400000.0 1.3761108480564973e-22
12042500000.0 1.3579048567060608e-22
12082700000.0 1.339808621504479e-22
12123000000.0 1.322043354988889e-22
12163500000.0 1.3045954800277165e-22
12204100000.0 1.2872528617517031e-22
12244800000.0 1.2702345278158472e-22
12285700000.0 1.2535274676741017e-22
12326700000.0 1.236921241938875e-22
12367900000.0 1.220405383000522e-22
12409200000.0 1.2042062314351514e-22
12450600000.0 1.188321025906117e-22
12492200000.0 1.1725223389929972e-22
12533900000.0 1.1570338784016656e-22
12575700000.0 1.1418529275616986e-22
12617700000.0 1.1265415429490296e-22
12659800000.0 1.111747873300975e-22
12702100000.0 1.09703499628907e-22
12744500000.0 1.082411293209707e-22
12787000000.0 1.0680865561560587e-22
12829700000.0 1.0540499332122054e-22
12872600000.0 1.0400902741247099e-22
12915500000.0 1.0262233515746855e-22
12958700000.0 1.012632355030725e-22
13001900000.0 9.993385327005409e-23
13045300000.0 9.861176391115318e-23
13088900000.0 9.729695548658919e-23
13132600000.0 9.60106265566253e-23
13176400000.0 9.473211104449299e-23
13220400000.0 9.34809974241814e-23
13264500000.0 9.223748868985921e-23
13308800000.0 9.102106244270689e-23
13353300000.0 8.981136220622298e-23
13397800000.0 8.862977255893406e-23
13442600000.0 8.745405432221569e-23
13487400000.0 8.628614666084983e-23
13532500000.0 8.514395972999412e-23
13577700000.0 8.402855066392794e-23
13623000000.0 8.291993464384377e-23
13668500000.0 8.181746987281362e-23
13714100000.0 8.072173195908022e-23
13759900000.0 7.965164560021229e-23
13805800000.0 7.860757138735675e-23
13851900000.0 7.756929661813749e-23
13898200000.0 7.653680840612362e-23
13944600000.0 7.552992255683675e-23
13991100000.0 7.452918252189923e-23
14037800000.0 7.353402478153435e-23
14084700000.0 7.256353186828055e-23
14131700000.0 7.159897404644306e-23
14178900000.0 7.065878329700735e-23
14226200000.0 6.97243412469778e-23
14273700000.0 6.879512841138413e-23
14321400000.0 6.788991174705415e-23
14369200000.0 6.699023882908925e-23
14417200000.0 6.609561478453772e-23
14465300000.0 6.522507047148658e-23
14513600000.0 6.435940954075849e-23
14562000000.0 6.349905512500413e-23
14610700000.0 6.266152284837396e-23
14659400000.0 6.182955530452576e-23
14708400000.0 6.102013889426872e-23
14757500000.0 6.021568956759339e-23
14806700000.0 5.941617420998983e-23
14856200000.0 5.862077075943738e-23
14905800000.0 5.784830597274354e-23
14955500000.0 5.708058331588296e-23
15005500000.0 5.631682039204656e-23
15055600000.0 5.557562566326758e-23
15105800000.0 5.483898443504668e-23
15156300000.0 5.412389759722589e-23
15206900000.0 5.33955224599275e-23
15257600000.0 5.2689260995817035e-23
15308600000.0 5.2004227909446604e-23
15359700000.0 5.130589929806317e-23
15411000000.0 5.062899722621745e-23
15462400000.0 4.9956263649757705e-23
15514000000.0 4.9287352447002056e-23
15565800000.0 4.863953008508628e-23
15617800000.0 4.799539044769955e-23
15669900000.0 4.7355223739125856e-23
15722200000.0 4.673581233772908e-23
15774700000.0 4.611992348524916e-23
15827400000.0 4.550754547615375e-23
15880200000.0 4.489894922833413e-23
15933200000.0 4.4310710876231847e-23
15986400000.0 4.3725825922694487e-23
16039800000.0 4.3144282879334454e-23
16093400000.0 4.25660701607699e-23
16147100000.0 4.200809280016782e-23
16201000000.0 4.145330269624377e-23
16255100000.0 4.090168862142348e-23
16309400000.0 4.035323926314617e-23
16363800000.0 3.9824622575287e-23
16418400000.0 3.929903019518386e-23
16473200000.0 3.877645119440861e-23
16528200000.0 3.8256874570422496e-23
16583400000.0 3.7756507680261715e-23
16638800000.0 3.725901294894146e-23
16694300000.0 3.676459988408272e-23
16750100000.0 3.6272813597222534e-23
16806000000.0 3.5800083717464125e-23
16862100000.0 3.5330069141836837e-23
16918400000.0 3.486275952793595e-23
16974900000.0 3.439814447910129e-23
17031500000.0 3.3936412802111456e-23
17088400000.0 3.349289127659089e-23
17145500000.0 3.305192802441634e-23
17202700000.0 3.26137025347396e-23
17260100000.0 3.2178008774346585e-23
17317800000.0 3.1744653356536864e-23
17375600000.0 3.132947485441875e-23
17433600000.0 3.091669469662278e-23
17491800000.0 3.050630318467209e-23
17550200000.0 3.009829058519285e-23
17608800000.0 2.970792112703453e-23
17667600000.0 2.930458618738992e-23
17726500000.0 2.891893656603414e-23
17785700000.0 2.8535359932489495e-23
17845100000.0 2.815401276903758e-23
17904700000.0 2.778990723715541e-23
17964500000.0 2.741294075663506e-23
18024400000.0 2.705324743497229e-23
18084600000.0 2.669549406186802e-23
18145000000.0 2.6339824235635295e-23
18205600000.0 2.600100223726854e-23
18266300000.0 2.5649563686962334e-23
18327300000.0 2.5314714155951708e-23
18388500000.0 2.4981814521336022e-23
18449900000.0 2.4650856205226107e-23
18511500000.0 2.4321830617508836e-23
18573300000.0 2.399472915697418e-23
18635300000.0 2.3683975860721965e-23
18697500000.0 2.3360648799707217e-23
18759900000.0 2.3053556961316916e-23
18822600000.0 2.2748138702660243e-23
18885400000.0 2.2444629600155476e-23
18948500000.0 2.2156975849683588e-23
19011700000.0 2.185696961312313e-23
19075200000.0 2.1572712119965516e-23
19138900000.0 2.1290118411597297e-23
19202800000.0 2.099517463983393e-23
19266900000.0 2.0729891437731345e-23
19331200000.0 2.045224271532959e-23
19395700000.0 2.017622686551826e-23
19460500000.0 1.9915554542964242e-23
19525500000.0 1.964263646105395e-23
19590600000.0 1.9385159412582156e-23
19656000000.0 1.912909593793015e-23
19721700000.0 1.8874443659713824e-23
19787500000.0 1.8621388315431518e-23
19853600000.0 1.8383279797633376e-23
19919900000.0 1.8133067412894492e-23
19986400000.0 1.7897793102149957e-23
20053100000.0 1.7663903065137196e-23
20120000000.0 1.7431390509651864e-23
20187200000.0 1.7200163447773262e-23
20254600000.0 1.697030314356152e-23
20322200000.0 1.6741802784652943e-23
20390100000.0 1.6514574575356024e-23
20458100000.0 1.6301921795207252e-23
20526400000.0 1.6090442820372403e-23
20595000000.0 1.5867075892536293e-23
20663700000.0 1.5658132243322714e-23
20732700000.0 1.545034975984364e-23
20801900000.0 1.5256728588558864e-23
20871400000.0 1.5051288445236315e-23
20941100000.0 1.484707015798921e-23
21011000000.0 1.465686815696065e-23
21081100000.0 1.4455032046499606e-23
21151500000.0 1.426704735058484e-23
21222100000.0 1.4080177173622198e-23
21293000000.0 1.3894350441777113e-23
21364000000.0 1.370969293752071e-23
21435400000.0 1.35260063202751e-23
21506900000.0 1.3343477295103304e-23
21578700000.0 1.3174438892489325e-23
21650800000.0 1.2993918954024417e-23
21723100000.0 1.2826860493258053e-23
21795600000.0 1.2648454235787334e-23
21868300000.0 1.2483415804284218e-23
21941400000.0 1.2319246471242983e-23
22014600000.0 1.2158555620434026e-23
22088100000.0 1.1997549219987053e-23
22161800000.0 1.1837503961338215e-23
22235800000.0 1.1680781217718648e-23
22310100000.0 1.1526148712224436e-23
22384600000.0 1.1373642657958397e-23
22459300000.0 1.1223245968091597e-23
22534300000.0 1.1074892522690769e-23
22609500000.0 1.092742665591816e-23
22685000000.0 1.0783167146840053e-23
22760700000.0 1.064095287703096e-23
22836700000.0 1.0499543522943794e-23
22912900000.0 1.036015566190528e-23
22989400000.0 1.022389827951588e-23
23066200000.0 1.0088413503244369e-23
23143200000.0 9.953741919439324e-24
23220500000.0 9.822153174030491e-24
23298000000.0 9.692508852187693e-24
23375800000.0 9.563601446751027e-24
23453800000.0 9.437762303158997e-24
23532100000.0 9.312638664322277e-24
23610700000.0 9.189367311966736e-24
23689500000.0 9.066837428928757e-24
23768600000.0 8.947270226211746e-24
23847900000.0 8.828422164000405e-24
23927500000.0 8.711376718172853e-24
24007400000.0 8.596120346075944e-24
24087600000.0 8.482639550713781e-24
24168000000.0 8.369842655046464e-24
24248700000.0 8.259909911819047e-24
24329600000.0 8.149533983181113e-24
24410900000.0 8.041961495145766e-24
24492400000.0 7.936136491303072e-24
24574100000.0 7.830949696523124e-24
24656200000.0 7.726334653152818e-24
24738500000.0 7.624526764313845e-24
24821100000.0 7.523303086603315e-24
24903900000.0 7.423771248675431e-24
24987100000.0 7.325858184021897e-24
25070500000.0 7.22853733511733e-24
25154200000.0 7.132846012325237e-24
25238200000.0 7.038771415532442e-24
25322400000.0 6.945266100991627e-24
25407000000.0 6.853331269535828e-24
25491800000.0 6.761953601332319e-24
25576900000.0 6.67320673771894e-24
25662300000.0 6.58497149536417e-24
25748000000.0 6.49724586767921e-24
25833900000.0 6.4110937516059e-24
25920200000.0 6.326452682128456e-24
26006700000.0 6.2423253528129415e-24
26093500000.0 6.159715728736338e-24
26180700000.0 6.078588336280158e-24
26268100000.0 5.997953903918373e-24
26355800000.0 5.918807393608749e-24
26443700000.0 5.840141692177295e-24
26532000000.0 5.762924072797791e-24
26620600000.0 5.68615463714241e-24
26709500000.0 5.610838482212039e-24
26798600000.0 5.536984335780924e-24
26888100000.0 5.463538383190886e-24
26977900000.0 5.391516762030329e-24
27068000000.0 5.319914057473075e-24
27158300000.0 5.24874779941986e-24
27249000000.0 5.17995127749501e-24
27340000000.0 5.111555133867544e-24
27431200000.0 5.043576014152344e-24
27522800000.0 4.976952309793332e-24
27614700000.0 4.910717252207846e-24
27706900000.0 4.845839846760016e-24
27799400000.0 4.781341194264847e-24
27892200000.0 4.718183879887003e-24
27985300000.0 4.655395526698742e-24
28078700000.0 4.5939323446294665e-24
28172500000.0 4.5328123459747074e-24
28266500000.0 4.473017854417224e-24
28360900000.0 4.4135574874844055e-24
28455600000.0 4.355390910217865e-24
28550600000.0 4.2975650467168634e-24
28645900000.0 4.241017225288103e-24
28741600000.0 4.184786165174049e-24
28837500000.0 4.128899688116253e-24
28933800000.0 4.074256929273907e-24
29030400000.0 4.020861620834895e-24
29127300000.0 3.9677796175665194e-24
29224500000.0 3.9150094376980006e-24
29322100000.0 3.8625364271066926e-24
29420000000.0 3.812201113959859e-24
29518200000.0 3.761250296530478e-24
29616800000.0 3.711495364336452e-24
29715600000.0 3.662045972819453e-24
29814800000.0 3.6137779353352905e-24
29914400000.0 3.5657823477307075e-24
30014300000.0 3.518966233180962e-24
30114500000.0 3.472426138975284e-24
30215000000.0 3.4261607053377145e-24
30315900000.0 3.3810446047939815e-24
30417100000.0 3.336194921842277e-24
30518600000.0 3.291610328778631e-24
30620500000.0 3.24815725006598e-24
30722700000.0 3.20496112553347e-24
30825300000.0 3.1628829221547208e-24
30928200000.0 3.12105362449689e-24
31031500000.0 3.0794620459221595e-24
31135100000.0 3.0389810188497627e-24
31239000000.0 2.998739695955217e-24
31343300000.0 2.958727409172001e-24
31448000000.0 2.919798649165083e-24
31553000000.0 2.881100847272407e-24
31658300000.0 2.8426328055842864e-24
31764000000.0 2.805231234641693e-24
31870000000.0 2.7680517014524144e-24
31976400000.0 2.73108450336555e-24
32083200000.0 2.6951672206835623e-24
32190300000.0 2.659463485455294e-24
32297800000.0 2.62396404389984e-24
32405600000.0 2.5895061357102456e-24
32513800000.0 2.555245285561073e-24
32622300000.0 2.5211885213482584e-24
32731200000.0 2.4881488643059207e-24
32840500000.0 2.4552984246512876e-24
32950100000.0 2.4226438682174338e-24
33060200000.0 2.3901696762131477e-24
33170500000.0 2.3587076773042175e-24
33281300000.0 2.3274192561738024e-24
33392400000.0 2.297123286857542e-24
33503900000.0 2.2661984164392626e-24
33615700000.0 2.2362588397119213e-24
33727900000.0 2.2064915820928263e-24
33840500000.0 2.177690762793701e-24
33953500000.0 2.148263519574855e-24
34066900000.0 2.120585609833105e-24
34180600000.0 2.09228611370997e-24
34294700000.0 2.0641501912810604e-24
34409200000.0 2.0369588384695128e-24
34524100000.0 2.0099245618105532e-24
34639300000.0 1.9838289092801892e-24
34755000000.0 1.9571042220390685e-24
34871000000.0 1.9313115600296344e-24
34987400000.0 1.905668142891982e-24
35104200000.0 1.8801733626017533e-24
35221400000.0 1.8555902264349796e-24
35339000000.0 1.8311494226568243e-24
35457000000.0 1.8068503622185193e-24
35575400000.0 1.782692454310972e-24
35694200000.0 1.759428609076378e-24
35813300000.0 1.735553565407449e-24
35932900000.0 1.7125614693778153e-24
36052900000.0 1.6904491792641525e-24
36173200000.0 1.6677262374932845e-24
36294000000.0 1.6458723184597604e-24
36415100000.0 1.6241500124471724e-24
36536700000.0 1.6025497735250178e-24
36658700000.0 1.5810755837615078e-24
36781100000.0 1.560458125711614e-24
36903900000.0 1.5399607421650531e-24
37027100000.0 1.5195829027376805e-24
37150700000.0 1.499324076346659e-24
37274700000.0 1.4791837312789983e-24
37399200000.0 1.45987658470143e-24
37524000000.0 1.4406860383974564e-24
37649300000.0 1.4216038397284036e-24
37775000000.0 1.4026333813725223e-24
37901100000.0 1.3837741521910306e-24
38027600000.0 1.3657329079656584e-24
38154600000.0 1.3477936328071134e-24
38282000000.0 1.3299594888890263e-24
38409800000.0 1.3122299872687992e-24
38538000000.0 1.2946046389627e-24
38666700000.0 1.2777752293518435e-24
38795800000.0 1.2603512151347914e-24
38925300000.0 1.2437209618567034e-24
39055200000.0 1.2271884266626499e-24
39185600000.0 1.2114364204839661e-24
39316500000.0 1.1950896158852107e-24
39447700000.0 1.179524140582905e-24
39579400000.0 1.1633676186325881e-24
39711600000.0 1.1479810907248267e-24
39844100000.0 1.1333631607449127e-24
39977200000.0 1.1181525637252671e-24
40110600000.0 1.1030346648536574e-24
40244500000.0 1.0886717802106491e-24
40378900000.0 1.0743908499066545e-24
40513700000.0 1.060194203933587e-24
40648900000.0 1.0460814228801396e-24
40784700000.0 1.0320470269763138e-24
40920800000.0 1.0180983170350827e-24
41057400000.0 1.004884929767217e-24
41194500000.0 9.91747136610952e-25
41332000000.0 9.786870299723022e-25
41470000000.0 9.657018863397762e-25
41608500000.0 9.527914279583701e-25
41747400000.0 9.399576269157162e-25
41886800000.0 9.27839978482087e-25
42026600000.0 9.151540337400315e-25
42166900000.0 9.031793442525089e-25
42307700000.0 8.912735428289275e-25
42448900000.0 8.794384364430107e-25
42590600000.0 8.676716181858915e-25
42732800000.0 8.566022135543964e-25
42875500000.0 8.449690767025369e-25
43018600000.0 8.340305797498965e-25
43162300000.0 8.225300429961148e-25
43306400000.0 8.117193930846361e-25
43450900000.0 8.00973074770598e-25
43596000000.0 7.902871186443494e-25
43741500000.0 7.802798063023746e-25
43887600000.0 7.69715486771767e-25
44034100000.0 7.5982516550130155e-25
44181100000.0 7.493831880616407e-25
44328600000.0 7.39608864097364e-25
44476600000.0 7.298911656012975e-25
44625100000.0 7.20229855819683e-25
44774100000.0 7.106246973561767e-25
44923500000.0 7.010770128073603e-25
45073500000.0 6.915834161493497e-25
45224000000.0 6.827399766462709e-25
45375000000.0 6.739477752042798e-25
45526500000.0 6.646158220563947e-25
45678500000.0 6.5592740170744875e-25
45831000000.0 6.472895510666785e-25
45984000000.0 6.387020487774047e-25
46137500000.0 6.301646731405781e-25
46291500000.0 6.21677202144382e-25
46446100000.0 6.1381716596650475e-25
46601100000.0 6.054269334466379e-25
46756700000.0 5.976598933921841e-25
46912800000.0 5.893647774895887e-25
47069400000.0 5.816899132460535e-25
47226600000.0 5.740586549036774e-25
47384200000.0 5.664732493279242e-25
47542400000.0 5.589876526478079e-25
47701200000.0 5.5154477064899965e-25
47860400000.0 5.442591241347413e-25
48020200000.0 5.370150760678774e-25
48180500000.0 5.299252282867217e-25
48341400000.0 5.2293154799924695e-25
48502700000.0 5.159800136370389e-25
48664700000.0 5.091777739312685e-25
48827100000.0 5.024165560238638e-25
48990100000.0 4.957489941343517e-25
49153700000.0 4.891744007014425e-25
49317800000.0 4.82693069222155e-25
49482500000.0 4.76303305736755e-25
49647700000.0 4.700053772936566e-25
49813400000.0 4.6379855985968155e-25
49979700000.0 4.576274045895884e-25
50146600000.0 4.515990463807243e-25
50314000000.0 4.456062544282906e-25
50482000000.0 4.397012598289112e-25
50650500000.0 4.33884255424327e-25
50819600000.0 4.281536951759824e-25
50989300000.0 4.224561736552733e-25
51159500000.0 4.168449494358819e-25
51330300000.0 4.113709240075857e-25
51501700000.0 4.0587625502069735e-25
51673600000.0 4.0051826155773384e-25
51846100000.0 3.9524310073407023e-25
52019200000.0 3.8999842768646274e-25
52192900000.0 3.8483565123523134e-25
52367100000.0 3.7970349920471004e-25
52541900000.0 3.7470347855079525e-25
52717300000.0 3.6973240826319043e-25
52893400000.0 3.6484032865928163e-25
53069900000.0 3.600286821906449e-25
53247100000.0 3.552442646091855e-25
53424900000.0 3.5053799203111114e-25
53603200000.0 3.4590989019615926e-25
53782200000.0 3.4130803280383867e-25
53961800000.0 3.3678280385144974e-25
54141900000.0 3.323342050276848e-25
54322700000.0 3.279108786107033e-25
54504000000.0 3.2356327688117566e-25
54686000000.0 3.1928959821647655e-25
54868500000.0 3.1509041909856436e-25
55051700000.0 3.1091512800790745e-25
55235500000.0 3.0676420137042765e-25
55419900000.0 3.0273459301905977e-25
55604900000.0 2.9872848793033936e-25
55790600000.0 2.9474525323940707e-25
55976800000.0 2.908338976066495e-25
56163700000.0 2.86992788598793e-25
56351200000.0 2.8322187300027074e-25
56539400000.0 2.794249385612686e-25
56728100000.0 2.7574559111598154e-25
56917500000.0 2.720872941271496e-25
57107500000.0 2.684975393229657e-25
57298200000.0 2.649283553460752e-25
57489500000.0 2.6142690614813855e-25
57681400000.0 2.5794599908664378e-25
57874000000.0 2.545315711673282e-25
58067200000.0 2.511835169436148e-25
58261000000.0 2.478551154356875e-25
58455600000.0 2.445914474068798e-25
58650700000.0 2.4134737941195277e-25
58846500000.0 2.38121989894312e-25
59043000000.0 2.349607604333003e-25
59240100000.0 2.318635560291046e-25
59437900000.0 2.2878419851266905e-25
59636300000.0 2.257680967353991e-25
59835400000.0 2.2276939039275057e-25
60035200000.0 2.198328111471303e-25
60235600000.0 2.1691355254457502e-25
60436700000.0 2.1405567734235167e-25
60638500000.0 2.1121431968170406e-25
60840900000.0 2.0838975579259208e-25
61044000000.0 2.0566968411312198e-25
61247800000.0 2.0292141976516088e-25
61452300000.0 2.0023287065402793e-25
61657500000.0 1.976035341750982e-25
61863300000.0 1.9498974964978777e-25
62069800000.0 1.9239112822368226e-25
62277100000.0 1.898504890085699e-25
62485000000.0 1.8732490881736268e-25
62693600000.0 1.848569157486394e-25
62902900000.0 1.824032618353827e-25
63112900000.0 1.799638860618176e-25
63323600000.0 1.7758120065292528e-25
63535000000.0 1.752547203589985e-25
63747100000.0 1.7294177144297324e-25
63959900000.0 1.7064229523022626e-25
64173500000.0 1.6835597059594907e-25
64387700000.0 1.6616681064861646e-25
64602700000.0 1.6394850465463532e-25
64818400000.0 1.6178466201900686e-25
65034800000.0 1.5963345488221043e-25
65251900000.0 1.575360449863232e-25
65469700000.0 1.5545088332637153e-25
65688300000.0 1.5337768123671992e-25
65907600000.0 1.5135743295098303e-25
66127600000.0 1.493490034046055e-25
66348400000.0 1.4735211651097194e-25
66569900000.0 1.4540734992847293e-25
66792200000.0 1.4347376371627715e-25
67015100000.0 1.4159187205698274e-25
67238900000.0 1.3972058747661668e-25
67463300000.0 1.3786049234883346e-25
67688600000.0 1.3605065646181678e-25
67914600000.0 1.3421184265499476e-25
68141300000.0 1.3246280725477616e-25
68368800000.0 1.3068450228019437e-25
68597000000.0 1.2895588550967426e-25
68826000000.0 1.2727633052086124e-25
69055800000.0 1.255675121168934e-25
69286400000.0 1.2390741688648042e-25
69517700000.0 1.2225710424086394e-25
69749800000.0 1.2065491383366653e-25
69982600000.0 1.1906216005615456e-25
70216300000.0 1.1747846206331306e-25
70450700000.0 1.1590411946519448e-25
70685900000.0 1.1437697376627649e-25
70921900000.0 1.128586841396622e-25
71158700000.0 1.1138701042504248e-25
71396200000.0 1.0988635024653323e-25
71634600000.0 1.084318246701915e-25
71873700000.0 1.0702332707062195e-25
72113700000.0 1.0558555518470864e-25
72354400000.0 1.0419348603927317e-25
72596000000.0 1.0280937354174398e-25
72838400000.0 1.014702542107131e-25
73081500000.0 1.0010225679081665e-25
73325500000.0 9.877879813057157e-26
73570300000.0 9.746305839433012e-26
73815900000.0 9.619143971640584e-26
74062400000.0 9.492710126779713e-26
74309600000.0 9.367026864510043e-26
74557700000.0 9.242065467260674e-26
74806600000.0 9.117835451494479e-26
75056400000.0 8.997904925016684e-26
75307000000.0 8.87867572658953e-26
75558400000.0 8.76014466519319e-26
75810600000.0 8.645856293574493e-26
76063700000.0 8.532224853494947e-26
76317700000.0 8.419247829113152e-26
76572500000.0 8.30693354020091e-26
76828100000.0 8.195278901419654e-26
77084600000.0 8.087759450735352e-26
77341900000.0 7.980870619239369e-26
77600100000.0 7.874599292219268e-26
77859200000.0 7.772397410415329e-26
78119100000.0 7.66735202590665e-26
78380000000.0 7.566338244040177e-26
78641600000.0 7.46592825538562e-26
78904200000.0 7.366090720260754e-26
79167600000.0 7.270239391636644e-26
79431900000.0 7.1749424691222e-26
79697100000.0 7.076822928738092e-26
79963200000.0 6.986002686442475e-26
80230100000.0 6.892363821910624e-26
80498000000.0 6.79926143904204e-26
80766700000.0 6.710040309962032e-26
81036400000.0 6.621329156838345e-26
81306900000.0 6.533142248294046e-26
81578300000.0 6.44876597797813e-26
81850700000.0 6.36158555716564e-26
82124000000.0 6.278189726235592e-26
82398100000.0 6.195286968884549e-26
82673200000.0 6.112859999423273e-26
82949200000.0 6.030914335735537e-26
83226200000.0 5.952672334699148e-26
83504000000.0 5.871672259719443e-26
83782800000.0 5.794350382416871e-26
84062500000.0 5.717480185151525e-26
84343100000.0 5.644248476040292e-26
84624700000.0 5.568258351094394e-26
84907200000.0 5.495881716262831e-26
85190700000.0 5.420764319384809e-26
85475100000.0 5.349235537350985e-26
85760500000.0 5.278119624463976e-26
86046800000.0 5.210546706675046e-26
86334100000.0 5.1402470858576165e-26
86622300000.0 5.073466050211361e-26
86911500000.0 5.003975697306309e-26
87201600000.0 4.9379796485674657e-26
87492800000.0 4.872359993377789e-26
87784900000.0 4.8101902202492395e-26
88077900000.0 4.7453306649186803e-26
88372000000.0 4.6808429375562905e-26
88667000000.0 4.619769487122354e-26
88963000000.0 4.559049831408912e-26
89260100000.0 4.49867745149943e-26
89558100000.0 4.4386610281542105e-26
89857000000.0 4.378998823269092e-26
90157000000.0 4.322662722032831e-26
90458000000.0 4.263679852166389e-26
90760000000.0 4.208005264820298e-26
91063000000.0 4.1526543558076637e-26
91367000000.0 4.0976257223148e-26
91672100000.0 4.042913548817573e-26
91978100000.0 3.9885253218579476e-26
92285200000.0 3.93736529156436e-26
92593300000.0 3.8835979403790375e-26
92902400000.0 3.8330410373853767e-26
93212600000.0 3.782774798367217e-26
93523800000.0 3.732802096033062e-26
93836000000.0 3.6831216075671354e-26
94149300000.0 3.633728149506821e-26
94463600000.0 3.5874715858375623e-26
94779000000.0 3.5386429841485766e-26
95095400000.0 3.4929298643696817e-26
95412900000.0 3.444661310188386e-26
95731400000.0 3.3994869431809837e-26
96051000000.0 3.354573753339358e-26
96371700000.0 3.309920680153627e-26
96693400000.0 3.2655300366015043e-26
97016200000.0 3.224169551080709e-26
97340100000.0 3.180284355893603e-26
97665100000.0 3.139408787699509e-26
97991200000.0 3.0960248718365923e-26
98318300000.0 3.055633268491688e-26
98646500000.0 3.015475909859739e-26
98975900000.0 2.9755487982671654e-26
99306300000.0 2.935857002655859e-26
99637900000.0 2.896393563325561e-26
99970500000.0 2.859853705989048e-26
100304000000.0 2.8208494264935645e-26
100639000000.0 2.7847346810512097e-26
100975000000.0 2.746168749955386e-26
101312000000.0 2.7104866374965185e-26
101650000000.0 2.6750148048140626e-26
101990000000.0 2.639726322194839e-26
102330000000.0 2.6044095047284945e-26
102672000000.0 2.569800461501247e-26
103015000000.0 2.5356576908288322e-26
103359000000.0 2.5022377577606423e-26
103704000000.0 2.4690157350539257e-26
104050000000.0 2.4362490999016765e-26
104397000000.0 2.4041918948598182e-26
104746000000.0 2.3723017933915514e-26
105096000000.0 2.3408571375370087e-26
105446000000.0 2.3098762918998775e-26
105798000000.0 2.2793115644704664e-26
106152000000.0 2.249160543306818e-26
106506000000.0 2.2192099514427757e-26
106862000000.0 2.1899201917407234e-26
107218000000.0 2.1608249358431428e-26
107576000000.0 2.1323826481635026e-26
107935000000.0 2.104109543210671e-26
108296000000.0 2.0762339052886316e-26
108657000000.0 2.0485434943706477e-26
109020000000.0 2.021492802006047e-26
109384000000.0 1.9948492993002086e-26
109749000000.0 1.9683645977148656e-26
110116000000.0 1.9422644519202526e-26
110483000000.0 1.916581141114735e-26
110852000000.0 1.891276401986387e-26
111222000000.0 1.8661227923631175e-26
111594000000.0 1.841344000434731e-26
111966000000.0 1.8169700733249646e-26
112340000000.0 1.792965068082425e-26
112715000000.0 1.7691036709120904e-26
113091000000.0 1.7458607327860473e-26
113469000000.0 1.7227414712049762e-26
113848000000.0 1.699760802656244e-26
114228000000.0 1.677388863252728e-26
114609000000.0 1.6551508370412195e-26
114992000000.0 1.6332656634058776e-26
115376000000.0 1.6115118226518533e-26
115761000000.0 1.590120909522885e-26
116147000000.0 1.5690898674728078e-26
116535000000.0 1.5484023747418085e-26
116924000000.0 1.527839114670291e-26
117314000000.0 1.5076286395482938e-26
117706000000.0 1.487755318074822e-26
118099000000.0 1.4680014963603533e-26
118493000000.0 1.4485934666275204e-26
118889000000.0 1.4292900315717027e-26
119286000000.0 1.4103284137203742e-26
119684000000.0 1.3917056868725636e-26
120084000000.0 1.3734075094879437e-26
120485000000.0 1.3552195817823346e-26
120887000000.0 1.3371412579742973e-26
121290000000.0 1.3193936422419014e-26
121695000000.0 1.301963187932031e-26
122102000000.0 1.2848475955868353e-26
122509000000.0 1.2678457262511245e-26
122918000000.0 1.2509360959196724e-26
123329000000.0 1.2343366902536834e-26
123740000000.0 1.2180649101295115e-26
124153000000.0 1.2018815033592016e-26
124568000000.0 1.1860022820208332e-26
124984000000.0 1.1702191500271023e-26
125401000000.0 1.1547460060150284e-26
125820000000.0 1.1395710795317175e-26
126240000000.0 1.1244879796662773e-26
126661000000.0 1.1094961501919375e-26
127084000000.0 1.0947980617460746e-26
127508000000.0 1.0803999557008364e-26
127934000000.0 1.0660806214459517e-26
128361000000.0 1.0518481384270181e-26
128790000000.0 1.0379027505418244e-26
129220000000.0 1.0242501722722462e-26
129651000000.0 1.0106803594245916e-26
130084000000.0 9.971851365156036e-27
130518000000.0 9.839779876363478e-27
130954000000.0 9.71048935925843e-27
131391000000.0 9.58198398064897e-27
131830000000.0 9.454187141398537e-27
132270000000.0 9.329201491120883e-27
132712000000.0 9.206932518094964e-27
133155000000.0 9.083387170751448e-27
133599000000.0 8.964620413050537e-27
134045000000.0 8.844501993166462e-27
134493000000.0 8.727050281544229e-27
134942000000.0 8.6123077625078e-27
135392000000.0 8.498263521189781e-27
135844000000.0 8.384851412160464e-27
136298000000.0 8.274043438179543e-27
136753000000.0 8.16587823719651e-27
137209000000.0 8.056411488129812e-27
137667000000.0 7.949508145809398e-27
138127000000.0 7.845147354784735e-27
138588000000.0 7.741423495826188e-27
139051000000.0 7.638277539929728e-27
139515000000.0 7.537689981011698e-27
139981000000.0 7.437663005671666e-27
140448000000.0 7.338247555629159e-27
140917000000.0 7.241296911798807e-27
141387000000.0 7.146841208016086e-27
141859000000.0 7.051016023690557e-27
142333000000.0 6.957618282917782e-27
142808000000.0 6.866675821741251e-27
143285000000.0 6.774364669777317e-27
143763000000.0 6.684490441892077e-27
144243000000.0 6.596985044801399e-27
144725000000.0 6.509970138102233e-27
145208000000.0 6.4234886690568255e-27
145693000000.0 6.337493613804103e-27
146179000000.0 6.25386634349933e-27
146667000000.0 6.170709153230215e-27
147157000000.0 6.0898484425349335e-27
147648000000.0 6.00948373929488e-27
148141000000.0 5.929571712224891e-27
148636000000.0 5.8501110827928955e-27
149132000000.0 5.7729427320372e-27
149630000000.0 5.6962098518100566e-27
150129000000.0 5.621740113298399e-27
150631000000.0 5.547653290573734e-27
151133000000.0 5.474058638123038e-27
151638000000.0 5.400844415637807e-27
152144000000.0 5.3298489823613954e-27
152652000000.0 5.2592553104204265e-27
153162000000.0 5.1890621676408345e-27
153673000000.0 5.121051808222536e-27
154186000000.0 5.053426701060785e-27
154701000000.0 4.9861856363858956e-27
155217000000.0 4.9193590839876476e-27
155736000000.0 4.8546088924523345e-27
156256000000.0 4.790258178953787e-27
156777000000.0 4.7263041998906025e-27
157301000000.0 4.66439477061662e-27
157826000000.0 4.6028672720545465e-27
158353000000.0 4.54169039011447e-27
158881000000.0 4.4808911487988664e-27
159412000000.0 4.422098660136616e-27
159944000000.0 4.3636692630363374e-27
160478000000.0 4.3055736088714315e-27
161014000000.0 4.249480935401425e-27
161551000000.0 4.192069676635308e-27
162091000000.0 4.136621589467436e-27
162632000000.0 4.081516625182139e-27
163175000000.0 4.0283759782181515e-27
163720000000.0 3.973896481639398e-27
164266000000.0 3.921391952279398e-27
164815000000.0 3.870796745582153e-27
165365000000.0 3.818887939299416e-27
165917000000.0 3.768898902898695e-27
166471000000.0 3.71758106656035e-27
167027000000.0 3.669780272963251e-27
167584000000.0 3.6206701405995075e-27
168144000000.0 3.571821653060608e-27
168705000000.0 3.524870821570716e-27
169268000000.0 3.4781901119759935e-27
169833000000.0 3.431778487071519e-27
170400000000.0 3.387213289005586e-27
170969000000.0 3.342904579767598e-27
171540000000.0 3.2972834616949475e-27
172113000000.0 3.253489937836688e-27
172687000000.0 3.2115259345144117e-27
173264000000.0 3.1682327991113255e-27
173842000000.0 3.1267562101668706e-27
174423000000.0 3.0855014445940817e-27
175005000000.0 3.044503207639998e-27
175589000000.0 3.003742542161765e-27
176175000000.0 2.9647451190527398e-27
176764000000.0 2.9244350474741503e-27
177354000000.0 2.8858929533317256e-27
177946000000.0 2.84757443808048e-27
178540000000.0 2.8109849882548052e-27
179136000000.0 2.773105807411615e-27
179734000000.0 2.7369438212070672e-27
180334000000.0 2.6995002765662887e-27
180936000000.0 2.663762113225942e-27
181540000000.0 2.6297135468429154e-27
182146000000.0 2.5943856913586175e-27
182754000000.0 2.559264119978499e-27
183364000000.0 2.5258147213071505e-27
183977000000.0 2.492546492947369e-27
184591000000.0 2.459485899681955e-27
185207000000.0 2.426618309693508e-27
185825000000.0 2.3953902305367365e-27
186446000000.0 2.3628885852456083e-27
187068000000.0 2.3320280190667898e-27
187693000000.0 2.3013352110993468e-27
188319000000.0 2.2708340745381674e-27
188948000000.0 2.2404994728128193e-27
189579000000.0 2.210342847547039e-27
190212000000.0 2.1817773627955825e-27
190847000000.0 2.1519695255265047e-27
191484000000.0 2.1237418117185258e-27
192123000000.0 2.095679466342205e-27
192765000000.0 2.067770991357439e-27
193408000000.0 2.0414278670832633e-27
194054000000.0 2.0138421777123536e-27
194702000000.0 1.9878005142300337e-27
195352000000.0 1.960534751415749e-27
196004000000.0 1.934802302638683e-27
196658000000.0 1.9092210654751672e-27
197315000000.0 1.883780767108626e-27
197974000000.0 1.8584905484046468e-27
198635000000.0 1.834703704425476e-27
199298000000.0 1.809706951882997e-27
199963000000.0 1.7862031405563548e-27
200631000000.0 1.762828780665815e-27
201301000000.0 1.7395922702443406e-27
201973000000.0 1.7164929277237494e-27
202647000000.0 1.693530072440459e-27
203323000000.0 1.67070302468749e-27
204002000000.0 1.6493214297805762e-27
204683000000.0 1.626751771357611e-27
205367000000.0 1.6056180011703563e-27
206052000000.0 1.584616850483932e-27
206740000000.0 1.5637321781245906e-27
207430000000.0 1.5429711697201002e-27
208123000000.0 1.5223258792377728e-27
208818000000.0 1.501803236283106e-27
209515000000.0 1.4814026080410867e-27
210214000000.0 1.4624028056369256e-27
210916000000.0 1.443508407823935e-27
211620000000.0 1.423454959711538e-27
212327000000.0 1.4047813727627108e-27
213036000000.0 1.3862187165315746e-27
213747000000.0 1.3677664082090175e-27
214460000000.0 1.3494238665293542e-27
215176000000.0 1.3324342636129842e-27
215895000000.0 1.3142932956651146e-27
216616000000.0 1.297502417914291e-27
217339000000.0 1.279573660131658e-27
218064000000.0 1.2629856024408276e-27
218792000000.0 1.246490388597201e-27
219523000000.0 1.2300877711823407e-27
220256000000.0 1.213416676346171e-27
220991000000.0 1.1973321620776021e-27
221729000000.0 1.1814596009866437e-27
222469000000.0 1.1658027661280027e-27
223212000000.0 1.1503547791399242e-27
223957000000.0 1.1351192506513206e-27
224705000000.0 1.1200894895438101e-27
225455000000.0 1.1052689501268675e-27
226208000000.0 1.0906511229790763e-27
226963000000.0 1.0762393120285504e-27
227720000000.0 1.0619137393510487e-27
228481000000.0 1.047900183473811e-27
229244000000.0 1.0339706466277798e-27
230009000000.0 1.0202415891720962e-27
230777000000.0 1.0068235560666988e-27
231547000000.0 9.93485952799753e-28
232320000000.0 9.803398747440225e-28
233096000000.0 9.672685395207903e-28
233874000000.0 9.545057878255767e-28
234655000000.0 9.41815626156271e-28
235438000000.0 9.294302374113548e-28
236224000000.0 9.171153088408007e-28
237013000000.0 9.049840847069612e-28
237804000000.0 8.929258507917981e-28
238598000000.0 8.811619398356585e-28
239395000000.0 8.69465168529519e-28
240194000000.0 8.579508530289135e-28
240996000000.0 8.466139522557077e-28
241800000000.0 8.353453469115226e-28
242608000000.0 8.242487032648669e-28
243418000000.0 8.134400301799103e-28
244230000000.0 8.025863549027434e-28
245046000000.0 7.920112019605894e-28
245864000000.0 7.814998882852803e-28
246685000000.0 7.711579372243822e-28
247508000000.0 7.609871140654373e-28
248334000000.0 7.50874634613141e-28
249163000000.0 7.409282279833614e-28
249995000000.0 7.311466001284177e-28
250830000000.0 7.214212356145168e-28
251667000000.0 7.11861620444324e-28
252508000000.0 7.024607695939184e-28
253351000000.0 6.93116859948769e-28
254196000000.0 6.839353523825198e-28
255045000000.0 6.749095561828713e-28
255896000000.0 6.659384463965587e-28
256751000000.0 6.571213248424121e-28
257608000000.0 6.4846210344097045e-28
258468000000.0 6.3985287854523135e-28
259331000000.0 6.313971632914044e-28
260197000000.0 6.229903561348421e-28
261065000000.0 6.147376374083038e-28
261937000000.0 6.066330323622364e-28
262811000000.0 5.985776542296e-28
263689000000.0 5.906687152163749e-28
264569000000.0 5.828078641399633e-28
265452000000.0 5.750939546196231e-28
266339000000.0 5.675236549991455e-28
267228000000.0 5.599994201803203e-28
268120000000.0 5.526192116819441e-28
269015000000.0 5.452818653843802e-28
269913000000.0 5.379871995665093e-28
270814000000.0 5.309336604569386e-28
271718000000.0 5.239211154556397e-28
272626000000.0 5.169474920798666e-28
273536000000.0 5.101147635969043e-28
274449000000.0 5.033218447679531e-28
275365000000.0 4.96666234442591e-28
276285000000.0 4.900476620875118e-28
277207000000.0 4.835665573578563e-28
278132000000.0 4.7721997714839475e-28
279061000000.0 4.709087214013259e-28
279993000000.0 4.646343684367591e-28
280927000000.0 4.584941227206304e-28
281865000000.0 4.523881507294754e-28
282806000000.0 4.464130515981826e-28
283750000000.0 4.4047292629141015e-28
284698000000.0 4.346605591651034e-28
285648000000.0 4.288837692236096e-28
286602000000.0 4.232332140817985e-28
287559000000.0 4.176157947877048e-28
288519000000.0 4.121245766051129e-28
289482000000.0 4.0666556504965255e-28
290448000000.0 4.01238608927851e-28
291418000000.0 3.959344911540688e-28
292391000000.0 3.9066155798364644e-28
293367000000.0 3.8551134016690112e-28
294347000000.0 3.8039010780164285e-28
295329000000.0 3.753913921915019e-28
296315000000.0 3.7042080849082217e-28
297304000000.0 3.654795067385299e-28
298297000000.0 3.6065630008988606e-28
299293000000.0 3.558615317579549e-28
