WAVE FLUX
0.000129662 0.0
0.000133601 0.0
0.00013766 0.0
0.000141842 0.0
0.00014615 0.0
0.00015059 0.0
0.000155165 0.0
0.000159879 0.0
0.000164736 0.0
0.00016974 0.0
0.000174896 0.0
0.00018021 0.0
0.000185684 0.0
0.000191325 0.0
0.000197137 0.0
0.000203126 0.0
0.000209296 0.0
0.000215654 0.0
0.000222206 0.0
0.000228956 0.0
0.000235911 0.0
0.000243078 0.0
0.000250462 0.0
0.000258071 0.0
0.000265911 0.0
0.000273989 0.0
0.000282312 0.0
0.000290888 0.0
0.000299725 0.0
0.00030883 0.0
0.000318212 0.0
0.000327879 0.0
0.00033784 0.0
0.000348103 0.0
0.000358677 0.0
0.000369574 0.0
0.000380801 0.0
0.000392369 0.0
0.000404288 0.0
0.00041657 0.0
0.000429225 0.0
0.000442264 0.0
0.000455699 0.0
0.000469543 0.0
0.000483807 0.0
0.000498504 0.0
0.000513648 0.0
0.000529252 0.0
0.00054533 0.0
0.000561896 0.0
0.000578966 0.0
0.000596554 0.0
0.000614676 0.0
0.000633349 0.0
0.00065259 0.0
0.000672414 0.0
0.000692841 0.0
0.000713889 0.0
0.000735576 0.0
0.000757921 0.0
0.000780946 0.0
0.00080467 0.0
0.000829115 0.0
0.000854302 0.0
0.000880254 0.0
0.000906995 0.0
0.000934548 0.0
0.000962938 0.0
0.000992191 0.0
0.00102233 0.0
0.00105339 0.0
0.00108539 0.0
0.00111836 0.0
0.00115234 0.0
0.00118734 0.0
0.00122341 0.0
0.00126058 0.0
0.00129887 0.0
0.00133833 0.0
0.00137899 0.0
0.00142088 0.0
0.00146404 0.0
0.00150852 0.0
0.00155434 0.0
0.00160156 0.0
0.00165022 0.0
0.00170035 0.0
0.001752 0.0
0.00180522 0.0
0.00186006 0.0
0.00191657 0.0
0.00197479 0.0
0.00203478 0.0
0.0020966 0.0
0.00216029 0.0
0.00222592 0.0
0.00229354 0.0
0.00236321 0.0
0.002435 0.0
0.00250897 0.0
0.00258519 0.0
0.00266373 0.0
0.00274465 0.0
0.00282803 0.0
0.00291394 0.0
0.00300246 0.0
0.00309367 0.0
0.00318765 0.0
0.00328449 0.0
0.00338426 0.0
0.00348707 0.0
0.003593 0.0
0.00370215 0.0
0.00381462 0.0
0.0039305 0.0
0.00404991 0.0
0.00417294 0.0
0.0042997 0.0
0.00443032 0.0
0.00456491 0.0
0.00470358 0.0
0.00484647 0.0
0.0049937 0.0
0.0051454 0.0
0.00530171 0.0
0.00546277 0.0
0.00562872 0.0
0.00579971 0.0
0.0059759 0.0
0.00615744 0.0
0.00634449 0.0
0.00653723 0.0
0.00673582 0.0
0.00694045 0.0
0.00715129 0.0
0.00736853 0.0
0.00759238 0.0
0.00782302 0.0
0.00806067 0.0
0.00830554 0.0
0.00855786 0.0
0.00881783 0.0
0.0090857 0.0
0.00936171 0.0
0.00964611 0.0
0.00993914 0.0
0.0102411 0.0
0.0105522 0.0
0.0108727 0.0
0.011203 0.0
0.0115434 0.0
0.011894 0.0
0.0122554 0.0
0.0126277 0.0
0.0130113 0.0
0.0134065 0.0
0.0138138 0.0
0.0142335 0.0
0.0146659 0.0
0.0151114 0.0
0.0155704 0.0
0.0160434 0.0
0.0165308 0.0
0.017033 0.0
0.0175504 0.0
0.0180836 0.0
0.018633 0.0
0.019199 0.0
0.0197822 0.0
0.0203832 0.0
0.0210024 0.0
0.0216404 0.0
0.0222978 0.0
0.0229752 0.0
0.0236732 0.0
0.0243923 0.0
0.0251333 0.0
0.0258968 0.0
0.0266835 0.0
0.0274941 0.0
0.0283294 0.0
0.02919 0.0
0.0300767 0.0
0.0309904 0.0
0.0319319 0.0
0.0329019 0.0
0.0339014 0.0
0.0349313 0.0
0.0359924 0.0
0.0370858 0.0
0.0382125 0.0
0.0393733 0.0
0.0405694 0.0
0.0418018 0.0
0.0430717 0.0
0.0443802 0.0
0.0457284 0.0
0.0471175 0.0
0.0485489 0.0
0.0500237 0.0
0.0515434 0.0
0.0531092 0.0
0.0547226 0.0
0.056385 0.0
0.0580979 0.0
0.0598628 0.0
0.0616813 0.0
0.0635551 0.0
0.0654858 0.0
0.0674752 0.0
0.069525 0.0
0.0716371 0.0
0.0738133 0.0
0.0760556 0.0
0.0783661 0.0
0.0807467 0.0
0.0831997 0.0
0.0857272 0.0
0.0883314 0.0
0.0910148 0.0
0.0937797 0.0
0.0966286 0.0
0.099564 0.0
0.102589 0.0
0.105705 0.0
0.108916 0.0
0.112225 0.0
0.115634 0.0
0.119147 0.0
0.122767 0.0
0.126496 0.0
0.130339 0.0
0.134298 0.0
0.138378 0.0
0.142582 0.0
0.146913 0.0
0.151376 0.0
0.155975 0.0
0.160713 0.0
0.165595 0.0
0.170626 0.0
0.175809 0.0
0.18115 0.0
0.186653 0.0
0.192323 0.0
0.198166 0.0
0.204186 0.0
0.210389 0.0
0.21678 0.0
0.223366 0.0
0.230151 0.0
0.237143 0.0
0.244347 0.0
0.25177 0.0
0.259418 0.0
0.267299 0.0
0.275419 0.0
0.283786 0.0
0.292407 0.0
0.30129 0.0
0.310442 0.0
0.319873 0.0
0.32959 0.0
0.339603 0.0
0.349919 0.0
0.36055 0.0
0.371502 0.0
0.382788 0.0
0.394417 0.0
0.406399 0.0
0.418744 0.0
0.431465 0.0
0.444572 0.0
0.458078 0.0
0.471994 0.0
0.486332 0.0
0.501106 0.0
0.516329 0.0
0.532014 0.0
0.548176 0.0
0.564829 0.0
0.581988 0.0
0.599668 0.0
0.617885 0.0
0.636655 0.0
0.655996 0.0
0.675924 0.0
0.696457 0.0
0.717615 0.0
0.739415 0.0
0.761877 0.0
0.785022 0.0
0.80887 0.0
0.833442 0.0
0.858761 0.0
0.884849 0.0
0.911729 0.0
0.939426 0.0
0.967964 0.0
0.99737 0.0
1.01281 0.0
1.01339 0.0
1.01397 0.0
1.01455 0.0
1.01513 0.0
1.01571 0.0
1.01629 0.0
1.01687 0.0
1.01745 0.0
1.01803 0.0
1.01861 0.0
1.0192 0.0
1.01978 0.0
1.02036 0.0
1.02095 0.0
1.02153 0.0
1.02211 0.0
1.0227 0.0
1.02328 0.0
1.02387 0.0
1.02445 0.0
1.02504 0.0
1.02562 0.0
1.02621 0.0
1.0268 0.0
1.02738 0.0
1.02797 0.0
1.02856 0.0
1.02915 0.0
1.02974 0.0
1.03033 0.0
1.03091 0.0
1.0315 0.0
1.03209 0.0
1.03268 0.0
1.03327 0.0
1.03386 0.0
1.03446 0.0
1.03505 0.0
1.03564 0.0
1.03623 0.0
1.03682 0.0
1.03742 0.0
1.03801 0.0
1.0386 0.0
1.0392 0.0
1.03979 0.0
1.04039 0.0
1.04098 0.0
1.04158 0.0
1.04217 0.0
1.04277 0.0
1.04336 0.0
1.04396 0.0
1.04456 0.0
1.04515 0.0
1.04575 0.0
1.04635 0.0
1.04695 0.0
1.04755 0.0
1.04815 0.0
1.04874 0.0
1.04934 0.0
1.04994 0.0
1.05054 0.0
1.05114 0.0
1.05175 0.0
1.05235 0.0
1.05295 0.0
1.05355 0.0
1.05415 0.0
1.05476 0.0
1.05536 0.0
1.05596 0.0
1.05657 0.0
1.05717 0.0
1.05777 0.0
1.05838 0.0
1.05898 0.0
1.05959 0.0
1.0602 0.0
1.0608 0.0
1.06141 0.0
1.06202 0.0
1.06262 0.0
1.06323 0.0
1.06384 0.0
1.06445 0.0
1.06505 0.0
1.06566 0.0
1.06627 0.0
1.06688 0.0
1.06749 0.0
1.0681 0.0
1.06871 0.0
1.06932 0.0
1.06994 0.0
1.07055 0.0
1.07116 0.0
1.07177 0.0
1.0724 0.0
1.07304 0.0
1.07369 0.0
1.07433 0.0
1.07498 0.0
1.07562 0.0
1.07627 0.0
1.07692 0.0
1.07756 0.0
1.07821 0.0
1.07886 0.0
1.0795 0.0
1.08015 0.0
1.0808 0.0
1.08145 0.0
1.0821 0.0
1.08275 0.0
1.0834 0.0
1.08405 0.0
1.0847 0.0
1.08535 0.0
1.086 0.0
1.08666 0.0
1.08731 0.0
1.08796 0.0
1.08861 0.0
1.08927 0.0
1.08992 0.0
1.09058 0.0
1.09123 0.0
1.09189 0.0
1.09254 0.0
1.0932 0.0
1.09385 0.0
1.09451 0.0
1.09517 0.0
1.09583 0.0
1.09648 0.0
1.09714 0.0
1.0978 0.0
1.09846 0.0
1.09912 0.0
1.09978 0.0
1.10044 0.0
1.1011 0.0
1.10176 0.0
1.10242 0.0
1.10309 0.0
1.10375 0.0
1.10441 0.0
1.10507 0.0
1.10574 0.0
1.1064 0.0
1.10707 0.0
1.10773 0.0
1.1084 0.0
1.10906 0.0
1.10973 0.0
1.11039 0.0
1.11106 0.0
1.11173 0.0
1.11239 0.0
1.11306 0.0
1.11373 0.0
1.1144 0.0
1.11507 0.0
1.11574 0.0
1.11641 0.0
1.11708 0.0
1.11775 0.0
1.11842 0.0
1.11909 0.0
1.11976 0.0
1.12044 0.0
1.12111 0.0
1.12178 0.0
1.12245 0.0
1.12313 0.0
1.1238 0.0
1.12448 0.0
1.12515 0.0
1.12583 0.0
1.1265 0.0
1.12718 0.0
1.12786 0.0
1.12854 0.0
1.12921 0.0
1.12989 0.0
1.13057 0.0
1.13125 0.0
1.13193 0.0
1.13261 0.0
1.13329 0.0
1.13397 0.0
1.13465 0.0
1.13533 0.0
1.13601 0.0
1.13669 0.0
1.13738 0.0
1.13806 0.0
1.13874 0.0
1.13945 0.0
1.14018 0.0
1.1409 0.0
1.14163 0.0
1.14236 0.0
1.14309 0.0
1.14382 0.0
1.14456 0.0
1.14529 0.0
1.14602 0.0
1.14675 0.0
1.14749 0.0
1.14822 0.0
1.14895 0.0
1.14969 0.0
1.15042 0.0
1.15116 0.0
1.15189 0.0
1.15263 0.0
1.15337 0.0
1.1541 0.0
1.15484 0.0
1.15558 0.0
1.15632 0.0
1.15706 0.0
1.1578 0.0
1.15854 0.0
1.15928 0.0
1.16002 0.0
1.16076 0.0
1.1615 0.0
1.16224 0.0
1.16299 0.0
1.16373 0.0
1.16447 0.0
1.16522 0.0
1.16596 0.0
1.16671 0.0
1.16745 0.0
1.1682 0.0
1.16895 0.0
1.16969 0.0
1.17044 0.0
1.17119 0.0
1.17194 0.0
1.17269 0.0
1.17344 0.0
1.17419 0.0
1.17494 0.0
1.17569 0.0
1.17644 0.0
1.17719 0.0
1.17795 0.0
1.1787 0.0
1.17945 0.0
1.18021 0.0
1.18096 0.0
1.18171 0.0
1.18247 0.0
1.18323 0.0
1.18398 0.0
1.18474 0.0
1.1855 0.0
1.18625 0.0
1.18701 0.0
1.18777 0.0
1.18853 0.0
1.18929 0.0
1.19005 0.0
1.19081 0.0
1.19157 0.0
1.19233 0.0
1.1931 0.0
1.19386 0.0
1.19462 0.0
1.19539 0.0
1.19615 0.0
1.19691 0.0
1.19768 0.0
1.19844 0.0
1.19921 0.0
1.19998 0.0
1.20074 0.0
1.20151 0.0
1.20228 0.0
1.20305 0.0
1.20382 0.0
1.20459 0.0
1.20536 0.0
1.20613 0.0
1.2069 0.0
1.20767 0.0
1.20844 0.0
1.20921 0.0
1.20999 0.0
1.21076 0.0
1.21153 0.0
1.21231 0.0
1.21308 0.0
1.21386 0.0
1.21463 0.0
1.21544 0.0
1.21627 0.0
1.2171 0.0
1.21793 0.0
1.21876 0.0
1.2196 0.0
1.22043 0.0
1.22126 0.0
1.2221 0.0
1.22293 0.0
1.22377 0.0
1.22461 0.0
1.22544 0.0
1.22628 0.0
1.22712 0.0
1.22796 0.0
1.22879 0.0
1.22963 0.0
1.23047 0.0
1.23132 0.0
1.23216 0.0
1.233 0.0
1.23384 0.0
1.23468 0.0
1.23553 0.0
1.23637 0.0
1.23722 0.0
1.23806 0.0
1.23891 0.0
1.23976 0.0
1.2406 0.0
1.24145 0.0
1.2423 0.0
1.24315 0.0
1.244 0.0
1.24485 0.0
1.2457 0.0
1.24655 0.0
1.2474 0.0
1.24825 0.0
1.24911 0.0
1.24996 0.0
1.25081 0.0
1.25167 0.0
1.25252 0.0
1.25338 0.0
1.25424 0.0
1.25509 0.0
1.25595 0.0
1.25681 0.0
1.25767 0.0
1.25853 0.0
1.25939 0.0
1.26025 0.0
1.26111 0.0
1.26197 0.0
1.26283 0.0
1.2637 0.0
1.26456 0.0
1.26542 0.0
1.26629 0.0
1.26715 0.0
1.26802 0.0
1.26889 0.0
1.26975 0.0
1.27062 0.0
1.27149 0.0
1.27236 0.0
1.27323 0.0
1.2741 0.0
1.27497 0.0
1.27584 0.0
1.27671 0.0
1.27758 0.0
1.27846 0.0
1.27933 0.0
1.2802 0.0
1.28108 0.0
1.28195 0.0
1.28283 0.0
1.28371 0.0
1.28458 0.0
1.28546 0.0
1.28634 0.0
1.28722 0.0
1.2881 0.0
1.28898 0.0
1.28986 0.0
1.29074 0.0
1.29162 0.0
1.29251 0.0
1.29339 0.0
1.29427 0.0
1.29516 0.0
1.29604 0.0
1.29693 0.0
1.29781 0.0
1.2987 0.0
1.29959 0.0
1.30048 0.0
1.30137 0.0
1.30229 0.0
1.30324 0.0
1.3042 0.0
1.30516 0.0
1.30612 0.0
1.30707 0.0
1.30803 0.0
1.30899 0.0
1.30995 0.0
1.31092 0.0
1.31188 0.0
1.31284 0.0
1.3138 0.0
1.31477 0.0
1.31573 0.0
1.3167 0.0
1.31767 0.0
1.31863 0.0
1.3196 0.0
1.32057 0.0
1.32154 0.0
1.32251 0.0
1.32348 0.0
1.32445 0.0
1.32542 0.0
1.3264 0.0
1.32737 0.0
1.32834 0.0
1.32932 0.0
1.3303 0.0
1.33127 0.0
1.33225 0.0
1.33323 0.0
1.33421 0.0
1.33518 0.0
1.33616 0.0
1.33715 0.0
1.33813 0.0
1.33911 0.0
1.34009 0.0
1.34108 0.0
1.34206 0.0
1.34305 0.0
1.34403 0.0
1.34502 0.0
1.346 0.0
1.34699 0.0
1.34798 0.0
1.34897 0.0
1.34996 0.0
1.35095 0.0
1.35194 0.0
1.35294 0.0
1.35393 0.0
1.35492 0.0
1.35592 0.0
1.35691 0.0
1.35791 0.0
1.35891 0.0
1.3599 0.0
1.3609 0.0
1.3619 0.0
1.3629 0.0
1.3639 0.0
1.3649 0.0
1.3659 0.0
1.36691 0.0
1.36791 0.0
1.36891 0.0
1.36992 0.0
1.37092 0.0
1.37193 0.0
1.37294 0.0
1.37394 0.0
1.37495 0.0
1.37596 0.0
1.37697 0.0
1.37798 0.0
1.37899 0.0
1.38001 0.0
1.38102 0.0
1.38203 0.0
1.38305 0.0
1.38406 0.0
1.38508 0.0
1.3861 0.0
1.38711 0.0
1.38813 0.0
1.38915 0.0
1.39017 0.0
1.39119 0.0
1.39221 0.0
1.39323 0.0
1.39426 0.0
1.39528 0.0
1.3963 0.0
1.39733 0.0
1.39835 0.0
1.39938 0.0
1.40041 0.0
1.40144 0.0
1.4025 0.0
1.4036 0.0
1.4047 0.0
1.40581 0.0
1.40691 0.0
1.40801 0.0
1.40912 0.0
1.41022 0.0
1.41133 0.0
1.41244 0.0
1.41355 0.0
1.41466 0.0
1.41577 0.0
1.41688 0.0
1.41799 0.0
1.41911 0.0
1.42022 0.0
1.42133 0.0
1.42245 0.0
1.42357 0.0
1.42468 0.0
1.4258 0.0
1.42692 0.0
1.42804 0.0
1.42916 0.0
1.43029 0.0
1.43141 0.0
1.43253 0.0
1.43366 0.0
1.43478 0.0
1.43591 0.0
1.43704 0.0
1.43816 0.0
1.43929 0.0
1.44042 0.0
1.44155 0.0
1.44269 0.0
1.44382 0.0
1.44495 0.0
1.44609 0.0
1.44722 0.0
1.44836 0.0
1.44949 0.0
1.45063 0.0
1.45177 0.0
1.45291 0.0
1.45405 0.0
1.45519 0.0
1.45634 0.0
1.45748 0.0
1.45862 0.0
1.45977 0.0
1.46091 0.0
1.46206 0.0
1.46321 0.0
1.46436 0.0
1.46551 0.0
1.46666 0.0
1.46781 0.0
1.46896 0.0
1.47011 0.0
1.47127 0.0
1.47242 0.0
1.47358 0.0
1.47474 0.0
1.47589 0.0
1.47705 0.0
1.47821 0.0
1.47937 0.0
1.48053 0.0
1.4817 0.0
1.48286 0.0
1.48402 0.0
1.48519 0.0
1.48635 0.0
1.48752 0.0
1.48869 0.0
1.48986 0.0
1.49103 0.0
1.4922 0.0
1.49337 0.0
1.49454 0.0
1.49571 0.0
1.49689 0.0
1.49806 0.0
1.49924 0.0
1.50042 0.0
1.50159 0.0
1.50277 0.0
1.50395 0.0
1.50513 0.0
1.50632 0.0
1.5075 0.0
1.50868 0.0
1.50987 0.0
1.51105 0.0
1.51224 0.0
1.51342 0.0
1.51461 0.0
1.5158 0.0
1.51699 0.0
1.51818 0.0
1.51943 0.0
1.52072 0.0
1.52202 0.0
1.52332 0.0
1.52462 0.0
1.52592 0.0
1.52722 0.0
1.52853 0.0
1.52983 0.0
1.53114 0.0
1.53244 0.0
1.53375 0.0
1.53506 0.0
1.53637 0.0
1.53768 0.0
1.53899 0.0
1.54031 0.0
1.54162 0.0
1.54294 0.0
1.54425 0.0
1.54557 0.0
1.54689 0.0
1.54821 0.0
1.54953 0.0
1.55085 0.0
1.55218 0.0
1.5535 0.0
1.55483 0.0
1.55616 0.0
1.55748 0.0
1.55881 0.0
1.56014 0.0
1.56147 0.0
1.56281 0.0
1.56414 0.0
1.56548 0.0
1.56681 0.0
1.56815 0.0
1.56949 0.0
1.57083 0.0
1.57217 0.0
1.57351 0.0
1.57485 0.0
1.5762 0.0
1.57754 0.0
1.57889 0.0
1.58023 0.0
1.58158 0.0
1.58293 0.0
1.58428 0.0
1.58564 0.0
1.58699 0.0
1.58834 0.0
1.5897 0.0
1.59106 0.0
1.59241 0.0
1.59377 0.0
1.59513 0.0
1.59649 0.0
1.59786 0.0
1.59922 0.0
1.60058 0.0
1.60195 0.0
1.60332 0.0
1.60469 0.0
1.60606 0.0
1.60743 0.0
1.6088 0.0
1.61017 0.0
1.61155 0.0
1.61292 0.0
1.6143 0.0
1.61567 0.0
1.61705 0.0
1.61843 0.0
1.61981 0.0
1.6212 0.0
1.62258 0.0
1.62397 0.0
1.62535 0.0
1.62674 0.0
1.62813 0.0
1.62952 0.0
1.63091 0.0
1.6323 0.0
1.63369 0.0
1.63509 0.0
1.63648 0.0
1.63788 0.0
1.63928 0.0
1.64067 0.0
1.64207 0.0
1.64348 0.0
1.64488 0.0
1.64628 0.0
1.64769 0.0
1.64909 0.0
1.6505 0.0
1.65191 0.0
1.65332 0.0
1.65473 0.0
1.65614 0.0
1.65762 0.0
1.65917 0.0
1.66072 0.0
1.66228 0.0
1.66383 0.0
1.66539 0.0
1.66694 0.0
1.6685 0.0
1.67006 0.0
1.67162 0.0
1.67318 0.0
1.67475 0.0
1.67631 0.0
1.67788 0.0
1.67945 0.0
1.68102 0.0
1.68259 0.0
1.68416 0.0
1.68574 0.0
1.68732 0.0
1.68889 0.0
1.69047 0.0
1.69205 0.0
1.69363 0.0
1.69522 0.0
1.6968 0.0
1.69839 0.0
1.69998 0.0
1.70156 0.0
1.70316 0.0
1.70475 0.0
1.70634 0.0
1.70794 0.0
1.70953 0.0
1.71113 0.0
1.71273 0.0
1.71433 0.0
1.71593 0.0
1.71754 0.0
1.71914 0.0
1.72075 0.0
1.72236 0.0
1.72397 0.0
1.72558 0.0
1.7272 0.0
1.72881 0.0
1.73043 0.0
1.73204 0.0
1.73366 0.0
1.73528 0.0
1.73691 0.0
1.73853 0.0
1.74016 0.0
1.74178 0.0
1.74341 0.0
1.74504 0.0
1.74667 0.0
1.7483 0.0
1.74994 0.0
1.75157 0.0
1.75321 0.0
1.75485 0.0
1.75649 0.0
1.75813 0.0
1.75978 0.0
1.76142 0.0
1.76307 0.0
1.76472 0.0
1.76637 0.0
1.76802 0.0
1.76967 0.0
1.77133 0.0
1.77298 0.0
1.77464 0.0
1.7763 0.0
1.77796 0.0
1.77962 0.0
1.78128 0.0
1.78295 0.0
1.78462 0.0
1.78628 0.0
1.78795 0.0
1.78963 0.0
1.7913 0.0
1.79297 0.0
1.79465 0.0
1.79633 0.0
1.79801 0.0
1.79969 0.0
1.80137 0.0
1.80305 0.0
1.80474 0.0
1.80643 0.0
1.80812 0.0
1.80981 0.0
1.8115 0.0
1.81319 0.0
1.81489 0.0
1.81658 0.0
1.81828 0.0
1.81998 0.0
1.82168 0.0
1.82347 0.0
1.82533 0.0
1.8272 0.0
1.82907 0.0
1.83094 0.0
1.83282 0.0
1.83469 0.0
1.83657 0.0
1.83845 0.0
1.84033 0.0
1.84221 0.0
1.8441 0.0
1.84599 0.0
1.84788 0.0
1.84977 0.0
1.85166 0.0
1.85356 0.0
1.85545 0.0
1.85735 0.0
1.85925 0.0
1.86116 0.0
1.86306 0.0
1.86497 0.0
1.86688 0.0
1.86879 0.0
1.8707 0.0
1.87261 0.0
1.87453 0.0
1.87645 0.0
1.87837 0.0
1.88029 0.0
1.88222 0.0
1.88414 0.0
1.88607 0.0
1.888 0.0
1.88993 0.0
1.89187 0.0
1.8938 0.0
1.89574 0.0
1.89768 0.0
1.89962 0.0
1.90157 0.0
1.90351 0.0
1.90546 0.0
1.90741 0.0
1.90936 0.0
1.91132 0.0
1.91327 0.0
1.91523 0.0
1.91719 0.0
1.91916 0.0
1.92112 0.0
1.92309 0.0
1.92505 0.0
1.92702 0.0
1.929 0.0
1.93097 0.0
1.93295 0.0
1.93492 0.0
1.93691 0.0
1.93889 0.0
1.94087 0.0
1.94286 0.0
1.94485 0.0
1.94684 0.0
1.94883 0.0
1.95082 0.0
1.95282 0.0
1.95482 0.0
1.95682 0.0
1.95882 0.0
1.96083 0.0
1.96283 0.0
1.96484 0.0
1.96685 0.0
1.96887 0.0
1.97088 0.0
1.9729 0.0
1.97492 0.0
1.97694 0.0
1.97896 0.0
1.98099 0.0
1.98302 0.0
1.98504 0.0
1.98708 0.0
1.98911 0.0
1.99115 0.0
1.99318 0.0
1.99522 0.0
1.99727 0.0
1.99931 0.0
2.00136 0.0
2.0034 0.0
2.00545 0.0
2.00751 0.0
2.00956 0.0
2.01162 0.0
2.01368 0.0
2.01574 0.0
2.0178 0.0
2.01987 0.0
2.02193 0.0
2.024 0.0
2.0262 0.0
2.02851 0.0
2.03084 0.0
2.03316 0.0
2.03549 0.0
2.03781 0.0
2.04015 0.0
2.04248 0.0
2.04482 0.0
2.04716 0.0
2.0495 0.0
2.05184 0.0
2.05419 0.0
2.05654 0.0
2.05889 0.0
2.06125 0.0
2.06361 0.0
2.06597 0.0
2.06833 0.0
2.0707 0.0
2.07307 0.0
2.07544 0.0
2.07782 0.0
2.08019 0.0
2.08257 0.0
2.08496 0.0
2.08734 0.0
2.08973 0.0
2.09212 0.0
2.09452 0.0
2.09691 0.0
2.09931 0.0
2.10171 0.0
2.10412 0.0
2.10653 0.0
2.10894 0.0
2.11135 0.0
2.11376 0.0
2.11618 0.0
2.1186 0.0
2.12103 0.0
2.12346 0.0
2.12588 0.0
2.12832 0.0
2.13075 0.0
2.13319 0.0
2.13563 0.0
2.13807 0.0
2.14052 0.0
2.14297 0.0
2.14542 0.0
2.14788 0.0
2.15033 0.0
2.15279 0.0
2.15526 0.0
2.15772 0.0
2.16019 0.0
2.16266 0.0
2.16514 0.0
2.16762 0.0
2.1701 0.0
2.17258 0.0
2.17506 0.0
2.17755 0.0
2.18005 0.0
2.18254 0.0
2.18504 0.0
2.18754 0.0
2.19004 0.0
2.19255 0.0
2.19505 0.0
2.19757 0.0
2.20008 0.0
2.2026 0.0
2.20512 0.0
2.20764 0.0
2.21017 0.0
2.2127 0.0
2.21523 0.0
2.21776 0.0
2.2203 0.0
2.22284 0.0
2.22538 0.0
2.22793 0.0
2.23048 0.0
2.23303 0.0
2.23559 0.0
2.23814 0.0
2.2407 0.0
2.24327 0.0
2.24583 0.0
2.2484 0.0
2.25098 0.0
2.25355 0.0
2.25613 0.0
2.25871 0.0
2.2613 0.0
2.26388 0.0
2.26647 0.0
2.26907 0.0
2.27166 0.0
2.27426 0.0
2.27687 0.0
2.27963 0.0
2.28256 0.0
2.28549 0.0
2.28843 0.0
2.29137 0.0
2.29431 0.0
2.29726 0.0
2.30021 0.0
2.30317 0.0
2.30613 0.0
2.30909 0.0
2.31206 0.0
2.31503 0.0
2.318 0.0
2.32098 0.0
2.32396 0.0
2.32695 0.0
2.32994 0.0
2.33293 0.0
2.33593 0.0
2.33893 0.0
2.34193 0.0
2.34494 0.0
2.34795 0.0
2.35097 0.0
2.35399 0.0
2.35702 0.0
2.36004 0.0
2.36308 0.0
2.36611 0.0
2.36915 0.0
2.3722 0.0
2.37524 0.0
2.37829 0.0
2.38135 0.0
2.38441 0.0
2.38747 0.0
2.39054 0.0
2.39361 0.0
2.39669 0.0
2.39977 0.0
2.40285 0.0
2.40594 0.0
2.40903 0.0
2.41212 0.0
2.41522 0.0
2.41833 0.0
2.42143 0.0
2.42454 0.0
2.42766 0.0
2.43078 0.0
2.4339 0.0
2.43703 0.0
2.44016 0.0
2.44329 0.0
2.44643 0.0
2.44958 0.0
2.45272 0.0
2.45587 0.0
2.45903 0.0
2.46219 0.0
2.46535 0.0
2.46852 0.0
2.47169 0.0
2.47487 0.0
2.47805 0.0
2.48123 0.0
2.48442 0.0
2.48761 0.0
2.49081 0.0
2.49401 0.0
2.49721 0.0
2.50042 0.0
2.50363 0.0
2.50685 0.0
2.51007 0.0
2.51329 0.0
2.51652 0.0
2.51976 0.0
2.52299 0.0
2.52623 0.0
2.52948 0.0
2.53273 0.0
2.53598 0.0
2.53924 0.0
2.5425 0.0
2.54577 0.0
2.54904 0.0
2.55232 0.0
2.5556 0.0
2.55888 0.0
2.56217 0.0
2.56546 0.0
2.56875 0.0
2.57205 0.0
2.57536 0.0
2.57867 0.0
2.58198 0.0
2.5853 0.0
2.58862 0.0
2.59195 0.0
2.59528 0.0
2.59861 0.0
2.60195 0.0
2.60553 0.0
2.60936 0.0
2.61319 0.0
2.61703 0.0
2.62088 0.0
2.62473 0.0
2.62858 0.0
2.63245 0.0
2.63631 0.0
2.64019 0.0
2.64407 0.0
2.64795 0.0
2.65184 0.0
2.65574 0.0
2.65964 0.0
2.66355 0.0
2.66746 0.0
2.67138 0.0
2.6753 0.0
2.67923 0.0
2.68317 0.0
2.68711 0.0
2.69106 0.0
2.69501 0.0
2.69897 0.0
2.70294 0.0
2.70691 0.0
2.71089 0.0
2.71487 0.0
2.71886 0.0
2.72285 0.0
2.72685 0.0
2.73086 0.0
2.73487 0.0
2.73889 0.0
2.74291 0.0
2.74694 0.0
2.75098 0.0
2.75502 0.0
2.75907 0.0
2.76312 0.0
2.76718 0.0
2.77125 0.0
2.77532 0.0
2.77939 0.0
2.78348 0.0
2.78757 0.0
2.79166 0.0
2.79576 0.0
2.79987 0.0
2.80399 0.0
2.8081 0.0
2.81223 0.0
2.81636 0.0
2.8205 0.0
2.82464 0.0
2.82879 0.0
2.83295 0.0
2.83711 0.0
2.84128 0.0
2.84545 0.0
2.84963 0.0
2.85382 0.0
2.85801 0.0
2.86221 0.0
2.86642 0.0
2.87063 0.0
2.87485 0.0
2.87907 0.0
2.8833 0.0
2.88754 0.0
2.89178 0.0
2.89603 0.0
2.90028 0.0
2.90454 0.0
2.90881 0.0
2.91308 0.0
2.91736 0.0
2.92165 0.0
2.92594 0.0
2.93024 0.0
2.93455 0.0
2.93886 0.0
2.94318 0.0
2.9475 0.0
2.95183 0.0
2.95617 0.0
2.96051 0.0
2.96486 0.0
2.96922 0.0
2.97358 0.0
2.97795 0.0
2.98232 0.0
2.9867 0.0
2.99109 0.0
2.99549 0.0
2.99989 0.0
3.00429 0.0
3.00871 0.0
3.01313 0.0
3.01755 0.0
3.02199 0.0
3.02643 0.0
3.03087 0.0
3.03533 0.0
3.04014 0.0
3.04533 0.0
3.05052 0.0
3.05573 0.0
3.06094 0.0
3.06616 0.0
3.07139 0.0
3.07662 0.0
3.08187 0.0
3.08713 0.0
3.09239 0.0
3.09766 0.0
3.10295 0.0
3.10824 0.0
3.11354 0.0
3.11885 0.0
3.12417 0.0
3.1295 0.0
3.13483 0.0
3.14018 0.0
3.14553 0.0
3.1509 0.0
3.15627 0.0
3.16166 0.0
3.16705 0.0
3.17245 0.0
3.17786 0.0
3.18328 0.0
3.18871 0.0
3.19414 0.0
3.19959 0.0
3.20505 0.0
3.21051 0.0
3.21599 0.0
3.22147 0.0
3.22697 0.0
3.23247 0.0
3.23798 0.0
3.24351 0.0
3.24904 0.0
3.25458 0.0
3.26013 0.0
3.26569 0.0
3.27126 0.0
3.27684 0.0
3.28242 0.0
3.28802 0.0
3.29363 0.0
3.29925 0.0
3.30487 0.0
3.31051 0.0
3.31616 0.0
3.32181 0.0
3.32748 0.0
3.33315 0.0
3.33883 0.0
3.34453 0.0
3.35023 0.0
3.35595 0.0
3.36167 0.0
3.3674 0.0
3.37314 0.0
3.3789 0.0
3.38466 0.0
3.39043 0.0
3.39621 0.0
3.40201 0.0
3.40781 0.0
3.41362 0.0
3.41944 0.0
3.42527 0.0
3.43111 0.0
3.43696 0.0
3.44283 0.0
3.4487 0.0
3.45458 0.0
3.46047 0.0
3.46637 0.0
3.47228 0.0
3.47821 0.0
3.48414 0.0
3.49008 0.0
3.49603 0.0
3.50199 0.0
3.50797 0.0
3.51395 0.0
3.51994 0.0
3.52594 0.0
3.53196 0.0
3.53798 0.0
3.54401 0.0
3.55006 0.0
3.55611 0.0
3.56218 0.0
3.56825 0.0
3.57434 0.0
3.58043 0.0
3.58654 0.0
3.59265 0.0
3.59878 0.0
3.60492 0.0
3.61107 0.0
3.61722 0.0
3.62339 0.0
3.62957 0.0
3.63576 0.0
3.64196 0.0
3.6488 0.0
3.65628 0.0
3.66377 0.0
3.67128 0.0
3.6788 0.0
3.68634 0.0
3.69389 0.0
3.70146 0.0
3.70905 0.0
3.71665 0.0
3.72427 0.0
3.7319 0.0
3.73955 0.0
3.74721 0.0
3.75489 0.0
3.76258 0.0
3.77029 0.0
3.77802 0.0
3.78576 0.0
3.79352 0.0
3.8013 0.0
3.80909 0.0
3.81689 0.0
3.82471 0.0
3.83255 0.0
3.84041 0.0
3.84828 0.0
3.85616 0.0
3.86406 0.0
3.87198 0.0
3.87992 0.0
3.88787 0.0
3.89584 0.0
3.90382 0.0
3.91182 0.0
3.91984 0.0
3.92787 0.0
3.93592 0.0
3.94398 0.0
3.95207 0.0
3.96017 0.0
3.96828 0.0
3.97641 0.0
3.98456 0.0
3.99273 0.0
4.00091 0.0
4.00911 0.0
4.01732 0.0
4.02556 0.0
4.03381 0.0
4.04207 0.0
4.05036 0.0
4.05866 0.0
4.06697 0.0
4.07531 0.0
4.08366 0.0
4.09203 0.0
4.10041 0.0
4.10882 0.0
4.11724 0.0
4.12567 0.0
4.13413 0.0
4.1426 0.0
4.15109 0.0
4.1596 0.0
4.16812 0.0
4.17666 0.0
4.18522 0.0
4.1938 0.0
4.20239 0.0
4.21101 0.0
4.21963 0.0
4.22828 0.0
4.23695 0.0
4.24563 0.0
4.25433 0.0
4.26305 0.0
4.27178 0.0
4.28054 0.0
4.28931 0.0
4.2981 0.0
4.30691 0.0
4.31573 0.0
4.32458 0.0
4.33344 0.0
4.34232 0.0
4.35122 0.0
4.36014 0.0
4.36907 0.0
4.37803 0.0
4.387 0.0
4.39599 0.0
4.405 0.0
4.41402 0.0
4.42307 0.0
4.43213 0.0
4.44122 0.0
4.45032 0.0
4.45944 0.0
4.46858 0.0
4.47773 0.0
4.48691 0.0
4.4961 0.0
4.50532 0.0
4.51455 0.0
4.5238 0.0
4.53307 0.0
4.54236 0.0
4.55167 0.0
4.56219 0.0
4.57392 0.0
4.58568 0.0
4.59748 0.0
4.6093 0.0
4.62116 0.0
4.63304 0.0
4.64496 0.0
4.6569 0.0
4.66888 0.0
4.68089 0.0
4.69293 0.0
4.705 0.0
4.7171 0.0
4.72923 0.0
4.74139 0.0
4.75359 0.0
4.76581 0.0
4.77807 0.0
4.79036 0.0
4.80268 0.0
4.81503 0.0
4.82741 0.0
4.83983 0.0
4.85228 0.0
4.86476 0.0
4.87727 0.0
4.88981 0.0
4.90239 0.0
4.915 0.0
4.92764 0.0
4.94031 0.0
4.95302 0.0
4.96576 0.0
4.97853 0.0
4.99133 0.0
5.00417 0.0
5.01704 0.0
5.02994 0.0
5.04288 0.0
5.05585 0.0
5.06885 0.0
5.08189 0.0
5.09496 0.0
5.10806 0.0
5.1212 0.0
5.13437 0.0
5.14758 0.0
5.16081 0.0
5.17409 0.0
5.18739 0.0
5.20074 0.0
5.21411 0.0
5.22752 0.0
5.24097 0.0
5.25445 0.0
5.26796 0.0
5.28151 0.0
5.29509 0.0
5.30871 0.0
5.32236 0.0
5.33605 0.0
5.34978 0.0
5.36354 0.0
5.37733 0.0
5.39116 0.0
5.40502 0.0
5.41893 0.0
5.43286 0.0
5.44684 0.0
5.46084 0.0
5.47489 0.0
5.48897 0.0
5.50309 0.0
5.51724 0.0
5.53143 0.0
5.54566 0.0
5.55992 0.0
5.57422 0.0
5.58855 0.0
5.60293 0.0
5.61734 0.0
5.63179 0.0
5.64627 0.0
5.66079 0.0
5.67535 0.0
5.68995 0.0
5.70458 0.0
5.71925 0.0
5.73396 0.0
5.74871 0.0
5.76349 0.0
5.77832 0.0
5.79318 0.0
5.80808 0.0
5.82301 0.0
5.83799 0.0
5.85301 0.0
5.86806 0.0
5.88315 0.0
5.89828 0.0
5.91345 0.0
5.92866 0.0
5.94391 0.0
5.9592 0.0
5.97452 0.0
5.98989 0.0
6.00529 0.0
6.02074 0.0
6.03622 0.0
6.05175 0.0
6.06731 0.0
6.08521 0.0
6.10547 0.0
6.12579 0.0
6.14618 0.0
6.16665 0.0
6.18717 0.0
6.20777 0.0
6.22844 0.0
6.24917 0.0
6.26998 0.0
6.29085 0.0
6.31179 0.0
6.3328 0.0
6.35388 0.0
6.37504 0.0
6.39626 0.0
6.41755 0.0
6.43892 0.0
6.46035 0.0
6.48186 0.0
6.50344 0.0
6.52509 0.0
6.54681 0.0
6.5686 0.0
6.59047 0.0
6.61241 0.0
6.63442 0.0
6.65651 0.0
6.67867 0.0
6.7009 0.0
6.72321 0.0
6.74559 0.0
6.76805 0.0
6.79058 0.0
6.81318 0.0
6.83587 0.0
6.85862 0.0
6.88145 0.0
6.90436 0.0
6.92735 0.0
6.95041 0.0
6.97355 0.0
6.99676 0.0
7.02005 0.0
7.04342 0.0
7.06687 0.0
7.0904 0.0
7.114 0.0
7.13768 0.0
7.16145 0.0
7.18529 0.0
7.20921 0.0
7.23321 0.0
7.25728 0.0
7.28144 0.0
7.30568 0.0
7.33 0.0
7.35441 0.0
7.37889 0.0
7.40345 0.0
7.4281 0.0
7.45283 0.0
7.47764 0.0
7.50253 0.0
7.52751 0.0
7.55257 0.0
7.57771 0.0
7.60294 0.0
7.62825 0.0
7.65364 0.0
7.67912 0.0
7.70468 0.0
7.73033 0.0
7.75607 0.0
7.78189 0.0
7.80779 0.0
7.83379 0.0
7.85986 0.0
7.88603 0.0
7.91228 0.0
7.93862 0.0
7.96505 0.0
7.99157 0.0
8.01817 0.0
8.04486 0.0
8.07164 0.0
8.09851 0.0
8.12548 0.0
8.15253 0.0
8.17966 0.0
8.2069 0.0
8.23422 0.0
8.26163 0.0
8.28913 0.0
8.31673 0.0
8.34441 0.0
8.37219 0.0
8.40006 0.0
8.42803 0.0
8.45608 0.0
8.48423 0.0
8.51248 0.0
8.54082 0.0
8.56925 0.0
8.59777 0.0
8.6264 0.0
8.65511 0.0
8.68393 0.0
8.71284 0.0
8.74184 0.0
8.77094 0.0
8.80014 0.0
8.82944 0.0
8.85883 0.0
8.88832 0.0
8.91791 0.0
8.9476 0.0
8.97739 0.0
9.00727 0.0
9.03726 0.0
9.06734 0.0
9.09753 0.0
9.12785 0.0
9.15832 0.0
9.18889 0.0
9.21957 0.0
9.25034 0.0
9.28122 0.0
9.3122 0.0
9.34328 0.0
9.37447 0.0
9.40576 0.0
9.43716 0.0
9.46866 0.0
9.50027 0.0
9.53198 0.0
9.5638 0.0
9.59572 0.0
9.62775 0.0
9.65989 0.0
9.69213 0.0
9.72449 0.0
9.75695 0.0
9.78951 0.0
9.82219 0.0
9.85498 0.0
9.88787 0.0
9.92088 0.0
9.954 0.0
9.98722 8.092639987937288e-12
10.0206 8.897432917053221e-12
10.054 1.0601875343704037e-11
10.0876 1.2632128115343741e-11
10.1212 1.505236645769274e-11
10.155 1.7930543368847606e-11
10.1889 2.1364905976491423e-11
10.2229 2.545224393681509e-11
10.2571 3.032856475442108e-11
10.2913 3.612885767834332e-11
10.3256 4.3046336264249174e-11
10.3601 5.1291558524765054e-11
10.3947 6.11133135362259e-11
10.4294 7.281689389064982e-11
10.4642 8.675347146721819e-11
10.4991 1.0331930581888027e-10
10.5342 1.2315258813312575e-10
10.5693 1.4671774039398178e-10
10.6046 1.7486305668850522e-10
10.64 2.0833058168360117e-10
10.6755 2.481453221941993e-10
10.7112 2.957066197463151e-10
10.7469 3.523051651477757e-10
10.7828 4.1978554700000507e-10
10.8188 5.000727223721644e-10
10.8549 5.958343967141902e-10
10.8911 7.099905207300252e-10
10.9275 8.458927558722588e-10
10.964 1.0075282431233099e-09
11.0006 1.026068095630551e-09
11.0373 3.873381993148954e-10
11.0741 1.2754907257969168e-10
11.1111 4.197270441011793e-11
11.1482 1.3815980695020019e-11
11.1854 4.546638031701487e-12
11.2227 1.496514077810116e-12
11.2602 4.926513145699838e-13
11.2978 1.6218771780176257e-13
11.3355 5.337165286143224e-14
11.3733 1.75657085164571e-14
11.4113 5.781601481707693e-15
11.4494 1.9031067442656495e-15
11.4876 6.264563782412e-16
11.526 2.0621537313751813e-16
11.5644 6.787037819892047e-17
11.603 2.2334627180149785e-17
11.6418 7.352608190254162e-18
11.6806 2.4203178775493597e-18
11.7196 7.965830610591096e-19
11.7587 2.6215146660984814e-19
11.798 8.629991237211945e-20
11.8374 2.840257915014348e-20
11.8769 9.35375693979684e-21
11.9165 3.077097240886405e-21
11.9563 0.0
11.9962 0.0
12.0363 0.0
12.0764 0.0
12.1167 0.0
12.1572 0.0
12.1978 0.0
12.2385 0.0
12.2793 0.0
12.3203 0.0
12.3614 0.0
12.4027 0.0
12.4441 0.0
12.4856 0.0
12.5273 0.0
12.5691 0.0
12.6111 0.0
12.6532 0.0
12.6954 0.0
12.7378 0.0
12.7803 0.0
12.823 1.840509510143344e-21
12.8658 2.016686088563437e-21
12.9087 2.208711182047187e-21
12.9518 2.4196379295343368e-21
12.9951 3.0078222004156515e-21
13.0384 1.0319356676815158e-20
13.082 4.7294827041955447e-20
13.1256 2.167425954887333e-19
13.1694 9.93843085475612e-19
13.2134 4.554077439285568e-18
13.2575 2.0874175175848628e-17
13.3018 9.57187365915159e-17
13.3462 4.3855894715158776e-16
13.3907 2.0103542512864326e-15
13.4354 9.211718801076263e-15
13.4803 4.223121457834768e-14
13.5253 1.9361570474169846e-13
13.5704 8.873173789625599e-13
13.6157 4.0673110776437724e-12
13.6611 1.8640248448412297e-11
13.7067 8.548127189369382e-11
13.7525 3.916454655721524e-10
13.7984 1.7953941517425052e-09
13.8445 8.228589858667587e-09
13.8907 3.771205229438528e-08
13.937 1.7287059031822438e-07
13.9836 8.491176306681599e-07
14.0302 1.4470640141867362e-06
14.0771 1.6021615302995006e-06
14.1241 1.7732672283334813e-06
14.1712 1.963173682626438e-06
14.2185 2.173147595047258e-06
14.266 2.4059163634762005e-06
14.3136 2.6634564425346215e-06
14.3614 2.947682880835249e-06
14.4093 3.2634274936443876e-06
14.4574 3.6125182034808066e-06
14.5057 3.998939831897165e-06
14.5541 4.426651750368301e-06
14.6027 4.900220329965307e-06
14.6514 5.424209400639204e-06
14.7003 6.004476828622059e-06
14.7494 6.64682838824103e-06
14.7986 7.3584527266401e-06
14.848 8.144938731137508e-06
14.8976 9.017458316836868e-06
14.9473 9.982191785836422e-06
14.9972 1.1031147715671077e-05
15.0473 1.198252555481622e-05
15.0975 1.2976051054795974e-05
15.1479 1.4052666693078518e-05
15.1985 1.5218392625517685e-05
15.2492 1.6479270315384445e-05
15.3001 1.7847899595260924e-05
15.3512 1.9323155156027167e-05
15.4024 2.0931246269592636e-05
15.4538 2.266389926070747e-05
15.5054 2.4546819955396324e-05
15.5572 2.6585170937164512e-05
15.6091 2.8790926893348082e-05
15.6612 3.117555373869126e-05
15.7135 3.37638351211447e-05
15.7659 3.656716032298723e-05
15.8185 3.9596327374068404e-05
15.8713 4.288196245757129e-05
15.9243 4.6441116476438654e-05
15.9775 5.0310254097802326e-05
16.0308 5.4022741712749425e-05
16.0843 5.767735730896934e-05
16.138 6.15859740719569e-05
16.1919 6.576531980098783e-05
16.2459 7.018719728384533e-05
16.3002 7.496382174721569e-05
16.3546 8.002835367335503e-05
16.4092 8.544112637732939e-05
16.4639 9.126262954149488e-05
16.5189 9.742413080095502e-05
16.574 0.00010398634003018565
16.6294 0.00011106975076468178
16.6849 0.00011854470117680204
16.7406 0.0001265940473858368
16.7964 0.00013515025380458646
16.8525 0.0001443306841960333
16.9088 0.00015406762404947938
16.9652 0.00016447959423329463
17.0218 0.000175066564295615
17.0786 0.00018533595345554974
17.1357 0.000196144881093197
17.1929 0.0002076116215214482
17.2502 0.00021979013032768176
17.3078 0.00023267043844486882
17.3656 0.0002462463129790323
17.4236 0.00026069064812940437
17.4817 0.0002759359879978567
17.5401 0.0002920901737911064
17.5986 0.00030920634197672777
17.6574 0.00032727093338639335
17.7163 0.0003464548015793551
17.7755 0.0003667423698935009
17.8348 0.00038818468550317795
17.8943 0.000410884640967882
17.954 0.00043494561280835333
18.014 0.00045953696115773557
18.0741 0.00048274579267855943
18.1344 0.0005071232104798947
18.195 0.0005327114115796092
18.2557 0.0005595605620992403
18.3166 0.0005876544777742014
18.3778 0.0006176032286245786
18.4391 0.000648485366956218
18.5007 0.0006814156793788118
18.5624 0.0007158158185491334
18.6244 0.000751662550315766
18.6865 0.0007895085258759553
18.7489 0.0008293244270478095
18.8115 0.0008710933762107158
18.8743 0.0009153493698531087
18.9373 0.0009615133514843585
19.0005 0.0010090138118377212
19.0639 0.0010534420451251347
19.1275 0.0010986591025333823
19.1914 0.0011462865362544122
19.2554 0.001195222994128933
19.3197 0.0012470677170272274
19.3842 0.0013007157436967821
19.4489 0.0013566858451533428
19.5138 0.0014154897800972577
19.5789 0.001476562773007694
19.6443 0.00154040557333385
19.7099 0.0016064646091843902
19.7756 0.0016757832365547397
19.8416 0.0017483104044526464
19.9079 0.0018234849678462667
19.9743 0.0019028688337073523
20.041 0.0019963259219881123
20.1079 0.0021026810187194035
20.175 0.00221453677097887
20.2423 0.0023323524278782595
20.3099 0.0024565687127477706
20.3777 0.0025871291362168564
20.4457 0.002724990993626963
20.514 0.002870063652967416
20.5824 0.0030228070734469497
20.6511 0.00318412603979591
20.7201 0.0033534229071777726
20.7892 0.003532155851373824
20.8586 0.003720192850887832
20.9282 0.003918452605043273
20.9981 0.004116336541192398
21.0682 0.004246766971062559
21.1385 0.004367374870837491
21.209 0.004491584110424413
21.2798 0.004618841639414637
21.3509 0.0047500925851312464
21.4221 0.0048848485030261665
21.4936 0.005022538787690572
21.5654 0.0051660416875824134
21.6373 0.0053134068330481345
21.7096 0.005464518299050831
21.782 0.005619407850448734
21.8547 0.005777982935886268
21.9277 0.005944975469995974
22.0009 0.006106045071833831
22.0743 0.0062470161808180335
22.148 0.006382238802714252
22.2219 0.006521217684439127
22.2961 0.006663881847417233
22.3705 0.006810219324181389
22.4452 0.00696015866474966
22.5201 0.007113689622582372
22.5952 0.007270772403609369
22.6707 0.007431301993127269
22.7463 0.00759073254011186
22.8223 0.00775814681836538
22.8984 0.007928987843056847
22.9749 0.008103113521937615
23.0516 0.008257842593864223
23.1285 0.008397891182184744
23.2057 0.008541413299949499
23.2831 0.00869290326873114
23.3609 0.00883875582878704
23.4388 0.008992536267185438
23.5171 0.009149594704063846
23.5956 0.009305531886053911
23.6743 0.0094647778081399
23.7533 0.0096316631133357
23.8326 0.009797318697781504
23.9122 0.009966129352403243
23.992 0.010251569502516527
24.0721 0.01166155947346893
24.1524 0.013599659110110377
24.233 0.015861746274493566
24.3139 0.018500499019865807
24.3951 0.02157645435741404
24.4765 0.025166529422092607
24.5582 0.029350677206627068
24.6402 0.03422907102411267
24.7224 0.039921844890814524
24.8049 0.046559877424987364
24.8877 0.05431443617418249
24.9708 0.06331670227975847
25.0541 0.06908246782973726
25.1377 0.07268481489272322
25.2217 0.07646964369001857
25.3058 0.08047728763392616
25.3903 0.08466324562563739
25.4751 0.08910809861407241
25.5601 0.09372755065316789
25.6454 0.09864185915836089
25.731 0.10376653431627043
25.8169 0.10918041968970685
25.903 0.1148808934349513
25.9895 0.12042087735788401
26.0763 0.1215860356545176
26.1633 0.1215419129036245
26.2506 0.1214966941024167
26.3382 0.12145039169489183
26.4261 0.12140301803413675
26.5144 0.12135412768930856
26.6028 0.12130510591136662
26.6916 0.12125459170197382
26.7807 0.12120305474486871
26.8701 0.12115050694040612
26.9598 0.12109696009884746
27.0498 0.12131338755921048
27.1401 0.12175851632631013
27.2307 0.12219934658661907
27.3216 0.12263590658104964
27.4128 0.12310642067806837
27.5043 0.12353439741830588
27.5961 0.12399613099065658
27.6882 0.12441563801835498
27.7806 0.12486870593503246
27.8733 0.1253174211743034
27.9663 0.1257618125793064
28.0597 0.12579098720162102
28.1533 0.12552154188187106
28.2473 0.12525210857478192
28.3416 0.12502008402476864
28.4362 0.1247514602822437
28.5311 0.12448330896318384
28.6263 0.1242522108414793
28.7219 0.12398446219410954
28.8178 0.12371720208255146
28.9139 0.12348707414172755
29.0104 0.12311240032529318
29.1073 0.12230685289678554
29.2044 0.12143411299350608
29.3019 0.12060124514324604
29.3997 0.11973706450228486
29.4978 0.11891290166734997
29.5963 0.11805722813284426
29.6951 0.11724130770879475
29.7942 0.11642962630642081
29.8936 0.11558713979860928
29.9934 0.11474870713119051
30.0935 0.11349717507797114
30.194 0.1122177763323445
30.2948 0.11091120501136523
30.3959 0.10964666530512973
30.4973 0.10838944346935889
30.5991 0.1071391535923594
30.7013 0.10592988050760846
30.8037 0.10469396016706194
30.9066 0.10349843420299872
31.0097 0.10231018269375956
31.1132 0.10116215957822851
31.2171 0.10005400885637657
31.3213 0.09891883258297249
31.4258 0.09782356940673298
31.5307 0.09673433903919552
31.6359 0.09565142513486942
31.7415 0.09457449764205435
31.8475 0.09350353758964819
31.9538 0.09247158319942428
32.0604 0.09095572907803302
32.1674 0.08909075395446005
32.2748 0.08726950581712095
32.3825 0.08545954679033836
32.4906 0.08372501068834146
32.5991 0.08200097213122821
32.7079 0.08031964798430977
32.817 0.07868065951730134
32.9266 0.07705136249878673
33.0365 0.07543219110758781
33.1468 0.0736965109487957
33.2574 0.07200317830256266
33.3684 0.07035160692188244
33.4798 0.06874144063330803
33.5915 0.06717252498960447
33.7036 0.0656132301078096
33.8161 0.0641254426759923
33.929 0.06264678304369929
34.0423 0.06120797029208114
34.1559 0.05983948901944705
34.2699 0.05850995142369655
34.3843 0.057188564710944974
34.499 0.055905806320662665
34.6142 0.05463076017711047
34.7297 0.05342400989151393
34.8456 0.05222466003558801
34.9619 0.051032678176611085
35.0786 0.04963908796123306
35.1957 0.048135191778808345
35.3132 0.04670004299702881
35.4311 0.0453034541068818
35.5493 0.043915758320135743
35.668 0.04259537547477968
35.787 0.04131266389999917
35.9065 0.040096218909804006
36.0263 0.038858456189231075
36.1466 0.0375994104774702
36.2672 0.03640615851404385
36.3883 0.03522033217699476
36.5097 0.03409945097857619
36.6316 0.03298554901857708
36.7539 0.031935666152600704
36.8765 0.030892495843782192
36.9996 0.029884134723910147
37.1231 0.02885394468425182
37.247 0.027847154291818006
37.3714 0.026871896603822488
37.4961 0.02593362001595542
37.6212 0.025026346343385922
37.7468 0.02414973220142277
37.8728 0.023306333496280404
37.9992 0.022471047010258927
38.1261 0.021550386641808358
38.2533 0.02064662156949659
38.381 0.019781326699905302
38.5091 0.01895148323801736
38.6376 0.018159474312526402
38.7666 0.01739680046915531
38.896 0.01666862601154026
39.0258 0.01597463015568193
39.1561 0.015322477397720864
39.2868 0.01470115301593852
39.4179 0.014102400308984523
39.5495 0.013528626259972436
39.6815 0.012976998076113834
39.8139 0.012449942013772915
39.9468 0.011941957372035537
40.0801 0.011405878246607125
40.2139 0.010865406714179187
40.3482 0.010349152371385438
40.4828 0.009856942026125876
40.6179 0.009388501323201704
40.7535 0.008941041846599006
40.8895 0.008516952816527031
41.026 0.00810833783875069
41.163 0.00770488304280127
41.3004 0.00732178087786907
41.4382 0.006958839983520787
41.5765 0.006613336049550873
41.7153 0.006282598044563198
41.8545 0.005971508533415875
41.9942 0.005674880776405714
42.1344 0.005402521728624806
42.275 0.005144304610994576
42.4161 0.004900084543892929
42.5577 0.004664810227661616
42.6998 0.004443305240644853
42.8423 0.004230562215715221
42.9853 0.00402892645305118
43.1288 0.0038237278995999838
43.2727 0.0036271159188428583
43.4171 0.0034390026468251373
43.5621 0.0032617061794951926
43.7075 0.0030951403272724137
43.8533 0.0029344276034143
43.9997 0.002784260991222968
44.1466 0.0026326887260441165
44.2939 0.002491555045706086
44.4418 0.0023558016638659165
44.5901 0.0022282083466108483
44.7389 0.00210752246039866
44.8883 0.0019932083839160806
45.0381 0.0018868430386888297
45.1884 0.0017890413745061749
45.3393 0.0016964845533295853
45.4906 0.001608670774544353
45.6424 0.0015255518362502546
45.7948 0.0014466233280746317
45.9476 0.0013718526168378306
46.101 0.0013000590399571909
46.2549 0.0012316711700352955
46.4092 0.0011668854657378102
46.5642 0.0011054357984959116
46.7196 0.0010472984520046844
46.8755 0.0009922164830813423
47.032 0.0009390461244048329
47.189 0.0008857752778386691
47.3465 0.0008355027233965867
47.5045 0.0007879798122579296
47.6631 0.0007431791360666833
47.8221 0.0007010782286820495
47.9818 0.000661428945485385
48.1419 0.0006250824904081457
48.3026 0.0005909206129029119
48.4638 0.0005587079527040716
48.6256 0.0005284250310401539
48.7879 0.0004996255592607176
48.9507 0.0004725095663982957
49.1141 0.0004470602294872016
49.278 0.0004232627577853996
49.4425 0.00040067708566031077
49.6076 0.00037929197755768
49.7731 0.00035909770282623065
49.9393 0.0003400808643234809
50.1059 0.000320978649004909
50.2732 0.00030262366095160434
50.441 0.00028521794153852785
50.6094 0.0002687520334434538
50.7783 0.00025321766873599434
50.9478 0.0002388110890739188
51.1178 0.00022531719037750095
51.2884 0.00021293102949511563
51.4596 0.00020121472859829535
51.6314 0.0001901011938864045
51.8037 0.00017962558555946893
51.9766 0.00016974124530842204
52.1501 0.00016060325670979778
52.3242 0.0001520043986047538
52.4988 0.00014386009807111532
52.6741 0.00013616554980843836
52.8499 0.00012887744791154678
53.0263 0.00015082110762076924
53.2033 0.0003333869773940656
53.3808 0.0007944082423034981
53.559 0.0018928073556463557
53.7378 0.004510710026183691
53.9171 0.011081002137428839
54.0971 0.015135841286209418
54.2777 0.01360008044048009
54.4588 0.01222051806905862
54.6406 0.010982184744858896
54.823 0.009868461720080938
55.006 0.008874338720782327
55.1896 0.007983480725710857
55.3738 0.0071854350026153285
55.5586 0.00646799658590219
55.7441 0.005820984790920504
55.9301 0.005241869828749108
56.1168 0.004720645844175318
56.3041 0.004253044630994274
56.492 0.00383298730079384
56.6806 0.003454466329974336
56.8698 0.0031115644436193078
57.0596 0.0028204534807252345
57.25 0.002578798554145839
57.4411 0.0023605913790887664
57.6329 0.0021601563089702638
57.8252 0.0019773306179049787
58.0182 0.0018299848764257557
58.2119 0.0017783881503672034
58.4062 0.0017369759329829777
58.6011 0.0016965356779725248
58.7967 0.0016570561394550478
58.993 0.0016185291666091413
59.1899 0.0015811262192598563
59.3874 0.0015444846288282794
59.5857 0.0015085928678843382
59.7846 0.0014736249847708378
59.9841 0.0014395728384018595
60.1843 0.001406252027331763
60.3852 0.0013736564363820392
60.5867 0.001341955016706736
60.789 0.001310963255528252
60.9919 0.0012432548276668132
61.1955 0.0009467056718814859
61.3997 0.0006916804385522717
61.6046 0.0005054772551947243
61.8103 0.0003692916079436637
62.0166 0.00028634637632178275
62.2236 0.00028707653075097506
62.4313 0.00029685521614775497
62.6396 0.00030706758750129247
62.8487 0.00031754142821751875
63.0585 0.0003284403058476566
63.269 0.00033975963037326663
63.4801 0.00035133045457215315
63.692 0.0003634776006296055
63.9046 0.00037603161979618977
64.1179 0.0003889880536116439
64.3319 0.0004023424763766673
64.5467 0.00041625206872205375
64.7621 0.0004307121212431809
64.9783 0.00040978099410098935
65.1951 0.000163656411666888
65.4127 5.360766220371223e-05
65.6311 1.7549178779997623e-05
65.8501 5.744937643550221e-06
66.0699 2.7432615398893626e-06
66.2905 2.7151784519632443e-06
66.5117 2.7407821629085593e-06
66.7337 2.767751995417906e-06
66.9565 2.796073394301577e-06
67.18 2.8615838345254644e-06
67.4042 2.9437169744424805e-06
67.6292 3.0268180003763143e-06
67.8549 3.112422024164234e-06
68.0814 3.22049030365793e-06
68.3086 3.3645960947872726e-06
68.5366 3.5168719817374684e-06
68.7654 3.6757087199653467e-06
68.9949 3.926026580510078e-06
69.2252 4.805369549998929e-06
69.4563 6.037604664239173e-06
69.6881 7.586134584088345e-06
69.9207 9.530116284813522e-06
70.1541 1.064615936486214e-05
70.3882 1.1190899584641262e-05
70.6232 1.1764496247743986e-05
70.8589 1.2366675300894532e-05
71.0954 1.3014789533679549e-05
71.3327 1.3711295976184367e-05
71.5708 1.4446912054345334e-05
71.8097 1.5222682265573003e-05
72.0494 1.6073059590367664e-05
72.2899 1.704796853983551e-05
72.5311 1.808841874861155e-05
72.7732 1.9208063812905267e-05
73.0161 2.0449123113597096e-05
73.2598 2.2081905727984625e-05
73.5044 2.390300024913808e-05
73.7497 2.585374638104795e-05
73.9959 2.8017625751835212e-05
74.2429 3.0448893223053716e-05
74.4907 3.311669795875845e-05
74.7393 3.603261112481001e-05
74.9888 3.9235908439568246e-05
75.239 4.2862894785923867e-05
75.4902 4.688132965490654e-05
75.7422 5.127347051937767e-05
75.995 5.6035461035226924e-05
76.2486 6.075150492731597e-05
76.5031 6.579136316645903e-05
76.7585 7.124712480756864e-05
77.0147 7.71961349335744e-05
77.2717 8.36604034437148e-05
77.5296 9.07020161013669e-05
77.7884 9.832844653819411e-05
78.0481 0.00010665435410461709
78.3086 0.00011568601130151279
78.5699 0.00012552273483476507
78.8322 0.0001361425920688154
79.0953 0.00014733919173995916
79.3593 0.00015832781343419133
79.6242 0.00017029366130570322
79.89 0.00018322661006431648
80.1566 0.00019724747672523443
80.4242 0.0002126048813473109
80.6926 0.00022915576448236607
80.9619 0.0002471461172246924
81.2322 0.00026694739057610435
81.5033 0.00028854154640286936
81.7753 0.000311781696538835
82.0483 0.00039777823056693664
82.3222 0.0007898569219622048
82.5969 0.001647985555760207
82.8726 0.0035149565241372935
83.1492 0.003581338020553801
83.4268 0.0020583160416532374
83.7052 0.001183222946544488
83.9846 0.0007489136913108753
84.2649 0.0009509524463432617
84.5462 0.0014006909049844476
84.8284 0.002062571301498109
85.1115 0.002638838722715977
85.3956 0.0027391856693424837
85.6806 0.002837615271185382
85.9666 0.002939012056715819
86.2536 0.003045770859773975
86.5415 0.003156628382157584
86.8303 0.0032715404068226895
87.1201 0.003390459159100339
87.4109 0.0035145385721017993
87.7027 0.003643723067165815
87.9954 0.003736314924440898
88.2891 0.0035614105334386375
88.5838 0.0033533495467496293
88.8795 0.003156057501754776
89.1761 0.0029541732279150224
89.4738 0.002753593584407191
89.7724 0.0025659822115213626
90.0721 0.0024028351960197073
90.3727 0.002274347587350617
90.6744 0.002154769131249699
90.977 0.0020486236733376823
91.2807 0.0020119835405099976
91.5853 0.001989286211299044
91.891 0.0019712736729091784
92.1977 0.0022032076923336084
92.5055 0.002644107329000663
92.8142 0.0031711750531314004
93.124 0.003849868807409414
93.4349 0.004721240570117659
93.7467 0.005803459390614552
94.0596 0.007185664159597751
94.3736 0.00899019502939602
94.6886 0.01127914741369903
95.0046 0.014063060237255526
95.3217 0.01663059902172274
95.6399 0.019542175244269055
95.9591 0.02284884795287336
96.2794 0.024980516660713895
96.6008 0.026859280542438017
96.9232 0.028887333480737236
97.2467 0.031073863266750018
97.5713 0.03342795093190048
97.897 0.03596924155610706
98.2237 0.038706486926092847
98.5516 0.041669444054339706
98.8805 0.045205293927424
99.2106 0.07662179836654706
99.5417 0.17019518144550524
99.874 0.3836045607719084
100.207 0.3990482351048927
100.542 0.2678534475781776
100.877 0.18247379691543814
101.214 0.23235015135195708
101.552 0.4371708258280849
101.891 0.8268333778400357
102.231 1.0467478636984477
102.572 1.1075789951176411
102.915 1.1730713424267782
103.258 1.2492828994550063
103.603 1.3340601033883988
103.948 1.4263329399996407
104.295 1.5360372181745745
104.644 1.6579902514569167
104.993 1.8130397677628083
105.343 2.1429738459685863
105.695 2.572712774398257
106.048 3.1180526173887935
106.402 3.871313666200196
106.757 4.827464009905362
107.113 6.08123539550753
107.471 7.730888997065934
107.829 9.885212206883155
108.189 11.662126198770181
108.55 12.906250258687098
108.913 14.209163437192482
109.276 14.027816741548913
109.641 13.274421656503609
110.007 12.57350308874773
110.374 11.934044575256529
110.742 11.32708740790327
111.112 10.657993141244521
111.483 9.842976132393943
111.855 9.078217300999096
112.228 7.647641266955349
112.603 6.073003324965206
112.979 4.8433457772266735
113.356 3.919244121670255
113.734 3.1899709043890936
114.114 2.6269766684400793
114.495 2.206706614916513
114.877 1.8675948570445473
115.26 1.9104446242652011
115.645 2.1630327034107184
116.031 2.350755651389154
116.418 2.134280028804052
116.807 1.8976922522738506
117.197 1.7573637410131373
117.588 1.6963121497015412
117.981 1.6436248768534183
118.374 1.6443598455346227
118.769 1.6556414262901475
119.166 1.6808788190877941
119.564 1.726076281352851
119.963 1.8372936694387845
120.363 2.65761463783588
120.765 4.144389906396248
121.168 5.959133429785552
121.572 7.59383358891836
121.978 9.777234065758359
122.385 12.961588725246866
122.794 17.360987459582777
123.204 23.74517584548287
123.615 32.68717602500634
124.027 45.5289859668289
124.441 63.40062813607355
124.857 89.14442031472075
125.274 114.50736445175633
125.692 141.36698704373677
126.111 124.04276100904511
126.532 42.583681566890625
126.954 17.0560296325004
127.378 25.293379898310214
127.803 54.5722904169788
128.23 86.71788375209545
128.658 112.96046371775829
129.087 126.04984123765438
129.518 88.92755504469665
129.951 63.71780862814621
130.384 65.24081995521117
130.82 73.54749800110486
131.256 82.96367291434767
131.694 93.73927982205971
132.134 106.02672026734108
132.575 120.04822651263684
133.017 135.1565018725363
133.461 147.49499077118583
133.907 160.2966244705246
134.354 171.99884428067097
134.802 183.93279009815552
135.252 196.63635589773642
135.704 210.25563979765002
136.157 224.93637553617003
136.611 240.59103568900576
137.067 220.0054182786758
137.524 109.56102701999458
137.983 58.74912197554519
138.444 65.50398119773443
138.906 85.10336509360165
139.37 111.03986635825102
139.835 146.46260696398522
140.302 193.7379154630617
140.77 259.5163086799195
141.24 270.365859941142
141.711 223.65708210142532
142.184 204.72357857996857
142.659 218.42761706430505
143.135 235.1846275055466
143.613 256.7119389706834
144.092 263.9245360778429
144.573 225.6753124118701
145.056 191.4307138120197
145.54 163.74335461078522
146.026 140.7550245897039
146.513 122.27780802628996
147.002 108.33773883087792
147.493 105.84736002725563
147.985 105.14167925114414
148.479 104.86238496813998
148.974 104.72481116702329
149.472 104.72615130135127
149.971 99.7697164309022
150.471 64.23470591715929
150.973 40.78736888885906
151.477 40.72078333318992
151.983 44.856613085692416
152.49 49.49339097490934
152.999 54.70781227909778
153.51 60.575777176892224
154.022 67.19975838708291
154.536 74.66648794900088
155.052 87.58634428414567
155.57 124.98556230715282
156.089 169.916943743335
156.61 181.1187081529791
157.133 189.9781313269042
157.657 199.50806958451332
158.183 209.76654626367858
158.711 220.87787614358035
159.241 207.12353707433107
159.773 168.75149923652182
160.306 170.73776890427374
160.841 203.82624297834286
161.378 226.3760287825619
161.916 243.98933042304057
162.457 269.79543143406323
162.999 302.49454470038523
163.543 348.417831741924
164.089 404.0501145904454
164.637 467.7664072602822
165.186 451.5693641501852
165.738 309.37257109383137
166.291 229.82534243704453
166.846 187.76713785190492
167.403 161.9982502886755
167.962 144.62745497805957
168.522 136.19392672130002
169.085 131.46759211851145
169.649 132.38835592808735
170.215 138.1610799220808
170.783 151.3123281661557
171.353 166.08543046910802
171.925 181.85471548533135
172.499 188.53355905995045
173.075 196.7387886468314
173.653 221.16725761068676
174.232 222.41545386666604
174.814 187.71396288621804
175.397 161.4800610559046
175.983 141.1889855232097
176.57 125.83523338989987
177.159 116.72870734866865
177.751 117.69478709189967
178.344 152.17744583772333
178.939 230.08181762329926
179.537 260.9833924199905
180.136 268.66013134176217
180.737 252.9938237598705
181.34 271.2069066238635
181.946 307.3646105573994
182.553 222.3149099509606
183.162 158.92170481221132
183.774 139.9323380715111
184.387 114.19722973161247
185.002 97.97030065314765
185.62 148.8071569381633
186.24 199.02337903656928
186.861 190.18092951981805
187.485 207.53099801933652
188.111 257.8825194173783
188.739 399.71102918065463
189.368 468.93674782799235
190.001 459.4388446867705
190.635 500.14830764352035
191.271 481.7340453818518
191.909 391.362567769115
192.55 404.8507755152489
193.193 412.5001699870436
193.838 350.84398212303915
194.485 266.1204784858902
195.134 224.50836398103783
195.785 286.22692557253816
196.438 290.8189179711865
197.094 289.0540899411732
197.752 416.0685950340212
198.412 577.856470665059
199.074 722.6799174751542
199.739 674.1427895004263
200.405 661.45293725829
201.074 682.6853300675281
201.745 694.9468541727792
202.419 652.8026012533013
203.094 604.2328252414695
203.772 635.6220988021884
204.453 679.5966537571987
205.135 665.5974080421471
205.82 498.85934418591745
206.507 461.14947888875304
207.196 482.710497208235
207.887 524.3209294351984
208.581 492.3563101517076
209.278 375.1419713097763
209.976 248.93084585771217
210.677 440.9883865567487
211.38 560.7332762230817
212.086 490.8844043349323
212.794 445.1629466013749
213.504 437.5032865538953
214.216 485.46575693242175
214.931 614.3131665792888
215.649 588.9618288431011
216.369 617.0053691822661
217.091 698.876379810155
217.815 610.0250005847363
218.542 628.5975995233732
219.272 702.9079067152261
220.004 766.2475438293362
220.738 710.0983335322127
221.475 665.6588967186881
222.214 663.4451661496191
222.956 711.9571132912893
223.7 710.0572940903512
224.447 663.8422532105795
225.196 663.959106252107
225.947 810.507478661086
226.702 752.3839614840997
227.458 906.8569932323037
228.188 1421.5508779888196
228.889 2230.5531266320236
229.593 1361.7737457072121
230.298 823.3833493015494
231.006 717.9690340061205
231.717 655.2151059542687
232.429 633.8369894192745
233.143 642.6744723309993
233.86 675.1794144131594
234.579 768.6308526380711
235.3 1134.728726940907
236.024 1893.3985530370894
236.774 1546.448343251514
237.552 1558.5737647738224
238.332 2168.0964381072304
239.114 3084.5238961416435
239.9 2631.8483465801087
240.688 3043.4709379950214
241.478 3629.723707967738
242.271 4040.954638870178
243.067 4229.75347202607
243.865 4383.793259250695
244.666 4904.3876732598565
245.47 5221.037248364925
246.276 5080.653890817039
247.085 4737.718129772767
247.896 4865.828035499283
248.71 5439.300625397412
249.527 6050.92139969198
250.352 6210.823460678036
251.187 6244.3674427527085
252.024 7303.831861822149
252.863 7445.231354367484
253.706 8444.009001820603
254.551 8473.565859106206
255.399 6821.940478730531
256.25 5524.419046891436
257.104 6882.586330657684
257.961 10423.528638666141
258.82 10846.079352495612
259.683 9753.627041319593
260.548 9263.113433020591
261.416 9048.109800887301
262.287 8982.134392384123
263.161 9258.670991884082
264.038 8629.114922725015
264.918 8236.828874937451
265.801 8134.619470405637
266.686 8146.886764049027
267.575 7892.855655702575
268.466 7925.163084451854
269.361 8485.80048172969
270.258 8930.302447093702
271.159 8707.556858622429
272.062 8443.889343728526
272.969 9106.283824549639
273.878 10154.176763935728
274.791 10303.338761210742
275.707 10591.915758449824
276.625 10530.269716844838
277.547 9023.986445432636
278.472 7903.600392706204
279.4 7854.864052739256
280.331 8034.208174289475
281.265 8342.571934089749
282.202 8552.33371395897
283.142 8631.183556264808
284.086 8576.702536890967
285.032 8404.970555762287
285.982 8095.130231728161
286.935 8608.316199653773
287.891 8132.377073926617
288.85 8518.620808080852
289.813 7200.509580954894
290.778 6593.265973293242
291.747 5473.148617957434
292.719 4807.531652550119
293.694 5426.169733573245
294.673 5678.194004478269
295.655 5255.602001174609
296.64 6413.557773721738
297.628 7155.680794049047
298.62 7026.719584286248
299.615 7866.57593493531
300.613 7983.266954295364
301.615 6710.466525079789
302.62 5608.66091269768
303.628 5293.468795852549
304.64 11022.645229902602
305.655 15446.231061438582
306.674 13353.178500920803
307.695 10620.552888360471
308.721 8536.716119956587
309.749 8339.365966475008
310.781 8820.414181299393
311.817 7995.274942983267
312.856 6901.09441321925
313.898 7882.227571469749
314.944 8680.55172375306
315.994 8330.292161110498
317.047 8233.27130797573
318.103 8702.969916374637
319.163 9389.249662565282
320.226 9528.109801557497
321.293 10431.77489274648
322.364 9357.730181070823
323.438 9164.792212328992
324.516 10550.801073512666
325.597 12168.709667324894
326.682 11429.570991995826
327.77 10765.507209967163
328.862 12070.183904326756
329.958 11865.078039885311
331.058 10351.796232935627
332.161 9671.203291034943
333.268 9441.144778433425
334.378 9807.489547931842
335.492 9181.936736746162
336.61 9764.232190520415
337.732 10491.363606043791
338.857 10654.291919899186
339.986 10856.051221583333
341.119 11839.06828288773
342.255 11689.637201082163
343.396 10983.032604168904
344.54 9712.721088301067
345.688 9641.089867013588
346.84 9702.65280945177
347.995 9372.573251804597
349.155 8528.744865135317
350.318 9220.755621035947
351.486 10286.374774395632
352.657 9604.960267932924
353.832 8833.260221266506
355.011 9013.331338772006
356.194 8904.027038378767
357.381 9442.840242664699
358.571 10053.925359968689
359.766 10291.198027872313
360.965 9781.293003343022
362.168 8840.996174840317
363.374 8681.985945560393
364.585 8377.441983144448
365.8 8169.28531189232
367.019 8193.504270234547
368.242 9215.51280253408
369.469 9893.401633230407
370.7 10055.442995912723
371.935 9715.199142894446
373.174 9343.436797299319
374.418 8174.21191728777
375.665 8545.652178437382
376.917 8097.792231934193
378.173 7913.079010325347
379.433 8366.963872460892
380.697 8289.676636150145
381.966 7489.102673805398
383.238 7510.692319653494
384.515 7213.440740050365
385.796 6899.087008493719
387.082 6126.875090887949
388.372 6882.983043584815
389.666 7247.066215525958
390.964 7988.9606200836715
392.267 7863.660672873321
393.574 7063.369425782191
394.885 7090.299202097298
396.201 7901.861573956439
397.521 7991.5182688719115
398.846 8511.019117155854
400.174 8731.344717518128
401.508 8126.004199498216
402.846 7386.842075248465
404.188 8333.768683240023
405.535 8615.92005865856
406.886 8569.29873083708
408.242 7838.075876339988
409.602 8029.336595992829
410.967 8754.271298319842
412.336 9009.61335934815
413.71 9053.087500619902
415.089 8710.220516451227
416.472 7909.4576712091075
417.859 7414.621752746874
419.252 7132.747602470565
420.649 7295.7468117365415
422.05 7730.495661964529
423.456 8271.06869179138
424.867 8248.52905660357
426.283 7631.625248481943
427.703 7635.665146709976
429.128 7920.18743191472
430.558 8098.160255750389
431.993 7712.537028557878
433.432 7529.907250739489
434.877 8068.295302289027
436.326 7885.518642249739
437.779 8120.049002968762
439.238 7449.4449079215165
440.702 7693.175137211965
442.17 8235.95756883766
443.643 7736.581630128612
445.122 7710.875409741931
446.605 7924.409605613072
448.093 7531.230545363915
449.586 7615.681451762368
451.084 7915.361469319454
452.587 7366.221608925096
454.095 7844.429888158609
455.608 7634.52608477521
457.126 7506.099453465257
458.649 7412.686515512056
460.177 7472.261056848739
461.711 7261.47593621461
463.249 7938.049689920916
464.793 7837.339253352217
466.341 7692.323769414914
467.895 7787.6179248629
469.454 7661.388649976827
471.018 7522.577084944486
472.588 7446.627315711434
474.163 7393.185170631994
475.742 7126.546887429715
477.328 7234.483607797842
478.918 7203.9062959248995
480.514 7188.695140856078
482.115 7262.554781703166
483.721 7283.8991306124635
485.333 6951.195619076724
486.95 6863.605426186865
488.573 6555.77153878736
490.201 6623.710913638068
491.834 6984.920685122043
493.473 6976.574073635311
495.117 6942.834948077107
496.767 6679.4898992138105
498.422 6447.234716212058
500.083 6813.170444197886
501.749 6830.197882373861
503.421 6799.19331096964
505.098 6816.005879728365
506.78 6640.491140988697
508.468 6853.201288290705
510.161 6793.514941337335
511.86 6402.755849876091
513.565 6401.887322970735
515.276 6311.539913421623
516.992 6531.601687268915
518.713 6297.979722146324
520.441 6470.209363157456
522.174 6424.6734742181
523.913 6445.317866715525
525.658 6186.883944367325
527.409 6309.28510339461
529.165 6379.368919210723
530.928 6389.739851845007
532.696 6348.876556903892
534.47 6098.592059462576
536.25 5881.139199275848
538.036 5947.244741818001
539.828 5718.022614437891
541.626 5542.452572264382
543.43 5208.063036934788
545.24 5780.329331800483
547.056 5770.711027249203
548.878 5698.1410465567
550.706 5612.6807650331275
552.54 5453.820783978622
554.38 5630.25698822038
556.226 5882.643534221037
558.079 5703.634657427651
559.937 5574.380455532701
561.802 5376.9541467852905
563.673 5556.009464411998
565.551 5485.720461041732
567.434 5292.216332253016
569.324 5390.513311594391
571.22 5552.258336382281
573.123 5595.938794118387
575.031 5382.536306511978
576.946 5293.891777436221
578.868 5270.888163300702
580.796 5186.687013356081
582.73 5234.158913979309
584.671 5134.402795598325
586.618 5249.445557950922
588.572 5303.177638639986
590.532 5292.668527042006
592.499 5253.891308114448
594.472 5141.341923867729
596.452 5108.475162849642
598.438 4986.542140720768
600.432 5058.918644406851
602.431 5019.53715808688
604.438 4931.845961864556
606.451 4635.775222556265
608.47 4632.438702133536
610.497 4901.765002238779
612.53 4733.358383437784
614.57 4862.464108385067
616.617 4703.683284725422
618.671 4584.827943097067
620.731 4284.538778936551
622.798 4192.982369484441
624.873 4130.465131328909
626.954 4317.165186689246
629.042 4660.711108462082
631.137 5053.357857651983
633.239 4643.048769978344
635.348 4764.421995181546
637.464 4689.475221284025
639.587 4598.602888149237
641.717 4420.172893010168
643.854 4568.1266644654
645.998 4445.989478260043
648.15 4398.918465739801
650.309 4384.314231494954
652.474 4470.866458899142
654.647 4315.275819349247
656.828 4351.9589012069755
659.015 4273.963181940343
661.21 4293.029777415018
663.412 4351.382287571641
665.622 4266.146979058644
667.839 4206.517422243522
670.063 4144.11385537126
672.294 3969.944145153111
674.533 4192.713426060243
676.78 4209.735619888996
679.034 4151.043949326827
681.295 4097.309208869989
683.564 3985.6752165886187
685.841 4186.179078834079
688.125 3790.357620547144
690.417 3964.312695366497
692.716 4199.047804498015
695.023 4013.3666752270083
697.338 4001.5447488688274
699.661 3796.7027527286755
701.991 3709.5227376952807
704.329 4077.7822735923583
706.675 3966.454164264135
709.028 3937.0466010610003
711.39 3956.3554669107475
713.759 3919.752563091201
716.136 3810.243243229971
718.521 3546.948678642421
720.914 3851.8011333829454
723.315 3834.6725370833815
725.724 3824.8291318755387
728.141 3813.570946110208
730.566 3627.49218065796
732.999 3746.870686768129
735.44 3752.9428863611015
737.89 3747.577068665186
740.347 3750.6971221219683
742.813 3711.4632084175178
745.287 3689.3084981242378
747.769 3598.6487831131467
750.259 3413.650347375371
752.758 3336.9420498529607
755.265 3350.8199111970202
757.781 3390.8192722364515
760.304 3272.148140801927
762.837 2812.4447869296646
765.377 2608.849836527393
767.926 2827.8943259985854
770.484 3427.324725913922
773.05 3727.4741598997907
775.624 3632.75622172187
778.208 3451.1630245998367
780.799 3247.94515244277
783.4 3042.022955074506
786.009 3181.124013196969
788.627 3351.131770611253
791.253 3722.443879396681
793.888 3503.020103280549
796.532 3533.457181388364
799.185 3415.6039222509526
801.847 3285.435341029808
804.517 3429.4082672895906
807.197 3405.0505604841564
809.885 3400.213516885823
812.583 3409.540896190665
815.289 3332.7257403932344
818.004 3370.305182168109
820.728 3336.1551495346084
823.462 3364.4964431258504
826.204 3339.389849207968
828.956 3124.942368886154
831.717 2850.195437343111
834.487 3107.9943994976047
837.266 3359.049077431616
840.054 3276.854653096927
842.852 3284.610867991677
845.659 3292.2807181906137
848.476 3185.093887127053
851.302 3175.7505401660073
854.137 3149.2734028959594
856.981 3201.1342963486763
859.836 3313.4980075601325
862.699 3126.513875780624
865.573 3174.1973604776736
868.455 3237.209204270192
871.348 3212.0412682990054
874.25 3215.751237625931
877.161 3194.335967012862
880.083 3177.781645945921
883.014 3209.9218785240414
885.955 3216.99402136549
888.905 3219.275015072636
891.866 3216.8051196770202
894.836 3211.9790014235123
897.816 3207.149091316879
900.806 3194.1790328094803
903.806 3227.599863138504
906.817 3200.717682529455
909.837 3553.755083340464
911.553 10316.124341057102
913.273 22769.443809162844
916.322 17791.570885514873
919.38 15329.352265043795
922.449 12259.004021036631
925.528 23191.99429187938
928.618 22652.525894517494
931.718 30432.52382172951
934.828 39706.19983600204
937.948 27037.66442363716
941.079 52882.93230917836
944.22 57952.210561658554
947.372 39268.87496138923
950.534 31295.17426283704
953.707 57243.98417132574
956.891 75513.2833421414
960.085 80736.86118405953
963.29 74435.56619941954
966.505 66712.83181003176
969.731 49981.54745522922
972.968 21910.536565560305
976.216 30815.094293963655
979.475 51333.70334728284
982.744 67038.16365694015
986.025 65052.33091456125
989.316 61258.63085011809
992.618 74272.14973845892
995.932 68505.45974478916
999.256 80516.40726769807
1002.59 79392.28344285492
1005.94 74610.45961934474
1009.3 64714.096705504744
1012.67 79087.98540596123
1016.05 75145.9148750219
1019.44 61677.26937520556
1022.84 44161.74580440884
1026.25 18885.437277369474
1029.68 50162.89985363361
1033.12 60232.204354013455
1036.57 45607.148068209026
1040.03 78839.7345799282
1043.5 89394.3975543423
1046.98 86727.07111896525
1050.48 84255.23166455555
1053.98 88217.42812059371
1057.5 86299.9694402888
1061.03 77624.72506413473
1064.57 75242.11731944226
1068.13 69570.39811306438
1071.69 71586.44728270503
1075.27 74045.44976087839
1078.86 84523.40721426152
1082.46 71657.70803393867
1086.07 61788.30055910865
1089.7 70278.38963958116
1093.33 82054.4217527459
1096.98 75825.33229749156
1100.65 81404.06463833814
1104.32 78052.03318822681
1108.01 64845.64734622729
1111.7 61154.946927550496
1115.42 78936.83724158717
1119.14 75053.68766428303
1122.87 70850.61212977135
1126.62 57649.841938923324
1130.38 65285.27336383945
1134.16 74068.96263870143
1137.94 73031.59959907822
1141.74 69083.53421217046
1145.55 64009.417212990964
1149.38 67230.52805400157
1153.21 63593.325189727526
1157.06 58422.67497996125
1160.92 70386.40173755099
1164.8 69405.8355492229
1168.69 70052.82950202025
1172.59 65355.081024715415
1176.5 37308.10057518654
1180.43 64379.93323012271
1184.37 62424.146004346134
1188.32 67723.71446083435
1192.29 59655.914761110886
1196.27 62039.50065885833
1200.26 50073.77756513481
1204.27 46568.31212106499
1208.29 40702.69591502985
1212.32 32984.2174468424
1216.37 17620.812854528533
1220.43 40134.80332898856
1224.5 49595.58308090004
1228.59 50623.62789954884
1232.69 55976.44818132314
1236.81 61267.390185276694
1240.94 62953.52497681066
1245.08 62878.75296686613
1249.23 61303.6520018344
1253.4 63012.7181174744
1257.59 61728.72443375074
1261.79 60261.91933495218
1266.0 55578.82534766265
1270.22 57941.32109763894
1274.46 59498.51240805636
1278.72 60413.91628135992
1282.99 60408.716136675976
1287.27 59589.68129040393
1291.57 59764.20875761841
1295.88 58175.68499244384
1300.2 46667.77281498435
1304.54 53190.413552423954
1308.9 58268.959874043
1313.27 58242.49796836643
1317.65 57548.267084257204
1322.05 52248.32834201615
1326.46 54008.573678825975
1330.89 55331.47555354574
1335.33 50442.748442051394
1339.79 56104.92908607054
1344.26 53939.92002993348
1348.75 53255.74376918297
1353.25 53860.12963811448
1357.77 50881.49917752369
1362.3 51404.046077674844
1366.85 50857.5702821274
1371.41 50062.4002569668
1375.99 48054.25776354877
1380.58 50404.876585241764
1385.19 47614.15234069205
1389.81 43071.15880957774
1394.45 42086.85432271043
1399.11 42777.377455264665
1403.78 46327.223749348836
1408.46 46946.4366329647
1413.16 46471.69466358954
1417.88 44862.20360759152
1422.61 45184.09338341557
1427.36 44835.665451025525
1432.13 45059.20466513109
1436.91 44778.146864037524
1441.7 45588.051119732016
1446.52 44538.569974860555
1451.34 44203.0780132389
1456.19 44429.75795489354
1461.05 44160.136972294094
1465.93 43056.01258385395
1470.82 39332.04723487059
1475.73 41230.42065506894
1480.66 40979.994201263384
1485.6 40420.83938597823
1490.56 41136.31661253486
1495.53 41251.6576887926
1500.53 39244.10470345642
1505.53 38154.009697276466
1510.56 37313.00238854463
1515.6 37188.92114544733
1520.66 38889.85842961005
1525.74 34924.13956447121
1530.83 35840.83497735457
1535.94 35810.21648406466
1541.07 34522.37177380988
1546.21 33371.52227237568
1551.37 32835.31992330968
1556.55 33613.99027229348
1561.75 33991.493055048755
1566.96 33744.8315238708
1572.19 33406.13982960859
1577.44 32850.228966269206
1582.7 32211.79811982087
1587.99 32988.04178903001
1593.29 33430.33307915604
1598.61 32795.09267136908
1603.94 31178.125172873497
1609.3 31393.09272433315
1614.67 32780.168376921625
1620.06 31035.9363764798
1625.47 32420.653775017974
1630.89 30842.68123140595
1636.33 32896.56162980486
1641.8 32047.16461325822
1647.28 32627.03697129053
1652.78 31637.87352050893
1658.29 29455.402570507533
1663.83 30704.04994577535
1669.38 29717.59410621363
1674.95 30468.949015051163
1680.55 31432.83326061417
1686.16 30520.98433993182
1691.78 30079.19292160062
1697.43 28696.01752678836
1703.1 28286.93423263342
1708.78 28364.479918600926
1714.49 27323.405019104193
1720.21 25911.70427881468
1725.95 26978.18420070043
1731.71 28164.245140768206
1737.49 27757.184766598613
1743.29 26745.87758974253
1749.11 25980.434092128387
1754.95 26508.512724797485
1760.81 25920.78616957911
1766.69 26350.138602411866
1772.58 25341.08722296775
1778.5 25374.482689775636
1784.44 25542.33012767773
1790.39 24790.74450303553
1796.37 25495.10362609871
1802.37 26200.307486556027
1808.38 25516.85534735139
1814.42 23377.508049105756
1820.48 24064.650585052204
1826.55 24213.977851814318
1832.65 23384.92653262862
1838.77 24428.886913365008
1844.9 22179.692490000645
1851.06 22337.80184146472
1857.24 21034.443027941274
1863.44 23133.38841009917
1869.66 23162.833734095566
1875.9 22890.426376487532
1882.16 20594.614704276388
1888.45 20270.96822336938
1894.75 19048.604468826437
1901.07 20362.220614328457
1907.42 22407.864245566812
1913.79 20363.662202163585
1920.18 19663.353048270164
1926.59 19032.71026581828
1933.02 20193.581550166058
1939.47 18803.738573243685
1945.94 21533.83769436254
1952.44 18389.231705270773
1958.96 19274.093016818824
1965.49 19801.382768347434
1972.06 20988.455772885834
1978.64 19923.791692852625
1985.24 19071.6909760363
1991.87 17925.33103579298
1998.52 18955.439575623
2005.19 18495.531804556398
2011.88 18892.017886315665
2018.6 19503.446907077414
2025.34 19019.786789680435
2032.1 18441.252697319214
2038.88 17496.6242099355
2045.69 18180.54639569893
2052.51 18293.584042050756
2059.37 18049.60771925859
2066.24 17254.808667795376
2073.14 18020.631706242508
2080.06 17623.414044459754
2087.0 17118.289620351097
2093.97 16621.275811845644
2100.96 16750.37463767723
2107.97 16709.57321967866
2115.01 16950.992327279502
2122.07 17037.68831354867
2129.15 17128.56625914047
2136.26 16493.193578305032
2143.39 16340.627062509442
2150.54 16636.855722838074
2157.72 16659.13749951543
2164.92 16018.515726809183
2172.15 16355.651321178937
2179.4 15662.26074822495
2186.68 15978.822420235698
2193.97 15825.50704070671
2201.3 15558.764487086833
2208.65 15450.098667048907
2216.02 15214.440720988918
2223.42 14923.631876850737
2230.84 15042.963691240748
2238.28 15119.26692414378
2245.76 14667.941611052825
2253.25 14572.714974103672
2260.77 14510.347383540751
2268.32 14314.337102244368
2275.89 14133.305290831338
2283.49 14333.876425278937
2291.11 14190.230827231562
2298.76 13696.625871164142
2306.43 13787.270933309914
2314.13 13587.556910278043
2321.86 13204.101041832828
2329.61 12886.004167672992
2337.38 13219.459001180572
2345.18 12309.329033005903
2353.01 12588.760493285135
2360.87 12706.511947563782
2368.75 12801.272032280945
2376.65 12313.751331652787
2384.59 12149.80302637505
2392.55 12411.349357059242
2400.53 11912.100771631114
2408.55 12076.75821112556
2416.59 11915.259802323748
2424.65 11879.969620110713
2432.75 11560.651874894087
2440.87 11552.221308212163
2449.01 11347.081036877802
2457.19 11748.213309359382
2465.39 11284.432439182352
2473.62 11259.58669979522
2481.88 10943.670003340494
2490.16 10865.233226319517
2498.47 11122.452913232542
2506.81 10897.489444133802
2515.18 10744.661300479544
2523.58 10464.09808336198
2532.0 10615.39022823289
2540.45 10472.92056981422
2548.93 10245.008822330039
2557.44 10427.910325875828
2565.98 10364.640569248648
2574.54 10322.045530647363
2583.14 10198.504424455232
2591.76 10204.984742424524
2600.41 9953.605760636256
2609.09 9759.96604481276
2617.8 9855.485799673392
2626.54 9762.893738845269
2635.31 9531.743223997235
2644.1 9729.736451139433
2652.93 9713.139346033757
2661.79 9436.919605089866
2670.67 9448.668471347994
2679.59 9276.543013309836
2688.53 9265.169130176844
2697.5 9040.27895323813
2706.51 9075.951535123086
2715.54 8968.654674668089
2724.61 8815.823034020907
2733.7 8962.698784468905
2742.83 8661.824923209404
2751.98 8317.229411806618
2761.17 8664.965834551545
2770.39 8556.759151457738
2779.63 8490.645678945795
2788.91 8406.07751523346
2798.22 8123.660466705703
2807.56 8279.378258215618
2816.93 8236.970250528158
2826.34 8065.064045149758
2835.77 8071.475823745784
2845.24 7926.849080632601
2854.73 7860.151708720721
2864.26 7859.588676783371
2873.82 7735.069633226336
2883.42 7778.311946831339
2893.04 7625.773357470436
2902.7 7640.074601177889
2912.39 7611.059607791254
2922.11 7514.077436187333
2931.86 7403.377080816958
2941.65 7254.157445150801
2951.47 7261.950191552978
2961.32 7244.86696448565
2971.21 7203.131441652121
2981.12 7108.939961045981
2991.08 7088.7685218641045
3001.06 7016.349089495987
3011.08 6947.794844498405
3021.13 6921.216712511003
3031.21 6853.295201756987
3041.33 6796.063041984558
3051.48 6732.281570592701
3061.67 6661.9960398010735
3071.89 6595.520971462906
3082.14 6546.409211585478
3092.43 6470.45178973617
3102.75 6435.431992045206
3113.11 6407.288950891708
3123.5 6318.931401259063
3133.93 6257.808689851402
3144.39 6233.661770226377
3154.89 6159.813265888786
3165.42 6102.936129700665
3175.98 6059.566341019105
3186.58 5970.406448282535
3197.22 5934.162963902613
3207.89 5924.217000134165
3218.6 5852.453244671019
3229.34 5794.081195802071
3240.12 5736.025309064104
3250.94 5707.271854692216
3261.79 5649.766085139274
3272.68 5598.972090704723
3283.6 5570.7857292897625
3294.56 5526.828101799555
3305.56 5476.760444229069
3316.6 5430.116496017256
3327.67 5364.8542569222545
3338.77 5325.065814418259
3349.92 5276.085235517968
3361.1 5230.498220472863
3372.32 5166.522679719893
3383.58 5143.140240770193
3394.87 5104.446379371811
3406.2 5065.9495343816425
3417.57 5018.457783446089
3428.98 4983.437303439655
3440.43 4915.114021149211
3451.91 4904.834436352674
3463.43 4855.264823728896
3475.0 4805.954721641606
3486.6 4774.949632646455
3498.23 4738.123226105173
3509.91 4701.473894581533
3521.63 4673.9344060889725
3533.38 4622.831333756468
3545.18 4607.444411304484
3557.01 4547.965839992037
3568.88 4506.434536654376
3580.8 4462.1921224687685
3592.75 4412.377623739332
3604.74 4403.510659602986
3616.77 4351.228448849856
3628.85 4319.431388655734
3640.96 4290.685787870206
3653.12 4393.918658041181
3665.31 4382.1621586625115
3677.55 4327.7164497866315
3689.83 4301.9626961397325
3702.14 4248.06243503563
3714.5 4465.07348686547
3726.91 4646.868646206667
3739.35 4877.820677972485
3751.83 4719.263776151377
3764.36 5512.978472066969
3776.92 5142.566594133839
3789.53 5877.003329746451
3802.19 4698.06485705248
3814.88 6052.036084248389
3827.62 5591.468372187207
3840.39 4656.786557158036
3853.21 6010.8548438846365
3866.08 6069.386807934014
3878.99 5655.085346868538
3891.94 4334.142642735196
3904.93 5767.677299482302
3917.97 5892.794334075425
3931.05 5705.381573302913
3944.17 5768.699244341144
3957.34 5532.5387494716215
3970.55 3995.174563068939
3983.81 5385.3897247285
3997.11 5605.849958175942
4010.45 5584.592320717313
4023.84 5376.051371882772
4037.27 5493.029830761642
4050.75 5433.392355878989
4064.27 5384.402670376264
4077.84 5248.370747933023
4091.46 4949.393190529369
4105.12 3833.6010925251144
4118.82 4954.648192657521
4132.57 5044.577956197966
4146.37 5017.687497649623
4160.21 5041.264592145999
4174.1 4944.217543989656
4188.04 4942.761380643587
4202.02 4891.431554522849
4216.05 4870.187002841125
4230.12 4794.581767050336
4244.25 4756.416408340685
4258.41 4718.471086101373
4272.63 4636.600128670143
4286.9 4599.183774854769
4301.21 4493.811447797474
4315.57 4435.185843517995
4329.98 4161.680890995969
4344.43 3338.0340757907657
4358.93 4239.7340143947895
4373.49 4328.566407293295
4388.09 4194.856808187309
4402.74 4252.2449253318055
4417.44 4221.502555015602
4432.18 4209.825616363057
4446.98 4167.5602444547385
4461.83 4123.182317061556
4476.72 3983.1669744198207
4491.67 4070.147933172288
4506.67 4068.2176941092694
4521.71 3994.479442337143
4536.81 3932.7179034230194
4551.95 3885.133647309448
4567.15 3869.910874870839
4582.4 3827.3273729957627
4597.7 3807.758877896363
4613.05 3795.0884973941556
4628.45 3755.314446187693
4643.9 3718.0188974169646
4659.4 3678.683975032828
4674.96 3653.0015638731925
4690.57 3647.5413760281353
4706.23 3577.5580785161696
4721.94 3543.4809884954598
4737.7 3507.3827865997127
4753.52 3495.7100060741213
4769.39 3446.7565695209087
4785.31 3419.9731551728305
4801.29 3388.9633527333463
4817.32 3349.43025534831
4833.4 3281.9630821768064
4849.54 3089.675608463198
4865.73 2541.4155788122466
4881.97 3127.0599983759926
4898.27 3182.9203708844625
4914.62 3142.504245137524
4931.03 3108.688655817342
4947.49 3117.3934471479474
4964.01 3083.81645385227
4980.58 3046.2269890126527
4997.21 3019.327182028675
5013.89 2942.456070791548
5030.63 2959.722652417611
5047.43 2914.6057407364688
5064.28 2923.5161439139397
5081.18 2874.6397326854344
5098.15 2854.8019670678823
5115.17 2822.7862334319943
5132.25 2780.7493786160253
5149.38 2753.198465653552
5166.57 2701.479199408001
5183.82 2712.688311770913
5201.13 2671.4497551612926
5218.49 2660.5563700147295
5235.91 2639.705970716614
5253.39 2624.94330861085
5270.93 2568.5325434277806
5288.53 2593.642534332967
5306.18 2563.309039903119
5323.9 2521.3430095206527
5341.67 2522.7562385745377
5359.51 2510.4515169294714
5377.4 2474.839301083091
5395.35 2443.3174888000835
5413.36 2425.5175611224977
5431.44 2396.237932101854
5449.57 2390.1873372833425
5467.76 2370.745842066192
5486.02 2332.317203756749
5504.33 2322.6565581005702
5522.71 2295.967312317832
5541.15 2295.885195352296
5559.65 2271.295561211832
5578.21 2246.844863057567
5596.83 2205.6951375843705
5615.52 2213.2707116201973
5634.26 2189.18368395893
5653.07 2165.229544273719
5671.95 2150.6380636345298
5690.88 2128.765030259073
5709.88 2096.0085296969974
5728.95 2107.30827125131
5748.07 2076.617929571947
5767.26 2067.8926507094757
5786.52 2037.4864461852992
5805.83 2028.9063608263195
5825.22 2018.5579445014077
5844.66 1995.7205767544187
5864.18 1967.651126276274
5883.76 1925.5114599523095
5903.4 1935.0684674838244
5923.11 1918.0226719950617
5942.88 1904.5945154378196
5962.72 1891.2332021442478
5982.63 1870.9378332703893
6002.6 1852.502954308333
6022.64 1834.1690118625665
6042.75 1831.5305059801826
6062.92 1808.167422293688
6083.16 1788.3812357954957
6103.47 1768.7059932645868
6123.85 1752.560896574421
6144.29 1729.689436769483
6164.81 1710.3444031230883
6185.39 1706.3465575365722
6206.04 1695.6073393676916
6226.76 1665.5825009640748
6247.55 1645.1238766778083
6268.4 1637.9814660893612
6289.33 1635.8601519466035
6310.33 1612.1640450974105
6331.39 1604.6516308242715
6352.53 1589.0924145057743
6373.74 1578.054634791622
6395.02 1564.2894859901178
6416.37 1548.3141144059412
6437.79 1541.6987267241318
6459.28 1518.4140220634158
6480.85 1514.8144013157657
6502.48 1487.5539627424612
6524.19 1482.9249335770999
6545.97 1437.5220912540021
6567.83 1259.6037795502477
6589.76 1425.2683515620213
6611.76 1434.9370396225431
6633.83 1424.165351994242
6655.98 1413.762734215842
6678.2 1392.909579008699
6700.49 1393.120171363281
6722.86 1377.2708446033298
6745.31 1365.0807549543135
6767.83 1355.4329393584123
6790.42 1346.2978356075728
6813.09 1330.906550121715
6835.84 1320.9630058975565
6858.66 1310.6140565051455
6881.56 1301.3837142940165
6904.53 1293.1113940133534
6927.58 1275.659281608177
6950.71 1260.2667768723468
6973.91 1247.666406353481
6997.2 1237.5279559133717
7020.56 1221.9262536887502
7044.0 1218.9006299247324
7067.51 1203.2901174953377
7091.11 1196.3322569938548
7114.78 1180.725962943473
7138.53 1171.3705830089064
7162.37 1163.0859738906115
7186.28 1147.1228036025052
7210.27 1141.5634749638978
7234.34 1137.4758092496572
7258.49 1124.8917830421253
7282.73 1110.9397323525407
7307.04 1104.2345114051172
7331.44 1096.703373309629
7355.91 1086.7919948612787
7380.47 1078.635643945112
7405.11 1067.2696848117296
7429.83 1061.0411239098062
7454.64 1050.908306940444
7479.52 1048.8124578789013
7504.49 1032.7654339761118
7529.55 1030.7187714170543
7554.69 1025.4870385824204
7579.91 1011.7147529098696
7605.21 1008.899824490133
7630.6 997.7213204857327
7656.08 983.4598225811789
7681.64 984.1403625018345
7707.28 967.4168451827469
7733.01 965.6873871383019
7758.83 957.6154997957627
7784.73 947.3008574028566
7810.72 943.6125148729161
7836.8 934.7270992294631
7862.96 926.1575349557301
7889.21 908.3438512781798
7915.55 896.0616532035168
7941.98 885.169302465098
7968.49 885.772293344443
7995.1 878.7643225613441
8021.79 872.707845308948
8048.57 865.9012849871712
8075.44 853.1659125892376
8102.4 843.3487123764102
8129.45 838.3529630986122
8156.59 833.5095241928046
8183.82 825.1066828985331
8211.14 815.4754447783945
8238.56 817.7179741463117
8266.06 811.9574530300412
8293.66 804.0791814479437
8321.35 790.2047775953339
8349.13 784.4402820153964
8377.0 774.8308739454963
8404.97 772.7507049427873
8433.03 762.2330655550949
8461.18 760.4396432933014
8489.43 752.1122888853707
8517.77 752.5601416240951
8546.21 698.1081064561405
8574.74 764.0450932067894
8603.37 728.2773118449849
8632.09 763.5782882938854
8660.91 682.9388917939882
8689.83 742.4790602735645
8718.84 751.0571161315975
8747.94 693.380349049432
8777.15 734.4959907811858
8806.45 733.2412196956747
8835.85 724.1653579958
8865.35 670.1426239897123
8894.95 717.9412693722305
8924.65 715.7867058924776
8954.44 711.3006115487174
8984.34 699.1437497872545
9014.33 637.3460575910193
9044.42 686.6271924321481
9074.62 684.8036582533181
9104.92 675.2797229326802
9135.31 670.0532500040069
9165.81 654.457981014072
9196.41 642.3748853884014
9227.11 588.492064236512
9257.92 625.100487165585
9288.83 634.6308453583583
9319.84 633.7550595680141
9350.95 625.152092876317
9382.17 619.6121938101461
9413.49 608.8746933931408
9444.92 605.185629624556
9476.45 602.1776370497454
9508.09 596.5396952907705
9539.83 555.7008846362583
9571.68 579.0119399592324
9603.64 586.3524207438066
9635.7 577.6642598864569
9667.87 575.0922505955913
9700.14 571.9916823562671
9732.53 565.5695540763791
9765.02 563.473348891677
9797.62 557.2168384983552
9830.33 558.3451086157991
9863.15 553.090095935548
9896.08 548.7102985058087
9929.12 544.9862459281751
9962.27 540.7554032014203
9995.53 534.9754186698087
10028.9 520.6667732383364
10062.4 495.8326532341781
10096.0 520.6287796506329
10129.7 518.6899936436431
10163.5 513.8743609485258
10197.4 511.4472914573929
10231.5 506.5702568954268
10265.6 504.17356275647165
10299.9 498.93657587638927
10334.3 491.39922843217823
10368.8 489.3602716712737
10403.4 485.92110350828585
10438.1 483.10198444098376
10473.0 477.89291229441693
10508.0 475.10541359105065
10543.0 471.3432844414496
10578.2 465.41957720302946
10613.5 462.0958397231907
10649.0 458.68719624985386
10684.5 452.1652505007117
10720.2 449.48740084421803
10756.0 447.3099086033343
10791.9 442.5231103275825
10827.9 436.41020110691505
10864.1 432.73934454272495
10900.3 425.25053390384767
10936.7 396.07097545871244
10973.3 402.5743210949486
11009.9 402.94789002063607
11046.6 404.73712559167865
11083.5 403.38964510858824
11120.5 399.4111147151788
11157.7 399.5809483241501
11194.9 396.1954916049104
11232.3 393.9440947325055
11269.8 390.12471297302693
11307.4 386.23464809704507
11345.2 384.3940404461968
11383.0 380.2660319061876
11421.0 378.35905643948956
11459.2 377.0977715368796
11497.4 374.38775181077347
11535.8 373.23226850669874
11574.3 370.2719439622426
11613.0 362.3659453709979
11651.7 362.42047416075286
11690.6 360.22932267843953
11729.7 359.9211892382972
11768.8 353.65414037933203
11808.1 354.8712843130381
11847.5 348.2116530350426
11887.1 345.0257048240294
11926.8 346.4231773447196
11966.6 339.75856410513376
12006.5 338.019020999273
12046.6 336.28541812918564
12086.8 333.52100440130204
12127.2 332.1509070425564
12167.7 330.7871893435344
12208.3 327.5429543438151
12249.1 325.59714557083447
12289.9 322.3011005932997
12331.0 320.20789163384364
12372.1 318.21322109121706
12413.5 314.70583613979665
12454.9 312.98720776226656
12496.5 311.2749850754325
12538.2 307.9849648270596
12580.1 305.29453490726297
12622.1 303.2832091444522
12664.2 301.36552447591725
12706.5 299.86785368477376
12748.9 297.06370311925104
12791.5 291.24485696314497
12834.2 279.0988633573402
12877.0 289.79894230538184
12920.0 285.6737949397238
12963.1 285.85479906863924
13006.4 284.5811357735516
13049.8 282.0299757021059
13093.4 280.1312105696514
13137.1 275.93154594900886
13181.0 276.4424162774999
13225.0 274.57260525588345
13269.1 270.898208359681
13313.4 267.0868446708617
13357.9 268.94057342880734
13402.5 265.70187089669804
13447.2 265.20797277834345
13492.1 262.46285475616133
13537.2 261.2017075764308
13582.3 257.6362227192776
13627.7 255.62541641540454
13673.2 254.69819953732997
13718.8 252.8594025788526
13764.6 252.09411370247966
13810.6 250.4204682196916
13856.7 246.94260757837418
13903.0 245.81898647412086
13949.4 244.6260084374781
13995.9 241.1948323533422
14042.7 241.5840116259954
14089.6 235.94939181985868
14136.6 232.42442541209965
14183.8 231.20805003302033
14231.1 228.4530342038107
14278.7 227.98477708330637
14326.3 227.59271852406775
14374.2 227.4170448688945
14422.1 223.1768569470321
14470.3 224.6042521362696
14518.6 221.76559819446646
14567.1 219.51779291471956
14615.7 217.21177932082992
14664.5 215.91773876070386
14713.5 214.91401900124276
14762.6 213.84458643618606
14811.9 213.83973328382788
14861.3 211.2266073914279
14910.9 212.7008434707688
14960.7 210.5930671359299
15010.7 208.21748023817477
15060.8 205.71725479264424
15111.0 207.38975935241098
15161.5 205.73213325784627
15212.1 204.0153402773451
15262.9 203.74792143402206
15313.9 202.86425756627435
15365.0 201.57626850703986
15416.3 199.8187839938535
15467.7 200.64403614196044
15519.4 198.82866905527203
15571.2 193.19119972305296
15623.2 195.56408103302186
15675.3 193.91212737486825
15727.7 191.6017050159621
15780.2 189.17272094010497
15832.9 190.52702487167318
15885.7 180.92966892978023
15938.8 189.85236783347648
15992.0 185.8816024596283
16045.4 186.82913205178508
16098.9 180.80997643823028
16152.7 184.81017854470426
16206.6 178.7685189901872
16260.7 182.6812164171037
16315.0 182.00903404371493
16369.5 179.10034131092613
16424.1 167.98590187438097
16478.9 175.87805892606644
16534.0 174.08870831011043
16589.2 173.57255133278008
16644.5 168.27780142332782
16700.1 168.65802278707403
16755.9 166.40915029010148
16811.8 160.43733533125953
16867.9 160.8969367881178
16924.2 161.9702638634858
16980.7 160.3830836409449
17037.4 158.80456625337087
17094.3 155.21335466007562
17151.4 155.73444499354824
17208.6 153.39143211828235
17266.1 152.09224717426733
17323.7 147.1139024300138
17381.6 143.73233613408195
17439.6 146.1362136474937
17497.8 144.69270797475147
17556.2 143.0782187240528
17614.9 140.93704722662764
17673.7 140.64588565515373
17732.7 137.99318606862445
17791.9 136.298169269214
17851.3 134.78885129676416
17910.9 133.6972738432824
17970.7 131.4461582240863
18030.7 129.09239898477324
18090.9 128.3155578855898
18151.2 124.54350867545148
18211.8 124.70402642098777
18272.6 124.69020533292843
18333.7 123.53220550960313
18394.9 120.61666656814087
18456.3 119.08075900622092
18517.9 118.68463553893879
18579.7 117.27546923682905
18641.7 116.09907468707611
18704.0 114.25686596257232
18766.4 109.30178726831221
18829.1 112.27435102131247
18891.9 110.0721380905339
18955.0 109.31903814296146
19018.3 108.40462682237342
19081.8 107.49515562431502
19145.5 105.98901505909407
19209.4 105.03685532810012
19273.5 103.54666230635004
19337.9 101.84818215533808
19402.4 100.32235824192648
19467.2 95.79309940118827
19532.2 97.94024388961337
19597.4 97.56097065581747
19662.8 96.38445798177743
19728.5 94.73663411533407
19794.4 93.15170539420401
19860.4 92.26221013578542
19926.7 91.11450226352227
19993.3 54.727499315095905
20060.0 3.1735580518270847
20127.0 3.134381108259421
20194.2 3.0954334716019156
20261.6 3.056197240336675
20329.2 3.0192517173427036
20397.1 2.985073921690851
20465.2 2.942907965950755
20533.5 2.905072888258769
20602.1 2.8689716173816824
20670.9 2.832576013243399
20739.9 2.797404624576521
20809.1 2.7624399341805366
20878.6 2.7276678271271932
20948.3 2.69410040260867
21018.2 2.6602321216266236
21088.4 2.626054486820921
21158.8 2.5930688606340477
21229.4 2.5607711018962833
21300.3 2.5281602606116516
21371.4 2.495742439316832
21442.8 2.465458361358624
21514.4 2.4343792913982205
21586.2 2.4020289417156966
21658.3 2.308462410996008
21730.6 2.3412564009830192
21803.1 2.3185838748793066
21875.9 2.3027310862371317
21948.9 2.265972558692125
22022.2 2.228951901437477
22095.7 2.199739066581166
22169.5 2.1735243620876368
22243.5 2.145110658332853
22317.8 2.1177952495030667
22392.3 2.091110040674525
22467.0 2.0645834293956815
22542.1 2.0381964614064088
22617.3 2.013827628051163
22692.8 1.9877483676037422
22768.6 1.963195833819668
22844.6 1.9419976599888822
22920.9 1.917260386600282
22997.4 1.8935813941784108
23074.2 1.8704888822769437
23151.2 1.8479858942125944
23228.5 1.82335468206019
23306.0 1.8002192307340301
23383.8 1.7790054296374003
23461.9 1.7614801089960275
23540.2 1.735160283212333
23618.8 1.7116531725032331
23697.7 1.690047996952418
23776.8 1.6698932928380164
23856.2 1.6472180544554136
23935.8 1.6255545736367831
24015.7 1.604014664432491
24095.9 1.5878123927312997
24176.4 1.561736952409267
24257.1 1.5479082075825061
24338.0 1.5246937598235772
24419.3 1.5136145415606412
24500.8 1.4820833215687073
24582.6 1.4767256673983506
24664.7 1.4467635050439365
24747.0 1.4343361238205503
24829.7 1.4223899178492303
24912.5 1.3928648820749232
24995.7 1.3773372771472847
25079.2 1.3710814844004122
25162.9 1.3532051490507986
25246.9 1.3117918503025767
25331.2 1.3181734249346762
25415.8 1.303898322020629
25500.6 1.287654800883081
25585.7 1.264956229406428
25671.2 1.2309682787847889
25756.9 1.2398811113474275
25842.9 1.2244103987228845
25929.1 1.2094368043299075
26015.7 1.1937391223660248
26102.6 1.1520583174692227
26189.7 1.1546236839992199
26277.1 1.1181087065587676
26364.9 1.1346395257335997
26452.9 1.1213652167860773
26541.2 1.10698289049159
26629.8 1.0922904411376155
26718.7 1.0561296669367746
26807.9 1.0576930766727033
26897.4 1.0522272398675976
26987.2 1.0394142879854658
27077.3 1.0259015587381393
27167.7 1.0132380947789785
27258.4 1.000263487399466
27349.4 0.9873641067932882
27440.7 0.9745396276237525
27532.3 0.9511412019129872
27624.2 0.9339525027470481
27716.5 0.9383978424571213
27809.0 0.9269930389074482
27901.8 0.9152787412922376
27995.0 0.9036291962349807
28088.5 0.8924202063874077
28182.2 0.8809078046399227
28276.3 0.8698297001530487
28370.7 0.8588160027405765
28465.4 0.8478664198453734
28560.5 0.8369777281903648
28655.8 0.8235977864365365
28751.5 0.7964565205435358
28847.5 0.8050579743557695
28943.8 0.795506032202204
29040.4 0.7856487658839529
29137.4 0.7754868551413187
29234.6 0.7657453024469929
29332.2 0.7560580026332515
29430.2 0.7464248109343891
29528.4 0.7372051669032981
29627.0 0.7276833961018512
29725.9 0.718569784461888
29825.2 0.7095070992168274
29924.7 0.700499878534716
30024.6 0.6915431444486823
30124.9 0.6826367514727018
30225.4 0.6734385913953891
30326.3 0.6646379010953624
30427.6 0.655886956566222
30529.2 0.6471877264795823
30631.1 0.6388817826513068
30733.4 0.631304096302661
30836.0 0.6237706205099872
30938.9 0.6162811345840906
31042.2 0.6084961530374005
31145.8 0.6010932075129023
31249.8 0.5933966844456356
31354.2 0.5860776945457701
31458.8 0.5784707661246091
31563.9 0.5712369408754499
31669.2 0.5640475673157633
31775.0 0.5568970813398625
31881.0 0.5497906056996923
31987.5 0.5427227461054991
32094.3 0.5360230332330445
32201.4 0.5290376684314676
32308.9 0.5220921516042583
32416.8 0.515509344272367
32525.0 0.5086435926870477
32633.6 0.49892952385115275
32742.5 0.49215350233753496
32851.9 0.48573373974498846
32961.5 0.47967134665818995
33071.6 0.4733253694201544
33182.0 0.46764838735353526
33292.8 0.462003504992504
33403.9 0.4563919719812317
33515.4 0.450812262264908
33627.3 0.4452642584020342
33739.6 0.43974784225100944
33852.2 0.4342641778159643
33965.2 0.42850354622988013
34078.6 0.4230834057225519
34192.4 0.4176943312579984
34306.6 0.4123362021872006
34421.1 0.40731427262663694
34536.0 0.40201780204303234
34651.3 0.3967518769341292
34767.0 0.3918175415986687
34883.1 0.3866113381726493
34999.5 0.381735571255694
35116.4 0.376886761789847
35233.6 0.3720669598698488
35351.2 0.3672749607601333
35469.3 0.36250962799877473
35587.7 0.3580671287448796
35706.5 0.3533568877707832
35825.7 0.3489662594853606
35945.3 0.34430962262098247
36065.3 0.33997042828578194
36185.7 0.3356563033605104
36306.5 0.3313671410290067
36427.7 0.32710283424500697
36549.3 0.3228632757476627
36671.4 0.31864748914798074
36793.8 0.3144571189384753
36916.6 0.3102911739449375
37039.9 0.3061487196594183
37163.5 0.3020313148807324
37287.6 0.29821801975807505
37412.1 0.29414700171303965
37537.0 0.2906577819072755
37662.3 0.286910640678198
37788.1 0.28346169135467225
37914.2 0.2800334137538041
38040.8 0.27662422904905964
38167.8 0.2731250642581679
38295.2 0.2697283178802436
38423.1 0.2663233800711477
38551.3 0.2632649128610603
38680.0 0.25992558651693887
38809.2 0.2565511426937174
38938.7 0.2532240314379584
39068.7 0.2500497816853232
39199.2 0.24689343707283679
39330.0 0.24378280184724355
39461.3 0.24071627240281043
39593.1 0.23769352612087327
39725.3 0.2346357592567682
39857.9 0.23149087242097258
39991.0 0.2283116208594958
40124.5 0.2252034080538595
40258.4 0.222295663034666
40392.8 0.21940448037701052
40527.7 0.2165814739047862
40663.0 0.21400684389501498
40798.7 0.2114728815380239
40935.0 0.20895265691236728
41071.6 0.2063201833519559
41208.7 0.20367728195837867
41346.3 0.20107480091056934
41484.3 0.19843719050335504
41622.8 0.19583987402285236
41761.8 0.19325747153998213
41901.2 0.19089029346180025
42041.1 0.18856147720243127
42181.5 0.18624590102364025
42322.3 0.18394394985249451
42463.6 0.1816551254169636
42605.4 0.17935480181148244
42747.6 0.1770680824781296
42890.3 0.17477007590562116
43033.5 0.17246097448074743
43177.2 0.17016521923653283
43321.3 0.16785897462337504
43465.9 0.16559020648494566
43611.1 0.16343027294055723
43756.7 0.1612831999767321
43902.7 0.15914891832634007
44049.3 0.15719303812733615
44196.4 0.15527206825735845
44343.9 0.15336245978988242
44492.0 0.15132226763465975
44640.5 0.14931773048904887
44789.5 0.14776901296573708
44939.1 0.14587911827351996
45089.1 0.1440237092147013
45239.6 0.1421558878710079
45390.7 0.14034473390907581
45542.2 0.13852139019620782
45694.2 0.13670864135362443
45846.8 0.13488330870458667
45999.9 0.13304587814155497
46153.4 0.13124218730798545
46307.5 0.1294713882383507
46462.1 0.12768842537517858
46617.2 0.12596085987878985
46772.9 0.12444463340935587
46929.0 0.12295973185479744
47085.7 0.12148312796528707
47242.9 0.12003721291510118
47400.6 0.11859963742270246
47558.9 0.11717011750083092
47717.6 0.11570522612330056
47876.9 0.11424861457011931
48036.8 0.11280025504952627
48197.2 0.11136035057252337
48358.1 0.1099288616687786
48519.5 0.10852732917046322
48681.5 0.10713376970528062
48844.0 0.1057698087277728
49007.1 0.10441361486582662
49170.7 0.10308666457978345
49334.8 0.10174625995534338
49499.6 0.10045562881270495
49664.8 0.09917276425778146
49830.6 0.09789722701798412
49997.0 0.09662899011890422
50163.9 0.09538908941844113
50331.4 0.09413548601887158
50499.4 0.09291001328160566
50668.0 0.09167091622021024
50837.2 0.09045956714273201
51006.9 0.08923485185496453
51177.2 0.08809906530437464
51348.0 0.08660291789440858
51519.4 0.08548152633485911
51691.4 0.08442736052382717
51864.0 0.08339941086451039
52037.2 0.0823773305706797
52210.9 0.08134119776326
52385.2 0.08031101643637917
52560.1 0.07928676266118649
52735.6 0.0782882674217006
52911.6 0.07729566553911507
53088.3 0.07630863896630798
53265.5 0.07532745396796528
53443.3 0.07437153293297104
53621.8 0.07340146595773095
53800.8 0.07247608658846416
53980.4 0.07155604907271951
54160.6 0.07064133084569618
54341.4 0.06975117757010652
54522.9 0.0688660437763758
54704.9 0.06796702178874918
54887.5 0.06709230530918915
55070.8 0.06622254779420116
55254.6 0.06537691934865253
55439.1 0.06455496997587638
55624.2 0.06373778578635127
55809.9 0.06294410700709195
55996.2 0.06215502643345517
56183.1 0.06135188694323727
56370.7 0.06057189591114773
56558.9 0.059777932049351855
56747.7 0.05900706203958977
56937.2 0.05822219853894431
57127.3 0.05749692470868216
57318.0 0.05675759980806429
57509.3 0.0560408005323895
57701.3 0.05534622928229443
57894.0 0.05465560419586767
58087.3 0.053950978158294194
58281.2 0.053196580745108794
58475.8 0.05241074665295059
58671.0 0.05170098307540247
58866.9 0.05101310723472201
59063.4 0.05032928321997
59260.6 0.049649407714283944
59458.4 0.049026377957748286
59656.9 0.048406911715708774
59856.1 0.047808488312354826
60055.9 0.04723099792666176
60256.4 0.04663941845387513
60457.6 0.04606854862308039
60659.4 0.045483754388850196
60861.9 0.04491952571453871
61065.1 0.04434138399553851
61269.0 0.04376657712001556
61473.5 0.043195161806412655
61678.8 0.04262698277279686
61884.7 0.04207908539844982
62091.3 0.0415174902425577
62298.6 0.0409591597184848
62506.6 0.04042083138018483
62715.3 0.0398856287039897
62924.6 0.039353600991821794
63134.7 0.03885777809701212
63345.5 0.03836482030567086
63557.0 0.03789118982794506
63769.1 0.03740392939129055
63982.0 0.03693580289718948
64195.7 0.03647032695631963
64410.0 0.03600760433801644
64625.0 0.03553136336190454
64840.8 0.035073996380132755
65057.2 0.034619344387811696
65274.4 0.034183329211742476
65492.3 0.03373385774389957
65711.0 0.03330289638132145
65930.4 0.032985614743698766
66150.5 0.03257512085714493
66371.3 0.03215123441687575
66592.9 0.03172977776076738
66815.2 0.031326459778727216
67038.3 0.030909828680020745
67262.1 0.030511211008315876
67486.7 0.030099365038661893
67712.0 0.029720871365306913
67938.0 0.029344585728468004
68164.8 0.028970455257752645
68392.4 0.028613781315717016
68620.7 0.028274443882543028
68849.8 0.02792182431952173
69079.7 0.02757122437905194
69310.3 0.027222675380729575
69541.7 0.026876128799617614
69773.9 0.026531576633207477
70006.8 0.026189048257471304
70240.5 0.025863403842867266
70475.0 0.025524771994725862
70710.3 0.02520290905854
70946.4 0.024882900534429615
71183.3 0.02456473875964774
71420.9 0.0242631104899798
71659.3 0.023948603210854333
71898.6 0.023650448847567805
72138.6 0.02333953134085656
72379.4 0.023044887565103884
72621.1 0.022751915827133498
72863.5 0.022460671995141734
73106.8 0.022171086593342545
73350.9 0.021883183612012126
73595.7 0.021596985044649415
73841.5 0.021298215587769488
74088.0 0.021043628340746457
74335.3 0.020748248686465243
74583.5 0.02045458103544049
74832.5 0.02017663801290804
75082.3 0.019914272057668648
75333.0 0.019653411303546236
75584.5 0.019407928661497945
75836.8 0.019163872079253536
76090.0 0.018934971082340213
76344.0 0.01867996220357619
76598.9 0.018440097503420592
76854.6 0.018201634447901703
77111.2 0.017950964576537005
77368.7 0.017715284990431575
77627.0 0.017467500414208425
77886.1 0.01723462600950234
78146.1 0.017016498845035543
78407.0 0.01678627125867557
78668.8 0.016570691127032664
78931.4 0.016343109793051314
79195.0 0.016130055582733532
79459.4 0.015918254699002436
79724.6 0.015707701048173914
79990.8 0.015498349791983305
80257.8 0.015290234894252148
80525.8 0.015083312797280401
80794.6 0.014877616142744365
81064.4 0.01467310262904439
81335.0 0.014482677097038507
81606.5 0.014280526149791488
81879.0 0.01409233183317676
82152.3 0.013917996020376666
82426.6 0.013770055558541513
82701.8 0.013597626748121417
82977.9 0.013426196060564295
83254.9 0.013255759125168704
83532.9 0.013086295898814935
83811.7 0.012917833583881821
84091.5 0.012750336707970933
84372.3 0.0125962116825645
84654.0 0.012430608089882899
84936.6 0.012269671297746478
85220.2 0.012110888446547171
85504.7 0.011951808514615758
85790.1 0.011793659960845044
86076.5 0.011638857834463494
86363.9 0.01148373705717855
86652.2 0.011330735951467672
86941.5 0.01118464265604189
87231.8 0.011040592165744646
87523.0 0.010898581543415796
87815.2 0.01076335201480099
88108.4 0.010631275569071747
88402.5 0.010498783906708649
88697.7 0.010369403280464987
88993.8 0.01023960086938133
89290.9 0.01011054611779473
89589.0 0.00998223590897595
89888.1 0.00985583197204229
90188.2 0.009728997589329685
90489.3 0.00960405547863528
90791.4 0.009480990941838087
91094.5 0.009360938779452143
91398.6 0.009254183392308367
91703.8 0.009138891981132265
92009.9 0.009024277156245996
92317.1 0.008911450441084465
92625.3 0.008799277133901849
92934.5 0.008686627684766373
93244.8 0.008577992943736899
93556.1 0.008471107483610747
93868.4 0.008363726394800312
94181.8 0.0082614080080872
94496.2 0.008161898063927848
94811.7 0.008062954539587521
95128.3 0.00796567591926399
95445.8 0.007870065489702741
95764.5 0.007773898243572308
96084.2 0.007680468516677753
96405.0 0.007586485775807456
96726.8 0.007494131470495312
97049.8 0.007402298104930603
97373.8 0.007310998906558873
97698.9 0.007220223974180575
98025.0 0.007132114744287034
98352.3 0.007045568452628373
98680.6 0.006958464682025722
99010.1 0.006873970339923412
99340.6 0.006791022181682352
99672.3 0.0067085433518682385
100005.0 0.006627592414941634
100339.0 0.0065397887922222404
100674.0 0.006452503683069479
101010.0 0.006367807712404354
101347.0 0.006283611337983274
101686.0 0.00619985110547389
102025.0 0.006117673778866787
102366.0 0.006036945681218265
102707.0 0.005956753638196947
103050.0 0.0058779943403205965
103394.0 0.0058007142015863615
103740.0 0.005723836240096423
104086.0 0.005647469390084984
104433.0 0.005572557839592918
104782.0 0.005499036793772477
105132.0 0.005425952267510636
105483.0 0.005354294633143042
105835.0 0.00528306238756297
106188.0 0.0052132393615537094
106543.0 0.00514476522529535
106899.0 0.005076698392619384
107255.0 0.005009083413795132
107613.0 0.004942796949788715
107973.0 0.004876859722047447
108333.0 0.00481232724946862
108695.0 0.004749098188525488
109058.0 0.004686245917648149
109422.0 0.004623768410118309
109787.0 0.004562617369944515
110154.0 0.004502740399379688
110521.0 0.004442313697626722
110890.0 0.004384096415110592
111261.0 0.004326187529932538
111632.0 0.004268663555826597
112005.0 0.00421238030353363
112379.0 0.004156433690729885
112754.0 0.004100821856109612
113130.0 0.004046468486997893
113508.0 0.003993327332358943
113887.0 0.00394050433981689
114267.0 0.0038879977303688156
114649.0 0.0038366855541733433
115031.0 0.0037857141774372636
115415.0 0.0037359227095801325
115801.0 0.003686397798875623
116187.0 0.003637201954512993
116575.0 0.0035891685353415833
116964.0 0.003541423519423832
117355.0 0.0034948277072248475
117747.0 0.0034485120694103025
118140.0 0.003402474993163516
118534.0 0.003357598218948652
118930.0 0.0033129630780911576
119327.0 0.0032694742766259275
119725.0 0.0032262469420463796
120125.0 0.0031832530552846077
120526.0 0.0031413872353903975
120929.0 0.0030997478073850164
121332.0 0.0030583849871910315
121737.0 0.003018106561435724
122144.0 0.0029780464834387216
122552.0 0.002939082898800645
122961.0 0.002899502757926945
123371.0 0.002861010580753439
123783.0 0.002823573678419887
124196.0 0.00278636272435155
124611.0 0.002749354304124687
125027.0 0.002712569872659487
125444.0 0.0026768427687554044
125863.0 0.0026413104335548023
126283.0 0.0026068223945448095
126705.0 0.002571696012509825
127128.0 0.0025376065116799714
127552.0 0.0025045443780237434
127978.0 0.002470844534665947
128406.0 0.0024381457700287487
128834.0 0.0024056642628121814
129264.0 0.0023741711540801493
129696.0 0.0023428507470306587
130129.0 0.0023117205304948184
130563.0 0.00228077932751723
130999.0 0.0022508080848063186
131437.0 0.002221001888847537
131875.0 0.002191393685136413
132316.0 0.002162723825745293
132757.0 0.0021342444407998363
133201.0 0.0021059062073649115
133645.0 0.0020777562664309425
134091.0 0.0020505430361780572
134539.0 0.0020234801529752746
134988.0 0.001996582113507342
135439.0 0.0019698333299501447
135891.0 0.0019440183157762117
136345.0 0.0019183463238341904
136800.0 0.0018928308925233927
137257.0 0.0018674574168984289
137715.0 0.0018429992795432162
138175.0 0.0018186769596045627
138636.0 0.001794503101679411
139099.0 0.0017704640228577717
139563.0 0.0017473221753874486
140029.0 0.0017243090674910469
140497.0 0.0017014244009467044
140966.0 0.0016786797788680562
141436.0 0.001656814600901175
141909.0 0.0016343218509126546
142382.0 0.0016127139366374126
142858.0 0.0015912156960859896
143335.0 0.0015705797930277699
143813.0 0.0015493419288852856
144293.0 0.0015289492459160366
144775.0 0.001508670946386778
145258.0 0.001489237808054412
145743.0 0.0014691948721005529
146230.0 0.001449981108553463
146718.0 0.0014308851454013472
147208.0 0.0014118966090308739
147699.0 0.0013930246330810558
148192.0 0.0013742591674358996
148687.0 0.0013563041176223997
149183.0 0.0013384592489303919
149682.0 0.0013207061766240666
150181.0 0.0013030710790692859
150683.0 0.0012855271896761104
151186.0 0.0012687839869780612
151690.0 0.001252143570364328
152197.0 0.0012355890097824841
152705.0 0.001219136392751806
153215.0 0.0012027771770940466
153726.0 0.0011871999145154563
154240.0 0.0011710242245338617
154754.0 0.0011556325863140307
155271.0 0.0011403208205832396
155789.0 0.0011251034604697308
156310.0 0.0011106355217868115
156831.0 0.001095596070170025
157355.0 0.001081301024360286
157880.0 0.0010670941100556777
158407.0 0.0010529680727680468
158936.0 0.001038922641253999
159467.0 0.001024957541796881
159999.0 0.0010117332374711071
160533.0 0.0009979318997932966
161069.0 0.0009848599271984912
161607.0 0.0009718626393556608
162147.0 0.000958939773802579
162688.0 0.0009460968814367579
163231.0 0.000933969147580047
163776.0 0.0009212712477594712
164323.0 0.000909283717766293
164871.0 0.0008973702885041394
165422.0 0.0008855197332726079
165974.0 0.0008737425970265026
166528.0 0.0008620331852921559
167084.0 0.0008503912448935119
167642.0 0.0008394411053332807
168202.0 0.0008279312627777151
168763.0 0.0008171134032947478
169327.0 0.0008063529401614972
169892.0 0.0007956592383232885
170459.0 0.0007850272167249276
171028.0 0.0007744566349031078
171599.0 0.0007645574327923934
172172.0 0.0007541069740041134
172747.0 0.0007443233600801716
173324.0 0.0007345961842520518
173902.0 0.0007249293889365035
174483.0 0.0007153143409407738
175065.0 0.000705759082088951
175650.0 0.0006962552534098231
176236.0 0.0006874047490524496
176825.0 0.0006780092459185111
177415.0 0.0006692625370014532
178007.0 0.0006599781725305522
178602.0 0.000651330683028287
179198.0 0.000642737032460129
179796.0 0.0006341933014937058
180396.0 0.0006256992778550212
180999.0 0.0006178298308694821
181603.0 0.0006094327166958558
182209.0 0.0006016593268155168
182817.0 0.0005933582345859554
183428.0 0.0005856734359089757
184040.0 0.0005780365226663909
184655.0 0.0005698739255589867
185271.0 0.0005626102175851868
185890.0 0.0005551603792863523
186510.0 0.0005478131941588054
187133.0 0.0005405619822975181
187758.0 0.0005334089768622804
188385.0 0.0005262978470798343
189013.0 0.0005193419419509182
189644.0 0.000512479211994617
190278.0 0.0005057090548500051
190913.0 0.0004989812500876911
191550.0 0.0004924022373512988
192190.0 0.0004858592524652229
192831.0 0.00047941151345813154
193475.0 0.0004730532835027918
194121.0 0.00046678637114719285
194769.0 0.00046061006081527184
195419.0 0.00045452364084402755
196072.0 0.0004485241159317611
196726.0 0.0004425621704698184
197383.0 0.0004366861446549228
198042.0 0.0004309504970683368
198703.0 0.0004251959192195818
199367.0 0.00041957822729126354
200032.0 0.0004140481062918436
200700.0 0.000408548525935041
201370.0 0.00040313342685732387
202042.0 0.0003978021294139822
202717.0 0.0003925520215352641
203394.0 0.00038733295214248454
204073.0 0.00038219607415129265
204754.0 0.000377140720406873
205438.0 0.00037216441625115564
206123.0 0.0003672193574973241
206812.0 0.0003623506786779339
207502.0 0.000357563069974095
208195.0 0.00035280211211983223
208890.0 0.00034816966167466163
209587.0 0.00034351469732353513
210287.0 0.00033898534106284857
210989.0 0.00033448286860556105
211693.0 0.00033005660161676624
212400.0 0.0003257043739246768
213109.0 0.0003213780078605062
213821.0 0.0003171248539029925
214535.0 0.00031294582025936463
215251.0 0.0003087916419077906
215969.0 0.0003047106692578507
216690.0 0.00030065257900966215
217414.0 0.00029666547147820527
218140.0 0.00029275014641984607
218868.0 0.0002888581568072442
219599.0 0.0002850357599162771
220332.0 0.0002812836958468358
221067.0 0.00027755400265437857
221805.0 0.00027389253078140654
222546.0 0.00027025170021094185
223289.0 0.0002666795391354815
224034.0 0.0002631287231085496
224782.0 0.000259644561154732
225533.0 0.0002562265291188829
226286.0 0.00025282895025788185
227041.0 0.00024945171085548914
227799.0 0.0002461855461965809
228560.0 0.0002428920455811379
229323.0 0.00023966397304988468
230088.0 0.00023650076187857005
230857.0 0.00023339982742658026
231627.0 0.0002302732840628068
232401.0 0.00022725365761085907
233176.0 0.0002242082115806209
233955.0 0.0002212686709496794
234736.0 0.00021834678055578026
235520.0 0.0002154415244949517
236306.0 0.00021259805705849325
237095.0 0.0002097707884749893
237886.0 0.00020700454994995398
238681.0 0.00020425322352978208
239477.0 0.00020156304603336848
240277.0 0.00019888738208215535
241079.0 0.00019622784827452868
241884.0 0.0001936268377300692
242691.0 0.00019108465190109601
243502.0 0.00018855621921609568
244315.0 0.00018604304986835258
245130.0 0.00018358776820184922
245949.0 0.0001811458127906681
246770.0 0.00017876104897065546
247594.0 0.00017638996340349632
248420.0 0.00017403320643813656
249250.0 0.0001717313233360176
250082.0 0.00016948523361676087
250917.0 0.00016721031014832515
251754.0 0.0001650323486301532
252595.0 0.00016282478967865553
253438.0 0.00016067192865485162
254284.0 0.0001585314717401668
255133.0 0.00015644441102965413
255985.0 0.00015436938523148206
256840.0 0.00015234711451268105
257697.0 0.000150296464649139
258557.0 0.00014833868167309002
259421.0 0.0001463512604234245
260287.0 0.00014441615139044656
261156.0 0.00014249223936507347
262027.0 0.00014061997574291572
262902.0 0.00013875800680235534
263780.0 0.00013690683381877575
264661.0 0.00013510597480846973
265544.0 0.00013331606126612596
266431.0 0.00013153603727389038
267320.0 0.00012980602414593565
268213.0 0.00012808556931417624
269108.0 0.00012637559355439
270006.0 0.00012471434824304014
270908.0 0.00012306229935323364
271812.0 0.00012142032167329381
272720.0 0.00011982586612584609
273630.0 0.00011824112833030062
274544.0 0.0001166651963991184
275460.0 0.00011513689853003292
276380.0 0.00011361708682960477
277303.0 0.00011210614687489664
278228.0 0.00011060443677750896
279157.0 0.0001091486234567643
280089.0 0.00010770131394273657
281024.0 0.00010626246997941219
281963.0 0.00010486881633329697
282904.0 0.00010348368264880132
283848.0 0.00010210665374555246
284796.0 0.00010077410427942295
285747.0 9.941270949005105e-05
286701.0 9.809584148171298e-05
287658.0 9.682309844449815e-05
288618.0 9.552152396019105e-05
289582.0 9.426343559351506e-05
290549.0 9.301273523481456e-05
291519.0 9.176938797621766e-05
292492.0 9.056915700546252e-05
293468.0 8.937597124130909e-05
294448.0 8.818949758751033e-05
295431.0 8.70100119589684e-05
296418.0 8.58725150097384e-05
297407.0 8.474199822217793e-05
298400.0 8.361785447845145e-05
299396.0 8.250034097809107e-05
300396.0 8.138915431158603e-05
301399.0 8.031928229155945e-05
302405.0 7.925572106348853e-05
303415.0 7.819818167531196e-05
304427.0 7.718154733820982e-05
305444.0 7.617040285631285e-05
306464.0 7.513106758005557e-05
307487.0 7.416600951283294e-05
308513.0 7.317270061743551e-05
309543.0 7.218504377130575e-05
310577.0 7.123673445335491e-05
311614.0 7.029404182269704e-05
312654.0 6.935693712780335e-05
313698.0 6.845855168562894e-05
314745.0 6.753221502771048e-05
315796.0 6.66443335090341e-05
316850.0 6.576171964885952e-05
317908.0 6.488414194252217e-05
318969.0 6.404461053045727e-05
320034.0 6.317713837345914e-05
321103.0 6.234725269411285e-05
322175.0 6.15223014245792e-05
323250.0 6.070225844111336e-05
324329.0 5.991919709436984e-05
325412.0 5.9108425178069534e-05
326498.0 5.833456586985508e-05
327589.0 5.756495889882115e-05
328682.0 5.680011547342386e-05
329779.0 5.6039662280999956e-05
330880.0 5.531522810203019e-05
331985.0 5.4563401682996915e-05
333093.0 5.384751344148211e-05
334206.0 5.313557710453274e-05
335321.0 5.242805421918502e-05
336441.0 5.1724452298813794e-05
337564.0 5.1056084169529243e-05
338691.0 5.0360638114496226e-05
339822.0 4.970003244161532e-05
340956.0 4.9043377928859904e-05
342094.0 4.839051110469672e-05
343237.0 4.777178363722958e-05
344382.0 4.7126485243216914e-05
345532.0 4.6515093928988276e-05
346686.0 4.587702698179026e-05
347843.0 4.5272905220604085e-05
349004.0 4.467227700855072e-05
350170.0 4.407500231183107e-05
351339.0 4.3511122897484836e-05
352512.0 4.292079305703373e-05
353689.0 4.23635042375268e-05
354869.0 4.180955873410232e-05
356054.0 4.125870555184802e-05
357243.0 4.071105100646685e-05
358435.0 4.016669366230635e-05
359632.0 3.962539398883946e-05
360833.0 3.9116270387807504e-05
362037.0 3.858128324173851e-05
363246.0 3.807814413053059e-05
364459.0 3.75779306991682e-05
365676.0 3.7080630247917756e-05
366896.0 3.6586329772979274e-05
368121.0 3.6094815428178326e-05
369350.0 3.560617585511266e-05
370583.0 3.5148652819042384e-05
371821.0 3.469369767493633e-05
373062.0 3.421341992763115e-05
374307.0 3.3763939815700084e-05
375557.0 3.3316996291238274e-05
376811.0 3.287266914103328e-05
378069.0 3.245864152035502e-05
379331.0 3.201941917879746e-05
380597.0 3.158277772043852e-05
381868.0 3.1176043191162785e-05
383143.0 3.0771685951668595e-05
384422.0 3.034245757561607e-05
385705.0 2.9942912421126743e-05
386993.0 2.954563479093395e-05
388285.0 2.915069254260429e-05
389581.0 2.8784951311450534e-05
390882.0 2.8394484591573465e-05
392187.0 2.8006322839310402e-05
393496.0 2.7647064260733854e-05
394810.0 2.728984235785018e-05
396128.0 2.6908285883754845e-05
397451.0 2.6555270796956452e-05
398777.0 2.6212278021534355e-05
400109.0 2.5865936834524823e-05
401445.0 2.5521639699725698e-05
402785.0 2.518457566276959e-05
404130.0 2.4852030368374795e-05
405479.0 2.452144934069079e-05
406832.0 2.4197970199977868e-05
408191.0 2.387628455203772e-05
409553.0 2.3561674443857184e-05
410921.0 2.3248810451228465e-05
412293.0 2.29403397358768e-05
413669.0 2.263622753309734e-05
415050.0 2.2336385470242678e-05
416436.0 2.2040781865232567e-05
417826.0 2.1749437204975627e-05
419221.0 2.1462266269468116e-05
420621.0 2.117674844075602e-05
422025.0 2.089788902265639e-05
423434.0 2.0620635385145938e-05
424847.0 2.034749379878309e-05
426266.0 2.0078336854357847e-05
427689.0 1.9810780677519884e-05
429117.0 1.954965137143642e-05
430549.0 1.9290075038905126e-05
431987.0 1.9034379168041702e-05
433429.0 1.878262242437513e-05
434876.0 1.853472994889241e-05
436328.0 1.8288272097446376e-05
437785.0 1.8045634774112906e-05
439246.0 1.7806828785705147e-05
440712.0 1.7571782659417163e-05
442184.0 1.7338059816701352e-05
443660.0 1.7108093742843335e-05
445141.0 1.6881815342288998e-05
446627.0 1.6659195530015533e-05
448118.0 1.6437868777167237e-05
449614.0 1.6220158413126364e-05
451116.0 1.600600021768804e-05
452622.0 1.5793123806721097e-05
454133.0 1.558379337872223e-05
455649.0 1.537798054784099e-05
457170.0 1.5175657073293361e-05
458696.0 1.4974512160018515e-05
460228.0 1.4774508537738202e-05
461764.0 1.4580240840778584e-05
463306.0 1.4387074952399462e-05
464853.0 1.4195037924228713e-05
466404.0 1.4008644675490285e-05
467962.0 1.3823280219896603e-05
469524.0 1.3639029752044911e-05
471091.0 1.3458080960377944e-05
472664.0 1.3280378652662497e-05
474242.0 1.3103717033199771e-05
475825.0 1.2930291843441969e-05
477414.0 1.276004961086858e-05
479008.0 1.2590805442582692e-05
480607.0 1.2424733321255157e-05
482212.0 1.22596100495556e-05
483821.0 1.2097646485941123e-05
485437.0 1.1936584479000852e-05
487057.0 1.1778644315473016e-05
488683.0 1.1623751254617685e-05
490315.0 1.146974517271413e-05
491952.0 1.1316645880814231e-05
493594.0 1.1166570318374423e-05
495242.0 1.1019470704155699e-05
496895.0 1.0873237426835144e-05
498554.0 1.0729944955445969e-05
500219.0 1.0587475972379239e-05
501889.0 1.0447934453451104e-05
503564.0 1.0309216120272043e-05
505246.0 1.0173349028472488e-05
506932.0 1.0038304348690848e-05
508625.0 9.90401867179452e-06
510323.0 9.772580031005493e-06
512026.0 9.643963952522981e-06
513736.0 9.516070928154245e-06
515451.0 9.39096675980521e-06
517172.0 9.266584811765643e-06
518898.0 9.142939832553927e-06
520631.0 9.02200455133302e-06
522369.0 8.90178649555689e-06
524113.0 8.784262999773792e-06
525863.0 8.669411277602177e-06
527618.0 8.553255852485317e-06
529380.0 8.43973692895438e-06
531147.0 8.328864118395722e-06
532920.0 8.218634024501229e-06
534700.0 8.109028798916881e-06
536485.0 8.002028050355383e-06
538276.0 7.895648957800382e-06
540073.0 7.791827629956319e-06
541876.0 7.688609771936454e-06
543685.0 7.585992797230525e-06
545500.0 7.485893573816879e-06
547321.0 7.386377272335496e-06
549148.0 7.289348064633129e-06
550982.0 7.19287095934599e-06
552821.0 7.096969801884497e-06
554667.0 7.00350394767166e-06
556519.0 6.91058365561428e-06
558377.0 6.818206492628476e-06
560241.0 6.728238978226168e-06
562111.0 6.638797283928623e-06
563988.0 6.5517239588480386e-06
565871.0 6.4651597345316735e-06
567760.0 6.379102290009084e-06
569655.0 6.295387372325937e-06
571557.0 6.212151493182841e-06
573465.0 6.129403622532988e-06
575380.0 6.0471309843975336e-06
577301.0 5.9671559006130536e-06
579228.0 5.889457997070873e-06
581162.0 5.8104036731660544e-06
583102.0 5.733610462066813e-06
585049.0 5.657258854898708e-06
587002.0 5.583140448103372e-06
588962.0 5.509448118614642e-06
590928.0 5.4361894449974575e-06
592901.0 5.363353291479351e-06
594880.0 5.292707048076466e-06
596866.0 5.222468037462444e-06
598859.0 5.154383105049398e-06
600858.0 5.084956430296522e-06
602864.0 5.017668752909158e-06
604877.0 4.952501127804387e-06
606896.0 4.885992211089962e-06
608922.0 4.821588476965459e-06
610955.0 4.757557378530119e-06
612995.0 4.693897401820532e-06
615042.0 4.632309456636252e-06
617095.0 4.571085664003064e-06
619155.0 4.510216896944171e-06
621222.0 4.451387174307017e-06
623296.0 4.3912184230234925e-06
625377.0 4.333074575123064e-06
627465.0 4.276937429668605e-06
629560.0 4.219462552698548e-06
631661.0 4.163987028512403e-06
633770.0 4.10882745500331e-06
635886.0 4.053989145692345e-06
638009.0 4.001111854234636e-06
640139.0 3.946906435553312e-06
642276.0 3.894648359676098e-06
644420.0 3.844319956457556e-06
646572.0 3.7926589729388873e-06
648731.0 3.742914388139453e-06
650896.0 3.6934657616779763e-06
653069.0 3.644300352480674e-06
655250.0 3.5954171436478506e-06
657437.0 3.5484185484338364e-06
659632.0 3.5016891343630053e-06
661834.0 3.4552331384147384e-06
664044.0 3.4090441759597584e-06
666261.0 3.364697855649442e-06
668485.0 3.3190445856740165e-06
670717.0 3.2752161449256928e-06
672956.0 3.2316448241756616e-06
675203.0 3.18987544026045e-06
677457.0 3.1468050283811484e-06
679719.0 3.105524174996179e-06
681988.0 3.064485708394352e-06
684265.0 3.0236840579142107e-06
686549.0 2.9831226387058864e-06
688841.0 2.9443160648734563e-06
691141.0 2.905733244600025e-06
693448.0 2.8673774217658923e-06
695763.0 2.829243429632394e-06
698086.0 2.791330372323657e-06
700417.0 2.753637350687578e-06
702755.0 2.7176572711535873e-06
705101.0 2.681885373758564e-06
707455.0 2.6463208009774972e-06
709817.0 2.6109626926215255e-06
712187.0 2.5772803972719524e-06
714565.0 2.542327734530684e-06
716950.0 2.5090428988469283e-06
719344.0 2.4759478010961263e-06
721745.0 2.443048561105486e-06
724155.0 2.410337527792346e-06
726573.0 2.379258417959712e-06
728998.0 2.346926624237143e-06
731432.0 2.316212264830367e-06
733874.0 2.28567672838005e-06
736324.0 2.2553192309865722e-06
738782.0 2.2251389875643054e-06
741249.0 2.195132250545375e-06
743723.0 2.166712075636593e-06
746206.0 2.1384545614385824e-06
748698.0 2.1089605936527343e-06
751197.0 2.081036795928072e-06
753705.0 2.0546628758006563e-06
756221.0 2.0270578339526388e-06
758746.0 1.9996121517525807e-06
761279.0 1.9737032106602413e-06
763821.0 1.9479431585708846e-06
766371.0 1.92233392982945e-06
768929.0 1.8968748232305967e-06
771496.0 1.8715627116231756e-06
774072.0 1.8463970154985423e-06
776656.0 1.8213794979959486e-06
779249.0 1.7978508353305354e-06
781851.0 1.7744578132731523e-06
784461.0 1.7498673618955964e-06
787080.0 1.7267505854105356e-06
789707.0 1.7037698804111743e-06
792344.0 1.6822418248957516e-06
794989.0 1.6595227942652569e-06
797643.0 1.6369359686916142e-06
800306.0 1.6157891261972509e-06
802978.0 1.5947646734851382e-06
805659.0 1.5738620974147638e-06
808349.0 1.5530808835000887e-06
811047.0 1.5324224054237856e-06
813755.0 1.511882335846879e-06
816472.0 1.4914620780166485e-06
819198.0 1.472439271931975e-06
821933.0 1.4522528262564736e-06
824677.0 1.4334543138333954e-06
827430.0 1.4147650968600415e-06
830192.0 1.3949234630666594e-06
832964.0 1.376453941077834e-06
835745.0 1.359345167332221e-06
838535.0 1.341086785641372e-06
841334.0 1.3229353487717232e-06
844143.0 1.3048888276621733e-06
846961.0 1.288184598754063e-06
849789.0 1.2715761939039571e-06
852626.0 1.253836668324882e-06
855472.0 1.2374257596546478e-06
858329.0 1.2211080317213922e-06
861194.0 1.2051305456489232e-06
864069.0 1.1891240722242408e-06
866954.0 1.1734517792985028e-06
869848.0 1.1578714669427083e-06
872752.0 1.1425013660483693e-06
875666.0 1.127339911795994e-06
878589.0 1.112505987735031e-06
881523.0 1.0977567406789336e-06
884466.0 1.0832127112923919e-06
887418.0 1.0688723003538319e-06
890381.0 1.0547315482943771e-06
893354.0 1.0406729497695143e-06
896336.0 1.0269309356189771e-06
899329.0 1.0133840878995199e-06
902331.0 9.999171364656683e-07
905344.0 9.8664316268607e-07
908366.0 9.73562872047777e-07
911399.0 9.606726172831913e-07
914441.0 9.479730459866242e-07
917494.0 9.354605960451674e-07
920557.0 9.230211144673007e-07
923631.0 9.108800214669743e-07
926714.0 8.988107465134344e-07
929808.0 8.868110181686315e-07
932912.0 8.751059792266631e-07
936027.0 8.635802876843397e-07
939152.0 8.521219808809586e-07
942287.0 8.408418727769328e-07
945433.0 8.296269211656472e-07
948589.0 8.186984934650545e-07
951756.0 8.078332067007133e-07
954934.0 7.971404560658686e-07
958122.0 7.866197139884101e-07
961321.0 7.761598705730996e-07
964530.0 7.658700287284386e-07
967750.0 7.557480353569803e-07
970981.0 7.457925645929568e-07
974223.0 7.358948198773274e-07
977475.0 7.261624231685765e-07
980738.0 7.164865336797993e-07
984013.0 7.06972603092086e-07
987298.0 6.976207797867366e-07
990594.0 6.88429039277804e-07
993901.0 6.792907450810779e-07
997219.0 6.703106664196518e-07
1000550.0 6.613815542310221e-07
1003890.0 6.526101487736689e-07
1007240.0 6.439944769429199e-07
1010600.0 6.355332457912267e-07
1013980.0 6.271157216485934e-07
1017360.0 6.187541289984547e-07
1020760.0 6.105385286017612e-07
1024170.0 6.024738302920792e-07
1027590.0 5.944568719868271e-07
1031020.0 5.865889681448347e-07
1034460.0 5.788688642629683e-07
1037910.0 5.711944318045427e-07
1041380.0 5.63660572163931e-07
1044850.0 5.561767531855252e-07
1048340.0 5.488318875829946e-07
1051840.0 5.415306144390943e-07
1055350.0 5.343719225768858e-07
1058880.0 5.272507323694996e-07
1062410.0 5.202754200622679e-07
1065960.0 5.134349029066111e-07
1069520.0 5.066350598177766e-07
1073090.0 4.998756760852172e-07
1076670.0 4.932537879399461e-07
1080270.0 4.867637063043098e-07
1083870.0 4.803167373923179e-07
1087490.0 4.739037373267494e-07
1091120.0 4.676249679142171e-07
1094760.0 4.6147926596943017e-07
1098420.0 4.5536600520276957e-07
1102090.0 4.492892718897358e-07
1105770.0 4.433435582590689e-07
1109460.0 4.375277213350109e-07
1113160.0 4.3174656384396834e-07
1116880.0 4.2599608221542367e-07
1120610.0 4.2037346636029655e-07
1124350.0 4.1478446744453365e-07
1128100.0 4.093217164626804e-07
1131870.0 4.0388802663895876e-07
1135650.0 3.9848690448829005e-07
1139440.0 3.9321006107338156e-07
1143240.0 3.8805639886097416e-07
1147060.0 3.8293020668333505e-07
1150890.0 3.7783476120441785e-07
1154730.0 3.728605650705858e-07
1158580.0 3.679161665878598e-07
1162450.0 3.6299827456386744e-07
1166330.0 3.581997228787836e-07
1170230.0 3.534269513716584e-07
1174130.0 3.487750643958834e-07
1178050.0 3.441481358300764e-07
1181990.0 3.3963473718656103e-07
1185930.0 3.3515132815567955e-07
1189890.0 3.30692052368023e-07
1193860.0 3.2625962657657403e-07
1197850.0 3.2193861995597896e-07
1201850.0 3.1773078219484045e-07
1205860.0 3.134614289473319e-07
1209890.0 3.0938834928304896e-07
1213930.0 3.052535439281241e-07
1217980.0 3.012296636925945e-07
1222050.0 2.972275905142545e-07
1226130.0 2.9324969472371057e-07
1230220.0 2.8938094481658613e-07
1234330.0 2.8553320722411187e-07
1238450.0 2.8179328027022026e-07
1242580.0 2.780759164225809e-07
1246730.0 2.7437878009359436e-07
1250890.0 2.707040113709464e-07
1255070.0 2.671327747444831e-07
1259260.0 2.6358315392636434e-07
1263460.0 2.6013789100177895e-07
1267680.0 2.56711407545202e-07
1271910.0 2.533056697947935e-07
1276160.0 2.4991859313917533e-07
1280420.0 2.4663385116549486e-07
1284690.0 2.4336899921238267e-07
1288980.0 2.4012205269824895e-07
1293290.0 2.3697394545141528e-07
1297600.0 2.3384675118582978e-07
1301940.0 2.307349453620018e-07
1306280.0 2.2764381693854037e-07
1310640.0 2.2464962320193747e-07
1315020.0 2.216719130631459e-07
1319410.0 2.1871231541310806e-07
1323820.0 2.158481814590795e-07
1328230.0 2.130030665465381e-07
1332670.0 2.101720505294319e-07
1337120.0 2.0735828502977122e-07
1341580.0 2.0463970848998665e-07
1346060.0 2.0193614709075738e-07
1350560.0 1.9924757151846155e-07
1355060.0 1.965768528529822e-07
1359590.0 1.9399654807772161e-07
1364130.0 1.9143197743251528e-07
1368680.0 1.8888304055662722e-07
1373250.0 1.864245279884296e-07
1377840.0 1.8390366053688272e-07
1382440.0 1.814739610725998e-07
1387050.0 1.7905908644697106e-07
1391680.0 1.7673290950820342e-07
1396330.0 1.7434467397781539e-07
1400990.0 1.7204580208534553e-07
1405670.0 1.6975975720592567e-07
1410360.0 1.6756193744632414e-07
1415070.0 1.6530235518024056e-07
1419790.0 1.6313036430038753e-07
1424530.0 1.609705068444971e-07
1429290.0 1.5882275276559382e-07
1434060.0 1.567611780696196e-07
1438850.0 1.5463835091056252e-07
1443650.0 1.5260108331648665e-07
1448470.0 1.5057523915029586e-07
1453310.0 1.485607883894091e-07
1458160.0 1.4663051286102634e-07
1463030.0 1.447110571161604e-07
1467910.0 1.4280336475116196e-07
1472810.0 1.409064009689642e-07
1477730.0 1.3902013606702318e-07
1482660.0 1.3714546486014607e-07
1487610.0 1.3535178623819755e-07
1492580.0 1.335682151188318e-07
1497560.0 1.3179560239210906e-07
1502560.0 1.3003300907423846e-07
1507580.0 1.2834985901105582e-07
1512610.0 1.2660782108021791e-07
1517660.0 1.249446770537856e-07
1522730.0 1.2329094515163425e-07
1527810.0 1.2164739283290973e-07
1532910.0 1.200814738728213e-07
1538030.0 1.1845632038886518e-07
1543160.0 1.1690904593044468e-07
1548320.0 1.1536978931252176e-07
1553480.0 1.1384075820654429e-07
1558670.0 1.1231968917669622e-07
1563870.0 1.108080075705652e-07
1569100.0 1.093709860472611e-07
1574330.0 1.0787700359968754e-07
1579590.0 1.0645718096751289e-07
1584860.0 1.0504612009379458e-07
1590150.0 1.0364310869995214e-07
1595460.0 1.0231374728520012e-07
1600790.0 1.0092653418063768e-07
1606130.0 9.961310018207709e-08
1611500.0 9.830654082522865e-08
1616880.0 9.700806026685497e-08
1622270.0 9.571760214310132e-08
1627690.0 9.443395018283916e-08
1633120.0 9.3158248210494e-08
1638580.0 9.195321973841825e-08
1644050.0 9.075564324712312e-08
1649540.0 8.950144720640255e-08
1655040.0 8.831830391187201e-08
1660570.0 8.72044784169285e-08
1666110.0 8.603468510857889e-08
1671670.0 8.487162997942761e-08
1677260.0 8.377721564110755e-08
1682860.0 8.262736127049158e-08
1688470.0 8.154666426181914e-08
1694110.0 8.047169972708268e-08
1699770.0 7.940293465771388e-08
1705440.0 7.834080428607082e-08
1711130.0 7.734600107365883e-08
1716850.0 7.629547009678431e-08
1722580.0 7.531226380847179e-08
1728330.0 7.427413422766001e-08
1734100.0 7.330242544560569e-08
1739890.0 7.233633018222878e-08
1745700.0 7.137582578695722e-08
1751530.0 7.042088952619962e-08
1757370.0 6.947189390245516e-08
1763240.0 6.858740176035576e-08
1769130.0 6.764882842722859e-08
1775030.0 6.677509671838505e-08
1780960.0 6.590604394293365e-08
1786910.0 6.504203127923578e-08
1792870.0 6.418339545296162e-08
1798860.0 6.33293932258894e-08
1804860.0 6.248071340208963e-08
1810890.0 6.163663639617404e-08
1816930.0 6.079782742100119e-08
1823000.0 6.002102644303384e-08
1829090.0 5.924873343316168e-08
1835190.0 5.842419255108941e-08
1841320.0 5.766104129507353e-08
1847470.0 5.6902338434213154e-08
1853630.0 5.614836715885413e-08
1859820.0 5.540412679720707e-08
1866030.0 5.466984937916349e-08
1872260.0 5.394545929930839e-08
1878510.0 5.323088132197841e-08
1884780.0 5.2526040583134436e-08
1891080.0 5.1830588511387384e-08
1897390.0 5.114500367750051e-08
1903720.0 5.0468933659831706e-08
1910080.0 4.98020443645506e-08
1916460.0 4.913906860189454e-08
1922850.0 4.8491130994690486e-08
1929270.0 4.78467415413573e-08
1935710.0 4.7211547973380356e-08
1942180.0 4.659062976089628e-08
1948660.0 4.5973598827134035e-08
1955170.0 4.535996198384205e-08
1961690.0 4.47608449657294e-08
1968240.0 4.417034391303846e-08
1974810.0 4.358331862101972e-08
1981410.0 4.3004819720429876e-08
1988020.0 4.2435215386284785e-08
1994660.0 4.187400589370152e-08
2001320.0 4.132133939266253e-08
2008000.0 4.077193292366338e-08
2014700.0 4.0230967549418085e-08
2021430.0 3.9698179005265134e-08
2028180.0 3.917370268177255e-08
2034950.0 3.865747132721968e-08
2041740.0 3.8144289796709645e-08
2048560.0 3.763907031058211e-08
2055400.0 3.714193643819311e-08
2062260.0 3.6647744918040476e-08
2069150.0 3.616136643935822e-08
2076050.0 3.568308805424815e-08
2082990.0 3.521232900577995e-08
2089940.0 3.4744530195353584e-08
2096920.0 3.428433527788798e-08
2103920.0 3.383184906224778e-08
2110940.0 3.338204753672763e-08
2117990.0 3.293970492260076e-08
2125060.0 3.250491867738438e-08
2132150.0 3.2072715024789866e-08
2139270.0 3.1647826992082744e-08
2146410.0 3.123034509357667e-08
2153580.0 3.081520220992716e-08
2160770.0 3.040737884731362e-08
2167980.0 3.0006813467960354e-08
2175220.0 2.960849520169339e-08
2182480.0 2.9217349554951345e-08
2189770.0 2.8828402608836963e-08
2197080.0 2.8446543575345243e-08
2204420.0 2.807158499287341e-08
2211780.0 2.769886463457509e-08
2219160.0 2.733308860408212e-08
2226570.0 2.6969373966149392e-08
2234000.0 2.661252091794428e-08
2241460.0 2.626235361026727e-08
2248940.0 2.5914278956242426e-08
2256450.0 2.5568172088206695e-08
2263980.0 2.523338837287606e-08
2271540.0 2.489588589886596e-08
2279130.0 2.4569487483559e-08
2286740.0 2.424046490129781e-08
2294370.0 2.392254375527551e-08
2302030.0 2.3601874028351197e-08
2309710.0 2.3292196306283872e-08
2317430.0 2.298417444828475e-08
2325160.0 2.2678100454502115e-08
2332930.0 2.23781593822342e-08
2340710.0 2.208011529937546e-08
2348530.0 2.178813327950272e-08
2356370.0 2.150235034104313e-08
2364240.0 2.1218193540138508e-08
2372130.0 2.09357457295976e-08
2380050.0 2.0659309591591576e-08
2387990.0 2.0384536396460912e-08
2395970.0 2.0115618726029854e-08
2403970.0 1.9848321288795956e-08
2411990.0 1.9586975697225844e-08
2420040.0 1.9327122731556797e-08
2428120.0 1.9068757177817265e-08
2436230.0 1.88161716732946e-08
2444360.0 1.856939395439429e-08
2452520.0 1.8324028222846687e-08
2460710.0 1.808006940591483e-08
2468930.0 1.7841753363710315e-08
2477170.0 1.760487680567015e-08
2485440.0 1.73693612483659e-08
2493740.0 1.7139400426379277e-08
2502060.0 1.6915014936142002e-08
2510420.0 1.6687679937725146e-08
2518800.0 1.6470037309358524e-08
2527210.0 1.624950195142337e-08
2535640.0 1.6034432463679757e-08
2544110.0 1.582465518057675e-08
2552600.0 1.5612045756093947e-08
2561120.0 1.5404753840607857e-08
2569670.0 1.520273380208885e-08
2578250.0 1.500187909712779e-08
2586860.0 1.4802185118300099e-08
2595500.0 1.4607681395409654e-08
2604160.0 1.441435761567865e-08
2612860.0 1.4222097622951737e-08
2621580.0 1.403500069250968e-08
2630330.0 1.3848986338532951e-08
2639110.0 1.3664050136673812e-08
2647920.0 1.3484141941699509e-08
2656760.0 1.3305276692035675e-08
2665630.0 1.3127450050607339e-08
2674530.0 1.2954572618804827e-08
2683460.0 1.278269902809943e-08
2692420.0 1.2615713973087118e-08
2701410.0 1.244582238282632e-08
2710430.0 1.2280785013693904e-08
2719480.0 1.2120559025933551e-08
2728560.0 1.1957426972953242e-08
2737670.0 1.1799072450843494e-08
2746810.0 1.1645453113023474e-08
2755980.0 1.1488928366883435e-08
2765180.0 1.1337105428741244e-08
2774410.0 1.1186168438814023e-08
2783670.0 1.1039874920848091e-08
2792960.0 1.0894434457888547e-08
2802290.0 1.0749804876044799e-08
2811640.0 1.0606059719124345e-08
2821030.0 1.0466830712530479e-08
2830450.0 1.032841602616578e-08
2839900.0 1.0190811943220539e-08
2849380.0 1.0057689457898553e-08
2858890.0 9.92168320006648e-09
2868440.0 9.790092605678707e-09
2878010.0 9.662946354436534e-09
2887620.0 9.532884724280499e-09
2897260.0 9.407202526257814e-09
2906930.0 9.282258119364614e-09
2916640.0 9.161606592629645e-09
2926380.0 9.038085025193649e-09
2936150.0 8.918857998885935e-09
2945950.0 8.800332174962809e-09
2955780.0 8.686046621175568e-09
2965650.0 8.568872435837361e-09
2975550.0 8.455909277426935e-09
2985490.0 8.343583519473974e-09
2995450.0 8.231948279110314e-09
3005450.0 8.124428766897309e-09
3015490.0 8.017516026344658e-09
3025560.0 7.91123440523162e-09
3035660.0 7.80558077383604e-09
3045790.0 7.703989753206076e-09
3055960.0 7.599546432292327e-09
3066160.0 7.499137531551674e-09
3076400.0 7.399298255186875e-09
3086670.0 7.303442682397279e-09
3096970.0 7.204772097562983e-09
3107310.0 7.110033860544309e-09
3117690.0 7.0158340269322e-09
3128100.0 6.922192979650445e-09
3138540.0 6.8324439980267115e-09
3149020.0 6.739879409398819e-09
3159530.0 6.65117975892214e-09
3170080.0 6.562985448199877e-09
3180660.0 6.4753151344537505e-09
3191280.0 6.391427081038879e-09
3201930.0 6.308036401421594e-09
3212620.0 6.221861882428063e-09
3223350.0 6.139431181954219e-09
3234110.0 6.0607288353463905e-09
3244910.0 5.979247903118485e-09
3255740.0 5.8982532060097845e-09
3266610.0 5.8209296874326205e-09
3277520.0 5.744048963726919e-09
3288460.0 5.667626668083004e-09
3299440.0 5.594816841633157e-09
3310450.0 5.519277050941136e-09
3321500.0 5.447324883432773e-09
3332590.0 5.372643449584837e-09
3343720.0 5.301525462863458e-09
3354880.0 5.233953602341533e-09
3366080.0 5.163657770598865e-09
3377320.0 5.0937678500975035e-09
3388600.0 5.027372241111096e-09
3399910.0 4.961373423698515e-09
3411260.0 4.895754840646734e-09
3422650.0 4.830515009843933e-09
3434080.0 4.76565244233684e-09
3445540.0 4.7042181874602384e-09
3457040.0 4.640108727223147e-09
3468580.0 4.579390317882579e-09
3480160.0 4.519022649315781e-09
3491780.0 4.459004306595621e-09
3503440.0 4.399333869604191e-09
3515140.0 4.3429886434883524e-09
3526870.0 4.284011969455437e-09
3538650.0 4.228325531730698e-09
3550460.0 4.172973358664617e-09
3562310.0 4.1150026767591886e-09
3574210.0 4.060289136226345e-09
3586140.0 4.008824958155843e-09
3598110.0 3.954748015926843e-09
3610120.0 3.903886819672466e-09
3622180.0 3.8504190110876606e-09
3634270.0 3.800155804447918e-09
3646400.0 3.7501847677929915e-09
3658580.0 3.7004945194938455e-09
3670790.0 3.6511041876487687e-09
3683050.0 3.601992436385239e-09
3695340.0 3.5560111920369903e-09
3707680.0 3.5074634003558565e-09
3720060.0 3.4620151437838966e-09
3732480.0 3.414026480418958e-09
3744940.0 3.369116117531248e-09
3757440.0 3.324468220048967e-09
3769980.0 3.282858974848143e-09
3782570.0 3.2387146393989593e-09
3795200.0 3.194829518630017e-09
3807870.0 3.153952156549948e-09
3820580.0 3.110572728202307e-09
3833340.0 3.070172424875534e-09
3846130.0 3.0300165549343338e-09
3858980.0 2.9900803791900447e-09
3871860.0 2.9503864269224636e-09
3884780.0 2.910925715278914e-09
3897750.0 2.8716897721655903e-09
3910770.0 2.832677866178691e-09
3923820.0 2.7965719838516397e-09
3936920.0 2.758010803098348e-09
3950070.0 2.722321719335366e-09
3963250.0 2.6868491306014378e-09
3976490.0 2.6515716825183135e-09
3989760.0 2.6159838215926692e-09
4003080.0 2.581384369128036e-09
4016450.0 2.5472433950555682e-09
4029850.0 2.5135700815522176e-09
4043310.0 2.4800831626107003e-09
4056810.0 2.447310532666927e-09
4070350.0 2.4149888086311857e-09
4083940.0 2.3828522339690062e-09
4097570.0 2.3514169467073397e-09
4111250.0 2.3201618788066415e-09
4124980.0 2.2895940443126504e-09
4138750.0 2.259207189990646e-09
4152570.0 2.2292471745471276e-09
4166430.0 2.1997161087585613e-09
4180340.0 2.1706053813304872e-09
4194300.0 2.1419118513071636e-09
4208300.0 2.113388602543588e-09
4222350.0 2.0855257771078914e-09
4236450.0 2.057823478114655e-09
4250590.0 2.030532196263705e-09
4264780.0 2.0036439131079783e-09
4279020.0 1.9771555619611814e-09
4293300.0 1.9510686332452924e-09
4307640.0 1.925127850396248e-09
4322020.0 1.8995838911481585e-09
4336450.0 1.874429192157138e-09
4350930.0 1.8496607476585162e-09
4365450.0 1.82527974634008e-09
4380030.0 1.8010357236162173e-09
4394650.0 1.7771746550309046e-09
4409320.0 1.7536894034279159e-09
4424040.0 1.7303403502034324e-09
4438810.0 1.707598706916039e-09
4453630.0 1.6849889886627259e-09
4468500.0 1.662510641805968e-09
4483420.0 1.6406301945797487e-09
4498380.0 1.6188804972135543e-09
4513400.0 1.5974857403506595e-09
4528470.0 1.5762155054448469e-09
4543590.0 1.5552997045850029e-09
4558760.0 1.5347354993330009e-09
4573980.0 1.5145200657837673e-09
4589250.0 1.4944224385352644e-09
4604570.0 1.4746694972543966e-09
4619940.0 1.45503181381087e-09
4635370.0 1.4357316663378532e-09
4650840.0 1.4167725348233842e-09
4666370.0 1.3979211373130467e-09
4681950.0 1.3794037109664485e-09
4697580.0 1.3612175241221298e-09
4713260.0 1.3431377071012218e-09
4729000.0 1.3253823867939449e-09
4744780.0 1.3079545206090933e-09
4760620.0 1.2906259254976584e-09
4776520.0 1.273396266861588e-09
4792460.0 1.256488931594035e-09
4808460.0 1.2398959789610346e-09
4824520.0 1.2236149001876232e-09
4840620.0 1.207431878046905e-09
4856780.0 1.1913414313124384e-09
4873000.0 1.1755581041244057e-09
4889270.0 1.1600817936823336e-09
4905590.0 1.1446964751225066e-09
4921970.0 1.129399417589951e-09
4938400.0 1.1146166070255512e-09
4954890.0 1.0997071958215754e-09
4971430.0 1.0850963984696834e-09
4988030.0 1.0707795370826356e-09
5004680.0 1.0565470960110255e-09
5021390.0 1.0426051057466178e-09
5038150.0 1.0287453893642626e-09
5054970.0 1.015172667746099e-09
5071850.0 1.0016781208291722e-09
5088780.0 9.884691496485925e-10
5105770.0 9.753363158877295e-10
5122820.0 9.624837158365529e-10
5139920.0 9.49707146561333e-10
5157080.0 9.37207440977381e-10
5174290.0 9.247817077662324e-10
5191570.0 9.124260552472266e-10
5208900.0 9.003447549333524e-10
5226290.0 8.88533724243244e-10
5243740.0 8.767910005793778e-10
5261250.0 8.651163060263229e-10
5278810.0 8.537093311095235e-10
5296430.0 8.423684525666414e-10
5314120.0 8.312888677092725e-10
5331860.0 8.202751107708869e-10
5349660.0 8.093253228351938e-10
5367520.0 7.986343090240137e-10
5385440.0 7.880054268892838e-10
5403420.0 7.776321906072569e-10
5421460.0 7.673192676060516e-10
5439560.0 7.570663990727088e-10
5457720.0 7.470651759882832e-10
5475940.0 7.373134234889336e-10
5494220.0 7.274278275669376e-10
5512560.0 7.177899260416283e-10
5530970.0 7.083962878112962e-10
5549430.0 6.988699978053353e-10
5567960.0 6.895862601772408e-10
5586550.0 6.805442285278867e-10
5605200.0 6.715549858253874e-10
5623910.0 6.626182946054359e-10
5642690.0 6.539183200301349e-10
5661530.0 6.452692253308254e-10
5680430.0 6.366707783255163e-10
5699390.0 6.283064620477606e-10
5718420.0 6.199900224427657e-10
5737510.0 6.117223536941868e-10
5756660.0 6.036851167727635e-10
5775880.0 5.956939560895067e-10
5795170.0 5.877487027775584e-10
5814510.0 5.79851181381163e-10
5833930.0 5.721776573939245e-10
5853400.0 5.647291103150441e-10
5872940.0 5.571450214825336e-10
5892550.0 5.497823957342018e-10
5912220.0 5.42463106836605e-10
5931960.0 5.353625561180188e-10
5951770.0 5.283028926316326e-10
5971630.0 5.212857035962547e-10
5991570.0 5.143081671506521e-10
6011570.0 5.07546030290515e-10
6031640.0 5.008229260321024e-10
6051780.0 4.941386993299474e-10
6071990.0 4.876656363828164e-10
6092260.0 4.812307808742906e-10
6112600.0 4.748331653827034e-10
6133000.0 4.684734023067701e-10
6153480.0 4.623199573813384e-10
6174020.0 4.562029028649753e-10
6194630.0 4.5012132788332993e-10
6215320.0 4.4424283572137845e-10
6236070.0 4.383991331216109e-10
6256880.0 4.325900420745754e-10
6277770.0 4.2681402517541356e-10
6298730.0 4.210716419334281e-10
6319760.0 4.1552842970866244e-10
6340860.0 4.100174605141718e-10
6362030.0 4.0470317583955993e-10
6383270.0 3.9925572810281104e-10
6404580.0 3.940035947146408e-10
6425960.0 3.887820611625591e-10
6447410.0 3.8359099310557613e-10
6468940.0 3.7859153143171447e-10
6490540.0 3.734598866119829e-10
6512200.0 3.6851967521445783e-10
6533950.0 3.6376745931374344e-10
6555760.0 3.588837735463298e-10
6577650.0 3.5418735401177156e-10
6599610.0 3.4935972664999633e-10
6621640.0 3.4487673338001054e-10
6643750.0 3.4026177003497345e-10
6665930.0 3.3567389644375155e-10
6688180.0 3.3126954175024113e-10
6710510.0 3.268904972893206e-10
6732910.0 3.225371463730823e-10
6755390.0 3.183638947239182e-10
6777940.0 3.1406059923824067e-10
6800570.0 3.0993616573214603e-10
6823280.0 3.0583550479905274e-10
6846060.0 3.017589643937536e-10
6868910.0 2.9770642916703235e-10
6891840.0 2.938292859863736e-10
6914850.0 2.899745018756645e-10
6937940.0 2.8614198771646155e-10
6961100.0 2.8233205961991017e-10
6984340.0 2.7854420864144145e-10
7007660.0 2.749277621225578e-10
7031050.0 2.711836837283723e-10
7054530.0 2.676094456769438e-10
7078080.0 2.640563099236471e-10
7101710.0 2.6067124324250854e-10
7125420.0 2.571587917878179e-10
7149210.0 2.5381325865153494e-10
7173070.0 2.503415009496824e-10
7197020.0 2.470351616253012e-10
7221050.0 2.4374805431674233e-10
7245160.0 2.4062461583977276e-10
7269340.0 2.3737557060215577e-10
7293610.0 2.342887382893863e-10
7317960.0 2.3107677182961345e-10
7342390.0 2.280262322284725e-10
7366910.0 2.249931764234652e-10
7391500.0 2.221197998741737e-10
7416180.0 2.1912163065671692e-10
7440940.0 2.1628174320554875e-10
7465780.0 2.1331815675812464e-10
7490700.0 2.105117609576991e-10
7515710.0 2.0772148835572446e-10
7540800.0 2.0494755021936224e-10
7565980.0 2.0232799604396532e-10
7591240.0 1.9958578452965336e-10
7616580.0 1.9699716615166382e-10
7642010.0 1.944234253268438e-10
7667520.0 1.9172819634329726e-10
7693120.0 1.8918473452132721e-10
7718810.0 1.8679161878912108e-10
7744570.0 1.8427751312728915e-10
7770430.0 1.8177773748103559e-10
7796370.0 1.794270070352878e-10
7822400.0 1.7708982985076824e-10
7848520.0 1.7463274220352419e-10
7874720.0 1.7232317085866498e-10
7901010.0 1.7015950309890486e-10
7927390.0 1.6787619705406464e-10
7953850.0 1.6560637124780632e-10
7980410.0 1.6348075493673835e-10
8007050.0 1.6123686022812887e-10
8033780.0 1.5913639871205972e-10
8060600.0 1.5704811463170276e-10
8087510.0 1.5497195655469178e-10
8114510.0 1.5290787292282188e-10
8141600.0 1.5085581205982842e-10
8168780.0 1.4881572217903177e-10
8196060.0 1.469151245778279e-10
8223420.0 1.448983989024863e-10
8250870.0 1.430203932953016e-10
8278420.0 1.4115313711482698e-10
8306060.0 1.3929675854494755e-10
8333790.0 1.3745120949838766e-10
8361610.0 1.356164418253529e-10
8389520.0 1.3379240731972866e-10
8417530.0 1.3197890093444645e-10
8445640.0 1.3029985936872055e-10
8473830.0 1.285071785962855e-10
8502120.0 1.26848048663236e-10
8530510.0 1.2519845563709343e-10
8558990.0 1.2355850679728472e-10
8587560.0 1.2187938648939235e-10
8616230.0 1.2027076773414766e-10
8645000.0 1.1868355771476956e-10
8673860.0 1.1710566181773405e-10
8702810.0 1.1556109903107574e-10
8731870.0 1.1402534173125595e-10
8761020.0 1.1251056836809028e-10
8790270.0 1.1102840205586272e-10
8819620.0 1.0955482478779935e-10
8849060.0 1.0810175571048134e-10
8878600.0 1.0666891486460164e-10
8908250.0 1.0525603111535389e-10
8937990.0 1.0386319042501602e-10
8967830.0 1.024901210356871e-10
8997770.0 1.0113667202040966e-10
9027800.0 9.979120546342377e-11
9057940.0 9.847658397322026e-11
9088180.0 9.716961299028895e-11
9118530.0 9.588163709225242e-11
9148970.0 9.461272052488835e-11
9179510.0 9.336260929650907e-11
9210160.0 9.21196884338826e-11
9240910.0 9.090669064660258e-11
9271760.0 8.970077134222459e-11
9302710.0 8.851315447583672e-11
9333770.0 8.733238453999165e-11
9364930.0 8.618088843118342e-11
9396200.0 8.503603415677055e-11
9427570.0 8.390899111105946e-11
9459040.0 8.27996178312993e-11
9490620.0 8.17076875177907e-11
9522300.0 8.062215321605244e-11
9554090.0 7.955386147350261e-11
9585990.0 7.850267752194355e-11
9617990.0 7.745766121942056e-11
9650100.0 7.644040511901968e-11
9682320.0 7.542903930528311e-11
9714650.0 7.442353952572721e-11
9747080.0 7.3434699130193e-11
9779620.0 7.246230862541454e-11
9812270.0 7.150623705805792e-11
9845030.0 7.055571864342351e-11
9877900.0 6.962132996603492e-11
9910870.0 6.870301097320092e-11
9943960.0 6.778996350110413e-11
9977160.0 6.689272970323717e-11
10010500.0 6.601098399205825e-11
10043900.0 6.513470299575348e-11
10077400.0 6.427398318243163e-11
10111100.0 6.34177124967832e-11
10144800.0 6.258777310581685e-11
10178700.0 6.175182900021788e-11
10212700.0 6.093109066379936e-11
10246800.0 6.012543076247108e-11
10281000.0 5.933472276905286e-11
10315300.0 5.854869035707893e-11
10349700.0 5.77673098246442e-11
10384300.0 5.70101750159319e-11
10419000.0 5.624747939406126e-11
10453700.0 5.550987958996191e-11
10488600.0 5.4776115852682465e-11
10523700.0 5.404619185222933e-11
10558800.0 5.3331037257567644e-11
10594000.0 5.2620124900425196e-11
10629400.0 5.1922794958515326e-11
10664900.0 5.1239431856465614e-11
10700500.0 5.056013054343229e-11
10736200.0 4.989462225843532e-11
10772100.0 4.9232611106657885e-11
10808000.0 4.8574997845396515e-11
10844100.0 4.7930510587425466e-11
10880300.0 4.729948894296981e-11
10916600.0 4.667222479813204e-11
10953100.0 4.605783709209457e-11
10989700.0 4.5447116998239616e-11
11026300.0 4.484045127537675e-11
11063200.0 4.424606448919466e-11
11100100.0 4.366506247268664e-11
11137200.0 4.308713673538048e-11
11174300.0 4.251304856192246e-11
11211600.0 4.195135077765347e-11
11249100.0 4.13926420968779e-11
11286600.0 4.0846923128513236e-11
11324300.0 4.0304106651410326e-11
11362100.0 3.977375783172945e-11
11400000.0 3.9246581821686005e-11
11438100.0 3.8731376558308344e-11
11476300.0 3.821013541985779e-11
11514600.0 3.77102121741371e-11
11553000.0 3.721328149240233e-11
11591600.0 3.67190097193769e-11
11630300.0 3.6227707371652865e-11
11669100.0 3.5748330510748755e-11
11708100.0 3.528047152129391e-11
11747200.0 3.480650939261315e-11
11786400.0 3.434428427614777e-11
11825800.0 3.389340457177611e-11
11865200.0 3.3445519281380145e-11
11904800.0 3.300004426533444e-11
11944600.0 3.256574394282891e-11
11984500.0 3.2134060096714495e-11
12024500.0 3.1704977450923993e-11
12064600.0 3.128715962611567e-11
12104900.0 3.08715999877599e-11
12145300.0 3.0467168525723795e-11
12185900.0 3.006492529063194e-11
12226500.0 2.966535347832579e-11
12267400.0 2.926771080313585e-11
12308300.0 2.8881217816194448e-11
12349400.0 2.8496823407432224e-11
12390600.0 2.812320269119008e-11
12432000.0 2.7751611932366157e-11
12473500.0 2.7382268314498128e-11
12515200.0 2.7023308827317786e-11
12556900.0 2.6658394899486646e-11
12598900.0 2.6311892011616725e-11
12640900.0 2.5959408513627446e-11
12683100.0 2.5617111308095598e-11
12725500.0 2.5276687107265046e-11
12768000.0 2.4946529266316913e-11
12810600.0 2.46101964798002e-11
12853300.0 2.428405054833867e-11
12896300.0 2.3967626167104774e-11
12939300.0 2.364521274162175e-11
12982500.0 2.333264099006649e-11
13025900.0 2.302178905714078e-11
13069300.0 2.272101329392706e-11
13113000.0 2.2421715549853714e-11
13156800.0 2.2124237882170627e-11
13200700.0 2.1828568934302978e-11
13244700.0 2.1542602960505183e-11
13289000.0 2.125805078869386e-11
13333300.0 2.0975389470791357e-11
13377800.0 2.0694290834879583e-11
13422500.0 2.042255272623138e-11
13467300.0 2.015246886939693e-11
13512300.0 1.988388165166684e-11
13557400.0 1.9624655952899918e-11
13602700.0 1.9359166978087726e-11
13648100.0 1.9102972371748555e-11
13693600.0 1.8848338917515403e-11
13739300.0 1.8602742273038315e-11
13785200.0 1.8358507676567747e-11
13831200.0 1.8115763139430283e-11
13877400.0 1.7874370288753983e-11
13923700.0 1.763445272134712e-11
13970200.0 1.740337139084095e-11
14016900.0 1.717357822717088e-11
14063700.0 1.6945190689543778e-11
14110600.0 1.6718199647686283e-11
14157700.0 1.6499875271674515e-11
14205000.0 1.6282769469829673e-11
14252400.0 1.6066991980583953e-11
14300000.0 1.585242326498034e-11
14347700.0 1.5639169265761278e-11
14395600.0 1.543438770155785e-11
14443700.0 1.523075349936161e-11
14491900.0 1.502836736666085e-11
14540300.0 1.4827119094041766e-11
14588800.0 1.4634283081700858e-11
14637500.0 1.4442527636655132e-11
14686400.0 1.4251849843444375e-11
14735400.0 1.4062342169196864e-11
14784600.0 1.3873902984132507e-11
14834000.0 1.3686529278578093e-11
14883500.0 1.3507343777652323e-11
14933200.0 1.3329167687498277e-11
14983100.0 1.3151998098338137e-11
15033100.0 1.2975918373686801e-11
15083300.0 1.2807778194212861e-11
15133600.0 1.2640669977405945e-11
15184200.0 1.2467526703173795e-11
15234900.0 1.2302325666701543e-11
15285700.0 1.2144991081204657e-11
15336700.0 1.1981715264905085e-11
15387900.0 1.1819368129281424e-11
15439300.0 1.1664728563270892e-11
15490900.0 1.1510966604732263e-11
15542600.0 1.1358152525805573e-11
15594500.0 1.1206207978320844e-11
15646500.0 1.106189280192388e-11
15698800.0 1.0911655323696122e-11
15751200.0 1.076899474344928e-11
15803800.0 1.0627145712448645e-11
15856500.0 1.0486171653124807e-11
15909500.0 1.0345936467214626e-11
15962600.0 1.0206568581091344e-11
16015900.0 1.0074536777636299e-11
16069300.0 9.943318969797172e-12
16123000.0 9.80629355137005e-12
16176800.0 9.676590727038462e-12
16230800.0 9.554081213163317e-12
16285000.0 9.42583870426943e-12
16339400.0 9.298333185027857e-12
16393900.0 9.178004850883533e-12
16448700.0 9.058308693474558e-12
16503600.0 8.93300880721609e-12
16558700.0 8.814756752174197e-12
16614000.0 8.703486676942408e-12
16669400.0 8.586621961928836e-12
16725100.0 8.470379526199064e-12
16780900.0 8.361098608067877e-12
16836900.0 8.24622514320223e-12
16893100.0 8.13821519626806e-12
16949500.0 8.030826758935086e-12
17006100.0 7.924057436394267e-12
17062900.0 7.817904822014946e-12
17119900.0 7.718482569588142e-12
17177000.0 7.613580064131473e-12
17234400.0 7.515317406879238e-12
17291900.0 7.411608980829973e-12
17349600.0 7.314538830356147e-12
17407600.0 7.217987801114469e-12
17465700.0 7.122037250279886e-12
17524000.0 7.026642750384992e-12
17582500.0 6.937757181875087e-12
17641200.0 6.843448133111801e-12
17700100.0 6.755603940001695e-12
17759200.0 6.662371438688523e-12
17818500.0 6.5755599487347035e-12
17878000.0 6.489251764129176e-12
17937600.0 6.4034804618050075e-12
17997500.0 6.318171925225481e-12
18057600.0 6.233360320132116e-12
18117900.0 6.1490435099757584e-12
18178400.0 6.07097929625274e-12
18239100.0 5.987626480011234e-12
18300000.0 5.910483757441743e-12
18361100.0 5.83378922781287e-12
18422400.0 5.757540929542616e-12
18483900.0 5.676072155388093e-12
18545600.0 5.6035522178364915e-12
18607500.0 5.5292029178784535e-12
18669600.0 5.45640987943748e-12
18731900.0 5.384042007264007e-12
18794500.0 5.3126262321580894e-12
18857200.0 5.242212079122334e-12
18920200.0 5.172736026588515e-12
18983300.0 5.104245804248905e-12
19046700.0 5.036679804640192e-12
19110300.0 4.970058018345413e-12
19174100.0 4.90437313431328e-12
19238100.0 4.839073613365465e-12
19302300.0 4.7752425646344645e-12
19366800.0 4.711761727771316e-12
19431400.0 4.649756106655566e-12
19496300.0 4.588090796321991e-12
19561400.0 4.527323659221823e-12
19626700.0 4.467447615563238e-12
19692200.0 4.407923909225391e-12
19758000.0 4.349788723632416e-12
19823900.0 4.292017816767149e-12
19890100.0 4.235092284493049e-12
19956500.0 4.1790272217815746e-12
20023200.0 4.123795153066277e-12
20090000.0 4.069430767544712e-12
20157100.0 4.015366949167779e-12
20224400.0 3.9621404242336145e-12
20291900.0 3.909744435679984e-12
20359600.0 3.857657981143001e-12
20427600.0 3.806886029626151e-12
20495800.0 3.756414323163932e-12
20564200.0 3.7067505161552275e-12
20632900.0 3.657362815887992e-12
20701800.0 3.6092796196929335e-12
20770900.0 3.5614811307157123e-12
20840200.0 3.513965893081966e-12
20909800.0 3.4677173812967304e-12
20979600.0 3.4217431120645755e-12
21049600.0 3.3765390953749924e-12
21119900.0 3.3315874076175035e-12
21190400.0 3.2873970803750893e-12
21261200.0 3.2439465292421664e-12
21332200.0 3.201245228188874e-12
21403400.0 3.158797712794128e-12
21474800.0 3.1166026447401138e-12
21546500.0 3.075616331743899e-12
21618500.0 3.034859777902022e-12
21690600.0 2.9948427235269502e-12
21763100.0 2.9550365090126173e-12
21835700.0 2.915960796922251e-12
21908600.0 2.877104666542723e-12
21981700.0 2.8389567720050997e-12
22055100.0 2.8014984065660547e-12
22128800.0 2.7642510636873886e-12
22202600.0 2.727710314255982e-12
22276800.0 2.69183337652527e-12
22351100.0 2.65618276062728e-12
22425800.0 2.6207216348997435e-12
22500600.0 2.5859498250054144e-12
22575700.0 2.5518383340850063e-12
22651100.0 2.517919691542085e-12
22726700.0 2.4846649722607713e-12
22802600.0 2.4520576942441956e-12
22878700.0 2.4191879555552823e-12
22955100.0 2.3874172400102964e-12
23031800.0 2.355826617700661e-12
23108700.0 2.324425584345108e-12
23185800.0 2.2936646638053205e-12
23263200.0 2.2635285548360886e-12
23340900.0 2.2335636068732736e-12
23418800.0 2.2037786780908458e-12
23497000.0 2.174609102225105e-12
23575400.0 2.1456148376482553e-12
23654100.0 2.1172285847149526e-12
23733100.0 2.089445371300973e-12
23812300.0 2.0618291898531554e-12
23891800.0 2.0343705578255913e-12
23971600.0 2.007505732745354e-12
24051600.0 1.9808027055455595e-12
24131900.0 1.9546863254043208e-12
24212500.0 1.9287192780319868e-12
24293300.0 1.9033398820406582e-12
24374400.0 1.878105635150287e-12
24455800.0 1.8530160219839874e-12
24537500.0 1.8284972438581243e-12
24619400.0 1.8045518438956818e-12
24701600.0 1.7803197184124946e-12
24784000.0 1.757079113721699e-12
24866800.0 1.7335435721088042e-12
24949800.0 1.7105702048535747e-12
25033100.0 1.6881472270274203e-12
25116700.0 1.6654362056735408e-12
25200500.0 1.6436938176857168e-12
25284600.0 1.6216621937635284e-12
25369100.0 1.6001641528466361e-12
25453800.0 1.5792078027341216e-12
25538700.0 1.5583782545112303e-12
25624000.0 1.5376627336769488e-12
25709500.0 1.5170728737233444e-12
25795400.0 1.4970022120202201e-12
25881500.0 1.47745792657328e-12
25967900.0 1.4576231863016421e-12
26054600.0 1.4383053129283264e-12
26141600.0 1.419499828877583e-12
26228900.0 1.4004038748573592e-12
26316400.0 1.3822198692569622e-12
26404300.0 1.3637391670174091e-12
26492400.0 1.3457661767807188e-12
26580900.0 1.3278923450979181e-12
26669600.0 1.3101273138660119e-12
26758600.0 1.2928568698531546e-12
26848000.0 1.27568192287784e-12
26937600.0 1.2590003321342573e-12
27027500.0 1.2424155555776632e-12
27117800.0 1.2259226600185416e-12
27208300.0 1.2095303488761271e-12
27299200.0 1.1936127918219486e-12
27390300.0 1.1777922863818631e-12
27481700.0 1.1620639842827976e-12
27573500.0 1.1468030603930533e-12
27665500.0 1.1316352343037774e-12
27757900.0 1.116551863199826e-12
27850600.0 1.1019326695332109e-12
27943500.0 1.0870279812831229e-12
28036800.0 1.0729536926923194e-12
28130400.0 1.0585892534007057e-12
28224400.0 1.044676266994313e-12
28318600.0 1.0308483656128964e-12
28413100.0 1.0171014152885975e-12
28508000.0 1.0034315251518005e-12
28603200.0 9.90208028088553e-13
28698700.0 9.770620487693684e-13
28794500.0 9.64356860605891e-13
28890600.0 9.513636259790831e-13
28987000.0 9.388080510715204e-13
29083800.0 9.263229694919171e-13
29180900.0 9.14270143741686e-13
29278300.0 9.019303935409715e-13
29376100.0 8.900167925154589e-13
29474200.0 8.781733161889424e-13
29572600.0 8.667536931863538e-13
29671300.0 8.554011647022344e-13
29770300.0 8.437636918550419e-13
29869700.0 8.328933066097979e-13
29969500.0 8.217346806436318e-13
30069500.0 8.109929488804221e-13
30169900.0 7.999647591628243e-13
30270600.0 7.893478078491018e-13
30371700.0 7.791357537046474e-13
30473100.0 7.686402871910626e-13
30574800.0 7.585494575309206e-13
30676900.0 7.485157748217978e-13
30779300.0 7.385414610191014e-13
30882100.0 7.289629093670293e-13
30985200.0 7.191030260213894e-13
31088600.0 7.096384962364426e-13
31192400.0 7.002277358047019e-13
31296500.0 6.908727780593003e-13
31401000.0 6.819046152815224e-13
31505900.0 6.726550613273512e-13
31611000.0 6.637939332066558e-13
31716600.0 6.549812069552788e-13
31822500.0 6.465499105395202e-13
31928700.0 6.378406090465971e-13
32035300.0 6.295080437421274e-13
32142200.0 6.208991904603411e-13
32249600.0 6.126625923806951e-13
32357200.0 6.0480053195488e-13
32465200.0 5.966607121532143e-13
32573600.0 5.888890876515495e-13
32682400.0 5.808415283196033e-13
32791500.0 5.731614411808725e-13
32901000.0 5.65843660846675e-13
33010800.0 5.582521634994133e-13
33121000.0 5.507043492701431e-13
33231600.0 5.435151373755787e-13
33342500.0 5.36368794368873e-13
33453800.0 5.292635040945429e-13
33565500.0 5.221991121929329e-13
33677600.0 5.151754634340262e-13
33790000.0 5.085037800557419e-13
33902800.0 5.018704139133429e-13
34016000.0 4.949674022770211e-13
34129600.0 4.884112528887801e-13
34243500.0 4.82200151591822e-13
34357900.0 4.757185518257029e-13
34472600.0 4.692758878793615e-13
34587600.0 4.631746685792517e-13
34703100.0 4.57107300540683e-13
34819000.0 4.5107500375757565e-13
34935200.0 4.4507891039057103e-13
35051900.0 4.3911630880831927e-13
35168900.0 4.3318958338645723e-13
35286300.0 4.2759405172277954e-13
35404100.0 4.2203086183382876e-13
35522300.0 4.1620511706428655e-13
35640900.0 4.107071897185044e-13
35759900.0 4.0524119827470954e-13
35879300.0 4.0009883771515094e-13
35999000.0 3.946964381282467e-13
36119200.0 3.89614348546706e-13
36239800.0 3.8427280024099813e-13
36360800.0 3.792504820582373e-13
36482200.0 3.7425737564819513e-13
36604000.0 3.692933540520712e-13
36726200.0 3.6435829009185387e-13
36848800.0 3.5945205638774867e-13
36971800.0 3.548577318652106e-13
37095300.0 3.500068901673156e-13
37219100.0 3.454667831402947e-13
37343400.0 3.409522138833171e-13
37468000.0 3.364649049718048e-13
37593100.0 3.3200292646887064e-13
37718600.0 3.2756707222935694e-13
37844500.0 3.231572230084568e-13
37970900.0 3.1877241997679437e-13
38097700.0 3.1468824865947475e-13
38224800.0 3.103548127526472e-13
38352500.0 3.063183222935819e-13
38480500.0 3.0230626590147766e-13
38609000.0 2.98316948749748e-13
38737900.0 2.943510588735122e-13
38867200.0 2.9040848563296143e-13
38997000.0 2.864883837744095e-13
39127100.0 2.8285973059622996e-13
39257800.0 2.7898414517036e-13
39388800.0 2.753980125627097e-13
39520300.0 2.7183221534733185e-13
39652300.0 2.6802262439879575e-13
39784700.0 2.6449883931283807e-13
39917500.0 2.610745069576435e-13
40050700.0 2.576180231509867e-13
40184500.0 2.542067153632645e-13
40318600.0 2.508421525694684e-13
40453200.0 2.4752272099685624e-13
40588300.0 2.442480943238093e-13
40723800.0 2.410185390859032e-13
40859700.0 2.3780807585983105e-13
40996100.0 2.3466711768031956e-13
41133000.0 2.3156963203337344e-13
41270300.0 2.2849048167140414e-13
41408100.0 2.2547960200440805e-13
41546400.0 2.2248601779682736e-13
41685100.0 2.195353096717982e-13
41824200.0 2.166271357246769e-13
41963900.0 2.1376013735907717e-13
42104000.0 2.10935029252316e-13
42244500.0 2.0812668904014603e-13
42385600.0 2.0538346724864483e-13
42527100.0 2.0265654285554093e-13
42669000.0 1.9997036966650205e-13
42811500.0 1.973236959297961e-13
42954400.0 1.94717146058782e-13
43097800.0 1.9212565256315234e-13
43241700.0 1.895975840484043e-13
43386100.0 1.87084129508196e-13
43530900.0 1.846097075350059e-13
43676300.0 1.8214919038965379e-13
43822100.0 1.79751147969551e-13
43968400.0 1.7736699262782558e-13
44115200.0 1.750204020666006e-13
44262400.0 1.7268781638229543e-13
44410200.0 1.7041554636483747e-13
44558500.0 1.68156463761206e-13
44707200.0 1.659343047474697e-13
44856500.0 1.637246889059213e-13
45006200.0 1.6155156249541683e-13
45156500.0 1.5941391430745049e-13
45307300.0 1.573118233979499e-13
45458500.0 1.5522231334187187e-13
45610300.0 1.5316759923165205e-13
45762600.0 1.5114774590582148e-13
45915300.0 1.491399930381392e-13
46068600.0 1.4716636219179198e-13
46222400.0 1.4522690491112297e-13
46376700.0 1.4329876653274154e-13
46531600.0 1.4140409501337775e-13
46686900.0 1.3952080067834834e-13
46842800.0 1.3767058365908663e-13
46999200.0 1.3585347471089152e-13
47156100.0 1.3404699797138449e-13
47313500.0 1.322732353094796e-13
47471500.0 1.305316423951658e-13
47630000.0 1.2880025204932104e-13
47789000.0 1.2710092727670802e-13
47948500.0 1.2541156495289815e-13
48108600.0 1.2375362608830571e-13
48269200.0 1.221054206392418e-13
48430300.0 1.2048852287055638e-13
48592000.0 1.1890242660945244e-13
48754300.0 1.1732540757297547e-13
48917000.0 1.1577931165922093e-13
49080300.0 1.1424206980057386e-13
49244200.0 1.1271365010360811e-13
49408600.0 1.1123662943641129e-13
49573500.0 1.0974717670814556e-13
49739100.0 1.0830817868942972e-13
49905100.0 1.0687787414034989e-13
50071700.0 1.0545578965506936e-13
50238900.0 1.0406273613379843e-13
50406600.0 1.0267790578679847e-13
50574900.0 1.013217608474515e-13
50743700.0 9.99736266676398e-14
50913100.0 9.865383529496419e-14
51083100.0 9.734165397122278e-14
51253700.0 9.605748212458976e-14
51424800.0 9.478090919480102e-14
51596500.0 9.353200880142857e-14
51768700.0 9.229050150158329e-14
51941500.0 9.107633286326945e-14
52115000.0 8.986900895615477e-14
52288900.0 8.86690188564399e-14
52463500.0 8.749577484890225e-14
52638700.0 8.634922163462732e-14
52814400.0 8.518964328973803e-14
52990700.0 8.407632190186585e-14
53167600.0 8.294975398698597e-14
53345100.0 8.184936563099774e-14
53523200.0 8.077493338096729e-14
53701900.0 7.970673726907687e-14
53881200.0 7.864475093287251e-14
54061100.0 7.760831613024394e-14
54241600.0 7.657790928610458e-14
54422700.0 7.557274399998528e-14
54604400.0 7.45542513070822e-14
54786700.0 7.357993228279231e-14
54969600.0 7.259223509999138e-14
55153100.0 7.164827920548605e-14
55337200.0 7.069089552368589e-14
55522000.0 6.975784022673746e-14
55707300.0 6.883035771549733e-14
55893300.0 6.792690775156451e-14
56079900.0 6.702873364068974e-14
56267100.0 6.613581162637691e-14
56455000.0 6.524800235636363e-14
56643400.0 6.438400034363921e-14
56832500.0 6.354336801076264e-14
57022300.0 6.268917904939037e-14
57212700.0 6.187661161394612e-14
57403700.0 6.105055588214677e-14
57595300.0 6.024753126503642e-14
57787600.0 5.944911157837174e-14
57980500.0 5.865538108542489e-14
58174100.0 5.788421705142031e-14
58368300.0 5.711758162082126e-14
58563200.0 5.635535707519627e-14
58758700.0 5.5615441134403497e-14
58954900.0 5.4879780891868454e-14
59151700.0 5.414845165937676e-14
59349200.0 5.342134252084101e-14
59547300.0 5.2716109385752625e-14
59746100.0 5.201494355806584e-14
59945600.0 5.133529606131686e-14
60145700.0 5.06596519423998e-14
60346500.0 4.998790869546228e-14
60548000.0 4.932005080844013e-14
60750100.0 4.867337841383868e-14
60952900.0 4.803044277807371e-14
61156400.0 4.7391228804127724e-14
61360600.0 4.6755721340173743e-14
61565400.0 4.6140987468048e-14
61771000.0 4.552974024809148e-14
61977200.0 4.4922113613786295e-14
62184100.0 4.4334856020015435e-14
62391700.0 4.375100246674041e-14
62600000.0 4.317053867370629e-14
62809000.0 4.259345032310497e-14
63018700.0 4.203633821523095e-14
63229100.0 4.14659023685939e-14
63440200.0 4.093180851518004e-14
63652000.0 4.0384363166986106e-14
63864500.0 3.984011226965332e-14
64077700.0 3.9315382436572136e-14
64291600.0 3.8793710411105065e-14
64506300.0 3.829125540835011e-14
64721600.0 3.7775605668869734e-14
64937700.0 3.727904031617031e-14
65154500.0 3.6785373731982065e-14
65372000.0 3.62945929343064e-14
65590200.0 3.5822648675456397e-14
65809200.0 3.5337493657938e-14
66028900.0 3.4871045095184306e-14
66249400.0 3.440727480304512e-14
66470500.0 3.396202734383957e-14
66692500.0 3.350357986895273e-14
66915100.0 3.306352568601049e-14
67138500.0 3.262600080212981e-14
67362700.0 3.219099564114299e-14
67587500.0 3.1758594552209414e-14
67813200.0 3.1344084955284125e-14
68039600.0 3.093200716173954e-14
68266700.0 3.0522349653258674e-14
68494700.0 3.011501298153483e-14
68723300.0 2.9710119744810765e-14
68952800.0 2.932271394665862e-14
69183000.0 2.8937585652310124e-14
69413900.0 2.8554723854247936e-14
69645700.0 2.8174036647043383e-14
69878200.0 2.7795596653485615e-14
70111500.0 2.743428803269929e-14
70345500.0 2.7075106563143264e-14
70580400.0 2.6717966065233302e-14
70816000.0 2.6362934300208855e-14
71052400.0 2.600996417765745e-14
71289700.0 2.565901107831266e-14
71527700.0 2.5324777544545304e-14
71766500.0 2.499248227900706e-14
72006100.0 2.4662117073133347e-14
72246400.0 2.4333707380341912e-14
72487600.0 2.4007177028712786e-14
72729600.0 2.369694869297091e-14
72972500.0 2.3374140784044453e-14
73216100.0 2.3067555393382875e-14
73460500.0 2.2762755446957695e-14
73705800.0 2.2459702636495526e-14
73951800.0 2.2158450567244985e-14
74198700.0 2.1873042574909705e-14
74446400.0 2.1575231014215985e-14
74695000.0 2.129315613656729e-14
74944400.0 2.1012728330136192e-14
75194600.0 2.0733940156729658e-14
75445600.0 2.0456784172349198e-14
75697500.0 2.0195058499526972e-14
75950200.0 1.9921072758361496e-14
76203800.0 1.9662412439099647e-14
76458200.0 1.9391570354400528e-14
76713400.0 1.913597427940074e-14
76969500.0 1.8881852345408694e-14
77226500.0 1.8642757140164028e-14
77484300.0 1.8391544727118028e-14
77743000.0 1.8141788378554796e-14
78002500.0 1.7906928676631242e-14
78263000.0 1.7673400639943157e-14
78524200.0 1.7441266570927363e-14
78786400.0 1.7210453259112705e-14
79049400.0 1.6980999284481608e-14
79313300.0 1.6752876945274542e-14
79578100.0 1.6526080733374965e-14
79843800.0 1.6313719045986266e-14
80110400.0 1.608951485635899e-14
80377800.0 1.5879666854581653e-14
80646200.0 1.5671016142850193e-14
80915400.0 1.5463596764211227e-14
81185500.0 1.5257383808317854e-14
81456600.0 1.5052353630344515e-14
81728500.0 1.4861349830857562e-14
82001400.0 1.4658664915557225e-14
82275100.0 1.4469910411926514e-14
82549800.0 1.426955052208033e-14
82825400.0 1.4083008625534534e-14
83101900.0 1.3897553528127141e-14
83379400.0 1.3713163976531255e-14
83657700.0 1.3529868325217056e-14
83937000.0 1.3360103550122365e-14
84217300.0 1.3178875273991708e-14
84498400.0 1.2998726289942328e-14
84780500.0 1.2831971029118404e-14
85063600.0 1.2666172912153763e-14
85347500.0 1.248908927685057e-14
85632500.0 1.2325249097621975e-14
85918400.0 1.216480582415759e-14
86205200.0 1.2002872205138572e-14
86493000.0 1.1844296745269554e-14
86781800.0 1.168784496629277e-14
87071500.0 1.1532311838007302e-14
87362200.0 1.1380077072055847e-14
87653800.0 1.1228736782269129e-14
87946500.0 1.1080642665950824e-14
88240100.0 1.093341952554934e-14
88534700.0 1.0789416323835585e-14
88830300.0 1.06462484370237e-14
89126800.0 1.0505098962397902e-14
89424400.0 1.0365928900897107e-14
89722900.0 1.0228746475492434e-14
90022500.0 1.0093513604083155e-14
90323000.0 9.959078636683807e-15
90624600.0 9.827726732618792e-15
90927100.0 9.697150226990396e-15
91230700.0 9.568472008800884e-15
91535200.0 9.442842351970838e-15
91840800.0 9.316794068452065e-15
92147500.0 9.193744715610749e-15
92455100.0 9.0725559565522e-15
92763800.0 8.952064762930339e-15
93073400.0 8.833412433944008e-15
93384200.0 8.716556108425302e-15
93695900.0 8.601509944281603e-15
94008700.0 8.487127385406026e-15
94322600.0 8.374515921120314e-15
94637500.0 8.263670586644252e-15
94953500.0 8.154568724719646e-15
95270500.0 8.046106167825174e-15
95588500.0 7.939375348059113e-15
95907600.0 7.834354209584513e-15
96227800.0 7.731029345588134e-15
96549100.0 7.628302920810489e-15
96871400.0 7.527261131137785e-15
97194800.0 7.427882694168996e-15
97519300.0 7.329080723790395e-15
97844900.0 7.23192294446504e-15
98171600.0 7.136396262537039e-15
98499300.0 7.042494798264695e-15
98828100.0 6.949138721053489e-15
99158100.0 6.856318797895268e-15
99489100.0 6.766151534420246e-15
99821300.0 6.676501991584959e-15
100155000.0 6.588393953563467e-15
100489000.0 6.500851681136226e-15
100824000.0 6.414864310970467e-15
101161000.0 6.329321319410391e-15
101499000.0 6.245316458620299e-15
101838000.0 6.162836888108247e-15
102178000.0 6.0818698479699394e-15
102519000.0 6.00138132093151e-15
102861000.0 5.921368895453888e-15
103204000.0 5.8428447231408284e-15
103549000.0 5.765740607787704e-15
103895000.0 5.689093811873445e-15
104241000.0 5.6139602988307205e-15
104589000.0 5.539217981204856e-15
104939000.0 5.465865025387084e-15
105289000.0 5.393994214960675e-15
105641000.0 5.3224988773193554e-15
105993000.0 5.251478407996692e-15
106347000.0 5.182799806038445e-15
106702000.0 5.1135476796096496e-15
107058000.0 5.045685745891815e-15
107416000.0 4.979155723492796e-15
107774000.0 4.913067695415575e-15
108134000.0 4.848295919449694e-15
108495000.0 4.783909895403734e-15
108857000.0 4.7208694322544444e-15
109221000.0 4.658161557502824e-15
109585000.0 4.5968257489085985e-15
109951000.0 4.535813552548695e-15
110318000.0 4.475165631523544e-15
110687000.0 4.41578608958221e-15
111056000.0 4.357743968752671e-15
111427000.0 4.3000090955514126e-15
111799000.0 4.242619458011412e-15
112172000.0 4.1865066025342094e-15
112547000.0 4.131622619792226e-15
112922000.0 4.0771031628915895e-15
113299000.0 4.022873597563372e-15
113678000.0 3.9698549819460215e-15
114057000.0 3.917188717439413e-15
114438000.0 3.8648037579502815e-15
114820000.0 3.813645165447488e-15
115203000.0 3.7637020726724616e-15
115588000.0 3.713119833567947e-15
115974000.0 3.664647540318484e-15
116361000.0 3.6155659183257355e-15
116750000.0 3.567645433325438e-15
117139000.0 3.5209370866767504e-15
117530000.0 3.4735879172523763e-15
117923000.0 3.428270477406389e-15
118316000.0 3.3823691179779278e-15
118711000.0 3.337597494378771e-15
119108000.0 3.2939466222651624e-15
119505000.0 3.2497096010818022e-15
119904000.0 3.2065853016316507e-15
120305000.0 3.1645648034033588e-15
120706000.0 3.122823499577823e-15
121109000.0 3.0813077311070215e-15
121514000.0 3.04001730395872e-15
121919000.0 2.9998600208079e-15
122326000.0 2.9607762177914406e-15
122735000.0 2.9210509049675662e-15
123145000.0 2.882416343025471e-15
123556000.0 2.844015169660308e-15
123968000.0 2.8066906183875298e-15
124382000.0 2.769568803026013e-15
124797000.0 2.7326713874187513e-15
125214000.0 2.6968117139493436e-15
125632000.0 2.6611689121020785e-15
126051000.0 2.625741672656016e-15
126472000.0 2.5905082104712398e-15
126894000.0 2.5563135510466434e-15
127318000.0 2.523128352906469e-15
127743000.0 2.489324291641341e-15
128170000.0 2.4565230309430664e-15
128597000.0 2.423939600183565e-15
129027000.0 2.3915162303520877e-15
129458000.0 2.360098835757626e-15
129890000.0 2.328872010973767e-15
130323000.0 2.2978345797077606e-15
130758000.0 2.267768801099476e-15
131195000.0 2.2378682865740013e-15
131633000.0 2.208149528005796e-15
132072000.0 2.1786113921413904e-15
132513000.0 2.1500266938553003e-15
132956000.0 2.1215997080447448e-15
133400000.0 2.0933458342034993e-15
133845000.0 2.0652639828360903e-15
134292000.0 2.038117593152869e-15
134740000.0 2.011136394958243e-15
135190000.0 1.984304666718413e-15
135641000.0 1.9584084787615086e-15
136094000.0 1.9326555251643514e-15
136549000.0 1.9070455119828395e-15
137004000.0 1.881605604141282e-15
137462000.0 1.856293599422384e-15
137921000.0 1.8318956059981158e-15
138381000.0 1.8076464036676462e-15
138843000.0 1.7835321917345415e-15
139307000.0 1.7603042901297438e-15
139772000.0 1.7364690557205349e-15
140238000.0 1.7135263088768801e-15
140707000.0 1.6914436288842782e-15
141176000.0 1.6687659966107936e-15
141648000.0 1.646942876162527e-15
142121000.0 1.6245165328894035e-15
142595000.0 1.6029620278124695e-15
143071000.0 1.582260088194688e-15
143549000.0 1.5609442717347133e-15
144028000.0 1.540486238685738e-15
144509000.0 1.5201427918511136e-15
144991000.0 1.4999239775558186e-15
145475000.0 1.4798188015258894e-15
145961000.0 1.4605443194497215e-15
146448000.0 1.4413879238393339e-15
146937000.0 1.4223391516748319e-15
147428000.0 1.4033977072799383e-15
147920000.0 1.3845726504062248e-15
148414000.0 1.3665595041192184e-15
148909000.0 1.3479536596416042e-15
149407000.0 1.3301452227796058e-15
149905000.0 1.3124551088762445e-15
150406000.0 1.2955524741658793e-15
150908000.0 1.278059753132068e-15
151412000.0 1.2613579079528303e-15
151917000.0 1.2447586898915442e-15
152424000.0 1.2282533474095516e-15
152933000.0 1.211841594416204e-15
153444000.0 1.1955231412903281e-15
153956000.0 1.1799854618364456e-15
154470000.0 1.164535706822234e-15
154986000.0 1.1491735995713756e-15
155503000.0 1.133906152122518e-15
156022000.0 1.1187255466783313e-15
156543000.0 1.103631501339474e-15
157066000.0 1.089290371700832e-15
157590000.0 1.075037609803544e-15
158116000.0 1.060203684632037e-15
158644000.0 1.0467749662369563e-15
159174000.0 1.0327645416404268e-15
159705000.0 1.018840728583644e-15
160238000.0 1.005650098621222e-15
160773000.0 9.918833131822194e-16
161310000.0 9.788448196309062e-16
161849000.0 9.6588091244974e-16
162389000.0 9.529971965065029e-16
162931000.0 9.40829984625086e-16
163475000.0 9.280915869054373e-16
164021000.0 9.160648980973275e-16
164569000.0 9.034707787933222e-16
165118000.0 8.91588991367953e-16
165669000.0 8.797753324891746e-16
166222000.0 8.680295510799079e-16
166777000.0 8.569792181062062e-16
167334000.0 8.453663424023459e-16
167893000.0 8.344442386403748e-16
168453000.0 8.229681575246736e-16
169016000.0 8.121732265465881e-16
169580000.0 8.014452475320936e-16
170146000.0 7.907790961585152e-16
170714000.0 7.801745323376e-16
171284000.0 7.702426185108605e-16
171856000.0 7.597584703909583e-16
172430000.0 7.499424302212012e-16
173005000.0 7.401872477591684e-16
173583000.0 7.298808628556323e-16
174162000.0 7.202399568941699e-16
174744000.0 7.106507401005792e-16
175327000.0 7.017183948890228e-16
175912000.0 6.922421584442273e-16
176500000.0 6.828171338910713e-16
177089000.0 6.740421608589253e-16
177680000.0 6.653178766148036e-16
178273000.0 6.560567324970775e-16
178869000.0 6.474315279060295e-16
179466000.0 6.388600518070035e-16
180065000.0 6.303384119632788e-16
180666000.0 6.224459543011901e-16
181269000.0 6.140214204985458e-16
181874000.0 6.056460899574595e-16
182482000.0 5.97890266407284e-16
183091000.0 5.896108475408736e-16
183702000.0 5.819499750504463e-16
184315000.0 5.743336621887969e-16
184931000.0 5.667586482306324e-16
185548000.0 5.592309170971937e-16
186168000.0 5.518566786051784e-16
186789000.0 5.445284790838199e-16
187413000.0 5.372961143053593e-16
188038000.0 5.302202989206477e-16
188666000.0 5.23183045522623e-16
189296000.0 5.162423454188443e-16
189928000.0 5.093974570571152e-16
190562000.0 5.026476426737014e-16
191198000.0 4.959921683078897e-16
191837000.0 4.894277525335665e-16
192477000.0 4.829588136927299e-16
193120000.0 4.765795674046875e-16
193764000.0 4.702402331250951e-16
194411000.0 4.640434559398203e-16
195060000.0 4.578830928646665e-16
195711000.0 4.518124710892653e-16
196365000.0 4.458286131348481e-16
197020000.0 4.3993539417724884e-16
197678000.0 4.3412761034147753e-16
198338000.0 4.283540428630097e-16
199000000.0 4.2266714172536935e-16
199665000.0 4.1706412694782415e-16
200331000.0 4.1154852351573146e-16
201000000.0 4.0611550385834117e-16
201671000.0 4.007145563151031e-16
202344000.0 3.954490155632365e-16
203020000.0 3.902126190701994e-16
203698000.0 3.850071981174888e-16
204378000.0 3.7993506085805896e-16
205060000.0 3.748929069246099e-16
205745000.0 3.6992967884311427e-16
206432000.0 3.6504657566121755e-16
207121000.0 3.6019238821856004e-16
207812000.0 3.554173542780984e-16
208506000.0 3.5071914222117294e-16
209202000.0 3.4604879355214377e-16
209901000.0 3.415043056337562e-16
210601000.0 3.3698838469412083e-16
211304000.0 3.324976638071311e-16
212010000.0 3.2808147047281446e-16
212718000.0 3.2374077139915123e-16
213428000.0 3.1947493730781247e-16
214140000.0 3.152344467590312e-16
214855000.0 3.110664522209396e-16
215573000.0 3.0692183508547464e-16
216292000.0 3.029001545375688e-16
217014000.0 2.98852742412447e-16
217739000.0 2.9492428625996024e-16
218466000.0 2.910192400191343e-16
219195000.0 2.871374776526969e-16
219927000.0 2.8332519514134005e-16
220661000.0 2.7958312353936574e-16
221398000.0 2.759094197259883e-16
222137000.0 2.7225764187716926e-16
222879000.0 2.686264649376708e-16
223623000.0 2.6506383787768433e-16
224369000.0 2.615691740405473e-16
225118000.0 2.5809423237095976e-16
225870000.0 2.546853121227775e-16
226624000.0 2.5129679775953923e-16
227381000.0 2.479735342682447e-16
228140000.0 2.447160758707003e-16
228901000.0 2.414781101997606e-16
229666000.0 2.382574532430975e-16
230432000.0 2.3510259974277424e-16
231202000.0 2.320099260604517e-16
231973000.0 2.2893679689502737e-16
232748000.0 2.25880146111811e-16
233525000.0 2.22886712609088e-16
234305000.0 2.1995500535859954e-16
235087000.0 2.1704090612860795e-16
235872000.0 2.1414340603193872e-16
236659000.0 2.1130758639975123e-16
237449000.0 2.0853202736459576e-16
238242000.0 2.0577228465851136e-16
239037000.0 2.0302915413735207e-16
239835000.0 2.0034536179936748e-16
240636000.0 1.9767690527091685e-16
241439000.0 1.950679068422968e-16
242245000.0 1.9247382172355367e-16
243054000.0 1.8993767714356102e-16
243866000.0 1.8741605397013084e-16
244680000.0 1.8495244935512774e-16
245497000.0 1.8250295196660403e-16
246316000.0 1.8006824197241802e-16
247139000.0 1.7768916129835733e-16
247964000.0 1.7532445910919065e-16
248792000.0 1.7301544011339538e-16
249622000.0 1.7072037150103908e-16
250456000.0 1.6847963086001842e-16
251292000.0 1.6625244050157255e-16
252131000.0 1.6403806802957818e-16
252972000.0 1.6187849499515307e-16
253817000.0 1.5973071599405142e-16
254664000.0 1.5759595249823468e-16
255515000.0 1.5551388688046737e-16
256368000.0 1.5344444691035854e-16
257223000.0 1.5142826177468913e-16
258082000.0 1.4942311975041632e-16
258944000.0 1.4742957320649642e-16
259808000.0 1.4548843711911474e-16
260676000.0 1.4355796597194572e-16
261546000.0 1.4163922523901296e-16
262419000.0 1.3977151016018937e-16
263295000.0 1.3791460925991978e-16
264174000.0 1.3610811366432096e-16
265056000.0 1.3431207968590056e-16
265941000.0 1.3252646401755953e-16
266829000.0 1.307512232229688e-16
267720000.0 1.2902542420862532e-16
268614000.0 1.2730965250100442e-16
269510000.0 1.2564318236199147e-16
270410000.0 1.239859219698082e-16
271313000.0 1.223383038827161e-16
272219000.0 1.2070028661778524e-16
273127000.0 1.1911060077541324e-16
274039000.0 1.1752973406400436e-16
274954000.0 1.1599617093058838e-16
275872000.0 1.1443358121602917e-16
276793000.0 1.1291796145896646e-16
277717000.0 1.1144889347320796e-16
278644000.0 1.0995080725794271e-16
279575000.0 1.084985559516029e-16
280508000.0 1.0705518139502821e-16
281445000.0 1.0565707871537122e-16
282384000.0 1.0423043643278245e-16
283327000.0 1.0288571125106259e-16
284273000.0 1.0151200292648576e-16
285222000.0 1.0014635373222252e-16
286174000.0 9.882531485811756e-17
287129000.0 9.751201726123768e-17
288088000.0 9.624243636632129e-17
289050000.0 9.494406973843881e-17
290015000.0 9.368945179247487e-17
290983000.0 9.24781860761534e-17
291955000.0 9.123783810072171e-17
292929000.0 9.00408518108448e-17
293907000.0 8.885058994002083e-17
294888000.0 8.766733130851189e-17
295873000.0 8.64907499241472e-17
296861000.0 8.535638552525877e-17
297852000.0 8.422869839558064e-17
298846000.0 8.310765606910289e-17
299844000.0 8.199295265782793e-17
300845000.0 8.091964254531168e-17
301849000.0 7.985265754186637e-17
302857000.0 7.879170628767159e-17
303868000.0 7.773702645877776e-17
304883000.0 7.672267845203013e-17
305900000.0 7.571456682904453e-17
306922000.0 7.471191902672061e-17
307946000.0 7.371544761105375e-17
308974000.0 7.272463977081561e-17
310006000.0 7.177325316531386e-17
311041000.0 7.082749667402239e-17
312079000.0 6.988734155519246e-17
313121000.0 6.895253891441717e-17
314167000.0 6.805639950517851e-17
315215000.0 6.713256391847382e-17
316268000.0 6.624691104216654e-17
317324000.0 6.536651809319852e-17
318383000.0 6.452424459544704e-17
319446000.0 6.365398061942993e-17
320512000.0 6.28215700896706e-17
321583000.0 6.199371438231063e-17
322656000.0 6.117097537883282e-17
323733000.0 6.035294459155778e-17
324814000.0 5.953960540827939e-17
325899000.0 5.876306961486486e-17
326987000.0 5.799115517664257e-17
328078000.0 5.722383729196961e-17
329174000.0 5.646074818911817e-17
330272000.0 5.570238638980829e-17
331375000.0 5.497981876957716e-17
332481000.0 5.423006330616971e-17
333591000.0 5.351602580744829e-17
334705000.0 5.2806093282640986e-17
335823000.0 5.2131429333023975e-17
336944000.0 5.142970903158382e-17
338069000.0 5.0732042177697007e-17
339197000.0 5.0069429587259343e-17
340330000.0 4.941048349674542e-17
341466000.0 4.875548191967905e-17
342606000.0 4.8104262417829485e-17
343750000.0 4.748727017996957e-17
344897000.0 4.684360451120856e-17
346049000.0 4.6233795963993384e-17
347204000.0 4.5627639814015954e-17
348363000.0 4.4994929411916187e-17
349526000.0 4.442582080551632e-17
350693000.0 4.3830129592864835e-17
351864000.0 4.323789825544016e-17
353039000.0 4.2678771126979555e-17
354217000.0 4.209343671912807e-17
355400000.0 4.154086022083547e-17
356586000.0 4.0991605308762724e-17
357777000.0 4.0445426672972285e-17
358971000.0 3.993170735414681e-17
360170000.0 3.939177546372817e-17
361372000.0 3.8884078651971936e-17
362579000.0 3.835034052928036e-17
363789000.0 3.784861450075559e-17
365004000.0 3.7349703352469574e-17
366222000.0 3.685380076651384e-17
367445000.0 3.6360691058971174e-17
368671000.0 3.58705610910896e-17
369902000.0 3.541150840916354e-17
371137000.0 3.492691185577251e-17
372376000.0 3.447327819453768e-17
373619000.0 3.4022289007043223e-17
374867000.0 3.3573842861803795e-17
376118000.0 3.3128108486244e-17
377374000.0 3.2684896318194796e-17
378634000.0 3.224428397538457e-17
379898000.0 3.183382125726635e-17
381166000.0 3.139828102072664e-17
382439000.0 3.09926027230578e-17
383716000.0 3.0589297298159865e-17
384997000.0 3.016115698983117e-17
386282000.0 2.9762654658698157e-17
387572000.0 2.9366415984974273e-17
388866000.0 2.8999434352937896e-17
390164000.0 2.860775686210609e-17
391466000.0 2.821838846184335e-17
392773000.0 2.785790550920015e-17
394085000.0 2.7472895263261172e-17
395400000.0 2.711671571265397e-17
396720000.0 2.6762560132447263e-17
398045000.0 2.6410421732983903e-17
399374000.0 2.6055115382888974e-17
400707000.0 2.571236151259593e-17
402045000.0 2.5371564969915444e-17
403387000.0 2.5035376691370625e-17
404734000.0 2.4703699767858837e-17
406085000.0 2.4376561586016777e-17
407441000.0 2.4053867595163614e-17
408801000.0 2.3735643472973112e-17
410166000.0 2.3419244179060923e-17
411535000.0 2.3109807815236378e-17
412909000.0 2.280468305585079e-17
414287000.0 2.2501364977837304e-17
415671000.0 2.2204775507502452e-17
417058000.0 2.1909996900634487e-17
418451000.0 2.1619364752769083e-17
419848000.0 2.133295187379128e-17
421249000.0 2.1050724445219945e-17
422656000.0 2.0772550562896968e-17
424067000.0 2.0496029258582028e-17
425482000.0 2.0226073674625967e-17
426903000.0 1.9957627186633283e-17
428328000.0 1.9693222539394572e-17
429758000.0 1.943278169160941e-17
431193000.0 1.9176274266887325e-17
432632000.0 1.892129353746652e-17
434077000.0 1.8670157522307966e-17
435526000.0 1.842292293293838e-17
436980000.0 1.817951614522714e-17
438439000.0 1.793990740413645e-17
439903000.0 1.7701686870930653e-17
441371000.0 1.7467260699443824e-17
442845000.0 1.7236519662942617e-17
444323000.0 1.700715645622087e-17
445807000.0 1.6781436970324416e-17
447295000.0 1.655940806432399e-17
448788000.0 1.6341002554000036e-17
450287000.0 1.612383053092214e-17
451790000.0 1.5910276384427493e-17
453298000.0 1.5700275144681966e-17
454812000.0 1.5491462136767707e-17
456330000.0 1.528619529185355e-17
457853000.0 1.5084411772088107e-17
459382000.0 1.4883771825278704e-17
460916000.0 1.4686575470508502e-17
462454000.0 1.4492826174841174e-17
463998000.0 1.430017640626706e-17
465547000.0 1.411090208683677e-17
467102000.0 1.392494590230074e-17
468661000.0 1.3740106447714579e-17
470226000.0 1.3558546401727323e-17
471796000.0 1.3378049098985371e-17
473371000.0 1.320082161873364e-17
474951000.0 1.3026837028722146e-17
476537000.0 1.2853844332707976e-17
478128000.0 1.2684056623525707e-17
479724000.0 1.2515264680963505e-17
481325000.0 1.2349639241049942e-17
482932000.0 1.2187128719895512e-17
484545000.0 1.2025547237542013e-17
486162000.0 1.1867094077372151e-17
487785000.0 1.1709547434775578e-17
489414000.0 1.1552904085499413e-17
491048000.0 1.1401448606796062e-17
492687000.0 1.1250883564695995e-17
494332000.0 1.1101182213995369e-17
495982000.0 1.0954474571554068e-17
497638000.0 1.0808609486591262e-17
499300000.0 1.0665680900858128e-17
500967000.0 1.0523595645838198e-17
502639000.0 1.0384432706951061e-17
504317000.0 1.0248146836692225e-17
506001000.0 1.0112644965308473e-17
507690000.0 9.977943749023992e-18
509385000.0 9.846075412827859e-18
511086000.0 9.714967708731302e-18
512792000.0 9.586678251564698e-18
514504000.0 9.459129261518045e-18
516222000.0 9.334346142803264e-18
517945000.0 9.210301919107805e-18
519674000.0 9.088990185818006e-18
521409000.0 8.968379801954477e-18
523150000.0 8.85046940238969e-18
524896000.0 8.733258000752624e-18
526649000.0 8.616709260372532e-18
528407000.0 8.502834944160859e-18
530171000.0 8.38962088347435e-18
531941000.0 8.279032727043303e-18
533717000.0 8.169086242896149e-18
535499000.0 8.061734050136144e-18
537287000.0 7.955005131201583e-18
539080000.0 7.84891140784662e-18
540880000.0 7.745356727788781e-18
542686000.0 7.642404506677592e-18
544498000.0 7.541975145300195e-18
546315000.0 7.44214387893522e-18
548139000.0 7.342880699558548e-18
549969000.0 7.246100779681293e-18
551805000.0 7.149885042045213e-18
553648000.0 7.054218260611393e-18
555496000.0 6.961008563241831e-18
557351000.0 6.8702093644984576e-18
559211000.0 6.7780795456602015e-18
561078000.0 6.688343309618597e-18
562951000.0 6.600991914945648e-18
564831000.0 6.5122853493816085e-18
566717000.0 6.425946915679163e-18
568609000.0 6.341955782655079e-18
570507000.0 6.256620598268044e-18
572412000.0 6.1736050695353716e-18
574323000.0 6.092899758219755e-18
576240000.0 6.012667136292529e-18
578164000.0 5.932894738161439e-18
580094000.0 5.8535909631396514e-18
582031000.0 5.776542665801452e-18
583974000.0 5.6999469367927975e-18
585923000.0 5.623801626859142e-18
587879000.0 5.5498762400632265e-18
589842000.0 5.476376161158531e-18
591811000.0 5.403308896198299e-18
593787000.0 5.332426745712421e-18
595769000.0 5.26196179885941e-18
597758000.0 5.191903341875812e-18
599754000.0 5.1239956083522915e-18
601756000.0 5.054747939330975e-18
603765000.0 4.987635926625043e-18
605781000.0 4.922640648795319e-18
607803000.0 4.8563058739864664e-18
609833000.0 4.7920651207063306e-18
611869000.0 4.7299155272700555e-18
613911000.0 4.66642697945518e-18
615961000.0 4.604999485980129e-18
618017000.0 4.5439353988374156e-18
620081000.0 4.4832184156308605e-18
622151000.0 4.424544618191863e-18
624228000.0 4.3662109984213645e-18
626312000.0 4.308216127892261e-18
628403000.0 4.250558574453565e-18
630501000.0 4.1948975903331136e-18
632606000.0 4.139559996811434e-18
634718000.0 4.0845444072535655e-18
636837000.0 4.029849432152094e-18
638963000.0 3.977112374165808e-18
641096000.0 3.92468223954723e-18
643236000.0 3.8725576866895435e-18
645384000.0 3.820731451765304e-18
647538000.0 3.770831123033942e-18
649700000.0 3.71960424019981e-18
651869000.0 3.6702840161732946e-18
654046000.0 3.622847526305965e-18
656229000.0 3.574097502047858e-18
658420000.0 3.527218176122849e-18
660618000.0 3.480612931186023e-18
662824000.0 3.4342753358745157e-18
665036000.0 3.3882145884991665e-18
667257000.0 3.343983359183887e-18
669484000.0 3.300016029540353e-18
671719000.0 3.256301457518136e-18
673962000.0 3.212838685214383e-18
676212000.0 3.169631436866377e-18
678470000.0 3.1282171736090123e-18
680735000.0 3.087045911214682e-18
683007000.0 3.0461164980197076e-18
685288000.0 3.005419011503436e-18
687575000.0 2.966488516187726e-18
689871000.0 2.9262601763373086e-18
692174000.0 2.8877822513885303e-18
694485000.0 2.849526699691445e-18
696803000.0 2.811496661176577e-18
699130000.0 2.7751807694288905e-18
701464000.0 2.737585805249349e-18
703806000.0 2.7016972185892523e-18
706155000.0 2.666020258950833e-18
708513000.0 2.630546453335963e-18
710878000.0 2.595282429088284e-18
713252000.0 2.5616879746973135e-18
715633000.0 2.5268285485183132e-18
718022000.0 2.493630812656427e-18
720419000.0 2.4606259302830438e-18
722824000.0 2.4278130786636403e-18
725237000.0 2.3966351893873906e-18
727659000.0 2.364195871347884e-18
730088000.0 2.3333835888590224e-18
732525000.0 2.3027505022991456e-18
734971000.0 2.272292737768508e-18
737425000.0 2.24201270616569e-18
739887000.0 2.2119096212232543e-18
742357000.0 2.181982695646146e-18
744835000.0 2.1536369094308817e-18
747322000.0 2.125453508501176e-18
749817000.0 2.097434689163197e-18
752320000.0 2.069579707795148e-18
754832000.0 2.0418851151151657e-18
757352000.0 2.0143529622378706e-18
759880000.0 1.988360437794559e-18
762417000.0 1.9625171189596813e-18
764962000.0 1.9354561843987655e-18
767516000.0 1.9099165601037667e-18
770079000.0 1.8845243193999014e-18
772650000.0 1.859281289294908e-18
775229000.0 1.8355374197284334e-18
777817000.0 1.8105838817783715e-18
780414000.0 1.787116931985011e-18
783019000.0 1.7637876265366405e-18
785634000.0 1.740590877849019e-18
788256000.0 1.7175327861925305e-18
790888000.0 1.69460615674776e-18
793528000.0 1.6718147617763522e-18
796178000.0 1.6491538003660088e-18
798836000.0 1.6279376367904556e-18
801503000.0 1.6068441485290413e-18
804179000.0 1.5845707930242088e-18
806863000.0 1.5637273878201718e-18
809557000.0 1.543003132421904e-18
812260000.0 1.5223994809905834e-18
814971000.0 1.503202547520258e-18
817692000.0 1.4828342443248364e-18
820422000.0 1.4625850043828615e-18
823161000.0 1.4437263128252153e-18
825909000.0 1.4249771782572149e-18
828667000.0 1.4063354245347757e-18
831433000.0 1.3865446437635877e-18
834209000.0 1.36937903941866e-18
836994000.0 1.3510617758551697e-18
839788000.0 1.3328517208460266e-18
842592000.0 1.3147468310541329e-18
845405000.0 1.2979867734017115e-18
848227000.0 1.2800898687419699e-18
851059000.0 1.2635271295991287e-18
853901000.0 1.247059649403871e-18
856751000.0 1.230689929724885e-18
859612000.0 1.214047796757977e-18
862481000.0 1.1979905731255146e-18
865361000.0 1.1820247969726115e-18
868250000.0 1.1663940411635388e-18
871149000.0 1.1509739420977446e-18
874057000.0 1.1357642323850875e-18
876975000.0 1.120642614267359e-18
879903000.0 1.105846722539302e-18
882840000.0 1.091137851431609e-18
885788000.0 1.0767495674894464e-18
888745000.0 1.0624459783366453e-18
891712000.0 1.0484603428240729e-18
894689000.0 1.0345559042570967e-18
897676000.0 1.0208489612782946e-18
900673000.0 1.007338005515953e-18
903680000.0 9.940215355620626e-19
906697000.0 9.807825757352007e-19
909724000.0 9.678509855298e-19
912761000.0 9.549947038149571e-19
915808000.0 9.423277349341951e-19
918866000.0 9.29847597187648e-19
921933000.0 9.17554868669713e-19
925011000.0 9.054460863429327e-19
928099000.0 8.934079950641585e-19
931198000.0 8.815517756534888e-19
934307000.0 8.698769681656493e-19
937426000.0 8.583821412505604e-19
940556000.0 8.470649704313102e-19
943696000.0 8.358140158631964e-19
946846000.0 8.247395597975991e-19
950007000.0 8.1383933959985445e-19
953179000.0 8.030021493909961e-19
956361000.0 7.924475329792407e-19
959554000.0 7.819539540461076e-19
962758000.0 7.715211649801486e-19
965972000.0 7.613664952620105e-19
969197000.0 7.512706483496254e-19
972432000.0 7.41341818772755e-19
975679000.0 7.314698342970829e-19
978936000.0 7.21762926216319e-19
982204000.0 7.122190237027055e-19
985484000.0 7.028361115069597e-19
988774000.0 6.935084367790387e-19
992075000.0 6.84340585298721e-19
995387000.0 6.752260791558462e-19
998710000.0 6.662695305766545e-19
1002040000.0 6.574722875820924e-19
1005390000.0 6.4882456136658225e-19
1008750000.0 6.402279261025391e-19
1012110000.0 6.316883690108037e-19
1015490000.0 6.232961588988091e-19
1018880000.0 6.150563600991457e-19
1022280000.0 6.06967698177136e-19
1025700000.0 5.989209835304937e-19
1029120000.0 5.909277510124497e-19
1032560000.0 5.831789867036442e-19
1036000000.0 5.753806132842265e-19
1039460000.0 5.678243985225794e-19
1042930000.0 5.60312948341789e-19
1046420000.0 5.528407495459982e-19
1049910000.0 5.455179563989142e-19
1053410000.0 5.383379734411895e-19
1056930000.0 5.311954922299327e-19
1060460000.0 5.241942224501829e-19
1064000000.0 5.172345476282512e-19
1067550000.0 5.103162495558968e-19
1071120000.0 5.036299189861207e-19
1074690000.0 4.96890581375458e-19
1078280000.0 4.903809882836053e-19
1081880000.0 4.838133421982678e-19
1085490000.0 4.774777826995696e-19
1089120000.0 4.710794324689758e-19
1092750000.0 4.649152301191889e-19
1096400000.0 4.586879764664699e-19
1100060000.0 4.526882989627923e-19
1103730000.0 4.466294984997618e-19
1107420000.0 4.406974491505606e-19
1111120000.0 4.348951224300925e-19
1114820000.0 4.2913131064273602e-19
1118550000.0 4.234878848187246e-19
1122280000.0 4.178819718762109e-19
1126030000.0 4.1230587571422027e-19
1129790000.0 4.0685587374713163e-19
1133560000.0 4.0143848580671533e-19
1137340000.0 3.961455931193728e-19
1141140000.0 3.908809153878707e-19
1144950000.0 3.857392665444613e-19
1148770000.0 3.8062841010336897e-19
1152610000.0 3.755449146882409e-19
1156460000.0 3.705825156946357e-19
1160320000.0 3.657401360130502e-19
1164190000.0 3.608368278374385e-19
1168080000.0 3.5604955578257615e-19
1171980000.0 3.5138040766394853e-19
1175890000.0 3.4673928278110813e-19
1179810000.0 3.4212602053293344e-19
1183750000.0 3.3762606283208615e-19
1187710000.0 3.3315035107055073e-19
1191670000.0 3.2870438549474737e-19
1195650000.0 3.2437001897887027e-19
1199640000.0 3.200617446247599e-19
1203650000.0 3.1577678681610737e-19
1207660000.0 3.1160698716344604e-19
1211700000.0 3.075435877869487e-19
1215740000.0 3.0342106863971356e-19
1219800000.0 2.9940678897498265e-19
1223870000.0 2.9541672922395537e-19
1227960000.0 2.915336412717024e-19
1232060000.0 2.876739995427796e-19
1236170000.0 2.8383766441294847e-19
1240300000.0 2.8010665959451003e-19
1244440000.0 2.763981985252701e-19
1248590000.0 2.727121460611597e-19
1252760000.0 2.691298008120139e-19
1256940000.0 2.6556911235223144e-19
1261140000.0 2.6202787231771967e-19
1265350000.0 2.5859084699613793e-19
1269580000.0 2.5517259692052263e-19
1273810000.0 2.517770491283247e-19
1278070000.0 2.4839814744258557e-19
1282330000.0 2.45123349052723e-19
1286620000.0 2.418645972234314e-19
1290910000.0 2.3870861524465933e-19
1295220000.0 2.355699023574027e-19
1299540000.0 2.32450220352761e-19
1303880000.0 2.2934769287288625e-19
1308240000.0 2.262622914824274e-19
1312600000.0 2.232771576808484e-19
1316990000.0 2.2038627527303266e-19
1321380000.0 2.174353612395693e-19
1325790000.0 2.145797306773258e-19
1330220000.0 2.117398510281318e-19
1334660000.0 2.0891725842880672e-19
1339120000.0 2.0611030500219613e-19
1343590000.0 2.033984040306414e-19
1348070000.0 2.0070299888619884e-19
1352570000.0 1.9802252138189273e-19
1357090000.0 1.954340967213185e-19
1361620000.0 1.928614407056019e-19
1366170000.0 1.903030599907692e-19
1370730000.0 1.8776029418019352e-19
1375300000.0 1.8530917701787468e-19
1379890000.0 1.8279576468175763e-19
1384500000.0 1.8037204105292662e-19
1389120000.0 1.7803849954351114e-19
1393760000.0 1.7564278182538502e-19
1398410000.0 1.733365988837708e-19
1403080000.0 1.7104326402853666e-19
1407770000.0 1.6876274713999055e-19
1412470000.0 1.6657032625571424e-19
1417180000.0 1.6431740384038302e-19
1421910000.0 1.6215076520993468e-19
1426660000.0 1.5999625050453675e-19
1431420000.0 1.5792808083370745e-19
1436200000.0 1.5579854452870747e-19
1441000000.0 1.5375366576982152e-19
1445810000.0 1.5172131545396414e-19
1450640000.0 1.4970037901800512e-19
1455480000.0 1.476918408640875e-19
1460340000.0 1.4576632140466195e-19
1465210000.0 1.4385259386661712e-19
1470100000.0 1.419496145286226e-19
1475010000.0 1.4005735390116002e-19
1479940000.0 1.3817578201614395e-19
1484880000.0 1.363763015416956e-19
1489840000.0 1.3451666748943173e-19
1494810000.0 1.327385337860436e-19
1499800000.0 1.3104025204828354e-19
1504810000.0 1.2928193314656107e-19
1509830000.0 1.2753443872127157e-19
1514870000.0 1.258659845054937e-19
1519930000.0 1.242069610318482e-19
1525000000.0 1.2255814335372907e-19
1530090000.0 1.2091867207009822e-19
1535200000.0 1.1935672213267021e-19
1540330000.0 1.1773562947639474e-19
1545470000.0 1.1619229814989214e-19
1550630000.0 1.1465771969589942e-19
1555810000.0 1.1313186620627917e-19
1561000000.0 1.1161542449245992e-19
1566210000.0 1.1017448045926632e-19
1571440000.0 1.0867507630609264e-19
1576690000.0 1.0725066900774649e-19
1581950000.0 1.0583504707810068e-19
1587230000.0 1.0442749200341411e-19
1592530000.0 1.0302797657812198e-19
1597850000.0 1.0170200299425671e-19
1603180000.0 1.0031889175997125e-19
1608540000.0 9.900819552896862e-20
1613910000.0 9.770559992848652e-20
1619290000.0 9.641104849965118e-20
1624700000.0 9.512331425458033e-20
1630120000.0 9.384355177154636e-20
1635570000.0 9.263459166852447e-20
1641030000.0 9.143310456039437e-20
1646500000.0 9.017544459226265e-20
1652000000.0 8.898788014686189e-20
1657520000.0 8.780713746082778e-20
1663050000.0 8.663371213464818e-20
1668600000.0 8.552979143235104e-20
1674170000.0 8.436963896466688e-20
1679760000.0 8.327852400579287e-20
1685370000.0 8.213154498147354e-20
1691000000.0 8.105313837014804e-20
1696640000.0 7.998141739108746e-20
1702310000.0 7.891540731177573e-20
1707990000.0 7.791732303844995e-20
1713690000.0 7.686385728745363e-20
1719410000.0 7.581649438669702e-20
1725150000.0 7.483590422222063e-20
1730910000.0 7.386096430461268e-20
1736690000.0 7.289165209682229e-20
1742490000.0 7.192794497274791e-20
1748310000.0 7.096982022129755e-20
1754140000.0 7.001765420469856e-20
1760000000.0 6.907061903531996e-20
1765880000.0 6.818839196023242e-20
1771770000.0 6.725254358650863e-20
1777690000.0 6.638067787006762e-20
1783620000.0 6.551423247968323e-20
1789580000.0 6.465244550564083e-20
1795550000.0 6.379602434939533e-20
1801550000.0 6.294423114158858e-20
1807560000.0 6.209774928948472e-20
1813590000.0 6.125620222777645e-20
1819650000.0 6.047677873650652e-20
1825720000.0 5.964485163138717e-20
1831820000.0 5.887463459841425e-20
1837940000.0 5.810889788550125e-20
1844070000.0 5.734793278416177e-20
1850230000.0 5.656279693356e-20
1856400000.0 5.58164129787199e-20
1862600000.0 5.507408694137791e-20
1868820000.0 5.434731056374245e-20
1875060000.0 5.3624784016754585e-20
1881320000.0 5.291761923361592e-20
1887600000.0 5.221459171154733e-20
1893900000.0 5.1521211186731654e-20
1900230000.0 5.084264627218452e-20
1906570000.0 5.0168324050538564e-20
1912930000.0 4.9503427777274304e-20
1919320000.0 4.8847630027630214e-20
1925730000.0 4.8201121177415845e-20
1932160000.0 4.756382885425777e-20
1938610000.0 4.693027995991993e-20
1945080000.0 4.631122309342846e-20
1951570000.0 4.5695802659413335e-20
1958090000.0 4.509446587485995e-20
1964630000.0 4.4496667450755486e-20
1971190000.0 4.390770220849075e-20
1977770000.0 4.3322205948584525e-20
1984370000.0 4.27507149921219e-20
1990990000.0 4.218258924399512e-20
1997640000.0 4.162808700080822e-20
2004310000.0 4.107685441557803e-20
2011000000.0 4.0528875400835357e-20
2017720000.0 3.999431442215985e-20
2024450000.0 3.9463107392467506e-20
2031210000.0 3.8940000334374685e-20
2037990000.0 3.842512428981175e-20
2044800000.0 3.791822705267292e-20
2051620000.0 3.741451258187078e-20
2058470000.0 3.6918684548637454e-20
2065340000.0 3.643086248082818e-20
2072240000.0 3.594575456967995e-20
2079160000.0 3.547359736153124e-20
2086100000.0 3.50042370600302e-20
2093060000.0 3.4537659298661614e-20
2100050000.0 3.4078673396389745e-20
2107060000.0 3.3627382995369734e-20
2114100000.0 3.3183567388516685e-20
2121150000.0 3.274254344006906e-20
2128240000.0 3.2308754122394915e-20
2135340000.0 3.188259967157123e-20
2142470000.0 3.145882924472223e-20
2149620000.0 3.10424521798695e-20
2156800000.0 3.063326449904767e-20
2164000000.0 3.022651279491726e-20
2171220000.0 2.982700654864996e-20
2178470000.0 2.943454960711989e-20
2185750000.0 2.9044297566823827e-20
2193040000.0 2.8656505823308235e-20
2200360000.0 2.828041546029667e-20
2207710000.0 2.790169711600934e-20
2215080000.0 2.753469753921274e-20
2222480000.0 2.716976526687923e-20
2229900000.0 2.6811710233289388e-20
2237340000.0 2.645579366036913e-20
2244810000.0 2.6106551904469614e-20
2252300000.0 2.5759398025686893e-20
2259820000.0 2.5418841420794858e-20
2267370000.0 2.508021199267287e-20
2274940000.0 2.4748215322521308e-20
2282530000.0 2.442279414487891e-20
2290150000.0 2.40992143192386e-20
2297800000.0 2.3777470200582348e-20
2305470000.0 2.3462199479627077e-20
2313170000.0 2.3153245846780585e-20
2320890000.0 2.2846145382374456e-20
2328640000.0 2.2545287236887004e-20
2336410000.0 2.2246234601850724e-20
2344210000.0 2.1948883547513043e-20
2352040000.0 2.1657680256043665e-20
2359890000.0 2.137266520542831e-20
2367770000.0 2.108927282373351e-20
2375670000.0 2.0811992738793128e-20
2383610000.0 2.053620603441244e-20
2391560000.0 2.0262165842213036e-20
2399550000.0 1.9993971899407835e-20
2407560000.0 1.9731743281392368e-20
2415600000.0 1.9466677340689717e-20
2423660000.0 1.921185191866801e-20
2431750000.0 1.8958481858014908e-20
2439870000.0 1.8706562028000094e-20
2448020000.0 1.8456087259207616e-20
2456190000.0 1.8211389437713758e-20
2464390000.0 1.797234413686745e-20
2472620000.0 1.7734669181633813e-20
2480870000.0 1.7498430089576647e-20
2489150000.0 1.726775544039874e-20
2497460000.0 1.703840568121573e-20
2505800000.0 1.6814554435491035e-20
2514170000.0 1.6591990341264845e-20
2522560000.0 1.63707734238798e-20
2530980000.0 1.615496871318245e-20
2539430000.0 1.594040679177564e-20
2547910000.0 1.5727082873722815e-20
2556420000.0 1.5519087976169516e-20
2564950000.0 1.5316436069707146e-20
2573520000.0 1.5110824029441202e-20
2582110000.0 1.4910516464908e-20
2590730000.0 1.4715408450847274e-20
2599380000.0 1.4521426879688044e-20
2608060000.0 1.4328567237403847e-20
2616760000.0 1.413687901673957e-20
2625500000.0 1.395023677631205e-20
2634260000.0 1.3764728529671e-20
2643060000.0 1.3584206015239486e-20
2651880000.0 1.3404780504663338e-20
2660740000.0 1.3226345715392843e-20
2669620000.0 1.3048997562515298e-20
2678530000.0 1.2876590256825095e-20
2687470000.0 1.2709080429582187e-20
2696450000.0 1.2538612178924462e-20
2705450000.0 1.237305435004764e-20
2714480000.0 1.2208459437097312e-20
2723540000.0 1.204866780292976e-20
2732640000.0 1.1889761711447803e-20
2741760000.0 1.1731824878308143e-20
2750910000.0 1.1574809031749327e-20
2760100000.0 1.1422462339195262e-20
2769310000.0 1.1271045383614021e-20
2778560000.0 1.1120472143908875e-20
2787830000.0 1.0974575251276667e-20
2797140000.0 1.0829490538676583e-20
2806480000.0 1.0685254200258334e-20
2815850000.0 1.0545580874063637e-20
2825250000.0 1.0403017413262289e-20
2834680000.0 1.0264984634283361e-20
2844140000.0 1.0131441839397966e-20
2853640000.0 9.994975080737728e-21
2863170000.0 9.86296763356398e-21
2872720000.0 9.731768285592174e-21
2882320000.0 9.604904518958758e-21
2891940000.0 9.478817470896377e-21
2901590000.0 9.349861195682035e-21
2911280000.0 9.228826290903586e-21
2921000000.0 9.10491626425219e-21
2930750000.0 8.985308902254848e-21
2940540000.0 8.866374109070491e-21
2950350000.0 8.748169329092783e-21
2960200000.0 8.634168532935456e-21
2970090000.0 8.517283768706768e-21
2980000000.0 8.404632100572123e-21
2989950000.0 8.292616254723845e-21
2999930000.0 8.184751956086339e-21
3009950000.0 8.077495606383037e-21
3020000000.0 7.967404705807703e-21
3030080000.0 7.864877438897217e-21
3040190000.0 7.759509371080166e-21
3050340000.0 7.658172011440899e-21
3060530000.0 7.553986851358805e-21
3070750000.0 7.453830170708648e-21
3081000000.0 7.357664806530961e-21
3091280000.0 7.258679539684633e-21
3101600000.0 7.16363398234931e-21
3111960000.0 7.069127955331343e-21
3122350000.0 6.975182059695818e-21
3132770000.0 6.881793421256444e-21
3143230000.0 6.792268749735701e-21
3153720000.0 6.699954077866791e-21
3164250000.0 6.611477000986729e-21
3174820000.0 6.523504647915302e-21
3185420000.0 6.4393425689298575e-21
3196050000.0 6.352402976124511e-21
3206720000.0 6.2692268459575006e-21
3217430000.0 6.1865254849662386e-21
3228170000.0 6.104316151479326e-21
3238950000.0 6.0225776410093095e-21
3249760000.0 5.9445485462548255e-21
3260610000.0 5.863753611533785e-21
3271490000.0 5.786642140624961e-21
3282420000.0 5.709954889978471e-21
3293370000.0 5.6337424471872616e-21
3304370000.0 5.561119744558563e-21
3315400000.0 5.485771093580552e-21
3326470000.0 5.414004746981284e-21
3337580000.0 5.342650440656015e-21
3348720000.0 5.271722372954016e-21
3359900000.0 5.201202723828816e-21
3371110000.0 5.1311051608598675e-21
3382370000.0 5.064493080166886e-21
3393660000.0 4.99827884947279e-21
3404990000.0 4.93244577547646e-21
3416360000.0 4.866992378372697e-21
3427760000.0 4.801931180279573e-21
3439210000.0 4.737232435138554e-21
3450690000.0 4.675956796378266e-21
3462210000.0 4.612009929620756e-21
3473770000.0 4.5514490288286e-21
3485370000.0 4.491238315391358e-21
3497000000.0 4.4313890425385266e-21
3508680000.0 4.374858445313555e-21
3520390000.0 4.3156918762820075e-21
3532140000.0 4.259833804008323e-21
3543940000.0 4.201332293134648e-21
3555770000.0 4.146128803346995e-21
3567640000.0 4.091245546978587e-21
3579550000.0 4.0366811781839126e-21
3591500000.0 3.985349746127705e-21
3603490000.0 3.931409400709644e-21
3615520000.0 3.880679947341634e-21
3627590000.0 3.8273583319388806e-21
3639700000.0 3.7772256815692485e-21
3651850000.0 3.727384699551467e-21
3664050000.0 3.6778240790672766e-21
3676280000.0 3.628562791396706e-21
3688550000.0 3.582428047419502e-21
3700870000.0 3.533722199417606e-21
3713220000.0 3.4881312261896556e-21
3725620000.0 3.439985863711646e-21
3738060000.0 3.3949247173974475e-21
3750540000.0 3.350126766990359e-21
3763060000.0 3.3055908224214713e-21
3775620000.0 3.2613156927271977e-21
3788220000.0 3.220064189786198e-21
3800870000.0 3.1762895654377e-21
3813560000.0 3.1327724950278768e-21
3826290000.0 3.0922482836888263e-21
3839070000.0 3.0519530757847423e-21
3851880000.0 3.011901799617366e-21
3864740000.0 2.972077581717619e-21
3877650000.0 2.9324797035381117e-21
3890590000.0 2.8931223109301598e-21
3903580000.0 2.8539892972448316e-21
3916610000.0 2.817760513275531e-21
3929690000.0 2.7790720930041018e-21
3942810000.0 2.743268196062805e-21
3955970000.0 2.7076744108472733e-21
3969180000.0 2.6696450018232228e-21
3982430000.0 2.6344706652214345e-21
3995730000.0 2.6005452660065753e-21
4009060000.0 2.566042230366206e-21
4022450000.0 2.5319904182211886e-21
4035880000.0 2.498399238046247e-21
4049350000.0 2.465523678283955e-21
4062870000.0 2.432836171591062e-21
4076440000.0 2.400592907452486e-21
4090040000.0 2.3688022298582494e-21
4103700000.0 2.3374432483206974e-21
4117400000.0 2.306524240887028e-21
4131150000.0 2.2757827628439653e-21
4144940000.0 2.245728802529886e-21
4158780000.0 2.2160992863685966e-21
4172660000.0 2.1866453623275707e-21
4186590000.0 2.1576110749669584e-21
4200570000.0 2.1292425537160085e-21
4214590000.0 2.101042292934731e-21
4228660000.0 2.073004517009342e-21
4242780000.0 2.0456221758268014e-21
4256940000.0 2.0186484880647926e-21
4271160000.0 1.9918256713423613e-21
4285420000.0 1.9654068537994247e-21
4299720000.0 1.939388753169511e-21
4314080000.0 1.913759236156325e-21
4328480000.0 1.8882823257255545e-21
4342930000.0 1.863435111258205e-21
4357430000.0 1.8387315950495226e-21
4371980000.0 1.8144106894512504e-21
4386570000.0 1.7902348025718303e-21
4401220000.0 1.766670932266219e-21
4415910000.0 1.7432476212377383e-21
4430650000.0 1.720196547021666e-21
4445450000.0 1.6972754297142354e-21
4460290000.0 1.6749609145875105e-21
4475180000.0 1.6527759277678012e-21
4490120000.0 1.6307199217683025e-21
4505110000.0 1.6092571823048602e-21
4520150000.0 1.5879192314451087e-21
4535240000.0 1.5669364066356257e-21
4550380000.0 1.5460757615064461e-21
4565570000.0 1.525566105399247e-21
4580810000.0 1.5054046182622651e-21
4596110000.0 1.4855852623863836e-21
4611450000.0 1.4658847068126934e-21
4626850000.0 1.4465223310733003e-21
4642290000.0 1.427276121013897e-21
4657790000.0 1.4083641695926816e-21
4673340000.0 1.3897868531977082e-21
4688950000.0 1.3713152069352114e-21
4704600000.0 1.3531771993294074e-21
4720310000.0 1.335142493686093e-21
4736060000.0 1.3174373935609054e-21
4751880000.0 1.300050860984518e-21
4767740000.0 1.282768948902868e-21
4783660000.0 1.2658046426710089e-21
4799630000.0 1.2491580206906418e-21
4815650000.0 1.2326090111896113e-21
4831730000.0 1.2161546399784506e-21
4847860000.0 1.200229021310781e-21
4864040000.0 1.1841815861937604e-21
4880280000.0 1.1686552969315064e-21
4896580000.0 1.1530040308005788e-21
4912920000.0 1.1378736092806072e-21
4929330000.0 1.1228275542266928e-21
4945780000.0 1.1078723847897899e-21
4962290000.0 1.0932141579765429e-21
4978860000.0 1.0786401474886199e-21
4995480000.0 1.0643617732100521e-21
5012160000.0 1.0503744258594901e-21
5028890000.0 1.0364695616321793e-21
5045680000.0 1.0226447466500058e-21
5062530000.0 1.0091065025052572e-21
5079430000.0 9.958544175919872e-22
5096390000.0 9.826786542181025e-22
5113400000.0 9.69580812921329e-22
5130470000.0 9.567627247374295e-22
5147600000.0 9.440186463546813e-22
5164790000.0 9.315510169701892e-22
5182030000.0 9.191572356585295e-22
5199330000.0 9.070365659098508e-22
5216690000.0 8.949859942922732e-22
5234100000.0 8.832069716412455e-22
5251580000.0 8.714944329078727e-22
5269110000.0 8.600501646470847e-22
5286700000.0 8.486721607272728e-22
5304350000.0 8.373601480275898e-22
5322060000.0 8.263105931977106e-22
5339830000.0 8.153251714150954e-22
5357660000.0 8.0459904695175135e-22
5375540000.0 7.93936692817014e-22
5393490000.0 7.833348665742631e-22
5411500000.0 7.729882943184076e-22
5429560000.0 7.627033387398799e-22
5447690000.0 7.526691112092155e-22
5465880000.0 7.426932975107686e-22
5484120000.0 7.327769799991592e-22
5502430000.0 7.231075011364446e-22
5520800000.0 7.134944072242111e-22
5539230000.0 7.04126476910876e-22
5557730000.0 6.948119260911629e-22
5576280000.0 6.855530330776512e-22
5594900000.0 6.765342211578833e-22
5613580000.0 6.675681046003153e-22
5632320000.0 6.586544456437549e-22
5651120000.0 6.4997829090952205e-22
5669990000.0 6.413517539468329e-22
5688920000.0 6.329598251984167e-22
5707910000.0 6.244335528773512e-22
5726970000.0 6.161391273589588e-22
5746090000.0 6.080756028861538e-22
5765270000.0 6.000593179097011e-22
5784520000.0 5.920890283968981e-22
5803830000.0 5.84165571582832e-22
5823200000.0 5.764685357650672e-22
5842650000.0 5.688147476940586e-22
5862150000.0 5.6138557681612245e-22
5881720000.0 5.538210535829969e-22
5901360000.0 5.464776493550852e-22
5921060000.0 5.393543351505399e-22
5940830000.0 5.320957430534785e-22
5960660000.0 5.250556804267861e-22
5980560000.0 5.182313188650303e-22
6000530000.0 5.112717602011448e-22
6020560000.0 5.045272598393661e-22
6040660000.0 4.978217187786124e-22
6060830000.0 4.913277411487076e-22
6081060000.0 4.846998743056375e-22
6101360000.0 4.782820858421972e-22
6121730000.0 4.720725060193189e-22
6142170000.0 4.657283324790348e-22
6162680000.0 4.5959092909290265e-22
6183250000.0 4.534898414105441e-22
6203890000.0 4.474241640166482e-22
6224610000.0 4.41561254001637e-22
6245390000.0 4.357330603278603e-22
6266240000.0 4.299387189145168e-22
6287160000.0 4.241780865097735e-22
6308150000.0 4.186170056389056e-22
6329210000.0 4.1308824163858326e-22
6350340000.0 4.075916558171079e-22
6371540000.0 4.0229144393855745e-22
6392810000.0 3.968582505115202e-22
6414150000.0 3.9162006244992954e-22
6435570000.0 3.8641181040278937e-22
6457050000.0 3.8139672933536716e-22
6478610000.0 3.762486370171373e-22
6500240000.0 3.7129177980299944e-22
6521940000.0 3.663638695277329e-22
6543710000.0 3.6146477635909213e-22
6565560000.0 3.5675330566778725e-22
6587480000.0 3.5206934903963865e-22
6609470000.0 3.4741278154875977e-22
6631540000.0 3.427829612902166e-22
6653680000.0 3.3818029736416013e-22
6675890000.0 3.3376150718298174e-22
6698180000.0 3.293680873624816e-22
6720540000.0 3.250004259525957e-22
6742980000.0 3.2065792718550087e-22
6765490000.0 3.163409623065173e-22
6788070000.0 3.1220366166927265e-22
6810740000.0 3.0808972332809056e-22
6833480000.0 3.039999670521871e-22
6856290000.0 2.9993427749468e-22
6879180000.0 2.9604431711433757e-22
6902150000.0 2.9202507015912845e-22
6925190000.0 2.881807713523293e-22
6948310000.0 2.8435869354188954e-22
6971510000.0 2.8055874722788254e-22
6994780000.0 2.769309306682488e-22
7018130000.0 2.7317486184813654e-22
7041560000.0 2.6958934050341975e-22
7065070000.0 2.6602458855301617e-22
7088660000.0 2.6248052003922547e-22
7112320000.0 2.591046313839427e-22
7136070000.0 2.5560117476673313e-22
7159890000.0 2.5226473645838526e-22
7183800000.0 2.4894730541279197e-22
7207780000.0 2.4564949836535e-22
7231840000.0 2.4237088072070026e-22
7255990000.0 2.391110404968276e-22
7280210000.0 2.3601438321262053e-22
7304520000.0 2.327920467753855e-22
7328900000.0 2.2973176269092428e-22
7353370000.0 2.2668899697136017e-22
7377920000.0 2.236639898146181e-22
7402550000.0 2.2079810918902705e-22
7427260000.0 2.1780791264221365e-22
7452060000.0 2.149754586913112e-22
7476940000.0 2.121595246369956e-22
7501900000.0 2.0922046284449456e-22
7526950000.0 2.0657664459411417e-22
7552080000.0 2.0380955901842042e-22
7577290000.0 2.0105870488208812e-22
7602590000.0 1.9846147151570076e-22
7627970000.0 1.957421460984661e-22
7653430000.0 1.9317564843335216e-22
7678980000.0 1.9062393544504927e-22
7704620000.0 1.88086949469069e-22
7730340000.0 1.8556487262305828e-22
7756150000.0 1.8319239669396227e-22
7782050000.0 1.8069901792361003e-22
7808030000.0 1.7835445594053464e-22
7834090000.0 1.7602364700971208e-22
7860250000.0 1.7370608351989548e-22
7886490000.0 1.7140215649448633e-22
7912820000.0 1.691115864327944e-22
7939240000.0 1.6683431834055747e-22
7965740000.0 1.6470194973692578e-22
7992340000.0 1.6245067893537593e-22
8019020000.0 1.6034331811589124e-22
8045790000.0 1.5811802508176788e-22
8072650000.0 1.5603545806866012e-22
8099600000.0 1.539649928556103e-22
8126640000.0 1.5203542141143475e-22
8153770000.0 1.4998857615733018e-22
8181000000.0 1.479534981261076e-22
8208310000.0 1.4605806178073282e-22
8235710000.0 1.4404648350303001e-22
8263210000.0 1.4217324085633307e-22
8290790000.0 1.4031107126126474e-22
8318470000.0 1.3845958540788174e-22
8346240000.0 1.3661890723890315e-22
8374110000.0 1.3478882762220032e-22
8402070000.0 1.3296946469204195e-22
8430120000.0 1.3128497536229316e-22
8458260000.0 1.29486487460411e-22
8486500000.0 1.278218021237266e-22
8514830000.0 1.260438557961494e-22
8543260000.0 1.2439880688927142e-22
8571780000.0 1.2276338137947392e-22
8600400000.0 1.211617432457949e-22
8629110000.0 1.1955734826005038e-22
8657920000.0 1.1797432510516051e-22
8686820000.0 1.164126498214189e-22
8715820000.0 1.1487202663271654e-22
8744920000.0 1.133522989515362e-22
8774120000.0 1.118413772695806e-22
8803410000.0 1.1036313850927705e-22
8832800000.0 1.0890532512638982e-22
8862290000.0 1.0745596841999045e-22
8891880000.0 1.0603858419538906e-22
8921560000.0 1.0462954659294957e-22
8951350000.0 1.0325197902465795e-22
8981230000.0 1.0188252913943287e-22
9011220000.0 1.005325536897961e-22
9041300000.0 9.920212760059051e-23
9071480000.0 9.789098808870354e-23
9101770000.0 9.658737640905075e-23
9132160000.0 9.53143004945574e-23
9162640000.0 9.404874575778907e-23
9193230000.0 9.280186221740984e-23
9223930000.0 9.157350872055705e-23
9254720000.0 9.036373994347704e-23
9285620000.0 8.916093791977097e-23
9316620000.0 8.798764771747152e-23
9347720000.0 8.682121079669859e-23
9378930000.0 8.56726689757275e-23
9410240000.0 8.453084744751725e-23
9441660000.0 8.34178069965035e-23
9473180000.0 8.231128104065263e-23
9504810000.0 8.122217041559074e-23
9536540000.0 8.013944405905417e-23
9568380000.0 7.908487572401302e-23
9600320000.0 7.803648967048294e-23
9632370000.0 7.70050473957675e-23
9664530000.0 7.597958144408542e-23
9696790000.0 7.497094261720466e-23
9729170000.0 7.397884255341411e-23
9761650000.0 7.300330283166828e-23
9794240000.0 7.203342439720789e-23
9826940000.0 7.107983854450145e-23
9859740000.0 7.014248622599945e-23
9892660000.0 6.921051018607414e-23
9925690000.0 6.829450857218388e-23
9958820000.0 6.739442046541157e-23
9992070000.0 6.649950251037679e-23
10025400000.0 6.562044130063738e-23
10058900000.0 6.474611144180368e-23
10092500000.0 6.388732772707925e-23
10126200000.0 6.304396084673168e-23
10160000000.0 6.22055765321655e-23
10193900000.0 6.138242138381459e-23
10227900000.0 6.057436811654127e-23
10262100000.0 5.977050447509547e-23
10296300000.0 5.898215036718249e-23
10330700000.0 5.819788936638997e-23
10365200000.0 5.742838180316323e-23
10399800000.0 5.66634349174917e-23
10434500000.0 5.591305998186323e-23
10469400000.0 5.51766065718773e-23
10504300000.0 5.444504681953798e-23
10539400000.0 5.372724750046228e-23
10574600000.0 5.301371203698216e-23
10609900000.0 5.231428692477873e-23
10645300000.0 5.1619015563689907e-23
10680800000.0 5.0937679429829725e-23
10716500000.0 5.025991942594154e-23
10752300000.0 4.959593697526284e-23
10788200000.0 4.8935907727900365e-23
10824200000.0 4.828948401712733e-23
10860300000.0 4.7646907179934686e-23
10896600000.0 4.701733437323005e-23
10933000000.0 4.6391517919732234e-23
10969500000.0 4.5778982783040735e-23
11006100000.0 4.5179613523204127e-23
11042800000.0 4.4574331747371115e-23
11079700000.0 4.3991166720766837e-23
11116700000.0 4.3402063802679937e-23
11153800000.0 4.282587297346758e-23
11191000000.0 4.2262481262149234e-23
11228400000.0 4.170207987228471e-23
11265900000.0 4.1154328194662653e-23
11303500000.0 4.0600588476268366e-23
11341200000.0 4.006863213318051e-23
11379100000.0 3.95395057303437e-23
11417100000.0 3.9013550600720093e-23
11455200000.0 3.849988948319083e-23
11493400000.0 3.798930337865329e-23
11531800000.0 3.7481449981492914e-23
11570300000.0 3.698569759452953e-23
11608900000.0 3.6501938632982365e-23
11647700000.0 3.601177806587001e-23
11686600000.0 3.553352779219603e-23
11725600000.0 3.506708150983839e-23
11764700000.0 3.4603433662332567e-23
11804000000.0 3.4142278978543443e-23
11843400000.0 3.369274132894681e-23
11883000000.0 3.324562519967772e-23
11922600000.0 3.280147919416001e-23
11962400000.0 3.236848575284666e-23
12002400000.0 3.193783177526274e-23
12042500000.0 3.1518471809509086e-23
12082700000.0 3.1101637997518165e-23
12123000000.0 3.068731552414521e-23
12163500000.0 3.028384899928893e-23
12204100000.0 2.988281548876929e-23
12244800000.0 2.9484200616598703e-23
12285700000.0 2.909627595096781e-23
12326700000.0 2.871069265833375e-23
12367900000.0 2.8327207766246497e-23
12409200000.0 2.7954481933555453e-23
12450600000.0 2.758400731591992e-23
12492200000.0 2.721555256602591e-23
12533900000.0 2.685768328932448e-23
12575700000.0 2.650197662116775e-23
12617700000.0 2.6148212289844777e-23
12659800000.0 2.5804862285452264e-23
12702100000.0 2.5463387385799404e-23
12744500000.0 2.5123982130719664e-23
12787000000.0 2.4794822409774756e-23
12829700000.0 2.4467462064009503e-23
12872600000.0 2.4141898445648565e-23
12915500000.0 2.381849760522541e-23
12958700000.0 2.3504774108989372e-23
13001900000.0 2.3193135362680265e-23
13045300000.0 2.2891236202689346e-23
13088900000.0 2.2582994297520436e-23
13132600000.0 2.228460251768317e-23
13176400000.0 2.19880231312526e-23
13220400000.0 2.1701000838596904e-23
13264500000.0 2.141572128512467e-23
13308800000.0 2.1132014793706865e-23
13353300000.0 2.0849878455994816e-23
13397800000.0 2.056961631658819e-23
13442600000.0 2.0298546079134533e-23
13487400000.0 2.0029276625618166e-23
13532500000.0 1.9769089387355624e-23
13577700000.0 1.9502775298568872e-23
13623000000.0 1.9245773232430893e-23
13668500000.0 1.8990196826237958e-23
13714100000.0 1.8736179690498177e-23
13759900000.0 1.84911870729095e-23
13805800000.0 1.824768779176823e-23
13851900000.0 1.8005542288542382e-23
13898200000.0 1.7764747545561772e-23
13944600000.0 1.7532934898514973e-23
13991100000.0 1.730253615755282e-23
14037800000.0 1.7073420570320312e-23
14084700000.0 1.6845585133524165e-23
14131700000.0 1.6619144375995325e-23
14178900000.0 1.6401358269216746e-23
14226200000.0 1.6184903554606396e-23
14273700000.0 1.5969659663134696e-23
14321400000.0 1.5755623564653586e-23
14369200000.0 1.555018720882255e-23
14417200000.0 1.534590022772772e-23
14465300000.0 1.5142864336403614e-23
14513600000.0 1.4940968347450824e-23
14562000000.0 1.4740310460770868e-23
14610700000.0 1.4547849876389726e-23
14659400000.0 1.435666803881396e-23
14708400000.0 1.4166463293588108e-23
14757500000.0 1.3977426933195554e-23
14806700000.0 1.3789551164395536e-23
14856200000.0 1.3609693126244682e-23
14905800000.0 1.3430939554963648e-23
14955500000.0 1.3253283047349673e-23
15005500000.0 1.3076541962007192e-23
15055600000.0 1.290088911814606e-23
15105800000.0 1.273324872171349e-23
15156300000.0 1.2559561656652385e-23
15206900000.0 1.239383218604846e-23
15257600000.0 1.2229121814919784e-23
15308600000.0 1.2072105736230538e-23
15359700000.0 1.1909237824108455e-23
15411000000.0 1.1754091822548654e-23
15462400000.0 1.1593128583570281e-23
15514000000.0 1.1439833716703351e-23
15565800000.0 1.1294136869824449e-23
15617800000.0 1.1142559423135915e-23
15669900000.0 1.0991917844337923e-23
15722200000.0 1.0848796532060934e-23
15774700000.0 1.070648850651651e-23
15827400000.0 1.0564991069355902e-23
15880200000.0 1.0424367140117958e-23
15933200000.0 1.0284546134227825e-23
15986400000.0 1.0152075039426967e-23
16039800000.0 1.0013829836885301e-23
16093400000.0 9.882885515931337e-24
16147100000.0 9.752750135102024e-24
16201000000.0 9.623358660016193e-24
16255100000.0 9.494708466594414e-24
16309400000.0 9.366796910968851e-24
16363800000.0 9.246076462753809e-24
16418400000.0 9.119667444186232e-24
16473200000.0 9.000343372695205e-24
16528200000.0 8.88170308494198e-24
16583400000.0 8.763744069973193e-24
16638800000.0 8.64646380096214e-24
16694300000.0 8.536182823475266e-24
16750100000.0 8.420230648855741e-24
16806000000.0 8.311229347250557e-24
16862100000.0 8.196643887258896e-24
16918400000.0 8.088911712091127e-24
16974900000.0 7.981800124203197e-24
17031500000.0 7.875352960504426e-24
17088400000.0 7.775601899672546e-24
17145500000.0 7.670316439932264e-24
17202700000.0 7.571772575025537e-24
17260100000.0 7.467728871494726e-24
17317800000.0 7.370293492846627e-24
17375600000.0 7.273463374269235e-24
17433600000.0 7.177192992926631e-24
17491800000.0 7.081480083068576e-24
17550200000.0 6.986322370830652e-24
17608800000.0 6.891717574626624e-24
17667600000.0 6.803589877553114e-24
17726500000.0 6.716008947802979e-24
17785700000.0 6.623009168532176e-24
17845100000.0 6.5364207688012276e-24
17904700000.0 6.4503348480514556e-24
17964500000.0 6.364749280329484e-24
18024400000.0 6.2796967743198716e-24
18084600000.0 6.195104930804286e-24
18145000000.0 6.116777583975431e-24
18205600000.0 6.033152291262375e-24
18266300000.0 5.955781520254091e-24
18327300000.0 5.8731138834410634e-24
18388500000.0 5.796625864295641e-24
18449900000.0 5.720583273362532e-24
18511500000.0 5.64498414309064e-24
18573300000.0 5.570390250959026e-24
18635300000.0 5.496232125667532e-24
18697500000.0 5.423627817738994e-24
18759900000.0 5.352006053689059e-24
18822600000.0 5.2807750051017364e-24
18885400000.0 5.211098211468238e-24
18948500000.0 5.141801868997368e-24
19011700000.0 5.074040331687264e-24
19075200000.0 5.006649074881566e-24
19138900000.0 4.9402004789265244e-24
19202800000.0 4.87523250601374e-24
19266900000.0 4.810645541671699e-24
19331200000.0 4.746979445709119e-24
19395700000.0 4.683687185043582e-24
19460500000.0 4.621819342587049e-24
19525500000.0 4.560851694019852e-24
19590600000.0 4.5002656471345426e-24
19656000000.0 4.440545852443386e-24
19721700000.0 4.3816864174084544e-24
19787500000.0 4.3237251504477746e-24
19853600000.0 4.2666110158596054e-24
19919900000.0 4.2098336595291725e-24
19986400000.0 4.1544392122567266e-24
20053100000.0 4.099371280711737e-24
20120000000.0 4.045148669996875e-24
20187200000.0 3.991226135939293e-24
20254600000.0 3.938656432116065e-24
20322200000.0 3.886397185759534e-24
20390100000.0 3.8349415579448196e-24
20458100000.0 3.7843208062607376e-24
20526400000.0 3.733980878891327e-24
20595000000.0 3.6844295893222126e-24
20663700000.0 3.635696430233254e-24
20732700000.0 3.5877393640208315e-24
20801900000.0 3.540066412176701e-24
20871400000.0 3.493161059640762e-24
20941100000.0 3.447034140260912e-24
21011000000.0 3.4011808828256324e-24
21081100000.0 3.356096554600322e-24
21151500000.0 3.311759131930323e-24
21222100000.0 3.2681784618189284e-24
21293000000.0 3.2248413558498446e-24
21364000000.0 3.1817770008263433e-24
21435400000.0 3.139916307071715e-24
21506900000.0 3.0983191520654338e-24
21578700000.0 3.0574403920630534e-24
21650800000.0 3.016790964069038e-24
21723100000.0 2.9768659756307685e-24
21795600000.0 2.9371789143489314e-24
21868300000.0 2.8986861129283106e-24
21941400000.0 2.8599190410553968e-24
22014600000.0 2.822347854554858e-24
22088100000.0 2.7849878672386422e-24
22161800000.0 2.7478508939627804e-24
22235800000.0 2.7113944192247967e-24
22310100000.0 2.675613142293266e-24
22384600000.0 2.6400458129586974e-24
22459300000.0 2.6051574580390938e-24
22534300000.0 2.570930845139342e-24
22609500000.0 2.5369088652959824e-24
22685000000.0 2.503079349182084e-24
22760700000.0 2.4699126009387017e-24
22836700000.0 2.4373922278560098e-24
22912900000.0 2.4050665975748668e-24
22989400000.0 2.3729242954260224e-24
23066200000.0 2.3418726300113846e-24
23143200000.0 2.3105546538839195e-24
23220500000.0 2.2798658567588097e-24
23298000000.0 2.2498108181678012e-24
23375800000.0 2.219926580330039e-24
23453800000.0 2.1906683661064867e-24
23532100000.0 2.161576556852032e-24
23610700000.0 2.133094076656388e-24
23689500000.0 2.1047828336572855e-24
23768600000.0 2.0770736271316543e-24
23847900000.0 2.0495310484260082e-24
23927500000.0 2.0221456803124343e-24
24007400000.0 1.995353128422771e-24
24087600000.0 1.9691484946039366e-24
24168000000.0 1.9431016990212983e-24
24248700000.0 1.9172039097053315e-24
24329600000.0 1.891892743090742e-24
24410900000.0 1.866718757576712e-24
24492400000.0 1.8421243655200015e-24
24574100000.0 1.817678315820104e-24
24656200000.0 1.7937898477961504e-24
24738500000.0 1.7700456288646464e-24
24821100000.0 1.74643776198898e-24
24903900000.0 1.7233931043830556e-24
24987100000.0 1.700473953775576e-24
25070500000.0 1.6781111897341533e-24
25154200000.0 1.6558769682229804e-24
25238200000.0 1.633770803223641e-24
25322400000.0 1.6122120648701222e-24
25407000000.0 1.5907711771171514e-24
25491800000.0 1.5698710352453591e-24
25576900000.0 1.5490913134711335e-24
25662300000.0 1.5284315425652421e-24
25748000000.0 1.5082979100407052e-24
25833900000.0 1.4882863369713494e-24
25920200000.0 1.4683847429279178e-24
26006700000.0 1.4490067052067418e-24
26093500000.0 1.429740707339381e-24
26180700000.0 1.4109808472395307e-24
26268100000.0 1.3923349381069752e-24
26355800000.0 1.3737970582585875e-24
26443700000.0 1.355767849511204e-24
26532000000.0 1.3378379336720626e-24
26620600000.0 1.320012089519203e-24
26709500000.0 1.3022898820390739e-24
26798600000.0 1.2850663852624492e-24
26888100000.0 1.2683275915207766e-24
26977900000.0 1.25129782308265e-24
27068000000.0 1.234754197680543e-24
27158300000.0 1.218311370899226e-24
27249000000.0 1.2023441388480996e-24
27340000000.0 1.186469830821188e-24
27431200000.0 1.1706923105744805e-24
27522800000.0 1.15538300240942e-24
27614700000.0 1.1397837033860007e-24
27706900000.0 1.124653621400326e-24
27799400000.0 1.1099885776442615e-24
27892200000.0 1.0950336242478966e-24
27985300000.0 1.080540422894676e-24
28078700000.0 1.0665048450649586e-24
28172500000.0 1.0521757258217284e-24
28266500000.0 1.0383047894859186e-24
28360900000.0 1.0245113528941183e-24
28455600000.0 1.0111667432171444e-24
28550600000.0 9.975334344840686e-25
28645900000.0 9.843457676168604e-25
28741600000.0 9.712320390851862e-25
28837500000.0 9.585617955186701e-25
28933800000.0 9.459624654199761e-25
29030400000.0 9.334370792571707e-25
29127300000.0 9.209852883503183e-25
29224500000.0 9.086067441039227e-25
29322100000.0 8.966551321517844e-25
29420000000.0 8.847737970044386e-25
29518200000.0 8.729624016800935e-25
29616800000.0 8.615712391743868e-25
29715600000.0 8.502499491003585e-25
29814800000.0 8.389924365950217e-25
29914400000.0 8.27798518763535e-25
30014300000.0 8.1667073097845125e-25
30114500000.0 8.059564424319534e-25
30215000000.0 7.953053202193478e-25
30315900000.0 7.847144638700524e-25
30417100000.0 7.745304724563662e-25
30518600000.0 7.640634170166085e-25
30620500000.0 7.539978582021028e-25
30722700000.0 7.4399180526424795e-25
30825300000.0 7.340425771722036e-25
30928200000.0 7.244908829587444e-25
31031500000.0 7.149933196443275e-25
31135100000.0 7.05551980586581e-25
31239000000.0 6.9616657841094685e-25
31343300000.0 6.868346350000759e-25
31448000000.0 6.778889258814575e-25
31553000000.0 6.686643809887613e-25
31658300000.0 6.598255161919808e-25
31764000000.0 6.51037056579234e-25
31870000000.0 6.426293895453051e-25
31976400000.0 6.339420813703566e-25
32083200000.0 6.256309579579706e-25
32190300000.0 6.173692301713018e-25
32297800000.0 6.091547507758839e-25
32405600000.0 6.009892083231118e-25
32513800000.0 5.931925558552188e-25
32622300000.0 5.854422390786485e-25
32731200000.0 5.774163469570771e-25
32840500000.0 5.697555813355906e-25
32950100000.0 5.624582946906179e-25
33060200000.0 5.548842804706358e-25
33170500000.0 5.476729074403214e-25
33281300000.0 5.401866035755563e-25
33392400000.0 5.330587587778366e-25
33503900000.0 5.259719072599579e-25
33615700000.0 5.192389188499618e-25
33727900000.0 5.1223404396415225e-25
33840500000.0 5.05579059179276e-25
33953500000.0 4.986539543549313e-25
34066900000.0 4.920763726646075e-25
34180600000.0 4.855381743054739e-25
34294700000.0 4.793430563646082e-25
34409200000.0 4.728792257839499e-25
34524100000.0 4.664528661596637e-25
34639300000.0 4.603674321081689e-25
34755000000.0 4.543158045019752e-25
34871000000.0 4.483004783317885e-25
34987400000.0 4.423199830324473e-25
35104200000.0 4.363741765598161e-25
35221400000.0 4.307601974065947e-25
35339000000.0 4.248823512656919e-25
35457000000.0 4.19334073935297e-25
35575400000.0 4.138179502597122e-25
35694200000.0 4.0833384571764898e-25
35813300000.0 4.0288275037375627e-25
35932900000.0 3.9775365489036166e-25
36052900000.0 3.9236380856894764e-25
36173200000.0 3.872959720402078e-25
36294000000.0 3.819679700212262e-25
36415100000.0 3.769597503727798e-25
36536700000.0 3.7197963985935356e-25
36658700000.0 3.6702856373790327e-25
36781100000.0 3.6210639462517715e-25
36903900000.0 3.5749673251069463e-25
37027100000.0 3.526310504671133e-25
37150700000.0 3.480757381234855e-25
37274700000.0 3.432660444256722e-25
37399200000.0 3.3876368964327905e-25
37524000000.0 3.342885389953161e-25
37649300000.0 3.2983867675663456e-25
37775000000.0 3.254148894339347e-25
37901100000.0 3.212933201839549e-25
38027600000.0 3.1692040552591833e-25
38154600000.0 3.128468185339283e-25
38282000000.0 3.0852351961725983e-25
38409800000.0 3.044983360300015e-25
38538000000.0 3.0049673040900824e-25
38666700000.0 2.9651782556462205e-25
38795800000.0 2.9256230352297874e-25
38925300000.0 2.8863005357117327e-25
39055200000.0 2.849890638694742e-25
39185600000.0 2.811014172678816e-25
39316500000.0 2.77502350398774e-25
39447700000.0 2.7365965490283613e-25
39579400000.0 2.701035748816735e-25
39711600000.0 2.665677256678857e-25
39844100000.0 2.6305335940814094e-25
39977200000.0 2.595322022348894e-25
40110600000.0 2.560847078706404e-25
40244500000.0 2.5270896501604875e-25
40378900000.0 2.4935252326488935e-25
40513700000.0 2.460417667629295e-25
40648900000.0 2.4280209750538714e-25
40784700000.0 2.3958038275309527e-25
40920800000.0 2.364039060092664e-25
41057400000.0 2.33271150704823e-25
41194500000.0 2.3018179597380233e-25
41332000000.0 2.2713607158878812e-25
41470000000.0 2.2413309122120013e-25
41608500000.0 2.2114737313237793e-25
41747400000.0 2.1822953735453474e-25
41886800000.0 2.153284829715056e-25
42026600000.0 2.124944807347679e-25
42166900000.0 2.096767841023346e-25
42307700000.0 2.0690007957067046e-25
42448900000.0 2.0416453832042215e-25
42590600000.0 2.0144477055893746e-25
42732800000.0 1.987897200737132e-25
42875500000.0 1.961499937018685e-25
43018600000.0 1.935503206829916e-25
43162300000.0 1.9098948992691795e-25
43306400000.0 1.8846809160267924e-25
43450900000.0 1.859617053568954e-25
43596000000.0 1.8349342668529163e-25
43741500000.0 1.8106380580506864e-25
43887600000.0 1.7867171043400038e-25
44034100000.0 1.763176656598965e-25
44181100000.0 1.739772636721508e-25
44328600000.0 1.716740684792045e-25
44476600000.0 1.6940778758536528e-25
44625100000.0 1.6715466628985144e-25
44774100000.0 1.6493803465292722e-25
44923500000.0 1.6275796590707315e-25
45073500000.0 1.6059021166537256e-25
45224000000.0 1.5848139174581456e-25
45375000000.0 1.5638483779892596e-25
45526500000.0 1.5430049685215892e-25
45678500000.0 1.5225123833146338e-25
45831000000.0 1.5023678025087987e-25
45984000000.0 1.4825684208861324e-25
46137500000.0 1.4628845033925777e-25
46291500000.0 1.4435417287887861e-25
46446100000.0 1.424308824662935e-25
46601100000.0 1.405640844776968e-25
46756700000.0 1.3868548975481777e-25
46912800000.0 1.3686253754253334e-25
47069400000.0 1.3505024206026908e-25
47226600000.0 1.3324827271152066e-25
47384200000.0 1.3150134473484727e-25
47542400000.0 1.2974233730231562e-25
47701200000.0 1.2803728848496573e-25
47860400000.0 1.2634249847465724e-25
48020200000.0 1.2465738840142114e-25
48180500000.0 1.230039122965048e-25
48341400000.0 1.2138155567815508e-25
48502700000.0 1.197689752306198e-25
48664700000.0 1.1818690096819228e-25
48827100000.0 1.1661436956475792e-25
48990100000.0 1.1507222794349034e-25
49153700000.0 1.1356023024805392e-25
49317800000.0 1.120571279520407e-25
49482500000.0 1.105626546816053e-25
49647700000.0 1.0909808835096703e-25
49813400000.0 1.0766317551366636e-25
49979700000.0 1.0623650188461773e-25
50146600000.0 1.048180367034413e-25
50314000000.0 1.0342876517139047e-25
50482000000.0 1.0206823595904042e-25
50650500000.0 1.0071573794010358e-25
50819600000.0 9.939163918560052e-26
50989300000.0 9.807516888794067e-26
51159500000.0 9.676648659973613e-26
51330300000.0 9.548576569376991e-26
51501700000.0 9.421244204332351e-26
51673600000.0 9.296692932841413e-26
51846100000.0 9.174880999105497e-26
52019200000.0 9.05175967842516e-26
52192900000.0 8.933364680525943e-26
52367100000.0 8.813671470588822e-26
52541900000.0 8.698658293186947e-26
52717300000.0 8.58232395333387e-26
52893400000.0 8.468628703248703e-26
53069900000.0 8.357598015010038e-26
53247100000.0 8.245228562759445e-26
53424900000.0 8.137432953276722e-26
53603200000.0 8.028324190158046e-26
53782200000.0 7.923729519214977e-26
53961800000.0 7.817801439717149e-26
54141900000.0 7.714438840309867e-26
54322700000.0 7.611663535991708e-26
54504000000.0 7.511422277669524e-26
54686000000.0 7.411750811498055e-26
54868500000.0 7.314582255212087e-26
55051700000.0 7.216064200117114e-26
55235500000.0 7.121913618146807e-26
55419900000.0 7.026422119990649e-26
55604900000.0 6.933372227577614e-26
55790600000.0 6.842730389058911e-26
55976800000.0 6.7507591032962e-26
56163700000.0 6.661178961499872e-26
56351200000.0 6.57398117597547e-26
56539400000.0 6.487281422287243e-26
56728100000.0 6.401100520745553e-26
56917500000.0 6.315413390513363e-26
57107500000.0 6.232062678198515e-26
57298200000.0 6.149189627874857e-26
57489500000.0 6.068624382080474e-26
57681400000.0 5.988531236955616e-26
57874000000.0 5.90889777739655e-26
58067200000.0 5.829732348843482e-26
58261000000.0 5.752829938750098e-26
58455600000.0 5.676359764954507e-26
58650700000.0 5.602134556417379e-26
58846500000.0 5.528335764741537e-26
59043000000.0 5.454961772465101e-26
59240100000.0 5.382020038511938e-26
59437900000.0 5.311261151088515e-26
59636300000.0 5.240918921212701e-26
59835400000.0 5.17098267831334e-26
60035200000.0 5.1031949152467536e-26
60235600000.0 5.035806695736306e-26
60436700000.0 4.9688078307976067e-26
60638500000.0 4.9021967669622044e-26
60840900000.0 4.8377008824055595e-26
61044000000.0 4.773577953267466e-26
61247800000.0 4.7098264679248883e-26
61452300000.0 4.648148776239778e-26
61657500000.0 4.586828148109628e-26
61863300000.0 4.5258704278953606e-26
62069800000.0 4.4652665795921495e-26
62277100000.0 4.4066893541760515e-26
62485000000.0 4.348459048026662e-26
62693600000.0 4.2905670379900745e-26
62902900000.0 4.2346764652657046e-26
63112900000.0 4.177451206709732e-26
63323600000.0 4.122213469195973e-26
63535000000.0 4.0672972914457487e-26
63747100000.0 4.0143438136491233e-26
63959900000.0 3.9616981833013877e-26
64173500000.0 3.907721352398824e-26
64387700000.0 3.857319113064626e-26
64602700000.0 3.805583187193997e-26
64818400000.0 3.755765316876734e-26
65034800000.0 3.7062380181617874e-26
65251900000.0 3.656999994048502e-26
65469700000.0 3.608049946154615e-26
65688300000.0 3.5609751469425e-26
65907600000.0 3.51258661206004e-26
66127600000.0 3.4660657513376026e-26
66348400000.0 3.4213903018058547e-26
66569900000.0 3.375402824481932e-26
66792200000.0 3.331248127890126e-26
67015100000.0 3.285794505906983e-26
67238900000.0 3.243713336357809e-26
67463300000.0 3.200330837273187e-26
67688600000.0 3.1571940045501795e-26
67914600000.0 3.115853017696008e-26
68141300000.0 3.0747546732281196e-26
68368800000.0 3.033893382274682e-26
68597000000.0 2.9932725794609567e-26
68826000000.0 2.954408144154014e-26
69055800000.0 2.9142514341846183e-26
69286400000.0 2.875839125499767e-26
69517700000.0 2.837653083765544e-26
69749800000.0 2.801189367060375e-26
69982600000.0 2.763443683299115e-26
70216300000.0 2.7274045519936036e-26
70450700000.0 2.691577778183158e-26
70685900000.0 2.655958556243155e-26
70921900000.0 2.620546026601766e-26
71158700000.0 2.585339327128624e-26
71396200000.0 2.551807721527005e-26
71634600000.0 2.5170051452927232e-26
71873700000.0 2.4838660824658365e-26
72113700000.0 2.4509161854358258e-26
72354400000.0 2.4181614855765815e-26
72596000000.0 2.3870367347977818e-26
72838400000.0 2.3546550675154657e-26
73081500000.0 2.3238987031888518e-26
73325500000.0 2.2933181292248086e-26
73570300000.0 2.2629157947140532e-26
73815900000.0 2.232690914819556e-26
74062400000.0 2.2026397295605664e-26
74309600000.0 2.174176508163454e-26
74557700000.0 2.1444717588981496e-26
74806600000.0 2.116341125018609e-26
75056400000.0 2.0883720235347494e-26
75307000000.0 2.0605665859966544e-26
75558400000.0 2.0343098368031282e-26
75810600000.0 2.0068248809206363e-26
76063700000.0 1.980875329480125e-26
76317700000.0 1.9537028598004638e-26
76572500000.0 1.9280579480211465e-26
76828100000.0 1.9025633291244306e-26
77084600000.0 1.877215866564269e-26
77341900000.0 1.852017375694358e-26
77600100000.0 1.8283141089729232e-26
77859200000.0 1.8034023746604788e-26
78119100000.0 1.7799780231423483e-26
78380000000.0 1.756686606355623e-26
78641600000.0 1.73353430276912e-26
78904200000.0 1.710513841381604e-26
79167600000.0 1.6876290459940253e-26
79431900000.0 1.6648771624514952e-26
79697100000.0 1.643571445330685e-26
79963200000.0 1.6210793571812836e-26
80230100000.0 1.6000256064705345e-26
80498000000.0 1.5790918527817438e-26
80766700000.0 1.558281538316633e-26
81036400000.0 1.537590256678372e-26
81306900000.0 1.5170213183853327e-26
81578300000.0 1.4965722770314852e-26
81850700000.0 1.4762408109263673e-26
82124000000.0 1.457303246742279e-26
82398100000.0 1.4384773426575976e-26
82673200000.0 1.4184925886934118e-26
82949200000.0 1.399887516409324e-26
83226200000.0 1.3813892460392566e-26
83504000000.0 1.363000643816877e-26
83782800000.0 1.344717935588887e-26
84062500000.0 1.3277878778702466e-26
84343100000.0 1.3097146841417935e-26
84624700000.0 1.2929833867139343e-26
84907200000.0 1.2751163540691812e-26
85190700000.0 1.258582144856584e-26
85475100000.0 1.2421445375020887e-26
85760500000.0 1.2258016591211078e-26
86046800000.0 1.2091894859024985e-26
86334100000.0 1.193158799812241e-26
86622300000.0 1.1773430984387251e-26
86911500000.0 1.1617393977392112e-26
87201600000.0 1.146347439852457e-26
87492800000.0 1.13116300780371e-26
87784900000.0 1.1161871501932883e-26
88077900000.0 1.1014182509635335e-26
88372000000.0 1.0868522430835915e-26
88667000000.0 1.0724900688951825e-26
88963000000.0 1.05821125020149e-26
89260100000.0 1.0442488779648348e-26
89558100000.0 1.030368789560997e-26
89857000000.0 1.0168036348881479e-26
90157000000.0 1.0033161856306872e-26
90458000000.0 9.900230065817433e-27
90760000000.0 9.769226042809683e-27
91063000000.0 9.64013492345013e-27
91367000000.0 9.511795915624587e-27
91672100000.0 9.3864798710369e-27
91978100000.0 9.26190457672524e-27
92285200000.0 9.139181102152251e-27
92593300000.0 9.01830513530924e-27
92902400000.0 8.898135138835131e-27
93212600000.0 8.780905156953919e-27
93523800000.0 8.664360196485264e-27
93836000000.0 8.54961301411029e-27
94149300000.0 8.436640420875106e-27
94463600000.0 8.324329087205446e-27
94779000000.0 8.214876812598379e-27
95095400000.0 8.106065337338956e-27
95412900000.0 7.997883325415165e-27
95731400000.0 7.892523991842841e-27
96051000000.0 7.787774209595974e-27
96371700000.0 7.684717987501942e-27
96693400000.0 7.583349834460449e-27
97016200000.0 7.482569110011472e-27
97340100000.0 7.383449064003539e-27
97665100000.0 7.285976522999162e-27
97991200000.0 7.189069847065047e-27
98318300000.0 7.093798847377488e-27
98646500000.0 7.00014305395069e-27
98975900000.0 6.907024642635019e-27
99306300000.0 6.815509745297638e-27
99637900000.0 6.725571665490352e-27
99970500000.0 6.636163855121977e-27
100304000000.0 6.54833413268684e-27
100639000000.0 6.462030639698417e-27
100975000000.0 6.376236655134412e-27
101312000000.0 6.291983155922539e-27
101650000000.0 6.208227237909015e-27
101990000000.0 6.1259329984421755e-27
102330000000.0 6.045208842234167e-27
102672000000.0 5.964903139517368e-27
103015000000.0 5.886089947990787e-27
103359000000.0 5.8077436589364716e-27
103704000000.0 5.730871559754662e-27
104050000000.0 5.655461202869957e-27
104397000000.0 5.5804972564771074e-27
104746000000.0 5.5069244892148736e-27
105096000000.0 5.433788659988597e-27
105446000000.0 5.3621313279788795e-27
105798000000.0 5.290848097411675e-27
106152000000.0 5.220925658931519e-27
106506000000.0 5.151468030757299e-27
106862000000.0 5.083355300834854e-27
107218000000.0 5.0156948854837e-27
107576000000.0 4.949363620536248e-27
107935000000.0 4.8843972204647466e-27
108296000000.0 4.819772541358105e-27
108657000000.0 4.7555772779201746e-27
109020000000.0 4.69268152606922e-27
109384000000.0 4.63016089791158e-27
109749000000.0 4.568967424571459e-27
110116000000.0 4.5080977523831754e-27
110483000000.0 4.448580187545573e-27
110852000000.0 4.390322088521705e-27
111222000000.0 4.3314701849991884e-27
111594000000.0 4.2748085268852196e-27
111966000000.0 4.21758821468517e-27
112340000000.0 4.161604841362732e-27
112715000000.0 4.106885509905316e-27
113091000000.0 4.052493236590587e-27
113469000000.0 3.998390970128885e-27
113848000000.0 3.945533025585709e-27
114228000000.0 3.893908405480687e-27
114609000000.0 3.841678997710261e-27
114992000000.0 3.790640337527319e-27
115376000000.0 3.740815643412378e-27
115761000000.0 3.691289619610677e-27
116147000000.0 3.642060575280952e-27
116535000000.0 3.5939944922607004e-27
116924000000.0 3.5462170869457486e-27
117314000000.0 3.4996192417744485e-27
117706000000.0 3.453271513644254e-27
118099000000.0 3.407202616791788e-27
118493000000.0 3.362294594896029e-27
118889000000.0 3.317628418319079e-27
119286000000.0 3.2741091423561665e-27
119684000000.0 3.2308515865500686e-27
120084000000.0 3.1878276824074736e-27
120485000000.0 3.145932390594835e-27
120887000000.0 3.104289367321699e-27
121290000000.0 3.062897134256887e-27
121695000000.0 3.022589791015706e-27
122102000000.0 2.982500989511186e-27
122509000000.0 2.9426785544321914e-27
122918000000.0 2.903924443658461e-27
123329000000.0 2.865380912083031e-27
123740000000.0 2.8270934236864835e-27
124153000000.0 2.7898578731458908e-27
124568000000.0 2.7528250337357753e-27
124984000000.0 2.7168541542689723e-27
125401000000.0 2.6802655791809443e-27
125820000000.0 2.6447097020316704e-27
126240000000.0 2.6101986063166896e-27
126661000000.0 2.575069381073686e-27
127084000000.0 2.5409568492333273e-27
127508000000.0 2.507872165799802e-27
127934000000.0 2.474149651137268e-27
128361000000.0 2.441447677701391e-27
128790000000.0 2.4097381456891074e-27
129220000000.0 2.3774104602393836e-27
129651000000.0 2.346086725887228e-27
130084000000.0 2.3149349691266945e-27
130518000000.0 2.2839724095507808e-27
130954000000.0 2.253980236668293e-27
131391000000.0 2.224170185747657e-27
131830000000.0 2.1945244772698265e-27
132270000000.0 2.1658508001695837e-27
132712000000.0 2.1373350476097155e-27
133155000000.0 2.108992770367844e-27
133599000000.0 2.0808228792002933e-27
134045000000.0 2.0528089771213374e-27
134493000000.0 2.025729289815963e-27
134942000000.0 1.9988145974730392e-27
135392000000.0 1.9728372133230497e-27
135844000000.0 1.9462324874357568e-27
136298000000.0 1.92054426768735e-27
136753000000.0 1.8950127541719594e-27
137209000000.0 1.870400063278242e-27
137667000000.0 1.8451630300389478e-27
138127000000.0 1.8208250520711973e-27
138588000000.0 1.796635676093923e-27
139051000000.0 1.7733342063459447e-27
139515000000.0 1.749424347472862e-27
139981000000.0 1.726396350117385e-27
140448000000.0 1.7035090363258068e-27
140917000000.0 1.6807495673481002e-27
141387000000.0 1.658869931232266e-27
141859000000.0 1.6371121969863073e-27
142333000000.0 1.6154760690593525e-27
142808000000.0 1.593972407166048e-27
143285000000.0 1.572589368794453e-27
143763000000.0 1.5520657639997516e-27
144243000000.0 1.530931044245062e-27
144725000000.0 1.5106391386230685e-27
145208000000.0 1.4911927620822928e-27
145693000000.0 1.471136439764633e-27
146179000000.0 1.4519195683227458e-27
146667000000.0 1.43281051522887e-27
147157000000.0 1.413808986975099e-27
147648000000.0 1.3949241327719756e-27
148141000000.0 1.3761458854384583e-27
148636000000.0 1.3581783915807716e-27
149132000000.0 1.3403211866484754e-27
149630000000.0 1.3225646929327098e-27
150129000000.0 1.3049173097788052e-27
150631000000.0 1.2873612111454026e-27
151133000000.0 1.2706145509540797e-27
151638000000.0 1.2539539644590585e-27
152144000000.0 1.2373958460139246e-27
152652000000.0 1.2209315038731384e-27
153162000000.0 1.2045606499167033e-27
153673000000.0 1.1882907250840546e-27
154186000000.0 1.172792532825163e-27
154701000000.0 1.1573821651865167e-27
155217000000.0 1.1420667015008536e-27
155736000000.0 1.1268310222247696e-27
156256000000.0 1.111689438789777e-27
156777000000.0 1.0973091738897477e-27
157301000000.0 1.083003514041809e-27
157826000000.0 1.0681226453982823e-27
158353000000.0 1.0539883680132798e-27
158881000000.0 1.039941311090593e-27
159412000000.0 1.026624829948818e-27
159944000000.0 1.0127357875204982e-27
160478000000.0 9.99578850332102e-28
161014000000.0 9.864969300061582e-28
161551000000.0 9.734957916226337e-28
162091000000.0 9.605630206294278e-28
162632000000.0 9.477103062205535e-28
163175000000.0 9.34931358760089e-28
163720000000.0 9.228654589978804e-28
164266000000.0 9.102366581736297e-28
164815000000.0 8.983104897794791e-28
165365000000.0 8.864581492725802e-28
165917000000.0 8.746738449701696e-28
166471000000.0 8.629573248035457e-28
167027000000.0 8.519352190715594e-28
167584000000.0 8.40356432101637e-28
168144000000.0 8.294622902739024e-28
168705000000.0 8.180149717985266e-28
169268000000.0 8.072525866422758e-28
169833000000.0 7.965521768693895e-28
170400000000.0 7.865279777569967e-28
170969000000.0 7.7594875344820715e-28
171540000000.0 7.654307884270772e-28
172113000000.0 7.555821989176531e-28
172687000000.0 7.451883119216172e-28
173264000000.0 7.354548872030053e-28
173842000000.0 7.25781900414599e-28
174423000000.0 7.161607052247005e-28
175005000000.0 7.065993556923581e-28
175589000000.0 6.970934500365872e-28
176175000000.0 6.882370931803401e-28
176764000000.0 6.788355742491662e-28
177354000000.0 6.700831080164625e-28
177946000000.0 6.61381248422127e-28
178540000000.0 6.521433246737818e-28
179136000000.0 6.43543996069071e-28
179734000000.0 6.3499463302659045e-28
180334000000.0 6.270756485300177e-28
180936000000.0 6.186236464528026e-28
181540000000.0 6.102209771243604e-28
182146000000.0 6.024422760684692e-28
182754000000.0 5.941357174635822e-28
183364000000.0 5.864488860351568e-28
183977000000.0 5.788035904953417e-28
184591000000.0 5.712059786131094e-28
185207000000.0 5.633699814762079e-28
185825000000.0 5.559180381680556e-28
186446000000.0 5.485628298788802e-28
187068000000.0 5.413095343421664e-28
187693000000.0 5.340957764063819e-28
188319000000.0 5.270383044683408e-28
188948000000.0 5.200747560757871e-28
189579000000.0 5.132072340108664e-28
190212000000.0 5.0637995195931e-28
190847000000.0 4.997024524096804e-28
191484000000.0 4.930640912450977e-28
192123000000.0 4.865191862225043e-28
192765000000.0 4.8006452123041e-28
193408000000.0 4.737585340975634e-28
194054000000.0 4.674331528172531e-28
194702000000.0 4.612525645256067e-28
195352000000.0 4.551619192710289e-28
196004000000.0 4.491070880625058e-28
196658000000.0 4.431943853348479e-28
197315000000.0 4.373142293984626e-28
197974000000.0 4.315216319821727e-28
198635000000.0 4.258158965943744e-28
199298000000.0 4.20143793063696e-28
199963000000.0 4.146098829653545e-28
200631000000.0 4.091065407877838e-28
201301000000.0 4.0368772830681633e-28
201973000000.0 3.983527652740262e-28
202647000000.0 3.9304930606172984e-28
203323000000.0 3.8788018914583994e-28
204002000000.0 3.827397019142355e-28
204683000000.0 3.7768078587777194e-28
205367000000.0 3.7264997746342957e-28
206052000000.0 3.6770160057339004e-28
206740000000.0 3.628313975750609e-28
207430000000.0 3.5804052799350093e-28
208123000000.0 3.533266431985874e-28
208818000000.0 3.486407072337983e-28
209515000000.0 3.440325518343741e-28
210214000000.0 3.394517253466014e-28
210916000000.0 3.3494614225637676e-28
211620000000.0 3.305168072109693e-28
212327000000.0 3.261615508038477e-28
213036000000.0 3.2183218072566067e-28
213747000000.0 3.1757754711092547e-28
214460000000.0 3.1334820232941407e-28
215176000000.0 3.091912371013365e-28
215895000000.0 3.051061045933074e-28
216616000000.0 3.010936492296549e-28
217339000000.0 2.9710508188539445e-28
218064000000.0 2.9314027470031076e-28
218792000000.0 2.892934917182308e-28
219523000000.0 2.8542062455450163e-28
220256000000.0 2.8166598501538372e-28
220991000000.0 2.7793373769528555e-28
221729000000.0 2.742697469081321e-28
222469000000.0 2.706276326021495e-28
223212000000.0 2.670529879049777e-28
223957000000.0 2.6349970876161113e-28
224705000000.0 2.600131179444441e-28
225455000000.0 2.5654738666380636e-28
226208000000.0 2.531475681964144e-28
226963000000.0 2.4981424199787827e-28
227720000000.0 2.4650085414787626e-28
228481000000.0 2.4325099181222166e-28
229244000000.0 2.4002061215971647e-28
230009000000.0 2.368551283703671e-28
230777000000.0 2.337075931688924e-28
231547000000.0 2.306241665400074e-28
232320000000.0 2.2755824100783703e-28
233096000000.0 2.245546807570538e-28
233874000000.0 2.215691576684527e-28
234655000000.0 2.1864525856709247e-28
235438000000.0 2.157389253967944e-28
236224000000.0 2.12893481355763e-28
237013000000.0 2.10064251167645e-28
237804000000.0 2.0729608264753413e-28
238598000000.0 2.045436965684179e-28
239395000000.0 2.0180703936902835e-28
240194000000.0 1.9913047836069847e-28
240996000000.0 1.9651266702640108e-28
241800000000.0 1.9391061739462158e-28
242608000000.0 1.9132265988485313e-28
243418000000.0 1.8879334768329908e-28
244230000000.0 1.8632215942802286e-28
245046000000.0 1.8382161812122972e-28
245864000000.0 1.8142137433122165e-28
246685000000.0 1.789924262492823e-28
247508000000.0 1.7662046969690201e-28
248334000000.0 1.7430429345913702e-28
249163000000.0 1.7200140313779272e-28
249995000000.0 1.6971174946763878e-28
250830000000.0 1.6747702691068352e-28
251667000000.0 1.6525582023805723e-28
252508000000.0 1.6304675639463127e-28
253351000000.0 1.60892417512636e-28
254196000000.0 1.5875111872252958e-28
255045000000.0 1.5666260673231906e-28
255896000000.0 1.5458674497958735e-28
256751000000.0 1.5252226808288445e-28
257608000000.0 1.5051097273960725e-28
258468000000.0 1.485112914498538e-28
259331000000.0 1.4656355370210566e-28
260197000000.0 1.4462706876628372e-28
261065000000.0 1.4270233803244665e-28
261937000000.0 1.4082818768942357e-28
262811000000.0 1.3896541666508777e-28
263689000000.0 1.3711291422673008e-28
264569000000.0 1.353112610079033e-28
265452000000.0 1.3352004425533698e-28
266339000000.0 1.3173872606616172e-28
267228000000.0 1.3000744304304593e-28
268120000000.0 1.2828620549484823e-28
269015000000.0 1.265749710798667e-28
269913000000.0 1.248736973499682e-28
270814000000.0 1.2322100539225257e-28
271718000000.0 1.2161646666572292e-28
272626000000.0 1.1998240142522143e-28
273536000000.0 1.1839659827639442e-28
274449000000.0 1.1682003447384118e-28
275365000000.0 1.1529069427920953e-28
276285000000.0 1.137698478711397e-28
277207000000.0 1.1225828643562802e-28
278132000000.0 1.1075555202869298e-28
279061000000.0 1.0929873482654912e-28
279993000000.0 1.0785042941080244e-28
280927000000.0 1.0641097624865535e-28
281865000000.0 1.0501672084472028e-28
282806000000.0 1.036306150406574e-28
283750000000.0 1.0225262172151275e-28
284698000000.0 1.0091912750870822e-28
285648000000.0 9.955713136365488e-29
286602000000.0 9.823932774286382e-29
287559000000.0 9.692925681253319e-29
288519000000.0 9.56631735291405e-29
289482000000.0 9.440450932062424e-29
290448000000.0 9.315322939339161e-29
291418000000.0 9.190898357188186e-29
292391000000.0 9.070787347063835e-29
293367000000.0 8.947812410957019e-29
294347000000.0 8.829090323004829e-29
295329000000.0 8.714642586458378e-29
296315000000.0 8.597303700981865e-29
297304000000.0 8.484179416580689e-29
298297000000.0 8.371693005218857e-29
299293000000.0 8.259870225793565e-29
