WAVE FLUX
0.000129662 0.0
0.000133601 0.0
0.00013766 0.0
0.000141842 0.0
0.00014615 0.0
0.00015059 0.0
0.000155165 0.0
0.000159879 0.0
0.000164736 0.0
0.00016974 0.0
0.000174896 0.0
0.00018021 0.0
0.000185684 0.0
0.000191325 0.0
0.000197137 0.0
0.000203126 0.0
0.000209296 0.0
0.000215654 0.0
0.000222206 0.0
0.000228956 0.0
0.000235911 0.0
0.000243078 0.0
0.000250462 0.0
0.000258071 0.0
0.000265911 0.0
0.000273989 0.0
0.000282312 0.0
0.000290888 0.0
0.000299725 0.0
0.00030883 0.0
0.000318212 0.0
0.000327879 0.0
0.00033784 0.0
0.000348103 0.0
0.000358677 0.0
0.000369574 0.0
0.000380801 0.0
0.000392369 0.0
0.000404288 0.0
0.00041657 0.0
0.000429225 0.0
0.000442264 0.0
0.000455699 0.0
0.000469543 0.0
0.000483807 0.0
0.000498504 0.0
0.000513648 0.0
0.000529252 0.0
0.00054533 0.0
0.000561896 0.0
0.000578966 0.0
0.000596554 0.0
0.000614676 0.0
0.000633349 0.0
0.00065259 0.0
0.000672414 0.0
0.000692841 0.0
0.000713889 0.0
0.000735576 0.0
0.000757921 0.0
0.000780946 0.0
0.00080467 0.0
0.000829115 0.0
0.000854302 0.0
0.000880254 0.0
0.000906995 0.0
0.000934548 0.0
0.000962938 0.0
0.000992191 0.0
0.00102233 0.0
0.00105339 0.0
0.00108539 0.0
0.00111836 0.0
0.00115234 0.0
0.00118734 0.0
0.00122341 0.0
0.00126058 0.0
0.00129887 0.0
0.00133833 0.0
0.00137899 0.0
0.00142088 0.0
0.00146404 0.0
0.00150852 0.0
0.00155434 0.0
0.00160156 0.0
0.00165022 0.0
0.00170035 0.0
0.001752 0.0
0.00180522 0.0
0.00186006 0.0
0.00191657 0.0
0.00197479 0.0
0.00203478 0.0
0.0020966 0.0
0.00216029 0.0
0.00222592 0.0
0.00229354 0.0
0.00236321 0.0
0.002435 0.0
0.00250897 0.0
0.00258519 0.0
0.00266373 0.0
0.00274465 0.0
0.00282803 0.0
0.00291394 0.0
0.00300246 0.0
0.00309367 0.0
0.00318765 0.0
0.00328449 0.0
0.00338426 0.0
0.00348707 0.0
0.003593 0.0
0.00370215 0.0
0.00381462 0.0
0.0039305 0.0
0.00404991 0.0
0.00417294 0.0
0.0042997 0.0
0.00443032 0.0
0.00456491 0.0
0.00470358 0.0
0.00484647 0.0
0.0049937 0.0
0.0051454 0.0
0.00530171 0.0
0.00546277 0.0
0.00562872 0.0
0.00579971 0.0
0.0059759 0.0
0.00615744 0.0
0.00634449 0.0
0.00653723 0.0
0.00673582 0.0
0.00694045 0.0
0.00715129 0.0
0.00736853 0.0
0.00759238 0.0
0.00782302 0.0
0.00806067 0.0
0.00830554 0.0
0.00855786 0.0
0.00881783 0.0
0.0090857 0.0
0.00936171 0.0
0.00964611 0.0
0.00993914 0.0
0.0102411 0.0
0.0105522 0.0
0.0108727 0.0
0.011203 0.0
0.0115434 0.0
0.011894 0.0
0.0122554 0.0
0.0126277 0.0
0.0130113 0.0
0.0134065 0.0
0.0138138 0.0
0.0142335 0.0
0.0146659 0.0
0.0151114 0.0
0.0155704 0.0
0.0160434 0.0
0.0165308 0.0
0.017033 0.0
0.0175504 0.0
0.0180836 0.0
0.018633 0.0
0.019199 0.0
0.0197822 0.0
0.0203832 0.0
0.0210024 0.0
0.0216404 0.0
0.0222978 0.0
0.0229752 0.0
0.0236732 0.0
0.0243923 0.0
0.0251333 0.0
0.0258968 0.0
0.0266835 0.0
0.0274941 0.0
0.0283294 0.0
0.02919 0.0
0.0300767 0.0
0.0309904 0.0
0.0319319 0.0
0.0329019 0.0
0.0339014 0.0
0.0349313 0.0
0.0359924 0.0
0.0370858 0.0
0.0382125 0.0
0.0393733 0.0
0.0405694 0.0
0.0418018 0.0
0.0430717 0.0
0.0443802 0.0
0.0457284 0.0
0.0471175 0.0
0.0485489 0.0
0.0500237 0.0
0.0515434 0.0
0.0531092 0.0
0.0547226 0.0
0.056385 0.0
0.0580979 0.0
0.0598628 0.0
0.0616813 0.0
0.0635551 0.0
0.0654858 0.0
0.0674752 0.0
0.069525 0.0
0.0716371 0.0
0.0738133 0.0
0.0760556 0.0
0.0783661 0.0
0.0807467 0.0
0.0831997 0.0
0.0857272 0.0
0.0883314 0.0
0.0910148 0.0
0.0937797 0.0
0.0966286 0.0
0.099564 0.0
0.102589 0.0
0.105705 0.0
0.108916 0.0
0.112225 0.0
0.115634 0.0
0.119147 0.0
0.122767 0.0
0.126496 0.0
0.130339 0.0
0.134298 0.0
0.138378 0.0
0.142582 0.0
0.146913 0.0
0.151376 0.0
0.155975 0.0
0.160713 0.0
0.165595 0.0
0.170626 0.0
0.175809 0.0
0.18115 0.0
0.186653 0.0
0.192323 0.0
0.198166 0.0
0.204186 0.0
0.210389 0.0
0.21678 0.0
0.223366 0.0
0.230151 0.0
0.237143 0.0
0.244347 0.0
0.25177 0.0
0.259418 0.0
0.267299 0.0
0.275419 0.0
0.283786 0.0
0.292407 0.0
0.30129 0.0
0.310442 0.0
0.319873 0.0
0.32959 0.0
0.339603 0.0
0.349919 0.0
0.36055 0.0
0.371502 0.0
0.382788 0.0
0.394417 0.0
0.406399 0.0
0.418744 0.0
0.431465 0.0
0.444572 0.0
0.458078 0.0
0.471994 0.0
0.486332 0.0
0.501106 0.0
0.516329 0.0
0.532014 0.0
0.548176 0.0
0.564829 0.0
0.581988 0.0
0.599668 0.0
0.617885 0.0
0.636655 0.0
0.655996 0.0
0.675924 0.0
0.696457 0.0
0.717615 0.0
0.739415 0.0
0.761877 0.0
0.785022 0.0
0.80887 0.0
0.833442 0.0
0.858761 0.0
0.884849 0.0
0.911729 0.0
0.939426 0.0
0.967964 0.0
0.99737 0.0
1.01281 0.0
1.01339 0.0
1.01397 0.0
1.01455 0.0
1.01513 0.0
1.01571 0.0
1.01629 0.0
1.01687 0.0
1.01745 0.0
1.01803 0.0
1.01861 0.0
1.0192 0.0
1.01978 0.0
1.02036 0.0
1.02095 0.0
1.02153 0.0
1.02211 0.0
1.0227 0.0
1.02328 0.0
1.02387 0.0
1.02445 0.0
1.02504 0.0
1.02562 0.0
1.02621 0.0
1.0268 0.0
1.02738 0.0
1.02797 0.0
1.02856 0.0
1.02915 0.0
1.02974 0.0
1.03033 0.0
1.03091 0.0
1.0315 0.0
1.03209 0.0
1.03268 0.0
1.03327 0.0
1.03386 0.0
1.03446 0.0
1.03505 0.0
1.03564 0.0
1.03623 0.0
1.03682 0.0
1.03742 0.0
1.03801 0.0
1.0386 0.0
1.0392 0.0
1.03979 0.0
1.04039 0.0
1.04098 0.0
1.04158 0.0
1.04217 0.0
1.04277 0.0
1.04336 0.0
1.04396 0.0
1.04456 0.0
1.04515 0.0
1.04575 0.0
1.04635 0.0
1.04695 0.0
1.04755 0.0
1.04815 0.0
1.04874 0.0
1.04934 0.0
1.04994 0.0
1.05054 0.0
1.05114 0.0
1.05175 0.0
1.05235 0.0
1.05295 0.0
1.05355 0.0
1.05415 0.0
1.05476 0.0
1.05536 0.0
1.05596 0.0
1.05657 0.0
1.05717 0.0
1.05777 0.0
1.05838 0.0
1.05898 0.0
1.05959 0.0
1.0602 0.0
1.0608 0.0
1.06141 0.0
1.06202 0.0
1.06262 0.0
1.06323 0.0
1.06384 0.0
1.06445 0.0
1.06505 0.0
1.06566 0.0
1.06627 0.0
1.06688 0.0
1.06749 0.0
1.0681 0.0
1.06871 0.0
1.06932 0.0
1.06994 0.0
1.07055 0.0
1.07116 0.0
1.07177 0.0
1.0724 0.0
1.07304 0.0
1.07369 0.0
1.07433 0.0
1.07498 0.0
1.07562 0.0
1.07627 0.0
1.07692 0.0
1.07756 0.0
1.07821 0.0
1.07886 0.0
1.0795 0.0
1.08015 0.0
1.0808 0.0
1.08145 0.0
1.0821 0.0
1.08275 0.0
1.0834 0.0
1.08405 0.0
1.0847 0.0
1.08535 0.0
1.086 0.0
1.08666 0.0
1.08731 0.0
1.08796 0.0
1.08861 0.0
1.08927 0.0
1.08992 0.0
1.09058 0.0
1.09123 0.0
1.09189 0.0
1.09254 0.0
1.0932 0.0
1.09385 0.0
1.09451 0.0
1.09517 0.0
1.09583 0.0
1.09648 0.0
1.09714 0.0
1.0978 0.0
1.09846 0.0
1.09912 0.0
1.09978 0.0
1.10044 0.0
1.1011 0.0
1.10176 0.0
1.10242 0.0
1.10309 0.0
1.10375 0.0
1.10441 0.0
1.10507 0.0
1.10574 0.0
1.1064 0.0
1.10707 0.0
1.10773 0.0
1.1084 0.0
1.10906 0.0
1.10973 0.0
1.11039 0.0
1.11106 0.0
1.11173 0.0
1.11239 0.0
1.11306 0.0
1.11373 0.0
1.1144 0.0
1.11507 0.0
1.11574 0.0
1.11641 0.0
1.11708 0.0
1.11775 0.0
1.11842 0.0
1.11909 0.0
1.11976 0.0
1.12044 0.0
1.12111 0.0
1.12178 0.0
1.12245 0.0
1.12313 0.0
1.1238 0.0
1.12448 0.0
1.12515 0.0
1.12583 0.0
1.1265 0.0
1.12718 0.0
1.12786 0.0
1.12854 0.0
1.12921 0.0
1.12989 0.0
1.13057 0.0
1.13125 0.0
1.13193 0.0
1.13261 0.0
1.13329 0.0
1.13397 0.0
1.13465 0.0
1.13533 0.0
1.13601 0.0
1.13669 0.0
1.13738 0.0
1.13806 0.0
1.13874 0.0
1.13945 0.0
1.14018 0.0
1.1409 0.0
1.14163 0.0
1.14236 0.0
1.14309 0.0
1.14382 0.0
1.14456 0.0
1.14529 0.0
1.14602 0.0
1.14675 0.0
1.14749 0.0
1.14822 0.0
1.14895 0.0
1.14969 0.0
1.15042 0.0
1.15116 0.0
1.15189 0.0
1.15263 0.0
1.15337 0.0
1.1541 0.0
1.15484 0.0
1.15558 0.0
1.15632 0.0
1.15706 0.0
1.1578 0.0
1.15854 0.0
1.15928 0.0
1.16002 0.0
1.16076 0.0
1.1615 0.0
1.16224 0.0
1.16299 0.0
1.16373 0.0
1.16447 0.0
1.16522 0.0
1.16596 0.0
1.16671 0.0
1.16745 0.0
1.1682 0.0
1.16895 0.0
1.16969 0.0
1.17044 0.0
1.17119 0.0
1.17194 0.0
1.17269 0.0
1.17344 0.0
1.17419 0.0
1.17494 0.0
1.17569 0.0
1.17644 0.0
1.17719 0.0
1.17795 0.0
1.1787 0.0
1.17945 0.0
1.18021 0.0
1.18096 0.0
1.18171 0.0
1.18247 0.0
1.18323 0.0
1.18398 0.0
1.18474 0.0
1.1855 0.0
1.18625 0.0
1.18701 0.0
1.18777 0.0
1.18853 0.0
1.18929 0.0
1.19005 0.0
1.19081 0.0
1.19157 0.0
1.19233 0.0
1.1931 0.0
1.19386 0.0
1.19462 0.0
1.19539 0.0
1.19615 0.0
1.19691 0.0
1.19768 0.0
1.19844 0.0
1.19921 0.0
1.19998 0.0
1.20074 0.0
1.20151 0.0
1.20228 0.0
1.20305 0.0
1.20382 0.0
1.20459 0.0
1.20536 0.0
1.20613 0.0
1.2069 0.0
1.20767 0.0
1.20844 0.0
1.20921 0.0
1.20999 0.0
1.21076 0.0
1.21153 0.0
1.21231 0.0
1.21308 0.0
1.21386 0.0
1.21463 0.0
1.21544 0.0
1.21627 0.0
1.2171 0.0
1.21793 0.0
1.21876 0.0
1.2196 0.0
1.22043 0.0
1.22126 0.0
1.2221 0.0
1.22293 0.0
1.22377 0.0
1.22461 0.0
1.22544 0.0
1.22628 0.0
1.22712 0.0
1.22796 0.0
1.22879 0.0
1.22963 0.0
1.23047 0.0
1.23132 0.0
1.23216 0.0
1.233 0.0
1.23384 0.0
1.23468 0.0
1.23553 0.0
1.23637 0.0
1.23722 0.0
1.23806 0.0
1.23891 0.0
1.23976 0.0
1.2406 0.0
1.24145 0.0
1.2423 0.0
1.24315 0.0
1.244 0.0
1.24485 0.0
1.2457 0.0
1.24655 0.0
1.2474 0.0
1.24825 0.0
1.24911 0.0
1.24996 0.0
1.25081 0.0
1.25167 0.0
1.25252 0.0
1.25338 0.0
1.25424 0.0
1.25509 0.0
1.25595 0.0
1.25681 0.0
1.25767 0.0
1.25853 0.0
1.25939 0.0
1.26025 0.0
1.26111 0.0
1.26197 0.0
1.26283 0.0
1.2637 0.0
1.26456 0.0
1.26542 0.0
1.26629 0.0
1.26715 0.0
1.26802 0.0
1.26889 0.0
1.26975 0.0
1.27062 0.0
1.27149 0.0
1.27236 0.0
1.27323 0.0
1.2741 0.0
1.27497 0.0
1.27584 0.0
1.27671 0.0
1.27758 0.0
1.27846 0.0
1.27933 0.0
1.2802 0.0
1.28108 0.0
1.28195 0.0
1.28283 0.0
1.28371 0.0
1.28458 0.0
1.28546 0.0
1.28634 0.0
1.28722 0.0
1.2881 0.0
1.28898 0.0
1.28986 0.0
1.29074 0.0
1.29162 0.0
1.29251 0.0
1.29339 0.0
1.29427 0.0
1.29516 0.0
1.29604 0.0
1.29693 0.0
1.29781 0.0
1.2987 0.0
1.29959 0.0
1.30048 0.0
1.30137 0.0
1.30229 0.0
1.30324 0.0
1.3042 0.0
1.30516 0.0
1.30612 0.0
1.30707 0.0
1.30803 0.0
1.30899 0.0
1.30995 0.0
1.31092 0.0
1.31188 0.0
1.31284 0.0
1.3138 0.0
1.31477 0.0
1.31573 0.0
1.3167 0.0
1.31767 0.0
1.31863 0.0
1.3196 0.0
1.32057 0.0
1.32154 0.0
1.32251 0.0
1.32348 0.0
1.32445 0.0
1.32542 0.0
1.3264 0.0
1.32737 0.0
1.32834 0.0
1.32932 0.0
1.3303 0.0
1.33127 0.0
1.33225 0.0
1.33323 0.0
1.33421 0.0
1.33518 0.0
1.33616 0.0
1.33715 0.0
1.33813 0.0
1.33911 0.0
1.34009 0.0
1.34108 0.0
1.34206 0.0
1.34305 0.0
1.34403 0.0
1.34502 0.0
1.346 0.0
1.34699 0.0
1.34798 0.0
1.34897 0.0
1.34996 0.0
1.35095 0.0
1.35194 0.0
1.35294 0.0
1.35393 0.0
1.35492 0.0
1.35592 0.0
1.35691 0.0
1.35791 0.0
1.35891 0.0
1.3599 0.0
1.3609 0.0
1.3619 0.0
1.3629 0.0
1.3639 0.0
1.3649 0.0
1.3659 0.0
1.36691 0.0
1.36791 0.0
1.36891 0.0
1.36992 0.0
1.37092 0.0
1.37193 0.0
1.37294 0.0
1.37394 0.0
1.37495 0.0
1.37596 0.0
1.37697 0.0
1.37798 0.0
1.37899 0.0
1.38001 0.0
1.38102 0.0
1.38203 0.0
1.38305 0.0
1.38406 0.0
1.38508 0.0
1.3861 0.0
1.38711 0.0
1.38813 0.0
1.38915 0.0
1.39017 0.0
1.39119 0.0
1.39221 0.0
1.39323 0.0
1.39426 0.0
1.39528 0.0
1.3963 0.0
1.39733 0.0
1.39835 0.0
1.39938 0.0
1.40041 0.0
1.40144 0.0
1.4025 0.0
1.4036 0.0
1.4047 0.0
1.40581 0.0
1.40691 0.0
1.40801 0.0
1.40912 0.0
1.41022 0.0
1.41133 0.0
1.41244 0.0
1.41355 0.0
1.41466 0.0
1.41577 0.0
1.41688 0.0
1.41799 0.0
1.41911 0.0
1.42022 0.0
1.42133 0.0
1.42245 0.0
1.42357 0.0
1.42468 0.0
1.4258 0.0
1.42692 0.0
1.42804 0.0
1.42916 0.0
1.43029 0.0
1.43141 0.0
1.43253 0.0
1.43366 0.0
1.43478 0.0
1.43591 0.0
1.43704 0.0
1.43816 0.0
1.43929 0.0
1.44042 0.0
1.44155 0.0
1.44269 0.0
1.44382 0.0
1.44495 0.0
1.44609 0.0
1.44722 0.0
1.44836 0.0
1.44949 0.0
1.45063 0.0
1.45177 0.0
1.45291 0.0
1.45405 0.0
1.45519 0.0
1.45634 0.0
1.45748 0.0
1.45862 0.0
1.45977 0.0
1.46091 0.0
1.46206 0.0
1.46321 0.0
1.46436 0.0
1.46551 0.0
1.46666 0.0
1.46781 0.0
1.46896 0.0
1.47011 0.0
1.47127 0.0
1.47242 0.0
1.47358 0.0
1.47474 0.0
1.47589 0.0
1.47705 0.0
1.47821 0.0
1.47937 0.0
1.48053 0.0
1.4817 0.0
1.48286 0.0
1.48402 0.0
1.48519 0.0
1.48635 0.0
1.48752 0.0
1.48869 0.0
1.48986 0.0
1.49103 0.0
1.4922 0.0
1.49337 0.0
1.49454 0.0
1.49571 0.0
1.49689 0.0
1.49806 0.0
1.49924 0.0
1.50042 0.0
1.50159 0.0
1.50277 0.0
1.50395 0.0
1.50513 0.0
1.50632 0.0
1.5075 0.0
1.50868 0.0
1.50987 0.0
1.51105 0.0
1.51224 0.0
1.51342 0.0
1.51461 0.0
1.5158 0.0
1.51699 0.0
1.51818 0.0
1.51943 0.0
1.52072 0.0
1.52202 0.0
1.52332 0.0
1.52462 0.0
1.52592 0.0
1.52722 0.0
1.52853 0.0
1.52983 0.0
1.53114 0.0
1.53244 0.0
1.53375 0.0
1.53506 0.0
1.53637 0.0
1.53768 0.0
1.53899 0.0
1.54031 0.0
1.54162 0.0
1.54294 0.0
1.54425 0.0
1.54557 0.0
1.54689 0.0
1.54821 0.0
1.54953 0.0
1.55085 0.0
1.55218 0.0
1.5535 0.0
1.55483 0.0
1.55616 0.0
1.55748 0.0
1.55881 0.0
1.56014 0.0
1.56147 0.0
1.56281 0.0
1.56414 0.0
1.56548 0.0
1.56681 0.0
1.56815 0.0
1.56949 0.0
1.57083 0.0
1.57217 0.0
1.57351 0.0
1.57485 0.0
1.5762 0.0
1.57754 0.0
1.57889 0.0
1.58023 0.0
1.58158 0.0
1.58293 0.0
1.58428 0.0
1.58564 0.0
1.58699 0.0
1.58834 0.0
1.5897 0.0
1.59106 0.0
1.59241 0.0
1.59377 0.0
1.59513 0.0
1.59649 0.0
1.59786 0.0
1.59922 0.0
1.60058 0.0
1.60195 0.0
1.60332 0.0
1.60469 0.0
1.60606 0.0
1.60743 0.0
1.6088 0.0
1.61017 0.0
1.61155 0.0
1.61292 0.0
1.6143 0.0
1.61567 0.0
1.61705 0.0
1.61843 0.0
1.61981 0.0
1.6212 0.0
1.62258 0.0
1.62397 0.0
1.62535 0.0
1.62674 0.0
1.62813 0.0
1.62952 0.0
1.63091 0.0
1.6323 0.0
1.63369 0.0
1.63509 0.0
1.63648 0.0
1.63788 0.0
1.63928 0.0
1.64067 0.0
1.64207 0.0
1.64348 0.0
1.64488 0.0
1.64628 0.0
1.64769 0.0
1.64909 0.0
1.6505 0.0
1.65191 0.0
1.65332 0.0
1.65473 0.0
1.65614 0.0
1.65762 0.0
1.65917 0.0
1.66072 0.0
1.66228 0.0
1.66383 0.0
1.66539 0.0
1.66694 0.0
1.6685 0.0
1.67006 0.0
1.67162 0.0
1.67318 0.0
1.67475 0.0
1.67631 0.0
1.67788 0.0
1.67945 0.0
1.68102 0.0
1.68259 0.0
1.68416 0.0
1.68574 0.0
1.68732 0.0
1.68889 0.0
1.69047 0.0
1.69205 0.0
1.69363 0.0
1.69522 0.0
1.6968 0.0
1.69839 0.0
1.69998 0.0
1.70156 0.0
1.70316 0.0
1.70475 0.0
1.70634 0.0
1.70794 0.0
1.70953 0.0
1.71113 0.0
1.71273 0.0
1.71433 0.0
1.71593 0.0
1.71754 0.0
1.71914 0.0
1.72075 0.0
1.72236 0.0
1.72397 0.0
1.72558 0.0
1.7272 0.0
1.72881 0.0
1.73043 0.0
1.73204 0.0
1.73366 0.0
1.73528 0.0
1.73691 0.0
1.73853 0.0
1.74016 0.0
1.74178 0.0
1.74341 0.0
1.74504 0.0
1.74667 0.0
1.7483 0.0
1.74994 0.0
1.75157 0.0
1.75321 0.0
1.75485 0.0
1.75649 0.0
1.75813 0.0
1.75978 0.0
1.76142 0.0
1.76307 0.0
1.76472 0.0
1.76637 0.0
1.76802 0.0
1.76967 0.0
1.77133 0.0
1.77298 0.0
1.77464 0.0
1.7763 0.0
1.77796 0.0
1.77962 0.0
1.78128 0.0
1.78295 0.0
1.78462 0.0
1.78628 0.0
1.78795 0.0
1.78963 0.0
1.7913 0.0
1.79297 0.0
1.79465 0.0
1.79633 0.0
1.79801 0.0
1.79969 0.0
1.80137 0.0
1.80305 0.0
1.80474 0.0
1.80643 0.0
1.80812 0.0
1.80981 0.0
1.8115 0.0
1.81319 0.0
1.81489 0.0
1.81658 0.0
1.81828 0.0
1.81998 0.0
1.82168 0.0
1.82347 0.0
1.82533 0.0
1.8272 0.0
1.82907 0.0
1.83094 0.0
1.83282 0.0
1.83469 0.0
1.83657 0.0
1.83845 0.0
1.84033 0.0
1.84221 0.0
1.8441 0.0
1.84599 0.0
1.84788 0.0
1.84977 0.0
1.85166 0.0
1.85356 0.0
1.85545 0.0
1.85735 0.0
1.85925 0.0
1.86116 0.0
1.86306 0.0
1.86497 0.0
1.86688 0.0
1.86879 0.0
1.8707 0.0
1.87261 0.0
1.87453 0.0
1.87645 0.0
1.87837 0.0
1.88029 0.0
1.88222 0.0
1.88414 0.0
1.88607 0.0
1.888 0.0
1.88993 0.0
1.89187 0.0
1.8938 0.0
1.89574 0.0
1.89768 0.0
1.89962 0.0
1.90157 0.0
1.90351 0.0
1.90546 0.0
1.90741 0.0
1.90936 0.0
1.91132 0.0
1.91327 0.0
1.91523 0.0
1.91719 0.0
1.91916 0.0
1.92112 0.0
1.92309 0.0
1.92505 0.0
1.92702 0.0
1.929 0.0
1.93097 0.0
1.93295 0.0
1.93492 0.0
1.93691 0.0
1.93889 0.0
1.94087 0.0
1.94286 0.0
1.94485 0.0
1.94684 0.0
1.94883 0.0
1.95082 0.0
1.95282 0.0
1.95482 0.0
1.95682 0.0
1.95882 0.0
1.96083 0.0
1.96283 0.0
1.96484 0.0
1.96685 0.0
1.96887 0.0
1.97088 0.0
1.9729 0.0
1.97492 0.0
1.97694 0.0
1.97896 0.0
1.98099 0.0
1.98302 0.0
1.98504 0.0
1.98708 0.0
1.98911 0.0
1.99115 0.0
1.99318 0.0
1.99522 0.0
1.99727 0.0
1.99931 0.0
2.00136 0.0
2.0034 0.0
2.00545 0.0
2.00751 0.0
2.00956 0.0
2.01162 0.0
2.01368 0.0
2.01574 0.0
2.0178 0.0
2.01987 0.0
2.02193 0.0
2.024 0.0
2.0262 0.0
2.02851 0.0
2.03084 0.0
2.03316 0.0
2.03549 0.0
2.03781 0.0
2.04015 0.0
2.04248 0.0
2.04482 0.0
2.04716 0.0
2.0495 0.0
2.05184 0.0
2.05419 0.0
2.05654 0.0
2.05889 0.0
2.06125 0.0
2.06361 0.0
2.06597 0.0
2.06833 0.0
2.0707 0.0
2.07307 0.0
2.07544 0.0
2.07782 0.0
2.08019 0.0
2.08257 0.0
2.08496 0.0
2.08734 0.0
2.08973 0.0
2.09212 0.0
2.09452 0.0
2.09691 0.0
2.09931 0.0
2.10171 0.0
2.10412 0.0
2.10653 0.0
2.10894 0.0
2.11135 0.0
2.11376 0.0
2.11618 0.0
2.1186 0.0
2.12103 0.0
2.12346 0.0
2.12588 0.0
2.12832 0.0
2.13075 0.0
2.13319 0.0
2.13563 0.0
2.13807 0.0
2.14052 0.0
2.14297 0.0
2.14542 0.0
2.14788 0.0
2.15033 0.0
2.15279 0.0
2.15526 0.0
2.15772 0.0
2.16019 0.0
2.16266 0.0
2.16514 0.0
2.16762 0.0
2.1701 0.0
2.17258 0.0
2.17506 0.0
2.17755 0.0
2.18005 0.0
2.18254 0.0
2.18504 0.0
2.18754 0.0
2.19004 0.0
2.19255 0.0
2.19505 0.0
2.19757 0.0
2.20008 0.0
2.2026 0.0
2.20512 0.0
2.20764 0.0
2.21017 0.0
2.2127 0.0
2.21523 0.0
2.21776 0.0
2.2203 0.0
2.22284 0.0
2.22538 0.0
2.22793 0.0
2.23048 0.0
2.23303 0.0
2.23559 0.0
2.23814 0.0
2.2407 0.0
2.24327 0.0
2.24583 0.0
2.2484 0.0
2.25098 0.0
2.25355 0.0
2.25613 0.0
2.25871 0.0
2.2613 0.0
2.26388 0.0
2.26647 0.0
2.26907 0.0
2.27166 0.0
2.27426 0.0
2.27687 0.0
2.27963 0.0
2.28256 0.0
2.28549 0.0
2.28843 0.0
2.29137 0.0
2.29431 0.0
2.29726 0.0
2.30021 0.0
2.30317 0.0
2.30613 0.0
2.30909 0.0
2.31206 0.0
2.31503 0.0
2.318 0.0
2.32098 0.0
2.32396 0.0
2.32695 0.0
2.32994 0.0
2.33293 0.0
2.33593 0.0
2.33893 0.0
2.34193 0.0
2.34494 0.0
2.34795 0.0
2.35097 0.0
2.35399 0.0
2.35702 0.0
2.36004 0.0
2.36308 0.0
2.36611 0.0
2.36915 0.0
2.3722 0.0
2.37524 0.0
2.37829 0.0
2.38135 0.0
2.38441 0.0
2.38747 0.0
2.39054 0.0
2.39361 0.0
2.39669 0.0
2.39977 0.0
2.40285 0.0
2.40594 0.0
2.40903 0.0
2.41212 0.0
2.41522 0.0
2.41833 0.0
2.42143 0.0
2.42454 0.0
2.42766 0.0
2.43078 0.0
2.4339 0.0
2.43703 0.0
2.44016 0.0
2.44329 0.0
2.44643 0.0
2.44958 0.0
2.45272 0.0
2.45587 0.0
2.45903 0.0
2.46219 0.0
2.46535 0.0
2.46852 0.0
2.47169 0.0
2.47487 0.0
2.47805 0.0
2.48123 0.0
2.48442 0.0
2.48761 0.0
2.49081 0.0
2.49401 0.0
2.49721 0.0
2.50042 0.0
2.50363 0.0
2.50685 0.0
2.51007 0.0
2.51329 0.0
2.51652 0.0
2.51976 0.0
2.52299 0.0
2.52623 0.0
2.52948 0.0
2.53273 0.0
2.53598 0.0
2.53924 0.0
2.5425 0.0
2.54577 0.0
2.54904 0.0
2.55232 0.0
2.5556 0.0
2.55888 0.0
2.56217 0.0
2.56546 0.0
2.56875 0.0
2.57205 0.0
2.57536 0.0
2.57867 0.0
2.58198 0.0
2.5853 0.0
2.58862 0.0
2.59195 0.0
2.59528 0.0
2.59861 0.0
2.60195 0.0
2.60553 0.0
2.60936 0.0
2.61319 0.0
2.61703 0.0
2.62088 0.0
2.62473 0.0
2.62858 0.0
2.63245 0.0
2.63631 0.0
2.64019 0.0
2.64407 0.0
2.64795 0.0
2.65184 0.0
2.65574 0.0
2.65964 0.0
2.66355 0.0
2.66746 0.0
2.67138 0.0
2.6753 0.0
2.67923 0.0
2.68317 0.0
2.68711 0.0
2.69106 0.0
2.69501 0.0
2.69897 0.0
2.70294 0.0
2.70691 0.0
2.71089 0.0
2.71487 0.0
2.71886 0.0
2.72285 0.0
2.72685 0.0
2.73086 0.0
2.73487 0.0
2.73889 0.0
2.74291 0.0
2.74694 0.0
2.75098 0.0
2.75502 0.0
2.75907 0.0
2.76312 0.0
2.76718 0.0
2.77125 0.0
2.77532 0.0
2.77939 0.0
2.78348 0.0
2.78757 0.0
2.79166 0.0
2.79576 0.0
2.79987 0.0
2.80399 0.0
2.8081 0.0
2.81223 0.0
2.81636 0.0
2.8205 0.0
2.82464 0.0
2.82879 0.0
2.83295 0.0
2.83711 0.0
2.84128 0.0
2.84545 0.0
2.84963 0.0
2.85382 0.0
2.85801 0.0
2.86221 0.0
2.86642 0.0
2.87063 0.0
2.87485 0.0
2.87907 0.0
2.8833 0.0
2.88754 0.0
2.89178 0.0
2.89603 0.0
2.90028 0.0
2.90454 0.0
2.90881 0.0
2.91308 0.0
2.91736 0.0
2.92165 0.0
2.92594 0.0
2.93024 0.0
2.93455 0.0
2.93886 0.0
2.94318 0.0
2.9475 0.0
2.95183 0.0
2.95617 0.0
2.96051 0.0
2.96486 0.0
2.96922 0.0
2.97358 0.0
2.97795 0.0
2.98232 0.0
2.9867 0.0
2.99109 0.0
2.99549 0.0
2.99989 0.0
3.00429 0.0
3.00871 0.0
3.01313 0.0
3.01755 0.0
3.02199 0.0
3.02643 0.0
3.03087 0.0
3.03533 0.0
3.04014 0.0
3.04533 0.0
3.05052 0.0
3.05573 0.0
3.06094 0.0
3.06616 0.0
3.07139 0.0
3.07662 0.0
3.08187 0.0
3.08713 0.0
3.09239 0.0
3.09766 0.0
3.10295 0.0
3.10824 0.0
3.11354 0.0
3.11885 0.0
3.12417 0.0
3.1295 0.0
3.13483 0.0
3.14018 0.0
3.14553 0.0
3.1509 0.0
3.15627 0.0
3.16166 0.0
3.16705 0.0
3.17245 0.0
3.17786 0.0
3.18328 0.0
3.18871 0.0
3.19414 0.0
3.19959 0.0
3.20505 0.0
3.21051 0.0
3.21599 0.0
3.22147 0.0
3.22697 0.0
3.23247 0.0
3.23798 0.0
3.24351 0.0
3.24904 0.0
3.25458 0.0
3.26013 0.0
3.26569 0.0
3.27126 0.0
3.27684 0.0
3.28242 0.0
3.28802 0.0
3.29363 0.0
3.29925 0.0
3.30487 0.0
3.31051 0.0
3.31616 0.0
3.32181 0.0
3.32748 0.0
3.33315 0.0
3.33883 0.0
3.34453 0.0
3.35023 0.0
3.35595 0.0
3.36167 0.0
3.3674 0.0
3.37314 0.0
3.3789 0.0
3.38466 0.0
3.39043 0.0
3.39621 0.0
3.40201 0.0
3.40781 0.0
3.41362 0.0
3.41944 0.0
3.42527 0.0
3.43111 0.0
3.43696 0.0
3.44283 0.0
3.4487 0.0
3.45458 0.0
3.46047 0.0
3.46637 0.0
3.47228 0.0
3.47821 0.0
3.48414 0.0
3.49008 0.0
3.49603 0.0
3.50199 0.0
3.50797 0.0
3.51395 0.0
3.51994 0.0
3.52594 0.0
3.53196 0.0
3.53798 0.0
3.54401 0.0
3.55006 0.0
3.55611 0.0
3.56218 0.0
3.56825 0.0
3.57434 0.0
3.58043 0.0
3.58654 0.0
3.59265 0.0
3.59878 0.0
3.60492 0.0
3.61107 0.0
3.61722 0.0
3.62339 0.0
3.62957 0.0
3.63576 0.0
3.64196 0.0
3.6488 0.0
3.65628 0.0
3.66377 0.0
3.67128 0.0
3.6788 0.0
3.68634 0.0
3.69389 0.0
3.70146 0.0
3.70905 0.0
3.71665 0.0
3.72427 0.0
3.7319 0.0
3.73955 0.0
3.74721 0.0
3.75489 0.0
3.76258 0.0
3.77029 0.0
3.77802 0.0
3.78576 0.0
3.79352 0.0
3.8013 0.0
3.80909 0.0
3.81689 0.0
3.82471 0.0
3.83255 0.0
3.84041 0.0
3.84828 0.0
3.85616 0.0
3.86406 0.0
3.87198 0.0
3.87992 0.0
3.88787 0.0
3.89584 0.0
3.90382 0.0
3.91182 0.0
3.91984 0.0
3.92787 0.0
3.93592 0.0
3.94398 0.0
3.95207 0.0
3.96017 0.0
3.96828 0.0
3.97641 0.0
3.98456 0.0
3.99273 0.0
4.00091 0.0
4.00911 0.0
4.01732 0.0
4.02556 0.0
4.03381 0.0
4.04207 0.0
4.05036 0.0
4.05866 0.0
4.06697 0.0
4.07531 0.0
4.08366 0.0
4.09203 0.0
4.10041 0.0
4.10882 0.0
4.11724 0.0
4.12567 0.0
4.13413 0.0
4.1426 0.0
4.15109 0.0
4.1596 0.0
4.16812 0.0
4.17666 0.0
4.18522 0.0
4.1938 0.0
4.20239 0.0
4.21101 0.0
4.21963 0.0
4.22828 0.0
4.23695 0.0
4.24563 0.0
4.25433 0.0
4.26305 0.0
4.27178 0.0
4.28054 0.0
4.28931 0.0
4.2981 0.0
4.30691 0.0
4.31573 0.0
4.32458 0.0
4.33344 0.0
4.34232 0.0
4.35122 0.0
4.36014 0.0
4.36907 0.0
4.37803 0.0
4.387 0.0
4.39599 0.0
4.405 0.0
4.41402 0.0
4.42307 0.0
4.43213 0.0
4.44122 0.0
4.45032 0.0
4.45944 0.0
4.46858 0.0
4.47773 0.0
4.48691 0.0
4.4961 0.0
4.50532 0.0
4.51455 0.0
4.5238 0.0
4.53307 0.0
4.54236 0.0
4.55167 0.0
4.56219 0.0
4.57392 0.0
4.58568 0.0
4.59748 0.0
4.6093 0.0
4.62116 0.0
4.63304 0.0
4.64496 0.0
4.6569 0.0
4.66888 0.0
4.68089 0.0
4.69293 0.0
4.705 0.0
4.7171 0.0
4.72923 0.0
4.74139 0.0
4.75359 0.0
4.76581 0.0
4.77807 0.0
4.79036 0.0
4.80268 0.0
4.81503 0.0
4.82741 0.0
4.83983 0.0
4.85228 0.0
4.86476 0.0
4.87727 0.0
4.88981 0.0
4.90239 0.0
4.915 0.0
4.92764 0.0
4.94031 0.0
4.95302 0.0
4.96576 0.0
4.97853 0.0
4.99133 0.0
5.00417 0.0
5.01704 0.0
5.02994 0.0
5.04288 0.0
5.05585 0.0
5.06885 0.0
5.08189 0.0
5.09496 0.0
5.10806 0.0
5.1212 0.0
5.13437 0.0
5.14758 0.0
5.16081 0.0
5.17409 0.0
5.18739 0.0
5.20074 0.0
5.21411 0.0
5.22752 0.0
5.24097 0.0
5.25445 0.0
5.26796 0.0
5.28151 0.0
5.29509 0.0
5.30871 0.0
5.32236 0.0
5.33605 0.0
5.34978 0.0
5.36354 0.0
5.37733 0.0
5.39116 0.0
5.40502 0.0
5.41893 0.0
5.43286 0.0
5.44684 0.0
5.46084 0.0
5.47489 0.0
5.48897 0.0
5.50309 0.0
5.51724 0.0
5.53143 0.0
5.54566 0.0
5.55992 0.0
5.57422 0.0
5.58855 0.0
5.60293 0.0
5.61734 0.0
5.63179 0.0
5.64627 0.0
5.66079 0.0
5.67535 0.0
5.68995 0.0
5.70458 0.0
5.71925 0.0
5.73396 0.0
5.74871 0.0
5.76349 0.0
5.77832 0.0
5.79318 0.0
5.80808 0.0
5.82301 0.0
5.83799 0.0
5.85301 0.0
5.86806 0.0
5.88315 0.0
5.89828 0.0
5.91345 0.0
5.92866 0.0
5.94391 0.0
5.9592 0.0
5.97452 0.0
5.98989 0.0
6.00529 0.0
6.02074 0.0
6.03622 0.0
6.05175 0.0
6.06731 0.0
6.08521 0.0
6.10547 0.0
6.12579 0.0
6.14618 0.0
6.16665 0.0
6.18717 0.0
6.20777 0.0
6.22844 0.0
6.24917 0.0
6.26998 0.0
6.29085 0.0
6.31179 0.0
6.3328 0.0
6.35388 0.0
6.37504 0.0
6.39626 0.0
6.41755 0.0
6.43892 0.0
6.46035 0.0
6.48186 0.0
6.50344 0.0
6.52509 0.0
6.54681 0.0
6.5686 0.0
6.59047 0.0
6.61241 0.0
6.63442 0.0
6.65651 0.0
6.67867 0.0
6.7009 0.0
6.72321 0.0
6.74559 0.0
6.76805 0.0
6.79058 0.0
6.81318 0.0
6.83587 0.0
6.85862 0.0
6.88145 0.0
6.90436 0.0
6.92735 0.0
6.95041 0.0
6.97355 0.0
6.99676 0.0
7.02005 0.0
7.04342 0.0
7.06687 0.0
7.0904 0.0
7.114 0.0
7.13768 0.0
7.16145 0.0
7.18529 0.0
7.20921 0.0
7.23321 0.0
7.25728 0.0
7.28144 0.0
7.30568 0.0
7.33 0.0
7.35441 0.0
7.37889 0.0
7.40345 0.0
7.4281 0.0
7.45283 0.0
7.47764 0.0
7.50253 0.0
7.52751 0.0
7.55257 0.0
7.57771 0.0
7.60294 0.0
7.62825 0.0
7.65364 0.0
7.67912 0.0
7.70468 0.0
7.73033 0.0
7.75607 0.0
7.78189 0.0
7.80779 0.0
7.83379 0.0
7.85986 0.0
7.88603 0.0
7.91228 0.0
7.93862 0.0
7.96505 0.0
7.99157 0.0
8.01817 0.0
8.04486 0.0
8.07164 0.0
8.09851 0.0
8.12548 0.0
8.15253 0.0
8.17966 0.0
8.2069 0.0
8.23422 0.0
8.26163 0.0
8.28913 0.0
8.31673 0.0
8.34441 0.0
8.37219 0.0
8.40006 0.0
8.42803 0.0
8.45608 0.0
8.48423 0.0
8.51248 0.0
8.54082 0.0
8.56925 0.0
8.59777 0.0
8.6264 0.0
8.65511 0.0
8.68393 0.0
8.71284 0.0
8.74184 0.0
8.77094 0.0
8.80014 0.0
8.82944 0.0
8.85883 0.0
8.88832 0.0
8.91791 0.0
8.9476 0.0
8.97739 0.0
9.00727 0.0
9.03726 0.0
9.06734 0.0
9.09753 0.0
9.12785 0.0
9.15832 0.0
9.18889 0.0
9.21957 0.0
9.25034 0.0
9.28122 0.0
9.3122 0.0
9.34328 0.0
9.37447 0.0
9.40576 0.0
9.43716 0.0
9.46866 0.0
9.50027 0.0
9.53198 0.0
9.5638 0.0
9.59572 0.0
9.62775 0.0
9.65989 0.0
9.69213 0.0
9.72449 0.0
9.75695 0.0
9.78951 0.0
9.82219 0.0
9.85498 0.0
9.88787 0.0
9.92088 0.0
9.954 0.0
9.98722 4.0697901479117406e-16
10.0206 4.470881119311696e-16
10.054 5.31417265470041e-16
10.0876 6.318938341568549e-16
10.1212 7.515051568609399e-16
10.155 8.934133205343194e-16
10.1889 1.0621960839609172e-15
10.2229 1.2630800676663777e-15
10.2571 1.5016827527443967e-15
10.2913 1.785486071084847e-15
10.3256 2.1230152341554073e-15
10.3601 2.5243188703992904e-15
10.3947 3.0002890586755186e-15
10.4294 3.5691513333539745e-15
10.4642 4.243979517829052e-15
10.4991 5.044652120927476e-15
10.5342 5.997681115647284e-15
10.5693 7.131691162822556e-15
10.6046 8.479297630107439e-15
10.64 1.0082038150284833e-14
10.6755 1.1987698086361183e-14
10.7112 1.4254689472549686e-14
10.7469 1.694782699471562e-14
10.7828 2.0150906810292075e-14
10.8188 2.396959384383012e-14
10.8549 2.8483219861574175e-14
10.8911 3.386428244308419e-14
10.9275 4.0282580276146196e-14
10.964 4.788391307488269e-14
11.0006 5.072404997655836e-14
11.0373 2.6816721370965356e-14
11.0741 1.2807622347005779e-14
11.1111 6.1174202474439825e-15
11.1482 2.9224681151037146e-15
11.1854 1.3956283416178175e-15
11.2227 6.666384506514934e-16
11.2602 3.1842590591733615e-16
11.2978 1.5210643903243732e-16
11.3355 7.266304664527479e-17
11.3733 3.4706467726959666e-17
11.4113 1.657792693700574e-17
11.4494 7.917689903963515e-18
11.4876 3.7829171968734526e-18
11.526 1.8066971651008107e-18
11.5644 8.629401154349969e-19
11.603 4.122350522745146e-19
11.6418 1.9688583775886192e-19
11.6806 9.4035599971525e-20
11.7196 4.4921814842607165e-20
11.7587 2.145086306663759e-20
11.798 1.02484432861161e-20
11.8374 4.895528851150327e-21
11.8769 2.337758340414524e-21
11.9165 0.0
11.9563 0.0
11.9962 0.0
12.0363 0.0
12.0764 0.0
12.1167 0.0
12.1572 0.0
12.1978 0.0
12.2385 0.0
12.2793 0.0
12.3203 0.0
12.3614 0.0
12.4027 0.0
12.4441 0.0
12.4856 0.0
12.5273 0.0
12.5691 0.0
12.6111 0.0
12.6532 0.0
12.6954 0.0
12.7378 0.0
12.7803 0.0
12.823 0.0
12.8658 0.0
12.9087 0.0
12.9518 1.915403586825953e-21
12.9951 2.283302459588295e-21
13.0384 5.541208769293494e-21
13.082 1.6398205972592456e-20
13.1256 4.8526573874865446e-20
13.1694 1.4359224698348698e-19
13.2134 4.2488441038421076e-19
13.2575 1.2573237595175756e-18
13.3018 3.7208228832692565e-18
13.3462 1.1009959636135205e-17
13.3907 3.258061843148658e-17
13.4354 9.639792868926427e-17
13.4803 2.8520264494424824e-16
13.5253 8.4408725734833565e-16
13.5704 2.4980906597862844e-15
13.6157 7.392149677989459e-15
13.6611 2.186300827125916e-14
13.7067 6.47288812934598e-14
13.7525 1.9158499448156843e-13
13.7984 5.666434763233186e-13
13.8445 1.6769688501536987e-12
13.8907 4.961915453579598e-12
13.937 1.4683722714524434e-11
13.9836 4.4919872450120394e-11
14.0302 6.807929922822435e-11
14.0771 7.545723893482346e-11
14.1241 8.363352366835983e-11
14.1712 9.268627283270327e-11
14.2185 1.0272619216509803e-10
14.266 1.1384583563147422e-10
14.3136 1.2618854868369295e-10
14.3614 1.3986007022872464e-10
14.4093 1.5500034109671643e-10
14.4574 1.7176231881568695e-10
14.5057 1.9039876879867056e-10
14.5541 2.1109323070946432e-10
14.6027 2.338232144441185e-10
14.6514 2.592365736986993e-10
14.7003 2.8730416631270055e-10
14.7494 3.184955825604814e-10
14.7986 3.5294600803202407e-10
14.848 3.911135489334633e-10
14.8976 4.336159386454408e-10
14.9473 4.805750485990212e-10
14.9972 5.316161391941304e-10
15.0473 5.779253539892236e-10
15.0975 6.261895427647841e-10
15.1479 6.786427635249451e-10
15.1985 7.35562899439284e-10
15.2492 7.972290291554968e-10
15.3001 8.639066105013039e-10
15.3512 9.363392594214346e-10
15.4024 1.0146321460004065e-09
15.4538 1.099667337035166e-09
15.5054 1.191689752131763e-09
15.5572 1.291568953102749e-09
15.6091 1.3997015963748594e-09
15.6612 1.5169302529666997e-09
15.7135 1.6440932299828759e-09
15.7659 1.781253147182021e-09
15.8185 1.9313860832846914e-09
15.8713 2.0928174100782394e-09
15.9243 2.2684983458474248e-09
15.9775 2.4582804883773457e-09
16.0308 2.6422125460675496e-09
16.0843 2.821851286952918e-09
16.138 3.0154069569984793e-09
16.1919 3.2212244412827934e-09
16.2459 3.442204183224478e-09
16.3002 3.67814629270564e-09
16.3546 3.928936801337157e-09
16.4092 4.198866348538099e-09
16.4639 4.484792862990854e-09
16.5189 4.792412667990415e-09
16.574 5.120080221711104e-09
16.6294 5.4704641025128765e-09
16.6849 5.844854052522756e-09
16.7406 6.244427308643328e-09
16.7964 6.671869068488119e-09
16.8525 7.128260622589035e-09
16.9088 7.616225514109317e-09
16.9652 8.136920780122267e-09
17.0218 8.666986723281304e-09
17.0786 9.179120522039373e-09
17.1357 9.723347952183005e-09
17.1929 1.0299440575813955e-08
17.2502 1.0909905129910584e-08
17.3078 1.1555668288115436e-08
17.3656 1.224063816769443e-08
17.4236 1.2965803765019887e-08
17.4817 1.3735012982531614e-08
17.5401 1.4547649106588994e-08
17.5986 1.5415912693903908e-08
17.6574 1.6319672279814447e-08
17.7163 1.7286315242042154e-08
17.7755 1.831499408522544e-08
17.8348 1.9405256758225248e-08
17.8943 2.0556357853149002e-08
17.954 2.176765404154786e-08
18.014 2.301124270736643e-08
18.0741 2.4192349240890408e-08
18.1344 2.5432736563073138e-08
18.195 2.6745060440803223e-08
18.2557 2.8102071336388403e-08
18.3166 2.9543173077616452e-08
18.3778 3.1054014221922016e-08
18.4391 3.264743574601146e-08
18.5007 3.4322219898889987e-08
18.5624 3.6077864189166297e-08
18.6244 3.7926252826137054e-08
18.6865 3.986680033252744e-08
18.7489 4.191114908645564e-08
18.8115 4.4058402531160735e-08
18.8743 4.630746850147659e-08
18.9373 4.8683075716530436e-08
19.0005 5.113243641579731e-08
19.0639 5.341114619344684e-08
19.1275 5.5763614326943843e-08
19.1914 5.821420185992649e-08
19.2554 6.077514175614338e-08
19.3197 6.344464075676994e-08
19.3842 6.623444511471383e-08
19.4489 6.914327182840398e-08
19.5138 7.218237270480719e-08
19.5789 7.5350359114327e-08
19.6443 7.865789451590564e-08
19.7099 8.21162558439697e-08
19.7756 8.57242706933927e-08
19.8416 8.94918141521081e-08
19.9079 9.342940644536889e-08
19.9743 9.758509897159856e-08
20.041 1.0528505696825624e-07
20.1079 1.1605666249845064e-07
20.175 1.2793069474463033e-07
20.2423 1.4102865672717673e-07
20.3099 1.5548163975166022e-07
20.3777 1.7127636081815213e-07
20.4457 1.888771784711052e-07
20.514 2.081454574826664e-07
20.5824 2.294222272438741e-07
20.6511 2.5292148091204404e-07
20.7201 2.788560098182906e-07
20.7892 3.073209658959816e-07
20.8586 3.387562521843147e-07
20.9282 3.734831095478352e-07
20.9981 4.0855591300973135e-07
21.0682 4.24018038264661e-07
21.1385 4.3590471588547764e-07
21.209 4.4816933196121964e-07
21.2798 4.608056188605412e-07
21.3509 4.738093465256399e-07
21.4221 4.870667645385862e-07
21.4936 5.007979374703721e-07
21.5654 5.14884244338015e-07
21.6373 5.294394156934666e-07
21.7096 5.443384851569887e-07
21.782 5.595849144884206e-07
21.8547 5.75393449471896e-07
21.9277 5.915349240824534e-07
22.0009 6.077859428638615e-07
22.0743 6.218197934770943e-07
22.148 6.357520130011431e-07
22.2219 6.500259213924059e-07
22.2961 6.646347559919985e-07
22.3705 6.795776341789049e-07
22.4452 6.948477389182491e-07
22.5201 7.104443583989093e-07
22.5952 7.263638314081474e-07
22.6707 7.427037869845589e-07
22.7463 7.593617408365759e-07
22.8223 7.764312028101705e-07
22.8984 7.938108442529087e-07
22.9749 8.115931422765897e-07
23.0516 8.282959603148573e-07
23.1285 8.446693374916732e-07
23.2057 8.612390394144706e-07
23.2831 8.781112181602666e-07
23.3609 8.953793938785577e-07
23.4388 9.130504255197055e-07
23.5171 9.309003463975988e-07
23.5956 9.492452635926493e-07
23.6743 9.678733085594575e-07
23.7533 9.869828351764036e-07
23.8326 1.006363225607146e-06
23.9122 1.0262154810171426e-06
23.992 1.0604950856797227e-06
24.0721 1.2366810129163161e-06
24.1524 1.4875837503487909e-06
24.233 1.7882405425564195e-06
24.3139 2.1492030998414027e-06
24.3951 2.5838846563781708e-06
24.4765 3.105528050456395e-06
24.5582 3.7331454903015458e-06
24.6402 4.487482327292068e-06
24.7224 5.3949535335987124e-06
24.8049 6.484534330597142e-06
24.8877 7.795620968124428e-06
24.9708 9.37098732539747e-06
25.0541 1.035049121212214e-05
25.1377 1.0928615735722937e-05
25.2217 1.1531797016867945e-05
25.3058 1.2169559470361101e-05
25.3903 1.2841400198267047e-05
25.4751 1.3556595816832638e-05
25.5601 1.4305183348930428e-05
25.6454 1.5096284907661319e-05
25.731 1.5929450011861802e-05
25.8169 1.68136983842328e-05
25.903 1.773912390869478e-05
25.9895 1.8658130529557788e-05
26.0763 1.897094316450733e-05
26.1633 1.9104038068900336e-05
26.2506 1.9245341676820547e-05
26.3382 1.9385487741570444e-05
26.4261 1.953373192769964e-05
26.5144 1.9671478151799352e-05
26.6028 1.9817422991851286e-05
26.6916 1.996210195069513e-05
26.7807 2.0105596212448777e-05
26.8701 2.025700885342247e-05
26.9598 2.040719021276002e-05
27.0498 2.0601325889061113e-05
27.1401 2.0847977776289997e-05
27.2307 2.109276141482412e-05
27.3216 2.1344633107763874e-05
27.4128 2.1594598055489107e-05
27.5043 2.1842667046023433e-05
27.5961 2.210656444151557e-05
27.6882 2.236846955508387e-05
27.7806 2.2628393716681372e-05
27.8733 2.2895116949994133e-05
27.9663 2.3168563060718506e-05
28.0597 2.337888914155176e-05
28.1533 2.3561607592261836e-05
28.2473 2.3742778899549707e-05
28.3416 2.3931119020709604e-05
28.4362 2.4117955537850914e-05
28.5311 2.4303297513714126e-05
28.6263 2.4495692044298053e-05
28.7219 2.4686467352154617e-05
28.8178 2.488419925053535e-05
28.9139 2.5071992869735244e-05
29.0104 2.5249769016088397e-05
29.1073 2.5358841222782036e-05
29.2044 2.545864616761066e-05
29.3019 2.5549099550021894e-05
29.3997 2.5647004803391592e-05
29.4978 2.575228482048914e-05
29.5963 2.584825921454066e-05
29.6951 2.5943334799505477e-05
29.7942 2.604572102168703e-05
29.8936 2.6147165992851333e-05
29.9934 2.6247588515588538e-05
30.0935 2.6330838730984134e-05
30.194 2.6413187034453493e-05
30.2948 2.6502794417912446e-05
30.3959 2.6583504035057086e-05
30.4973 2.667143049754165e-05
30.5991 2.6758424408762417e-05
30.7013 2.6844491644967717e-05
30.8037 2.6929812923549208e-05
30.9066 2.7014131783069567e-05
31.0097 2.7105598100793324e-05
31.1132 2.721967539899226e-05
31.2171 2.7332646012015253e-05
31.3213 2.744460424757071e-05
31.4258 2.756333443423109e-05
31.5307 2.767317485691769e-05
31.6359 2.7789749199638307e-05
31.7415 2.7905199154062045e-05
31.8475 2.802720603622107e-05
31.9538 2.814049022283338e-05
32.0604 2.819939418733776e-05
32.1674 2.8204369237258878e-05
32.2748 2.82089616853235e-05
32.3825 2.821326229291613e-05
32.4906 2.8217186995599775e-05
32.5991 2.8228236928141553e-05
32.7079 2.8231481936873257e-05
32.817 2.823444731821722e-05
32.9266 2.824438722148293e-05
33.0365 2.824660632590491e-05
33.1468 2.8233722512957512e-05
33.2574 2.822801872501489e-05
33.3684 2.8214689749944644e-05
33.4798 2.8208412535465056e-05
33.5915 2.819464904846778e-05
33.7036 2.8187894173453745e-05
33.8161 2.8180850737288624e-05
33.929 2.8166318197529206e-05
34.0423 2.817309032494613e-05
34.1559 2.8208193243279453e-05
34.2699 2.8235601778274127e-05
34.3843 2.8269608053980786e-05
34.499 2.8303142671953007e-05
34.6142 2.8336045723111388e-05
34.7297 2.8368485437482533e-05
34.8456 2.8400384080840983e-05
34.9619 2.8431745939338756e-05
35.0786 2.844864011373452e-05
35.1957 2.845815434228217e-05
35.3132 2.8467283012462e-05
35.4311 2.8476029650975722e-05
35.5493 2.8491353216624964e-05
35.668 2.8499323163473665e-05
35.787 2.8513830925527673e-05
35.9065 2.8521038336314358e-05
36.0263 2.8514391781052985e-05
36.1466 2.8466824651397968e-05
36.2672 2.8419338004221285e-05
36.3883 2.8365059470849127e-05
36.5097 2.8317602852545265e-05
36.6316 2.827007491313632e-05
36.7539 2.8215905100260097e-05
36.8765 2.816849337076247e-05
36.9996 2.8114409995333117e-05
37.1231 2.8047215244621197e-05
37.247 2.7980165608823994e-05
37.3714 2.791318710607945e-05
37.4961 2.7846430236755487e-05
37.6212 2.7779820552897767e-05
37.7468 2.7713285289586074e-05
37.8728 2.7640445816183384e-05
37.9992 2.7567799202229324e-05
38.1261 2.743757785792272e-05
38.2533 2.73016170068066e-05
38.381 2.715983537369883e-05
38.5091 2.7025060314457167e-05
38.6376 2.6884574761033867e-05
38.7666 2.6750980340407716e-05
38.896 2.6617998332527174e-05
39.0258 2.6485626734609016e-05
39.1561 2.637252227967633e-05
39.2868 2.6259900716041124e-05
39.4179 2.614776066880007e-05
39.5495 2.6029854992764932e-05
39.6815 2.5918629533966374e-05
39.8139 2.5807882314162062e-05
39.9468 2.56975475753639e-05
40.0801 2.555110049682689e-05
40.2139 2.5387074952292463e-05
40.3482 2.5223824701600473e-05
40.4828 2.5055434435863406e-05
40.6179 2.489387121395477e-05
40.7535 2.473307573539489e-05
40.8895 2.457310635697522e-05
41.026 2.440794251788117e-05
41.163 2.4219828848951194e-05
41.3004 2.4032730435544514e-05
41.4382 2.384664259670901e-05
41.5765 2.366150374422407e-05
41.7153 2.348317017110232e-05
41.8545 2.32999570848862e-05
41.9942 2.312350353206447e-05
42.1344 2.2953748559114202e-05
42.275 2.2784903951556746e-05
42.4161 2.2616912111556248e-05
42.5577 2.2455513576249857e-05
42.6998 2.228920045028052e-05
42.8423 2.212948897925358e-05
42.9853 2.1964894904974386e-05
43.1288 2.1767137271273724e-05
43.2727 2.1570491855877372e-05
43.4171 2.136927438433871e-05
43.5621 2.1174710031398552e-05
43.7075 2.098124461122923e-05
43.8533 2.0788872486946624e-05
43.9997 2.0591939530775526e-05
44.1466 2.0373936147482273e-05
44.2939 2.0151678769278625e-05
44.4418 1.9930625648570946e-05
44.5901 1.971634346424066e-05
44.7389 1.950326392604679e-05
44.8883 1.9291339217951934e-05
45.0381 1.9080651048187404e-05
45.1884 1.8881968465838165e-05
45.3393 1.8678965149967596e-05
45.4906 1.848251899232453e-05
45.6424 1.8287174914565196e-05
45.7948 1.8092888846962157e-05
45.9476 1.7899735786356084e-05
46.101 1.7702330986733902e-05
46.2549 1.7500762266821392e-05
46.4092 1.7300381310855907e-05
46.5642 1.710632024460892e-05
46.7196 1.691340203974913e-05
46.8755 1.6721584596185812e-05
47.032 1.652043445842443e-05
47.189 1.6299727817382386e-05
47.3465 1.6085477311868133e-05
47.5045 1.587248044118498e-05
47.6631 1.5660698584233483e-05
47.8221 1.545019223877843e-05
47.9818 1.5245952567016259e-05
48.1419 1.5042942956095115e-05
48.3026 1.484615480661657e-05
48.4638 1.4650520570531403e-05
48.6256 1.4461031504726512e-05
48.7879 1.4267643313204127e-05
48.9507 1.4080386795497948e-05
49.1141 1.3899178396154232e-05
49.278 1.371903253830788e-05
49.4425 1.3539916735175465e-05
49.6076 1.3366754166320435e-05
49.7731 1.3189723801357254e-05
49.9393 1.3018578605218327e-05
50.1059 1.2848466215392284e-05
50.2732 1.2679304761663649e-05
50.441 1.2511141431500438e-05
50.6094 1.2343946890272524e-05
50.7783 1.2182554744780163e-05
50.9478 1.2022091109825797e-05
51.1178 1.1862575605630426e-05
51.2884 1.1708746113894657e-05
51.4596 1.1555801853925302e-05
51.6314 1.1403739351957032e-05
51.8037 1.1257294902045249e-05
51.9766 1.1111693105311406e-05
52.1501 1.0966930606038647e-05
52.3242 1.0827675163394581e-05
52.4988 1.0689241540206737e-05
52.6741 1.0556225541653066e-05
52.8499 1.0419368679791306e-05
53.0263 1.1928815761663904e-05
53.2033 2.155479100260251e-05
53.3808 4.0979092900522746e-05
53.559 7.789784529906112e-05
53.7378 0.00014809107890457297
53.9171 0.00028626695165658624
54.0971 0.00036537417043574653
54.2777 0.0003424089086857686
54.4588 0.0003208945623815994
54.6406 0.0003007267322671927
54.823 0.00028180414501080526
55.006 0.00026415946603486047
55.1896 0.0002476034145135052
55.3738 0.00023212570010890362
55.5586 0.00021762811498057504
55.7441 0.00020401332219053303
55.9301 0.00019131743295355518
56.1168 0.00017935679220946506
56.3041 0.00016825505896687332
56.492 0.00015778771843946276
56.6806 0.00014799165395279837
56.8698 0.00013881781521968793
57.0596 0.0001308171530627938
57.25 0.0001244478653776061
57.4411 0.00011841721471313806
57.6329 0.00011267964364128423
57.8252 0.00010719054751686257
58.0182 0.00010312680103368722
58.2119 0.00010379132958705823
58.4062 0.0001049943897366008
58.6011 0.00010618838473815053
58.7967 0.00010741475474617601
58.993 0.00010867313407270043
59.1899 0.00010996334538118531
59.3874 0.0001112438772400345
59.5857 0.00011255542830062422
59.7846 0.00011385713600124755
59.9841 0.0001151898055039342
60.1843 0.00011659350615689216
60.3852 0.00011794605569588697
60.5867 0.00011936913601727199
60.789 0.00012078119238460961
60.9919 0.00011941764025734287
61.1955 9.992915185935449e-05
61.3997 8.096719295066873e-05
61.6046 6.56215896533154e-05
61.8103 5.318459010242669e-05
62.0166 4.528313224710324e-05
62.2236 4.7960633786606863e-05
62.4313 5.218577707143569e-05
62.6396 5.673353102225447e-05
62.8487 6.167813989200613e-05
63.0585 6.709309335662308e-05
63.269 7.293490192281543e-05
63.4801 7.93147576798198e-05
63.692 8.626523386920884e-05
63.9046 9.385703299131396e-05
64.1179 0.00010200728833549751
64.3319 0.00011097612655046718
64.5467 0.0001206791947252389
64.7621 0.00013126019295588062
64.9783 0.00014173167928098793
65.1951 0.00014257249612236884
65.4127 0.00014105200502423143
65.6311 0.00013950265507798842
65.8501 0.00013799944195665707
66.0699 0.00012977179708230659
66.2905 0.00011024128762671246
66.5117 9.352207239355116e-05
66.7337 7.929340718949519e-05
66.9565 6.74215193575968e-05
67.18 5.8174525254830335e-05
67.4042 5.058382107705128e-05
67.6292 4.394644088915639e-05
67.8549 3.821717250745772e-05
68.0814 3.372816316650754e-05
68.3086 3.051021458231712e-05
68.5366 2.762353917233917e-05
68.7654 2.5011628016081862e-05
68.9949 2.2788773160803175e-05
69.2252 2.1604320809287665e-05
69.4563 2.0635105845544394e-05
69.6881 1.971070123736208e-05
69.9207 1.8851635602076172e-05
70.1541 1.916518302447581e-05
70.3882 2.01570395666021e-05
70.6232 2.1204345501982925e-05
70.8589 2.230312290866111e-05
71.0954 2.3459670054106113e-05
71.3327 2.466652066499673e-05
71.5708 2.5940208827186706e-05
71.8097 2.7280027130472642e-05
72.0494 2.871580380907379e-05
72.2899 3.0290489815573568e-05
72.5311 3.196225814788888e-05
72.7732 3.371992687579784e-05
73.0161 3.568313113244433e-05
73.2598 3.8233430993992304e-05
73.5044 4.0999081116401355e-05
73.7497 4.3977956809531056e-05
73.9959 4.7200756100064105e-05
74.2429 5.073084483365205e-05
74.4907 5.459786371403927e-05
74.7393 5.870023102854621e-05
74.9888 6.313317058450982e-05
75.239 6.740614184001456e-05
75.4902 7.187647698242616e-05
75.7422 7.667131367406894e-05
75.995 8.101539088677681e-05
76.2486 8.045744389135707e-05
76.5031 7.903965668986256e-05
76.7585 7.763036097794929e-05
77.0147 7.651524372214256e-05
77.2717 7.683010583408732e-05
77.5296 7.729961059486146e-05
77.7884 7.776510238250048e-05
78.0481 7.860239334839065e-05
78.3086 8.049451092320781e-05
78.5699 8.252878153301797e-05
78.8322 8.4610502144839e-05
79.0953 8.766637356372997e-05
79.3593 9.242565789373151e-05
79.6242 9.748993827384329e-05
79.89 0.0001028560096231033
80.1566 0.0001085818082411688
80.4242 0.00011466330069963015
80.6926 0.00012112731170193758
80.9619 0.00012793949860787754
81.2322 0.00013527653505869961
81.5033 0.00014310329223898456
81.7753 0.00015135470799689836
82.0483 0.00016202195018802251
82.3222 0.00017959365950647273
82.5969 0.00019965093385072532
82.8726 0.00022207946135252888
83.1492 0.0002338921610261056
83.4268 0.00023536973875377983
83.7052 0.00023686445163498206
83.9846 0.00023939409331607774
84.2649 0.0002497068071753723
84.5462 0.00026217404387024587
84.8284 0.00027530481008424874
85.1115 0.0002871680631495287
85.3956 0.0002968025621601218
85.6806 0.00030665521077417114
85.9666 0.0003167231614594591
86.2536 0.00032813738481197053
86.5415 0.00034003721620873615
86.8303 0.0003526989388757052
87.1201 0.0003672363522337234
87.4109 0.00038418952933416803
87.7027 0.0004024191256614518
87.9954 0.00042135678783710774
88.2891 0.00044127122762788683
88.5838 0.000462427966749167
88.8795 0.0004845389399928607
89.1761 0.0005043055311504096
89.4738 0.0005225687934648453
89.7724 0.0005417945400527858
90.0721 0.0005614286691591296
90.3727 0.000582279038009655
90.6744 0.0006037924962185852
90.977 0.0006230078523479102
91.2807 0.000617186405434679
91.5853 0.0006057933036996661
91.891 0.0005952665626656472
92.1977 0.000613433728390427
92.5055 0.000650496369857157
92.8142 0.0006896765448075959
93.124 0.000732262787818775
93.4349 0.0007787428874467471
93.7467 0.0008282960865358276
94.0596 0.0008821877739212162
94.3736 0.0009414088499913141
94.6886 0.001004872802365671
95.0046 0.0010735644813406127
95.3217 0.0011494797989551721
95.6399 0.0012312665069215553
95.9591 0.0013198835803189509
96.2794 0.0014165281431507799
96.6008 0.0015216230704611262
96.9232 0.0016350824061749326
97.2467 0.0017603363144012573
97.5713 0.0018972632433054896
97.897 0.00204574246348426
98.2237 0.0022093888094557946
98.5516 0.0023892816411041546
98.8805 0.0026028078085071293
99.2106 0.004210254707958388
99.5417 0.00866504831213699
99.874 0.01809225273421621
100.207 0.022685897606693352
100.542 0.02153339661102836
100.877 0.020562997729660547
101.214 0.02917096050443154
101.552 0.05263621905522754
101.891 0.09527913348383607
102.231 0.11650328897173866
102.572 0.1190945291351851
102.915 0.12173747987582585
103.258 0.12445755255989593
103.603 0.12722793330715207
103.948 0.13005046348168353
104.295 0.1329455113227854
104.644 0.13591218942957523
104.993 0.1389522608151947
105.343 0.1422028572707988
105.695 0.14552167074155328
106.048 0.14893228572799644
106.402 0.15236478022648078
106.757 0.1558875231295075
107.113 0.15952233669656998
107.471 0.1633119710257462
107.829 0.16721244199983581
108.189 0.16972845807847478
108.55 0.1709427771298521
108.913 0.17207856153495682
109.276 0.17110434152205972
109.641 0.16928636840567662
110.007 0.16752337281709653
110.374 0.16579271168096252
110.742 0.16411618090318147
111.112 0.1623818404916091
111.483 0.16056987607065212
111.855 0.1587466612740126
112.228 0.15671635238102882
112.603 0.15456651253046072
112.979 0.15245122860334667
113.356 0.1505211435298789
113.734 0.14864552725209476
114.114 0.14682260115260076
114.495 0.14509589712396812
114.877 0.1440176805479759
115.26 0.17066078385834887
115.645 0.22191508354955825
116.031 0.2759444375627544
116.418 0.28216524413298194
116.807 0.2822717809250066
117.197 0.28216665215777065
117.588 0.2822676774498079
117.981 0.2823632464464767
118.374 0.28266465614613234
118.769 0.2829593061681312
119.166 0.2832472488958535
119.564 0.283735328310951
119.963 0.2868664245334442
120.363 0.3153572614032923
120.765 0.3535706466939444
121.168 0.40020094694799124
121.572 0.45737479008619397
121.978 0.5233787046257022
122.385 0.5987255890104165
122.794 0.6853055667300038
123.204 0.7855878562606279
123.615 0.8992359612628245
124.027 1.0314349965066905
124.441 1.1815952018564193
124.857 1.3528585192440705
125.274 1.379376595061468
125.692 1.3197588897146977
126.111 0.8060469416583633
126.532 0.10517727024291072
126.954 0.01863987831833296
127.378 0.013567842553214613
127.803 0.01586926329012783
128.23 0.017280267298198985
128.658 0.017747102211776097
129.087 0.030862384677778798
129.518 0.1547985775638748
129.951 0.863667618981009
130.384 1.2081559715188284
130.82 1.3063262636477888
131.256 1.4116652208187066
131.694 1.526120003806661
132.134 1.6505196316318296
132.575 1.7840354869283839
133.017 1.9183053301042845
133.461 2.008984733637989
133.907 2.0917304606433396
134.354 2.157538090686307
134.802 2.2156402894207696
135.252 2.2769381454253095
135.704 2.3395960829577382
136.157 2.4036154489625754
136.611 2.4689812941356504
137.067 2.4286704220851854
137.524 2.0473795778902066
137.983 1.756802353114206
138.444 1.8695892619795316
138.906 2.0745178848544743
139.37 2.299099543621346
139.835 2.5518864894952347
140.302 2.8308306357693085
140.77 3.1443633332973118
141.24 3.578633384789103
141.711 4.17556847760191
142.184 4.637838282015874
142.659 4.780016672823699
143.135 4.859744500703089
143.613 4.804425985451065
144.092 4.783366112694537
144.573 4.873958566348035
145.056 4.975676463140858
145.54 5.081722395219792
146.026 5.190341828546642
146.513 5.301540889904311
147.002 5.4285560428458375
147.493 5.642480808308701
147.985 5.879720539246136
148.479 6.128474535182375
148.974 6.390301760259883
149.472 6.660072365613443
149.971 6.473308966267839
150.471 3.5263985951616363
150.973 1.8844216225588872
151.477 1.9136494163210793
151.983 2.243383794662416
152.49 2.623805865384718
152.999 3.0767490423207104
153.51 3.5998820738625668
154.022 4.222663746644292
154.536 4.942477927220662
155.052 5.599122485564839
155.57 5.520778066987427
156.089 5.5415677596302215
156.61 6.158316070381193
157.133 6.904657274370639
157.657 7.732814107744948
158.183 8.671260593937859
158.711 9.711164749146088
159.241 10.911337811831979
159.773 12.274729032099975
160.306 12.662347932021756
160.841 12.241850642061847
161.378 11.667997539343068
161.916 11.096372820735901
162.457 11.149689360300417
162.999 11.548962145853475
163.543 12.987100458758071
164.089 14.826633476686466
164.637 16.894261097130514
165.186 17.37077694739615
165.738 14.761699737753478
166.291 13.357462295984394
166.846 12.800314041319012
167.403 10.862607377061837
167.962 8.687357170211365
168.522 6.503293923444534
169.085 5.251516079860826
169.649 5.69940294515779
170.215 7.163744010990882
170.783 10.690557339573072
171.353 14.292243039786063
171.925 17.756108450680316
172.499 19.085581542671985
173.075 19.459839808235177
173.653 18.67725361102816
174.232 17.9418411038355
174.814 17.434705941525642
175.397 16.554598922912206
175.983 15.360621704975324
176.57 13.10171309412127
177.159 11.882713075708674
177.751 12.831784608255445
178.344 14.732428594321899
178.939 17.633788188888776
179.537 20.78784436328386
180.136 23.283118702083375
180.737 22.81352510641934
181.34 23.86983040617416
181.946 25.724719599182382
182.553 21.796652971899015
183.162 18.067899694009128
183.774 16.145778941850235
184.387 13.36148158145917
185.002 11.204565592256092
185.62 13.378065661275254
186.24 15.288938931950733
186.861 14.989609966411813
187.485 15.565468011019988
188.111 17.930371087983442
188.739 26.249224822577478
189.368 31.144051801830532
190.001 31.82498386698083
190.635 33.193557125857595
191.271 34.85937699244372
191.909 36.37368021139247
192.55 34.15816707180848
193.193 32.24800352114651
193.838 32.493753532123534
194.485 28.640632027552655
195.134 25.36392521481187
195.785 26.552930458696842
196.438 23.727368373265037
197.094 21.88747634677652
197.752 30.787698620199553
198.412 39.788628651395115
199.074 46.433494088998415
199.739 46.76836582089764
200.405 46.94223269448617
201.074 47.44244003707569
201.745 47.86616496134904
202.419 46.209532074576245
203.094 44.491468547154945
203.772 46.850271771376754
204.453 48.057032432460986
205.135 48.350020276498896
205.82 48.45035603709287
206.507 49.83963434606523
207.196 50.87711479416472
207.887 50.049610466714846
208.581 52.53132766266594
209.278 37.24391497956273
209.976 16.226225198027894
210.677 43.64415096598
211.38 69.00638939024063
212.086 62.046520752311785
212.794 57.18829273241434
213.504 54.6169927864628
214.216 55.987172622646156
214.931 63.60190789860883
215.649 67.48166123125826
216.369 69.79873325897661
217.091 70.54609111658358
217.815 67.66341472291128
218.542 72.21380963192061
219.272 77.86993048942102
220.004 78.55514666748655
220.738 75.7251049685921
221.475 75.00961616981027
222.214 75.76107091870973
222.956 76.58325139613343
223.7 78.59021190717958
224.447 71.77313070038653
225.196 70.10177199195608
225.947 91.16797975883652
226.702 77.75435983091856
227.458 84.87802807055677
228.188 106.6390996304863
228.889 108.81121152296258
229.593 104.64518704157506
230.298 100.69522883779041
231.006 98.96884206105031
231.717 97.40996476018009
232.429 96.48063269512042
233.143 98.53344170695826
233.86 108.69305050466583
234.579 122.84261648041623
235.3 141.16333599904274
236.024 163.20160687150351
236.774 183.63959258791178
237.552 209.48043451263413
238.332 291.3488175644895
239.114 439.12043874722
239.9 412.3132961380648
240.688 283.3179878217261
241.478 348.78844314953875
242.271 539.5284496984985
243.067 543.8953729544395
243.865 527.5829965347132
244.666 545.7351943738865
245.47 575.610795338038
246.276 606.278849106866
247.085 638.2228679311094
247.896 675.2771131911702
248.71 717.3878156458651
249.527 772.6338662271129
250.352 835.303102093702
251.187 900.8332359927136
252.024 979.4986847609206
252.863 1060.3414162453964
253.706 1155.0820328843063
254.551 1182.9333719182941
255.399 1047.8987209970464
256.25 831.0520469799899
257.104 807.1874316071461
257.961 1391.8490185461128
258.82 2001.0480048568736
259.683 1761.9221213494175
260.548 1392.1003437531147
261.416 1353.819547027558
262.287 1478.8514265256767
263.161 1434.9320612640347
264.038 1383.8822588829225
264.918 1327.6197664603706
265.801 1288.2670777784247
266.686 1242.7502398609042
267.575 1200.256909400017
268.466 1168.0508448169107
269.361 1229.5012174051833
270.258 1382.7807037616815
271.159 1369.1723932325663
272.062 1250.5346580043351
272.969 1556.1835741982948
273.878 1667.9250728433035
274.791 1730.8710534456245
275.707 1793.3806257896063
276.625 1860.7641211682906
277.547 1522.589531325241
278.472 1240.1808228238144
279.4 1215.0670042511558
280.331 1200.56920010617
281.265 1241.7693023677791
282.202 1361.4974678355484
283.142 1348.3452753651961
284.086 1330.9595765593506
285.032 1328.2572074664413
285.982 1328.1181108912879
286.935 1396.1105564139984
287.891 1411.000978023639
288.85 1400.3932533901016
289.813 1142.7357551989649
290.778 928.8062229762903
291.747 765.1233259415105
292.719 635.8334600091204
293.694 721.3536140721927
294.673 729.6567945675021
295.655 670.9361525710441
296.64 826.4100768801027
297.628 946.0260092120795
298.62 953.5235371664672
299.615 1115.139876088606
300.613 1039.0763968101153
301.615 840.3306492449282
302.62 700.1575230848106
303.628 590.9323814607345
304.64 935.4832317316109
305.655 1441.745504113208
306.674 1651.3425704555423
307.695 1464.7545684801198
308.721 1266.712901642641
309.749 1194.6490601945827
310.781 1313.36789228667
311.817 1176.5361803472363
312.856 1079.6623036326628
313.898 1250.4933194363225
314.944 1327.8256509776704
315.994 1380.650541562521
317.047 1421.548404332766
318.103 1482.1386967876094
319.163 1536.1823595198293
320.226 1728.0018995860582
321.293 1936.7854739688796
322.364 1675.5991109714473
323.438 1654.9217188080847
324.516 1953.7016402862228
325.597 2625.812999334005
326.682 2283.4089928372055
327.77 2026.025097371412
328.862 2671.8346924019875
329.958 2657.774654017268
331.058 2236.9842431977436
332.161 1917.5652712146639
333.268 1828.3235229494137
334.378 1885.8467329016225
335.492 1918.9249321647737
336.61 1896.5772743778823
337.732 1896.0660544362959
338.857 1986.4235617677234
339.986 2147.32891531903
341.119 2389.540039209629
342.255 2515.1502483521763
343.396 2416.400573679368
344.54 2196.9791712749807
345.688 1912.5260049889425
346.84 1732.8211287049069
347.995 1701.0830545712204
349.155 1743.7324333152042
350.318 1864.2252441849682
351.486 2087.5026723530054
352.657 2054.234762231015
353.832 1852.6187273990615
355.011 1703.9536493716814
356.194 1725.7416207454094
357.381 1897.1399984645961
358.571 2085.790320373326
359.766 2118.944788236151
360.965 2036.070060878495
362.168 1870.039734744851
363.374 1735.3626259836383
364.585 1631.0515821612369
365.8 1523.405535904662
367.019 1441.0965963345059
368.242 1509.9844118910603
369.469 1792.7332329449973
370.7 2013.5890010525463
371.935 2098.245274291376
373.174 1983.2107903884614
374.418 1789.9261582432348
375.665 1629.7889885912057
376.917 1562.772284143994
378.173 1598.2988286444431
379.433 1665.1364643679285
380.697 1625.5810595905355
381.966 1506.9213581548845
383.238 1390.949888772099
384.515 1219.1571781529624
385.796 1076.3661760845146
387.082 976.8136525760426
388.372 1050.9763498211598
389.666 1171.6792587860134
390.964 1274.065611886485
392.267 1245.5334736007737
393.574 1196.0635781988299
394.885 1212.5179666137083
396.201 1276.965493170759
397.521 1372.944654166075
398.846 1522.1965531350386
400.174 1706.482806760624
401.508 1618.0247378568906
402.846 1319.6069346520424
404.188 1576.4565278979126
405.535 1805.6677870424578
406.886 1659.7111876165145
408.242 1592.5326216792478
409.602 1666.010479979324
410.967 1717.5706979951483
412.336 1744.4695456537513
413.71 1818.431644861858
415.089 1978.4379609838788
416.472 1920.2238967635192
417.859 1496.2189921497288
419.252 1289.5386495504722
420.649 1386.9376629045807
422.05 1437.349082666894
423.456 1430.8450965421673
424.867 1527.915913345375
426.283 1608.8443763073738
427.703 1534.3568520474894
429.128 1465.471298847211
430.558 1638.283462276481
431.993 1760.1419150681309
433.432 1833.2444599509925
434.877 1730.4841802207675
436.326 1653.596879377559
437.779 1717.896342103508
439.238 1816.8022698637726
440.702 1906.1579918721395
442.17 1953.4471013469574
443.643 1961.8361093185447
445.122 2029.9940944540788
446.605 1929.1230223306425
448.093 1679.9909435941515
449.586 1819.563921447642
451.084 1950.6055764403968
452.587 1838.8208716995302
454.095 1754.1310015173449
455.608 1886.7111267129562
457.126 1936.5865272518415
458.649 1891.7872131840784
460.177 1855.76241959047
461.711 1901.4744320029195
463.249 1990.6582050100906
464.793 1903.589827653149
466.341 1685.0072009689222
467.895 1909.7748350010593
469.454 1918.0104157440578
471.018 1863.90257160979
472.588 1906.3253569808076
474.163 1895.8695289094803
475.742 1892.6595964045869
477.328 1896.6118112368458
478.918 1892.8668119895237
480.514 1879.4586738772512
482.115 1867.6408361339325
483.721 1852.8503826163499
485.333 1834.6099004682208
486.95 1831.027399228423
488.573 1752.4073175850722
490.201 1756.55937318741
491.834 1771.5987695659046
493.473 1807.814446071853
495.117 1796.8752591523626
496.767 1722.5179496270011
498.422 1640.3000651974123
500.083 1767.7905220257192
501.749 1749.255600765387
503.421 1741.9893276010137
505.098 1761.3680665647862
506.78 1710.1871844891166
508.468 1742.4838770477745
510.161 1763.0512907267332
511.86 1712.791771664444
513.565 1622.8685504078605
515.276 1622.2230756931976
516.992 1723.6823122256155
518.713 1695.8174420093048
520.441 1691.1261389650456
522.174 1677.5564411593832
523.913 1667.3230605945735
525.658 1629.2405203013345
527.409 1616.880102026219
529.165 1617.5190863500495
530.928 1627.3395222113954
532.696 1631.5737152448478
534.47 1607.4089414322625
536.25 1580.195861475172
538.036 1550.4199091295295
539.828 1503.6191638636833
541.626 1477.8698324509883
543.43 1476.561894337153
545.24 1520.9696011060544
547.056 1505.644696790662
548.878 1497.9749360898181
550.706 1472.1431649663054
552.54 1425.6764170477943
554.38 1451.3650341899897
556.226 1502.3537276301727
558.079 1485.5406712329218
559.937 1467.952776696378
561.802 1467.430170034487
563.673 1465.5945835762714
565.551 1453.3809929167126
567.434 1453.2960968707946
569.324 1446.7543354004267
571.22 1423.5534544774507
573.123 1417.5473068231545
575.031 1403.9178603605533
576.946 1397.139811924602
578.868 1392.0786999533298
580.796 1381.1452165537837
582.73 1389.9830704918772
584.671 1358.6143313408927
586.618 1354.1050559638659
588.572 1362.482761917835
590.532 1362.927259996603
592.499 1356.3400030548175
594.472 1336.6261367490456
596.452 1336.2868147414272
598.438 1319.5996107268063
600.432 1327.4291563843262
602.431 1324.241585118223
604.438 1308.522324993574
606.451 1245.3377310757328
608.47 1237.1886566107355
610.497 1283.9254553888195
612.53 1248.5403509138202
614.57 1273.4278821097198
616.617 1250.5707113864808
618.671 1280.3940742410803
620.731 1270.632366773785
622.798 1251.894863110287
624.873 1232.8743940045335
626.954 1213.1885263705065
629.042 1221.983635245854
631.137 1237.6775489818624
633.239 1217.7442645557169
635.348 1214.0867263122966
637.464 1204.3054630505444
639.587 1192.2829946991335
641.717 1162.807015622325
643.854 1190.455153602703
645.998 1167.965029629204
648.15 1160.3161964818817
650.309 1153.8331030744755
652.474 1165.3628900401043
654.647 1134.2400315790017
656.828 1152.428342992506
659.015 1134.5106073769437
661.21 1137.767662007228
663.412 1138.043778681335
665.622 1123.9837836078907
667.839 1109.2732569236389
670.063 1111.0628975508853
672.294 1109.5571529688557
674.533 1104.7871304440869
676.78 1104.7305001928491
679.034 1089.1853388788904
681.295 1079.8307174765828
683.564 1055.1505037497957
685.841 966.8313705088461
688.125 924.1965425869774
690.417 983.0798328104295
692.716 1043.6799355979908
695.023 1040.918957156573
697.338 1048.6791682569906
699.661 1025.6348478108866
701.991 992.6360798620983
704.329 1044.169494110197
706.675 1027.2144151420498
709.028 1022.7713259311415
711.39 1018.0011744585044
713.759 1000.582718549633
716.136 972.3471075973546
718.521 915.3740906218085
720.914 990.313002054614
723.315 984.9982777721943
725.724 978.3607801672807
728.141 978.1342023601574
730.566 976.5602032822015
732.999 969.3174546189761
735.44 961.115154502396
737.89 963.5549350314949
740.347 958.7065062464659
742.813 952.2334091075104
745.287 946.448886067833
747.769 922.7154763684825
750.259 876.9770439458106
752.758 862.7015101817277
755.265 897.7005286770546
757.781 907.9440163847388
760.304 881.7854244659807
762.837 715.1330085230328
765.377 487.62730176774255
767.926 603.4528526759102
770.484 873.3070587109635
773.05 991.5003071828664
775.624 935.9003161589997
778.208 873.4331709693918
780.799 811.3722166741874
783.4 799.9426220539935
786.009 835.5347773160387
788.627 870.881493341854
791.253 949.2302595572612
793.888 876.1935299540195
796.532 865.9207866131133
799.185 856.0122073649576
801.847 830.0046323573359
804.517 858.2377440634801
807.197 855.3882820931183
809.885 855.8689179913957
812.583 854.5311234394505
815.289 845.3993490779113
818.004 844.3861743790818
820.728 837.7122488667485
823.462 837.8990518670975
826.204 820.9185659199707
828.956 798.1438287493577
831.717 765.8138502061806
834.487 794.6110532352902
837.266 827.5876311726429
840.054 816.4034779495558
842.852 816.8830954570658
845.659 816.194757100263
848.476 803.9789122785129
851.302 793.2710674760933
854.137 785.7735053058065
856.981 789.7254718143555
859.836 792.7883753207454
862.699 782.7912705179132
865.573 777.3684204843013
868.455 790.2675824971601
871.348 786.2412814710467
874.25 787.8249514649657
877.161 785.7677095885263
880.083 782.3257019760396
883.014 785.5415936096103
885.955 784.5891755405202
888.905 784.1850449536696
891.866 783.2258272665925
894.836 780.3531290816186
897.816 776.674085147301
900.806 772.739474648561
903.806 763.4138620993706
906.817 770.5820454479948
909.837 796.4994626401987
911.553 1491.5970604820172
913.273 2464.809705621186
916.322 2565.435160431946
919.38 2164.514152017311
922.449 1889.1722127308437
925.528 2823.0107165441714
928.618 2918.8974162558748
931.718 4312.625147684044
934.828 5974.187874820426
937.948 4909.378545411802
941.079 11367.758739037807
944.22 14933.16030971036
947.372 8756.200081416093
950.534 6346.0265250334805
953.707 16012.178916898058
956.891 26359.769664640116
960.085 29836.117634493094
963.29 27072.711245215287
966.505 21849.123574356014
969.731 11742.64184220711
972.968 4900.981870706068
976.216 9311.178246669526
979.475 19176.74528731027
982.744 27830.05528902185
986.025 30067.49574096914
989.316 29300.43309074837
992.618 29720.048055091273
995.932 32492.466653685664
999.256 37374.11978423517
1002.59 39126.95508017787
1005.94 37320.16211301837
1009.3 30802.87274327496
1012.67 36782.513771207494
1016.05 32811.31783239852
1019.44 23948.853460413255
1022.84 10255.961770382051
1026.25 2893.6599363900223
1029.68 14567.272004082
1033.12 24201.88807951292
1036.57 18283.17199231582
1040.03 36543.39650154128
1043.5 41527.96652397673
1046.98 40502.84006639399
1050.48 40298.09189979145
1053.98 42019.43485401337
1057.5 41371.09715941796
1061.03 40473.287460356165
1064.57 37216.29838107739
1068.13 35101.49632231676
1071.69 35235.76371658825
1075.27 35368.48416500482
1078.86 42251.1105162772
1082.46 34343.277633232115
1086.07 30853.47041705947
1089.7 36268.321142623245
1093.33 39858.82223467501
1096.98 38300.24487137884
1100.65 38816.517923591455
1104.32 39019.50523553156
1108.01 32227.8192710024
1111.7 28581.178365365155
1115.42 38521.645208682334
1119.14 37367.14993848057
1122.87 35175.174547819246
1126.62 29048.75367776157
1130.38 33298.19095737425
1134.16 35256.02590167597
1137.94 36191.361813782474
1141.74 34593.82017316534
1145.55 32345.17723699069
1149.38 32513.83767224281
1153.21 30583.157055125994
1157.06 27946.55937871132
1160.92 35138.112349401854
1164.8 35063.03227840068
1168.69 34841.7574162929
1172.59 34038.027292424944
1176.5 18366.814622038808
1180.43 32362.578975756278
1184.37 32048.554129439683
1188.32 31983.15997668808
1192.29 28330.257711236394
1196.27 29666.190984478933
1200.26 24334.193428980034
1204.27 21310.312336177656
1208.29 14916.136041031763
1212.32 8132.854591496797
1216.37 2953.7655295612467
1220.43 12004.062487227136
1224.5 19626.896545380456
1228.59 21704.11880771084
1232.69 25537.970076414535
1236.81 28674.034802755363
1240.94 29583.08985071008
1245.08 30485.86922469598
1249.23 29699.815400725394
1253.4 30342.005718928296
1257.59 29521.816885992204
1261.79 28978.03255034488
1266.0 26101.614398362955
1270.22 27862.109768839735
1274.46 28689.94844224194
1278.72 28957.532907304125
1282.99 29337.414238923695
1287.27 29068.988909036914
1291.57 29142.523513550725
1295.88 28611.79977192443
1300.2 22557.733831796133
1304.54 26323.48028614325
1308.9 28177.804760934694
1313.27 28381.81754345675
1317.65 28009.236106852484
1322.05 24921.05337158239
1326.46 26220.147200373045
1330.89 26977.643882903456
1335.33 25570.08569839014
1339.79 27528.14146365283
1344.26 27018.418048318144
1348.75 25931.79380334446
1353.25 26423.520147553576
1357.77 25255.492729454774
1362.3 25135.62926966036
1366.85 25212.890584569683
1371.41 24665.683913449324
1375.99 24086.22813156673
1380.58 24926.73867961695
1385.19 23573.360300478256
1389.81 23864.30544560858
1394.45 21541.369975041853
1399.11 23530.98563036055
1403.78 22982.605594118355
1408.46 23374.77621323555
1413.16 23089.488557567955
1417.88 23116.053176328915
1422.61 22815.847293190316
1427.36 22928.277987641337
1432.13 22578.848285233686
1436.91 22537.757134368345
1441.7 22818.89158679822
1446.52 22404.923477416123
1451.34 22263.15314821129
1456.19 22272.925382785706
1461.05 22031.55139597633
1465.93 21591.405773633585
1470.82 20323.163632570002
1475.73 20702.723911853038
1480.66 20699.8203347601
1485.6 20499.370988160936
1490.56 20742.707658557963
1495.53 20788.175068228265
1500.53 20002.213922474304
1505.53 19432.519852996007
1510.56 19222.189037721324
1515.6 19206.64673175018
1520.66 19705.285499636248
1525.74 18374.15050004819
1530.83 19079.426850184263
1535.94 18522.649688307025
1541.07 18254.81100947428
1546.21 18225.741789009273
1551.37 17377.388360769175
1556.55 17837.732185454537
1561.75 17778.339704350416
1566.96 17750.42416046534
1572.19 17178.357317156308
1577.44 17059.207559103972
1582.7 17033.397978926183
1587.99 17053.61211612178
1593.29 17441.748418603023
1598.61 17077.922223519803
1603.94 16396.401210060347
1609.3 16478.478529997486
1614.67 16817.23783689576
1620.06 16489.726266421592
1625.47 16750.609566415093
1630.89 16410.198446487782
1636.33 16758.932347860606
1641.8 16435.132346115985
1647.28 16632.69296304696
1652.78 16192.856002851235
1658.29 14570.837268652736
1663.83 15909.036914295002
1669.38 15416.917508840957
1674.95 15803.416752208397
1680.55 15910.735913710223
1686.16 15393.95163707458
1691.78 15400.602153233094
1697.43 14802.178078471654
1703.1 14480.228024315584
1708.78 14818.286480760631
1714.49 14177.322370742308
1720.21 13580.318067638666
1725.95 13661.18749334152
1731.71 14382.136382119048
1737.49 14446.828373765253
1743.29 14034.23751146273
1749.11 13287.464224982783
1754.95 13761.333987823455
1760.81 13253.308215267953
1766.69 13411.181749930394
1772.58 13352.829988591642
1778.5 13158.588226575308
1784.44 13296.955073991829
1790.39 12987.928441771348
1796.37 13166.469306408508
1802.37 13461.654978235229
1808.38 12977.659940611162
1814.42 12281.135244306714
1820.48 12582.610452983357
1826.55 12626.435097276475
1832.65 12137.632020628154
1838.77 12534.547683596262
1844.9 11687.41878913536
1851.06 11986.546261065905
1857.24 11058.359857128296
1863.44 12052.502255583006
1869.66 11937.892112408197
1875.9 11766.587872678143
1882.16 10998.950674713198
1888.45 11105.977644657325
1894.75 10369.898283872393
1901.07 10974.397372176061
1907.42 11590.085045142852
1913.79 10597.502632306612
1920.18 10538.051684701039
1926.59 10182.02683361714
1933.02 10744.959004468186
1939.47 10259.331714517924
1945.94 11152.160066772001
1952.44 10138.602262301389
1958.96 10333.181114117322
1965.49 10326.208398641622
1972.06 10839.611882531224
1978.64 10410.752599042695
1985.24 10035.112825130882
1991.87 9659.362803011478
1998.52 10082.166562158805
2005.19 9908.455814575165
2011.88 10032.22326592792
2018.6 10115.06284973738
2025.34 9900.385268339447
2032.1 9688.239191347877
2038.88 9455.829216925604
2045.69 9628.657021631194
2052.51 9547.84046542674
2059.37 9546.893188533675
2066.24 9097.591457455223
2073.14 9520.029264763365
2080.06 9295.653045777912
2087.0 9119.522710722133
2093.97 8909.415037623809
2100.96 8887.91634279465
2107.97 8948.798557612541
2115.01 8983.725940439199
2122.07 8936.561114561813
2129.15 8906.844630194297
2136.26 8622.062460396972
2143.39 8587.679563375896
2150.54 8685.28136211333
2157.72 8697.158888578455
2164.92 8383.733718092759
2172.15 8512.233011075301
2179.4 8182.240910840419
2186.68 8353.95716935527
2193.97 8281.638237833142
2201.3 8137.478829004628
2208.65 8051.748005284724
2216.02 7958.793424351586
2223.42 7763.017924318228
2230.84 7890.58273017435
2238.28 7929.872672508647
2245.76 7717.355860219796
2253.25 7653.7377257399685
2260.77 7623.954674151233
2268.32 7488.672983393886
2275.89 7442.285915610385
2283.49 7538.46560945518
2291.11 7480.322983293634
2298.76 7203.441799524038
2306.43 7270.621302485632
2314.13 7165.10353576504
2321.86 7026.509274894423
2329.61 6780.712294050611
2337.38 6998.675941994249
2345.18 6405.318914245061
2353.01 6615.639926749049
2360.87 6690.929685812113
2368.75 6802.808285902272
2376.65 6493.274032231356
2384.59 6393.755661850189
2392.55 6571.687636004675
2400.53 6274.937630081986
2408.55 6414.3773813819
2416.59 6300.999660681349
2424.65 6303.238723362741
2432.75 6124.517228763941
2440.87 6144.196334381791
2449.01 6043.933699678022
2457.19 6266.516591005661
2465.39 5985.933147111135
2473.62 6001.588125152863
2481.88 5811.245446372842
2490.16 5752.661929360694
2498.47 5953.634817976093
2506.81 5826.577855120438
2515.18 5754.713614181891
2523.58 5572.847570009505
2532.0 5669.185701242072
2540.45 5599.338416866755
2548.93 5489.615990774564
2557.44 5614.703162719859
2565.98 5565.53608435166
2574.54 5540.38599846961
2583.14 5501.124406096881
2591.76 5507.347088597187
2600.41 5340.522947364447
2609.09 5249.687477865203
2617.8 5324.6527684430275
2626.54 5257.615381001005
2635.31 5122.331920839915
2644.1 5272.61455606476
2652.93 5265.199452212557
2661.79 5124.6312072056
2670.67 5136.877366267416
2679.59 5034.949429922717
2688.53 5035.4798427688875
2697.5 4940.813124026462
2706.51 4946.941509020198
2715.54 4880.088438314461
2724.61 4791.181413290624
2733.7 4885.221069293927
2742.83 4701.43330447818
2751.98 4505.5101516016975
2761.17 4735.7091249766745
2770.39 4682.894641282812
2779.63 4645.345324286546
2788.91 4604.473231616306
2798.22 4412.714899947346
2807.56 4527.747412689756
2816.93 4531.775158099813
2826.34 4425.886375218558
2835.77 4447.368149420994
2845.24 4362.984707711437
2854.73 4327.076588066827
2864.26 4331.452528187686
2873.82 4270.267115911829
2883.42 4297.584616747756
2893.04 4222.466347666885
2902.7 4235.358878697699
2912.39 4215.392617050286
2922.11 4169.586479107709
2931.86 4107.3689670537715
2941.65 4022.244509077631
2951.47 4036.1893786250553
2961.32 4033.4936992014595
2971.21 4006.0834957770708
2981.12 3964.0708114279737
2991.08 3954.9565473566527
3001.06 3919.8149677878177
3011.08 3895.4069904419207
3021.13 3865.459394698566
3031.21 3838.091386876372
3041.33 3808.4437575466495
3051.48 3778.1546603630036
3061.67 3736.0429294991027
3071.89 3696.5614394709987
3082.14 3685.854108255276
3092.43 3637.2329786048067
3102.75 3620.408862223128
3113.11 3614.6415131325944
3123.5 3561.145422293079
3133.93 3531.356069196473
3144.39 3519.6088035952607
3154.89 3481.5547579389295
3165.42 3453.758285030034
3175.98 3439.1964145734773
3186.58 3384.036676467746
3197.22 3359.7792377963083
3207.89 3363.0803591831204
3218.6 3323.792650958479
3229.34 3292.303536926038
3240.12 3264.0002541082445
3250.94 3255.392254155177
3261.79 3229.5770989271923
3272.68 3202.400300479997
3283.6 3187.2842711081817
3294.56 3170.00432788134
3305.56 3141.7098244801323
3316.6 3115.0393346420115
3327.67 3082.6420719162184
3338.77 3059.9488211592784
3349.92 3031.523757016611
3361.1 3011.2594798297087
3372.32 2975.1493159223714
3383.58 2966.6932071925835
3394.87 2946.7478800493773
3406.2 2929.770615623416
3417.57 2905.0049980724025
3428.98 2888.9234574468865
3440.43 2845.2090276517238
3451.91 2847.0755559602135
3463.43 2820.668947060694
3475.0 2792.287173778472
3486.6 2779.492134623076
3498.23 2759.7714614724273
3509.91 2742.9278484631413
3521.63 2728.9411356032683
3533.38 2702.5730914471865
3545.18 2697.7142183532883
3557.01 2664.6925160452406
3568.88 2640.0783791841004
3580.8 2616.956039496307
3592.75 2591.244290504905
3604.74 2593.4738738667143
3616.77 2559.8437791281503
3628.85 2547.28120541584
3640.96 2530.753382829025
3653.12 2519.6531498835157
3665.31 2513.940658974321
3677.55 2485.6352525254356
3689.83 2480.6748753271263
3702.14 2458.5623006029255
3714.5 2626.7246733113593
3726.91 2794.3899619085646
3739.35 3015.1694318783443
3751.83 2898.953457380597
3764.36 3556.7657353649115
3776.92 3280.911810581853
3789.53 3893.6795832453217
3802.19 2949.2662264582805
3814.88 4107.421565917705
3827.62 3696.571560616837
3840.39 2942.2051197146743
3853.21 4114.770359881617
3866.08 4176.304117664348
3878.99 3808.9215581326703
3891.94 2710.439284334748
3904.93 3939.4706485107668
3917.97 4091.672904991119
3931.05 3914.538197278208
3944.17 3991.990311692717
3957.34 3783.5372250288656
3970.55 2493.6526416226657
3983.81 3674.3462486873723
3997.11 3895.7034369734965
4010.45 3887.620643231192
4023.84 3736.8013126946607
4037.27 3829.709009858333
4050.75 3788.002476607627
4064.27 3760.367241989698
4077.84 3656.150268308265
4091.46 3370.979598869267
4105.12 2444.0590143701847
4118.82 3426.323383866761
4132.57 3529.069431092126
4146.37 3518.502863895344
4160.21 3535.5852498654676
4174.1 3467.021982620764
4188.04 3470.6554497175016
4202.02 3434.6791234421853
4216.05 3419.7710149363693
4230.12 3366.2175219363035
4244.25 3338.3104860773087
4258.41 3313.435096544817
4272.63 3261.220315428391
4286.9 3229.2693856315354
4301.21 3152.6095670347454
4315.57 3095.1121097768037
4329.98 2849.993463237391
4344.43 2159.7808777058785
4358.93 2945.451592461076
4373.49 3039.0332309325627
4388.09 2952.0569180618645
4402.74 2993.8619074532844
4417.44 2979.472846430393
4432.18 2970.6669836642063
4446.98 2939.8949026420564
4461.83 2909.2943650129014
4476.72 2806.80379794375
4491.67 2873.09816446101
4506.67 2867.874034719646
4521.71 2817.795057953596
4536.81 2780.4023769001224
4551.95 2745.381439917364
4567.15 2734.103877382863
4582.4 2706.336844768138
4597.7 2695.7360345571674
4613.05 2681.9974619692857
4628.45 2655.647589740655
4643.9 2634.1809590385087
4659.4 2606.009385035402
4674.96 2581.1284127250337
4690.57 2572.538536756306
4706.23 2530.740685191718
4721.94 2508.8629552455695
4737.7 2486.5881800143607
4753.52 2473.6851104671814
4769.39 2439.8309056869334
4785.31 2420.988062131821
4801.29 2398.6767578507283
4817.32 2369.3857271995153
4833.4 2317.50939323748
4849.54 2141.9669613755577
4865.73 1681.2491962931765
4881.97 2196.3265507534275
4898.27 2246.8993061672845
4914.62 2225.499389885916
4931.03 2203.2232409255002
4947.49 2209.231634654966
4964.01 2188.093047201797
4980.58 2163.637809475315
4997.21 2146.166453169346
5013.89 2094.179261822712
5030.63 2105.672930938258
5047.43 2074.936952863705
5064.28 2075.7551145204557
5081.18 2046.724404601411
5098.15 2032.2409153912295
5115.17 2010.188683476833
5132.25 1984.9258629439064
5149.38 1965.5073499441942
5166.57 1929.1646137830523
5183.82 1932.6463415603323
5201.13 1903.657954366623
5218.49 1899.6669819235549
5235.91 1878.4090967485397
5253.39 1871.2284282787489
5270.93 1833.9336648314554
5288.53 1844.468059849215
5306.18 1823.59296024876
5323.9 1795.0280999341996
5341.67 1793.6322172366386
5359.51 1782.189386775719
5377.4 1758.9885228572693
5395.35 1741.8113044187683
5413.36 1726.083384655916
5431.44 1707.2877483321868
5449.57 1698.9168292245665
5467.76 1687.4538182086528
5486.02 1664.0164036262242
5504.33 1652.7086084287757
5522.71 1637.0293884772575
5541.15 1631.1405472828856
5559.65 1614.2827429062997
5578.21 1597.9577301826444
5596.83 1572.9900531822032
5615.52 1572.1071644226183
5634.26 1556.9008571423706
5653.07 1540.9115687309898
5671.95 1529.74958090192
5690.88 1514.7829746543796
5709.88 1494.760584929541
5728.95 1494.9044998133322
5748.07 1477.6008905329984
5767.26 1467.1749938198095
5786.52 1450.0424903910562
5805.83 1440.5889315447112
5825.22 1429.9196614000464
5844.66 1415.9635872481765
5864.18 1397.0794389297346
5883.76 1369.1676748176617
5903.4 1374.1350745300495
5923.11 1362.1348667656928
5942.88 1352.6682492596924
5962.72 1341.1991284730732
5982.63 1328.1563672924424
6002.6 1315.5941622698967
6022.64 1301.8826491116447
6042.75 1296.7410958461637
6062.92 1281.9458058075734
6083.16 1269.242979844797
6103.47 1257.0104409555831
6123.85 1245.2439294408496
6144.29 1230.3611181874746
6164.81 1217.5435487441246
6185.39 1211.5168150156885
6206.04 1203.1534694205104
6226.76 1187.3742754726711
6247.55 1172.0778321394198
6268.4 1167.3994319541325
6289.33 1161.1827995187455
6310.33 1146.0861845795155
6331.39 1138.7996725824153
6352.53 1127.3149831292533
6373.74 1119.7289103683747
6395.02 1108.741249662784
6416.37 1098.1954154960429
6437.79 1091.1245852971701
6459.28 1076.5210922302008
6480.85 1071.806748997225
6502.48 1055.4616597937575
6524.19 1047.0793520095117
6545.97 1007.3776663964926
6567.83 855.9143673866033
6589.76 1004.3924645978308
6611.76 1013.2493606408096
6633.83 1007.2993548954004
6655.98 999.173522681405
6678.2 984.8694363266635
6700.49 983.7817611011694
6722.86 973.6007255376354
6745.31 965.28751788109
6767.83 957.019564733311
6790.42 949.8764856550283
6813.09 939.8997821794209
6835.84 932.1236469812072
6858.66 924.746021154557
6881.56 917.4066606879562
6904.53 910.1067580842883
6927.58 900.0223462135707
6950.71 891.0494880883723
6973.91 882.8282312849758
6997.2 874.9995432446054
7020.56 865.8215948156559
7044.0 860.5115761604593
7067.51 849.695089483955
7091.11 845.1438335571403
7114.78 836.1486288097765
7138.53 828.9157354937842
7162.37 822.4029769792705
7186.28 812.5243756926866
7210.27 806.7701343232311
7234.34 801.72090103341
7258.49 794.0025578697376
7282.73 784.9832614306839
7307.04 779.6957596829474
7331.44 773.4336868018095
7355.91 766.87358916003
7380.47 760.0165581933643
7405.11 751.5465751295022
7429.83 746.7433502156175
7454.64 739.6679543590368
7479.52 736.2271814101741
7504.49 726.6123424464784
7529.55 722.5709910237393
7554.69 717.5782675103011
7579.91 709.0642082853977
7605.21 705.7412604836086
7630.6 697.9477726274561
7656.08 689.5593822240938
7681.64 687.264932365776
7707.28 677.36771779435
7733.01 674.4817869213523
7758.83 668.4570789091377
7784.73 660.5817400552664
7810.72 657.7578287711098
7836.8 651.5144615596042
7862.96 646.5493094463448
7889.21 637.5822785892857
7915.55 631.1377809021391
7941.98 623.8057063589243
7968.49 621.7303960710813
7995.1 615.9926552839049
8021.79 611.200954414697
8048.57 605.2195617514038
8075.44 598.968499756799
8102.4 593.6572801402817
8129.45 589.276728797547
8156.59 584.6191274511949
8183.82 578.1941161788768
8211.14 571.5077911832234
8238.56 569.902339117138
8266.06 565.9365770067194
8293.66 560.8115435965227
8321.35 552.7773170207429
8349.13 547.7179169474105
8377.0 542.1027093153106
8404.97 536.5183575843316
8433.03 531.8348678160553
8461.18 528.3322908358855
8489.43 526.5741766614223
8517.77 525.3960688649879
8546.21 493.33272230199907
8574.74 535.3021788588177
8603.37 503.691379863585
8632.09 536.2760458381064
8660.91 479.1798462547629
8689.83 523.431043796758
8718.84 528.9779579960103
8747.94 477.20661399519076
8777.15 514.8820769598652
8806.45 517.6096280747727
8835.85 508.1421319126262
8865.35 459.03176039570457
8894.95 502.29292824738786
8924.65 502.8122700385454
8954.44 499.5017826950042
8984.34 489.67813208484984
9014.33 437.34614031979686
9044.42 478.58846071452024
9074.62 479.4197685414593
9104.92 474.8714744263839
9135.31 472.2215516596121
9165.81 465.05039090024707
9196.41 455.79565722470136
9227.11 408.18902558876465
9257.92 441.15114407859545
9288.83 448.62942216092495
9319.84 446.3499420664989
9350.95 441.4670539442797
9382.17 437.65346118586496
9413.49 431.52378402080785
9444.92 428.7939096719357
9476.45 425.04598232382193
9508.09 419.00451624883976
9539.83 381.7420631610747
9571.68 403.708675836149
9603.64 410.50918537856
9635.7 405.8458375707191
9667.87 403.484140274691
9700.14 400.88200406737445
9732.53 396.78543275660854
9765.02 394.2137830299681
9797.62 390.1580221008647
9830.33 388.36252491773155
9863.15 384.59219163936194
9896.08 381.0896133440409
9929.12 377.85224240781605
9962.27 374.3868699593787
9995.53 369.9623118535428
10028.9 357.27699501936536
10062.4 335.92705787025744
10096.0 358.7758857686722
10129.7 357.5822919455181
10163.5 354.70973872148267
10197.4 352.09245952220556
10231.5 348.76904389245584
10265.6 346.4200650991941
10299.9 342.65617969250775
10334.3 338.204480106578
10368.8 336.1362970568155
10403.4 333.3738127629412
10438.1 330.86062989758017
10473.0 327.19095826090955
10508.0 324.9381664982042
10543.0 322.00485723965943
10578.2 318.39176559436413
10613.5 315.7208142069607
10649.0 313.06169108468885
10684.5 308.59019995795074
10720.2 306.87856570480955
10756.0 304.72098807784715
10791.9 301.6690085730268
10827.9 297.28015743672563
10864.1 294.939758833688
10900.3 289.6999674497256
10936.7 266.6112849017901
10973.3 278.86336259513905
11009.9 280.1562812897474
11046.6 279.4467774548426
11083.5 277.8548635765453
11120.5 275.17209988446916
11157.7 273.8165639732103
11194.9 271.1600846955746
11232.3 269.38681394868263
11269.8 266.53856644924593
11307.4 263.9230320395768
11345.2 262.39739282712384
11383.0 259.59358051095575
11421.0 257.445840486136
11459.2 255.9477583784324
11497.4 254.03446870655608
11535.8 252.3413528896182
11574.3 250.02379974938714
11613.0 245.82316180733054
11651.7 244.79691784098924
11690.6 242.93702592719612
11729.7 241.91884403214095
11768.8 238.20760301766984
11808.1 238.03575763894085
11847.5 234.14965797562786
11887.1 231.93034126418763
11926.8 231.7731119012267
11966.6 227.9385618399064
12006.5 226.36680733525372
12046.6 225.00462212480684
12086.8 223.0429806172558
12127.2 221.6953218172886
12167.7 220.15393089079464
12208.3 218.02036906655275
12249.1 216.29649683420175
12289.9 214.18632422941556
12331.0 212.67958675731037
12372.1 210.98530823393105
12413.5 208.70651212918338
12454.9 207.2278192898311
12496.5 205.75563114713853
12538.2 203.70677859704668
12580.1 201.8625884246898
12622.1 200.02905743714513
12664.2 198.5921135195819
12706.5 197.1615883360476
12748.9 195.16388150877825
12791.5 190.38670922227107
12834.2 181.08831520904792
12877.0 189.6730270523133
12920.0 187.94455206507143
12963.1 187.16883371355482
13006.4 186.0383469729026
13049.8 184.352067651804
13093.4 182.87951275630522
13137.1 180.4665068283607
13181.0 179.9396251452187
13225.0 178.6756392726425
13269.1 176.58981186736318
13313.4 174.31323872271682
13357.9 174.37294253014176
13402.5 172.58907427591308
13447.2 171.61550218405614
13492.1 169.97558654705026
13537.2 168.7773804508387
13582.3 166.8853279069155
13627.7 165.37880183659163
13673.2 164.48884313205664
13718.8 163.06911760911515
13764.6 162.17139253843763
13810.6 160.94103376666806
13856.7 159.02978511078973
13903.0 158.02552478607907
13949.4 157.00928396998918
13995.9 155.16043372057788
14042.7 154.6955466860389
14089.6 152.6367244171609
14136.6 150.9362853988492
14183.8 149.9515170038693
14231.1 148.1822038683226
14278.7 147.3287545436957
14326.3 146.6345204937952
14374.2 145.97584564633738
14422.1 143.77935826521548
14470.3 143.72270160179485
14518.6 142.2176665228282
14567.1 140.82135055327558
14615.7 139.8012455868958
14664.5 138.85267733563606
14713.5 137.80885786359954
14762.6 137.01938474623182
14811.9 136.29931072432584
14861.3 134.87591198614246
14910.9 134.80426338176846
14960.7 133.5713612764089
15010.7 132.05178996366027
15060.8 130.44407098498448
15111.0 130.85179952922803
15161.5 129.916217937412
15212.1 128.7289279647714
15262.9 127.78804209021476
15313.9 127.52207067301039
15365.0 126.00037343968471
15416.3 125.15302541186489
15467.7 124.81614272886533
15519.4 124.46333640936766
15571.2 120.80011832970904
15623.2 122.65081936922572
15675.3 120.90223212362642
15727.7 118.66566756560175
15780.2 119.30860786669611
15832.9 119.11216918296178
15885.7 112.79276586621451
15938.8 117.86073431342952
15992.0 116.68919501784937
16045.4 116.1789860244623
16098.9 110.87394017175295
16152.7 113.83356005905426
16206.6 112.45962043398556
16260.7 112.92719348522577
16315.0 111.9820728994573
16369.5 109.72793766151312
16424.1 103.66359672105519
16478.9 108.21338706519009
16534.0 107.14320538873355
16589.2 106.41835843474264
16644.5 104.46420197207931
16700.1 103.516354682637
16755.9 101.88799925886195
16811.8 96.80976895772949
16867.9 99.28433246904393
16924.2 99.15623629474545
16980.7 98.06345338283776
17037.4 97.03416270091944
17094.3 95.33857433051742
17151.4 94.99267494700308
17208.6 93.61170499813849
17266.1 92.6063295923027
17323.7 89.98461112918059
17381.6 86.56318817551886
17439.6 89.06425077175125
17497.8 88.25118729523342
17556.2 87.30330093581539
17614.9 86.06884653087847
17673.7 85.50591352322498
17732.7 84.20146387332021
17791.9 83.16574288820824
17851.3 82.20442929026663
17910.9 81.39869128813758
17970.7 80.23018350716711
18030.7 79.00077270884961
18090.9 78.22449611301202
18151.2 75.1234289749793
18211.8 75.22239005526086
18272.6 75.66764453903168
18333.7 75.0021979838122
18394.9 73.62326994221654
18456.3 72.6499878483968
18517.9 72.2103356771207
18579.7 71.31240669827703
18641.7 70.49834235638419
18704.0 69.15279297419102
18766.4 65.53662118529476
18829.1 67.99239131459409
18891.9 66.96425062833475
18955.0 66.41897126318912
19018.3 65.69669694437026
19081.8 65.05538581144803
19145.5 64.20063245532963
19209.4 63.57991354229454
19273.5 62.69634989793109
19337.9 61.70393325550288
19402.4 60.64220940548583
19467.2 57.65311434320349
19532.2 59.3382550072259
19597.4 59.06600805085024
19662.8 58.3972013357796
19728.5 57.52134084656482
19794.4 56.613679435574625
19860.4 56.04403797463523
19926.7 55.37920995422285
19993.3 32.65230082309185
20060.0 0.6300398111740279
20127.0 0.6223564669826573
20194.2 0.6145969872195092
20261.6 0.6070036166007206
20329.2 0.5995749270697704
20397.1 0.5926660779473111
20465.2 0.5846030630047431
20533.5 0.577183071751704
20602.1 0.57004125130661
20670.9 0.562941387325864
20739.9 0.5560011144443885
20809.1 0.5491015903453847
20878.6 0.5423570749144
20948.3 0.5356521982671355
21018.2 0.5289867574583494
21088.4 0.5222421736974853
21158.8 0.5158840122017812
21229.4 0.5094480903128381
21300.3 0.5030477476655111
21371.4 0.496685223743508
21442.8 0.49058600102345207
21514.4 0.48452275753817664
21586.2 0.4777027181063963
21658.3 0.453316837449473
21730.6 0.46553044907799535
21803.1 0.4610678566239082
21875.9 0.45785757970399416
21948.9 0.4503215916501578
22022.2 0.4439393812925341
22095.7 0.4381486332061947
22169.5 0.433051915899404
22243.5 0.4274357673938985
22317.8 0.42217973661841907
22392.3 0.41684571166509243
22467.0 0.4116521860148048
22542.1 0.4064858685335879
22617.3 0.40146015047808703
22692.8 0.3963547951457912
22768.6 0.3914928361902853
22844.6 0.3867667464232478
22920.9 0.3814271977904389
22997.4 0.37675748054533414
23074.2 0.3723257391057118
23151.2 0.3680257950306436
23228.5 0.36269744916577085
23306.0 0.3584500950222059
23383.8 0.3542263503463061
23461.9 0.35242215457673504
23540.2 0.3459546943088619
23618.8 0.342009381193424
23697.7 0.3370545810558097
23776.8 0.33305502391353586
23856.2 0.3277459672412069
23935.8 0.32379689380763454
24015.7 0.3197682310922104
24095.9 0.31667525588285544
24176.4 0.31086932572988396
24257.1 0.30862599408205704
24338.0 0.30378398568256265
24419.3 0.3019718665095564
24500.8 0.29478243613657323
24582.6 0.29479578302952925
24664.7 0.28816613944800556
24747.0 0.28602262149412544
24829.7 0.2839871758034811
24912.5 0.2773530080212158
24995.7 0.27447417768316296
25079.2 0.27414506786018245
25162.9 0.27041633526022474
25246.9 0.26051337271810493
25331.2 0.26350588555235155
25415.8 0.260897785621998
25500.6 0.25763404305368104
25585.7 0.25266946257032913
25671.2 0.24459203907391786
25756.9 0.24833304534267575
25842.9 0.2453313836679025
25929.1 0.24234776426469531
26015.7 0.23919233973634507
26102.6 0.22865793388277877
26189.7 0.23051055330406703
26277.1 0.22155864830320374
26364.9 0.22749550161376383
26452.9 0.22498318414026042
26541.2 0.2221166590488888
26629.8 0.21917489204170384
26718.7 0.21002981199347476
26807.9 0.21151909208726746
26897.4 0.21126961420321788
26987.2 0.2087552881312671
27077.3 0.2060748243628899
27167.7 0.20358982293340164
27258.4 0.20102942552877642
27349.4 0.19848383339888337
27440.7 0.19586391320281804
27532.3 0.1901522011152751
27624.2 0.18633440064080709
27716.5 0.1885357431466234
27809.0 0.1863266056539694
27901.8 0.18395494080732186
27995.0 0.18168371097213454
28088.5 0.17942563717934668
28182.2 0.17718128929463461
28276.3 0.174949341052628
28370.7 0.17273037230852947
28465.4 0.17052432408821835
28560.5 0.16833054799978794
28655.8 0.1652972463790355
28751.5 0.15854140859291105
28847.5 0.16191119890285594
28943.8 0.16002139397657997
29040.4 0.15805832582016288
29137.4 0.15610613120307168
29234.6 0.15408223266349563
29332.2 0.1521529998156549
29430.2 0.1502345211164476
29528.4 0.14832777209499326
29627.0 0.14651418294660268
29725.9 0.14462894244842106
29825.2 0.1428362389173155
29924.7 0.14105449029015885
30024.6 0.13920129119969757
30124.9 0.1373585595279308
30225.4 0.135527161000069
30326.3 0.13378673180442996
30427.6 0.13197578339695565
30529.2 0.1301755738459485
30631.1 0.12854563408260247
30733.4 0.12708390468216427
30836.0 0.12555138960012244
30938.9 0.1241068348816732
31042.2 0.12259154078226246
31145.8 0.12108513189006853
31249.8 0.11958718053786727
31354.2 0.11809765989637092
31458.8 0.1165395911799772
31563.9 0.11506746202348932
31669.2 0.11368156342990787
31775.0 0.11222616340283201
31881.0 0.11077972822921288
31987.5 0.1094175793571476
32094.3 0.10798730594645489
32201.4 0.10664142854809203
32308.9 0.10522752154357096
32416.8 0.10389710812943607
32525.0 0.10249942961908844
32633.6 0.10081019562869863
32742.5 0.09935520021863245
32851.9 0.09805715794732713
32961.5 0.0968412961073281
33071.6 0.09563204731895626
33182.0 0.09442996957945549
33292.8 0.09330815718467855
33403.9 0.0922661279345021
33515.4 0.09232380228834179
33627.3 0.09179853190213502
33739.6 0.089102433538939
33852.2 0.08786745826391225
33965.2 0.08671161085798137
34078.6 0.08563414488993334
34192.4 0.08456283662388883
34306.6 0.08349766225482066
34421.1 0.08243883736556368
34536.0 0.0813860907394133
34651.3 0.08033939836915069
34767.0 0.07929873614754006
34883.1 0.07833414619213241
34999.5 0.07730545921991307
35116.4 0.0763521065758619
35233.6 0.07533506880628635
35351.2 0.07439307224893127
35469.3 0.07345628673471619
35587.7 0.07252510745209491
35706.5 0.0715993015799971
35825.7 0.07067884667318197
35945.3 0.06976372022636237
36065.3 0.06885389967769331
36185.7 0.0680169065100257
36306.5 0.06713086900101141
36427.7 0.0662768187136403
36549.3 0.06542102939532252
36671.4 0.06457003524005213
36793.8 0.06371088403028496
36916.6 0.06285674897918417
37039.9 0.06201403910222407
37163.5 0.0611830039572714
37287.6 0.06035666892451223
37412.1 0.059554778479460696
37537.0 0.05884222759709348
37662.3 0.05814027501556814
37788.1 0.05744221757975569
37914.2 0.05675478996202921
38040.8 0.05606475783856022
38167.8 0.05537872296521769
38295.2 0.054696667070509374
38423.1 0.05401843128756671
38551.3 0.053401340214899264
38680.0 0.052730787730956054
38809.2 0.05204511849514837
38938.7 0.05136360371482467
39068.7 0.05072975017242569
39199.2 0.050093226701218
39330.0 0.04946055005469924
39461.3 0.04885003013926201
39593.1 0.0482429502872369
39725.3 0.047620961366246085
39857.9 0.046971966231967435
39991.0 0.046314472333765073
40124.5 0.04566697669424244
40258.4 0.04507796800298248
40392.8 0.04448626276683819
40527.7 0.04391603277421655
40663.0 0.04340926686913324
40798.7 0.04291143220204522
40935.0 0.04241030575833715
41071.6 0.041882444760446225
41208.7 0.04135165043261951
41346.3 0.04081797121135783
41484.3 0.04028155220079822
41622.8 0.03974234063505855
41761.8 0.0392179413171461
41901.2 0.03874914954766156
42041.1 0.03828301134733774
42181.5 0.03781951688969442
42322.3 0.037358744562812726
42463.6 0.036894837585431904
42605.4 0.03643358014652516
42747.6 0.035957893465798724
42890.3 0.03548494736251301
43033.5 0.03500905145898285
43177.2 0.03453025163771198
43321.3 0.03404867197008006
43465.9 0.03443023337999145
43611.1 0.03445010545886233
43756.7 0.03277146908423368
43902.7 0.03225051707227783
44049.3 0.031854655975772174
44196.4 0.03146659529111281
44343.9 0.03107531709499227
44492.0 0.030669739193448585
44640.5 0.03026110607217961
44789.5 0.02994216018871462
44939.1 0.029565107410317305
45089.1 0.02918487705515257
45239.6 0.028801447152183083
45390.7 0.028430953548556397
45542.2 0.028062671936951125
45694.2 0.027691180488803938
45846.8 0.02731113262002712
45999.9 0.026933313561903694
46153.4 0.026557770955738216
46307.5 0.026189656850121257
46462.1 0.02582370670170767
46617.2 0.02546515373617252
46772.9 0.025166137439866534
46929.0 0.02487410147282987
47085.7 0.024578497784458236
47242.9 0.024300118692525217
47400.6 0.024018176322292684
47558.9 0.02373780427608363
47717.6 0.02344372960607823
47876.9 0.023146209359212803
48036.8 0.02285546503795548
48197.2 0.022566415787647922
48358.1 0.022279053706940284
48519.5 0.021993370894810405
48681.5 0.021714335512299034
48844.0 0.02143192769443842
49007.1 0.021156121080789972
49170.7 0.0208869025573295
49334.8 0.02061926059765077
49499.6 0.02035310539661494
49664.8 0.020093476005010543
49830.6 0.01983532926147819
49997.0 0.01957865970959021
50163.9 0.019328372669386085
50331.4 0.019074662039068727
50499.4 0.018822448111394406
50668.0 0.018566862996641866
50837.2 0.018317564805245316
51006.9 0.018064951676626435
51177.2 0.017832908287598512
51348.0 0.017559393295611292
51519.4 0.017330187410657307
51691.4 0.017121216291500284
51864.0 0.016918148144808826
52037.2 0.016711537475271623
52210.9 0.016506139530903397
52385.2 0.016297251321247534
52560.1 0.016089564886550604
52735.6 0.015887710046333558
52911.6 0.0156870460247898
53088.3 0.015487508301661708
53265.5 0.015289150941922014
53443.3 0.015750496894026158
53621.8 0.015944202453930186
53800.8 0.014769051998585124
53980.4 0.014520689708459145
54160.6 0.014336994925397483
54341.4 0.014154362161712017
54522.9 0.013972761254306578
54704.9 0.013792239327928701
54887.5 0.013612765781432593
55070.8 0.013438749818277989
55254.6 0.013261344975991109
55439.1 0.013098177276806
55624.2 0.012931558468736363
55809.9 0.012770287033892953
55996.2 0.01260995014106385
56183.1 0.012450543630472809
56370.7 0.012287705715120204
56558.9 0.0121301407967889
56747.7 0.011969187385948918
56937.2 0.011809156223553725
57127.3 0.011658621193964493
57318.0 0.011513228381699988
57509.3 0.011364431234331224
57701.3 0.011224956319509342
57894.0 0.011086272480279201
58087.3 0.010944188020816878
58281.2 0.01079454747976661
58475.8 0.010645771897673066
58671.0 0.010497875885703806
58866.9 0.010354989593343163
59063.4 0.01021708555113124
59260.6 0.010075852616121496
59458.4 0.00995189888273893
59656.9 0.009828651799137385
59856.1 0.009706108658975008
60055.9 0.009592422219650754
60256.4 0.009479379595524681
60457.6 0.009362935589443771
60659.4 0.009247172585369091
60861.9 0.009128056365500464
61065.1 0.009013629384771907
61269.0 0.008895870550042432
61473.5 0.008782783130342864
61678.8 0.008666370483045175
61884.7 0.008550647328599179
62091.3 0.008435596576697159
62298.6 0.008325138666924435
62506.6 0.008211411222843242
62715.3 0.008102244950982546
62924.6 0.007993726599882046
63134.7 0.00789357042849107
63345.5 0.007797850930254556
63557.0 0.0089717204474016
63769.1 0.007761383150878873
63982.0 0.007510175495744536
64195.7 0.0074128360730305
64410.0 0.007319869055491832
64625.0 0.00722365830543824
64840.8 0.0071317670843007944
65057.2 0.00704042055807068
65274.4 0.006949594534783937
65492.3 0.006855565702014097
65711.0 0.0067695171865116985
65930.4 0.0066950899918387435
66150.5 0.0066100020319540655
66371.3 0.006525409591670341
66592.9 0.006441300736992713
66815.2 0.006354025147260904
67038.3 0.006270899459504777
67262.1 0.006184627069432918
67486.7 0.006102476230483283
67712.0 0.006024417738165702
67938.0 0.005950413291466681
68164.8 0.005873244980673062
68392.4 0.005800094363811923
68620.7 0.0057309323735057404
68849.8 0.0056586133210497725
69079.7 0.0055867092610506425
69310.3 0.005518752870722747
69541.7 0.005447669835575521
69773.9 0.005376996637906575
70006.8 0.005310230478591856
70240.5 0.005240367699228674
70475.0 0.005174377647857063
70710.3 0.005105310952459739
70946.4 0.005040090637393424
71183.3 0.004975247055865962
71420.9 0.004914207664044362
71659.3 0.004850108101921185
71898.6 0.004786373710518085
72138.6 0.004726404439012928
72379.4 0.004663404457887643
72621.1 0.00460413085205753
72863.5 0.0045452068240130865
73106.8 0.004486618314884524
73350.9 0.004428370179830408
73595.7 0.005536146103570467
73841.5 0.004342678797702844
74088.0 0.004272147914067418
74335.3 0.004208615542903764
74583.5 0.0041454544674814344
74832.5 0.004089200997915664
75082.3 0.0040365329395039016
75333.0 0.003984166574687104
75584.5 0.003935339614129366
75836.8 0.0038867955076878034
76090.0 0.0038417400853823533
76344.0 0.00379054079618481
76598.9 0.003742827939267934
76854.6 0.0036922129122314135
77111.2 0.0036418910603332622
77368.7 0.0035918612226748044
77627.0 0.0035421267964232802
77886.1 0.0034958244580124997
78146.1 0.003449789430470167
78407.0 0.0034040206398117784
78668.8 0.0033585170080003696
78931.4 0.003316378175710863
79195.0 0.003271391234693627
79459.4 0.0032297462398518826
79724.6 0.0031852797613803525
79990.8 0.003144124379346986
80257.8 0.003100165727153327
80525.8 0.0030594958440158452
80794.6 0.003016040761750272
81064.4 0.002975249232208219
81335.0 0.0029346994625872175
81606.5 0.0028946861956369837
81879.0 0.002856694452626536
82152.3 0.0028213073959684727
82426.6 0.0027938307779868266
82701.8 0.0027588224017375874
82977.9 0.0027240166960508074
83254.9 0.0026891192013664086
83532.9 0.0035755102755261523
83811.7 0.0027120811634030254
84091.5 0.0025870873073341734
84372.3 0.0025538540660041006
84654.0 0.0025205257780723553
84936.6 0.002487679967474132
85220.2 0.002455023192081097
85504.7 0.002422557549961764
85790.1 0.0023899972647897024
86076.5 0.0023579094579177966
86363.9 0.0023262905434735365
86652.2 0.002294575475012986
86941.5 0.002264731456346934
87231.8 0.0022356201460621825
87523.0 0.0022064000056892536
87815.2 0.002179297149819863
88108.4 0.0021526270338400044
88402.5 0.002126388662430619
88697.7 0.002100022688390457
88993.8 0.0020740853002139963
89290.9 0.0020480232707668065
89589.0 0.002022111528705971
89888.1 0.0019960775354931288
90188.2 0.001970465380123867
90489.3 0.0019450016131544253
90791.4 0.0019199548024961498
91094.5 0.0018945167032945963
91398.6 0.0018708313587826374
91703.8 0.0018470144195200766
92009.9 0.0018233376497609453
92317.1 0.0017997964485094748
92625.3 0.0017766560963068969
92934.5 0.0017533873622089713
93244.8 0.0017307767759529495
93556.1 0.002577729859996443
93868.4 0.0016901162500098166
94181.8 0.0016655478337229551
94496.2 0.0016452633926395325
94811.7 0.0016248368390858116
95128.3 0.001605041085338161
95445.8 0.0015853617112580763
95764.5 0.0015657932089909942
96084.2 0.0015465928009917008
96405.0 0.0015275023106236757
96726.8 0.0015082701712213922
97049.8 0.0014893990038549905
97373.8 0.0014706379302333354
97698.9 0.001451734775242881
98025.0 0.0014336904002939953
98352.3 0.0014157484099981503
98680.6 0.001397663592397052
99010.1 0.0013804225564962786
99340.6 0.0013632821708949605
99672.3 0.0013462392489293775
100005.0 0.0013295404935825812
100339.0 0.0013119611179298327
100674.0 0.0012944855291653944
101010.0 0.00127735518284367
101347.0 0.0012605671522540188
101686.0 0.0012438659337562397
102025.0 0.001227275702037598
102366.0 0.0012110104621206419
102707.0 0.0011950911986048085
103050.0 0.0011792544056745903
103394.0 0.0011635114346521943
103740.0 0.0011480863442134006
104086.0 0.0011329986235187645
104433.0 0.001118000173378626
104782.0 0.0011030800088309635
105132.0 0.0010884810349732594
105483.0 0.0010742004698093357
105835.0 0.0010600046123209485
106188.0 0.0010458930211801431
106543.0 0.0010320849743838004
106899.0 0.0010183591120447285
107255.0 0.0010049522475947266
107613.0 0.0009916156590102994
107973.0 0.0009783493883691137
108333.0 0.0009653969004115828
108695.0 0.0009527375465182801
109058.0 0.0009401536139056366
109422.0 0.0009276446969698723
109787.0 0.0009154330161399853
110154.0 0.0009032858639185483
110521.0 0.000891219384236543
110890.0 0.0008794373287125705
111261.0 0.0008677178274208113
111632.0 0.0008562951691002903
112005.0 0.0008449330961773163
112379.0 0.0008338565200107116
112754.0 0.0008228461277402774
113130.0 0.0008119015531881082
113508.0 0.0008010153745737229
113887.0 0.0007904091324441273
114267.0 0.0007800803197845511
114649.0 0.0007695933643587953
115031.0 0.0007593885358253728
115415.0 0.0007494500455165462
115801.0 0.000739564695832125
116187.0 0.0007297450289689862
116575.0 0.0007199780400564728
116964.0 0.0007104787427153123
117355.0 0.0007010304742560968
117747.0 0.0006918466564269278
118140.0 0.0006827180057751707
118534.0 0.0006736442046185557
118930.0 0.0006646193483413192
119327.0 0.0006558537242268478
119725.0 0.000647140827758622
120125.0 0.0006386785028977461
120526.0 0.0006302671184456669
120929.0 0.0006219012335748511
121332.0 0.0006135909226928089
121737.0 0.0006055264602705944
122144.0 0.0005975056945552693
122552.0 0.000589533393315134
122961.0 0.0005818080414437139
123371.0 0.0005739311462641785
123783.0 0.0005664921913087333
124196.0 0.0005589012937870233
124611.0 0.0005515480058276085
125027.0 0.0005442391805385644
125444.0 0.0005369745503667457
125863.0 0.0005299438299724604
126283.0 0.0005229556238562712
126705.0 0.0005160056021708631
127128.0 0.0005090977172509356
127552.0 0.0005024233307114071
127978.0 0.0004957854221751073
128406.0 0.0004891839387516966
128834.0 0.0004826263169627181
129264.0 0.0004762938351312512
129696.0 0.0004699960961728756
130129.0 0.0004637366080894227
130563.0 0.00045770233345975866
130999.0 0.00045151456994585974
131437.0 0.0004455470365100821
131875.0 0.0004396191433343214
132316.0 0.00043390538197389853
132757.0 0.00042804547564871405
133201.0 0.0004223983544023022
133645.0 0.00041678875527543705
134091.0 0.0004113924461555008
134539.0 0.00040584421239552823
134988.0 0.00040051090311830277
135439.0 0.000395207119727589
135891.0 0.0003899356718799361
136345.0 0.00038487279321349984
136800.0 0.000379662078138495
137257.0 0.0003746585230086942
137715.0 0.00036968549174645147
138175.0 0.0003647401490799405
138636.0 0.00036000132726698525
139099.0 0.00035528880807806485
139563.0 0.0003504299170848217
140029.0 0.0003459473804039213
140497.0 0.0003413157550584402
140966.0 0.000336712494830744
141436.0 0.0003323102234139992
141909.0 0.0003279301804061343
142382.0 0.0003235792388344443
142858.0 0.0003192504052709514
143335.0 0.0003151186445269896
143813.0 0.00031084217786811886
144293.0 0.00030675918196188494
144775.0 0.00030269907898397336
145258.0 0.0002986638648266066
145743.0 0.00029481905476536405
146230.0 0.00029082862624459365
146718.0 0.0002870293204476081
147208.0 0.00028325135630616127
147699.0 0.0002794965672130659
148192.0 0.0002757629379621562
148687.0 0.00027205040873898247
149183.0 0.0002685245520633388
149682.0 0.00026485346315622654
150181.0 0.0002613695154409831
150683.0 0.0002579035081909324
151186.0 0.00025445883515025364
151690.0 0.00025119647888407267
152197.0 0.000247790252161455
152705.0 0.0002445650989759058
153215.0 0.00024135818209714737
153726.0 0.00023817099450264213
154240.0 0.0002350003548483655
154754.0 0.00023185077712182322
155271.0 0.00022871763300042738
155789.0 0.00022576072334449062
156310.0 0.00022281913546555137
156831.0 0.00021974124691877926
157355.0 0.0002168349352167046
157880.0 0.00021410136984505184
158407.0 0.0002112289608833086
158936.0 0.0002083729786967569
159467.0 0.00020568663599528422
159999.0 0.00020286409613663506
160533.0 0.0002002100225989529
161069.0 0.0001975710943632229
161607.0 0.0001949472587084853
162147.0 0.00019233846249523223
162688.0 0.000189896052707842
163231.0 0.00018731780153920298
163776.0 0.00018490362695245107
164323.0 0.00018235450574707657
164871.0 0.0001799694536491915
165422.0 0.00017759698309363224
165974.0 0.00017523920904499393
166528.0 0.00017289498959185729
167084.0 0.00017056427408651813
167642.0 0.00016839280622276954
168202.0 0.00016608846009867018
168763.0 0.00016394326253291454
169327.0 0.00016180941293572788
169892.0 0.00015968879119378037
170459.0 0.00015758037864131242
171028.0 0.0001554841278161775
171599.0 0.00015339999103416074
172172.0 0.00015132792039818717
172747.0 0.0001492678678073855
173324.0 0.00014736080008570602
173902.0 0.0001454655511034226
174483.0 0.0001434403117628258
175065.0 0.00014156731997398464
175650.0 0.000139704354256636
176236.0 0.00013785297430213237
176825.0 0.0001360253802545102
177415.0 0.00013422294100474936
178007.0 0.0001324446927574316
178602.0 0.00013068972295633482
179198.0 0.0001289593271447403
179796.0 0.00012725258205065584
180396.0 0.0001255693092393231
180999.0 0.00012390864649613987
181603.0 0.00012225833882024365
182209.0 0.00012064447619663107
182817.0 0.00011905337989526064
183428.0 0.00011747091033709019
184040.0 0.00011591159889574206
184655.0 0.00011437400184502794
185271.0 0.00011285919594040931
185890.0 0.00011136578084844904
186510.0 0.00010989479407657221
187133.0 0.00010844487725299892
187758.0 0.0001070034426588982
188385.0 0.00010558342590426019
189013.0 0.00010418521012660171
189644.0 0.00010280751663540825
190278.0 0.00010145020642644985
190913.0 0.00010010138687265243
191550.0 9.877323882060053e-05
192190.0 9.746509105892112e-05
192831.0 9.617780302753573e-05
193475.0 9.491020623363282e-05
194121.0 9.365005520526618e-05
194769.0 9.240986354302542e-05
195419.0 9.118947077194252e-05
196072.0 8.997579289828711e-05
196726.0 8.878214507479612e-05
197383.0 8.760745864272207e-05
198042.0 8.645203480589548e-05
198703.0 8.530341637912811e-05
199367.0 8.417340754987191e-05
200032.0 8.306270432565491e-05
200700.0 8.195813652388389e-05
201370.0 8.08722315115373e-05
202042.0 7.980483587112436e-05
202717.0 7.874335175969036e-05
203394.0 7.77001659769967e-05
204073.0 7.667512708316171e-05
204754.0 7.565614766870906e-05
205438.0 7.465473106599715e-05
206123.0 7.36714609828814e-05
206812.0 7.26932985688094e-05
207502.0 7.173306525002856e-05
208195.0 7.077817693705539e-05
208890.0 6.9840656420938e-05
209587.0 6.892035776355359e-05
210287.0 6.800518969508375e-05
210989.0 6.710704235145396e-05
211693.0 6.621422622369074e-05
212400.0 6.53379131624919e-05
213109.0 6.447827848619942e-05
213821.0 6.362345206559536e-05
214535.0 6.27737144909682e-05
215251.0 6.194039360087866e-05
215969.0 6.112334926821105e-05
216690.0 6.031088455041681e-05
217414.0 5.951422934500095e-05
218140.0 5.8733528352704376e-05
218868.0 5.7946309923986835e-05
219599.0 5.7185790039793984e-05
220332.0 5.642980435639984e-05
221067.0 5.567832828943198e-05
221805.0 5.494210895573185e-05
222546.0 5.421004176166881e-05
223289.0 5.3493300437187983e-05
224034.0 5.279175169486266e-05
224782.0 5.208328472312633e-05
225533.0 5.1400508018702595e-05
226286.0 5.072181506293063e-05
227041.0 5.004718315933506e-05
227799.0 4.938710227212383e-05
228560.0 4.873076001617291e-05
229323.0 4.808901260914126e-05
230088.0 4.7451109001059254e-05
230857.0 4.681662196556891e-05
231627.0 4.619670054370016e-05
232401.0 4.5590619433765805e-05
233176.0 4.49883690311935e-05
233955.0 4.4389349778412714e-05
234736.0 4.3804345511809826e-05
235520.0 4.3222670553294146e-05
236306.0 4.2644494381706275e-05
237095.0 4.207992804772688e-05
237886.0 4.152903206598454e-05
238681.0 4.097086057608742e-05
239477.0 4.043663852977443e-05
240277.0 3.989511966092379e-05
241079.0 3.9367006577932776e-05
241884.0 3.885201841087381e-05
242691.0 3.833005976047515e-05
243502.0 3.782097714114799e-05
244315.0 3.732497287836948e-05
245130.0 3.6831958233320525e-05
245949.0 3.6341619989058224e-05
246770.0 3.586415041579032e-05
247594.0 3.5389418570402645e-05
248420.0 3.4917554967136175e-05
249250.0 3.445807197116285e-05
250082.0 3.400136704236495e-05
250917.0 3.354728976739353e-05
251754.0 3.310567010217168e-05
252595.0 3.2666459887326255e-05
253438.0 3.2229910272241026e-05
254284.0 3.180549186883147e-05
255133.0 3.1383519141669886e-05
255985.0 3.097353053667231e-05
256840.0 3.055638883829537e-05
257697.0 3.0151265767495074e-05
258557.0 2.975793612319624e-05
259421.0 2.9357340059068643e-05
260287.0 2.8968571120273843e-05
261156.0 2.8591411100501095e-05
262027.0 2.8207209612297727e-05
262902.0 2.783442727427438e-05
263780.0 2.7463805767840733e-05
264661.0 2.7104571138480738e-05
265544.0 2.6747518749140903e-05
266431.0 2.6392436823651507e-05
267320.0 2.603951650457398e-05
268213.0 2.5697665285067516e-05
269108.0 2.5357894400036084e-05
270006.0 2.502009804710268e-05
270908.0 2.4693198690580484e-05
271812.0 2.435929766886258e-05
272720.0 2.4036219916143474e-05
273630.0 2.372404525656213e-05
274544.0 2.3404696446161153e-05
275460.0 2.309617218157741e-05
276380.0 2.2789363185323688e-05
277303.0 2.2493160678546148e-05
278228.0 2.218997923884487e-05
279157.0 2.1897248796012466e-05
280089.0 2.1606228808098766e-05
281024.0 2.132560880770102e-05
281963.0 2.1037883084158186e-05
282904.0 2.0760560108737566e-05
283848.0 2.0484859382296475e-05
284796.0 2.0210702520013925e-05
285747.0 1.99467089218587e-05
286701.0 1.9684260723537174e-05
287658.0 1.9423350760636946e-05
288618.0 1.9163971867685927e-05
289582.0 1.891449179290468e-05
290549.0 1.8658062363929653e-05
291519.0 1.841152889397447e-05
292492.0 1.8166444283972522e-05
293468.0 1.7931130078351012e-05
294448.0 1.7688834740594813e-05
295431.0 1.7456242818202845e-05
296418.0 1.722496114389243e-05
297407.0 1.699510029244816e-05
298400.0 1.677472916709996e-05
299396.0 1.654749042668723e-05
300396.0 1.6329677607474626e-05
301399.0 1.6113149762810914e-05
302405.0 1.5897900551075355e-05
303415.0 1.5691927351630985e-05
304427.0 1.5479190506037945e-05
305444.0 1.5275615331873554e-05
306464.0 1.5073243743721807e-05
307487.0 1.4872069687248999e-05
308513.0 1.4680009411697338e-05
309543.0 1.4481139178977246e-05
310577.0 1.4291273715007878e-05
311614.0 1.4102532518737443e-05
312654.0 1.3914909836438035e-05
313698.0 1.3736147511843303e-05
314745.0 1.3550676432915754e-05
315796.0 1.3374005484700856e-05
316850.0 1.3190667785243615e-05
317908.0 1.3016070277951365e-05
318969.0 1.2850172846114077e-05
320034.0 1.2677579771901373e-05
321103.0 1.2505975798697637e-05
322175.0 1.2342982104503472e-05
323250.0 1.2180956449025844e-05
324329.0 1.2019856641795222e-05
325412.0 1.1859679413807728e-05
326498.0 1.1700457307656397e-05
327589.0 1.1549575697367958e-05
328682.0 1.1392190219586925e-05
329779.0 1.1243123148666665e-05
330880.0 1.1094910396318957e-05
331985.0 1.0947548820048767e-05
333093.0 1.0801067684141556e-05
334206.0 1.0662711655877849e-05
335321.0 1.05179223930329e-05
336441.0 1.0381203326303078e-05
337564.0 1.023805995720695e-05
338691.0 1.0102963010369793e-05
339822.0 9.968644815508424e-06
340956.0 9.842299658920587e-06
342094.0 9.709533917746222e-06
343237.0 9.58462986236536e-06
344382.0 9.453402830633561e-06
345532.0 9.32998413354037e-06
346686.0 9.207278002693201e-06
347843.0 9.085307698165318e-06
349004.0 8.964043362437514e-06
350170.0 8.843456874304954e-06
351339.0 8.730552908009827e-06
352512.0 8.611366512795273e-06
353689.0 8.499785027610094e-06
354869.0 8.381985382328718e-06
356054.0 8.271714978945634e-06
357243.0 8.162084742277407e-06
358435.0 8.053114439319002e-06
359632.0 7.951552250605842e-06
360833.0 7.843803292553006e-06
362037.0 7.743456161647435e-06
363246.0 7.636940455961665e-06
364459.0 7.537754967770928e-06
365676.0 7.439146136829867e-06
366896.0 7.341131458680314e-06
368121.0 7.243668067283709e-06
369350.0 7.146773785106592e-06
370583.0 7.050446087547712e-06
371821.0 6.954663742484335e-06
373062.0 6.8660134851245e-06
374307.0 6.771348886662793e-06
375557.0 6.68373105311135e-06
376811.0 6.5966245107138275e-06
378069.0 6.510026936616959e-06
379331.0 6.422647353369354e-06
380597.0 6.337707211670789e-06
381868.0 6.253888446074693e-06
383143.0 6.17056136902158e-06
384422.0 6.088995276515272e-06
385705.0 6.008541509215956e-06
386993.0 5.9291761775582364e-06
388285.0 5.850277116425946e-06
389581.0 5.773096865384187e-06
390882.0 5.696355548925319e-06
392187.0 5.621312474735139e-06
393496.0 5.546710770586928e-06
394810.0 5.473153517597999e-06
396128.0 5.4006467410254386e-06
397451.0 5.329168771046119e-06
398777.0 5.258738430900591e-06
400109.0 5.188697113280229e-06
401445.0 5.120287255857635e-06
402785.0 5.0522810471047766e-06
404130.0 4.985268944979323e-06
405479.0 4.9192556678815875e-06
406832.0 4.8542332270457825e-06
408191.0 4.79017021085739e-06
409553.0 4.7264977300976625e-06
410921.0 4.663774044683417e-06
412293.0 4.602014772557596e-06
413669.0 4.541212109379457e-06
415050.0 4.481347501683555e-06
416436.0 4.421826857122412e-06
417826.0 4.363244294556982e-06
419221.0 4.305581889286485e-06
420621.0 4.248251465807874e-06
422025.0 4.192419976263759e-06
423434.0 4.136909887174511e-06
424847.0 4.08172956817158e-06
426266.0 4.02800516256109e-06
427689.0 3.9746000841722364e-06
429117.0 3.92207308314721e-06
430549.0 3.869858564396208e-06
431987.0 3.8185029825194565e-06
433429.0 3.768017308078392e-06
434876.0 3.7183857301452682e-06
436328.0 3.6690412986152564e-06
437785.0 3.6205411417655e-06
439246.0 3.572330210755297e-06
440712.0 3.5249535315695977e-06
442184.0 3.478396547371337e-06
443660.0 3.432117560746054e-06
445141.0 3.386656515900374e-06
446627.0 3.3420068028450816e-06
448118.0 3.297616423629875e-06
449614.0 3.254027885608814e-06
451116.0 3.2112275424550185e-06
452622.0 3.1686832595944416e-06
454133.0 3.1263867294518835e-06
455649.0 3.0848732860913912e-06
457170.0 3.0441365013198773e-06
458696.0 3.004169981270008e-06
460228.0 2.9638987851733913e-06
461764.0 2.9249280857084273e-06
463306.0 2.886178411320711e-06
464853.0 2.8481809745181977e-06
466404.0 2.8104115017454008e-06
467962.0 2.772850918605392e-06
469524.0 2.7360368588843988e-06
471091.0 2.6999571032673684e-06
472664.0 2.664082759295857e-06
474242.0 2.6289340631795036e-06
475825.0 2.5939912418240554e-06
477414.0 2.559759936527952e-06
479008.0 2.5257293782863334e-06
480607.0 2.4924071825355684e-06
482212.0 2.459275379956459e-06
483821.0 2.426848510726742e-06
485437.0 2.394602074207534e-06
487057.0 2.3630520327844782e-06
488683.0 2.331682544239797e-06
490315.0 2.300991445596466e-06
491952.0 2.27048090165001e-06
493594.0 2.24015004317196e-06
495242.0 2.210487061550479e-06
496895.0 2.181490776339894e-06
498554.0 2.1526608657887435e-06
500219.0 2.123996711951107e-06
501889.0 2.0959888546562442e-06
503564.0 2.0681462322438952e-06
505246.0 2.0404599508215046e-06
506932.0 2.013905796880043e-06
508625.0 1.987019799438011e-06
510323.0 1.960771924056706e-06
512026.0 1.934679246193792e-06
513736.0 1.909209309584927e-06
515451.0 1.8838900924165858e-06
517172.0 1.8587172356266797e-06
518898.0 1.8341647132709863e-06
520631.0 1.8097506537072423e-06
522369.0 1.7859493898751454e-06
524113.0 1.7622858068567743e-06
525863.0 1.7392241294493556e-06
527618.0 1.715835931742399e-06
529380.0 1.6930421246166521e-06
531147.0 1.6708439853206983e-06
532920.0 1.6487744888776972e-06
534700.0 1.626830056020707e-06
536485.0 1.6054718665795113e-06
538276.0 1.5842376731073767e-06
540073.0 1.5631269497219511e-06
541876.0 1.5425902190738988e-06
543685.0 1.521723352563571e-06
545500.0 1.5018744828933038e-06
547321.0 1.4816944477774503e-06
549148.0 1.4620773567995768e-06
550982.0 1.4430156318311916e-06
552821.0 1.423625383871788e-06
554667.0 1.4047866393047097e-06
556519.0 1.3864971122911033e-06
558377.0 1.3678764866048786e-06
560241.0 1.3498011829424826e-06
562111.0 1.3318315423551336e-06
563988.0 1.3143981232273758e-06
565871.0 1.297066605888508e-06
567760.0 1.2798365259241765e-06
569655.0 1.2627074186598645e-06
571557.0 1.2461042664873798e-06
573465.0 1.2295983850884876e-06
575380.0 1.213187214656074e-06
577301.0 1.1972958548121716e-06
579228.0 1.1814976641133216e-06
581162.0 1.1657901991168398e-06
583102.0 1.1501750952822157e-06
585049.0 1.1350677399079866e-06
587002.0 1.1200491547245237e-06
588962.0 1.1051170392619253e-06
590928.0 1.0906865176130203e-06
592901.0 1.0759267571419243e-06
594880.0 1.061665060244837e-06
596866.0 1.047895147129776e-06
598859.0 1.0337963455320963e-06
600858.0 1.020187664202387e-06
602864.0 1.0066575436344352e-06
604877.0 9.932056719530455e-07
606896.0 9.80236076903328e-07
608922.0 9.673413688825528e-07
610955.0 9.545212461099124e-07
612995.0 9.417754056908478e-07
615042.0 9.29500936118035e-07
617095.0 9.169029106479363e-07
619155.0 9.047729592537175e-07
621222.0 8.927133963819419e-07
623296.0 8.811160580425631e-07
625377.0 8.695859097795604e-07
627465.0 8.577331443836062e-07
629560.0 8.463378239201572e-07
631661.0 8.353970982216038e-07
633770.0 8.241328548941591e-07
635886.0 8.133187481385869e-07
638009.0 8.025675680302875e-07
640139.0 7.918790411832711e-07
642276.0 7.81633435816795e-07
644420.0 7.710681273940134e-07
646572.0 7.609414910232732e-07
648731.0 7.50873938215608e-07
650896.0 7.408663440721705e-07
653069.0 7.309161497021742e-07
655250.0 7.213961558100977e-07
657437.0 7.119328288783318e-07
659632.0 7.025237334513806e-07
661834.0 6.931697184924292e-07
664044.0 6.838695020110649e-07
666261.0 6.749907390110189e-07
668485.0 6.657982705504801e-07
670717.0 6.570233378007752e-07
672956.0 6.482998698733755e-07
675203.0 6.399886633314124e-07
677457.0 6.313652831370027e-07
679719.0 6.231513446512409e-07
681988.0 6.146271987275165e-07
684265.0 6.065096888232394e-07
686549.0 5.984399226267698e-07
688841.0 5.907716319185501e-07
691141.0 5.827938147487392e-07
693448.0 5.752155766289299e-07
695763.0 5.67329779535604e-07
698086.0 5.598399920095093e-07
700417.0 5.523935768618839e-07
702755.0 5.453389249935716e-07
705101.0 5.379783144496706e-07
707455.0 5.310060029341295e-07
709817.0 5.237296980329922e-07
712187.0 5.168390428043081e-07
714565.0 5.09988386902044e-07
716950.0 5.031782634711576e-07
719344.0 4.967468601263112e-07
721745.0 4.900147249509018e-07
724155.0 4.836587402071979e-07
726573.0 4.770032733444964e-07
728998.0 4.707227134762861e-07
731432.0 4.644780841333718e-07
733874.0 4.586029269806026e-07
736324.0 4.5242988384191966e-07
738782.0 4.462929512969624e-07
741249.0 4.4052110633025456e-07
743723.0 4.3478346097581646e-07
746206.0 4.2875114553135726e-07
748698.0 4.2308021085069596e-07
751197.0 4.177683765386234e-07
753705.0 4.1216255902747973e-07
756221.0 4.065896238704413e-07
758746.0 4.013710192872434e-07
761279.0 3.958618138701333e-07
763821.0 3.9070453581196516e-07
766371.0 3.8557744577446296e-07
768929.0 3.8048040344792665e-07
771496.0 3.754127819068416e-07
774072.0 3.703744652140764e-07
776656.0 3.653658073643677e-07
779249.0 3.606998571414757e-07
781851.0 3.557481494873418e-07
784461.0 3.5113728141754017e-07
787080.0 3.4655303071014683e-07
789707.0 3.4199572234334985e-07
792344.0 3.374643745618786e-07
794989.0 3.3295973767072816e-07
797643.0 3.2848126967123373e-07
800306.0 3.240288613075865e-07
802978.0 3.1990678625934227e-07
805659.0 3.1550515529549295e-07
808349.0 3.11431618582489e-07
811047.0 3.073820715554849e-07
813755.0 3.033556494622905e-07
816472.0 2.992328957381075e-07
819198.0 2.952834256101892e-07
821933.0 2.9135696283875614e-07
824677.0 2.875126819228529e-07
827430.0 2.8369081305154233e-07
830192.0 2.799501386493682e-07
832964.0 2.762309554409974e-07
835745.0 2.7259199904220435e-07
838535.0 2.6897429315544284e-07
841334.0 2.6540679312529645e-07
844143.0 2.618888033994996e-07
846961.0 2.5842026109048255e-07
849789.0 2.5500048440666486e-07
852626.0 2.51629403558021e-07
855472.0 2.4830664047131165e-07
858329.0 2.4500277263903065e-07
861194.0 2.417469613586555e-07
864069.0 2.3856655319579674e-07
866954.0 2.3540452373063826e-07
869848.0 2.3228916452530951e-07
872752.0 2.291918401810034e-07
875666.0 2.2616830073167653e-07
878589.0 2.231625316904234e-07
881523.0 2.202294012651106e-07
884466.0 2.1731351960108215e-07
887418.0 2.1441480380559936e-07
890381.0 2.1158759666798545e-07
893354.0 2.087768067911687e-07
896336.0 2.0600986271220238e-07
899329.0 2.0328595926351568e-07
902331.0 2.0060521240830553e-07
905344.0 1.979398387537766e-07
908366.0 1.953171190251576e-07
911399.0 1.927362836789597e-07
914441.0 1.9017069693619833e-07
917494.0 1.876731520364837e-07
920557.0 1.8516361108272735e-07
923631.0 1.8272146377678578e-07
926714.0 1.8029376732384596e-07
929808.0 1.77906352256048e-07
932912.0 1.7555909042850687e-07
936027.0 1.7322536076543395e-07
939152.0 1.7093131746207354e-07
942287.0 1.6867663870742403e-07
945433.0 1.6643497641637603e-07
948589.0 1.6423221812969745e-07
951756.0 1.6206787598208601e-07
954934.0 1.599160477928118e-07
958122.0 1.5780235742145818e-07
961321.0 1.5570090470482156e-07
964530.0 1.5363713915661718e-07
967750.0 1.5161059318452795e-07
970981.0 1.4959579361277085e-07
974223.0 1.4761777981645224e-07
977475.0 1.4567640158462565e-07
980738.0 1.4374628593135007e-07
984013.0 1.418272414130188e-07
987298.0 1.3996902277384414e-07
990594.0 1.3809692152787718e-07
993901.0 1.3628491180773e-07
997219.0 1.3445892734959583e-07
1000550.0 1.3269218592161514e-07
1003890.0 1.3093599515395857e-07
1007240.0 1.2919016890348172e-07
1010600.0 1.27478840868974e-07
1013980.0 1.2580047805936413e-07
1017360.0 1.2413326738134287e-07
1020760.0 1.224986425488251e-07
1024170.0 1.2087369072829157e-07
1027590.0 1.192583630613864e-07
1031020.0 1.1767631672316009e-07
1034460.0 1.1612726653730613e-07
1037910.0 1.1458738061725092e-07
1041380.0 1.1307899671140875e-07
1044850.0 1.1158063164492779e-07
1048340.0 1.1009008561447503e-07
1051840.0 1.0863163507430925e-07
1055350.0 1.0720500215535215e-07
1058880.0 1.0578582937891012e-07
1062410.0 1.0437608738700671e-07
1065960.0 1.0299667932523358e-07
1069520.0 1.0162547833254376e-07
1073090.0 1.0028521762715628e-07
1076670.0 9.895292594836681e-08
1080270.0 9.765028250598256e-08
1083870.0 9.635629234562033e-08
1087490.0 9.506912108300509e-08
1091120.0 9.381203139258161e-08
1094760.0 9.258475848971178e-08
1098420.0 9.134170482212024e-08
1102090.0 9.015044436157051e-08
1105770.0 8.894418345367162e-08
1109460.0 8.77671638033786e-08
1113160.0 8.659716965128678e-08
1116880.0 8.545528122033083e-08
1120610.0 8.432022167364185e-08
1124350.0 8.321369149699228e-08
1128100.0 8.211377046324503e-08
1131870.0 8.101970622468142e-08
1135650.0 7.9953723959037e-08
1139440.0 7.889412197538316e-08
1143240.0 7.784086462438402e-08
1147060.0 7.681455469403323e-08
1150890.0 7.579439924014868e-08
1154730.0 7.480152977774754e-08
1158580.0 7.379350887674168e-08
1162450.0 7.283296413418713e-08
1166330.0 7.185722179533199e-08
1170230.0 7.09076242618289e-08
1174130.0 6.996433511049925e-08
1178050.0 6.904686705255948e-08
1181990.0 6.813433166037353e-08
1185930.0 6.722785967740264e-08
1189890.0 6.634681683164502e-08
1193860.0 6.545059791582204e-08
1197850.0 6.460005041113163e-08
1201850.0 6.37342835108857e-08
1205860.0 6.289400775774029e-08
1209890.0 6.20582761672048e-08
1213930.0 6.122758916010818e-08
1217980.0 6.042198408095994e-08
1222050.0 5.962074304056713e-08
1226130.0 5.8844275239272566e-08
1230220.0 5.8052618280410616e-08
1234330.0 5.7285081159277474e-08
1238450.0 5.652218207738316e-08
1242580.0 5.578356312249203e-08
1246730.0 5.5048954734190335e-08
1250890.0 5.431878646944823e-08
1255070.0 5.359260461789307e-08
1259260.0 5.289023319520732e-08
1263460.0 5.2192107252318634e-08
1267680.0 5.1497794873021754e-08
1271910.0 5.0807690308473036e-08
1276160.0 5.014052741072781e-08
1280420.0 4.9477407054481246e-08
1284690.0 4.881830450997778e-08
1288980.0 4.8181783274957385e-08
1293290.0 4.752985106664325e-08
1297600.0 4.690108544297955e-08
1301940.0 4.6275416574989234e-08
1306280.0 4.5672615783047636e-08
1310640.0 4.5073119418389057e-08
1315020.0 4.447692196617193e-08
1319410.0 4.388435028792671e-08
1323820.0 4.329505469235346e-08
1328230.0 4.2728073674646765e-08
1332670.0 4.2163896006453815e-08
1337120.0 4.1603154006346125e-08
1341580.0 4.1045826025291265e-08
1346060.0 4.0509747394367064e-08
1350560.0 3.997663330493514e-08
1355060.0 3.944706003790584e-08
1359590.0 3.892013362382494e-08
1364130.0 3.839642539367042e-08
1368680.0 3.789377237595775e-08
1373250.0 3.7393905682711874e-08
1377840.0 3.689681935641462e-08
1382440.0 3.640277059785635e-08
1387050.0 3.592936094096501e-08
1391680.0 3.545857812214768e-08
1396330.0 3.497291228025518e-08
1400990.0 3.452511568016934e-08
1405670.0 3.406241559158652e-08
1410360.0 3.360254802496554e-08
1415070.0 3.3162532485998667e-08
1419790.0 3.2725205880752686e-08
1424530.0 3.229032401557397e-08
1429290.0 3.185788082360985e-08
1434060.0 3.144513269978648e-08
1438850.0 3.103468986797392e-08
1443650.0 3.060982837183944e-08
1448470.0 3.020423981586397e-08
1453310.0 2.981774918480553e-08
1458160.0 2.9416860690766585e-08
1463030.0 2.9018233462011494e-08
1467910.0 2.863870668066292e-08
1472810.0 2.8261311197844355e-08
1477730.0 2.7886041135378165e-08
1482660.0 2.7513076085324756e-08
1487610.0 2.715864811002856e-08
1492580.0 2.67898366162248e-08
1497560.0 2.6439617419627124e-08
1502560.0 2.6091372450503663e-08
1507580.0 2.5745095925603128e-08
1512610.0 2.5400949908973728e-08
1517660.0 2.505875490432951e-08
1522730.0 2.473455596133488e-08
1527810.0 2.4412348937303848e-08
1532910.0 2.4076018785313017e-08
1538030.0 2.3757501730845898e-08
1543160.0 2.3456784858730393e-08
1548320.0 2.3141826336608147e-08
1553480.0 2.2828960131057923e-08
1558670.0 2.2533412922492475e-08
1563870.0 2.2239685175498495e-08
1569100.0 2.193190802772644e-08
1574330.0 2.1641700673817462e-08
1579590.0 2.1353009551413044e-08
1584860.0 2.108152353988918e-08
1590150.0 2.079620484415574e-08
1595460.0 2.0527840355161824e-08
1600790.0 2.0245734861257234e-08
1606130.0 1.9980594938556785e-08
1611500.0 1.971684516833785e-08
1616880.0 1.9454727022963163e-08
1622270.0 1.9194229116608773e-08
1627690.0 1.8950123434880046e-08
1633120.0 1.869255746903604e-08
1638580.0 1.845127720254801e-08
1644050.0 1.8196622267366174e-08
1649540.0 1.7958255746076086e-08
1655040.0 1.7721363548978475e-08
1660570.0 1.7485724704661846e-08
1666110.0 1.7251546547070306e-08
1671670.0 1.7033337839923574e-08
1677260.0 1.6801702903297063e-08
1682860.0 1.658603202934871e-08
1688470.0 1.635721937945522e-08
1694110.0 1.6144063759115105e-08
1699770.0 1.593213523257866e-08
1705440.0 1.572152122244463e-08
1711130.0 1.5512121699071203e-08
1716850.0 1.5303842765679845e-08
1722580.0 1.5096859421091145e-08
1728330.0 1.4905217785675e-08
1734100.0 1.4700582841151842e-08
1739890.0 1.4511186143246928e-08
1745700.0 1.4322881716621633e-08
1751530.0 1.413566514226926e-08
1757370.0 1.3935703475059101e-08
1763240.0 1.3757625066468816e-08
1769130.0 1.3575048699978884e-08
1775030.0 1.3394985505285814e-08
1780960.0 1.3218637474857755e-08
1786910.0 1.3043313917879389e-08
1792870.0 1.2870445531038905e-08
1798860.0 1.2699869592925666e-08
1804860.0 1.2531710649627936e-08
1810890.0 1.2365810888958119e-08
1816930.0 1.2202290351738336e-08
1823000.0 1.2040995977686873e-08
1829090.0 1.1880642246069036e-08
1835190.0 1.172395253097663e-08
1841320.0 1.1568112530566981e-08
1847470.0 1.1415829077151746e-08
1853630.0 1.1264495355355424e-08
1859820.0 1.1115299026997286e-08
1866030.0 1.0968284795900055e-08
1872260.0 1.0822130216421154e-08
1878510.0 1.0679433604942912e-08
1884780.0 1.053757155925145e-08
1891080.0 1.0397777754580064e-08
1897390.0 1.0260146369105592e-08
1903720.0 1.0124604885636504e-08
1910080.0 9.989804880680702e-09
1916460.0 9.858347401468649e-09
1922850.0 9.727711686063201e-09
1929270.0 9.5990589707689e-09
1935710.0 9.471161788451787e-09
1942180.0 9.346485357399443e-09
1948660.0 9.222589511430466e-09
1955170.0 9.100625395088309e-09
1961690.0 8.979425000935686e-09
1968240.0 8.861376136740231e-09
1974810.0 8.744021806993919e-09
1981410.0 8.627315114974551e-09
1988020.0 8.513799378363973e-09
1994660.0 8.40090964795432e-09
2001320.0 8.28990744461788e-09
2008000.0 8.179560107438618e-09
2014700.0 8.071077557388949e-09
2021430.0 7.964405071888195e-09
2028180.0 7.858363031911566e-09
2034950.0 7.755350443293052e-09
2041740.0 7.651748951695765e-09
2048560.0 7.551109894566318e-09
2055400.0 7.451066199567114e-09
2062260.0 7.3516148533975905e-09
2069150.0 7.255080245253621e-09
2076050.0 7.159151914147226e-09
2082990.0 7.063723480796436e-09
2089940.0 6.9700649519238175e-09
2096920.0 6.878094466381088e-09
2103920.0 6.786669717129928e-09
2110940.0 6.696945713542233e-09
2117990.0 6.608876882462316e-09
2125060.0 6.521331026901772e-09
2132150.0 6.434305408047933e-09
2139270.0 6.34891012820803e-09
2146410.0 6.265161732676637e-09
2153580.0 6.1818825487315675e-09
2160770.0 6.1002307392368805e-09
2167980.0 6.019064995776906e-09
2175220.0 5.939479048155423e-09
2182480.0 5.861487313136217e-09
2189770.0 5.7839334940283335e-09
2197080.0 5.706842383191928e-09
2204420.0 5.631294676045804e-09
2211780.0 5.5573032067995616e-09
2219160.0 5.483753115458722e-09
2226570.0 5.410617694780592e-09
2234000.0 5.339013718932202e-09
2241460.0 5.267813949622774e-09
2248940.0 5.198127114733632e-09
2256450.0 5.1299172867811504e-09
2263980.0 5.062115270499561e-09
2271540.0 4.994696812934778e-09
2279130.0 4.92873315574926e-09
2286740.0 4.863164853053586e-09
2294370.0 4.799054958590539e-09
2302030.0 4.7353083385581406e-09
2309710.0 4.673002287880855e-09
2317430.0 4.6110296207745594e-09
2325160.0 4.549448912677786e-09
2332930.0 4.489247008694153e-09
2340710.0 4.429425864025796e-09
2348530.0 4.370967343331986e-09
2356370.0 4.312860228014748e-09
2364240.0 4.256118290274858e-09
2372130.0 4.19971745128292e-09
2380050.0 4.1446652546311e-09
2387990.0 4.0889204688449575e-09
2395970.0 4.0355180166824875e-09
2403970.0 3.981420268973297e-09
2411990.0 3.928662140405808e-09
2420040.0 3.877215599135449e-09
2428120.0 3.826062913293452e-09
2436230.0 3.775203048776365e-09
2444360.0 3.7246502012857307e-09
2452520.0 3.6753841513911448e-09
2460710.0 3.6273938994784045e-09
2468930.0 3.578688587906715e-09
2477170.0 3.5312646765285478e-09
2485440.0 3.485096543321341e-09
2493740.0 3.438213148142264e-09
2502060.0 3.3935673886259066e-09
2510420.0 3.3481906032702523e-09
2518800.0 3.3040591625372217e-09
2527210.0 3.260181695599416e-09
2535640.0 3.2165699181559074e-09
2544110.0 3.1741579735430337e-09
2552600.0 3.132002952624104e-09
2561120.0 3.0910455434054964e-09
2569670.0 3.0493729766563046e-09
2578250.0 3.0098377630731997e-09
2586860.0 2.969585535321538e-09
2595500.0 2.9305081847894223e-09
2604160.0 2.89166792721646e-09
2612860.0 2.853041458424519e-09
2621580.0 2.8155822028085484e-09
2630330.0 2.778339629407178e-09
2639110.0 2.741312853044522e-09
2647920.0 2.7054240234745573e-09
2656760.0 2.6688231027335913e-09
2665630.0 2.634269127193044e-09
2674530.0 2.599001331134822e-09
2683460.0 2.5648496259534756e-09
2692420.0 2.530896265947441e-09
2701410.0 2.4971404086989043e-09
2710430.0 2.463581209831799e-09
2719480.0 2.431116572332275e-09
2728560.0 2.3988409174392162e-09
2737670.0 2.3676462034176487e-09
2746810.0 2.3357430835304103e-09
2755980.0 2.3049133401891932e-09
2765180.0 2.274263402497147e-09
2774410.0 2.2446734310358535e-09
2783670.0 2.2143777896886594e-09
2792960.0 2.1851346815943485e-09
2802290.0 2.1560546905526818e-09
2811640.0 2.1280218547654293e-09
2821030.0 2.0992786699240324e-09
2830450.0 2.0715677631329264e-09
2839900.0 2.044879740330316e-09
2849380.0 2.017489714782816e-09
2858890.0 1.9902604550897927e-09
2868440.0 1.9640364490301802e-09
2878010.0 1.9379730130404703e-09
2887620.0 1.9129022659234077e-09
2897260.0 1.887134686058629e-09
2906930.0 1.8623595925582558e-09
2916640.0 1.8377235792763313e-09
2926380.0 1.8132324681434626e-09
2936150.0 1.788885567832302e-09
2945950.0 1.7655118451829245e-09
2955780.0 1.7422754334363378e-09
2965650.0 1.7191698753960453e-09
2975550.0 1.6962005011826734e-09
2985490.0 1.6741797132399044e-09
2995450.0 1.6514780925758815e-09
3005450.0 1.6297184924696544e-09
3015490.0 1.6080818818763852e-09
3025560.0 1.5865731384490535e-09
3035660.0 1.5659967670994414e-09
3045790.0 1.5455416385437813e-09
3055960.0 1.5244023671928826e-09
3066160.0 1.5041857500241132e-09
3076400.0 1.4848783743992272e-09
3086670.0 1.4648930246022269e-09
3096970.0 1.4458154273230944e-09
3107310.0 1.4260593649182015e-09
3117690.0 1.4072002594587095e-09
3128100.0 1.3892343464340487e-09
3138540.0 1.3705957581513044e-09
3149020.0 1.352063582478372e-09
3159530.0 1.3344152594419316e-09
3170080.0 1.3168673430427907e-09
3180660.0 1.2994235815842036e-09
3191280.0 1.2820794136428441e-09
3201930.0 1.2648384484790918e-09
3212620.0 1.2484570493764768e-09
3223350.0 1.2321690162709774e-09
3234110.0 1.2152220489610987e-09
3244910.0 1.1991259213336507e-09
3255740.0 1.1838763956841303e-09
3266610.0 1.167965459333636e-09
3277520.0 1.152146001166445e-09
3288460.0 1.1371643884471518e-09
3299440.0 1.1222685206952676e-09
3310450.0 1.1074614300208933e-09
3321500.0 1.0927393449051753e-09
3332590.0 1.07810194989255e-09
3343720.0 1.0635489276262027e-09
3354880.0 1.0498116158648998e-09
3366080.0 1.0361530823341642e-09
3377320.0 1.0218493392610877e-09
3388600.0 1.0083498742913902e-09
3399910.0 9.94931206289094e-10
3411260.0 9.82306497184494e-10
3422650.0 9.690400815555565e-10
3434080.0 9.558505360057641e-10
3445540.0 9.434496516359984e-10
3457040.0 9.311202117155489e-10
3468580.0 9.188619321798387e-10
3480160.0 9.066745278181372e-10
3491780.0 8.945577123251727e-10
3503440.0 8.8251119835191e-10
3515140.0 8.712300128091381e-10
3526870.0 8.59323357888762e-10
3538650.0 8.481743618919748e-10
3550460.0 8.370922754180964e-10
3562310.0 8.260743940456708e-10
3574210.0 8.151181685252776e-10
3586140.0 8.042279285238811e-10
3598110.0 7.934010850331229e-10
3610120.0 7.826373673286284e-10
3622180.0 7.726091407586045e-10
3634270.0 7.619686517360847e-10
3646400.0 7.520607659273461e-10
3658580.0 7.422084365546327e-10
3670790.0 7.324155036770346e-10
3683050.0 7.226776914989468e-10
3695340.0 7.129987055609956e-10
3707680.0 7.033744016582723e-10
3720060.0 6.94463502452539e-10
3732480.0 6.849495407520378e-10
3744940.0 6.761441190671719e-10
3757440.0 6.673899922959951e-10
3769980.0 6.580386149489487e-10
3782570.0 6.493868224457145e-10
3795200.0 6.409788805622729e-10
3807870.0 6.324916963943763e-10
3820580.0 6.241182431553948e-10
3833340.0 6.158560451110754e-10
3846130.0 6.077074772676974e-10
3858980.0 5.996669379388324e-10
3871860.0 5.917383102273453e-10
3884780.0 5.83856246043921e-10
3897750.0 5.761444595646955e-10
3910770.0 5.68539054988186e-10
3923820.0 5.609798341626285e-10
3936920.0 5.535257812548716e-10
3950070.0 5.462380086135152e-10
3963250.0 5.389945177897046e-10
3976490.0 5.318524848854576e-10
3989760.0 5.248151682458012e-10
4003080.0 5.178790972812508e-10
4016450.0 5.109826707238707e-10
4029850.0 5.042495539549332e-10
4043310.0 4.975536830422807e-10
4056810.0 4.909576520478278e-10
4070350.0 4.844606620248086e-10
4083940.0 4.780607481959281e-10
4097570.0 4.716986819753849e-10
4111250.0 4.654920403061385e-10
4124980.0 4.5932099867522897e-10
4138750.0 4.5324557621700943e-10
4152570.0 4.472050619305513e-10
4166430.0 4.4131770978172825e-10
4180340.0 4.354641888245508e-10
4194300.0 4.297026444703113e-10
4208300.0 4.2397529555707316e-10
4222350.0 4.183967451717575e-10
4236450.0 4.1285032460175604e-10
4250590.0 4.073943691083629e-10
4264780.0 4.019698800682621e-10
4279020.0 3.9663385352085224e-10
4293300.0 3.913865072820764e-10
4307640.0 3.862253123709382e-10
4322020.0 3.8109483932257545e-10
4336450.0 3.7605041989702043e-10
4350930.0 3.710913718037243e-10
4365450.0 3.661618667678069e-10
4380030.0 3.6131589813018044e-10
4394650.0 3.5655445560825405e-10
4409320.0 3.518205989564135e-10
4424040.0 3.4716946082952234e-10
4438810.0 3.425453127270567e-10
4453630.0 3.380029213764504e-10
4468500.0 3.335416258072469e-10
4483420.0 3.2910625350950044e-10
4498380.0 3.2475174981782637e-10
4513400.0 3.2047600625416106e-10
4528470.0 3.162251349593897e-10
4543590.0 3.120528217197485e-10
4558760.0 3.079048082298073e-10
4573980.0 3.0383442427379833e-10
4589250.0 2.99787772798174e-10
4604570.0 2.9581783005454136e-10
4619940.0 2.91923961826458e-10
4635370.0 2.8805218799509275e-10
4650840.0 2.8420366065766616e-10
4666370.0 2.804818009912463e-10
4681950.0 2.76729473233135e-10
4697580.0 2.7310318904805575e-10
4713260.0 2.694462404719425e-10
4729000.0 2.659135381724138e-10
4744780.0 2.6235055020924764e-10
4760620.0 2.589106022573653e-10
4776520.0 2.5549026048568477e-10
4792460.0 2.520905102414433e-10
4808460.0 2.4876102690973814e-10
4824520.0 2.4545057502033183e-10
4840620.0 2.422105808730805e-10
4856780.0 2.389891153757449e-10
4873000.0 2.3583626977415086e-10
4889270.0 2.3270196357416631e-10
4905590.0 2.296359315240692e-10
4921970.0 2.2658746989641407e-10
4938400.0 2.236064600139752e-10
4954890.0 2.206425480807802e-10
4971430.0 2.1769610916515755e-10
4988030.0 2.148156274039989e-10
5004680.0 2.119521367865674e-10
5021390.0 2.0915381178360878e-10
5038150.0 2.064205136840427e-10
5054970.0 2.0365457164658876e-10
5071850.0 2.0095278884460724e-10
5088780.0 1.9831501208791762e-10
5105770.0 1.9569242882542407e-10
5122820.0 1.930849800374047e-10
5139920.0 1.905405289561933e-10
5157080.0 1.880107645702251e-10
5174290.0 1.8549598725759787e-10
5191570.0 1.8304249448827295e-10
5208900.0 1.8065046888208985e-10
5226290.0 1.7822549429199006e-10
5243740.0 1.7586120265549386e-10
5261250.0 1.735570710588209e-10
5278810.0 1.7126660315558306e-10
5296430.0 1.6898940884694516e-10
5314120.0 1.667711126283929e-10
5331860.0 1.6452015288028894e-10
5349660.0 1.6237367715404985e-10
5367520.0 1.6019411125911111e-10
5385440.0 1.580726253478158e-10
5403420.0 1.560087122390719e-10
5421460.0 1.539117026178341e-10
5439560.0 1.5187186017034237e-10
5457720.0 1.4988868340405145e-10
5475940.0 1.4791703975349107e-10
5494220.0 1.459568790742824e-10
5512560.0 1.4400815113618283e-10
5530970.0 1.4211473867208026e-10
5549430.0 1.4023262545503867e-10
5567960.0 1.383612528115854e-10
5586550.0 1.3654457881459973e-10
5605200.0 1.3473851287172792e-10
5623910.0 1.3294300725305284e-10
5642690.0 1.3115778174814203e-10
5661530.0 1.2942619965104808e-10
5680430.0 1.2770475487390443e-10
5699390.0 1.260362850046084e-10
5718420.0 1.2437735669231314e-10
5737510.0 1.227281496189984e-10
5756660.0 1.210886186407642e-10
5775880.0 1.1950082794217528e-10
5795170.0 1.1792214495946813e-10
5814510.0 1.163529362774973e-10
5833930.0 1.1479255771409331e-10
5853400.0 1.1328332148514667e-10
5872940.0 1.1178275986768718e-10
5892550.0 1.1029084004268304e-10
5912220.0 1.088490533667145e-10
5931960.0 1.0741556097782208e-10
5951770.0 1.0599033092680769e-10
5971630.0 1.0457368134035277e-10
5991570.0 1.0320583862840677e-10
6011570.0 1.0180539648595088e-10
6031640.0 1.0045359822558376e-10
6051780.0 9.915000679068633e-11
6071990.0 9.7813682490263e-11
6092260.0 9.652539268488733e-11
6112600.0 9.524455644616227e-11
6133000.0 9.40111488135103e-11
6153480.0 9.274499349435417e-11
6174020.0 9.152593650621242e-11
6194630.0 9.031394327805421e-11
6215320.0 8.910884111984261e-11
6236070.0 8.795008320552767e-11
6256880.0 8.675911561608056e-11
6277770.0 8.561388650786139e-11
6298730.0 8.447531506970004e-11
6319760.0 8.338204731216914e-11
6340860.0 8.225657723212131e-11
6362030.0 8.117609730552213e-11
6383270.0 8.010190582150422e-11
6404580.0 7.903397543723639e-11
6425960.0 7.797227876276816e-11
6447410.0 7.69546970825568e-11
6468940.0 7.594292458976236e-11
6490540.0 7.493705634266904e-11
6512200.0 7.393717956343429e-11
6533950.0 7.294292729997117e-11
6555760.0 7.199189597489292e-11
6577650.0 7.104630743214997e-11
6599610.0 7.010624812766187e-11
6621640.0 6.917169286317525e-11
6643750.0 6.82425137091602e-11
6665930.0 6.73554576219699e-11
6688180.0 6.647358934669862e-11
6710510.0 6.559678712461312e-11
6732910.0 6.472512793700974e-11
6755390.0 6.385849318975768e-11
6777940.0 6.299695652070421e-11
6800570.0 6.21763425266991e-11
6823280.0 6.13604524383649e-11
6846060.0 6.054935629113662e-11
6868910.0 5.974303118651302e-11
6891840.0 5.894136871491554e-11
6914850.0 5.817969642539221e-11
6937940.0 5.738718582806648e-11
6961100.0 5.663447491156504e-11
6984340.0 5.588611587778018e-11
7007660.0 5.514209105931724e-11
7031050.0 5.4402460101358246e-11
7054530.0 5.370169542189801e-11
7078080.0 5.297052486939425e-11
7101710.0 5.2278031203266446e-11
7125420.0 5.158955139283533e-11
7149210.0 5.0905068615206997e-11
7173070.0 5.022463602104975e-11
7197020.0 4.9582055803452855e-11
7221050.0 4.890934858054626e-11
7245160.0 4.82743057327386e-11
7269340.0 4.7609394144667294e-11
7293610.0 4.69818225250117e-11
7317960.0 4.635790684039068e-11
7342390.0 4.5770919052628334e-11
7366910.0 4.515409523095608e-11
7391500.0 4.454094203516708e-11
7416180.0 4.3964278571186214e-11
7440940.0 4.339097397038306e-11
7465780.0 4.27882754662255e-11
7490700.0 4.2221752521307666e-11
7515710.0 4.169100790990462e-11
7540800.0 4.1130935107637324e-11
7565980.0 4.057409428266979e-11
7591240.0 4.0052722520692774e-11
7616580.0 3.950230414557533e-11
7642010.0 3.8987060100195627e-11
7667520.0 3.847483235824438e-11
7693120.0 3.796555754371123e-11
7718810.0 3.7459224089965375e-11
7744570.0 3.695591581521705e-11
7770430.0 3.6486929737262014e-11
7796370.0 3.598933566332828e-11
7822400.0 3.5525878679019244e-11
7848520.0 3.503395249371219e-11
7874720.0 3.457597645620509e-11
7901010.0 3.412064910846394e-11
7927390.0 3.3667959606594617e-11
7953850.0 3.32179388345241e-11
7980410.0 3.280111828067786e-11
8007050.0 3.2356214689749876e-11
8033780.0 3.191390420509637e-11
8060600.0 3.1504497787279364e-11
8087510.0 3.109746070217767e-11
8114510.0 3.0662662427765364e-11
8141600.0 3.0260434120572275e-11
8168780.0 2.986353669458387e-11
8196060.0 2.9468912150949904e-11
8223420.0 2.907959514076295e-11
8250870.0 2.869254713999751e-11
8278420.0 2.8313628829987263e-11
8306060.0 2.7939864056014744e-11
8333790.0 2.756828085462442e-11
8361610.0 2.7204715596043416e-11
8389520.0 2.6843273589741097e-11
8417530.0 2.6486817465786713e-11
8445640.0 2.6138204234158223e-11
8473830.0 2.5791660417257415e-11
8502120.0 2.5449990082893156e-11
8530510.0 2.5113156760636056e-11
8558990.0 2.4781153077335775e-11
8587560.0 2.4451095290932323e-11
8616230.0 2.412861970781014e-11
8645000.0 2.3808007645280636e-11
8673860.0 2.3492096541388033e-11
8702810.0 2.3180849429566272e-11
8731870.0 2.2874177151786513e-11
8761020.0 2.2572097264156825e-11
8790270.0 2.2271767522508e-11
8819620.0 2.197872321439507e-11
8849060.0 2.1687402252014307e-11
8878600.0 2.1400525084234352e-11
8908250.0 2.111528978795572e-11
8937990.0 2.0837206251455134e-11
8967830.0 2.056073787675841e-11
8997770.0 2.0288594185873172e-11
9027800.0 2.0020763371687947e-11
9057940.0 1.9754468568573525e-11
9088180.0 1.949241495984147e-11
9118530.0 1.9234547877568642e-11
9148970.0 1.89808764517718e-11
9179510.0 1.8728683405093225e-11
9210160.0 1.8480595915968317e-11
9240910.0 1.823660172683739e-11
9271760.0 1.79940319039409e-11
9302710.0 1.7755507430891e-11
9333770.0 1.7520976960410606e-11
9364930.0 1.728781760409521e-11
9396200.0 1.7061207394018915e-11
9427570.0 1.683332935333654e-11
9459040.0 1.6611955052183192e-11
9490620.0 1.6391858890353928e-11
9522300.0 1.6173052763212537e-11
9554090.0 1.596063041498669e-11
9585990.0 1.574943626645778e-11
9617990.0 1.553948149980225e-11
9650100.0 1.5333277177363057e-11
9682320.0 1.5130793013747344e-11
9714650.0 1.4929482949613326e-11
9747080.0 1.4731864780494546e-11
9779620.0 1.4537892975133105e-11
9812270.0 1.4345046888261294e-11
9845030.0 1.4155804387360408e-11
9877900.0 1.3967661598630278e-11
9910870.0 1.378309386028996e-11
9943960.0 1.3599585918402114e-11
9977160.0 1.3419597023179199e-11
10010500.0 1.3243058407374059e-11
10043900.0 1.3067613749465194e-11
10077400.0 1.2893204128990503e-11
10111100.0 1.2722115906808466e-11
10144800.0 1.2554573604780779e-11
10178700.0 1.2387897321487908e-11
10212700.0 1.2224601127153904e-11
10246800.0 1.2062270893970836e-11
10281000.0 1.190327907460391e-11
10315300.0 1.174522766528024e-11
10349700.0 1.1590473444634573e-11
10384300.0 1.1436524280327381e-11
10419000.0 1.1285835153381285e-11
10453700.0 1.1136146421071537e-11
10488600.0 1.0987238642033396e-11
10523700.0 1.0841435037516671e-11
10558800.0 1.0698915586279088e-11
10594000.0 1.0557240879789794e-11
10629400.0 1.0416308528099661e-11
10664900.0 1.0278507174120593e-11
10700500.0 1.0143809519048798e-11
10736200.0 1.0009911920035454e-11
10772100.0 9.876718462805543e-12
10808000.0 9.74440983997877e-12
10844100.0 9.617307730194944e-12
10880300.0 9.488715445246611e-12
10916600.0 9.363129167088025e-12
10953100.0 9.240438083880943e-12
10989700.0 9.11625500087107e-12
11026300.0 8.997329602750039e-12
11063200.0 8.876741079427828e-12
11100100.0 8.759156199102342e-12
11137200.0 8.644389868727564e-12
11174300.0 8.528198335620359e-12
11211600.0 8.41698571895769e-12
11249100.0 8.304190220284533e-12
11286600.0 8.194309768393157e-12
11324300.0 8.087172572388264e-12
11362100.0 7.978524989785327e-12
11400000.0 7.87267285227983e-12
11438100.0 7.769523220652647e-12
11476300.0 7.666991677134965e-12
11514600.0 7.565074741498703e-12
11553000.0 7.463768947686136e-12
11591600.0 7.365115859017016e-12
11630300.0 7.269156654149256e-12
11669100.0 7.17167793347523e-12
11708100.0 7.076812003389642e-12
11747200.0 6.9825165367284736e-12
11786400.0 6.890861943276483e-12
11825800.0 6.799699991223524e-12
11865200.0 6.709143470332431e-12
11904800.0 6.621128230358538e-12
11944600.0 6.533587194996592e-12
11984500.0 6.446573813003484e-12
12024500.0 6.360085002663249e-12
12064600.0 6.276143566443557e-12
12104900.0 6.19265596815386e-12
12145300.0 6.11168452740592e-12
12185900.0 6.0311509984901066e-12
12226500.0 5.951152317858589e-12
12267400.0 5.871539582641434e-12
12308300.0 5.7944417053939004e-12
12349400.0 5.717761916279654e-12
12390600.0 5.641545298476924e-12
12432000.0 5.567710315823612e-12
12473500.0 5.4923619523568655e-12
12515200.0 5.421332586641931e-12
12556900.0 5.348828537246617e-12
12598900.0 5.278618755206388e-12
12640900.0 5.208875523941135e-12
12683100.0 5.139513162098005e-12
12725500.0 5.070531150982117e-12
12768000.0 5.003882381112735e-12
12810600.0 4.937637294293153e-12
12853300.0 4.871793422895004e-12
12896300.0 4.808168993225e-12
12939300.0 4.743078517968672e-12
12982500.0 4.682112424955903e-12
13025900.0 4.6196034010564516e-12
13069300.0 4.557509532006493e-12
13113000.0 4.497587738586932e-12
13156800.0 4.438030273738933e-12
13200700.0 4.37883486443646e-12
13244700.0 4.3218446162624374e-12
13289000.0 4.263296265968024e-12
13333300.0 4.206970072862217e-12
13377800.0 4.15278187528183e-12
13422500.0 4.09707099014267e-12
13467300.0 4.043514784985964e-12
13512300.0 3.9884458351195726e-12
13557400.0 3.935516246222556e-12
13602700.0 3.8846773478644604e-12
13648100.0 3.832357021010058e-12
13693600.0 3.782140887838524e-12
13739300.0 3.73220302817202e-12
13785200.0 3.682542847998002e-12
13831200.0 3.6331860049366857e-12
13877400.0 3.58586595322937e-12
13923700.0 3.538834511459615e-12
13970200.0 3.492064823343633e-12
14016900.0 3.4455562858363972e-12
14063700.0 3.3993324523990964e-12
14110600.0 3.3551235966774554e-12
14157700.0 3.3094345078043664e-12
14205000.0 3.265723065372306e-12
14252400.0 3.222279149903549e-12
14300000.0 3.1807879631583092e-12
14347700.0 3.1378466991668035e-12
14395600.0 3.0968448416678722e-12
14443700.0 3.056072621266885e-12
14491900.0 3.0155502478536967e-12
14540300.0 2.9752556105410112e-12
14588800.0 2.935208219389391e-12
14637500.0 2.897056429903548e-12
14686400.0 2.8591187298724267e-12
14735400.0 2.8197550003038185e-12
14784600.0 2.7839209013276566e-12
14834000.0 2.7466397990733517e-12
14883500.0 2.7095879733355284e-12
14933200.0 2.6743826994503063e-12
14983100.0 2.6393757535972728e-12
15033100.0 2.6029580509281873e-12
15083300.0 2.569988603707893e-12
15133600.0 2.5356060839852543e-12
15184200.0 2.501401941418792e-12
15234900.0 2.469013107390922e-12
15285700.0 2.4352242236915507e-12
15336700.0 2.4032215109495966e-12
15387900.0 2.371400111638327e-12
15439300.0 2.339759458575074e-12
15490900.0 2.3098767627628883e-12
15542600.0 2.2786052767994004e-12
15594500.0 2.2490796184993327e-12
15646500.0 2.2181735558486933e-12
15698800.0 2.188987328782586e-12
15751200.0 2.1599812085807776e-12
15803800.0 2.131140469260749e-12
15856500.0 2.1040192216576965e-12
15909500.0 2.075502217148292e-12
15962600.0 2.048692917434064e-12
16015900.0 2.0205100743222962e-12
16069300.0 1.9940227850280164e-12
16123000.0 1.9676743397359636e-12
16176800.0 1.9414888247165805e-12
16230800.0 1.91545330235031e-12
16285000.0 1.891068087473528e-12
16339400.0 1.8653259510519748e-12
16393900.0 1.841234312112287e-12
16448700.0 1.8172691783579618e-12
16503600.0 1.7919713622584676e-12
16558700.0 1.7682959965992397e-12
16614000.0 1.7447566668837618e-12
16669400.0 1.7228294307493103e-12
16725100.0 1.6995555935481128e-12
16780900.0 1.676426270484332e-12
16836900.0 1.6548822676203023e-12
16893100.0 1.6334617625552446e-12
16949500.0 1.610722277692026e-12
17006100.0 1.5895521545249486e-12
17062900.0 1.56850409627862e-12
17119900.0 1.5475776256706058e-12
17177000.0 1.5282040605257432e-12
17234400.0 1.5075144360683534e-12
17291900.0 1.4869535705331497e-12
17349600.0 1.4679208396870623e-12
17407600.0 1.447585252967692e-12
17465700.0 1.4287759439067935e-12
17524000.0 1.4100752657741025e-12
17582500.0 1.391482776132965e-12
17641200.0 1.3729980310460937e-12
17700100.0 1.3548967565236463e-12
17759200.0 1.3369004963623377e-12
17818500.0 1.3191459797576981e-12
17878000.0 1.3017681086558008e-12
17937600.0 1.284498363927408e-12
17997500.0 1.2674576796488853e-12
18057600.0 1.2506515515150423e-12
18117900.0 1.2340782019028647e-12
18178400.0 1.217735861370334e-12
18239100.0 1.201622768715217e-12
18300000.0 1.1857371710313463e-12
18361100.0 1.170077323762423e-12
18422400.0 1.1545088190895225e-12
18483900.0 1.139295714063415e-12
18545600.0 1.124171384563384e-12
18607500.0 1.1092667870698006e-12
18669600.0 1.094580214986106e-12
18731900.0 1.0801099703430282e-12
18794500.0 1.0657186477550634e-12
18857200.0 1.0516765245061754e-12
18920200.0 1.0377110173572779e-12
18983300.0 1.0239615637823328e-12
19046700.0 1.0104156230399925e-12
19110300.0 9.970770250296e-13
19174100.0 9.83816653479981e-13
19238100.0 9.707611900353216e-13
19302300.0 9.579090022954372e-13
19366800.0 9.452535860574066e-13
19431400.0 9.328031689104555e-13
19496300.0 9.20421097453192e-13
19561400.0 9.082368500540545e-13
19626700.0 8.962488306989344e-13
19692200.0 8.843313358746187e-13
19758000.0 8.726033135743614e-13
19823900.0 8.610720966790075e-13
19890100.0 8.496044768557079e-13
19956500.0 8.38449484317481e-13
20023200.0 8.272340151421964e-13
20090000.0 8.163322743220506e-13
20157100.0 8.054908022614742e-13
20224400.0 7.94834261578104e-13
20291900.0 7.84361127342256e-13
20359600.0 7.739498359482721e-13
20427600.0 7.637159886863476e-13
20495800.0 7.535426956257393e-13
20564200.0 7.435485047793494e-13
20632900.0 7.337283694207618e-13
20701800.0 7.240844813166225e-13
20770900.0 7.144976942366134e-13
20840200.0 7.049677161984094e-13
20909800.0 6.956078188924612e-13
20979600.0 6.864199829499969e-13
21049600.0 6.774027586072229e-13
21119900.0 6.683200872352031e-13
21190400.0 6.595221408817335e-13
21261200.0 6.507733588829324e-13
21332200.0 6.421912054117249e-13
21403400.0 6.336600692547068e-13
21474800.0 6.252934952106218e-13
21546500.0 6.16973781152945e-13
21618500.0 6.088138645482099e-13
21690600.0 6.007053509750315e-13
21763100.0 5.927519779554951e-13
21835700.0 5.84960673918772e-13
21908600.0 5.772131036913826e-13
21981700.0 5.695117402010726e-13
22055100.0 5.619646052878241e-13
22128800.0 5.54570471198155e-13
22202600.0 5.472229612755252e-13
22276800.0 5.400241564067953e-13
22351100.0 5.32870764072901e-13
22425800.0 5.257553952276724e-13
22500600.0 5.187935912902025e-13
22575700.0 5.119793826340977e-13
22651100.0 5.052036685582983e-13
22726700.0 4.984685275569767e-13
22802600.0 4.918787631251737e-13
22878700.0 4.853284794523741e-13
22955100.0 4.789218436041075e-13
23031800.0 4.725515566037508e-13
23108700.0 4.66325288792384e-13
23185800.0 4.601363533217254e-13
23263200.0 4.5408765135655585e-13
23340900.0 4.48073306566105e-13
23418800.0 4.4209509588107717e-13
23497000.0 4.362549751913613e-13
23575400.0 4.304499466699637e-13
23654100.0 4.247813412404353e-13
23733100.0 4.191450326736795e-13
23812300.0 4.136452907329699e-13
23891800.0 4.0807458657920366e-13
23971600.0 4.027397136472613e-13
24051600.0 3.973353166209185e-13
24131900.0 3.9216444389932115e-13
24212500.0 3.8692212930377705e-13
24293300.0 3.818120674532503e-13
24374400.0 3.767312483899662e-13
24455800.0 3.717795088981515e-13
24537500.0 3.668561380200279e-13
24619400.0 3.619625035387318e-13
24701600.0 3.5719592913160086e-13
24784000.0 3.524581288917385e-13
24866800.0 3.477461341977473e-13
24949800.0 3.4316062668818645e-13
25033100.0 3.38601469159684e-13
25116700.0 3.341658737795304e-13
25200500.0 3.297570907837296e-13
25284600.0 3.2537367135064126e-13
25369100.0 3.2101425336214016e-13
25453800.0 3.167773137907578e-13
25538700.0 3.125660305561721e-13
25624000.0 3.0847322470431276e-13
25709500.0 3.04405209556067e-13
25795400.0 3.003595044209472e-13
25881500.0 2.963383646851418e-13
25967900.0 2.924346343492377e-13
26054600.0 2.8855347220976874e-13
26141600.0 2.8478828316615617e-13
26228900.0 2.809516731138347e-13
26316400.0 2.772312863885336e-13
26404300.0 2.7362397949408345e-13
26492400.0 2.699463139593006e-13
26580900.0 2.6638097071866626e-13
26669600.0 2.628373189405247e-13
26758600.0 2.5940559327906976e-13
26848000.0 2.5590177014890263e-13
26937600.0 2.5251006296250724e-13
27027500.0 2.492285098370403e-13
27117800.0 2.458749565496354e-13
27208300.0 2.4263171070164157e-13
27299200.0 2.394064606964763e-13
27390300.0 2.362901267918823e-13
27481700.0 2.331029717022406e-13
27573500.0 2.3002225127212406e-13
27665500.0 2.269603351999552e-13
27757900.0 2.2400354104444076e-13
27850600.0 2.2106398535186334e-13
27943500.0 2.1814237189055512e-13
28036800.0 2.1523704942813907e-13
28130400.0 2.1234873467458592e-13
28224400.0 2.0956320470351075e-13
28318600.0 2.0679470679262272e-13
28413100.0 2.040424118706288e-13
28508000.0 2.0130553955609517e-13
28603200.0 1.986701949806187e-13
28698700.0 1.9605028522107641e-13
28794500.0 1.9344573859169556e-13
28890600.0 1.9085648339885814e-13
28987000.0 1.883667661071583e-13
29083800.0 1.8589099701597954e-13
29180900.0 1.8342976772061498e-13
29278300.0 1.8098300921650646e-13
29376100.0 1.7855004471692254e-13
29474200.0 1.762143579447317e-13
29572600.0 1.738924034160146e-13
29671300.0 1.7158411493888896e-13
29770300.0 1.6928942637165493e-13
29869700.0 1.6708953892066464e-13
29969500.0 1.6482048953183736e-13
30069500.0 1.6264670353051755e-13
30169900.0 1.604852002359105e-13
30270600.0 1.584172089038396e-13
30371700.0 1.5628039769361166e-13
30473100.0 1.542364536551332e-13
30574800.0 1.5220457360719975e-13
30676900.0 1.5018420760808895e-13
30779300.0 1.4817580125668087e-13
30882100.0 1.4617882076888977e-13
30985200.0 1.4427257569984309e-13
31088600.0 1.4237760028700638e-13
31192400.0 1.4049338672210133e-13
31296500.0 1.3862034309581973e-13
31401000.0 1.367579764786526e-13
31505900.0 1.349838284757678e-13
31611000.0 1.331432935776325e-13
31716600.0 1.313899483378125e-13
31822500.0 1.296470176013697e-13
31928700.0 1.27990996509372e-13
32035300.0 1.2626808278421956e-13
32142200.0 1.245554347426695e-13
32249600.0 1.2292802413719954e-13
32357200.0 1.2131066717281557e-13
32465200.0 1.1970255635182987e-13
32573600.0 1.181036589478174e-13
32682400.0 1.1658872629282115e-13
32791500.0 1.1500825826271126e-13
32901000.0 1.1351118032617762e-13
33010800.0 1.120230163159161e-13
33121000.0 1.1046959027899644e-13
33231600.0 1.0907225271070878e-13
33342500.0 1.0760991276212232e-13
33453800.0 1.0615599900044049e-13
33565500.0 1.0478329632841713e-13
33677600.0 1.0334589685729857e-13
33790000.0 1.0198946284557285e-13
33902800.0 1.0064083565671434e-13
34016000.0 9.929998520264004e-14
34129600.0 9.803849446416679e-14
34243500.0 9.671315064799963e-14
34357900.0 9.539520598655109e-14
34472600.0 9.415609068583592e-14
34587600.0 9.292438780915042e-14
34703100.0 9.169952712578975e-14
34819000.0 9.048175317528414e-14
34935200.0 8.927129278840372e-14
35051900.0 8.80676018085372e-14
35168900.0 8.694065513293177e-14
35286300.0 8.575094329288669e-14
35404100.0 8.463720147631733e-14
35522300.0 8.35299059818645e-14
35640900.0 8.242902995523355e-14
35759900.0 8.133454646694711e-14
35879300.0 8.024642851658982e-14
35999000.0 7.916486894489235e-14
36119200.0 7.815706555183264e-14
36239800.0 7.70876527064623e-14
36360800.0 7.609171639469499e-14
36482200.0 7.510156312987703e-14
36604000.0 7.405039560946067e-14
36726200.0 7.307195532947247e-14
36848800.0 7.20992219761253e-14
36971800.0 7.119827831339275e-14
37095300.0 7.023647392202431e-14
37219100.0 6.928049404774007e-14
37343400.0 6.839538797767454e-14
37468000.0 6.745038156128069e-14
37593100.0 6.65757703336866e-14
37718600.0 6.570626394204881e-14
37844500.0 6.484183917128808e-14
37970900.0 6.396943058549904e-14
38097700.0 6.3121394736644e-14
38224800.0 6.229128457937499e-14
38352500.0 6.146571486398917e-14
38480500.0 6.0651503408185e-14
38609000.0 5.984824619964904e-14
38737900.0 5.905601778082715e-14
38867200.0 5.826844446889814e-14
38997000.0 5.749789175124616e-14
39127100.0 5.673826318411544e-14
39257800.0 5.5989039714021866e-14
39388800.0 5.524436766641917e-14
39520300.0 5.4516311897559235e-14
39652300.0 5.379240682208017e-14
39784700.0 5.307891521170942e-14
39917500.0 5.2375754896010273e-14
40050700.0 5.168284417365368e-14
40184500.0 5.0999847983080056e-14
40318600.0 5.0321010536239094e-14
40453200.0 4.965814387066718e-14
40588300.0 4.899907007318212e-14
40723800.0 4.8349896107923855e-14
40859700.0 4.7710542550103604e-14
40996100.0 4.708081560917099e-14
41133000.0 4.645470046327284e-14
41270300.0 4.583821723036993e-14
41408100.0 4.5231178731101825e-14
41546400.0 4.4633512903987026e-14
41685100.0 4.403939031004066e-14
41824200.0 4.346048038226864e-14
41963900.0 4.2884795221489995e-14
42104000.0 4.2312528329519485e-14
42244500.0 4.175523330774959e-14
42385600.0 4.120104974690383e-14
42527100.0 4.065590853553554e-14
42669000.0 4.011973504550957e-14
42811500.0 3.9586561121010057e-14
42954400.0 3.906225116061366e-14
43097800.0 3.85466421515918e-14
43241700.0 3.803401316294878e-14
43386100.0 3.752998570744453e-14
43530900.0 3.703457663088297e-14
43676300.0 3.654195045873501e-14
43822100.0 3.6057841655841675e-14
43968400.0 3.5582097776542665e-14
44115200.0 3.510911143845699e-14
44262400.0 3.464447140298684e-14
44410200.0 3.4187953266848136e-14
44558500.0 3.373408515356651e-14
44707200.0 3.328839733879722e-14
44856500.0 3.2845225144515444e-14
45006200.0 3.2410135913072115e-14
45156500.0 3.19829191636403e-14
45307300.0 3.1558188625120895e-14
45458500.0 3.1141378682161187e-14
45610300.0 3.0726928043689884e-14
45762600.0 3.032023666761199e-14
45915300.0 2.992130579448419e-14
46068600.0 2.952463503049147e-14
46222400.0 2.9130280357270905e-14
46376700.0 2.874877182503872e-14
46531600.0 2.8364175071662268e-14
46686900.0 2.799236096898663e-14
46842800.0 2.7617440734442352e-14
46999200.0 2.7255118692229348e-14
47156100.0 2.6894914889999706e-14
47313500.0 2.6536819674063523e-14
47471500.0 2.618591686168251e-14
47630000.0 2.583707089964137e-14
47789000.0 2.5495386692471972e-14
47948500.0 2.5160803682893833e-14
48108600.0 2.4828129609506966e-14
48269200.0 2.449740863479442e-14
48430300.0 2.417367826883951e-14
48592000.0 2.385179997637755e-14
48754300.0 2.353678037192544e-14
48917000.0 2.322366126544538e-14
49080300.0 2.2917317905609503e-14
49244200.0 2.2612730796389843e-14
49408600.0 2.231488548168826e-14
49573500.0 2.20187935840218e-14
49739100.0 2.1729273141462836e-14
49905100.0 2.144150228500822e-14
50071700.0 2.1155386009594103e-14
50238900.0 2.0875783121758043e-14
50406600.0 2.0597830833557257e-14
50574900.0 2.0326313482774097e-14
50743700.0 2.005639958901531e-14
50913100.0 1.97928428820156e-14
51083100.0 1.953080478764171e-14
51253700.0 1.9270279397561785e-14
51424800.0 1.9016050569299482e-14
51596500.0 1.876328967029569e-14
51768700.0 1.851674789354916e-14
51941500.0 1.8271629773497985e-14
52115000.0 1.8027895022229927e-14
52288900.0 1.7790315981650927e-14
52463500.0 1.75540777413322e-14
52638700.0 1.7319209285788143e-14
52814400.0 1.7090365111168895e-14
52990700.0 1.6867459940496883e-14
53167600.0 1.6641248180553387e-14
53345100.0 1.642093382721112e-14
53523200.0 1.6201899128742853e-14
53701900.0 1.5988689987415093e-14
53881200.0 1.577671941647186e-14
54061100.0 1.5570503202053015e-14
54241600.0 1.5360978917364997e-14
54422700.0 1.5157168432985683e-14
54604400.0 1.4959021616529475e-14
54786700.0 1.4762027452600617e-14
54969600.0 1.456618092395008e-14
55153100.0 1.4371477004863525e-14
55337200.0 1.4182327456444818e-14
55522000.0 1.3994255852610097e-14
55707300.0 1.3807308126124538e-14
55893300.0 1.3625802225783136e-14
56079900.0 1.3445356484556352e-14
56267100.0 1.3265966127455989e-14
56455000.0 1.3091932535792287e-14
56643400.0 1.2918939539754469e-14
56832500.0 1.274693649837862e-14
57022300.0 1.257591989733977e-14
57212700.0 1.24101798870901e-14
57403700.0 1.2245411367040136e-14
57595300.0 1.2085853449852186e-14
57787600.0 1.1922979616116846e-14
57980500.0 1.176527990573423e-14
58174100.0 1.1612687765356073e-14
58368300.0 1.145680264871018e-14
58563200.0 1.130598979900155e-14
58758700.0 1.1156063520007502e-14
58954900.0 1.1007000899149042e-14
59151700.0 1.0862948961931554e-14
59349200.0 1.0719725942619807e-14
59547300.0 1.0577346407242245e-14
59746100.0 1.0435788788192382e-14
59945600.0 1.0299127114692872e-14
60145700.0 1.0163270661324837e-14
60346500.0 1.0028198852678407e-14
60548000.0 9.893908566946383e-15
60750100.0 9.764435989502067e-15
60952900.0 9.63571133941501e-15
61156400.0 9.507731596277885e-15
61360600.0 9.380493728695427e-15
61565400.0 9.257979700114608e-15
61771000.0 9.132202980748499e-15
61977200.0 9.011117157023274e-15
62184100.0 8.894664765603708e-15
62391700.0 8.774968837060457e-15
62600000.0 8.659874379836095e-15
62809000.0 8.545448091264856e-15
63018700.0 8.431687136528825e-15
63229100.0 8.31858867415927e-15
63440200.0 8.210002508974848e-15
63652000.0 8.102047495796651e-15
63864500.0 7.994720904963331e-15
64077700.0 7.88802000177305e-15
64291600.0 7.781942046864524e-15
64506300.0 7.680261375692684e-15
64721600.0 7.579185055027916e-15
64937700.0 7.47868684194458e-15
65154500.0 7.378776011093545e-15
65372000.0 7.28318873125362e-15
65590200.0 7.184432320958945e-15
65809200.0 7.089958621938555e-15
66028900.0 6.996037448262746e-15
66249400.0 6.902655860918187e-15
66470500.0 6.813509366758157e-15
66692500.0 6.721198432924473e-15
66915100.0 6.633093153243441e-15
67138500.0 6.54549411782189e-15
67362700.0 6.458399410952497e-15
67587500.0 6.371825961471494e-15
67813200.0 6.2893472861892205e-15
68039600.0 6.203759730489181e-15
68266700.0 6.122257393069301e-15
68494700.0 6.0412161377784895e-15
68723300.0 5.9606605795872514e-15
68952800.0 5.884107048184678e-15
69183000.0 5.804469807451553e-15
69413900.0 5.728824139716117e-15
69645700.0 5.653607002510713e-15
69878200.0 5.5788330048238255e-15
70111500.0 5.504492126692483e-15
70345500.0 5.430590314995556e-15
70580400.0 5.357110221342465e-15
70816000.0 5.287516755753319e-15
71052400.0 5.218326064769302e-15
71289700.0 5.149529247470556e-15
71527700.0 5.081139188068246e-15
71766500.0 5.013146855585494e-15
72006100.0 4.945550559193786e-15
72246400.0 4.881738404618341e-15
72487600.0 4.8149177208847566e-15
72729600.0 4.751848589012737e-15
72972500.0 4.689139943054104e-15
73216100.0 4.626803146433235e-15
73460500.0 4.564830067922561e-15
73705800.0 4.5065290602062205e-15
73951800.0 4.445267687342329e-15
74198700.0 4.387653386945119e-15
74446400.0 4.3303747093619994e-15
74695000.0 4.273424434890816e-15
74944400.0 4.216806973773782e-15
75194600.0 4.160520821527267e-15
75445600.0 4.104564472514455e-15
75697500.0 4.0489310712858274e-15
75950200.0 3.9968427103002854e-15
76203800.0 3.945053221270313e-15
76458200.0 3.890369863064538e-15
76713400.0 3.839195245046509e-15
76969500.0 3.788315682946372e-15
77226500.0 3.73773002020978e-15
77484300.0 3.690596209799766e-15
77743000.0 3.640588957799131e-15
78002500.0 3.590876584639822e-15
78263000.0 3.544571601991044e-15
78524200.0 3.498542663024679e-15
78786400.0 3.4527751017071456e-15
79049400.0 3.404184772058102e-15
79313300.0 3.3620418424104735e-15
79578100.0 3.3170695172781457e-15
79843800.0 3.272358608259744e-15
80110400.0 3.2279080211736148e-15
80377800.0 3.1867614226658563e-15
80646200.0 3.142817997277107e-15
80915400.0 3.102156058195769e-15
81185500.0 3.0617298390803627e-15
81456600.0 3.021534625677768e-15
81728500.0 2.980679726356024e-15
82001400.0 2.9409540880376823e-15
82275100.0 2.9020579094203667e-15
82549800.0 2.8636810526069926e-15
82825400.0 2.8258231522485688e-15
83101900.0 2.7884802751394042e-15
83379400.0 2.751352073041614e-15
83657700.0 2.7150285474085242e-15
83937000.0 2.678913975745026e-15
84217300.0 2.643587999887148e-15
84498400.0 2.608471698205901e-15
84780500.0 2.573846197286804e-15
85063600.0 2.53999516507272e-15
85347500.0 2.5063452112631973e-15
85632500.0 2.4731720365223295e-15
85918400.0 2.440193380192264e-15
86205200.0 2.4079753892472517e-15
86493000.0 2.3762261736576383e-15
86781800.0 2.344660526184096e-15
87071500.0 2.313561068418974e-15
87362200.0 2.2829215105742424e-15
87653800.0 2.2527408956364954e-15
87946500.0 2.2230105296902334e-15
88240100.0 2.1934550298658097e-15
88534700.0 2.1643471781903447e-15
88830300.0 2.13568350391254e-15
89126800.0 2.107462916910315e-15
89424400.0 2.079403892541213e-15
89722900.0 2.0520552456803796e-15
90022500.0 2.0248632259396234e-15
90323000.0 1.9981022908478482e-15
90624600.0 1.9714948995675633e-15
90927100.0 1.9453135692115747e-15
91230700.0 1.9195506283232695e-15
91535200.0 1.8942069813611852e-15
91840800.0 1.869275132161521e-15
92147500.0 1.844486635398109e-15
92455100.0 1.8201092445682435e-15
92763800.0 1.7958722281710707e-15
93073400.0 1.7720414585301118e-15
93384200.0 1.7486079666335864e-15
93695900.0 1.7255742244181293e-15
94008700.0 1.7026733043815414e-15
94322600.0 1.680163810901886e-15
94637500.0 1.6577861235845766e-15
94953500.0 1.635795318507515e-15
95270500.0 1.6141900020014378e-15
95588500.0 1.5927113240133768e-15
95907600.0 1.5716119005150177e-15
96227800.0 1.5508886821565312e-15
96549100.0 1.5302854852899763e-15
96871400.0 1.510055682806333e-15
97194800.0 1.4901946513559068e-15
97519300.0 1.4704487637606994e-15
97844900.0 1.450817540372676e-15
98171600.0 1.4317984304363547e-15
98499300.0 1.4126430048359134e-15
98828100.0 1.3940937250463786e-15
99158100.0 1.3756508143084424e-15
99489100.0 1.3573166100839174e-15
99821300.0 1.339332749612844e-15
100155000.0 1.3216924342285859e-15
100489000.0 1.3041653842848419e-15
100824000.0 1.2867416969435343e-15
101161000.0 1.2698915294736495e-15
101499000.0 1.2529001060988388e-15
101838000.0 1.2364893392837814e-15
102178000.0 1.2199363218543195e-15
102519000.0 1.2039581761828842e-15
102861000.0 1.1878368062642673e-15
103204000.0 1.1722845800881556e-15
103549000.0 1.1565770077265878e-15
103895000.0 1.1414332735161113e-15
104241000.0 1.1261556012147387e-15
104589000.0 1.1114251470968101e-15
104939000.0 1.0965385803998917e-15
105289000.0 1.0819831204785584e-15
105641000.0 1.0677352615003302e-15
105993000.0 1.0535820360613042e-15
106347000.0 1.0397327808113254e-15
106702000.0 1.0259658050799256e-15
107058000.0 1.0122806761412918e-15
107416000.0 9.988952039141038e-16
107774000.0 9.855986584977855e-16
108134000.0 9.725981996675425e-16
108495000.0 9.596751705125558e-16
108857000.0 9.470536835598646e-16
109221000.0 9.344987505863583e-16
109585000.0 9.220272231081725e-16
109951000.0 9.098440192033933e-16
110318000.0 8.977335182522842e-16
110687000.0 8.859081381037109e-16
111056000.0 8.741613411073279e-16
111427000.0 8.626962138292525e-16
111799000.0 8.512995656373387e-16
112172000.0 8.399710200319645e-16
112547000.0 8.289200039447431e-16
112922000.0 8.179423859736141e-16
113299000.0 8.070231911478116e-16
113678000.0 7.963774192315673e-16
114057000.0 7.8580239698533485e-16
114438000.0 7.752838718127417e-16
114820000.0 7.650413582708891e-16
115203000.0 7.550723774157549e-16
115588000.0 7.449451165309907e-16
115974000.0 7.350895068579843e-16
116361000.0 7.252930518568213e-16
116750000.0 7.157586334088397e-16
117139000.0 7.06287539537238e-16
117530000.0 6.968672827126944e-16
117923000.0 6.87705101508613e-16
118316000.0 6.786037867505442e-16
118711000.0 6.695514533712514e-16
119108000.0 6.607532729433671e-16
119505000.0 6.520135482726458e-16
119904000.0 6.433209679318998e-16
120305000.0 6.348786575462136e-16
120706000.0 6.264924399225219e-16
121109000.0 6.181515495172007e-16
121514000.0 6.098559471967787e-16
121919000.0 6.018159304904636e-16
122326000.0 5.938194438734553e-16
122735000.0 5.860655840442296e-16
123145000.0 5.783585336316761e-16
123556000.0 5.706980137789905e-16
123968000.0 5.630837470708665e-16
124382000.0 5.555109913274057e-16
124797000.0 5.481799369720134e-16
125214000.0 5.40888838830381e-16
125632000.0 5.338364416782751e-16
126051000.0 5.268266385553685e-16
126472000.0 5.198550619280196e-16
126894000.0 5.129257030890209e-16
127318000.0 5.060343309146856e-16
127743000.0 4.993761303838206e-16
128170000.0 4.927543973148543e-16
128597000.0 4.861766385224332e-16
129027000.0 4.798206931022234e-16
129458000.0 4.735033134586645e-16
129890000.0 4.672242615949111e-16
130323000.0 4.609833009015618e-16
130758000.0 4.549636382694152e-16
131195000.0 4.487907526785581e-16
131633000.0 4.428411681500946e-16
132072000.0 4.371127981793728e-16
132513000.0 4.3123142763792306e-16
132956000.0 4.255665044422879e-16
133400000.0 4.1993605816097107e-16
133845000.0 4.143398718870206e-16
134292000.0 4.089566873035605e-16
134740000.0 4.0342482889575825e-16
135190000.0 3.981045398629037e-16
135641000.0 3.928166560458668e-16
136094000.0 3.875581241007605e-16
136549000.0 3.825078758879752e-16
137004000.0 3.7749117214012257e-16
137462000.0 3.724995500657896e-16
137921000.0 3.6753841513911443e-16
138381000.0 3.626075715427698e-16
138843000.0 3.578802839575996e-16
139307000.0 3.5317928153926206e-16
139772000.0 3.485069976909178e-16
140238000.0 3.4386324668862894e-16
140707000.0 3.392430220030625e-16
141176000.0 3.348266214473894e-16
141648000.0 3.302599190763133e-16
142121000.0 3.2589323344047225e-16
142595000.0 3.217246659901948e-16
143071000.0 3.17408447269842e-16
143549000.0 3.131164910366167e-16
144028000.0 3.090205771717567e-16
144509000.0 3.0494759638480824e-16
144991000.0 3.0089956426985633e-16
145475000.0 2.9687427558088473e-16
145961000.0 2.9303912046241422e-16
146448000.0 2.8906055104127693e-16
146937000.0 2.852708126651433e-16
147428000.0 2.8150239589673187e-16
147920000.0 2.777571190099284e-16
148414000.0 2.7403298115833983e-16
148909000.0 2.7049587326438177e-16
149407000.0 2.6681325382084547e-16
149905000.0 2.633181477596014e-16
150406000.0 2.598410041234726e-16
150908000.0 2.5638524924117347e-16
151412000.0 2.529490682295921e-16
151917000.0 2.4969493045332466e-16
152424000.0 2.4629877103323434e-16
152933000.0 2.4308176983952738e-16
153444000.0 2.3988298491806247e-16
153956000.0 2.367038970138605e-16
154470000.0 2.335428600994668e-16
154986000.0 2.3039981695419827e-16
155503000.0 2.2743334704776667e-16
156022000.0 2.2448365936518148e-16
156543000.0 2.2139456847238824e-16
157066000.0 2.1847880297377255e-16
157590000.0 2.1558102292901858e-16
158116000.0 2.1269975928362422e-16
158644000.0 2.0998902056807544e-16
159174000.0 2.0714011028501668e-16
159705000.0 2.0446187003925663e-16
160238000.0 2.016463303968158e-16
160773000.0 1.9899900935006002e-16
161310000.0 1.963668140248555e-16
161849000.0 1.937496914436399e-16
162389000.0 1.912992761528223e-16
162931000.0 1.8871277531772897e-16
163475000.0 1.8614114840437457e-16
164021000.0 1.8373335475411146e-16
164569000.0 1.8133933441196765e-16
165118000.0 1.789601210622833e-16
165669000.0 1.7659454462984072e-16
166222000.0 1.742425548904481e-16
166777000.0 1.719041013072489e-16
167334000.0 1.6957913304192836e-16
167893000.0 1.674131756402219e-16
168453000.0 1.6511551971459553e-16
169016000.0 1.629748088453667e-16
169580000.0 1.6084736372882557e-16
170146000.0 1.5873215703254837e-16
170714000.0 1.5662914136969268e-16
171284000.0 1.545382691267804e-16
171856000.0 1.524594924729843e-16
172430000.0 1.5039276336926825e-16
173005000.0 1.4848016613216624e-16
173583000.0 1.4643690217948274e-16
174162000.0 1.445467079210944e-16
174744000.0 1.4266659054895236e-16
175327000.0 1.4079815232576055e-16
175912000.0 1.3887104890199494e-16
176500000.0 1.3702363120895312e-16
177089000.0 1.3521532180561225e-16
177680000.0 1.334174996515528e-16
178273000.0 1.3165754104021973e-16
178869000.0 1.299070732750688e-16
179466000.0 1.2819475569932366e-16
180065000.0 1.2649238754356127e-16
180666000.0 1.2481345482929037e-16
181269000.0 1.231712634717858e-16
181874000.0 1.2153862501702113e-16
182482000.0 1.1992823481157015e-16
183091000.0 1.1834124306429512e-16
183702000.0 1.1677680729303682e-16
184315000.0 1.1522149349106714e-16
184931000.0 1.1370107960908654e-16
185548000.0 1.1219015636692349e-16
186168000.0 1.1070059325132427e-16
186789000.0 1.0924650389571389e-16
187413000.0 1.0780032542001071e-16
188038000.0 1.0636317956851506e-16
188666000.0 1.049597966373896e-16
189296000.0 1.035646311864755e-16
189928000.0 1.0219051423813792e-16
190562000.0 1.0083727963511993e-16
191198000.0 9.95047621099335e-17
191837000.0 9.819228543202344e-17
192477000.0 9.688801994498614e-17
193120000.0 9.560357031866087e-17
193764000.0 9.433977268940131e-17
194411000.0 9.30954835955743e-17
195060000.0 9.18585071629716e-17
195711000.0 9.064129703276747e-17
196365000.0 8.944323830831027e-17
197020000.0 8.825268550016618e-17
197678000.0 8.709342954195956e-17
198338000.0 8.592867580739722e-17
199000000.0 8.479536030402496e-17
199665000.0 8.366830290093098e-17
200331000.0 8.25605164821644e-17
201000000.0 8.147101535583703e-17
201671000.0 8.038794544410457e-17
202344000.0 7.932335396776507e-17
203020000.0 7.827670306033678e-17
203698000.0 7.7236240784719e-17
204378000.0 7.621389496855084e-17
205060000.0 7.52095152972786e-17
205745000.0 7.421071223036972e-17
206432000.0 7.322966836186037e-17
207121000.0 7.225443489898999e-17
207812000.0 7.13085047209651e-17
208506000.0 7.035610977608326e-17
209202000.0 6.94210533232546e-17
209901000.0 6.850286325530454e-17
210601000.0 6.760205285555396e-17
211304000.0 6.670626380339873e-17
212010000.0 6.581548417524744e-17
212718000.0 6.495298702599876e-17
213428000.0 6.408415980067246e-17
214140000.0 6.324333091716069e-17
214855000.0 6.240720349660776e-17
215573000.0 6.157576566604597e-17
216292000.0 6.07608671936552e-17
217014000.0 5.996180233825602e-17
217739000.0 5.916722157362029e-17
218466000.0 5.837738020471254e-17
219195000.0 5.760340317912189e-17
219927000.0 5.684489538052713e-17
220661000.0 5.609091163757421e-17
221398000.0 5.5352216956905693e-17
222137000.0 5.4617932207562234e-17
222879000.0 5.388779150910357e-17
223623000.0 5.317295041737395e-17
224369000.0 5.2473275849480146e-17
225118000.0 5.177754851659842e-17
225870000.0 5.109657783374452e-17
226624000.0 5.041968151500346e-17
227381000.0 4.9746618107952796e-17
228140000.0 4.908830442190479e-17
228901000.0 4.8444610989392706e-17
229666000.0 4.779370868518598e-17
230432000.0 4.71681370583175e-17
231202000.0 4.6535333984532306e-17
231973000.0 4.5927606566638396e-17
232748000.0 4.531262540521553e-17
233525000.0 4.471180956216283e-17
234305000.0 4.412484517468991e-17
235087000.0 4.354140539165231e-17
235872000.0 4.2961287859343246e-17
236659000.0 4.2394988321049825e-17
237449000.0 4.18319141886622e-17
238242000.0 4.128231367163072e-17
239037000.0 4.0736018923135924e-17
239835000.0 4.019284315009335e-17
240636000.0 3.9662932599180125e-17
241439000.0 3.913621395453916e-17
242245000.0 3.861250912507441e-17
243054000.0 3.810186343568917e-17
243866000.0 3.760416576502266e-17
244680000.0 3.709947903771196e-17
245497000.0 3.66076477671922e-17
246316000.0 3.6128708680386494e-17
247139000.0 3.5642477230518455e-17
247964000.0 3.517890344626426e-17
248792000.0 3.4708161506660856e-17
249622000.0 3.425005949572369e-17
250456000.0 3.379445405707154e-17
251292000.0 3.335133370602708e-17
252131000.0 3.2910760334873544e-17
252972000.0 3.2472852641118574e-17
253817000.0 3.2037342032511983e-17
254664000.0 3.161407084418612e-17
255515000.0 3.120268306252945e-17
256368000.0 3.0784252549147837e-17
257223000.0 3.0377863110135293e-17
258082000.0 2.997370180034534e-17
258944000.0 2.9581318214578436e-17
259808000.0 2.918190621156467e-17
260676000.0 2.8803452466640356e-17
261546000.0 2.841794839497837e-17
262419000.0 2.8043993830830686e-17
263295000.0 2.76722038142483e-17
264174000.0 2.7302569478647606e-17
265056000.0 2.6944303113654e-17
265941000.0 2.6588113238399102e-17
266829000.0 2.6233991205504343e-17
267720000.0 2.5881928343097042e-17
268614000.0 2.554101499964647e-17
269510000.0 2.5202176357894448e-17
270410000.0 2.4874254013453297e-17
271313000.0 2.4539227294228447e-17
272219000.0 2.4215135065666886e-17
273127000.0 2.3893018009946092e-17
274039000.0 2.3581610420505818e-17
274954000.0 2.3263125524948777e-17
275872000.0 2.2955363442499468e-17
276793000.0 2.2658227491635754e-17
277717000.0 2.2354019991987462e-17
278644000.0 2.2060364151382786e-17
279575000.0 2.1768344262115804e-17
280508000.0 2.1478109663767694e-17
281445000.0 2.1198182431764452e-17
282384000.0 2.0911309397809607e-17
283327000.0 2.0634673228936404e-17
284273000.0 2.0359657550589267e-17
285222000.0 2.0094824137980714e-17
286174000.0 1.98315393071614e-17
287129000.0 1.9561283599467153e-17
288088000.0 1.930951975957538e-17
289050000.0 1.905077297319158e-17
290015000.0 1.8801975959057886e-17
290983000.0 1.8546238292857814e-17
291955000.0 1.8300317470280668e-17
292929000.0 1.8064249177656072e-17
293907000.0 1.7821186896626355e-17
294888000.0 1.7587846360491392e-17
295873000.0 1.7355818536596474e-17
296861000.0 1.7125157424532796e-17
297852000.0 1.6895856393544626e-17
298846000.0 1.667608738051221e-17
299844000.0 1.6449404589194293e-17
300845000.0 1.6232188204653133e-17
301849000.0 1.6016253329364583e-17
302857000.0 1.5809611706061086e-17
303868000.0 1.5596143599355776e-17
304883000.0 1.539190602459374e-17
305900000.0 1.5188924503901227e-17
306922000.0 1.4987044027442017e-17
307946000.0 1.478640751377752e-17
308974000.0 1.4594822541526403e-17
310006000.0 1.4396438201817877e-17
311041000.0 1.42070912609611e-17
312079000.0 1.401886549434101e-17
313121000.0 1.3831710988136525e-17
314167000.0 1.3653403949125209e-17
315215000.0 1.3468440937749371e-17
316268000.0 1.3292221762433099e-17
317324000.0 1.311704811022713e-17
318383000.0 1.2942914529664702e-17
319446000.0 1.2769775607979942e-17
320512000.0 1.2597667235658208e-17
321583000.0 1.2434107007100753e-17
322656000.0 1.2271556537903154e-17
323733000.0 1.2109933985484577e-17
324814000.0 1.1949236090661351e-17
325899000.0 1.178945956931833e-17
326987000.0 1.1630636682224287e-17
328078000.0 1.1480212144369162e-17
329174000.0 1.1323187592366179e-17
330272000.0 1.1174537943329793e-17
331375000.0 1.1026707019869608e-17
332481000.0 1.0879758788619995e-17
333591000.0 1.0740982986200805e-17
334705000.0 1.0595698595597873e-17
335823000.0 1.0458531643127882e-17
336944000.0 1.0314929231801155e-17
338069000.0 1.0179388493563612e-17
339197000.0 1.0044658007532804e-17
340330000.0 9.91067503814431e-18
341466000.0 9.78465305401673e-18
342606000.0 9.652220081648965e-18
343750000.0 9.520554725364289e-18
344897000.0 9.39676770414123e-18
346049000.0 9.273667298175752e-18
347204000.0 9.151304705238546e-18
348363000.0 9.02964982759038e-18
349526000.0 8.908699801731749e-18
350693000.0 8.78845175384543e-18
351864000.0 8.675849036511873e-18
353039000.0 8.563896283003045e-18
354217000.0 8.445714587008348e-18
355400000.0 8.335076303709156e-18
356586000.0 8.225102928354262e-18
357777000.0 8.115745247128887e-18
358971000.0 8.007046312247871e-18
360170000.0 7.905744472572687e-18
361372000.0 7.798286588773903e-18
362579000.0 7.69143512346358e-18
363789000.0 7.591948686086923e-18
365004000.0 7.493019214845453e-18
366222000.0 7.394685601706132e-18
367445000.0 7.296904612555885e-18
368671000.0 7.199713783544599e-18
369902000.0 7.103071205956562e-18
371137000.0 7.006994210111948e-18
372376000.0 6.9180438738038084e-18
373619000.0 6.823068608620388e-18
374867000.0 6.735153443427642e-18
376118000.0 6.647768682356704e-18
377374000.0 6.554399683611517e-18
378634000.0 6.468037000365686e-18
379898000.0 6.384110093045798e-18
381166000.0 6.300032473025655e-18
382439000.0 6.2164311147625645e-18
383716000.0 6.133957493641475e-18
384997000.0 6.052602958484484e-18
386282000.0 5.972991635326794e-18
387572000.0 5.893832187430874e-18
388866000.0 5.815766652941322e-18
390164000.0 5.7387865487960685e-18
391466000.0 5.662259084534182e-18
392773000.0 5.587412425599983e-18
394085000.0 5.513612493599538e-18
395400000.0 5.440261048154187e-18
396720000.0 5.36856040389265e-18
398045000.0 5.2972687721851e-18
399374000.0 5.227009836550733e-18
400707000.0 5.157775425802079e-18
402045000.0 5.089544756624764e-18
403387000.0 5.022322828582973e-18
404734000.0 4.95548546954295e-18
406085000.0 4.890247114024226e-18
407441000.0 4.825382184333582e-18
408801000.0 4.7614988683532044e-18
410166000.0 4.6985778154267425e-18
411535000.0 4.6360291047006734e-18
412909000.0 4.5750236324608894e-18
414287000.0 4.514379231085202e-18
415671000.0 4.454660625849444e-18
417058000.0 4.395306757108923e-18
418451000.0 4.337452366220507e-18
419848000.0 4.279941108897367e-18
421249000.0 4.223351420004352e-18
422656000.0 4.16707774162081e-18
424067000.0 4.112291415487863e-18
425482000.0 4.057830313434877e-18
426903000.0 4.003673975470084e-18
428328000.0 3.950981329661957e-18
429758000.0 3.898592768006153e-18
431193000.0 3.8470739173878e-18
432632000.0 3.795861740526839e-18
434077000.0 3.745500412233507e-18
435526000.0 3.6960005175365605e-18
436980000.0 3.647346499625246e-18
438439000.0 3.5989741455752146e-18
439903000.0 3.550882302274509e-18
441371000.0 3.50418526707738e-18
442845000.0 3.457750981975538e-18
444323000.0 3.412144149091475e-18
445807000.0 3.3667944108113722e-18
447295000.0 3.322262310310796e-18
448788000.0 3.27798899320024e-18
450287000.0 3.2345089720917962e-18
451790000.0 3.1918302127057164e-18
453298000.0 3.1493997372155454e-18
454812000.0 3.107747037035999e-18
456330000.0 3.0668794551806117e-18
457853000.0 3.0262498185153758e-18
459382000.0 2.9858505873779824e-18
460916000.0 2.9467479909509746e-18
462454000.0 2.907351145016323e-18
463998000.0 2.868705142874895e-18
465547000.0 2.8308100887687386e-18
467102000.0 2.793653747906114e-18
468661000.0 2.756720447216354e-18
470226000.0 2.719997341855375e-18
471796000.0 2.6840074771209907e-18
473371000.0 2.6482283732638128e-18
474951000.0 2.6131736704014127e-18
476537000.0 2.5788318548768425e-18
478128000.0 2.5446912611770706e-18
479724000.0 2.510750954758767e-18
481325000.0 2.4775177930990222e-18
482932000.0 2.4449807127134796e-18
484545000.0 2.412629578967703e-18
486162000.0 2.3804735317233044e-18
487785000.0 2.3490028597937457e-18
489414000.0 2.317712502705928e-18
491048000.0 2.28710420708406e-18
492687000.0 2.256676036836994e-18
494332000.0 2.2269170506624495e-18
495982000.0 2.1973333153522347e-18
497638000.0 2.1684107692500605e-18
499300000.0 2.1396543648329484e-18
500967000.0 2.111555578271998e-18
502639000.0 2.0831361859171645e-18
504317000.0 2.055850073303859e-18
506001000.0 2.028720878977604e-18
507690000.0 2.0017519461653985e-18
509385000.0 1.974938597748021e-18
511086000.0 1.9492366759629013e-18
512792000.0 1.923209880190033e-18
514504000.0 1.897808606035535e-18
516222000.0 1.872554050770805e-18
517945000.0 1.8479210889194284e-18
519674000.0 1.8234304190776153e-18
521409000.0 1.7990814711811794e-18
523150000.0 1.7753408679280172e-18
524896000.0 1.751741067384733e-18
526649000.0 1.7287388689648682e-18
528407000.0 1.7058731506149254e-18
530171000.0 1.683140026882804e-18
531941000.0 1.660998421881473e-18
533717000.0 1.6389852522509537e-18
535499000.0 1.6170999800507412e-18
537287000.0 1.5957969681098352e-18
539080000.0 1.5746206666774247e-18
540880000.0 1.5535646582977798e-18
542686000.0 1.5330817614860303e-18
544498000.0 1.5127180728809151e-18
546315000.0 1.4929231939948281e-18
548139000.0 1.4732407367603049e-18
549969000.0 1.453672977362049e-18
551805000.0 1.434219412956753e-18
553648000.0 1.4153184436545255e-18
555496000.0 1.3965303228435132e-18
557351000.0 1.3782880156134778e-18
559211000.0 1.3597175061220669e-18
561078000.0 1.3416890020423793e-18
562951000.0 1.324200135546271e-18
564831000.0 1.3063783433944242e-18
566717000.0 1.2890924300767236e-18
568609000.0 1.2723376104842391e-18
570507000.0 1.2552523018609893e-18
572412000.0 1.2386921424460874e-18
574323000.0 1.2222290737196525e-18
576240000.0 1.2062867954602276e-18
578164000.0 1.1900130839693302e-18
580094000.0 1.174256515995948e-18
582031000.0 1.1585905116742289e-18
583974000.0 1.1434352246100688e-18
585923000.0 1.1283688976411876e-18
587879000.0 1.1133892133734913e-18
589842000.0 1.0984958431664277e-18
591811000.0 1.0841032794713458e-18
593787000.0 1.0697935568300777e-18
595769000.0 1.055568127129317e-18
597758000.0 1.0414248380347076e-18
599754000.0 1.0277708897018828e-18
601756000.0 1.0141974089673808e-18
603765000.0 1.0007023425983412e-18
605781000.0 9.872853782591393e-19
607803000.0 9.743499301937955e-19
609833000.0 9.614876491038681e-19
611869000.0 9.48701412247293e-19
613911000.0 9.363889624893285e-19
615961000.0 9.2374934654169e-19
618017000.0 9.11580217349382e-19
620081000.0 8.994801826310762e-19
622151000.0 8.874518743303594e-19
624228000.0 8.758850677204842e-19
626312000.0 8.643853176045439e-19
628403000.0 8.5295234113467295e-19
630501000.0 8.415858547608435e-19
632606000.0 8.302855742738472e-19
634718000.0 8.194362882912784e-19
636837000.0 8.086500753948748e-19
638963000.0 7.979266625717423e-19
641096000.0 7.872657763102725e-19
643236000.0 7.766671426381495e-19
645384000.0 7.665080095580964e-19
647538000.0 7.564092675940135e-19
649700000.0 7.463682982883516e-19
651869000.0 7.363860261441974e-19
654046000.0 7.268347709508339e-19
656229000.0 7.169678781034652e-19
658420000.0 7.075290328432858e-19
660618000.0 6.981454001092817e-19
662824000.0 6.888156887108958e-19
665036000.0 6.799092608894789e-19
667257000.0 6.706865380949362e-19
669484000.0 6.618841563359208e-19
671719000.0 6.531323629243515e-19
673962000.0 6.444309662295015e-19
676212000.0 6.361421581971623e-19
678470000.0 6.275406816065623e-19
680735000.0 6.193489455756743e-19
683007000.0 6.1120527708106795e-19
685288000.0 6.031076874250845e-19
687575000.0 5.9505863231940305e-19
689871000.0 5.870552861822948e-19
692174000.0 5.794522888706968e-19
694485000.0 5.715411950058504e-19
696803000.0 5.64027677947078e-19
699130000.0 5.565568196751358e-19
701464000.0 5.4913004887264e-19
703806000.0 5.420936521021203e-19
706155000.0 5.347525064246583e-19
708513000.0 5.277983050181042e-19
710878000.0 5.208851093890644e-19
713252000.0 5.136685996747281e-19
715633000.0 5.0717808347330825e-19
718022000.0 5.003846368485107e-19
720419000.0 4.936307649135138e-19
722824000.0 4.872544345280227e-19
725237000.0 4.805780781899859e-19
727659000.0 4.742760290841255e-19
730088000.0 4.680113060376017e-19
732525000.0 4.617830869355112e-19
734971000.0 4.555905921628068e-19
737425000.0 4.497657436534055e-19
739887000.0 4.436443955207584e-19
742357000.0 4.378881741127109e-19
744835000.0 4.3216548855909313e-19
747322000.0 4.2647561837070835e-19
749817000.0 4.2081900313430724e-19
752320000.0 4.1519549244241704e-19
754832000.0 4.0960439313039404e-19
757352000.0 4.040461155136897e-19
759880000.0 3.9884215550312386e-19
762417000.0 3.936680590423661e-19
764962000.0 3.882047094784133e-19
767516000.0 3.830915504291974e-19
770079000.0 3.7800788992610593e-19
772650000.0 3.7327042562565597e-19
775229000.0 3.6824530275164233e-19
777817000.0 3.6324930061189565e-19
780414000.0 3.5859548617438982e-19
783019000.0 3.5365678380025274e-19
785634000.0 3.4905749711411096e-19
788256000.0 3.444856673225511e-19
790888000.0 3.399398532715912e-19
793528000.0 3.3542081333931455e-19
796178000.0 3.309275861186531e-19
798836000.0 3.2646090080321163e-19
801503000.0 3.2232516870599266e-19
804179000.0 3.1790937861672166e-19
806863000.0 3.1382268827042693e-19
809557000.0 3.0945736028370937e-19
812260000.0 3.0541851347908766e-19
814971000.0 3.0140349938568205e-19
817692000.0 2.9747125255767096e-19
820422000.0 2.935320777481817e-19
823161000.0 2.8964555711319786e-19
825909000.0 2.858112938495672e-19
828667000.0 2.8199905793901213e-19
831433000.0 2.782682301610665e-19
834209000.0 2.7458815090039954e-19
836994000.0 2.7095877084667696e-19
839788000.0 2.67379702284651e-19
842592000.0 2.638212389844686e-19
845405000.0 2.603414316023607e-19
848227000.0 2.56881979198005e-19
851059000.0 2.534712099386591e-19
853901000.0 2.501373823878857e-19
856751000.0 2.468233681170032e-19
859612000.0 2.4355664562782977e-19
862481000.0 2.403093668906903e-19
865361000.0 2.37137094782735e-19
868250000.0 2.340115925089801e-19
871149000.0 2.3090417014031083e-19
874057000.0 2.2784297813049724e-19
876975000.0 2.248273944669588e-19
879903000.0 2.218570682156114e-19
882840000.0 2.189042131366737e-19
885788000.0 2.1599585054397632e-19
888745000.0 2.131596262222886e-19
891712000.0 2.1031244420575396e-19
894689000.0 2.07536463617512e-19
897676000.0 2.0480384153300507e-19
900673000.0 2.0208710087509624e-19
903680000.0 1.9941322023899607e-19
906697000.0 1.9675490524913655e-19
909724000.0 1.9416582215374145e-19
912761000.0 1.91591812600784e-19
915808000.0 1.8905949919003204e-19
918866000.0 1.8654174733546084e-19
921933000.0 1.8406541243742546e-19
925011000.0 1.8162976209667467e-19
928099000.0 1.7923467125117909e-19
931198000.0 1.7685337644656558e-19
934307000.0 1.7451217108684477e-19
937426000.0 1.7221073122314838e-19
940556000.0 1.6992256795294007e-19
943696000.0 1.6767370638861108e-19
946846000.0 1.65463826777823e-19
950007000.0 1.6326671175522132e-19
953179000.0 1.611079522778169e-19
956361000.0 1.58961850863839e-19
959554000.0 1.5685365677009666e-19
962758000.0 1.5478306509773121e-19
965972000.0 1.527246282566676e-19
969197000.0 1.5070335167148126e-19
972432000.0 1.48719087152774e-19
975679000.0 1.4674617613615541e-19
978936000.0 1.4480984121449866e-19
982204000.0 1.4288474802786883e-19
985484000.0 1.4099550747590024e-19
988774000.0 1.3911739419401727e-19
992075000.0 1.37274852474679e-19
995387000.0 1.354675895058363e-19
998710000.0 1.336708411471544e-19
1002040000.0 1.319094799741627e-19
1005390000.0 1.3015719756964507e-19
1008750000.0 1.2843951000781921e-19
1012110000.0 1.267332271948996e-19
1015490000.0 1.2505984178739206e-19
1018880000.0 1.233963478497249e-19
1022280000.0 1.217666044157994e-19
1025700000.0 1.2014532302548416e-19
1029120000.0 1.1855856712230016e-19
1032560000.0 1.1698005671976832e-19
1036000000.0 1.1543562108188532e-19
1039460000.0 1.1389921643459333e-19
1042930000.0 1.1239536392085599e-19
1046420000.0 1.1089936571630345e-19
1049910000.0 1.0943659261873588e-19
1053410000.0 1.0798248700868577e-19
1056930000.0 1.0655912087641483e-19
1060460000.0 1.0514421252663803e-19
1064000000.0 1.0376068882396125e-19
1067550000.0 1.023853816696089e-19
1071120000.0 1.0101730477825751e-19
1074690000.0 9.968105973945056e-20
1078280000.0 9.837450568804005e-20
1081880000.0 9.707572549193027e-20
1085490000.0 9.578467770050319e-20
1089120000.0 9.452289463386559e-20
1092750000.0 9.326949458719023e-20
1096400000.0 9.202271562994216e-20
1100060000.0 9.080560326508716e-20
1103730000.0 8.959575117004612e-20
1107420000.0 8.84143922402024e-20
1111120000.0 8.724009474257947e-20
1114820000.0 8.609551603910193e-20
1118550000.0 8.495623111264434e-20
1122280000.0 8.382451922103665e-20
1126030000.0 8.272054195388086e-20
1129790000.0 8.162317092669605e-20
1133560000.0 8.053236944336021e-20
1137340000.0 7.946959083103172e-20
1141140000.0 7.841247889418986e-20
1144950000.0 7.738305532946658e-20
1148770000.0 7.635979546265113e-20
1152610000.0 7.534201097317106e-20
1156460000.0 7.435147744543729e-20
1160320000.0 7.336688495011214e-20
1164190000.0 7.238819976471009e-20
1168080000.0 7.143570125971534e-20
1171980000.0 7.048892435947607e-20
1175890000.0 6.95478362892696e-20
1179810000.0 6.863312072466451e-20
1183750000.0 6.772331920603476e-20
1187710000.0 6.681842878995787e-20
1191670000.0 6.594006252629069e-20
1195650000.0 6.506642626461655e-20
1199640000.0 6.419805176208925e-20
1203650000.0 6.335468813447719e-20
1207660000.0 6.251692523579003e-20
1211700000.0 6.168318023227276e-20
1215740000.0 6.087508048533598e-20
1219800000.0 6.007134875474654e-20
1223870000.0 5.927246527232247e-20
1227960000.0 5.84779251234851e-20
1232060000.0 5.770802972342173e-20
1236170000.0 5.694278074006262e-20
1240300000.0 5.620140348178196e-20
1244440000.0 5.544486106590786e-20
1248590000.0 5.471247276998003e-20
1252760000.0 5.3984075039816346e-20
1256940000.0 5.327953173779022e-20
1261140000.0 5.2578825029826795e-20
1265350000.0 5.1882359958694027e-20
1269580000.0 5.1189707579948647e-20
1273810000.0 5.050165544702029e-20
1278070000.0 4.98361121105991e-20
1282330000.0 4.9174990747637404e-20
1286620000.0 4.8536112659720107e-20
1290910000.0 4.788254746688271e-20
1295220000.0 4.7251452830642497e-20
1299540000.0 4.662418557346138e-20
1303880000.0 4.600036928625888e-20
1308240000.0 4.539868081881397e-20
1312600000.0 4.4800989550390955e-20
1316990000.0 4.420624877431199e-20
1321380000.0 4.361545979409339e-20
1325790000.0 4.304636952817855e-20
1330220000.0 4.2480413954690625e-20
1334660000.0 4.191790137177505e-20
1339120000.0 4.135850128360268e-20
1343590000.0 4.080251135610025e-20
1348070000.0 4.026804062963661e-20
1352570000.0 3.973652293799633e-20
1357090000.0 3.92079524047021e-20
1361620000.0 3.8682607061844453e-20
1366170000.0 3.8178077421409396e-20
1370730000.0 3.767662240854515e-20
1375300000.0 3.717822237862526e-20
1379890000.0 3.668259197514408e-20
1384500000.0 3.6189725130978535e-20
1389120000.0 3.571746742664763e-20
1393760000.0 3.524783482060737e-20
1398410000.0 3.4781070049152043e-20
1403080000.0 3.43169099946544e-20
1407770000.0 3.385534851798565e-20
1412470000.0 3.3413919726179246e-20
1417180000.0 3.297518622059874e-20
1421910000.0 3.253890163271927e-20
1426660000.0 3.210505995335369e-20
1431420000.0 3.167387632247929e-20
1436200000.0 3.126213379933282e-20
1441000000.0 3.083573336229946e-20
1445810000.0 3.0428858765779733e-20
1450640000.0 3.002426846718033e-20
1455480000.0 2.96389525317529e-20
1460340000.0 2.923905333552062e-20
1465210000.0 2.885829128225949e-20
1470100000.0 2.846303889991014e-20
1475010000.0 2.8086596910151884e-20
1479940000.0 2.7728793352929927e-20
1484880000.0 2.7356721254525846e-20
1489840000.0 2.6986754334764522e-20
1494810000.0 2.663541534000813e-20
1499800000.0 2.6286054361041166e-20
1504810000.0 2.5938665650136246e-20
1509830000.0 2.559341288971176e-20
1514870000.0 2.5250114999680162e-20
1519930000.0 2.4924846631400276e-20
1525000000.0 2.4585548371643413e-20
1530090000.0 2.4264155505659755e-20
1535200000.0 2.3944581897181912e-20
1540330000.0 2.3626821888460527e-20
1545470000.0 2.331102058943308e-20
1550630000.0 2.2997016323204033e-20
1555810000.0 2.27005130168564e-20
1561000000.0 2.2390176545582372e-20
1566210000.0 2.2097220247067488e-20
1571440000.0 2.1805928994212353e-20
1576690000.0 2.1516297302685083e-20
1581950000.0 2.1228453825769477e-20
1587230000.0 2.0957652999116864e-20
1592530000.0 2.06730405739884e-20
1597850000.0 2.0405357414905017e-20
1603180000.0 2.0124079692181456e-20
1608540000.0 1.9859490669192996e-20
1613910000.0 1.9596537701071274e-20
1619290000.0 1.933520938266041e-20
1624700000.0 1.9090303161178776e-20
1630120000.0 1.8831913347532323e-20
1635570000.0 1.8589838974056983e-20
1641030000.0 1.8334366812861813e-20
1646500000.0 1.8095323604998242e-20
1652000000.0 1.7857539140646846e-20
1657520000.0 1.7621120110205355e-20
1663050000.0 1.738616599007039e-20
1668600000.0 1.7152563642877594e-20
1674170000.0 1.6920307996932534e-20
1679760000.0 1.6703944425721693e-20
1685370000.0 1.6488820459528777e-20
1691000000.0 1.626047763607037e-20
1696640000.0 1.6047961460251282e-20
1702310000.0 1.5836574408448803e-20
1707990000.0 1.562649935337573e-20
1713690000.0 1.541763695878365e-20
1719410000.0 1.5209982452831896e-20
1725150000.0 1.5017698683103603e-20
1730910000.0 1.4812398410363286e-20
1736690000.0 1.46223652387095e-20
1742490000.0 1.441940047618072e-20
1748310000.0 1.4231599710390394e-20
1754140000.0 1.4044965078958988e-20
1760000000.0 1.3859330680419095e-20
1765880000.0 1.36761575429422e-20
1771770000.0 1.3494124049015355e-20
1777690000.0 1.3315821944005114e-20
1783620000.0 1.314000010507487e-20
1789580000.0 1.2965126154286944e-20
1795550000.0 1.2794064325630236e-20
1801550000.0 1.2623926028465436e-20
1807560000.0 1.2457552686605034e-20
1813590000.0 1.2292146478431005e-20
1819650000.0 1.2128979781769161e-20
1825720000.0 1.1968169444622118e-20
1831820000.0 1.1810899999943272e-20
1837940000.0 1.1653217856347868e-20
1844070000.0 1.1499170788970735e-20
1850230000.0 1.1347281504028797e-20
1856400000.0 1.1196339925436946e-20
1862600000.0 1.104884488289726e-20
1868820000.0 1.0902211834305993e-20
1875060000.0 1.0757740388015154e-20
1881320000.0 1.0615413642642579e-20
1887600000.0 1.0475214784308988e-20
1893900000.0 1.0335836559241228e-20
1900230000.0 1.0199794000280825e-20
1906570000.0 1.0064602006094869e-20
1912930000.0 9.931480017997334e-21
1919320000.0 9.799087121946824e-21
1925730000.0 9.670010842581083e-21
1932160000.0 9.541692232978825e-21
1938610000.0 9.415388489857027e-21
1945080000.0 9.291083465066615e-21
1951570000.0 9.167508709470741e-21
1958090000.0 9.04586277878572e-21
1964630000.0 8.926177476341053e-21
1971190000.0 8.808436930298951e-21
1977770000.0 8.691389559922567e-21
1984370000.0 8.576263699653189e-21
1990990000.0 8.463043709860026e-21
1997640000.0 8.350448726551148e-21
2004310000.0 8.239738125729915e-21
2011000000.0 8.130896460425903e-21
2017720000.0 8.022657277050958e-21
2024450000.0 7.917512193982257e-21
2031210000.0 7.811745191635931e-21
2037990000.0 7.709002792565034e-21
2044800000.0 7.606830130935253e-21
2051620000.0 7.505299179308645e-21
2058470000.0 7.406707804190172e-21
2065340000.0 7.308699645157449e-21
2072240000.0 7.21123694001063e-21
2079160000.0 7.115528231817872e-21
2086100000.0 7.021558818285768e-21
2093060000.0 6.929314092116857e-21
2100050000.0 6.837583132052226e-21
2107060000.0 6.746396761025527e-21
2114100000.0 6.656876776201357e-21
2121150000.0 6.569072322235017e-21
2128240000.0 6.4817277750866096e-21
2135340000.0 6.3960779146424086e-21
2142470000.0 6.310907367876663e-21
2149620000.0 6.227380901330274e-21
2156800000.0 6.145455994177081e-21
2164000000.0 6.064018689170365e-21
2171220000.0 5.9841920804657704e-21
2178470000.0 5.904813293060317e-21
2185750000.0 5.825881139250751e-21
2193040000.0 5.749675813766688e-21
2200360000.0 5.6727872996545075e-21
2207710000.0 5.59743970411574e-21
2215080000.0 5.523645685997619e-21
2222480000.0 5.450267522365038e-21
2229900000.0 5.378424221055998e-21
2237340000.0 5.307010010977183e-21
2244810000.0 5.237088001143653e-21
2252300000.0 5.167583915879269e-21
2259820000.0 5.099554443311037e-21
2267370000.0 5.031909653224405e-21
2274940000.0 4.964670214941796e-21
2282530000.0 4.89890466175193e-21
2290150000.0 4.834578951971815e-21
2297800000.0 4.7706175977578e-21
2305470000.0 4.70703988574889e-21
2313170000.0 4.6448801882817904e-21
2320890000.0 4.583093453312342e-21
2328640000.0 4.522707741449539e-21
2336410000.0 4.462684436909628e-21
2344210000.0 4.404045314153454e-21
2352040000.0 4.344700539141613e-21
2359890000.0 4.2877846455533776e-21
2367770000.0 4.231192539101045e-21
2375670000.0 4.17494071542748e-21
2383610000.0 4.120018036085012e-21
2391560000.0 4.065443046616263e-21
2399550000.0 4.011162823920563e-21
2407560000.0 3.958225201520318e-21
2415600000.0 3.905590154912208e-21
2423660000.0 3.8542809720423964e-21
2431750000.0 3.803264999771613e-21
2439870000.0 3.752541203297293e-21
2448020000.0 3.703106951186668e-21
2456190000.0 3.653971008594208e-21
2464390000.0 3.605116976028157e-21
2472620000.0 3.557532304992164e-21
2480870000.0 3.510235051165688e-21
2489150000.0 3.464191497202576e-21
2497460000.0 3.418412186436685e-21
2505800000.0 3.3728961341745287e-21
2514170000.0 3.328614491999976e-21
2522560000.0 3.284600668245206e-21
2530980000.0 3.240840238178758e-21
2539430000.0 3.197332232179158e-21
2547910000.0 3.1550349443898885e-21
2556420000.0 3.1139378155462858e-21
2564950000.0 3.07213653490967e-21
2573520000.0 3.031514979667908e-21
2582110000.0 2.991139903309058e-21
2590730000.0 2.9519418123279626e-21
2599380000.0 2.9129700802389394e-21
2608060000.0 2.8742237996405625e-21
2616760000.0 2.8366469256142377e-21
2625500000.0 2.7983455207729515e-21
2634260000.0 2.7612051395720738e-21
2643060000.0 2.725194459304576e-21
2651880000.0 2.6884808338949344e-21
2660740000.0 2.652889335459203e-21
2669620000.0 2.6184300078403733e-21
2678530000.0 2.5832577324768585e-21
2687470000.0 2.5491996864234158e-21
2696450000.0 2.5153301668391527e-21
2705450000.0 2.4825705542276534e-21
2714480000.0 2.449100694437352e-21
2723540000.0 2.4167235768881946e-21
2732640000.0 2.3845262486678984e-21
2741760000.0 2.3534169351738636e-21
2750910000.0 2.322488567130419e-21
2760100000.0 2.2917320503703442e-21
2769310000.0 2.2611633368057874e-21
2778560000.0 2.2307651619083557e-21
2787830000.0 2.2014296376591128e-21
2797140000.0 2.1722574934534298e-21
2806480000.0 2.143255987472367e-21
2815850000.0 2.1152923389616794e-21
2825250000.0 2.0874920101261988e-21
2834680000.0 2.0598542588767837e-21
2844140000.0 2.0323783426612746e-21
2853640000.0 2.005056492213606e-21
2863170000.0 1.978748872000233e-21
2872720000.0 1.9526022053139116e-21
2882320000.0 1.926595383806743e-21
2891940000.0 1.9015932337873536e-21
2901590000.0 1.8758951250602164e-21
2911280000.0 1.8511814960390683e-21
2921000000.0 1.8266130762251858e-21
2930750000.0 1.80218917530288e-21
2940540000.0 1.778734241277023e-21
2950350000.0 1.7554230671515447e-21
2960200000.0 1.731417328570944e-21
2970090000.0 1.7091936496275214e-21
2980000000.0 1.686285982264439e-21
2989950000.0 1.6643253626095842e-21
2999930000.0 1.6416792652696392e-21
3009950000.0 1.6199738431026585e-21
3020000000.0 1.5983965761037565e-21
3030080000.0 1.577753452410668e-21
3040190000.0 1.556427911369689e-21
3050340000.0 1.5360248671014339e-21
3060530000.0 1.5157373443035553e-21
3070750000.0 1.4955698560965673e-21
3081000000.0 1.4755217970969512e-21
3091280000.0 1.4563832161963828e-21
3101600000.0 1.4373529662984918e-21
3111960000.0 1.4176453044121954e-21
3122350000.0 1.3988377770674086e-21
3132770000.0 1.3809219685437955e-21
3143230000.0 1.362330013108425e-21
3153720000.0 1.3446236030057576e-21
3164250000.0 1.3262453981130332e-21
3174820000.0 1.3087424745805081e-21
3185420000.0 1.2913435482028154e-21
3196050000.0 1.2748128089189501e-21
3206720000.0 1.2576137798479237e-21
3217430000.0 1.241273057298257e-21
3228170000.0 1.2242722517437601e-21
3238950000.0 1.2081238881553752e-21
3249760000.0 1.1920716545745072e-21
3260610000.0 1.1768610239372154e-21
3271490000.0 1.1609935337993154e-21
3282420000.0 1.1452137899837074e-21
3293370000.0 1.1302740632264805e-21
3304370000.0 1.1154164741533386e-21
3315400000.0 1.1006475169777225e-21
3326470000.0 1.0859634449965922e-21
3337580000.0 1.0713639415287986e-21
3348720000.0 1.0575817140633544e-21
3359900000.0 1.0431510106277298e-21
3371110000.0 1.0295318913232313e-21
3382370000.0 1.0159880284265784e-21
3393660000.0 1.0025251796761475e-21
3404990000.0 9.89139990076418e-22
3416360000.0 9.765475766082985e-22
3427760000.0 9.633172253518551e-22
3439210000.0 9.501607712011258e-22
3450690000.0 9.377917836530802e-22
3462210000.0 9.254941306116816e-22
3473770000.0 9.132675271984887e-22
3485370000.0 9.011116874155448e-22
3497000000.0 8.89028866450884e-22
3508680000.0 8.777102444368367e-22
3520390000.0 8.657650670698028e-22
3532140000.0 8.545813922816655e-22
3543940000.0 8.427703129694594e-22
3555770000.0 8.317179844075641e-22
3567640000.0 8.207297518496213e-22
3579550000.0 8.098053460241321e-22
3591500000.0 7.989444969602062e-22
3603490000.0 7.8882520161431125e-22
3615520000.0 7.780883967553915e-22
3627590000.0 7.680881039945602e-22
3639700000.0 7.574742862437908e-22
3651850000.0 7.475919669685499e-22
3664050000.0 7.377651204286712e-22
3676280000.0 7.279975558007677e-22
3688550000.0 7.182869743860922e-22
3700870000.0 7.086312095005754e-22
3713220000.0 6.99692094650369e-22
3725620000.0 6.901469405441824e-22
3738060000.0 6.813116803966403e-22
3750540000.0 6.718761844843781e-22
3763060000.0 6.631457378700548e-22
3775620000.0 6.544662587184456e-22
3788220000.0 6.458375150164948e-22
3800870000.0 6.371932935046365e-22
3813560000.0 6.287280079301975e-22
3826290000.0 6.204401434427959e-22
3839070000.0 6.121992698713977e-22
3851880000.0 6.040718294865639e-22
3864740000.0 5.96117040792488e-22
3877650000.0 5.882074312797734e-22
3890590000.0 5.804086610559671e-22
3903580000.0 5.727168733264142e-22
3916610000.0 5.6513274111728785e-22
3929690000.0 5.576540060516999e-22
3942810000.0 5.50281299362966e-22
3955970000.0 5.429520064210011e-22
3969180000.0 5.357877228630131e-22
3982430000.0 5.286656586118376e-22
3995730000.0 5.217066393149193e-22
4009060000.0 5.147899410320783e-22
4022450000.0 5.079722719050311e-22
4035880000.0 5.012554343292639e-22
4049350000.0 4.945782655184625e-22
4062870000.0 4.880596826247745e-22
4076440000.0 4.8157843265551535e-22
4090040000.0 4.751964631956774e-22
4103700000.0 4.689094991567402e-22
4117400000.0 4.627191174275632e-22
4131150000.0 4.565642681827053e-22
4144940000.0 4.505048738837679e-22
4158780000.0 4.445390909003732e-22
4172660000.0 4.386672535024638e-22
4186590000.0 4.328875616171144e-22
4200570000.0 4.271411192246764e-22
4214590000.0 4.21486792029277e-22
4228660000.0 4.158650415156911e-22
4242780000.0 4.103909559734299e-22
4256940000.0 4.049493800509652e-22
4271160000.0 3.9959549646686846e-22
4285420000.0 3.942734638529489e-22
4299720000.0 3.8909680172944136e-22
4314080000.0 3.8389246378218647e-22
4328480000.0 3.788320902642341e-22
4342930000.0 3.738009712291952e-22
4357430000.0 3.688550799301315e-22
4371980000.0 3.6399373806503346e-22
4386570000.0 3.5916137094613256e-22
4401220000.0 3.544117449259196e-22
4415910000.0 3.49690465850648e-22
4430650000.0 3.4510692927637014e-22
4445450000.0 3.4049421190117906e-22
4460290000.0 3.36018689028287e-22
4475180000.0 3.3156914418545395e-22
4490120000.0 3.271454675745285e-22
4505110000.0 3.2280180153241346e-22
4520150000.0 3.185374941945971e-22
4535240000.0 3.1435189707971183e-22
4550380000.0 3.101906524377913e-22
4565570000.0 3.060536547173652e-22
4580810000.0 3.0199415403435477e-22
4596110000.0 2.980108635699172e-22
4611450000.0 2.940514544411306e-22
4626850000.0 2.9016736268710647e-22
4642290000.0 2.8630657380627353e-22
4657790000.0 2.825202166751785e-22
4673340000.0 2.7880829312352657e-22
4688950000.0 2.751174691869872e-22
4704600000.0 2.7144883001801334e-22
4720310000.0 2.678528925657923e-22
4736060000.0 2.6433018626406585e-22
4751880000.0 2.6082698986682088e-22
4767740000.0 2.5734488274505443e-22
4783660000.0 2.5393377433921525e-22
4799630000.0 2.505936081944279e-22
4815650000.0 2.472730286546809e-22
4831730000.0 2.4397143904638836e-22
4847860000.0 2.407396861651049e-22
4864040000.0 2.375771749013562e-22
4880280000.0 2.344327515310637e-22
4896580000.0 2.313063516733815e-22
4912920000.0 2.2824858848866683e-22
4929330000.0 2.252574829205395e-22
4945780000.0 2.222350100824536e-22
4962290000.0 2.193284338760183e-22
4978860000.0 2.1638943594830725e-22
4995480000.0 2.135167257277816e-22
5012160000.0 2.1070930937115246e-22
5028890000.0 2.0791844941464468e-22
5045680000.0 2.05192097624498e-22
5062530000.0 2.024331514403024e-22
5079430000.0 1.99786780656945e-22
5096390000.0 1.971076819743918e-22
5113400000.0 1.944922526007554e-22
5130470000.0 1.9193956160078944e-22
5147600000.0 1.894015931236502e-22
5164790000.0 1.8687828913094266e-22
5182030000.0 1.8441711262265335e-22
5199330000.0 1.8197015794868482e-22
5216690000.0 1.7953736804960667e-22
5234100000.0 1.771657203301689e-22
5251580000.0 1.7485400852231886e-22
5269110000.0 1.7250961136227445e-22
5286700000.0 1.7022506206529137e-22
5304350000.0 1.6799984276341975e-22
5322060000.0 1.657415893953934e-22
5339830000.0 1.6354225014639364e-22
5357660000.0 1.6140131269749371e-22
5375540000.0 1.592730963539461e-22
5393490000.0 1.5715695102097685e-22
5411500000.0 1.5505312522401657e-22
5429560000.0 1.5300686309451785e-22
5447690000.0 1.509722285991264e-22
5465880000.0 1.489941728499248e-22
5484120000.0 1.4702789854647949e-22
5502430000.0 1.4507281482117742e-22
5520800000.0 1.43129143953098e-22
5539230000.0 1.41240959566962e-22
5557730000.0 1.393635428471593e-22
5576280000.0 1.3754118131798438e-22
5594900000.0 1.357292059074795e-22
5613580000.0 1.3392781962734372e-22
5632320000.0 1.3213697468815183e-22
5651120000.0 1.303998736345266e-22
5669990000.0 1.286727035694103e-22
5688920000.0 1.269556525895065e-22
5707910000.0 1.2529149422354898e-22
5726970000.0 1.2363686110763277e-22
5746090000.0 1.2199193123004023e-22
5765270000.0 1.203566594080874e-22
5784520000.0 1.1877304815192509e-22
5803830000.0 1.1719873035665818e-22
5823200000.0 1.1563366223313522e-22
5842650000.0 1.1411924206861103e-22
5862150000.0 1.126139108395977e-22
5881720000.0 1.1111723869625293e-22
5901360000.0 1.0962919275229808e-22
5921060000.0 1.0819120119420282e-22
5940830000.0 1.0676148863798345e-22
5960660000.0 1.0534019980126966e-22
5980560000.0 1.039679878131393e-22
6000530000.0 1.0256294860587197e-22
6020560000.0 1.0120681860928306e-22
6040660000.0 9.985852501127649e-23
6060830000.0 9.855836322566333e-23
6081060000.0 9.726586672115994e-23
6101360000.0 9.594078129002209e-23
6121730000.0 9.470325304646502e-23
6142170000.0 9.343307530832199e-23
6162680000.0 9.220993660338738e-23
6183250000.0 9.09940293611629e-23
6203890000.0 8.978517220451328e-23
6224610000.0 8.858319347369634e-23
6245390000.0 8.742748569982336e-23
6266240000.0 8.623947452623377e-23
6287160000.0 8.509727092069899e-23
6308150000.0 8.400045716642185e-23
6329210000.0 8.287138471639887e-23
6350340000.0 8.178738821755388e-23
6371540000.0 8.067133469773019e-23
6392810000.0 7.963827721434325e-23
6414150000.0 7.85731080487996e-23
6435570000.0 7.751403947494785e-23
6457050000.0 7.649913909640469e-23
6478610000.0 7.549003647095438e-23
6500240000.0 7.448682575716274e-23
6521940000.0 7.348948063588277e-23
6543710000.0 7.25353255971164e-23
6565560000.0 7.154939937214135e-23
6587480000.0 7.06063664203115e-23
6609470000.0 6.966885072346056e-23
6631540000.0 6.877357958513042e-23
6653680000.0 6.784679997936375e-23
6675890000.0 6.69620771548779e-23
6698180000.0 6.604594283554564e-23
6720540000.0 6.517157528308438e-23
6742980000.0 6.433849081115949e-23
6765490000.0 6.347414923983584e-23
6788070000.0 6.265090079469854e-23
6810740000.0 6.179640763386272e-23
6833480000.0 6.098272674319767e-23
6856290000.0 6.017382896026258e-23
6879180000.0 5.936960509520192e-23
6902150000.0 5.860544775783355e-23
6925190000.0 5.781048165589438e-23
6948310000.0 5.705530707776466e-23
6971510000.0 5.630449529361972e-23
6994780000.0 5.555810808164699e-23
7018130000.0 5.481604565749886e-23
7041560000.0 5.407829028981962e-23
7065070000.0 5.33794187576584e-23
7088660000.0 5.265010895501963e-23
7112320000.0 5.195949080666741e-23
7136070000.0 5.1272805614724094e-23
7159890000.0 5.05901814513982e-23
7183800000.0 4.994548172653837e-23
7207780000.0 4.9270670849567227e-23
7231840000.0 4.863359439522286e-23
7255990000.0 4.796646323935615e-23
7280210000.0 4.733687557847791e-23
7304520000.0 4.671088754774379e-23
7328900000.0 4.6088612160801804e-23
7353370000.0 4.546990658981598e-23
7377920000.0 4.488794638888434e-23
7402550000.0 4.427635001135182e-23
7427260000.0 4.370124718639912e-23
7452060000.0 4.312943744129504e-23
7476940000.0 4.2560965579488323e-23
7501900000.0 4.199581657727e-23
7526950000.0 4.143392035049312e-23
7552080000.0 4.0875318744407704e-23
7577290000.0 4.035225266955025e-23
7602590000.0 3.980003538683248e-23
7627970000.0 3.928311129681535e-23
7653430000.0 3.876921039664026e-23
7678980000.0 3.8258268855127676e-23
7704620000.0 3.775027513626087e-23
7730340000.0 3.724526583145478e-23
7756150000.0 3.6743179504614784e-23
7782050000.0 3.624400449263469e-23
7808030000.0 3.577907764892875e-23
7834090000.0 3.531687383581534e-23
7860250000.0 3.482619657079768e-23
7886490000.0 3.4369417584866e-23
7912820000.0 3.3915282362309165e-23
7939240000.0 3.346378004385616e-23
7965740000.0 3.3014941181690834e-23
7992340000.0 3.259925217245098e-23
8019020000.0 3.2155520699689517e-23
8045790000.0 3.1744755100561796e-23
8072650000.0 3.130608779444253e-23
8099600000.0 3.0900162868923327e-23
8126640000.0 3.049659252931793e-23
8153770000.0 3.009536671402077e-23
8181000000.0 2.968747633263486e-23
8208310000.0 2.929391734976108e-23
8235710000.0 2.890562038606942e-23
8263210000.0 2.8522511266553913e-23
8290790000.0 2.814462012433711e-23
8318470000.0 2.7771839189539846e-23
8346240000.0 2.740416385222291e-23
8374110000.0 2.7041522882019586e-23
8402070000.0 2.668391088835584e-23
8430120000.0 2.633128928633443e-23
8458260000.0 2.598073004604957e-23
8486500000.0 2.563795364511853e-23
8514830000.0 2.5297183560834162e-23
8543260000.0 2.4964103164191444e-23
8571780000.0 2.4632973606149815e-23
8600400000.0 2.430659949555163e-23
8629110000.0 2.3984972657663234e-23
8657920000.0 2.3668028559169096e-23
8686820000.0 2.3352944833211028e-23
8715820000.0 2.304249054634835e-23
8744920000.0 2.2739425206923222e-23
8774120000.0 2.2438114432829753e-23
8803410000.0 2.214135252576446e-23
8832800000.0 2.1846311460725933e-23
8862290000.0 2.155849990363365e-23
8891880000.0 2.1272358191028988e-23
8921560000.0 2.0990642432144938e-23
8951350000.0 2.0713270819129397e-23
8981230000.0 2.0437534457607793e-23
9011220000.0 2.0168805229014634e-23
9041300000.0 1.9901660658854553e-23
9071480000.0 1.9636071288698438e-23
9101770000.0 1.937737978902082e-23
9132160000.0 1.912019501526801e-23
9162640000.0 1.8867198480301595e-23
9193230000.0 1.8618315451813783e-23
9223930000.0 1.8370864136935717e-23
9254720000.0 1.812751923566997e-23
9285620000.0 1.7888208445691352e-23
9316620000.0 1.765029564307887e-23
9347720000.0 1.7416389235617794e-23
9378930000.0 1.7186438525665887e-23
9410240000.0 1.695783293279215e-23
9441660000.0 1.6733137284973105e-23
9473180000.0 1.651233793543531e-23
9504810000.0 1.629281447902431e-23
9536540000.0 1.6077141583650855e-23
9568380000.0 1.5865271123484972e-23
9600320000.0 1.5654642973037628e-23
9632370000.0 1.5447772712831916e-23
9664530000.0 1.5242101050427588e-23
9696790000.0 1.504015912363616e-23
9729170000.0 1.484188554796407e-23
9761650000.0 1.4644777332201752e-23
9794240000.0 1.4451309645025614e-23
9826940000.0 1.4258965589543045e-23
9859740000.0 1.4070233591141278e-23
9892660000.0 1.3885055373371897e-23
9925690000.0 1.3700953669917473e-23
9958820000.0 1.3520391680800724e-23
9992070000.0 1.3340866839926118e-23
10025400000.0 1.3164865728694715e-23
10058900000.0 1.2989811453309153e-23
10092500000.0 1.2818214048405612e-23
10126200000.0 1.2647630516815372e-23
10160000000.0 1.2480461446833146e-23
10193900000.0 1.2314280153844329e-23
10227900000.0 1.2151471360233225e-23
10262100000.0 1.1991889447090931e-23
10296300000.0 1.1830993867704664e-23
10330700000.0 1.1675669435209302e-23
10365200000.0 1.1521264838940486e-23
10399800000.0 1.1367775378647197e-23
10434500000.0 1.1217538718839529e-23
10469400000.0 1.1068086532237475e-23
10504300000.0 1.0921954230561743e-23
10539400000.0 1.0776585242762624e-23
10574600000.0 1.0634392080614099e-23
10609900000.0 1.0493043523855202e-23
10645300000.0 1.0354831125139499e-23
10680800000.0 1.0217439243234937e-23
10716500000.0 1.0083050218489867e-23
10752300000.0 9.949461070073343e-24
10788200000.0 9.816667549827828e-24
10824200000.0 9.686923445886278e-24
10860300000.0 9.560202017391666e-24
10896600000.0 9.431904068368887e-24
10933000000.0 9.306608531775805e-24
10969500000.0 9.184288945624511e-24
11006100000.0 9.062698330939322e-24
11042800000.0 8.941832742716926e-24
11079700000.0 8.823814582254434e-24
11116700000.0 8.70650159154555e-24
11153800000.0 8.592081206680334e-24
11191000000.0 8.478343712215871e-24
11228400000.0 8.365210858514527e-24
11265900000.0 8.25492539687801e-24
11303500000.0 8.145299637601756e-24
11341200000.0 8.038485008921598e-24
11379100000.0 7.932238745835071e-24
11417100000.0 7.826629322882525e-24
11455200000.0 7.723786810918973e-24
11493400000.0 7.621559826560981e-24
11531800000.0 7.519879701759738e-24
11570300000.0 7.420922800922764e-24
11608900000.0 7.322559193573928e-24
11647700000.0 7.224723487129998e-24
11686600000.0 7.129567830199934e-24
11725600000.0 7.034983544363188e-24
11764700000.0 6.940967359231894e-24
11804000000.0 6.849528603789619e-24
11843400000.0 6.758639629423128e-24
11883000000.0 6.67029797523301e-24
11922600000.0 6.5804931632086174e-24
11962400000.0 6.493217585121299e-24
12002400000.0 6.4084504430318724e-24
12042500000.0 6.3221643221947026e-24
12082700000.0 6.238422157896863e-24
12123000000.0 6.1572007150884996e-24
12163500000.0 6.0744081741446635e-24
12204100000.0 5.994118754189664e-24
12244800000.0 5.916309523586362e-24
12285700000.0 5.836931368681293e-24
12326700000.0 5.760016053170109e-24
12367900000.0 5.683518790499292e-24
12409200000.0 5.607484303212166e-24
12450600000.0 5.533872880538398e-24
12492200000.0 5.460661945649473e-24
12533900000.0 5.387894001743537e-24
12575700000.0 5.317509912296813e-24
12617700000.0 5.2455719247629924e-24
12659800000.0 5.177931638359728e-24
12702100000.0 5.108735069864369e-24
12744500000.0 5.039958296248728e-24
12787000000.0 4.973510173360944e-24
12829700000.0 4.907425790703669e-24
12872600000.0 4.8436033164878955e-24
12915500000.0 4.7783124255388135e-24
12958700000.0 4.715230811491722e-24
13001900000.0 4.6525683862903884e-24
13045300000.0 4.592124181977185e-24
13088900000.0 4.530144242524444e-24
13132600000.0 4.470402941185764e-24
13176400000.0 4.411024434204649e-24
13220400000.0 4.3538223010573705e-24
13264500000.0 4.295124658926973e-24
13308800000.0 4.238588830877432e-24
13353300000.0 4.18236548466868e-24
13397800000.0 4.126515623495724e-24
13442600000.0 4.072762882115252e-24
13487400000.0 4.019367232956238e-24
13532500000.0 3.966237200548712e-24
13577700000.0 3.913431303908388e-24
13623000000.0 3.860947479536694e-24
13668500000.0 3.8105439599799994e-24
13714100000.0 3.758665272649178e-24
13759900000.0 3.708852827338594e-24
13805800000.0 3.661114743568739e-24
13851900000.0 3.611876387356213e-24
13898200000.0 3.564672003416593e-24
13944600000.0 3.51775585859397e-24
13991100000.0 3.4711260911303944e-24
14037800000.0 3.424756454820515e-24
14084700000.0 3.37864633746863e-24
14131700000.0 3.3345482342404764e-24
14178900000.0 3.290696069108878e-24
14226200000.0 3.2471120683499174e-24
14273700000.0 3.2037720366289976e-24
14321400000.0 3.1606753621645266e-24
14369200000.0 3.119544069870385e-24
14417200000.0 3.078642813157896e-24
14465300000.0 3.0379920003690555e-24
14513600000.0 2.997569328079662e-24
14562000000.0 2.95739450055593e-24
14610700000.0 2.917425943601192e-24
14659400000.0 2.8793902244197692e-24
14708400000.0 2.841548426582388e-24
14757500000.0 2.8039389259176434e-24
14806700000.0 2.7665601734967863e-24
14856200000.0 2.7293738871716922e-24
14905800000.0 2.6940562377659753e-24
14955500000.0 2.6589550730623553e-24
15005500000.0 2.622405145904454e-24
15055600000.0 2.587704212596062e-24
15105800000.0 2.5532165571802387e-24
15156300000.0 2.520520120369219e-24
15206900000.0 2.4864172334035188e-24
15257600000.0 2.4541263801346677e-24
15308600000.0 2.422001952395479e-24
15359700000.0 2.388484033850493e-24
15411000000.0 2.358329761225028e-24
15462400000.0 2.3267798259738225e-24
15514000000.0 2.2954093600642238e-24
15565800000.0 2.2657879805433613e-24
15617800000.0 2.2347694924022968e-24
15669900000.0 2.205502569508808e-24
15722200000.0 2.1764019316286243e-24
15774700000.0 2.1474670316999394e-24
15827400000.0 2.1186973173397094e-24
15880200000.0 2.091644498216317e-24
15933200000.0 2.0632110747420634e-24
15986400000.0 2.0364696076785568e-24
16039800000.0 2.0083566797402692e-24
16093400000.0 1.9819244231678948e-24
16147100000.0 1.9556555388845325e-24
16201000000.0 1.9310456080884774e-24
16255100000.0 1.9050718197214202e-24
16309400000.0 1.8792473038165655e-24
16363800000.0 1.8550764688877207e-24
16418400000.0 1.829554850758729e-24
16473200000.0 1.8056642125644137e-24
16528200000.0 1.7819104349617676e-24
16583400000.0 1.758293015657469e-24
16638800000.0 1.7348114491774084e-24
16694300000.0 1.711475478773716e-24
16750100000.0 1.6897230902870897e-24
16806000000.0 1.666650903209376e-24
16862100000.0 1.6451616778848726e-24
16918400000.0 1.6237957713488418e-24
16974900000.0 1.6011128620909246e-24
17031500000.0 1.5800062456056703e-24
17088400000.0 1.5590120796188473e-24
17145500000.0 1.5381393176451225e-24
17202700000.0 1.5188170824705968e-24
17260100000.0 1.4981894817493916e-24
17317800000.0 1.4790843656743445e-24
17375600000.0 1.4586910884919602e-24
17433600000.0 1.4398185016940501e-24
17491800000.0 1.4210548248359734e-24
17550200000.0 1.40239961590172e-24
17608800000.0 1.383158423096831e-24
17667600000.0 1.3648594673311963e-24
17726500000.0 1.3468121930372315e-24
17785700000.0 1.3289994594077826e-24
17845100000.0 1.3112902158297523e-24
17904700000.0 1.293957041265108e-24
17964500000.0 1.2768607182741473e-24
18024400000.0 1.2598708478580401e-24
18084600000.0 1.2432432073560018e-24
18145000000.0 1.2267123783614349e-24
18205600000.0 1.210546445264505e-24
18266300000.0 1.1944812371660773e-24
18327300000.0 1.1786365155503883e-24
18388500000.0 1.1630171863342427e-24
18449900000.0 1.147621514524658e-24
18511500000.0 1.132447773611562e-24
18573300000.0 1.1174942456134906e-24
18635300000.0 1.1026280651717792e-24
18697500000.0 1.0881102796983354e-24
18759900000.0 1.0736773184517823e-24
18822600000.0 1.0594530207648375e-24
18885400000.0 1.045447057585942e-24
18948500000.0 1.0315176026608366e-24
19011700000.0 1.0179323778318366e-24
19075200000.0 1.0044213786084653e-24
19138900000.0 9.911173842435844e-25
19202800000.0 9.780187503815878e-25
19266900000.0 9.649969852106758e-25
19331200000.0 9.52304597221328e-25
19395700000.0 9.396866751524463e-25
19460500000.0 9.271381033736887e-25
19525500000.0 9.149138069229668e-25
19590600000.0 9.027660211246773e-25
19656000000.0 8.908094536160204e-25
19721700000.0 8.790427477128525e-25
19787500000.0 8.673497963290275e-25
19853600000.0 8.559676377621212e-25
19919900000.0 8.445298400507427e-25
19986400000.0 8.334041693101751e-25
20053100000.0 8.223440873568164e-25
20120000000.0 8.114707493692714e-25
20187200000.0 8.007786551332123e-25
20254600000.0 7.90149707054231e-25
20322200000.0 7.797038596488936e-25
20390100000.0 7.693159570876486e-25
20458100000.0 7.591127693739719e-25
20526400000.0 7.490853110193275e-25
20595000000.0 7.3911359597400295e-25
20663700000.0 7.294411238540731e-25
20732700000.0 7.197044505742886e-25
20801900000.0 7.101430400261694e-25
20871400000.0 7.007520663050809e-25
20941100000.0 6.915335383289337e-25
21011000000.0 6.823696769463711e-25
21081100000.0 6.732601991898131e-25
21151500000.0 6.644327895838067e-25
21222100000.0 6.555425986194926e-25
21293000000.0 6.469318215547328e-25
21364000000.0 6.383752092570268e-25
21435400000.0 6.298635278450279e-25
21506900000.0 6.2151911662918325e-25
21578700000.0 6.133347441947719e-25
21650800000.0 6.051962698689781e-25
21723100000.0 5.972188354914118e-25
21795600000.0 5.892889193620597e-25
21868300000.0 5.81518032352428e-25
21941400000.0 5.737881813802901e-25
22014600000.0 5.662181165882218e-25
22088100000.0 5.586906386673655e-25
22161800000.0 5.513184025176149e-25
22235800000.0 5.439876977613185e-25
22310100000.0 5.368079595030074e-25
22384600000.0 5.296711518068209e-25
22459300000.0 5.2268586298872e-25
22534300000.0 5.157400203472109e-25
22609500000.0 5.089438602737089e-25
22685000000.0 5.0218611757578545e-25
22760700000.0 4.954688540139347e-25
22836700000.0 4.8889672957843765e-25
22912900000.0 4.824706638458478e-25
22989400000.0 4.760809852759596e-25
23066200000.0 4.697275811435246e-25
23143200000.0 4.635179487669407e-25
23220500000.0 4.574488483061963e-25
23298000000.0 4.513112388112425e-25
23375800000.0 4.454177295526131e-25
23453800000.0 4.394553612918565e-25
23532100000.0 4.336308562907088e-25
23610700000.0 4.279430649845582e-25
23689500000.0 4.222894521008561e-25
23768600000.0 4.166680673937695e-25
23847900000.0 4.1118301436304853e-25
23927500000.0 4.057292316289433e-25
24007400000.0 4.003066126017202e-25
24087600000.0 3.9501651818397044e-25
24168000000.0 3.8975830831851533e-25
24248700000.0 3.846310044635887e-25
24329600000.0 3.795345949144486e-25
24410900000.0 3.7446582972872423e-25
24492400000.0 3.695274899919949e-25
24574100000.0 3.646189389981712e-25
24656200000.0 3.598362104562201e-25
24738500000.0 3.5508235647538654e-25
24821100000.0 3.5035579321956103e-25
24903900000.0 3.4575595039164217e-25
24987100000.0 3.411811313371615e-25
25070500000.0 3.3663399137277514e-25
25154200000.0 3.3211304333222797e-25
25238200000.0 3.2771503034782893e-25
25322400000.0 3.2344016261184946e-25
25407000000.0 3.190924051662669e-25
25491800000.0 3.1486691535541093e-25
25576900000.0 3.1076136115461457e-25
25662300000.0 3.0658420924520336e-25
25748000000.0 3.025261681750652e-25
25833900000.0 2.9858734971841845e-25
25920200000.0 2.945757964502221e-25
26006700000.0 2.9068261312923665e-25
26093500000.0 2.868119443764612e-25
26180700000.0 2.830559746976565e-25
26268100000.0 2.793228152377478e-25
26355800000.0 2.7561127831924775e-25
26443700000.0 2.7192230343356554e-25
26532000000.0 2.68345847729029e-25
26620600000.0 2.647901342789802e-25
26709500000.0 2.6125507647943403e-25
26798600000.0 2.57832752917262e-25
26888100000.0 2.544293259631449e-25
26977900000.0 2.5104568949142567e-25
27068000000.0 2.4768175903767657e-25
27158300000.0 2.4442834533802194e-25
27249000000.0 2.411929541911767e-25
27340000000.0 2.379764186655869e-25
27431200000.0 2.348686129057275e-25
27522800000.0 2.317780350241269e-25
27614700000.0 2.287054760828286e-25
27706900000.0 2.256508565883204e-25
27799400000.0 2.227020171978552e-25
27892200000.0 2.1968274517293375e-25
27985300000.0 2.1676851073226394e-25
28078700000.0 2.1395836247188873e-25
28172500000.0 2.1107709329390526e-25
28266500000.0 2.0829994091119676e-25
28360900000.0 2.0553829916223182e-25
28455600000.0 2.0279284280260958e-25
28550600000.0 2.0014910429407472e-25
28645900000.0 1.9752083252622126e-25
28741600000.0 1.949072778087286e-25
28837500000.0 1.9230973611692508e-25
28933800000.0 1.8972679062813385e-25
29030400000.0 1.8724323965709903e-25
29127300000.0 1.8477425900809876e-25
29224500000.0 1.8231977978311834e-25
29322100000.0 1.798791196448034e-25
29420000000.0 1.7753592095386512e-25
29518200000.0 1.751236838400668e-25
29616800000.0 1.7280763568831483e-25
29715600000.0 1.7058806066309213e-25
29814800000.0 1.6829896010592067e-25
29914400000.0 1.660228216541808e-25
30014300000.0 1.6384158507372562e-25
30114500000.0 1.616732098379459e-25
30215000000.0 1.595176325815429e-25
30315900000.0 1.5745489296700715e-25
30417100000.0 1.5532395200347797e-25
30518600000.0 1.5328572417254273e-25
30620500000.0 1.5125903309806618e-25
30722700000.0 1.492443289237765e-25
30825300000.0 1.4732036333577796e-25
30928200000.0 1.4532872644323076e-25
31031500000.0 1.4342721327971184e-25
31135100000.0 1.41536954132064e-25
31239000000.0 1.3965789149156738e-25
31343300000.0 1.3778952835256409e-25
31448000000.0 1.359318295510293e-25
31553000000.0 1.3416264564032876e-25
31658300000.0 1.3240394272774642e-25
31764000000.0 1.3065525507575678e-25
31870000000.0 1.289169533854679e-25
31976400000.0 1.2718858553693925e-25
32083200000.0 1.2554629834906066e-25
32190300000.0 1.2383782634399514e-25
32297800000.0 1.2221484726483861e-25
32405600000.0 1.2060151969472878e-25
32513800000.0 1.1899742630048474e-25
32622300000.0 1.174028940901745e-25
32731200000.0 1.158921907833435e-25
32840500000.0 1.1431568909112134e-25
32950100000.0 1.1282279661326807e-25
33060200000.0 1.113381187584079e-25
33170500000.0 1.0986263447541008e-25
33281300000.0 1.0839530186490503e-25
33392400000.0 1.0693674617716419e-25
33503900000.0 1.055595550546917e-25
33615700000.0 1.0411786218007535e-25
33727900000.0 1.0275697547838162e-25
33840500000.0 1.0140391444534968e-25
33953500000.0 1.0005864904467593e-25
34066900000.0 9.872114908867414e-26
34180600000.0 9.739166917606774e-26
34294700000.0 9.614115275686111e-26
34409200000.0 9.482679530478109e-26
34524100000.0 9.35908675103043e-26
34639300000.0 9.236233910684455e-26
34755000000.0 9.114064385081122e-26
34871000000.0 8.992628204084103e-26
34987400000.0 8.871895839809163e-26
35104200000.0 8.758826919654314e-26
35221400000.0 8.639470388855959e-26
35339000000.0 8.527725340310738e-26
35457000000.0 8.416626596960574e-26
35575400000.0 8.299301192665534e-26
35694200000.0 8.189509867058045e-26
35813300000.0 8.080379259770342e-26
35932900000.0 7.978663092519404e-26
36052900000.0 7.870755098324416e-26
36173200000.0 7.763498665630087e-26
36294000000.0 7.66358203628224e-26
36415100000.0 7.564266002786894e-26
36536700000.0 7.465506173555421e-26
36658700000.0 7.360653892760306e-26
36781100000.0 7.26306334916002e-26
36903900000.0 7.17266546059128e-26
37027100000.0 7.076189747087184e-26
37150700000.0 6.980278753230202e-26
37274700000.0 6.891487025165975e-26
37399200000.0 6.79665789402478e-26
37524000000.0 6.708917957827961e-26
37649300000.0 6.621671770494042e-26
37775000000.0 6.528464949890634e-26
37901100000.0 6.444191776367015e-26
38027600000.0 6.359125155918215e-26
38154600000.0 6.274540386300134e-26
38282000000.0 6.191729065259712e-26
38409800000.0 6.11003980322793e-26
38538000000.0 6.028829767807775e-26
38666700000.0 5.94871343181949e-26
38795800000.0 5.870328136697963e-26
38925300000.0 5.792403269782867e-26
39055200000.0 5.715562459632978e-26
39185600000.0 5.639782885913283e-26
39316500000.0 5.565056880435337e-26
39447700000.0 5.491404637776984e-26
39579400000.0 5.418789772564541e-26
39711600000.0 5.347204706520353e-26
39844100000.0 5.276054947223462e-26
39977200000.0 5.20652146801408e-26
40110600000.0 5.1374110369707416e-26
40244500000.0 5.069303123471568e-26
40378900000.0 5.0021902842868724e-26
40513700000.0 4.9360772847811375e-26
40648900000.0 4.870956129668718e-26
40784700000.0 4.8061960231690784e-26
40920800000.0 4.742428265762249e-26
41057400000.0 4.679621591081522e-26
41194500000.0 4.617768725299346e-26
41332000000.0 4.556873446714992e-26
41470000000.0 4.4963277753774835e-26
41608500000.0 4.4367178267611463e-26
41747400000.0 4.378046916677082e-26
41886800000.0 4.319713561403079e-26
42026600000.0 4.2628897595210094e-26
42166900000.0 4.2063928705025226e-26
42307700000.0 4.150799348570278e-26
42448900000.0 4.095536036689305e-26
42590600000.0 4.041165586790074e-26
42732800000.0 3.987681025307697e-26
42875500000.0 3.935075409042528e-26
43018600000.0 3.882782695916117e-26
43162300000.0 3.831349742003508e-26
43306400000.0 3.7807875870685555e-26
43450900000.0 3.730526459796538e-26
43596000000.0 3.6811084972916735e-26
43741500000.0 3.632543951361727e-26
43887600000.0 3.584252418656982e-26
44034100000.0 3.536804271103941e-26
44181100000.0 3.490184507945541e-26
44328600000.0 3.44383509909556e-26
44476600000.0 3.398304449713982e-26
44625100000.0 3.3530382408673663e-26
44774100000.0 3.3091271187165174e-26
44923500000.0 3.264934142377896e-26
45073500000.0 3.2220757645471306e-26
45224000000.0 3.1789260944832395e-26
45375000000.0 3.137105411123272e-26
45526500000.0 3.095528150912697e-26
45678500000.0 3.054728329519185e-26
45831000000.0 3.0141662550971457e-26
45984000000.0 2.9743724029962426e-26
46137500000.0 2.9348106750777813e-26
46291500000.0 2.8960080310214586e-26
46446100000.0 2.857425790640302e-26
46601100000.0 2.819599828456709e-26
46756700000.0 2.782511691837451e-26
46912800000.0 2.7456403215663606e-26
47069400000.0 2.708984736015767e-26
47226600000.0 2.673055826459442e-26
47384200000.0 2.637858859259525e-26
47542400000.0 2.602862397017838e-26
47701200000.0 2.568578148844124e-26
47860400000.0 2.5345002290684106e-26
48020200000.0 2.5011260019236686e-26
48180500000.0 2.4679475495655746e-26
48341400000.0 2.4349589169141428e-26
48502700000.0 2.4026732607667055e-26
48664700000.0 2.3710697702538387e-26
48827100000.0 2.3396568244264902e-26
48990100000.0 2.3084238737099412e-26
49153700000.0 2.2778675136058293e-26
49317800000.0 2.24798668424429e-26
49482500000.0 2.218277148262906e-26
49647700000.0 2.1887426866021073e-26
49813400000.0 2.159873104002505e-26
49979700000.0 2.131169364286327e-26
50146600000.0 2.1031182448686663e-26
50314000000.0 2.0752326048424043e-26
50482000000.0 2.0475075706578672e-26
50650500000.0 2.0204290656255497e-26
50819600000.0 1.9935065918461254e-26
50989300000.0 1.9672188891807997e-26
51159500000.0 1.94108661377124e-26
51330300000.0 1.915581409673423e-26
51501700000.0 1.8902233566792878e-26
51673600000.0 1.865015483040075e-26
51846100000.0 1.8404248956962307e-26
52019200000.0 1.815976453022981e-26
52192900000.0 1.7921378718185136e-26
52367100000.0 1.768440550555214e-26
52541900000.0 1.74488043979992e-26
52717300000.0 1.7219206087844717e-26
52893400000.0 1.6990905678028607e-26
53069900000.0 1.6763994047204542e-26
53247100000.0 1.654295948563039e-26
53424900000.0 1.6323207874397136e-26
53603200000.0 1.6109323543305562e-26
53782200000.0 1.5892105977406768e-26
53961800000.0 1.5685213957499395e-26
54141900000.0 1.5475037298643532e-26
54322700000.0 1.527055684553847e-26
54504000000.0 1.506729478179285e-26
54686000000.0 1.4869659588681006e-26
54868500000.0 1.4673201814271972e-26
55051700000.0 1.4477862504266967e-26
55235500000.0 1.4288088742783052e-26
55419900000.0 1.409501091181625e-26
55604900000.0 1.3911854725099273e-26
55790600000.0 1.3725360066561612e-26
55976800000.0 1.3544348174626263e-26
56163700000.0 1.3364369948442262e-26
56351200000.0 1.318978252621597e-26
56539400000.0 1.3011869044652197e-26
56728100000.0 1.2839331429770838e-26
56917500000.0 1.267207623218211e-26
57107500000.0 1.2501519197359365e-26
57298200000.0 1.2336208279269543e-26
57489500000.0 1.2176118490113007e-26
57681400000.0 1.2012728290252905e-26
57874000000.0 1.185450150864816e-26
58067200000.0 1.1697203499077161e-26
58261000000.0 1.1540829881597004e-26
58455600000.0 1.138951849759305e-26
58650700000.0 1.1239115394088689e-26
58846500000.0 1.1089577680919931e-26
59043000000.0 1.0940902067246445e-26
59240100000.0 1.0797229267990374e-26
59437900000.0 1.0654383858799204e-26
59636300000.0 1.0512380264422274e-26
59835400000.0 1.0375281806614114e-26
60035200000.0 1.0234902154298195e-26
60235600000.0 1.0099410841131078e-26
60436700000.0 9.968746780621954e-27
60638500000.0 9.834805155218667e-27
60840900000.0 9.705673638935434e-27
61044000000.0 9.577288614662974e-27
61247800000.0 9.449647058145212e-27
61452300000.0 9.326723215051569e-27
61657500000.0 9.200546242106692e-27
61863300000.0 9.079069171271829e-27
62069800000.0 8.958296624180967e-27
62277100000.0 8.842136078752906e-27
62485000000.0 8.722750943915336e-27
62693600000.0 8.607960074346735e-27
62902900000.0 8.493836034643542e-27
63112900000.0 8.38037598795324e-27
63323600000.0 8.271436837493074e-27
63535000000.0 8.159283398271678e-27
63747100000.0 8.051619551976064e-27
63959900000.0 7.944582821023103e-27
64173500000.0 7.841966884352659e-27
64387700000.0 7.736163706508971e-27
64602700000.0 7.634750977346728e-27
64818400000.0 7.533929656438406e-27
65034800000.0 7.433697114799107e-27
65251900000.0 7.334050720365028e-27
65469700000.0 7.238721062184553e-27
65688300000.0 7.14393656784574e-27
65907600000.0 7.04599754092504e-27
66127600000.0 6.956026722564495e-27
66348400000.0 6.862885990073207e-27
66569900000.0 6.770291932968061e-27
66792200000.0 6.68189133041396e-27
67015100000.0 6.594018173367795e-27
67238900000.0 6.506640537855987e-27
67463300000.0 6.419785537197702e-27
67688600000.0 6.33342221293415e-27
67914600000.0 6.251166332707058e-27
68141300000.0 6.1693927065688375e-27
68368800000.0 6.088090144232039e-27
68597000000.0 6.007265560736238e-27
68826000000.0 5.926908056354808e-27
69055800000.0 5.847015777147298e-27
69286400000.0 5.771114437558427e-27
69517700000.0 5.6921434625038005e-27
69749800000.0 5.617136003920015e-27
69982600000.0 5.542570640546938e-27
70216300000.0 5.471910488278754e-27
70450700000.0 5.398196180890287e-27
70685900000.0 5.328368231712896e-27
70921900000.0 5.2554978822190944e-27
71158700000.0 5.1864873804881444e-27
71396200000.0 5.11788447943909e-27
71634600000.0 5.0496730376091504e-27
71873700000.0 4.9818655848927186e-27
72113700000.0 4.917835721145338e-27
72354400000.0 4.85080567530027e-27
72596000000.0 4.787527570499763e-27
72838400000.0 4.724617356546213e-27
73081500000.0 4.6620798179855436e-27
73325500000.0 4.599900492641241e-27
73570300000.0 4.5380842667247534e-27
73815900000.0 4.4799406541049084e-27
74062400000.0 4.4188288346637075e-27
74309600000.0 4.3613705239366075e-27
74557700000.0 4.304241272016735e-27
74806600000.0 4.24744554474825e-27
75056400000.0 4.190976256373698e-27
75307000000.0 4.134837673655957e-27
75558400000.0 4.079028289258792e-27
75810600000.0 4.0267705906340455e-27
76063700000.0 3.971599132561835e-27
76317700000.0 3.9199500035592466e-27
76572500000.0 3.868603112525038e-27
76828100000.0 3.817557056350649e-27
77084600000.0 3.766805545182866e-27
77341900000.0 3.716352225318916e-27
77600100000.0 3.666190966539772e-27
77859200000.0 3.6194597698902675e-27
78119100000.0 3.56987325203478e-27
78380000000.0 3.523688977497928e-27
78641600000.0 3.477780189486798e-27
78904200000.0 3.4321323204950095e-27
79167600000.0 3.386753059787839e-27
79431900000.0 3.3416368993983155e-27
79697100000.0 3.2967827502202016e-27
79963200000.0 3.252189519877042e-27
80230100000.0 3.2109065120840772e-27
80498000000.0 3.1668216234988954e-27
80766700000.0 3.126024420803858e-27
81036400000.0 3.0824436065890924e-27
81306900000.0 3.0421280681014925e-27
81578300000.0 3.002046771747464e-27
81850700000.0 2.9627923073130045e-27
82124000000.0 2.9234685981213308e-27
82398100000.0 2.8849709957542867e-27
82673200000.0 2.8466942377748347e-27
82949200000.0 2.808935551110298e-27
83226200000.0 2.771687676218751e-27
83504000000.0 2.734953418345018e-27
83782800000.0 2.6987222785232117e-27
84062500000.0 2.6629937117410665e-27
84343100000.0 2.6277638618217622e-27
84624700000.0 2.5930258276769253e-27
84907200000.0 2.5587789569013065e-27
85190700000.0 2.5247295836213317e-27
85475100000.0 2.4914517448780103e-27
85760500000.0 2.458365955630332e-27
86046800000.0 2.425758323861602e-27
86334100000.0 2.3936223398411596e-27
86622300000.0 2.3619571503309605e-27
86911500000.0 2.3307563737911922e-27
87201600000.0 2.299738815553761e-27
87492800000.0 2.2694571281893597e-27
87784900000.0 2.2393533848315507e-27
88077900000.0 2.2097042343602545e-27
88372000000.0 2.180501126144319e-27
88667000000.0 2.151469909387849e-27
88963000000.0 2.1228821048791726e-27
89260100000.0 2.095005736563736e-27
89558100000.0 2.0670206390212937e-27
89857000000.0 2.0397447416008388e-27
90157000000.0 2.012896244386204e-27
90458000000.0 1.986203875436417e-27
90760000000.0 1.9596669636770363e-27
91063000000.0 1.9338216365773338e-27
91367000000.0 1.9081268484240007e-27
91672100000.0 1.8828465054566913e-27
91978100000.0 1.8579814304753387e-27
92285200000.0 1.83352424649389e-27
92593300000.0 1.809209756803917e-27
92902400000.0 1.7853004127063782e-27
93212600000.0 1.7615288528391436e-27
93523800000.0 1.738157741018881e-27
93836000000.0 1.7151838402687248e-27
94149300000.0 1.6926021333777014e-27
94463600000.0 1.670152537449117e-27
94779000000.0 1.647832710169337e-27
95095400000.0 1.6261578819471212e-27
95412900000.0 1.6046083082758091e-27
95731400000.0 1.5834404507932651e-27
96051000000.0 1.562395084751349e-27
96371700000.0 1.5417253270871013e-27
96693400000.0 1.5211769482035814e-27
97016200000.0 1.5009997592878623e-27
97340100000.0 1.481190751552801e-27
97665100000.0 1.4614966748964216e-27
97991200000.0 1.4421664724611487e-27
98318300000.0 1.4231986199278273e-27
98646500000.0 1.4043408991810687e-27
98975900000.0 1.3855914434572504e-27
99306300000.0 1.3674448488676868e-27
99637900000.0 1.3491570510531747e-27
99970500000.0 1.3314662314219348e-27
100304000000.0 1.3136372740368802e-27
100639000000.0 1.2963928893454567e-27
100975000000.0 1.2792502584469386e-27
101312000000.0 1.2622088765646894e-27
101650000000.0 1.2455086853218961e-27
101990000000.0 1.2291347321112504e-27
102330000000.0 1.2128695865638828e-27
102672000000.0 1.1966888563399743e-27
103015000000.0 1.1808413631781807e-27
103359000000.0 1.1650877794624824e-27
103704000000.0 1.1496633097251014e-27
104050000000.0 1.1345651249457748e-27
104397000000.0 1.1195562959614147e-27
104746000000.0 1.1046258187268226e-27
105096000000.0 1.0900166960858878e-27
105446000000.0 1.0757363454273457e-27
105798000000.0 1.0612993947278268e-27
106152000000.0 1.0473989623945926e-27
106506000000.0 1.033361450474154e-27
106862000000.0 1.0198553016180046e-27
107218000000.0 1.0062108837527224e-27
107576000000.0 9.928655195536396e-28
107935000000.0 9.798260530264702e-28
108296000000.0 9.66855183343076e-28
108657000000.0 9.539705020130453e-28
109020000000.0 9.41378077818271e-28
109384000000.0 9.288607406043331e-28
109749000000.0 9.16640787263552e-28
110116000000.0 9.044854178549055e-28
110483000000.0 8.92410803323896e-28
110852000000.0 8.806207429668741e-28
111222000000.0 8.689011024356142e-28
111594000000.0 8.574628343408302e-28
111966000000.0 8.46100572100167e-28
112340000000.0 8.350162638482354e-28
112715000000.0 8.237813618511064e-28
113091000000.0 8.13046024268931e-28
113469000000.0 8.021522914235706e-28
113848000000.0 7.915386312020532e-28
114228000000.0 7.809885651034909e-28
114609000000.0 7.707149948852055e-28
114992000000.0 7.604962769840987e-28
115376000000.0 7.505507403768478e-28
115761000000.0 7.404536524034532e-28
116147000000.0 7.306276493980891e-28
116535000000.0 7.210641029562819e-28
116924000000.0 7.115579426069994e-28
117314000000.0 7.021088405880904e-28
117706000000.0 6.927105854257362e-28
118099000000.0 6.835758907027064e-28
118493000000.0 6.744960973566045e-28
118889000000.0 6.656708721299709e-28
119286000000.0 6.568987355535776e-28
119684000000.0 6.481793792138299e-28
120084000000.0 6.3950717060067935e-28
120485000000.0 6.310901658430735e-28
120887000000.0 6.227238511071779e-28
121290000000.0 6.144079293097876e-28
121695000000.0 6.063379646475336e-28
122102000000.0 5.983117350213679e-28
122509000000.0 5.903388349539752e-28
122918000000.0 5.826081005042447e-28
123329000000.0 5.749193187667536e-28
123740000000.0 5.672816133068465e-28
124153000000.0 5.596854606573615e-28
124568000000.0 5.523270219318314e-28
124984000000.0 5.450130891875388e-28
125401000000.0 5.3774339447074835e-28
125820000000.0 5.307077109016375e-28
126240000000.0 5.235209731991049e-28
126661000000.0 5.16763753143268e-28
127084000000.0 5.098509530113719e-28
127508000000.0 5.031717585776709e-28
127934000000.0 4.963380287362185e-28
128361000000.0 4.899266658344093e-28
128790000000.0 4.833605313564336e-28
129220000000.0 4.770234500713999e-28
129651000000.0 4.707247734537915e-28
130084000000.0 4.6446069453498315e-28
130518000000.0 4.582346678061261e-28
130954000000.0 4.522296459990374e-28
131391000000.0 4.462610814408591e-28
131830000000.0 4.4032540727477735e-28
132270000000.0 4.344258496293328e-28
132712000000.0 4.287431213795028e-28
133155000000.0 4.230949428753056e-28
133599000000.0 4.174810972582581e-28
134045000000.0 4.11898296144211e-28
134493000000.0 4.065282089424895e-28
134942000000.0 4.0100968119152648e-28
135392000000.0 3.957053570225599e-28
135844000000.0 3.904304275245864e-28
136298000000.0 3.8536415501260573e-28
136753000000.0 3.801500142487522e-28
137209000000.0 3.7514585414818154e-28
137667000000.0 3.7016946766527974e-28
138127000000.0 3.6539774275080933e-28
138588000000.0 3.604787327632931e-28
139051000000.0 3.5576299720292737e-28
139515000000.0 3.5107604509858603e-28
139981000000.0 3.464152159206907e-28
140448000000.0 3.417828822600477e-28
140917000000.0 3.371764666826867e-28
141387000000.0 3.327711272464646e-28
141859000000.0 3.283903494347741e-28
142333000000.0 3.2403407356649087e-28
142808000000.0 3.1970447737809557e-28
143285000000.0 3.155697632165932e-28
143763000000.0 3.112903092934989e-28
144243000000.0 3.0720440681377787e-28
144725000000.0 3.031414183390447e-28
145208000000.0 2.9910334338463943e-28
145693000000.0 2.9508799189580286e-28
146179000000.0 2.912644950708408e-28
146667000000.0 2.8746241790345247e-28
147157000000.0 2.8351561233053236e-28
147648000000.0 2.7975864749545795e-28
148141000000.0 2.761878474676245e-28
148636000000.0 2.724726293319693e-28
149132000000.0 2.6878027220899486e-28
149630000000.0 2.652721959591246e-28
150129000000.0 2.6178564972560786e-28
150631000000.0 2.5831705913090775e-28
151133000000.0 2.548715109224309e-28
151638000000.0 2.514438015967748e-28
152144000000.0 2.481978626658328e-28
152652000000.0 2.449702332647407e-28
153162000000.0 2.416012795250857e-28
153673000000.0 2.3841218434936467e-28
154186000000.0 2.352411764778816e-28
154701000000.0 2.3224618956518786e-28
155217000000.0 2.2911213464261562e-28
155736000000.0 2.259944947457338e-28
156256000000.0 2.2305255714485896e-28
156777000000.0 2.2012873128540898e-28
157301000000.0 2.1722013108777474e-28
157826000000.0 2.143294867496074e-28
158353000000.0 2.1145533909208552e-28
158881000000.0 2.087527794472672e-28
159412000000.0 2.059109231856243e-28
159944000000.0 2.0323947836104497e-28
160478000000.0 2.0043094294846932e-28
161014000000.0 1.9779037787146891e-28
161551000000.0 1.9516612675074083e-28
162091000000.0 1.9270648763612982e-28
162632000000.0 1.9011172664383488e-28
163175000000.0 1.875318729440931e-28
163720000000.0 1.8511615998272282e-28
164266000000.0 1.827153644521104e-28
164815000000.0 1.8017889814156841e-28
165365000000.0 1.7780600152342748e-28
165917000000.0 1.7544672207574011e-28
166471000000.0 1.7310100937316147e-28
167027000000.0 1.7091514414247575e-28
167584000000.0 1.6859693124286497e-28
168144000000.0 1.6643646978024801e-28
168705000000.0 1.6414450146379188e-28
169268000000.0 1.6201020729715447e-28
169833000000.0 1.5988818084883672e-28
170400000000.0 1.5777837480883932e-28
170969000000.0 1.5568074163592207e-28
171540000000.0 1.5359523356696803e-28
172113000000.0 1.515218026262016e-28
172687000000.0 1.4960280142301345e-28
173264000000.0 1.4755289395755415e-28
173842000000.0 1.4565635216227465e-28
174423000000.0 1.4362978060186954e-28
175005000000.0 1.4175551656154039e-28
175589000000.0 1.3989208395619807e-28
176175000000.0 1.380394385339427e-28
176764000000.0 1.3621059247420583e-28
177354000000.0 1.3440691714291395e-28
177946000000.0 1.3262744724960871e-28
178540000000.0 1.3087200181502216e-28
179136000000.0 1.2914040064693822e-28
179734000000.0 1.2743246434723797e-28
180334000000.0 1.2574801431867359e-28
180936000000.0 1.2407336451176603e-28
181540000000.0 1.2243539941268845e-28
182146000000.0 1.2080697098732898e-28
182754000000.0 1.19214785594066e-28
183364000000.0 1.1763187602505321e-28
183977000000.0 1.1607085578587783e-28
184591000000.0 1.1453282383669685e-28
185207000000.0 1.1301696623357459e-28
185825000000.0 1.1152311140085707e-28
186446000000.0 1.100504983607455e-28
187068000000.0 1.0858708201654397e-28
187693000000.0 1.0715769666900463e-28
188319000000.0 1.0573723768244378e-28
188948000000.0 1.0433747007539347e-28
189579000000.0 1.0294590502371445e-28
190212000000.0 1.015882038046886e-28
190847000000.0 1.0023845863809279e-28
191484000000.0 9.890939681525055e-29
192123000000.0 9.760085411064502e-29
192765000000.0 9.631216755784579e-29
193408000000.0 9.503154504610375e-29
194054000000.0 9.37831501035118e-29
194702000000.0 9.254208871042372e-29
195352000000.0 9.13083260064241e-29
196004000000.0 9.010676674373152e-29
196658000000.0 8.891227062041588e-29
197315000000.0 8.772435913387799e-29
197974000000.0 8.656814930371604e-29
198635000000.0 8.541875126743335e-29
199298000000.0 8.428839554947885e-29
199963000000.0 8.317692665590199e-29
200631000000.0 8.207159867402457e-29
201301000000.0 8.098494380406948e-29
201973000000.0 7.991680849568226e-29
202647000000.0 7.885497911093614e-29
203323000000.0 7.781144519778871e-29
204002000000.0 7.67856791721002e-29
204683000000.0 7.576597847883595e-29
205367000000.0 7.476384985884318e-29
206052000000.0 7.376801649553761e-29
206740000000.0 7.278954844914704e-29
207430000000.0 7.182866166068301e-29
208123000000.0 7.087312469152518e-29
208818000000.0 6.993496490979603e-29
209515000000.0 6.901403625207721e-29
210214000000.0 6.809856673758229e-29
210916000000.0 6.719979774628274e-29
211620000000.0 6.630636506349028e-29
212327000000.0 6.542944391658777e-29
213036000000.0 6.455773720037388e-29
213747000000.0 6.370265218422267e-29
214460000000.0 6.286404747311346e-29
215176000000.0 6.203013554367951e-29
215895000000.0 6.121222539137231e-29
216616000000.0 6.039918729915551e-29
217339000000.0 5.960224093042706e-29
218064000000.0 5.881003983767292e-29
218792000000.0 5.803346440092509e-29
219523000000.0 5.726125717693406e-29
220256000000.0 5.650475948785807e-29
220991000000.0 5.575277568888884e-29
221729000000.0 5.501605621830919e-29
222469000000.0 5.428373663834387e-29
223212000000.0 5.356650275801768e-29
223957000000.0 5.286446930218854e-29
224705000000.0 5.215551749599322e-29
225455000000.0 5.147249529744485e-29
226208000000.0 5.079332868702122e-29
226963000000.0 5.0118227041332583e-29
227720000000.0 4.9447167716187586e-29
228481000000.0 4.88010957655116e-29
229244000000.0 4.814823140587671e-29
230009000000.0 4.7509911741185866e-29
230777000000.0 4.6885805558650627e-29
231547000000.0 4.626543988537537e-29
232320000000.0 4.564859705952698e-29
233096000000.0 4.504575136021329e-29
233874000000.0 4.4446526117701184e-29
234655000000.0 4.3861129615405135e-29
235438000000.0 4.327924927392578e-29
236224000000.0 4.2711030808329635e-29
237013000000.0 4.21357354335775e-29
237804000000.0 4.1584463860538503e-29
238598000000.0 4.1036331509335766e-29
239395000000.0 4.0491327751362767e-29
240194000000.0 3.994960818592673e-29
240996000000.0 3.9421131888679296e-29
241800000000.0 3.8905947655659647e-29
242608000000.0 3.8383470681808406e-29
243418000000.0 3.787419212082311e-29
244230000000.0 3.7377993164728083e-29
245046000000.0 3.688448064272243e-29
245864000000.0 3.639394794085991e-29
246685000000.0 3.590623179150172e-29
247508000000.0 3.543133996841435e-29
248334000000.0 3.4969015627254697e-29
249163000000.0 3.4499531753086795e-29
249995000000.0 3.4042529906881085e-29
250830000000.0 3.359790227806795e-29
251667000000.0 3.3146249855102794e-29
252508000000.0 3.270675315879576e-29
253351000000.0 3.2279566772655016e-29
254196000000.0 3.185496316313649e-29
255045000000.0 3.143268015845974e-29
255896000000.0 3.1012956848923336e-29
256751000000.0 3.0605058718643676e-29
257608000000.0 3.019963377041427e-29
258468000000.0 2.9796551532829113e-29
259331000000.0 2.9405227440245656e-29
260197000000.0 2.901616464842184e-29
261065000000.0 2.8629463730275944e-29
261937000000.0 2.824489440004108e-29
262811000000.0 2.7871964988692667e-29
263689000000.0 2.751035957997387e-29
264569000000.0 2.7141710833330724e-29
265452000000.0 2.6784411155703847e-29
266339000000.0 2.64290837119022e-29
267228000000.0 2.6075919976143e-29
268120000000.0 2.5733926191577797e-29
269015000000.0 2.539391720754209e-29
269913000000.0 2.5055884617221223e-29
270814000000.0 2.4719819993756337e-29
271718000000.0 2.439470999106022e-29
272626000000.0 2.4071402899623194e-29
273536000000.0 2.3750068599652128e-29
274449000000.0 2.343951470946111e-29
275365000000.0 2.3130768182301087e-29
276285000000.0 2.2823738489392427e-29
277207000000.0 2.2518584294639868e-29
278132000000.0 2.2224001319687615e-29
279061000000.0 2.1931056914188934e-29
279993000000.0 2.1639824609949536e-29
280927000000.0 2.1350372696453962e-29
281865000000.0 2.107121146449726e-29
282806000000.0 2.0785039065379245e-29
283750000000.0 2.0517775356222428e-29
284698000000.0 2.024341451739005e-29
285648000000.0 1.9970734943761934e-29
286602000000.0 1.9708116114403184e-29
287559000000.0 1.9447036935114722e-29
288519000000.0 1.918749022916732e-29
289482000000.0 1.8937911936819125e-29
290448000000.0 1.8689795602515498e-29
291418000000.0 1.8434684036551943e-29
292391000000.0 1.8197796829894618e-29
293367000000.0 1.7953965997385065e-29
294347000000.0 1.7711511490247947e-29
295329000000.0 1.7478823728607197e-29
296315000000.0 1.724744543229893e-29
297304000000.0 1.701743015094812e-29
298297000000.0 1.6796908599094117e-29
299293000000.0 1.6569517846089953e-29
