WAVE FLUX
0.000129662 0.0
0.000133601 0.0
0.00013766 0.0
0.000141842 0.0
0.00014615 0.0
0.00015059 0.0
0.000155165 0.0
0.000159879 0.0
0.000164736 0.0
0.00016974 0.0
0.000174896 0.0
0.00018021 0.0
0.000185684 0.0
0.000191325 0.0
0.000197137 0.0
0.000203126 0.0
0.000209296 0.0
0.000215654 0.0
0.000222206 0.0
0.000228956 0.0
0.000235911 0.0
0.000243078 0.0
0.000250462 0.0
0.000258071 0.0
0.000265911 0.0
0.000273989 0.0
0.000282312 0.0
0.000290888 0.0
0.000299725 0.0
0.00030883 0.0
0.000318212 0.0
0.000327879 0.0
0.00033784 0.0
0.000348103 0.0
0.000358677 0.0
0.000369574 0.0
0.000380801 0.0
0.000392369 0.0
0.000404288 0.0
0.00041657 0.0
0.000429225 0.0
0.000442264 0.0
0.000455699 0.0
0.000469543 0.0
0.000483807 0.0
0.000498504 0.0
0.000513648 0.0
0.000529252 0.0
0.00054533 0.0
0.000561896 0.0
0.000578966 0.0
0.000596554 0.0
0.000614676 0.0
0.000633349 0.0
0.00065259 0.0
0.000672414 0.0
0.000692841 0.0
0.000713889 0.0
0.000735576 0.0
0.000757921 0.0
0.000780946 0.0
0.00080467 0.0
0.000829115 0.0
0.000854302 0.0
0.000880254 0.0
0.000906995 0.0
0.000934548 0.0
0.000962938 0.0
0.000992191 0.0
0.00102233 0.0
0.00105339 0.0
0.00108539 0.0
0.00111836 0.0
0.00115234 0.0
0.00118734 0.0
0.00122341 0.0
0.00126058 0.0
0.00129887 0.0
0.00133833 0.0
0.00137899 0.0
0.00142088 0.0
0.00146404 0.0
0.00150852 0.0
0.00155434 0.0
0.00160156 0.0
0.00165022 0.0
0.00170035 0.0
0.001752 0.0
0.00180522 0.0
0.00186006 0.0
0.00191657 0.0
0.00197479 0.0
0.00203478 0.0
0.0020966 0.0
0.00216029 0.0
0.00222592 0.0
0.00229354 0.0
0.00236321 0.0
0.002435 0.0
0.00250897 0.0
0.00258519 0.0
0.00266373 0.0
0.00274465 0.0
0.00282803 0.0
0.00291394 0.0
0.00300246 0.0
0.00309367 0.0
0.00318765 0.0
0.00328449 0.0
0.00338426 0.0
0.00348707 0.0
0.003593 0.0
0.00370215 0.0
0.00381462 0.0
0.0039305 0.0
0.00404991 0.0
0.00417294 0.0
0.0042997 0.0
0.00443032 0.0
0.00456491 0.0
0.00470358 0.0
0.00484647 0.0
0.0049937 0.0
0.0051454 0.0
0.00530171 0.0
0.00546277 0.0
0.00562872 0.0
0.00579971 0.0
0.0059759 0.0
0.00615744 0.0
0.00634449 0.0
0.00653723 0.0
0.00673582 0.0
0.00694045 0.0
0.00715129 0.0
0.00736853 0.0
0.00759238 0.0
0.00782302 0.0
0.00806067 0.0
0.00830554 0.0
0.00855786 0.0
0.00881783 0.0
0.0090857 0.0
0.00936171 0.0
0.00964611 0.0
0.00993914 0.0
0.0102411 0.0
0.0105522 0.0
0.0108727 0.0
0.011203 0.0
0.0115434 0.0
0.011894 0.0
0.0122554 0.0
0.0126277 0.0
0.0130113 0.0
0.0134065 0.0
0.0138138 0.0
0.0142335 0.0
0.0146659 0.0
0.0151114 0.0
0.0155704 0.0
0.0160434 0.0
0.0165308 0.0
0.017033 0.0
0.0175504 0.0
0.0180836 0.0
0.018633 0.0
0.019199 0.0
0.0197822 0.0
0.0203832 0.0
0.0210024 0.0
0.0216404 0.0
0.0222978 0.0
0.0229752 0.0
0.0236732 0.0
0.0243923 0.0
0.0251333 0.0
0.0258968 0.0
0.0266835 0.0
0.0274941 0.0
0.0283294 0.0
0.02919 0.0
0.0300767 0.0
0.0309904 0.0
0.0319319 0.0
0.0329019 0.0
0.0339014 0.0
0.0349313 0.0
0.0359924 0.0
0.0370858 0.0
0.0382125 0.0
0.0393733 0.0
0.0405694 0.0
0.0418018 0.0
0.0430717 0.0
0.0443802 0.0
0.0457284 0.0
0.0471175 0.0
0.0485489 0.0
0.0500237 0.0
0.0515434 0.0
0.0531092 0.0
0.0547226 0.0
0.056385 0.0
0.0580979 0.0
0.0598628 0.0
0.0616813 0.0
0.0635551 0.0
0.0654858 0.0
0.0674752 0.0
0.069525 0.0
0.0716371 0.0
0.0738133 0.0
0.0760556 0.0
0.0783661 0.0
0.0807467 0.0
0.0831997 0.0
0.0857272 0.0
0.0883314 0.0
0.0910148 0.0
0.0937797 0.0
0.0966286 0.0
0.099564 0.0
0.102589 0.0
0.105705 0.0
0.108916 0.0
0.112225 0.0
0.115634 0.0
0.119147 0.0
0.122767 0.0
0.126496 0.0
0.130339 0.0
0.134298 0.0
0.138378 0.0
0.142582 0.0
0.146913 0.0
0.151376 0.0
0.155975 0.0
0.160713 0.0
0.165595 0.0
0.170626 0.0
0.175809 0.0
0.18115 0.0
0.186653 0.0
0.192323 0.0
0.198166 0.0
0.204186 0.0
0.210389 0.0
0.21678 0.0
0.223366 0.0
0.230151 0.0
0.237143 0.0
0.244347 0.0
0.25177 0.0
0.259418 0.0
0.267299 0.0
0.275419 0.0
0.283786 0.0
0.292407 0.0
0.30129 0.0
0.310442 0.0
0.319873 0.0
0.32959 0.0
0.339603 0.0
0.349919 0.0
0.36055 0.0
0.371502 0.0
0.382788 0.0
0.394417 0.0
0.406399 0.0
0.418744 0.0
0.431465 0.0
0.444572 0.0
0.458078 0.0
0.471994 0.0
0.486332 0.0
0.501106 0.0
0.516329 0.0
0.532014 0.0
0.548176 0.0
0.564829 0.0
0.581988 0.0
0.599668 0.0
0.617885 0.0
0.636655 0.0
0.655996 0.0
0.675924 0.0
0.696457 0.0
0.717615 0.0
0.739415 0.0
0.761877 0.0
0.785022 0.0
0.80887 0.0
0.833442 0.0
0.858761 0.0
0.884849 0.0
0.911729 0.0
0.939426 0.0
0.967964 0.0
0.99737 0.0
1.01281 0.0
1.01339 0.0
1.01397 0.0
1.01455 0.0
1.01513 0.0
1.01571 0.0
1.01629 0.0
1.01687 0.0
1.01745 0.0
1.01803 0.0
1.01861 0.0
1.0192 0.0
1.01978 0.0
1.02036 0.0
1.02095 0.0
1.02153 0.0
1.02211 0.0
1.0227 0.0
1.02328 0.0
1.02387 0.0
1.02445 0.0
1.02504 0.0
1.02562 0.0
1.02621 0.0
1.0268 0.0
1.02738 0.0
1.02797 0.0
1.02856 0.0
1.02915 0.0
1.02974 0.0
1.03033 0.0
1.03091 0.0
1.0315 0.0
1.03209 0.0
1.03268 0.0
1.03327 0.0
1.03386 0.0
1.03446 0.0
1.03505 0.0
1.03564 0.0
1.03623 0.0
1.03682 0.0
1.03742 0.0
1.03801 0.0
1.0386 0.0
1.0392 0.0
1.03979 0.0
1.04039 0.0
1.04098 0.0
1.04158 0.0
1.04217 0.0
1.04277 0.0
1.04336 0.0
1.04396 0.0
1.04456 0.0
1.04515 0.0
1.04575 0.0
1.04635 0.0
1.04695 0.0
1.04755 0.0
1.04815 0.0
1.04874 0.0
1.04934 0.0
1.04994 0.0
1.05054 0.0
1.05114 0.0
1.05175 0.0
1.05235 0.0
1.05295 0.0
1.05355 0.0
1.05415 0.0
1.05476 0.0
1.05536 0.0
1.05596 0.0
1.05657 0.0
1.05717 0.0
1.05777 0.0
1.05838 0.0
1.05898 0.0
1.05959 0.0
1.0602 0.0
1.0608 0.0
1.06141 0.0
1.06202 0.0
1.06262 0.0
1.06323 0.0
1.06384 0.0
1.06445 0.0
1.06505 0.0
1.06566 0.0
1.06627 0.0
1.06688 0.0
1.06749 0.0
1.0681 0.0
1.06871 0.0
1.06932 0.0
1.06994 0.0
1.07055 0.0
1.07116 0.0
1.07177 0.0
1.0724 0.0
1.07304 0.0
1.07369 0.0
1.07433 0.0
1.07498 0.0
1.07562 0.0
1.07627 0.0
1.07692 0.0
1.07756 0.0
1.07821 0.0
1.07886 0.0
1.0795 0.0
1.08015 0.0
1.0808 0.0
1.08145 0.0
1.0821 0.0
1.08275 0.0
1.0834 0.0
1.08405 0.0
1.0847 0.0
1.08535 0.0
1.086 0.0
1.08666 0.0
1.08731 0.0
1.08796 0.0
1.08861 0.0
1.08927 0.0
1.08992 0.0
1.09058 0.0
1.09123 0.0
1.09189 0.0
1.09254 0.0
1.0932 0.0
1.09385 0.0
1.09451 0.0
1.09517 0.0
1.09583 0.0
1.09648 0.0
1.09714 0.0
1.0978 0.0
1.09846 0.0
1.09912 0.0
1.09978 0.0
1.10044 0.0
1.1011 0.0
1.10176 0.0
1.10242 0.0
1.10309 0.0
1.10375 0.0
1.10441 0.0
1.10507 0.0
1.10574 0.0
1.1064 0.0
1.10707 0.0
1.10773 0.0
1.1084 0.0
1.10906 0.0
1.10973 0.0
1.11039 0.0
1.11106 0.0
1.11173 0.0
1.11239 0.0
1.11306 0.0
1.11373 0.0
1.1144 0.0
1.11507 0.0
1.11574 0.0
1.11641 0.0
1.11708 0.0
1.11775 0.0
1.11842 0.0
1.11909 0.0
1.11976 0.0
1.12044 0.0
1.12111 0.0
1.12178 0.0
1.12245 0.0
1.12313 0.0
1.1238 0.0
1.12448 0.0
1.12515 0.0
1.12583 0.0
1.1265 0.0
1.12718 0.0
1.12786 0.0
1.12854 0.0
1.12921 0.0
1.12989 0.0
1.13057 0.0
1.13125 0.0
1.13193 0.0
1.13261 0.0
1.13329 0.0
1.13397 0.0
1.13465 0.0
1.13533 0.0
1.13601 0.0
1.13669 0.0
1.13738 0.0
1.13806 0.0
1.13874 0.0
1.13945 0.0
1.14018 0.0
1.1409 0.0
1.14163 0.0
1.14236 0.0
1.14309 0.0
1.14382 0.0
1.14456 0.0
1.14529 0.0
1.14602 0.0
1.14675 0.0
1.14749 0.0
1.14822 0.0
1.14895 0.0
1.14969 0.0
1.15042 0.0
1.15116 0.0
1.15189 0.0
1.15263 0.0
1.15337 0.0
1.1541 0.0
1.15484 0.0
1.15558 0.0
1.15632 0.0
1.15706 0.0
1.1578 0.0
1.15854 0.0
1.15928 0.0
1.16002 0.0
1.16076 0.0
1.1615 0.0
1.16224 0.0
1.16299 0.0
1.16373 0.0
1.16447 0.0
1.16522 0.0
1.16596 0.0
1.16671 0.0
1.16745 0.0
1.1682 0.0
1.16895 0.0
1.16969 0.0
1.17044 0.0
1.17119 0.0
1.17194 0.0
1.17269 0.0
1.17344 0.0
1.17419 0.0
1.17494 0.0
1.17569 0.0
1.17644 0.0
1.17719 0.0
1.17795 0.0
1.1787 0.0
1.17945 0.0
1.18021 0.0
1.18096 0.0
1.18171 0.0
1.18247 0.0
1.18323 0.0
1.18398 0.0
1.18474 0.0
1.1855 0.0
1.18625 0.0
1.18701 0.0
1.18777 0.0
1.18853 0.0
1.18929 0.0
1.19005 0.0
1.19081 0.0
1.19157 0.0
1.19233 0.0
1.1931 0.0
1.19386 0.0
1.19462 0.0
1.19539 0.0
1.19615 0.0
1.19691 0.0
1.19768 0.0
1.19844 0.0
1.19921 0.0
1.19998 0.0
1.20074 0.0
1.20151 0.0
1.20228 0.0
1.20305 0.0
1.20382 0.0
1.20459 0.0
1.20536 0.0
1.20613 0.0
1.2069 0.0
1.20767 0.0
1.20844 0.0
1.20921 0.0
1.20999 0.0
1.21076 0.0
1.21153 0.0
1.21231 0.0
1.21308 0.0
1.21386 0.0
1.21463 0.0
1.21544 0.0
1.21627 0.0
1.2171 0.0
1.21793 0.0
1.21876 0.0
1.2196 0.0
1.22043 0.0
1.22126 0.0
1.2221 0.0
1.22293 0.0
1.22377 0.0
1.22461 0.0
1.22544 0.0
1.22628 0.0
1.22712 0.0
1.22796 0.0
1.22879 0.0
1.22963 0.0
1.23047 0.0
1.23132 0.0
1.23216 0.0
1.233 0.0
1.23384 0.0
1.23468 0.0
1.23553 0.0
1.23637 0.0
1.23722 0.0
1.23806 0.0
1.23891 0.0
1.23976 0.0
1.2406 0.0
1.24145 0.0
1.2423 0.0
1.24315 0.0
1.244 0.0
1.24485 0.0
1.2457 0.0
1.24655 0.0
1.2474 0.0
1.24825 0.0
1.24911 0.0
1.24996 0.0
1.25081 0.0
1.25167 0.0
1.25252 0.0
1.25338 0.0
1.25424 0.0
1.25509 0.0
1.25595 0.0
1.25681 0.0
1.25767 0.0
1.25853 0.0
1.25939 0.0
1.26025 0.0
1.26111 0.0
1.26197 0.0
1.26283 0.0
1.2637 0.0
1.26456 0.0
1.26542 0.0
1.26629 0.0
1.26715 0.0
1.26802 0.0
1.26889 0.0
1.26975 0.0
1.27062 0.0
1.27149 0.0
1.27236 0.0
1.27323 0.0
1.2741 0.0
1.27497 0.0
1.27584 0.0
1.27671 0.0
1.27758 0.0
1.27846 0.0
1.27933 0.0
1.2802 0.0
1.28108 0.0
1.28195 0.0
1.28283 0.0
1.28371 0.0
1.28458 0.0
1.28546 0.0
1.28634 0.0
1.28722 0.0
1.2881 0.0
1.28898 0.0
1.28986 0.0
1.29074 0.0
1.29162 0.0
1.29251 0.0
1.29339 0.0
1.29427 0.0
1.29516 0.0
1.29604 0.0
1.29693 0.0
1.29781 0.0
1.2987 0.0
1.29959 0.0
1.30048 0.0
1.30137 0.0
1.30229 0.0
1.30324 0.0
1.3042 0.0
1.30516 0.0
1.30612 0.0
1.30707 0.0
1.30803 0.0
1.30899 0.0
1.30995 0.0
1.31092 0.0
1.31188 0.0
1.31284 0.0
1.3138 0.0
1.31477 0.0
1.31573 0.0
1.3167 0.0
1.31767 0.0
1.31863 0.0
1.3196 0.0
1.32057 0.0
1.32154 0.0
1.32251 0.0
1.32348 0.0
1.32445 0.0
1.32542 0.0
1.3264 0.0
1.32737 0.0
1.32834 0.0
1.32932 0.0
1.3303 0.0
1.33127 0.0
1.33225 0.0
1.33323 0.0
1.33421 0.0
1.33518 0.0
1.33616 0.0
1.33715 0.0
1.33813 0.0
1.33911 0.0
1.34009 0.0
1.34108 0.0
1.34206 0.0
1.34305 0.0
1.34403 0.0
1.34502 0.0
1.346 0.0
1.34699 0.0
1.34798 0.0
1.34897 0.0
1.34996 0.0
1.35095 0.0
1.35194 0.0
1.35294 0.0
1.35393 0.0
1.35492 0.0
1.35592 0.0
1.35691 0.0
1.35791 0.0
1.35891 0.0
1.3599 0.0
1.3609 0.0
1.3619 0.0
1.3629 0.0
1.3639 0.0
1.3649 0.0
1.3659 0.0
1.36691 0.0
1.36791 0.0
1.36891 0.0
1.36992 0.0
1.37092 0.0
1.37193 0.0
1.37294 0.0
1.37394 0.0
1.37495 0.0
1.37596 0.0
1.37697 0.0
1.37798 0.0
1.37899 0.0
1.38001 0.0
1.38102 0.0
1.38203 0.0
1.38305 0.0
1.38406 0.0
1.38508 0.0
1.3861 0.0
1.38711 0.0
1.38813 0.0
1.38915 0.0
1.39017 0.0
1.39119 0.0
1.39221 0.0
1.39323 0.0
1.39426 0.0
1.39528 0.0
1.3963 0.0
1.39733 0.0
1.39835 0.0
1.39938 0.0
1.40041 0.0
1.40144 0.0
1.4025 0.0
1.4036 0.0
1.4047 0.0
1.40581 0.0
1.40691 0.0
1.40801 0.0
1.40912 0.0
1.41022 0.0
1.41133 0.0
1.41244 0.0
1.41355 0.0
1.41466 0.0
1.41577 0.0
1.41688 0.0
1.41799 0.0
1.41911 0.0
1.42022 0.0
1.42133 0.0
1.42245 0.0
1.42357 0.0
1.42468 0.0
1.4258 0.0
1.42692 0.0
1.42804 0.0
1.42916 0.0
1.43029 0.0
1.43141 0.0
1.43253 0.0
1.43366 0.0
1.43478 0.0
1.43591 0.0
1.43704 0.0
1.43816 0.0
1.43929 0.0
1.44042 0.0
1.44155 0.0
1.44269 0.0
1.44382 0.0
1.44495 0.0
1.44609 0.0
1.44722 0.0
1.44836 0.0
1.44949 0.0
1.45063 0.0
1.45177 0.0
1.45291 0.0
1.45405 0.0
1.45519 0.0
1.45634 0.0
1.45748 0.0
1.45862 0.0
1.45977 0.0
1.46091 0.0
1.46206 0.0
1.46321 0.0
1.46436 0.0
1.46551 0.0
1.46666 0.0
1.46781 0.0
1.46896 0.0
1.47011 0.0
1.47127 0.0
1.47242 0.0
1.47358 0.0
1.47474 0.0
1.47589 0.0
1.47705 0.0
1.47821 0.0
1.47937 0.0
1.48053 0.0
1.4817 0.0
1.48286 0.0
1.48402 0.0
1.48519 0.0
1.48635 0.0
1.48752 0.0
1.48869 0.0
1.48986 0.0
1.49103 0.0
1.4922 0.0
1.49337 0.0
1.49454 0.0
1.49571 0.0
1.49689 0.0
1.49806 0.0
1.49924 0.0
1.50042 0.0
1.50159 0.0
1.50277 0.0
1.50395 0.0
1.50513 0.0
1.50632 0.0
1.5075 0.0
1.50868 0.0
1.50987 0.0
1.51105 0.0
1.51224 0.0
1.51342 0.0
1.51461 0.0
1.5158 0.0
1.51699 0.0
1.51818 0.0
1.51943 0.0
1.52072 0.0
1.52202 0.0
1.52332 0.0
1.52462 0.0
1.52592 0.0
1.52722 0.0
1.52853 0.0
1.52983 0.0
1.53114 0.0
1.53244 0.0
1.53375 0.0
1.53506 0.0
1.53637 0.0
1.53768 0.0
1.53899 0.0
1.54031 0.0
1.54162 0.0
1.54294 0.0
1.54425 0.0
1.54557 0.0
1.54689 0.0
1.54821 0.0
1.54953 0.0
1.55085 0.0
1.55218 0.0
1.5535 0.0
1.55483 0.0
1.55616 0.0
1.55748 0.0
1.55881 0.0
1.56014 0.0
1.56147 0.0
1.56281 0.0
1.56414 0.0
1.56548 0.0
1.56681 0.0
1.56815 0.0
1.56949 0.0
1.57083 0.0
1.57217 0.0
1.57351 0.0
1.57485 0.0
1.5762 0.0
1.57754 0.0
1.57889 0.0
1.58023 0.0
1.58158 0.0
1.58293 0.0
1.58428 0.0
1.58564 0.0
1.58699 0.0
1.58834 0.0
1.5897 0.0
1.59106 0.0
1.59241 0.0
1.59377 0.0
1.59513 0.0
1.59649 0.0
1.59786 0.0
1.59922 0.0
1.60058 0.0
1.60195 0.0
1.60332 0.0
1.60469 0.0
1.60606 0.0
1.60743 0.0
1.6088 0.0
1.61017 0.0
1.61155 0.0
1.61292 0.0
1.6143 0.0
1.61567 0.0
1.61705 0.0
1.61843 0.0
1.61981 0.0
1.6212 0.0
1.62258 0.0
1.62397 0.0
1.62535 0.0
1.62674 0.0
1.62813 0.0
1.62952 0.0
1.63091 0.0
1.6323 0.0
1.63369 0.0
1.63509 0.0
1.63648 0.0
1.63788 0.0
1.63928 0.0
1.64067 0.0
1.64207 0.0
1.64348 0.0
1.64488 0.0
1.64628 0.0
1.64769 0.0
1.64909 0.0
1.6505 0.0
1.65191 0.0
1.65332 0.0
1.65473 0.0
1.65614 0.0
1.65762 0.0
1.65917 0.0
1.66072 0.0
1.66228 0.0
1.66383 0.0
1.66539 0.0
1.66694 0.0
1.6685 0.0
1.67006 0.0
1.67162 0.0
1.67318 0.0
1.67475 0.0
1.67631 0.0
1.67788 0.0
1.67945 0.0
1.68102 0.0
1.68259 0.0
1.68416 0.0
1.68574 0.0
1.68732 0.0
1.68889 0.0
1.69047 0.0
1.69205 0.0
1.69363 0.0
1.69522 0.0
1.6968 0.0
1.69839 0.0
1.69998 0.0
1.70156 0.0
1.70316 0.0
1.70475 0.0
1.70634 0.0
1.70794 0.0
1.70953 0.0
1.71113 0.0
1.71273 0.0
1.71433 0.0
1.71593 0.0
1.71754 0.0
1.71914 0.0
1.72075 0.0
1.72236 0.0
1.72397 0.0
1.72558 0.0
1.7272 0.0
1.72881 0.0
1.73043 0.0
1.73204 0.0
1.73366 0.0
1.73528 0.0
1.73691 0.0
1.73853 0.0
1.74016 0.0
1.74178 0.0
1.74341 0.0
1.74504 0.0
1.74667 0.0
1.7483 0.0
1.74994 0.0
1.75157 0.0
1.75321 0.0
1.75485 0.0
1.75649 0.0
1.75813 0.0
1.75978 0.0
1.76142 0.0
1.76307 0.0
1.76472 0.0
1.76637 0.0
1.76802 0.0
1.76967 0.0
1.77133 0.0
1.77298 0.0
1.77464 0.0
1.7763 0.0
1.77796 0.0
1.77962 0.0
1.78128 0.0
1.78295 0.0
1.78462 0.0
1.78628 0.0
1.78795 0.0
1.78963 0.0
1.7913 0.0
1.79297 0.0
1.79465 0.0
1.79633 0.0
1.79801 0.0
1.79969 0.0
1.80137 0.0
1.80305 0.0
1.80474 0.0
1.80643 0.0
1.80812 0.0
1.80981 0.0
1.8115 0.0
1.81319 0.0
1.81489 0.0
1.81658 0.0
1.81828 0.0
1.81998 0.0
1.82168 0.0
1.82347 0.0
1.82533 0.0
1.8272 0.0
1.82907 0.0
1.83094 0.0
1.83282 0.0
1.83469 0.0
1.83657 0.0
1.83845 0.0
1.84033 0.0
1.84221 0.0
1.8441 0.0
1.84599 0.0
1.84788 0.0
1.84977 0.0
1.85166 0.0
1.85356 0.0
1.85545 0.0
1.85735 0.0
1.85925 0.0
1.86116 0.0
1.86306 0.0
1.86497 0.0
1.86688 0.0
1.86879 0.0
1.8707 0.0
1.87261 0.0
1.87453 0.0
1.87645 0.0
1.87837 0.0
1.88029 0.0
1.88222 0.0
1.88414 0.0
1.88607 0.0
1.888 0.0
1.88993 0.0
1.89187 0.0
1.8938 0.0
1.89574 0.0
1.89768 0.0
1.89962 0.0
1.90157 0.0
1.90351 0.0
1.90546 0.0
1.90741 0.0
1.90936 0.0
1.91132 0.0
1.91327 0.0
1.91523 0.0
1.91719 0.0
1.91916 0.0
1.92112 0.0
1.92309 0.0
1.92505 0.0
1.92702 0.0
1.929 0.0
1.93097 0.0
1.93295 0.0
1.93492 0.0
1.93691 0.0
1.93889 0.0
1.94087 0.0
1.94286 0.0
1.94485 0.0
1.94684 0.0
1.94883 0.0
1.95082 0.0
1.95282 0.0
1.95482 0.0
1.95682 0.0
1.95882 0.0
1.96083 0.0
1.96283 0.0
1.96484 0.0
1.96685 0.0
1.96887 0.0
1.97088 0.0
1.9729 0.0
1.97492 0.0
1.97694 0.0
1.97896 0.0
1.98099 0.0
1.98302 0.0
1.98504 0.0
1.98708 0.0
1.98911 0.0
1.99115 0.0
1.99318 0.0
1.99522 0.0
1.99727 0.0
1.99931 0.0
2.00136 0.0
2.0034 0.0
2.00545 0.0
2.00751 0.0
2.00956 0.0
2.01162 0.0
2.01368 0.0
2.01574 0.0
2.0178 0.0
2.01987 0.0
2.02193 0.0
2.024 0.0
2.0262 0.0
2.02851 0.0
2.03084 0.0
2.03316 0.0
2.03549 0.0
2.03781 0.0
2.04015 0.0
2.04248 0.0
2.04482 0.0
2.04716 0.0
2.0495 0.0
2.05184 0.0
2.05419 0.0
2.05654 0.0
2.05889 0.0
2.06125 0.0
2.06361 0.0
2.06597 0.0
2.06833 0.0
2.0707 0.0
2.07307 0.0
2.07544 0.0
2.07782 0.0
2.08019 0.0
2.08257 0.0
2.08496 0.0
2.08734 0.0
2.08973 0.0
2.09212 0.0
2.09452 0.0
2.09691 0.0
2.09931 0.0
2.10171 0.0
2.10412 0.0
2.10653 0.0
2.10894 0.0
2.11135 0.0
2.11376 0.0
2.11618 0.0
2.1186 0.0
2.12103 0.0
2.12346 0.0
2.12588 0.0
2.12832 0.0
2.13075 0.0
2.13319 0.0
2.13563 0.0
2.13807 0.0
2.14052 0.0
2.14297 0.0
2.14542 0.0
2.14788 0.0
2.15033 0.0
2.15279 0.0
2.15526 0.0
2.15772 0.0
2.16019 0.0
2.16266 0.0
2.16514 0.0
2.16762 0.0
2.1701 0.0
2.17258 0.0
2.17506 0.0
2.17755 0.0
2.18005 0.0
2.18254 0.0
2.18504 0.0
2.18754 0.0
2.19004 0.0
2.19255 0.0
2.19505 0.0
2.19757 0.0
2.20008 0.0
2.2026 0.0
2.20512 0.0
2.20764 0.0
2.21017 0.0
2.2127 0.0
2.21523 0.0
2.21776 0.0
2.2203 0.0
2.22284 0.0
2.22538 0.0
2.22793 0.0
2.23048 0.0
2.23303 0.0
2.23559 0.0
2.23814 0.0
2.2407 0.0
2.24327 0.0
2.24583 0.0
2.2484 0.0
2.25098 0.0
2.25355 0.0
2.25613 0.0
2.25871 0.0
2.2613 0.0
2.26388 0.0
2.26647 0.0
2.26907 0.0
2.27166 0.0
2.27426 0.0
2.27687 0.0
2.27963 0.0
2.28256 0.0
2.28549 0.0
2.28843 0.0
2.29137 0.0
2.29431 0.0
2.29726 0.0
2.30021 0.0
2.30317 0.0
2.30613 0.0
2.30909 0.0
2.31206 0.0
2.31503 0.0
2.318 0.0
2.32098 0.0
2.32396 0.0
2.32695 0.0
2.32994 0.0
2.33293 0.0
2.33593 0.0
2.33893 0.0
2.34193 0.0
2.34494 0.0
2.34795 0.0
2.35097 0.0
2.35399 0.0
2.35702 0.0
2.36004 0.0
2.36308 0.0
2.36611 0.0
2.36915 0.0
2.3722 0.0
2.37524 0.0
2.37829 0.0
2.38135 0.0
2.38441 0.0
2.38747 0.0
2.39054 0.0
2.39361 0.0
2.39669 0.0
2.39977 0.0
2.40285 0.0
2.40594 0.0
2.40903 0.0
2.41212 0.0
2.41522 0.0
2.41833 0.0
2.42143 0.0
2.42454 0.0
2.42766 0.0
2.43078 0.0
2.4339 0.0
2.43703 0.0
2.44016 0.0
2.44329 0.0
2.44643 0.0
2.44958 0.0
2.45272 0.0
2.45587 0.0
2.45903 0.0
2.46219 0.0
2.46535 0.0
2.46852 0.0
2.47169 0.0
2.47487 0.0
2.47805 0.0
2.48123 0.0
2.48442 0.0
2.48761 0.0
2.49081 0.0
2.49401 0.0
2.49721 0.0
2.50042 0.0
2.50363 0.0
2.50685 0.0
2.51007 0.0
2.51329 0.0
2.51652 0.0
2.51976 0.0
2.52299 0.0
2.52623 0.0
2.52948 0.0
2.53273 0.0
2.53598 0.0
2.53924 0.0
2.5425 0.0
2.54577 0.0
2.54904 0.0
2.55232 0.0
2.5556 0.0
2.55888 0.0
2.56217 0.0
2.56546 0.0
2.56875 0.0
2.57205 0.0
2.57536 0.0
2.57867 0.0
2.58198 0.0
2.5853 0.0
2.58862 0.0
2.59195 0.0
2.59528 0.0
2.59861 0.0
2.60195 0.0
2.60553 0.0
2.60936 0.0
2.61319 0.0
2.61703 0.0
2.62088 0.0
2.62473 0.0
2.62858 0.0
2.63245 0.0
2.63631 0.0
2.64019 0.0
2.64407 0.0
2.64795 0.0
2.65184 0.0
2.65574 0.0
2.65964 0.0
2.66355 0.0
2.66746 0.0
2.67138 0.0
2.6753 0.0
2.67923 0.0
2.68317 0.0
2.68711 0.0
2.69106 0.0
2.69501 0.0
2.69897 0.0
2.70294 0.0
2.70691 0.0
2.71089 0.0
2.71487 0.0
2.71886 0.0
2.72285 0.0
2.72685 0.0
2.73086 0.0
2.73487 0.0
2.73889 0.0
2.74291 0.0
2.74694 0.0
2.75098 0.0
2.75502 0.0
2.75907 0.0
2.76312 0.0
2.76718 0.0
2.77125 0.0
2.77532 0.0
2.77939 0.0
2.78348 0.0
2.78757 0.0
2.79166 0.0
2.79576 0.0
2.79987 0.0
2.80399 0.0
2.8081 0.0
2.81223 0.0
2.81636 0.0
2.8205 0.0
2.82464 0.0
2.82879 0.0
2.83295 0.0
2.83711 0.0
2.84128 0.0
2.84545 0.0
2.84963 0.0
2.85382 0.0
2.85801 0.0
2.86221 0.0
2.86642 0.0
2.87063 0.0
2.87485 0.0
2.87907 0.0
2.8833 0.0
2.88754 0.0
2.89178 0.0
2.89603 0.0
2.90028 0.0
2.90454 0.0
2.90881 0.0
2.91308 0.0
2.91736 0.0
2.92165 0.0
2.92594 0.0
2.93024 0.0
2.93455 0.0
2.93886 0.0
2.94318 0.0
2.9475 0.0
2.95183 0.0
2.95617 0.0
2.96051 0.0
2.96486 0.0
2.96922 0.0
2.97358 0.0
2.97795 0.0
2.98232 0.0
2.9867 0.0
2.99109 0.0
2.99549 0.0
2.99989 0.0
3.00429 0.0
3.00871 0.0
3.01313 0.0
3.01755 0.0
3.02199 0.0
3.02643 0.0
3.03087 0.0
3.03533 0.0
3.04014 0.0
3.04533 0.0
3.05052 0.0
3.05573 0.0
3.06094 0.0
3.06616 0.0
3.07139 0.0
3.07662 0.0
3.08187 0.0
3.08713 0.0
3.09239 0.0
3.09766 0.0
3.10295 0.0
3.10824 0.0
3.11354 0.0
3.11885 0.0
3.12417 0.0
3.1295 0.0
3.13483 0.0
3.14018 0.0
3.14553 0.0
3.1509 0.0
3.15627 0.0
3.16166 0.0
3.16705 0.0
3.17245 0.0
3.17786 0.0
3.18328 0.0
3.18871 0.0
3.19414 0.0
3.19959 0.0
3.20505 0.0
3.21051 0.0
3.21599 0.0
3.22147 0.0
3.22697 0.0
3.23247 0.0
3.23798 0.0
3.24351 0.0
3.24904 0.0
3.25458 0.0
3.26013 0.0
3.26569 0.0
3.27126 0.0
3.27684 0.0
3.28242 0.0
3.28802 0.0
3.29363 0.0
3.29925 0.0
3.30487 0.0
3.31051 0.0
3.31616 0.0
3.32181 0.0
3.32748 0.0
3.33315 0.0
3.33883 0.0
3.34453 0.0
3.35023 0.0
3.35595 0.0
3.36167 0.0
3.3674 0.0
3.37314 0.0
3.3789 0.0
3.38466 0.0
3.39043 0.0
3.39621 0.0
3.40201 0.0
3.40781 0.0
3.41362 0.0
3.41944 0.0
3.42527 0.0
3.43111 0.0
3.43696 0.0
3.44283 0.0
3.4487 0.0
3.45458 0.0
3.46047 0.0
3.46637 0.0
3.47228 0.0
3.47821 0.0
3.48414 0.0
3.49008 0.0
3.49603 0.0
3.50199 0.0
3.50797 0.0
3.51395 0.0
3.51994 0.0
3.52594 0.0
3.53196 0.0
3.53798 0.0
3.54401 0.0
3.55006 0.0
3.55611 0.0
3.56218 0.0
3.56825 0.0
3.57434 0.0
3.58043 0.0
3.58654 0.0
3.59265 0.0
3.59878 0.0
3.60492 0.0
3.61107 0.0
3.61722 0.0
3.62339 0.0
3.62957 0.0
3.63576 0.0
3.64196 0.0
3.6488 0.0
3.65628 0.0
3.66377 0.0
3.67128 0.0
3.6788 0.0
3.68634 0.0
3.69389 0.0
3.70146 0.0
3.70905 0.0
3.71665 0.0
3.72427 0.0
3.7319 0.0
3.73955 0.0
3.74721 0.0
3.75489 0.0
3.76258 0.0
3.77029 0.0
3.77802 0.0
3.78576 0.0
3.79352 0.0
3.8013 0.0
3.80909 0.0
3.81689 0.0
3.82471 0.0
3.83255 0.0
3.84041 0.0
3.84828 0.0
3.85616 0.0
3.86406 0.0
3.87198 0.0
3.87992 0.0
3.88787 0.0
3.89584 0.0
3.90382 0.0
3.91182 0.0
3.91984 0.0
3.92787 0.0
3.93592 0.0
3.94398 0.0
3.95207 0.0
3.96017 0.0
3.96828 0.0
3.97641 0.0
3.98456 0.0
3.99273 0.0
4.00091 0.0
4.00911 0.0
4.01732 0.0
4.02556 0.0
4.03381 0.0
4.04207 0.0
4.05036 0.0
4.05866 0.0
4.06697 0.0
4.07531 0.0
4.08366 0.0
4.09203 0.0
4.10041 0.0
4.10882 0.0
4.11724 0.0
4.12567 0.0
4.13413 0.0
4.1426 0.0
4.15109 0.0
4.1596 0.0
4.16812 0.0
4.17666 0.0
4.18522 0.0
4.1938 0.0
4.20239 0.0
4.21101 0.0
4.21963 0.0
4.22828 0.0
4.23695 0.0
4.24563 0.0
4.25433 0.0
4.26305 0.0
4.27178 0.0
4.28054 0.0
4.28931 0.0
4.2981 0.0
4.30691 0.0
4.31573 0.0
4.32458 0.0
4.33344 0.0
4.34232 0.0
4.35122 0.0
4.36014 0.0
4.36907 0.0
4.37803 0.0
4.387 0.0
4.39599 0.0
4.405 0.0
4.41402 0.0
4.42307 0.0
4.43213 0.0
4.44122 0.0
4.45032 0.0
4.45944 0.0
4.46858 0.0
4.47773 0.0
4.48691 0.0
4.4961 0.0
4.50532 0.0
4.51455 0.0
4.5238 0.0
4.53307 0.0
4.54236 0.0
4.55167 0.0
4.56219 0.0
4.57392 0.0
4.58568 0.0
4.59748 0.0
4.6093 0.0
4.62116 0.0
4.63304 0.0
4.64496 0.0
4.6569 0.0
4.66888 0.0
4.68089 0.0
4.69293 0.0
4.705 0.0
4.7171 0.0
4.72923 0.0
4.74139 0.0
4.75359 0.0
4.76581 0.0
4.77807 0.0
4.79036 0.0
4.80268 0.0
4.81503 0.0
4.82741 0.0
4.83983 0.0
4.85228 0.0
4.86476 0.0
4.87727 0.0
4.88981 0.0
4.90239 0.0
4.915 0.0
4.92764 0.0
4.94031 0.0
4.95302 0.0
4.96576 0.0
4.97853 0.0
4.99133 0.0
5.00417 0.0
5.01704 0.0
5.02994 0.0
5.04288 0.0
5.05585 0.0
5.06885 0.0
5.08189 0.0
5.09496 0.0
5.10806 0.0
5.1212 0.0
5.13437 0.0
5.14758 0.0
5.16081 0.0
5.17409 0.0
5.18739 0.0
5.20074 0.0
5.21411 0.0
5.22752 0.0
5.24097 0.0
5.25445 0.0
5.26796 0.0
5.28151 0.0
5.29509 0.0
5.30871 0.0
5.32236 0.0
5.33605 0.0
5.34978 0.0
5.36354 0.0
5.37733 0.0
5.39116 0.0
5.40502 0.0
5.41893 0.0
5.43286 0.0
5.44684 0.0
5.46084 0.0
5.47489 0.0
5.48897 0.0
5.50309 0.0
5.51724 0.0
5.53143 0.0
5.54566 0.0
5.55992 0.0
5.57422 0.0
5.58855 0.0
5.60293 0.0
5.61734 0.0
5.63179 0.0
5.64627 0.0
5.66079 0.0
5.67535 0.0
5.68995 0.0
5.70458 0.0
5.71925 0.0
5.73396 0.0
5.74871 0.0
5.76349 0.0
5.77832 0.0
5.79318 0.0
5.80808 0.0
5.82301 0.0
5.83799 0.0
5.85301 0.0
5.86806 0.0
5.88315 0.0
5.89828 0.0
5.91345 0.0
5.92866 0.0
5.94391 0.0
5.9592 0.0
5.97452 0.0
5.98989 0.0
6.00529 0.0
6.02074 0.0
6.03622 0.0
6.05175 0.0
6.06731 0.0
6.08521 0.0
6.10547 0.0
6.12579 0.0
6.14618 0.0
6.16665 0.0
6.18717 0.0
6.20777 0.0
6.22844 0.0
6.24917 0.0
6.26998 0.0
6.29085 0.0
6.31179 0.0
6.3328 0.0
6.35388 0.0
6.37504 0.0
6.39626 0.0
6.41755 0.0
6.43892 0.0
6.46035 0.0
6.48186 0.0
6.50344 0.0
6.52509 0.0
6.54681 0.0
6.5686 0.0
6.59047 0.0
6.61241 0.0
6.63442 0.0
6.65651 0.0
6.67867 0.0
6.7009 0.0
6.72321 0.0
6.74559 0.0
6.76805 0.0
6.79058 0.0
6.81318 0.0
6.83587 0.0
6.85862 0.0
6.88145 0.0
6.90436 0.0
6.92735 0.0
6.95041 0.0
6.97355 0.0
6.99676 0.0
7.02005 0.0
7.04342 0.0
7.06687 0.0
7.0904 0.0
7.114 0.0
7.13768 0.0
7.16145 0.0
7.18529 0.0
7.20921 0.0
7.23321 0.0
7.25728 0.0
7.28144 0.0
7.30568 0.0
7.33 0.0
7.35441 0.0
7.37889 0.0
7.40345 0.0
7.4281 0.0
7.45283 0.0
7.47764 0.0
7.50253 0.0
7.52751 0.0
7.55257 0.0
7.57771 0.0
7.60294 0.0
7.62825 0.0
7.65364 0.0
7.67912 0.0
7.70468 0.0
7.73033 0.0
7.75607 0.0
7.78189 0.0
7.80779 0.0
7.83379 0.0
7.85986 0.0
7.88603 0.0
7.91228 0.0
7.93862 0.0
7.96505 0.0
7.99157 0.0
8.01817 0.0
8.04486 0.0
8.07164 0.0
8.09851 0.0
8.12548 0.0
8.15253 0.0
8.17966 0.0
8.2069 0.0
8.23422 0.0
8.26163 0.0
8.28913 0.0
8.31673 0.0
8.34441 0.0
8.37219 0.0
8.40006 0.0
8.42803 0.0
8.45608 0.0
8.48423 0.0
8.51248 0.0
8.54082 0.0
8.56925 0.0
8.59777 0.0
8.6264 0.0
8.65511 0.0
8.68393 0.0
8.71284 0.0
8.74184 0.0
8.77094 0.0
8.80014 0.0
8.82944 0.0
8.85883 0.0
8.88832 0.0
8.91791 0.0
8.9476 0.0
8.97739 0.0
9.00727 0.0
9.03726 0.0
9.06734 0.0
9.09753 0.0
9.12785 0.0
9.15832 0.0
9.18889 0.0
9.21957 0.0
9.25034 0.0
9.28122 0.0
9.3122 0.0
9.34328 0.0
9.37447 0.0
9.40576 0.0
9.43716 0.0
9.46866 0.0
9.50027 0.0
9.53198 0.0
9.5638 0.0
9.59572 0.0
9.62775 0.0
9.65989 0.0
9.69213 0.0
9.72449 0.0
9.75695 0.0
9.78951 0.0
9.82219 0.0
9.85498 0.0
9.88787 0.0
9.92088 0.0
9.954 0.0
9.98722 2.66187005084375e-15
10.0206 2.9280390850309666e-15
10.054 3.488389526064932e-15
10.0876 4.1585848073448036e-15
10.1212 4.954457099195362e-15
10.155 5.9058657387369704e-15
10.1889 7.037606810920778e-15
10.2229 8.388411414264486e-15
10.2571 9.996387584006492e-15
10.2913 1.1915986410949574e-14
10.3256 1.4200663731724104e-14
10.3601 1.6924252841087e-14
10.3947 2.0171580869466277e-14
10.4294 2.4040237785671322e-14
10.4642 2.864513147710061e-14
10.4991 3.414838987903283e-14
10.5342 4.070261199088892e-14
10.5693 4.850555244335622e-14
10.6046 5.781971547771974e-14
10.64 6.89052506711891e-14
10.6755 8.210976640092113e-14
10.7112 9.786631845521622e-14
10.7469 1.1665003673704997e-13
10.7828 1.3901637980642948e-13
10.8188 1.6567391066766933e-13
10.8549 1.9747794820852547e-13
10.8911 2.353617795445662e-13
10.9275 2.8055591615421034e-13
10.964 3.343450689262368e-13
11.0006 3.6094663381461595e-13
11.0373 2.1785874034708304e-13
11.0741 1.205594674403044e-13
11.1111 6.670810635609655e-14
11.1482 3.690755706158322e-14
11.1854 2.0428980231133517e-14
11.2227 1.1305192528886978e-14
11.2602 6.25541393458181e-15
11.2978 3.4627046511074495e-15
11.3355 1.915796778967168e-15
11.3733 1.0602223029248695e-15
11.4113 5.866947398608693e-16
11.4494 3.2464387042277667e-16
11.4876 1.796588786675337e-16
11.526 9.941212698180889e-17
11.5644 5.502447946082771e-17
11.603 3.0437097697529834e-17
11.6418 1.684802131937159e-17
11.6806 9.323120126732771e-18
11.7196 5.159037757572616e-18
11.7587 2.8540665279373698e-18
11.798 1.5798054590640654e-18
11.8374 8.742218909990577e-19
11.8769 4.838125781473902e-19
11.9165 2.677096309405048e-19
11.9563 1.4815769382502071e-19
11.9962 8.722049823530914e-20
12.0363 8.395119803531985e-20
12.0764 9.169028698761025e-20
12.1167 1.0014140919974416e-19
12.1572 1.0937731408434178e-19
12.1978 1.1947068948807025e-19
12.2385 1.3047254007394468e-19
12.2793 1.425126002542519e-19
12.3203 1.5563838839548827e-19
12.3614 1.6999768179516597e-19
12.4027 1.8567469782389824e-19
12.4441 2.0285318271758486e-19
12.4856 2.215177879164053e-19
12.5273 2.420018129126745e-19
12.5691 2.642882740475872e-19
12.6111 2.885498297321158e-19
12.6532 3.1515365847201954e-19
12.6954 3.442679433413532e-19
12.7378 3.760555707360399e-19
12.7803 4.1068249071533304e-19
12.823 4.484965712131701e-19
12.8658 4.898472587729639e-19
12.9087 5.350762932844567e-19
12.9518 5.843278887799342e-19
12.9951 6.839174915024783e-19
13.0384 1.4510235453685226e-18
13.082 3.626188945022161e-18
13.1256 9.058586247576003e-18
13.1694 2.263133564619245e-17
13.2134 5.65376018628448e-17
13.2575 1.412693674259178e-16
13.3018 3.529598359019518e-16
13.3462 8.819310998680305e-16
13.3907 2.203875508362687e-15
13.4354 5.5058804617123584e-15
13.4803 1.3755944083081905e-14
13.5253 3.4370112856328835e-14
13.5704 8.587336177734574e-14
13.6157 2.1459609402210522e-13
13.6611 5.359570477398628e-13
13.7067 1.3393496770296825e-12
13.7525 3.3465337961196195e-12
13.7984 8.36059871304437e-12
13.8445 2.089355699209313e-11
13.8907 5.218307195363031e-11
13.937 1.3039178541987943e-10
13.9836 3.333087103697472e-10
14.0302 4.810057476671386e-10
14.0771 5.332862527831153e-10
14.1241 5.910865593374793e-10
14.1712 6.553831645717095e-10
14.2185 7.264481147407449e-10
14.266 8.054078408217867e-10
14.3136 8.928682484826365e-10
14.3614 9.899248933830094e-10
14.4093 1.0973321585630124e-09
14.4574 1.2164948290729793e-09
14.5057 1.348636140639524e-09
14.5541 1.4951399054144193e-09
14.6027 1.6575191748464443e-09
14.6514 1.8377859070074923e-09
14.7003 2.0374039212756826e-09
14.7494 2.2588183870984654e-09
14.7986 2.5034683833938257e-09
14.848 2.7760271829478924e-09
14.8976 3.0762061741774132e-09
14.9473 3.411899658415282e-09
14.9972 3.774591225170881e-09
15.0473 4.1056467396767566e-09
15.0975 4.450630436372275e-09
15.1479 4.8238561484270536e-09
15.1985 5.229842395488858e-09
15.2492 5.6698836608285575e-09
15.3001 6.14678077934418e-09
15.3512 6.6649148301673255e-09
15.4024 7.225485596628307e-09
15.4538 7.832744431077766e-09
15.5054 8.490922452585936e-09
15.5572 9.205758564579219e-09
15.6091 9.979850187089874e-09
15.6612 1.0820310980085668e-08
15.7135 1.1729552974931658e-08
15.7659 1.2716219581765048e-08
15.8185 1.3787144754603413e-08
15.8713 1.494606040527482e-08
15.9243 1.6204300400236855e-08
15.9775 1.7569988049349824e-08
16.0308 1.8880850535426848e-08
16.0843 2.0182774100716516e-08
16.138 2.1581591356840855e-08
16.1919 2.306122358374022e-08
16.2459 2.4650988882211823e-08
16.3002 2.63344773414557e-08
16.3546 2.8155745568509018e-08
16.4092 3.008347967575358e-08
16.4639 3.216118724684133e-08
16.5189 3.4372159669532276e-08
16.574 3.6730108833960416e-08
16.6294 3.926239247279606e-08
16.6849 4.195302272838399e-08
16.7406 4.484381628527766e-08
16.7964 4.7918443188852545e-08
16.8525 5.1217832501216204e-08
16.9088 5.4739895205681605e-08
16.9652 5.851138713279337e-08
17.0218 6.232879664510441e-08
17.0786 6.604872505153086e-08
17.1357 6.998473569063953e-08
17.1929 7.416370374907444e-08
17.2502 7.858313967984062e-08
17.3078 8.328189172612497e-08
17.3656 8.824340043308568e-08
17.4236 9.350687409177488e-08
17.4817 9.908364474706588e-08
17.5401 1.0499711687707388e-07
17.5986 1.1127261803976283e-07
17.6574 1.1790510781155784e-07
17.7163 1.2493340498509382e-07
17.7755 1.3239312989910721e-07
17.8348 1.403085336729912e-07
17.8943 1.487013821469765e-07
17.954 1.575802325548458e-07
18.014 1.666682453255525e-07
18.0741 1.7529012024928996e-07
18.1344 1.842562995413409e-07
18.195 1.9383009192506982e-07
18.2557 2.037400095122296e-07
18.3166 2.1424769165115392e-07
18.3778 2.2534562647933891e-07
18.4391 2.3702996609898613e-07
18.5007 2.491601662647963e-07
18.5624 2.619968052588912e-07
18.6244 2.7552969640167683e-07
18.6865 2.897543588789961e-07
18.7489 3.0479052681268896e-07
18.8115 3.205014570304181e-07
18.8743 3.370091574857922e-07
18.9373 3.544339698062253e-07
19.0005 3.7238113206800476e-07
19.0639 3.8918171466666614e-07
19.1275 4.0637672080225167e-07
19.1914 4.244678271062686e-07
19.2554 4.431965452243341e-07
19.3197 4.6293018584154387e-07
19.3842 4.834086832229446e-07
19.4489 5.048748020691331e-07
19.5138 5.271930721676704e-07
19.5789 5.506034772999153e-07
19.6443 5.749673608351518e-07
19.7099 6.004009075408469e-07
19.7756 6.270192027851129e-07
19.8416 6.548034747010218e-07
19.9079 6.838633828914528e-07
19.9743 7.144362766042315e-07
20.041 7.596426584810759e-07
20.1079 8.171556715213973e-07
20.175 8.792350911097723e-07
20.2423 9.458336664254011e-07
20.3099 1.0176200220295545e-06
20.3777 1.0947841054197897e-06
20.4457 1.1778666014289875e-06
20.514 1.267394511897183e-06
20.5824 1.3627205179915839e-06
20.6511 1.466842129120036e-06
20.7201 1.577313135258218e-06
20.7892 1.697601391208183e-06
20.8586 1.8264207914747951e-06
20.9282 1.964855704124363e-06
20.9981 2.1035043737001697e-06
21.0682 2.1786986049800904e-06
21.1385 2.242988583032912e-06
21.209 2.3091305393049314e-06
21.2798 2.3770930312537138e-06
21.3509 2.4468550832753967e-06
21.4221 2.5184193585696064e-06
21.4936 2.5928775697853957e-06
21.5654 2.669066864483952e-06
21.6373 2.7481194342067243e-06
21.7096 2.8288431818576803e-06
21.782 2.9123768293531335e-06
21.8547 2.997547872345986e-06
21.9277 3.086561077536837e-06
22.0009 3.1749547152184314e-06
22.0743 3.2483690099251495e-06
22.148 3.3223529209802666e-06
22.2219 3.3969130708125716e-06
22.2961 3.474213942874536e-06
22.3705 3.552060527547381e-06
22.4452 3.6326024014171657e-06
22.5201 3.7147430092120304e-06
22.5952 3.798464270991207e-06
22.6707 3.883714000128916e-06
22.7463 3.971597091331813e-06
22.8223 4.060964148533515e-06
22.8984 4.152915230086302e-06
22.9749 4.246306419388868e-06
23.0516 4.3305757376631904e-06
23.1285 4.411084382679387e-06
23.2057 4.492052393662863e-06
23.2831 4.574539238809342e-06
23.3609 4.658487819531725e-06
23.4388 4.744980566602886e-06
23.5171 4.831855225432705e-06
23.5956 4.9212125730463e-06
23.6743 5.0109652184629685e-06
23.7533 5.104165855678967e-06
23.8326 5.197706560940866e-06
23.9122 5.29362036106571e-06
23.992 5.4518803111233455e-06
24.0721 6.209842869542701e-06
24.1524 7.251529244639695e-06
24.233 8.46837914719012e-06
24.3139 9.88970208330568e-06
24.3951 1.1547403729110967e-05
24.4765 1.349193737773197e-05
24.5582 1.5751126513011973e-05
24.6402 1.8391046808594345e-05
24.7224 2.1476958049930152e-05
24.8049 2.508291155377959e-05
24.8877 2.9291804078475408e-05
24.9708 3.4204925920732434e-05
25.0541 3.7274474421710964e-05
25.1377 3.912980212747966e-05
25.2217 4.106888139597144e-05
25.3058 4.310093506891137e-05
25.3903 4.5234086772885183e-05
25.4751 4.747699024680365e-05
25.5601 4.9828669105642784e-05
25.6454 5.229729317793254e-05
25.731 5.489109176380115e-05
25.8169 5.760872933366089e-05
25.903 6.0458528552994046e-05
25.9895 6.324154928202869e-05
26.0763 6.384476368503037e-05
26.1633 6.386551449414383e-05
26.2506 6.388539764612274e-05
26.3382 6.390442108929182e-05
26.4261 6.392259272532313e-05
26.5144 6.393967925743513e-05
26.6028 6.395641194866758e-05
26.6916 6.397207510500269e-05
26.7807 6.399602475367533e-05
26.8701 6.40100239375897e-05
26.9598 6.403226449949525e-05
27.0498 6.417086243985489e-05
27.1401 6.441566903431918e-05
27.2307 6.465813965454672e-05
27.3216 6.490721641438245e-05
27.4128 6.515392825553456e-05
27.5043 6.539829063017215e-05
27.5961 6.56491570054811e-05
27.6882 6.58976458671373e-05
27.7806 6.614377281116981e-05
27.8733 6.639630355145908e-05
27.9663 6.664644520740264e-05
28.0597 6.665059786283702e-05
28.1533 6.650697596098259e-05
28.2473 6.636336611969337e-05
28.3416 6.622000794815034e-05
28.4362 6.607690347985249e-05
28.5311 6.593405470536588e-05
28.6263 6.579998357587726e-05
28.7219 6.565739506469343e-05
28.8178 6.551507057371146e-05
28.9139 6.537323800143132e-05
29.0104 6.517259529604415e-05
29.1073 6.472101383506964e-05
29.2044 6.425528622741474e-05
29.3019 6.378345090369269e-05
29.3997 6.332239496094523e-05
29.4978 6.286375696600051e-05
29.5963 6.240731595943002e-05
29.6951 6.19450638073312e-05
29.7942 6.150163036855684e-05
29.8936 6.105236541016287e-05
29.9934 6.0580875033623135e-05
30.0935 5.992550657397105e-05
30.194 5.9233310131721147e-05
30.2948 5.854512656134316e-05
30.3959 5.7868960298834906e-05
30.4973 5.720471178456849e-05
30.5991 5.654412656148987e-05
30.7013 5.588719400897842e-05
30.8037 5.5242179736570636e-05
30.9066 5.460055633667088e-05
31.0097 5.395497798544058e-05
31.1132 5.325028084183514e-05
31.2171 5.2541770336702193e-05
31.3213 5.183746395160951e-05
31.4258 5.115286207141909e-05
31.5307 5.0472157804947475e-05
31.6359 4.9795495602050596e-05
31.7415 4.913806735220899e-05
31.8475 4.848438999618089e-05
31.9538 4.7834600452734886e-05
32.0604 4.7021315576078726e-05
32.1674 4.607636877407132e-05
32.2748 4.51522418802776e-05
32.3825 4.4248898630398495e-05
32.4906 4.336602389266277e-05
32.5991 4.249596485910365e-05
32.7079 4.1646210013991624e-05
32.817 4.0809148708238244e-05
32.9266 3.999924930876658e-05
33.0365 3.9127924143033596e-05
33.1468 3.815890231712282e-05
33.2574 3.7217973419126107e-05
33.3684 3.6290156292080826e-05
33.4798 3.5389923528045456e-05
33.5915 3.451713560698402e-05
33.7036 3.3664206555873115e-05
33.8161 3.282375671867643e-05
33.929 3.201006854202905e-05
34.0423 3.12229044465484e-05
34.1559 3.046211732114002e-05
34.2699 2.9720261171006995e-05
34.3843 2.8997173591616895e-05
34.499 2.8292775033332765e-05
34.6142 2.7599692380209526e-05
34.7297 2.6925020671814724e-05
34.8456 2.6275518210475943e-05
34.9619 2.5630028810905498e-05
35.0786 2.4870336228796294e-05
35.1957 2.4059969805397085e-05
35.3132 2.3275434415865337e-05
35.4311 2.2523383315855437e-05
35.5493 2.1789858447768292e-05
35.668 2.1081413920664305e-05
35.787 2.0397943862783146e-05
35.9065 1.973231461265678e-05
36.0263 1.9084482297323758e-05
36.1466 1.842044690362657e-05
36.2672 1.7780844840388626e-05
36.3883 1.7165354645152915e-05
36.5097 1.6567172154245784e-05
36.6316 1.599271078674363e-05
36.7539 1.5435164051658807e-05
36.8765 1.490103605578101e-05
36.9996 1.4376845488792887e-05
37.1231 1.3836272296578495e-05
37.247 1.3305689156240018e-05
37.3714 1.2798032088762845e-05
37.4961 1.2306654322137126e-05
37.6212 1.1837857227965641e-05
37.7468 1.1384939647545492e-05
37.8728 1.0947790439523182e-05
37.9992 1.0519848096574767e-05
38.1261 1.0049831288304992e-05
38.2533 9.589233601653008e-06
38.381 9.144279177560648e-06
38.5091 8.727519291475148e-06
38.6376 8.326061647398132e-06
38.7666 7.946037422880409e-06
38.896 7.580997057150743e-06
39.0258 7.230802726370992e-06
39.1561 6.901528728163527e-06
39.2868 6.592996261264342e-06
39.4179 6.292633503170462e-06
39.5495 6.005903324255463e-06
39.6815 5.733310011149627e-06
39.8139 5.47288339926469e-06
39.9468 5.224497256608612e-06
40.0801 4.9643211990775946e-06
40.2139 4.702779016467275e-06
40.3482 4.455005983321459e-06
40.4828 4.220292629280184e-06
40.6179 3.997894169395597e-06
40.7535 3.7870978490515164e-06
40.8895 3.587208272563074e-06
41.026 3.395142078446361e-06
41.163 3.202533253424116e-06
41.3004 3.021212317285337e-06
41.4382 2.8493065021083834e-06
41.5765 2.687893932003493e-06
41.7153 2.535122040225576e-06
41.8545 2.3914987744219273e-06
41.9942 2.255770317318287e-06
42.1344 2.1272841204511847e-06
42.275 2.006554361348638e-06
42.4161 1.8923528417434874e-06
42.5577 1.784618653703684e-06
42.6998 1.6832912414147526e-06
42.8423 1.5871755333468946e-06
42.9853 1.496786294419302e-06
43.1288 1.4035871100671511e-06
43.2727 1.315502950694916e-06
43.4171 1.2324825528908492e-06
43.5621 1.1550356504104951e-06
43.7075 1.0825568997789025e-06
43.8533 1.0144427033266983e-06
43.9997 9.500928961910926e-07
44.1466 8.883697288723607e-07
44.2939 8.298016616831531e-07
44.4418 7.754530169027631e-07
44.5901 7.247402820084106e-07
44.7389 6.770819911234021e-07
44.8883 6.329912924880322e-07
45.0381 5.913540100906815e-07
45.1884 5.521456284023007e-07
45.3393 5.156111201683329e-07
45.4906 4.814593668176829e-07
45.6424 4.4961314890071117e-07
45.7948 4.1988988971312223e-07
45.9476 3.921651740468437e-07
46.101 3.6578340462419843e-07
46.2549 3.411020845252682e-07
46.4092 3.1810578010001746e-07
46.5642 2.9661928547270777e-07
46.7196 2.765781114616896e-07
46.8755 2.5791581570534147e-07
47.032 2.404113398244456e-07
47.189 2.2369251205558992e-07
47.3465 2.0811263769944025e-07
47.5045 1.9360953849267758e-07
47.6631 1.8012141365592928e-07
47.8221 1.6758837292586988e-07
47.9818 1.560002595640088e-07
48.1419 1.4550106689756495e-07
48.3026 1.3582719760657738e-07
48.4638 1.2676976125932387e-07
48.6256 1.1832266325351976e-07
48.7879 1.1043037821303613e-07
48.9507 1.0313745425727918e-07
49.1141 9.648761668462316e-08
49.278 9.037590696553047e-08
49.4425 8.464899962019845e-08
49.6076 7.925410932597298e-08
49.7731 7.423742694977217e-08
49.9393 6.954605624491124e-08
50.1059 6.527469920748357e-08
50.2732 6.132188731197192e-08
50.441 5.7636491496472224e-08
50.6094 5.4167662064169235e-08
50.7783 5.091346760137024e-08
50.9478 4.7843052239549305e-08
51.1178 4.5284000616349444e-08
51.2884 4.302673677334383e-08
51.4596 4.0878755552185566e-08
51.6314 3.883904475509612e-08
51.8037 3.6897253139529766e-08
51.9766 3.508055004524219e-08
52.1501 3.3556119207864136e-08
52.3242 3.215330067241973e-08
52.4988 3.0815242476899626e-08
52.6741 2.952733570994426e-08
52.8499 2.8293854439194062e-08
53.0263 3.318102380656637e-08
53.2033 7.137646093261627e-08
53.3808 1.6480334902007184e-07
53.559 3.8051426301128355e-07
53.7378 8.786793882840679e-07
53.9171 2.087613751539316e-06
54.0971 2.8114935456458883e-06
54.2777 2.518599711823415e-06
54.4588 2.2558429032232384e-06
54.6406 2.020691448580625e-06
54.823 1.8102137584989494e-06
55.006 1.6232844674398524e-06
55.1896 1.4592334996159003e-06
55.3738 1.313434077524322e-06
55.5586 1.1817584889430628e-06
55.7441 1.0636310805877252e-06
55.9301 9.576166944059585e-07
56.1168 8.635946394841741e-07
56.3041 7.805841606978034e-07
56.492 7.054562256150051e-07
56.6806 6.377034014100029e-07
56.8698 5.763980945812825e-07
57.0596 5.223329845616983e-07
57.25 4.762898002912041e-07
57.4411 4.3436803115703784e-07
57.6329 3.963166125806024e-07
57.8252 3.6146699366832463e-07
58.0182 3.313004649667325e-07
58.2119 3.0950045591023285e-07
58.4062 2.898465008970738e-07
58.6011 2.7140222307207697e-07
58.7967 2.541557252485963e-07
58.993 2.3826108006026654e-07
59.1899 2.2498315626369635e-07
59.3874 2.127767880911222e-07
59.5857 2.0126262431658797e-07
59.7846 1.9031248886846393e-07
59.9841 1.8024638067333893e-07
60.1843 1.7263599577112373e-07
60.3852 1.658011815318675e-07
60.5867 1.5921139890367954e-07
60.789 1.528639034207891e-07
60.9919 1.4523746028927464e-07
61.1955 1.275367833972332e-07
61.3997 1.1030992752828094e-07
61.6046 9.541328955350321e-08
61.8103 8.254785590843185e-08
62.0166 7.385715999278697e-08
62.2236 7.678639359908746e-08
62.4313 8.12188955991086e-08
62.6396 8.593267399459839e-08
62.8487 9.092450771707966e-08
63.0585 9.638498206594063e-08
63.269 1.0261764638864361e-07
63.4801 1.0926899747680784e-07
63.692 1.1637261202870445e-07
63.9046 1.2396208390023823e-07
64.1179 1.3233664116003853e-07
64.3319 1.416398499677444e-07
64.5467 1.5159743371989856e-07
64.7621 1.6227833378392138e-07
64.9783 1.73787131470354e-07
65.1951 1.863776090525591e-07
65.4127 2.0007533899913537e-07
65.6311 2.147573220948183e-07
65.8501 2.305250441413084e-07
66.0699 2.47551104462624e-07
66.2905 2.65822369792261e-07
66.5117 2.855099972082383e-07
66.7337 3.066715478057833e-07
66.9565 3.2951015868499595e-07
67.18 3.543719039626271e-07
67.4042 3.813806205102109e-07
67.6292 4.1040531890729933e-07
67.8549 4.417490627834927e-07
68.0814 4.7610360706651225e-07
68.3086 5.130814960154083e-07
68.5366 5.533664262114727e-07
68.7654 5.965694183659322e-07
68.9949 6.020085053360968e-07
69.2252 3.854411438976346e-07
69.4563 2.2786157687906265e-07
69.6881 1.3470826911290874e-07
69.9207 8.110024354373963e-08
70.1541 7.293859529037032e-08
70.3882 8.368011038493803e-08
70.6232 9.604141845446925e-08
70.8589 1.1021276299311907e-07
71.0954 1.2713609903205866e-07
71.3327 1.47262163875473e-07
71.5708 1.7076289139320416e-07
71.8097 1.9804546303770232e-07
72.0494 2.303576978918394e-07
72.2899 2.688968199146402e-07
72.5311 3.143734524232319e-07
72.7732 3.67654701504931e-07
73.0161 4.305655254195976e-07
73.2598 5.053718083062357e-07
73.5044 5.942746674024881e-07
73.7497 6.987860197896702e-07
73.9959 8.230303570568734e-07
74.2429 9.700932620923196e-07
74.4907 1.1453091184911367e-06
74.7393 1.3523082248240313e-06
74.9888 1.597921090510241e-06
75.239 1.8775456589504837e-06
75.4902 2.2076275919571897e-06
75.7422 2.5957088295071382e-06
75.995 3.0341395205751787e-06
76.2486 3.3874200579011132e-06
76.5031 3.758717968727071e-06
76.7585 4.168812136295013e-06
77.0147 4.6268088392017386e-06
77.2717 5.129061034038922e-06
77.5296 5.690834978732784e-06
77.7884 6.314654537971023e-06
78.0481 7.009255759936988e-06
78.3086 7.773920409942969e-06
78.5699 8.62965759426931e-06
78.8322 9.575511347937757e-06
79.0953 1.0632161093750516e-05
79.3593 1.1795384725917089e-05
79.6242 1.3091650557446391e-05
79.89 1.45379087501452e-05
80.1566 1.6129595842572118e-05
80.4242 1.7907630350074858e-05
80.6926 1.9879209079848504e-05
80.9619 2.2078471249608025e-05
81.2322 2.450004669623958e-05
81.5033 2.7201550430328872e-05
81.7753 3.021288989598018e-05
82.0483 3.510631773724722e-05
82.3222 4.648479758245904e-05
82.5969 6.233463978793977e-05
82.8726 8.38762227386462e-05
83.1492 9.70314216473928e-05
83.4268 9.960279294658986e-05
83.7052 0.00010221440736797089
83.9846 0.00010538827081769515
84.2649 0.00011256314069229434
84.5462 0.00012110255622355678
84.8284 0.0001303027538501351
85.1115 0.000136947388405407
85.3956 0.00013897656683029951
85.6806 0.00014099080740051135
85.9666 0.00014301840012680335
86.2536 0.00014517224821098247
86.5415 0.0001473948261255278
86.8303 0.00014962920344197586
87.1201 0.0001519590054264023
87.4109 0.00015435530075278065
87.7027 0.00015681734602692246
87.9954 0.00015917828276612066
88.2891 0.00016069299408674804
88.5838 0.00016205816613152027
88.8795 0.00016343988761561773
89.1761 0.00016552188095446938
89.4738 0.00016807867145963496
89.7724 0.00017069829864867073
90.0721 0.00017348798560495272
90.3727 0.000176608255945082
90.6744 0.00017981324963191198
90.977 0.0001832632613642819
91.2807 0.00018845162672600192
91.5853 0.0001941629199505742
91.891 0.00020020554357102078
92.1977 0.00021591433252294228
92.5055 0.00023905676023915561
92.8142 0.000264618384396733
93.124 0.00029359520548609977
93.4349 0.00032576950572754936
93.7467 0.0003616294409381771
94.0596 0.00040243297396192536
94.3736 0.0004501970006656834
94.6886 0.000504335989667004
95.0046 0.0005629877777579042
95.3217 0.0006143351286142513
95.6399 0.0006683945134169321
95.9591 0.0007284420177630532
96.2794 0.0008027749879761819
96.6008 0.0008884715229677241
96.9232 0.0009834035674808148
97.2467 0.0010877260211499275
97.5713 0.0012040915915185997
97.897 0.0013331239673167394
98.2237 0.0014749426162107893
98.5516 0.0016328774834987068
98.8805 0.0018225522234079142
99.2106 0.0032425873798516496
99.5417 0.007659296623906334
99.874 0.01848134814379261
100.207 0.023857317288410968
100.542 0.022070053256304026
100.877 0.020548524367561292
101.214 0.02915746415499065
101.552 0.05346156251965085
101.891 0.09842881352106876
102.231 0.12100452315824783
102.572 0.12388361455821231
102.915 0.12683595845576012
103.258 0.1298867886716139
103.603 0.13305610025419812
103.948 0.13632169058363042
104.295 0.13975008125039268
104.644 0.14331614891125424
104.993 0.1471837256979328
105.343 0.15248285430138378
105.695 0.15825156237365468
106.048 0.16441740269066574
106.402 0.1715493023428725
106.757 0.1790663027836718
107.113 0.18785239400848702
107.471 0.19882333721970447
107.829 0.21058094586181575
108.189 0.22020517094756759
108.55 0.2278311466369985
108.913 0.23513352084360492
109.276 0.23412924648871514
109.641 0.22979062283161925
110.007 0.22570045026953742
110.374 0.22185636838439438
110.742 0.21792567740466967
111.112 0.21353426069453857
111.483 0.20796685854858885
111.855 0.20249999279204955
112.228 0.1941772302690266
112.603 0.18434679773959178
112.979 0.17533564990215572
113.356 0.1689862439784253
113.734 0.1633422790475239
114.114 0.15839550509677844
114.495 0.15460922781459102
114.877 0.15165353335077084
115.26 0.17963166154716378
115.645 0.23473252613582873
116.031 0.29322779940268145
116.418 0.2983285545733044
116.807 0.2964998262172656
117.197 0.2950969390708187
117.588 0.2939082759460492
117.981 0.29292925430318467
118.374 0.2921627719624473
118.769 0.29160180856082096
119.166 0.29103967938537456
119.564 0.29047885372114485
119.963 0.2931722844578048
120.363 0.32340360141050073
120.765 0.36453655853402317
121.168 0.4156589011902848
121.572 0.4800805440275676
121.978 0.5560635773494953
122.385 0.6468823355430342
122.794 0.754168552519344
123.204 0.8807295468563971
123.615 1.0265677612771802
124.027 1.201320407759155
124.441 1.4119365490796918
124.857 1.6617607838836244
125.274 1.7866716887805099
125.692 1.8298227578046478
126.111 1.3628757708593968
126.532 0.39938738859573364
126.954 0.1390135512286848
127.378 0.1751032685530084
127.803 0.3194621233538418
128.23 0.45781647451658214
128.658 0.5548695535713875
129.087 0.7056885435796065
129.518 1.0074618772067832
129.951 1.4316472626731354
130.384 1.645191708330045
130.82 1.8007896668364554
131.256 1.9715200017801313
131.694 2.1612740342967753
132.134 2.3718843745920855
132.575 2.6049931537322517
133.017 2.8438692002774393
133.461 3.0007080741304577
133.907 3.1509955615433456
134.354 3.2657695188330145
134.802 3.3707107638615272
135.252 3.482118501023131
135.704 3.5981262092558843
136.157 3.7187102770441607
136.611 3.845607864196084
137.067 3.740285666422734
137.524 2.9138288331121265
137.983 2.327904504038439
138.444 2.4857522647360524
138.906 2.8128493639298755
139.37 3.1867325358958585
139.835 3.62089916824473
140.302 4.1199263533470125
140.77 4.705704196627189
141.24 5.27889104697105
141.711 5.834465876904945
142.184 6.27305652890914
142.659 6.469294487249817
143.135 6.628400290464236
143.613 6.7048390678563
144.092 6.733329664059476
144.573 6.633325132893791
145.056 6.538937923368984
145.54 6.493731160676052
146.026 6.462097545262285
146.513 6.465588026968774
147.002 6.502150068120314
147.493 6.708703022253493
147.985 6.951745225303568
148.479 7.209506132892414
148.974 7.480241991994581
149.472 7.760451141811027
149.971 7.521585877703524
150.471 4.144602546541656
150.973 2.2390764074002765
151.477 2.267049110089036
151.983 2.636619861727378
152.49 3.0644963541843717
152.999 3.5691965949031683
153.51 4.153114266782172
154.022 4.84238918880146
154.536 5.640659056435346
155.052 6.417823353579036
155.57 6.595559294010998
156.089 6.8486368938580595
156.61 7.592068172606064
157.133 8.470158169213946
157.657 9.444465374058236
158.183 10.547869579732101
158.711 11.772898587420773
159.241 13.121359648186079
159.773 14.562969955576929
160.306 14.905560070757568
160.841 14.363156530996909
161.378 13.840802738282433
161.916 13.39413451936553
162.457 13.672309349340459
162.999 14.357043219275457
163.543 16.240555812752003
164.089 18.609291089626858
164.637 21.302786308701457
165.186 21.68969912798703
165.738 17.77664539040825
166.291 15.69350685389686
166.846 14.866547484783752
167.403 12.617102291666189
167.962 10.15592673776795
168.522 7.725505988298483
169.085 6.306378604418802
169.649 6.765588626513717
170.215 8.335011499705846
170.783 12.098910876463293
171.353 15.898876267315266
171.925 19.562763374188318
172.499 20.95398316161822
173.075 21.363373317622855
173.653 20.674284492967452
174.232 19.905662813741195
174.814 19.127852460537273
175.397 18.03527562689186
175.983 16.644749335324377
176.57 14.172139300849885
177.159 12.835046095639536
177.751 13.789832079930829
178.344 16.01413040675479
178.939 19.55923496054002
179.537 23.10762538760036
180.136 25.76577690886571
180.737 25.0188664700409
181.34 26.253739435949512
181.946 28.565768094807755
182.553 23.76796188863234
183.162 19.347961116463782
183.774 17.226442264759005
184.387 14.364962466894573
185.002 12.198631365176112
185.62 14.742565204194726
186.24 16.932868302161026
186.861 16.511131091271572
187.485 17.262725488151393
188.111 20.070663646631136
188.739 29.34677978859564
189.368 35.12234577945941
190.001 36.39168337020687
190.635 38.0362102315776
191.271 39.63116603180464
191.909 40.73218054679425
192.55 38.08858807088232
193.193 35.87877906269777
193.838 35.973293736189845
194.485 31.1759704954207
195.134 27.247616314110015
195.785 28.826300384483904
196.438 26.0858815135655
197.094 24.30373653648274
197.752 34.11428394800364
198.412 44.91646578917888
199.074 53.75972577746697
199.739 54.05696009865077
200.405 54.07203682186738
201.074 54.54713422677888
201.745 55.10316056002098
202.419 52.2086402934536
203.094 49.285052957764655
203.772 53.02298666178875
204.453 54.94591561682739
205.135 54.917804308613974
205.82 53.431532441559526
206.507 54.18681195406231
207.196 55.31323344831543
207.887 55.188037374758956
208.581 57.89261269862792
209.278 41.09260754129505
209.976 18.096840713082134
210.677 47.951029716064554
211.38 74.99882022971809
212.086 66.88324954306478
212.794 61.17060744178171
213.504 58.36263014952432
214.216 60.320511708955216
214.931 69.60648143897917
215.649 73.27663205415529
216.369 75.78321785704476
217.091 77.2163899451911
217.815 73.51092957950274
218.542 78.28845650539066
219.272 84.97969135489303
220.004 86.7921975580972
220.738 82.76899128977979
221.475 81.97598104766453
222.214 83.14118091825236
222.956 83.58647376345098
223.7 85.72890177524906
224.447 78.13040115273722
225.196 76.31096321538158
225.947 99.96691122818217
226.702 85.74482899113086
227.458 94.10232789722463
228.188 120.03058508056937
228.889 126.26948154504856
229.593 116.74653999135886
230.298 108.12859113764391
231.006 105.2104823317094
231.717 102.8562129070455
232.429 101.03008923544189
233.143 102.79200754219886
233.86 114.72067892146906
234.579 130.27674801408702
235.3 151.54109259322448
236.024 178.35676795835874
236.774 197.98137719086435
237.552 224.951376532722
238.332 315.1906513737531
239.114 477.86977151831246
239.9 447.1260219158884
240.688 326.0893163678726
241.478 409.1566759211656
242.271 605.0315316138251
243.067 577.8645414416528
243.865 587.6750891117077
244.666 620.9400577676884
245.47 658.550442387796
246.276 695.1173361649761
247.085 733.3122600733935
247.896 779.9096746898264
248.71 835.3132241288387
249.527 901.976056994087
250.352 975.1871746598001
251.187 1053.5072964561937
252.024 1150.6544546043015
252.863 1248.113149898696
253.706 1362.2100522630142
254.551 1350.9811015306598
255.399 1138.31388046686
256.25 872.2202697673617
257.104 866.0977548866238
257.961 1605.4197550451404
258.82 2266.325140815389
259.683 1951.6727221969707
260.548 1520.2088265523366
261.416 1486.238746961012
262.287 1645.8925116192056
263.161 1603.3544585238117
264.038 1548.1482583441948
264.918 1492.3700195924666
265.801 1447.9559739231768
266.686 1404.740057455204
267.575 1360.8781535526698
268.466 1325.4732531556924
269.361 1396.2224818842399
270.258 1566.6649632569884
271.159 1546.168502105139
272.062 1416.4269105995263
272.969 1723.5499238873515
273.878 1838.0508154392003
274.791 1899.3991420689636
275.707 1963.8583087090137
276.625 2026.9942327223225
277.547 1639.7591790947936
278.472 1329.5210147574323
279.4 1306.7736456349455
280.331 1298.0836074978097
281.265 1355.3399938632558
282.202 1493.4428896067739
283.142 1488.4848250447155
284.086 1479.246036467392
285.032 1478.6149286143689
285.982 1482.2315109576168
286.935 1547.8589698984292
287.891 1538.4830811344243
288.85 1511.4216114343342
289.813 1211.8520400304412
290.778 988.0722766850895
291.747 822.8601960666834
292.719 698.8125548143892
293.694 780.865671184419
294.673 793.2524628660998
295.655 742.194037642938
296.64 909.3485595539033
297.628 1048.9170680695881
298.62 1105.054949643927
299.615 1270.7037733330255
300.613 1164.2576816718074
301.615 940.4414171017067
302.62 783.4626278122555
303.628 664.3067408838604
304.64 1139.260243237141
305.655 1771.4399657104777
306.674 1923.8175366456162
307.695 1619.3953811395356
308.721 1382.5372615640842
309.749 1370.0748809308673
310.781 1496.5843586933934
311.817 1285.1172208215462
312.856 1204.450521751163
313.898 1435.880795478964
314.944 1530.2365463472793
315.994 1571.462080469946
317.047 1612.3992924053614
318.103 1674.5180675356803
319.163 1737.732367292375
320.226 1939.1293398518926
321.293 2132.3350429489733
322.364 1827.1557449954382
323.438 1833.90779487039
324.516 2185.5626321337677
325.597 2852.472812027939
326.682 2469.7060397705995
327.77 2218.18489506903
328.862 2879.7757187874818
329.958 2862.818421732519
331.058 2440.007772468532
332.161 2116.903065214898
333.268 2021.3197885035872
334.378 2075.8796362186663
335.492 2114.0594801948237
336.61 2133.8468886094956
337.732 2201.862429876632
338.857 2298.917672818375
339.986 2434.0404674670067
341.119 2654.7523141662928
342.255 2762.0970600522405
343.396 2666.979503309146
344.54 2430.8916963809907
345.688 2127.198319328225
346.84 1941.5214713171101
347.995 1920.3594525223023
349.155 1965.6708446711052
350.318 2098.3878546022424
351.486 2323.8713666638437
352.657 2281.5751367868943
353.832 2068.5873135400893
355.011 1917.4453524348194
356.194 1937.0967681149748
357.381 2114.2431023838985
358.571 2318.7653797614153
359.766 2345.6377904503747
360.965 2246.629848494782
362.168 2092.3587386062363
363.374 1965.9410485082851
364.585 1858.3966479400035
365.8 1758.2126376479853
367.019 1675.951719290072
368.242 1693.566974382796
369.469 1992.9209683775462
370.7 2213.948178574051
371.935 2291.8442497686856
373.174 2186.1991096101547
374.418 1991.9834720488286
375.665 1827.6062447513787
376.917 1756.1802397674696
378.173 1801.9421812329247
379.433 1880.1640287141643
380.697 1833.5600743208322
381.966 1696.570129591047
383.238 1568.1121041902802
384.515 1391.0101980619374
385.796 1228.9763025651175
387.082 1117.7781293075234
388.372 1191.9369009830987
389.666 1306.9017803763898
390.964 1409.8621081601318
392.267 1393.9872543796728
393.574 1352.1762832670056
394.885 1368.069189516697
396.201 1432.4708221373737
397.521 1524.653957946379
398.846 1688.9757030909511
400.174 1896.077616979343
401.508 1799.8753004069888
402.846 1469.9907277315426
404.188 1727.5988296958467
405.535 1963.029275636651
406.886 1836.6270764241103
408.242 1771.9784358443526
409.602 1830.9986338327403
410.967 1875.9554233465067
412.336 1893.3869926514433
413.71 1956.6637651533601
415.089 2110.5715133050007
416.472 2064.911619755265
417.859 1652.3995858620242
419.252 1414.7946088683875
420.649 1508.083749087005
422.05 1576.4689816842886
423.456 1562.019182880066
424.867 1656.7168726566356
426.283 1742.1849276502858
427.703 1669.1116738341225
429.128 1595.9350748280642
430.558 1770.2040389088352
431.993 1887.4029769067683
433.432 1953.1635484145775
434.877 1853.013435593952
436.326 1768.602973365339
437.779 1823.4591946296935
439.238 1905.6903836743008
440.702 1991.7819570366566
442.17 2040.8797623811206
443.643 2039.0513769011197
445.122 2097.4800469210722
446.605 2016.2439632896264
448.093 1788.0192208457556
449.586 1911.736752870286
451.084 2017.3107128540546
452.587 1900.1382543084856
454.095 1842.803238487421
455.608 1952.3127510327888
457.126 1995.4490688946632
458.649 1960.1073113527805
460.177 1923.9185641502443
461.711 1961.3707593193396
463.249 2036.9914584693554
464.793 1956.7609522309594
466.341 1742.6347166679063
467.895 1957.3410562590914
469.454 1965.3878465050561
471.018 1918.4729359578514
472.588 1948.225551190653
474.163 1936.6105224410546
475.742 1926.5942086435687
477.328 1928.3681674293177
478.918 1923.4938112847342
480.514 1909.491433469278
482.115 1896.5738807919795
483.721 1883.218157265462
485.333 1859.8770343155052
486.95 1851.697537820924
488.573 1784.643818034725
490.201 1792.150527069773
491.834 1807.0276137525784
493.473 1836.6114116603192
495.117 1826.572252294218
496.767 1744.8964296693455
498.422 1656.4046391715083
500.083 1789.413004375397
501.749 1768.4026124657219
503.421 1759.6223944208548
505.098 1759.0917469857307
506.78 1720.0459527710104
508.468 1745.9939164880334
510.161 1760.2789581937727
511.86 1698.6867941913983
513.565 1606.1390954893347
515.276 1605.5391405942657
516.992 1712.9606826766258
518.713 1688.4695828384336
520.441 1683.3320566332388
522.174 1665.134270329065
523.913 1654.486459922834
525.658 1623.939085593012
527.409 1615.310506098573
529.165 1614.0983704164591
530.928 1622.9792839074673
532.696 1624.0026047386173
534.47 1598.5336133830008
536.25 1567.3028979613073
538.036 1541.2480865889033
539.828 1506.7645711148539
541.626 1488.2535550253829
543.43 1481.0690230153707
545.24 1514.621834840673
547.056 1498.4480659088874
548.878 1487.2530122475919
550.706 1463.71533993488
552.54 1435.0208621480394
554.38 1452.695139622672
556.226 1486.8990123537262
558.079 1467.1030812668175
559.937 1444.8117805303498
561.802 1442.1861345665513
563.673 1441.7259943364825
565.551 1425.2946595341145
567.434 1417.9859561003673
569.324 1421.8465518432326
571.22 1400.902125403328
573.123 1399.655015380617
575.031 1381.8623697070018
576.946 1374.3165342532536
578.868 1369.3320947226148
580.796 1355.1279954579377
582.73 1361.93110988183
584.671 1336.9693445638206
586.618 1331.700376273315
588.572 1338.467694250066
590.532 1338.1553740932245
592.499 1329.184878922602
594.472 1307.9522145330543
596.452 1304.4281202924428
598.438 1286.2423369664168
600.432 1297.406443790831
602.431 1291.0770943747598
604.438 1272.6673361415635
606.451 1222.5956205804118
608.47 1222.5472058285238
610.497 1258.038972354982
612.53 1225.9910323881381
614.57 1241.367458669755
616.617 1219.8427352564745
618.671 1241.8117459347316
620.731 1230.2251499680738
622.798 1206.9530980492348
624.873 1189.2842383017362
626.954 1179.1124567769375
629.042 1191.095370301183
631.137 1199.8941391754397
633.239 1176.2681751819298
635.348 1176.202403435441
637.464 1166.5590561460644
639.587 1156.2041870605801
641.717 1134.5032899398398
643.854 1150.8145392741792
645.998 1128.872734168309
648.15 1120.6090790196943
650.309 1116.5136548982528
652.474 1126.2657826751124
654.647 1101.6638816575755
656.828 1105.0609630524898
659.015 1095.4722481668066
661.21 1091.097913369238
663.412 1094.461478543089
665.622 1078.3694181503442
667.839 1065.6595448354951
670.063 1065.3984330337232
672.294 1067.3046504723845
674.533 1062.3155991347096
676.78 1059.5093240904093
679.034 1042.3434852293103
681.295 1031.366510422169
683.564 1001.8965697298534
685.841 977.5889063951876
688.125 913.3811633764366
690.417 946.0281620390313
692.716 992.8847908110422
695.023 994.1510293551344
697.338 997.1462358518544
699.661 968.0397302776905
701.991 952.3190238106836
704.329 1001.7926291246224
706.675 979.139513254384
709.028 972.7942338787161
711.39 968.5357702081799
713.759 951.6528898870845
716.136 919.8860793318642
718.521 861.1642060746015
720.914 940.5162532784498
723.315 935.0339216970074
725.724 928.5694002656663
728.141 927.8317971136222
730.566 923.7504675716482
732.999 917.356943813127
735.44 908.67438224804
737.89 909.6237130753134
740.347 906.2754971354731
742.813 898.3417132265461
745.287 892.7416333839902
747.769 867.5992112664942
750.259 814.6570523618249
752.758 798.9924237436848
755.265 842.1960425988345
757.781 852.91770706268
760.304 827.3114509132987
762.837 673.6553369284659
765.377 440.07149631816316
767.926 555.8065307429696
770.484 821.7619576172435
773.05 932.9292479600116
775.624 881.0932227606355
778.208 818.9335947848699
780.799 759.989914844507
783.4 749.372051662769
786.009 776.3628670847053
788.627 792.0323225481982
791.253 846.736455753353
793.888 814.1259635813423
796.532 810.8111672210161
799.185 797.4382338636788
801.847 777.7574646792588
804.517 797.6100018661019
807.197 793.148920140918
809.885 791.7210635393134
812.583 792.3939724825578
815.289 778.0969950161226
818.004 780.5831704334933
820.728 772.6433420162496
823.462 774.8170084600202
826.204 760.1423143940679
828.956 723.4891426912158
831.717 690.0035378015752
834.487 714.6020483019157
837.266 755.3426887782416
840.054 749.0614907357999
842.852 749.4685462838578
845.659 750.7301563590922
848.476 733.5776250167763
851.302 725.6989668289051
854.137 717.2937859245679
856.981 721.4591387512146
859.836 728.9915052460017
862.699 714.9810040417718
865.573 709.5075047495417
868.455 722.8799702439958
871.348 717.9607448318766
874.25 719.2042427358278
877.161 716.261344137534
880.083 712.4976122344009
883.014 717.0378274328202
885.955 715.7587290622125
888.905 715.3039953088595
891.866 714.2965184982463
894.836 711.3806177223345
897.816 707.3894979147851
900.806 703.1462227340307
903.806 699.4629992489718
906.817 700.6369594121502
909.837 733.6960347736324
911.553 1423.425285440419
913.273 2351.1719085744667
916.322 2396.5822659904898
919.38 1951.1586957642144
922.449 1687.6696824426035
925.528 2570.9119227122183
928.618 2542.1335419119505
931.718 3787.8172195991883
934.828 5197.118159351135
937.948 4217.713316876673
941.079 9957.17744985299
944.22 12917.802134021767
947.372 7455.606553380059
950.534 5650.0803945810385
953.707 14193.286898367005
956.891 23553.826359111612
960.085 26419.74511866397
963.29 23020.10731467157
966.505 18550.144045381607
969.731 10382.295321709986
972.968 3928.0355369086838
976.216 7055.434098652451
979.475 15239.23040331509
982.744 23765.59572578745
986.025 26095.733107510525
989.316 24825.580151412953
992.618 25504.697436047998
995.932 27207.54404146117
999.256 31656.8851138242
1002.59 33862.64170146961
1005.94 32295.13585616852
1009.3 25542.281254345064
1012.67 32273.184644419012
1016.05 29381.320209216177
1019.44 21266.509027970525
1022.84 9049.176215770101
1026.25 2626.117033302634
1029.68 12897.352669202573
1033.12 20859.788792085285
1036.57 15039.835962549378
1040.03 32080.80069935244
1043.5 37957.58211217616
1046.98 36363.81889311873
1050.48 35592.56896583822
1053.98 38158.672216288185
1057.5 37339.75305187925
1061.03 36663.84368041752
1064.57 32166.058915375106
1068.13 30117.96686803198
1071.69 30859.968605924347
1075.27 31029.411358400695
1078.86 38499.4499979733
1082.46 30755.710421014544
1086.07 26296.869200532903
1089.7 31580.93847289328
1093.33 35803.76850870318
1096.98 33928.19790047476
1100.65 34967.35073136367
1104.32 35425.37000804272
1108.01 27052.859162162447
1111.7 22860.466155374565
1115.42 34657.3863628466
1119.14 33692.25196100299
1122.87 30691.46729949969
1126.62 24917.406406639933
1130.38 29322.430160033946
1134.16 31396.663481791205
1137.94 32942.72133204611
1141.74 31444.56290449031
1145.55 28699.928265526112
1149.38 28498.194455167053
1153.21 26521.25708997947
1157.06 23292.24591142057
1160.92 31744.401240207968
1164.8 31868.98700850617
1168.69 31742.041474787395
1172.59 31158.07338914632
1176.5 15471.288290331526
1180.43 29236.21656452871
1184.37 29777.337509195997
1188.32 29432.063610561134
1192.29 25467.85793866164
1196.27 27727.752280536908
1200.26 22108.461980329517
1204.27 18083.55969079118
1208.29 11840.65823956497
1212.32 7242.5282779576
1216.37 2704.9000255606547
1220.43 10731.64702103703
1224.5 17820.653114119035
1228.59 19516.21926157646
1232.69 23723.03660296302
1236.81 27390.769070803366
1240.94 27928.541925716676
1245.08 28638.817656042767
1249.23 27547.968471708013
1253.4 28215.209582831714
1257.59 27539.385014957294
1261.79 26751.859669807804
1266.0 23734.60294572175
1270.22 25307.044712264254
1274.46 26409.358118271244
1278.72 26779.139561077383
1282.99 27165.2637573235
1287.27 26923.368692891818
1291.57 27079.221280845795
1295.88 26349.2475184323
1300.2 19640.000235827894
1304.54 23930.817693241712
1308.9 26236.213465425695
1313.27 26427.48562746142
1317.65 26154.53867611977
1322.05 23208.000721674707
1326.46 24307.610331082065
1330.89 24831.45123860301
1335.33 22776.28119967671
1339.79 25758.743623453393
1344.26 25146.92711636454
1348.75 23996.308345846628
1353.25 24583.36352188635
1357.77 22956.708191272548
1362.3 22934.080987947036
1366.85 23268.14186316746
1371.41 22532.753808954563
1375.99 21731.022486538062
1380.58 22913.074498616174
1385.19 21357.79540629686
1389.81 21550.031201336093
1394.45 19117.107575175753
1399.11 21215.031758906138
1403.78 21022.83532307928
1408.46 21195.41229326647
1413.16 21004.106459426504
1417.88 21175.00614505108
1422.61 20881.726334372644
1427.36 21017.28232303436
1432.13 20828.06783059875
1436.91 20724.834227305804
1441.7 21146.577251425686
1446.52 20705.17439366819
1451.34 20585.99639981865
1456.19 20567.679261585996
1461.05 20382.410971259018
1465.93 19865.342757439277
1470.82 18439.546218190677
1475.73 18907.063684737554
1480.66 18827.638671362125
1485.6 18584.441098151117
1490.56 18964.39280307959
1495.53 19178.611471729946
1500.53 18350.767293154542
1505.53 17577.02186438941
1510.56 17195.57078217357
1515.6 17251.035045586596
1520.66 17963.496310384202
1525.74 16560.90980566655
1530.83 17350.255869592973
1535.94 16720.87842276108
1541.07 16522.779275183682
1546.21 16625.59136274785
1551.37 15405.341762633267
1556.55 16092.085689408848
1561.75 15960.421257023097
1566.96 16016.308784223433
1572.19 15544.174413640674
1577.44 15413.586905400103
1582.7 15259.112970610362
1587.99 15338.83074670748
1593.29 15889.399770019956
1598.61 15485.615993760139
1603.94 14815.269398356313
1609.3 14923.541420942118
1614.67 15482.641497749963
1620.06 15039.706382705348
1625.47 15409.780543380894
1630.89 15029.56325711596
1636.33 15501.274799247401
1641.8 15137.665397210201
1647.28 15501.87479154936
1652.78 14963.316937188367
1658.29 13047.192381347417
1663.83 14597.152323303324
1669.38 14190.678185783649
1674.95 14619.645245565025
1680.55 14803.135084037018
1686.16 14263.53410803028
1691.78 14234.892936928354
1697.43 13533.741968402588
1703.1 13176.493449146763
1708.78 13617.98063458011
1714.49 12956.65915887051
1720.21 12197.572933646083
1725.95 12494.741311557325
1731.71 13315.12971953218
1737.49 13362.077360337411
1743.29 12867.12488840432
1749.11 12118.743566709887
1754.95 12619.032813210364
1760.81 12078.3874735776
1766.69 12332.23954138223
1772.58 12188.066069133294
1778.5 12050.129815473429
1784.44 12164.465345680914
1790.39 11829.792854367392
1796.37 12085.036770309414
1802.37 12533.3103929315
1808.38 11983.197180315417
1814.42 11104.519382173721
1820.48 11560.577396438282
1826.55 11687.734352340694
1832.65 11088.548459012058
1838.77 11599.449353751112
1844.9 10619.64269330651
1851.06 10978.265606413863
1857.24 9925.304230359421
1863.44 11083.33357425773
1869.66 11056.89740845169
1875.9 10935.607603008799
1882.16 9971.421012365037
1888.45 10104.813907385562
1894.75 9341.361433961065
1901.07 10044.149153672204
1907.42 10760.012031445454
1913.79 9722.507853420453
1920.18 9580.918249479046
1926.59 9174.320930067646
1933.02 9835.23498774975
1939.47 9323.403586296972
1945.94 10347.732843373533
1952.44 9237.733954678171
1958.96 9401.21252978909
1965.49 9496.5496563251
1972.06 10099.368529449384
1978.64 9606.006152080357
1985.24 9222.706063481159
1991.87 8851.608614643204
1998.52 9262.713808756771
2005.19 9100.539572119638
2011.88 9270.30420015468
2018.6 9391.681749764624
2025.34 9178.590050737377
2032.1 8952.421055577755
2038.88 8673.836031151664
2045.69 8897.716992102927
2052.51 8853.89261634223
2059.37 8876.509537314272
2066.24 8345.331980536608
2073.14 8868.13857053326
2080.06 8573.640888657348
2087.0 8435.277945987917
2093.97 8195.214857859646
2100.96 8173.7533623113795
2107.97 8273.843861064182
2115.01 8305.115194318161
2122.07 8253.348613770317
2129.15 8303.79864449511
2136.26 7985.02882012948
2143.39 7930.019094258649
2150.54 8071.502947285737
2157.72 8090.988346608716
2164.92 7762.1554872084325
2172.15 7932.814926821171
2179.4 7583.006346290746
2186.68 7771.912060662363
2193.97 7700.509686923926
2201.3 7547.452255451499
2208.65 7479.268850295175
2216.02 7378.452718597928
2223.42 7188.257543223028
2230.84 7323.969439896194
2238.28 7397.6940026924085
2245.76 7171.052858919236
2253.25 7112.578229740425
2260.77 7087.840839416987
2268.32 6957.801691461332
2275.89 6885.362867984625
2283.49 7025.863755742178
2291.11 6964.173264828127
2298.76 6665.13989454056
2306.43 6761.410789387732
2314.13 6652.489632384598
2321.86 6492.7350740152915
2329.61 6234.527036584847
2337.38 6479.884206391509
2345.18 5852.018656900078
2353.01 6083.385038391493
2360.87 6171.604874788516
2368.75 6302.431308040494
2376.65 5964.380542383167
2384.59 5886.221196484234
2392.55 6081.730834327809
2400.53 5772.966804685548
2408.55 5920.827333142521
2416.59 5815.3418388561695
2424.65 5828.199412964876
2432.75 5636.354868202475
2440.87 5663.568539405053
2449.01 5578.01891838265
2457.19 5830.42444310571
2465.39 5527.108752949475
2473.62 5556.046929948775
2481.88 5354.772165842018
2490.16 5294.851171291627
2498.47 5523.238191548792
2506.81 5384.218860559426
2515.18 5308.119491967474
2523.58 5119.385862390604
2532.0 5229.511338974162
2540.45 5161.23432607902
2548.93 5042.6366398830805
2557.44 5198.471857102308
2565.98 5141.249533357692
2574.54 5133.628956607345
2583.14 5093.877224901083
2591.76 5108.9308849131785
2600.41 4937.180691004094
2609.09 4836.624069558972
2617.8 4928.606861935437
2626.54 4859.2773116129865
2635.31 4736.674486929004
2644.1 4902.6440316256385
2652.93 4899.196943340206
2661.79 4753.69317508887
2670.67 4768.02401286476
2679.59 4668.413533459016
2688.53 4675.569274275611
2697.5 4570.510123898067
2706.51 4585.933824285383
2715.54 4515.897057344225
2724.61 4432.8318588445245
2733.7 4536.7523533054655
2742.83 4335.805327618638
2751.98 4133.502809021758
2761.17 4386.504081168696
2770.39 4340.212336523462
2779.63 4299.461441258412
2788.91 4246.676190366423
2798.22 4031.204678921154
2807.56 4166.343727664804
2816.93 4198.373748242849
2826.34 4106.731113591921
2835.77 4122.317081829974
2845.24 4046.020339889936
2854.73 4000.9588757659167
2864.26 4024.262001938254
2873.82 3962.500041248599
2883.42 3987.3709491039185
2893.04 3910.0406692928777
2902.7 3935.6792961894466
2912.39 3916.722541147309
2922.11 3876.150393959943
2931.86 3814.1790847093425
2941.65 3732.6688340505116
2951.47 3743.3876005627912
2961.32 3751.5264281738614
2971.21 3718.517439505474
2981.12 3684.0664707621827
2991.08 3679.953011506634
3001.06 3643.3343567410006
3011.08 3617.4404721446635
3021.13 3588.453480172675
3031.21 3570.8881044589384
3041.33 3543.769160227085
3051.48 3518.3940619953746
3061.67 3470.0398400675463
3071.89 3428.3246910053836
3082.14 3433.541153018295
3092.43 3376.372223332241
3102.75 3361.211810951565
3113.11 3371.9627228650265
3123.5 3313.1148431286206
3133.93 3286.523623640234
3144.39 3277.917772520727
3154.89 3241.496892385701
3165.42 3211.451273439848
3175.98 3206.916851819888
3186.58 3148.795310879677
3197.22 3127.636727803771
3207.89 3139.28239006045
3218.6 3090.9477737393568
3229.34 3058.7657593115778
3240.12 3033.534370485613
3250.94 3036.1919113467616
3261.79 3019.362705008234
3272.68 2981.7414159391087
3283.6 2974.796364859021
3294.56 2971.5628182081723
3305.56 2936.587840730261
3316.6 2908.4282885960206
3327.67 2878.2308150174717
3338.77 2856.973960490618
3349.92 2827.078862874006
3361.1 2811.144378213697
3372.32 2768.522896538886
3383.58 2770.1220479385956
3394.87 2751.5701802200842
3406.2 2742.417667114015
3417.57 2717.593466052958
3428.98 2709.2618981191135
3440.43 2652.7481837860846
3451.91 2671.481567498604
3463.43 2640.765405108266
3475.0 2616.53207800546
3486.6 2607.1272900347335
3498.23 2587.304614989059
3509.91 2576.610151938815
3521.63 2557.6466902779416
3533.38 2537.4069491839855
3545.18 2537.9048362418907
3557.01 2501.3514272828406
3568.88 2469.796503330945
3580.8 2443.1845902293458
3592.75 2426.911931274594
3604.74 2442.5205419176586
3616.77 2400.004549624353
3628.85 2397.3920520318648
3640.96 2390.0880838157254
3653.12 2376.791185775102
3665.31 2380.8640267776555
3677.55 2359.012530537213
3689.83 2353.8055623735
3702.14 2320.944598563408
3714.5 2462.9277395740996
3726.91 2606.5518586995486
3739.35 2818.9905148188886
3751.83 2708.202175126331
3764.36 3348.392216430521
3776.92 3143.531034197512
3789.53 3733.554408615944
3802.19 2794.209883551218
3814.88 3966.3942185683854
3827.62 3499.5055134042605
3840.39 2765.781057524297
3853.21 3969.9801899287486
3866.08 4049.5009745826023
3878.99 3660.652549347552
3891.94 2563.079873412763
3904.93 3804.9732705935
3917.97 3984.663848473735
3931.05 3699.0344211178995
3944.17 3861.728932454953
3957.34 3672.611495659687
3970.55 2315.771205422808
3983.81 3575.355235767601
3997.11 3834.9892469498386
4010.45 3843.5181902432732
4023.84 3713.74555914851
4037.27 3784.155053926141
4050.75 3723.9962242766464
4064.27 3721.809833811342
4077.84 3593.9910486746485
4091.46 3331.064610204665
4105.12 2372.3481418435117
4118.82 3387.101292539823
4132.57 3484.424821931881
4146.37 3490.4743993872103
4160.21 3507.002890193747
4174.1 3413.5295908270205
4188.04 3444.0977408787257
4202.02 3406.5201567783038
4216.05 3413.6959005394674
4230.12 3345.837555754948
4244.25 3323.205543658529
4258.41 3308.1460914368554
4272.63 3245.1901729270753
4286.9 3215.612949832207
4301.21 3106.2495972859333
4315.57 3056.352814569408
4329.98 2820.872120061323
4344.43 2129.950405209526
4358.93 2934.7463183970417
4373.49 3051.0093995653674
4388.09 2946.925560501501
4402.74 2990.8543001100375
4417.44 2989.1833925926608
4432.18 3011.709141364492
4446.98 2968.230206231371
4461.83 2940.312523917105
4476.72 2856.983418220605
4491.67 2921.864819066583
4506.67 2945.6934217852126
4521.71 2875.4839364230074
4536.81 2815.9171396230668
4551.95 2786.72644861216
4567.15 2785.996265483299
4582.4 2762.3539804005645
4597.7 2755.813926084107
4613.05 2761.9764744234594
4628.45 2738.032094889383
4643.9 2718.418875710795
4659.4 2685.8205226830046
4674.96 2659.664769211173
4690.57 2667.972579748131
4706.23 2616.0808816776794
4721.94 2605.8275714804367
4737.7 2571.4193303043276
4753.52 2576.201712344419
4769.39 2531.833012039802
4785.31 2521.8809574282336
4801.29 2502.819860928963
4817.32 2476.265091640225
4833.4 2415.0433193412277
4849.54 2221.928780552294
4865.73 1742.8565910906473
4881.97 2283.1059319880865
4898.27 2352.6865036100075
4914.62 2324.5126363887966
4931.03 2316.776878877052
4947.49 2323.365217601521
4964.01 2299.9106384047363
4980.58 2270.2227721717804
4997.21 2256.811019552286
5013.89 2196.7675275203233
5030.63 2218.0620468921843
5047.43 2183.6197081406744
5064.28 2204.2871638663287
5081.18 2157.5957837052797
5098.15 2148.978680373466
5115.17 2123.7094988551517
5132.25 2090.0293761531807
5149.38 2071.2356099016583
5166.57 2015.2494236975165
5183.82 2045.2419687479066
5201.13 2008.8926136245266
5218.49 2014.8287346752481
5235.91 1996.9458077779307
5253.39 1997.729449088012
5270.93 1938.3316197109887
5288.53 1982.1495013501142
5306.18 1957.6300839123764
5323.9 1919.0462413424825
5341.67 1932.7522284554345
5359.51 1930.4143943902288
5377.4 1899.0464464268052
5395.35 1876.4546771194018
5413.36 1864.3547151779765
5431.44 1843.3302231154405
5449.57 1846.148730948595
5467.76 1836.8845758186976
5486.02 1803.2067668325078
5504.33 1799.8670422706666
5522.71 1780.1866015292696
5541.15 1788.787540501419
5559.65 1769.674571426857
5578.21 1752.8556992631266
5596.83 1713.905211702412
5615.52 1731.654421004896
5634.26 1713.7741439857307
5653.07 1695.5599738037565
5671.95 1689.056020917508
5690.88 1671.8660969355453
5709.88 1642.8097339813944
5728.95 1664.162023896093
5748.07 1640.381149941301
5767.26 1635.768735900728
5786.52 1611.778631702739
5805.83 1608.9384390730968
5825.22 1603.5828788824724
5844.66 1586.5648526989396
5864.18 1562.1518945218845
5883.76 1536.227143038435
5903.4 1541.0317603985354
5923.11 1528.9036581392068
5942.88 1523.4070997440713
5962.72 1514.2478547690216
5982.63 1499.424314954368
6002.6 1484.684271842628
6022.64 1469.619929020463
6042.75 1474.4159279349124
6062.92 1454.6266927611587
6083.16 1440.1643535370754
6103.47 1425.3819791062845
6123.85 1413.4694413818372
6144.29 1394.080236797573
6164.81 1378.7580305051506
6185.39 1379.6909745242651
6206.04 1375.1001857726737
6226.76 1349.7648520767639
6247.55 1330.8289185143465
6268.4 1331.460454199576
6289.33 1332.8464455852495
6310.33 1312.177769940735
6331.39 1308.9687464982776
6352.53 1298.469782236338
6373.74 1291.8528957796489
6395.02 1280.689218569592
6416.37 1267.6851629438286
6437.79 1265.361538218433
6459.28 1244.5377108960977
6480.85 1246.4168946016143
6502.48 1222.0163696235697
6524.19 1220.940637262378
6545.97 1175.5208097289194
6567.83 1006.357659651494
6589.76 1172.890881873604
6611.76 1187.4323174811127
6633.83 1180.9082789266276
6655.98 1173.6805268776343
6678.2 1159.5494575691987
6700.49 1159.6960469325675
6722.86 1146.7675549787498
6745.31 1138.6118925680203
6767.83 1131.2193965745723
6790.42 1126.019410019381
6813.09 1113.3231296426504
6835.84 1106.0500340848148
6858.66 1099.1695768989143
6881.56 1093.0308939915387
6904.53 1087.2751525524825
6927.58 1073.095519652906
6950.71 1061.4540014556871
6973.91 1051.6278003370262
6997.2 1043.9447340996321
7020.56 1031.0912704011423
7044.0 1030.7763747916351
7067.51 1020.1005148519066
7091.11 1013.609989834619
7114.78 1000.9821766662726
7138.53 994.235277369845
7162.37 988.8828118010849
7186.28 974.3927109494776
7210.27 971.15071291949
7234.34 969.6051967437753
7258.49 959.9949008633789
7282.73 948.7621137615889
7307.04 943.93673780157
7331.44 938.7991623449639
7355.91 931.3658309498139
7380.47 924.6314464484606
7405.11 914.6381967665831
7429.83 910.9385455643602
7454.64 902.9992205502067
7479.52 903.5824073543447
7504.49 889.2008691156234
7529.55 888.8327620296654
7554.69 885.8749628827215
7579.91 873.9180013472582
7605.21 873.5763365723049
7630.6 863.9573947463866
7656.08 851.206555535182
7681.64 854.0893344535103
7707.28 839.2229493445661
7733.01 839.5845691862665
7758.83 833.0184228494046
7784.73 823.98093409524
7810.72 822.4881884915499
7836.8 815.3939721238942
7862.96 809.5793269203746
7889.21 795.1378303169458
7915.55 784.7888373477513
7941.98 774.8068116836232
7968.49 777.4324307404413
7995.1 771.4892836935528
8021.79 767.0981417183823
8048.57 761.2124419968426
8075.44 751.1290509787414
8102.4 743.8134623437302
8129.45 740.4384444694571
8156.59 736.4796445846702
8183.82 728.3667325502439
8211.14 719.4086420684812
8238.56 722.0469869746637
8266.06 718.7596678597027
8293.66 712.2506923643107
8321.35 699.622227168515
8349.13 695.2495276288224
8377.0 687.4046099520224
8404.97 685.6974315001521
8433.03 677.3423249442434
8461.18 676.5301003753501
8489.43 668.5329547468436
8517.77 671.7490602657779
8546.21 617.0027477007791
8574.74 686.3431920418991
8603.37 651.4579559677492
8632.09 688.2818112540965
8660.91 608.26831466441
8689.83 669.6750636565793
8718.84 680.0349280338922
8747.94 623.1271878522734
8777.15 665.7915239859814
8806.45 665.2380748833841
8835.85 657.5039879444955
8865.35 604.1453239837649
8894.95 652.8611909280546
8924.65 651.7816941595447
8954.44 648.7961962869114
8984.34 637.4070790205819
9014.33 576.5738820054171
9044.42 626.4313107397727
9074.62 624.8841052020641
9104.92 616.3756210417956
9135.31 614.3251536659255
9165.81 601.3711055048248
9196.41 589.8226235811412
9227.11 535.7880454286734
9257.92 572.4680738654525
9288.83 583.954133483748
9319.84 583.3196151325768
9350.95 575.9016236410114
9382.17 571.3856891579678
9413.49 561.1936592022041
9444.92 559.0679367670119
9476.45 556.9504377372979
9508.09 551.2493625099846
9539.83 511.06616219649567
9571.68 534.3369759777069
9603.64 542.7172417522017
9635.7 535.0898112230657
9667.87 532.804740934079
9700.14 531.0322295074457
9732.53 525.2553636713606
9765.02 523.5077434139845
9797.62 518.2807785684931
9830.33 519.28538509804
9863.15 514.5900812706255
9896.08 510.65962536474404
9929.12 507.4865381399674
9962.27 503.8392898912948
9995.53 498.7466977370048
10028.9 484.44112262261086
10062.4 460.2866257274559
10096.0 486.05297220159576
10129.7 484.4359465085156
10163.5 480.42516761043
10197.4 478.3497036245381
10231.5 473.89490574543515
10265.6 472.0831482329868
10299.9 467.4327192749671
10334.3 460.2126110183896
10368.8 458.6813504019119
10403.4 455.7492181636889
10438.1 453.2995056292466
10473.0 448.2957266495353
10508.0 446.33833478614787
10543.0 443.00593084149466
10578.2 437.6121817592861
10613.5 434.5481179298995
10649.0 431.72529625746694
10684.5 424.8123544043123
10720.2 422.9426388840818
10756.0 421.30817364552473
10791.9 417.19467157079094
10827.9 411.97839177947907
10864.1 408.3606752524661
10900.3 401.6344626108847
10936.7 373.3138675376579
10973.3 380.95925933437724
11009.9 382.79418553557326
11046.6 384.3926823247355
11083.5 383.11293405227804
11120.5 379.42571166726754
11157.7 379.4722385795523
11194.9 376.25050171901825
11232.3 374.56343032384257
11269.8 370.93650645565333
11307.4 367.3303909370277
11345.2 365.8915401092511
11383.0 362.1053466784706
11421.0 360.2598963610384
11459.2 359.27178493902625
11497.4 357.0174500151285
11535.8 356.04044725444345
11574.3 353.38108222533685
11613.0 345.4828113077466
11651.7 345.8005801002389
11690.6 343.81543912360974
11729.7 343.9169409636815
11768.8 337.59334015149676
11808.1 339.3614522615087
11847.5 332.6745727229052
11887.1 329.9249023953408
11926.8 331.89411508298224
11966.6 325.49109432011437
12006.5 323.59687525553653
12046.6 322.3172447928651
12086.8 319.630938548728
12127.2 318.56613464367416
12167.7 317.5057922245589
12208.3 314.45210321765205
12249.1 312.6082540902254
12289.9 309.58593225639555
12331.0 307.9606896388179
12372.1 306.14911109680503
12413.5 302.7703611225147
12454.9 301.1764841863624
12496.5 299.7835449625883
12538.2 296.6467668128128
12580.1 294.10774147911746
12622.1 292.1629515224958
12664.2 290.42135657022254
12706.5 289.07065050240993
12748.9 286.57880503713324
12791.5 280.85763879851055
12834.2 268.5210444483428
12877.0 279.7504335813178
12920.0 276.1765379529755
12963.1 276.19903252476604
13006.4 275.09200984806904
13049.8 272.68195863668114
13093.4 271.02885249679076
13137.1 266.7855057715791
13181.0 267.37725217682845
13225.0 265.9344178481031
13269.1 262.4772752610936
13313.4 258.6727527923033
13357.9 260.5498058477087
13402.5 257.6810053020356
13447.2 257.187191149702
13492.1 254.52360866652106
13537.2 253.31531315351978
13582.3 249.9602125080172
13627.7 248.2326281161377
13673.2 247.40658998466267
13718.8 245.51753917070496
13764.6 244.8778008811689
13810.6 243.35576524361403
13856.7 240.08195808520574
13903.0 239.10700618322662
13949.4 238.13681917010982
13995.9 234.90595692005112
14042.7 235.16517850987103
14089.6 230.57410404237282
14136.6 227.39211928195112
14183.8 226.29150933977422
14231.1 223.48279265601707
14278.7 222.90859337341035
14326.3 222.67869701894602
14374.2 222.44568059468608
14422.1 218.15550493290564
14470.3 219.61998085272413
14518.6 217.04147996091905
14567.1 214.8119925212132
14615.7 213.09646520197748
14664.5 211.8883781616101
14713.5 210.68544103369825
14762.6 209.8194948732235
14811.9 209.450455261188
14861.3 206.94896276305676
14910.9 208.2233909366343
14960.7 206.22607677756366
15010.7 203.91433114427656
15060.8 201.4546552995072
15111.0 203.20645205763182
15161.5 201.72528370369176
15212.1 199.93197240594196
15262.9 199.58612588067606
15313.9 198.92144265694373
15365.0 197.3074722356621
15416.3 195.85986927677817
15467.7 196.3127830361779
15519.4 195.03018078232452
15571.2 189.36913117481973
15623.2 192.17329172605503
15675.3 189.97863868352113
15727.7 187.32972104729126
15780.2 186.39736698189768
15832.9 187.31738006217725
15885.7 176.71521183107245
15938.8 186.07281268266408
15992.0 183.47116342834732
16045.4 183.77258375293562
16098.9 176.49592850810018
16152.7 181.04186909994297
16206.6 176.67746215516442
16260.7 179.6894375627604
16315.0 178.64291464757383
16369.5 175.5152451021332
16424.1 164.83383647178115
16478.9 172.72197942379614
16534.0 170.81877174440308
16589.2 170.2503780786271
16644.5 165.87488777321815
16700.1 165.4686816950318
16755.9 163.17094226921589
16811.8 156.24511829063255
16867.9 158.18353366182234
16924.2 158.95431879551688
16980.7 157.2763778341366
17037.4 155.60773921004144
17094.3 152.52159998405858
17151.4 152.58263658610807
17208.6 150.2329841999151
17266.1 148.885131100795
17323.7 144.1664721210436
17381.6 140.06601825663148
17439.6 143.06851942988672
17497.8 141.7563340332059
17556.2 140.1734024774875
17614.9 138.0447660201773
17673.7 137.70969375056183
17732.7 135.13338664037062
17791.9 133.5459632594931
17851.3 132.03590343405725
17910.9 130.88844907158543
17970.7 128.68855532817
18030.7 126.50185073211958
18090.9 125.62252018641797
18151.2 121.45629054032152
18211.8 121.74853783544792
18272.6 122.07755384225001
18333.7 120.91243060728802
18394.9 118.11029271438177
18456.3 116.55446438742986
18517.9 116.19308633271027
18579.7 114.80894982066881
18641.7 113.58977402953109
18704.0 111.71184942989733
18766.4 106.33677257400396
18829.1 109.81680872667059
18891.9 107.72180602805906
18955.0 106.97719347928661
19018.3 106.12098620948156
19081.8 105.23101139124859
19145.5 103.72163496891208
19209.4 102.79255670564943
19273.5 101.31178478619184
19337.9 99.68793278542086
19402.4 98.1246367150074
19467.2 93.38795522145045
19532.2 95.86174861625065
19597.4 95.53037393526407
19662.8 94.46839617733596
19728.5 92.855720566697
19794.4 91.31443574250179
19860.4 90.45835630243906
19926.7 89.32508646181465
19993.3 52.38205426737776
20060.0 0.34383766204314975
20127.0 0.3396636090693507
20194.2 0.33539315532470665
20261.6 0.33126813363265645
20329.2 0.32728721923137855
20397.1 0.32368665853906986
20465.2 0.3189151013543614
20533.5 0.3145284732991894
20602.1 0.31087671890456586
20670.9 0.307128239842713
20739.9 0.3032841071438071
20809.1 0.29946258966216494
20878.6 0.2957789725824498
20948.3 0.29223343665188994
21018.2 0.2884765879952563
21088.4 0.28474059400376533
21158.8 0.281372542312311
21229.4 0.2777944374640218
21300.3 0.27423618977759406
21371.4 0.2708131407944513
21442.8 0.26752279379853644
21514.4 0.2642518298698536
21586.2 0.2610001470495362
21658.3 0.250334131122663
21730.6 0.25432740294103245
21803.1 0.25158003745222485
21875.9 0.25085430433529465
21948.9 0.24601966647026216
22022.2 0.2419890460538409
22095.7 0.23875568613176976
22169.5 0.23609065005011157
22243.5 0.2328929579580911
22317.8 0.23004123342342261
22392.3 0.22709748469875143
22467.0 0.22427982087400697
22542.1 0.22136870579488627
22617.3 0.2187994656799489
22692.8 0.2159219630211212
22768.6 0.21327497575766768
22844.6 0.21085723658519323
22920.9 0.20792076369526613
22997.4 0.2053201545902214
23074.2 0.20305125632373391
23151.2 0.20069032760820923
23228.5 0.19760749919039777
23306.0 0.19527599797486603
23383.8 0.1931660784786066
23461.9 0.1925230670119658
23540.2 0.18856722430753295
23618.8 0.18597769161010083
23697.7 0.18360885464939009
23776.8 0.18156194660133687
23856.2 0.17860623126783168
23935.8 0.17648382547746846
24015.7 0.17427175404929535
24095.9 0.17257830526143814
24176.4 0.16938074251205537
24257.1 0.16821395853029564
24338.0 0.16575078241522295
24419.3 0.16479942897160088
24500.8 0.1608666655919243
24582.6 0.16072823244368378
24664.7 0.15732556890973162
24747.0 0.1561124672910157
24829.7 0.15480668453423932
24912.5 0.15145303151420209
24995.7 0.1498755813849976
25079.2 0.14947382816273463
25162.9 0.14742579929646138
25246.9 0.1424914904387821
25331.2 0.14375038369159596
25415.8 0.1422163040862763
25500.6 0.14040437003528525
25585.7 0.13793554541054243
25671.2 0.13386584741357785
25756.9 0.1354089636732184
25842.9 0.1336370791807627
25929.1 0.1320640567529952
26015.7 0.13040570243021607
26102.6 0.12529968474482428
26189.7 0.12600049220215181
26277.1 0.12159027215218829
26364.9 0.1240530990453311
26452.9 0.12262621387627351
26541.2 0.12102363389022952
26629.8 0.11943033633624903
26718.7 0.11501651123283488
26807.9 0.11554360002146566
26897.4 0.11515913341123861
26987.2 0.11378181867859112
27077.3 0.1123223200775716
27167.7 0.1109610522592584
27258.4 0.10951813165326688
27349.4 0.10817277387748304
27440.7 0.10674629008292023
27532.3 0.10399933743871335
27624.2 0.10197582869803831
27716.5 0.10278019188428068
27809.0 0.10156127771663709
27901.8 0.10026195421260944
27995.0 0.09905695223113704
28088.5 0.09777207041095493
28182.2 0.09658157217674287
28276.3 0.09539761450616588
28370.7 0.09413454687716989
28465.4 0.09296455952663302
28560.5 0.09180104537423067
28655.8 0.09030417205370395
28751.5 0.08694974782940694
28847.5 0.08826678033662298
28943.8 0.08729898122187717
29040.4 0.08616873859695678
29137.4 0.08512852833973619
29234.6 0.08401121839558352
29332.2 0.0829833326720359
29430.2 0.08193628882602554
29528.4 0.08092042618979907
29627.0 0.07990198676324439
29725.9 0.0788895074990638
29825.2 0.07790723108607356
29924.7 0.0769228092527883
30024.6 0.07592765396304009
30124.9 0.07494620013589619
30225.4 0.07397883984769142
30326.3 0.07301692812479485
30427.6 0.07205243307675045
30529.2 0.07109364012097591
30631.1 0.07017237017051338
30733.4 0.06935947431793286
30836.0 0.06855130523010455
30938.9 0.06773207308021538
31042.2 0.06690169611820919
31145.8 0.0660761909040664
31249.8 0.06524751921342478
31354.2 0.0644390804899588
31458.8 0.06362785016966523
31563.9 0.06282100147119532
31669.2 0.062042220588016755
31775.0 0.0612599616047834
31881.0 0.060482515220286824
31987.5 0.05972453764160093
32094.3 0.058971039339803515
32201.4 0.05822199680623207
32308.9 0.05746965981093632
32416.8 0.05672913649522181
32525.0 0.05598551132506272
32633.6 0.05490982032030199
32742.5 0.054153626260175745
32851.9 0.053438753437698806
32961.5 0.05277270261597296
33071.6 0.05211027862252954
33182.0 0.05145913567213218
33292.8 0.05085565546402988
33403.9 0.050263028830657676
33515.4 0.050292295039529776
33627.3 0.049682511507056645
33739.6 0.04850511731991667
33852.2 0.04784665165198582
33965.2 0.04724944222577063
34078.6 0.04664133200288043
34192.4 0.0460509829911545
34306.6 0.04547112978329327
34421.1 0.04489473291731833
34536.0 0.04432164470167604
34651.3 0.04376592924192267
34767.0 0.04320638738748812
34883.1 0.04265706008996767
34999.5 0.042117984871535
35116.4 0.0415818913726415
35233.6 0.0410490057469338
35351.2 0.04053299350231051
35469.3 0.04001983887228087
35587.7 0.03950290369321191
35706.5 0.039009451755377976
35825.7 0.038512034552863
35945.3 0.03801749334287385
36065.3 0.03753934122165841
36185.7 0.03706395074477904
36306.5 0.03658459245054846
36427.7 0.036121407650581805
36549.3 0.0356609045081673
36671.4 0.035196324564762536
36793.8 0.034734544845819317
36916.6 0.03427545591013204
37039.9 0.033818954564020266
37163.5 0.03337177582367416
37287.6 0.032927120181786326
37412.1 0.032498105545649955
37537.0 0.03210408245984977
37662.3 0.031718811869422145
37788.1 0.031335681689317406
37914.2 0.03096128190445372
38040.8 0.030582550823226543
38167.8 0.030206015655357486
38295.2 0.029831666352569272
38423.1 0.02945941619180305
38551.3 0.029159001565469446
38680.0 0.028797150418527057
38809.2 0.028424763896179175
38938.7 0.028060896023081247
39068.7 0.02771157139283071
39199.2 0.027364214743571716
39330.0 0.027018957128841788
39461.3 0.026688011634316472
39593.1 0.02635276820884879
39725.3 0.02601948734016582
39857.9 0.025669802107201996
39991.0 0.025316020460093937
40124.5 0.024970415561414442
40258.4 0.024645032903903085
40392.8 0.024327544569487564
40527.7 0.024017883770302527
40663.0 0.02373403631120503
40798.7 0.023457819615104347
40935.0 0.023183094460461347
41071.6 0.022892210429032514
41208.7 0.02260298063212667
41346.3 0.022315399106889483
41484.3 0.022023633713184602
41622.8 0.021733541953029192
41761.8 0.021450957768118464
41901.2 0.021187508585167908
42041.1 0.02093135901535526
42181.5 0.020676663472661398
42322.3 0.020423464770196357
42463.6 0.02017170766998785
42605.4 0.01991566215605354
42747.6 0.01965542586878244
42890.3 0.019396689072195914
43033.5 0.019133778279588183
43177.2 0.01887239288041169
43321.3 0.018612569709532376
43465.9 0.018825599565717728
43611.1 0.018589552822527566
43756.7 0.017908991605001524
43902.7 0.0176494409473822
44049.3 0.017419058418990496
44196.4 0.017201046720488857
44343.9 0.016984328228667068
44492.0 0.0167523751530793
44640.5 0.01651088598370638
44789.5 0.01636883347975423
44939.1 0.016162379187981395
45089.1 0.01595174412060544
45239.6 0.01574772308450016
45390.7 0.015544849510554279
45542.2 0.015343187375749943
45694.2 0.015142696787098621
45846.8 0.014938020249849878
45999.9 0.014734541554494534
46153.4 0.014532286880584507
46307.5 0.014336454283637246
46462.1 0.01414176854177264
46617.2 0.013948224509190971
46772.9 0.01378186000508746
46929.0 0.013621680501128094
47085.7 0.013457211690163649
47242.9 0.0133040184461244
47400.6 0.013146557162860712
47558.9 0.012989976258058544
47717.6 0.012829215427881506
47876.9 0.012669361599092183
48036.8 0.012510411738202266
48197.2 0.012352388413181111
48358.1 0.012195287305950205
48519.5 0.012039104098598884
48681.5 0.01188882010039653
48844.0 0.011734419457037746
49007.1 0.011585877727207622
49170.7 0.011438205125624035
49334.8 0.011291397495804316
49499.6 0.011150332886424918
49664.8 0.011005204936904284
49830.6 0.01086580299493155
49997.0 0.010727196897576017
50163.9 0.010589404808178396
50331.4 0.010452401968271343
50499.4 0.010316205836004476
50668.0 0.010180792325799251
50837.2 0.010041360853254733
51006.9 0.009907538990567033
51177.2 0.009779255748071657
51348.0 0.009608980652254975
51519.4 0.009487065288563816
51691.4 0.00937056803427007
51864.0 0.009259439027246031
52037.2 0.009144254778660677
52210.9 0.00903441963250091
52385.2 0.008920554833227226
52560.1 0.00880734469889913
52735.6 0.008699411466467213
52911.6 0.00858750354156861
53088.3 0.008480820022725946
53265.5 0.00837018683146718
53443.3 0.008634413315201078
53621.8 0.008537443701581823
53800.8 0.008091973570018889
53980.4 0.007956612839559974
54160.6 0.007858088815677643
54341.4 0.007755644321508293
54522.9 0.007658254269648497
54704.9 0.007561441353597673
54887.5 0.007460745312263186
55070.8 0.007365052254782079
55254.6 0.007269928315442701
55439.1 0.007179743874768073
55624.2 0.0070944659403683295
55809.9 0.007005308196385056
55996.2 0.006916667692783167
56183.1 0.006828542124016281
56370.7 0.006740917223965879
56558.9 0.0066538030284571965
56747.7 0.006567197219541974
56937.2 0.006481086094936112
57127.3 0.006399748437562739
57318.0 0.006318884166051838
57509.3 0.0062427320886487515
57701.3 0.0061627832686318865
57894.0 0.006087503991679232
58087.3 0.006012662078806313
58281.2 0.005925701038346041
58475.8 0.005843417702797526
58671.0 0.005765778299634044
58866.9 0.005688586155044862
59063.4 0.005611849064615173
59260.6 0.005535555491432304
59458.4 0.005467916825796331
59656.9 0.005400663323677298
59856.1 0.005333793512668545
60055.9 0.005267314683702935
60256.4 0.005205263940689083
60457.6 0.00513953104580885
60659.4 0.005078204768887191
60861.9 0.0050132200998850044
61065.1 0.004948609704013366
61269.0 0.004884372071943432
61473.5 0.004820513530468536
61678.8 0.004760971042205751
61884.7 0.004697836892759528
62091.3 0.004635069209320968
62298.6 0.0045726664617835155
62506.6 0.004510627115783326
62715.3 0.0044528385749277215
62924.6 0.004391515450515697
63134.7 0.004338270261578016
63345.5 0.0042853309208985505
63557.0 0.004792962349865744
63769.1 0.00425304000976009
63982.0 0.00412834148585802
64195.7 0.004072806857015507
64410.0 0.004021389931952181
64625.0 0.003970271007863358
64840.8 0.003919442731263326
65057.2 0.003868915978791412
65274.4 0.0038186774444737633
65492.3 0.0037687318562287134
65711.0 0.0037190722362133786
65930.4 0.003687459740335334
66150.5 0.0036420076975037428
66371.3 0.0035957167612239303
66592.9 0.0035493239059777196
66815.2 0.003503202085791039
67038.3 0.003457708708052649
67262.1 0.0034121190053121695
67486.7 0.003367153163922791
67712.0 0.003324972655106623
67938.0 0.0032833970831315277
68164.8 0.0032420591514241938
68392.4 0.0032027410112513027
68620.7 0.003163651420501499
68849.8 0.0031247847593415066
69079.7 0.0030857870951998315
69310.3 0.003047369258150368
69541.7 0.0030084701546468622
69773.9 0.0029708436716687483
70006.8 0.0029334374599594673
70240.5 0.002895899093326415
70475.0 0.002859615463734854
70710.3 0.0028235405499429872
70946.4 0.0027873297203834823
71183.3 0.002752356072966719
71420.9 0.002717587804457925
71659.3 0.002683360501907567
71898.6 0.0026493270189583773
72138.6 0.002615832045708613
72379.4 0.002582193690518176
72621.1 0.002549418524741494
72863.5 0.002517171352831754
73106.8 0.002485107433330532
73350.9 0.0024528969614636196
73595.7 0.002935209963515589
73841.5 0.002416121605298134
74088.0 0.002383393023056626
74335.3 0.0023446222502146504
74583.5 0.0023093508696149945
74832.5 0.0022775483777084265
75082.3 0.002246907409799884
75333.0 0.0022164431717145187
75584.5 0.0021880939662596703
75836.8 0.0021605532216999617
76090.0 0.0021331698874238044
76344.0 0.002104668244254743
76598.9 0.0020763312285775764
76854.6 0.002047843515334918
77111.2 0.0020195211632373393
77368.7 0.001991363515369849
77627.0 0.0019633724412970147
77886.1 0.0019367997249173632
78146.1 0.0019106933196352458
78407.0 0.001884427356994539
78668.8 0.001859244442310164
78931.4 0.0018342099923040628
79195.0 0.0018093187194884515
79459.4 0.0017848815748616987
79724.6 0.0017602829291448899
79990.8 0.0017361305979260418
80257.8 0.0017121214193793022
80525.8 0.0016885533715688215
80794.6 0.0016648233187360833
81064.4 0.001641832128040293
81335.0 0.001618977544878154
81606.5 0.001596555794959452
81879.0 0.0015751571367391942
82152.3 0.0015559634877069708
82426.6 0.0015457553235653466
82701.8 0.0015264559437537465
82977.9 0.0015072682314794155
83254.9 0.001488191698033605
83532.9 0.0018812024731605392
83811.7 0.001496347254782061
84091.5 0.0014351013080264833
84372.3 0.001414137141324126
84654.0 0.0013958902256363843
84936.6 0.00137803689822105
85220.2 0.0013602860173745387
85504.7 0.0013423535137827812
85790.1 0.0013248103468624251
86076.5 0.0013073683268578736
86363.9 0.0012900270533776424
86652.2 0.0012727875932015684
86941.5 0.001256489611762584
87231.8 0.001240565111517028
87523.0 0.0012247336563943822
87815.2 0.0012095489067388942
88108.4 0.0011950049454329732
88402.5 0.0011802695477727112
88697.7 0.0011658923881465511
88993.8 0.0011515989636944998
89290.9 0.001137114451954523
89589.0 0.001122985716964754
89888.1 0.0011086670244442353
90188.2 0.0010944311708486964
90489.3 0.0010808168647365418
90791.4 0.0010670124714161648
91094.5 0.0010530203366846968
91398.6 0.0010404438810289016
91703.8 0.0010276725450063522
92009.9 0.0010149760075915623
92317.1 0.00100235172453472
92625.3 0.0009900638101418106
92934.5 0.0009775844370139572
93244.8 0.0009654380073329307
93556.1 0.0013391907008941599
93868.4 0.0009527884049800441
94181.8 0.0009312315155792388
94496.2 0.0009190996440293485
94811.7 0.0009083239230175703
95128.3 0.0008973529137540052
95445.8 0.0008869573968853811
95764.5 0.0008763651438840237
96084.2 0.0008658341468349681
96405.0 0.0008556162279705205
96726.8 0.0008452051961538777
97049.8 0.0008351041948928743
97373.8 0.0008248112593259515
97698.9 0.0008148270628382809
98025.0 0.0008049008809559652
98352.3 0.0007952788048497572
98680.6 0.0007854654382361105
99010.1 0.0007762004187780573
99340.6 0.0007669891408156615
99672.3 0.000757829826350624
100005.0 0.0007487237854089524
100339.0 0.0007386962602111088
100674.0 0.0007289702958376674
101010.0 0.0007193017233244252
101347.0 0.0007099309125990681
101686.0 0.000700368582784421
102025.0 0.0006911088540572821
102366.0 0.0006818971334366077
102707.0 0.0006729840488368666
103050.0 0.0006641170640116869
103394.0 0.0006553025725759775
103740.0 0.0006465340749126365
104086.0 0.000638058195053051
104433.0 0.0006296324499836916
104782.0 0.0006212506538146041
105132.0 0.0006129186771568774
105483.0 0.0006048674795185054
105835.0 0.0005968640460834716
106188.0 0.000588908127965852
106543.0 0.0005812229417603247
106899.0 0.000573583433666383
107255.0 0.0005659946395695779
107613.0 0.0005584456771818225
107973.0 0.0005509365697915205
108333.0 0.000543702504850516
108695.0 0.0005365064875646722
109058.0 0.0005293533887813194
109422.0 0.0005224658724746663
109787.0 0.0005153971773141997
110154.0 0.0005085875113931753
110521.0 0.0005018230703143623
110890.0 0.0004953144196479588
111261.0 0.0004886209437176723
111632.0 0.00048219044055038384
112005.0 0.0004757940422308732
112379.0 0.0004694359278923773
112754.0 0.00046333219395768374
113130.0 0.0004572648833588957
113508.0 0.0004512298191429598
113887.0 0.00044523090755017067
114267.0 0.0004392679463454322
114649.0 0.00043354968729146715
115031.0 0.00042765738066405254
115415.0 0.0004220080910487592
115801.0 0.00041638907696495234
116187.0 0.0004110173151142819
116575.0 0.000405464949297954
116964.0 0.00040015452407555835
117355.0 0.00039487257503760574
117747.0 0.0003896223966054578
118140.0 0.00038440380584617794
118534.0 0.0003794223811612768
118930.0 0.00037426258991116954
119327.0 0.0003693383452532848
119725.0 0.0003644437137602175
120125.0 0.0003595755299550082
120526.0 0.00035493907586817277
120929.0 0.00035012589175458913
121332.0 0.0003455456968172678
121737.0 0.00034099022489854987
122144.0 0.000336459453847236
122552.0 0.0003319560680605687
122961.0 0.00032767825726482015
123371.0 0.0003232284954631281
123783.0 0.00031900009575113147
124196.0 0.0003147972156184019
124611.0 0.0003106172097930661
125027.0 0.0003064625022443512
125444.0 0.00030233294064829904
125863.0 0.0002984197831102442
126283.0 0.0002945302607359985
126705.0 0.00029046944520819877
127128.0 0.0002866251872917395
127552.0 0.00028299542289640623
127978.0 0.00027919476735221554
128406.0 0.0002754150405052823
128834.0 0.0002718497373548862
129264.0 0.0002683038930687396
129696.0 0.00026458942595420824
130129.0 0.0002610850429943758
130563.0 0.00025778873453744146
130999.0 0.00025432420032725527
131437.0 0.0002508788338894546
131875.0 0.0002476412987869201
132316.0 0.0002442353279178877
132757.0 0.00024103570159298625
133201.0 0.00023785190519573366
133645.0 0.00023468926343352738
134091.0 0.00023172600111498394
134539.0 0.00022859770180472692
134988.0 0.00022548849668639436
135439.0 0.00022257670091065755
135891.0 0.000219682616203973
136345.0 0.00021662565833855982
136800.0 0.00021376571630194802
137257.0 0.00021092166223975485
137715.0 0.00020827207504132655
138175.0 0.00020546056390991017
138636.0 0.00020266624846495412
139099.0 0.00020006292095889715
139563.0 0.00019747545167942714
140029.0 0.00019472817106936017
140497.0 0.00019216997720197365
140966.0 0.00018962742439467632
141436.0 0.0001871004109808973
141909.0 0.0001845862344725736
142382.0 0.0001822600594483952
142858.0 0.0001797747833838893
143335.0 0.00017747493523053416
143813.0 0.00017501953273725508
144293.0 0.00017274703483991478
144775.0 0.000170487250801373
145258.0 0.00016824130561746506
145743.0 0.00016597449952812112
146230.0 0.00016378720676063494
146718.0 0.0001616133330912931
147208.0 0.0001594682743193503
147699.0 0.00015736940920917016
148192.0 0.0001552823567774747
148687.0 0.00015322348707004453
149183.0 0.000151193615827767
149682.0 0.00014919050199568206
150181.0 0.00014721693963307925
150683.0 0.00014526974286407313
151186.0 0.00014333452910281902
151690.0 0.00014144337460055505
152197.0 0.00013956199445046616
152705.0 0.00013772414897262526
153215.0 0.00013589671682506205
153726.0 0.0001340964035327329
154240.0 0.00013232125876703695
154754.0 0.00013057366618385654
155271.0 0.00012883515480035092
155789.0 0.00012713867749752412
156310.0 0.00012545103663436937
156831.0 0.00012379016014441434
157355.0 0.00012215345325240938
157880.0 0.00012052684739965235
158407.0 0.00011894031590554137
158936.0 0.00011736282891126662
159467.0 0.0001158096502202143
159999.0 0.0001142660667097467
160533.0 0.00011276169539338548
161069.0 0.00011126591762337842
161607.0 0.00010979379535792012
162147.0 0.00010833010593556991
162688.0 0.00010690545959831123
163231.0 0.00010548896432127018
163776.0 0.00010409548298135456
164323.0 0.00010270999498781907
164871.0 0.0001013478789698997
165422.0 0.00010000771821488766
165974.0 9.869055594896685e-05
166528.0 9.738095637733299e-05
167084.0 9.609348851936187e-05
167642.0 9.481342961748016e-05
168202.0 9.355525179089447e-05
168763.0 9.23193289830373e-05
169327.0 9.11043857992552e-05
169892.0 8.989698014795665e-05
170459.0 8.869653798486917e-05
171028.0 8.75315533637575e-05
171599.0 8.637328800884981e-05
172172.0 8.522171543203611e-05
172747.0 8.409092772281022e-05
173324.0 8.298075716538933e-05
173902.0 8.187748282673912e-05
174483.0 8.079410741316403e-05
175065.0 7.973139936960836e-05
175650.0 7.867439007976015e-05
176236.0 7.762395767254851e-05
176825.0 7.660677457665139e-05
177415.0 7.558217209942585e-05
178007.0 7.459092695675246e-05
178602.0 7.360501677787278e-05
179198.0 7.262524848677233e-05
179796.0 7.166474399729414e-05
180396.0 7.070982363878557e-05
180999.0 6.977355311455368e-05
181603.0 6.885655136123142e-05
182209.0 6.79448833675961e-05
182817.0 6.703852601343926e-05
183428.0 6.615039213481803e-05
184040.0 6.528105307784042e-05
184655.0 6.441643003647938e-05
185271.0 6.355720414056409e-05
185890.0 6.271578142934353e-05
186510.0 6.189268893415237e-05
187133.0 6.10610381636749e-05
187758.0 6.026024467412806e-05
188385.0 5.946413347329616e-05
189013.0 5.867299365233533e-05
189644.0 5.78990385969748e-05
190278.0 5.7129316064708044e-05
190913.0 5.6377185892370974e-05
191550.0 5.562946164646265e-05
192190.0 5.488583727816027e-05
192831.0 5.415951644825361e-05
193475.0 5.344978590314322e-05
194121.0 5.2731656942598716e-05
194769.0 5.204280224453336e-05
195419.0 5.134550970859006e-05
196072.0 5.06645045429958e-05
196726.0 5.000016403220447e-05
197383.0 4.933947606452753e-05
198042.0 4.8682680131940804e-05
198703.0 4.804203175074797e-05
199367.0 4.740491822241357e-05
200032.0 4.677180064953098e-05
200700.0 4.6154341232884416e-05
201370.0 4.554052611289083e-05
202042.0 4.49424088204414e-05
202717.0 4.4347600755962325e-05
203394.0 4.375631042210296e-05
204073.0 4.3180471611501143e-05
204754.0 4.260803581055577e-05
205438.0 4.203878126507852e-05
206123.0 4.1484936122362554e-05
206812.0 4.093396819896462e-05
207502.0 4.039821850205143e-05
208195.0 3.985373077368434e-05
208890.0 3.933583103312503e-05
209587.0 3.880935863845511e-05
210287.0 3.8297428348115525e-05
210989.0 3.7788536753681207e-05
211693.0 3.729418926860402e-05
212400.0 3.679111617194382e-05
213109.0 3.6302485125625915e-05
213821.0 3.5827998615603845e-05
214535.0 3.5356331980036104e-05
215251.0 3.488747030530433e-05
215969.0 3.4421398719432316e-05
216690.0 3.39692012138122e-05
217414.0 3.3519540425201926e-05
218140.0 3.307256125877299e-05
218868.0 3.263939281030802e-05
219599.0 3.219754997331675e-05
220332.0 3.1780489673955725e-05
221067.0 3.135487867234716e-05
221805.0 3.094266602516354e-05
222546.0 3.05327757495665e-05
223289.0 3.0125336161721595e-05
224034.0 2.9731220359856773e-05
224782.0 2.9328475128576932e-05
225533.0 2.89496450358535e-05
226286.0 2.856229872708275e-05
227041.0 2.8188015941067983e-05
227799.0 2.7805141212918026e-05
228560.0 2.7445788074530772e-05
229323.0 2.7077948220780823e-05
230088.0 2.672291592341783e-05
230857.0 2.636977972572025e-05
231627.0 2.6018876026084346e-05
232401.0 2.5669855794282632e-05
233176.0 2.533350377926625e-05
233955.0 2.499895278160885e-05
234736.0 2.466641213451881e-05
235520.0 2.4335766981978244e-05
236306.0 2.4017433844322603e-05
237095.0 2.3700911467713262e-05
237886.0 2.3386292118319093e-05
238681.0 2.3073371442550672e-05
239477.0 2.2772617885368062e-05
240277.0 2.2463332302947293e-05
241079.0 2.2166032461600212e-05
241884.0 2.1880516055211748e-05
242691.0 2.1586666129167085e-05
243502.0 2.13044303342166e-05
244315.0 2.1023896203389605e-05
245130.0 2.0745053672010167e-05
245949.0 2.0467726285972186e-05
246770.0 2.0192076095138365e-05
247594.0 1.9927863297656185e-05
248420.0 1.966524495870895e-05
249250.0 1.940405584740248e-05
250082.0 1.914444737041314e-05
250917.0 1.8896054935473166e-05
251754.0 1.8639474183396144e-05
252595.0 1.8393958362292104e-05
253438.0 1.8149928745806215e-05
254284.0 1.7907305888046822e-05
255133.0 1.76756439230771e-05
255985.0 1.7435786432731963e-05
256840.0 1.7206815451538794e-05
257697.0 1.69792320871549e-05
258557.0 1.6752963028476847e-05
259421.0 1.6537340901384586e-05
260287.0 1.6313654560421467e-05
261156.0 1.6100605985666135e-05
262027.0 1.588884927513893e-05
262902.0 1.5678257149968546e-05
263780.0 1.5468886244086864e-05
264661.0 1.526073152330504e-05
265544.0 1.5063029402085941e-05
266431.0 1.4866414544124305e-05
267320.0 1.4661870962254172e-05
268213.0 1.4467561078276812e-05
269108.0 1.4283497833508487e-05
270006.0 1.4091465185358381e-05
270908.0 1.3900500401228269e-05
271812.0 1.3719675136446852e-05
272720.0 1.3539850079494849e-05
273630.0 1.3361120817058724e-05
274544.0 1.318338431968545e-05
275460.0 1.3006732883742343e-05
276380.0 1.2831066703985849e-05
277303.0 1.2665224511719754e-05
278228.0 1.2500392806975707e-05
279157.0 1.2327739821645814e-05
280089.0 1.216480976588511e-05
281024.0 1.2002832283516028e-05
281963.0 1.185041100570817e-05
282904.0 1.1690297682352694e-05
283848.0 1.1539716588765788e-05
284796.0 1.138140989133908e-05
285747.0 1.1232571156209825e-05
286701.0 1.1084603851863699e-05
287658.0 1.0937503937637258e-05
288618.0 1.0791267372279423e-05
289582.0 1.0645853351424562e-05
290549.0 1.0509690157618101e-05
291519.0 1.0365957156704933e-05
292492.0 1.023141120016623e-05
293468.0 1.0097654208133684e-05
294448.0 9.964648581570024e-06
295431.0 9.832425527245566e-06
296418.0 9.700948546759105e-06
297407.0 9.570279874807232e-06
298400.0 9.448524292071783e-06
299396.0 9.319336628237435e-06
300396.0 9.199002420721981e-06
301399.0 9.071284216499573e-06
302405.0 8.952389721056794e-06
303415.0 8.834167182319943e-06
304427.0 8.716671838079509e-06
305444.0 8.599814302060135e-06
306464.0 8.491607703807793e-06
307487.0 8.37610528369387e-06
308513.0 8.269194066468746e-06
309543.0 8.155006868370138e-06
310577.0 8.049326494612264e-06
311614.0 7.944270983904733e-06
312654.0 7.839837142783346e-06
313698.0 7.733664662225833e-06
314745.0 7.63122342542567e-06
315796.0 7.530138421714246e-06
316850.0 7.430423434354202e-06
317908.0 7.332044596203847e-06
318969.0 7.2342503560058075e-06
320034.0 7.138539537819213e-06
321103.0 7.044135430847545e-06
322175.0 6.95105011940663e-06
323250.0 6.85927307456028e-06
324329.0 6.768020961688253e-06
325412.0 6.67879092332779e-06
326498.0 6.590092292756757e-06
327589.0 6.502627044932631e-06
328682.0 6.416445454292486e-06
329779.0 6.331497926661424e-06
330880.0 6.247775268582503e-06
331985.0 6.165268319785735e-06
333093.0 6.083254002394393e-06
334206.0 6.0031532648181596e-06
335321.0 5.923548941533874e-06
336441.0 5.84511033253893e-06
337564.0 5.767140975208788e-06
338691.0 5.69106170299123e-06
339822.0 5.61542096256342e-06
340956.0 5.5416639617998336e-06
342094.0 5.467619066733806e-06
343237.0 5.395407746244779e-06
344382.0 5.32435306242426e-06
345532.0 5.2536932732417346e-06
346686.0 5.184145964934038e-06
347843.0 5.115016004083683e-06
349004.0 5.047684233259829e-06
350170.0 4.9807278304273535e-06
351339.0 4.914868081198689e-06
352512.0 4.849390117725883e-06
353689.0 4.785671519063585e-06
354869.0 4.722335674945893e-06
356054.0 4.659354208515192e-06
357243.0 4.598104540639667e-06
358435.0 4.537223255164268e-06
359632.0 4.476683316606622e-06
360833.0 4.417847934910928e-06
362037.0 4.359366786481926e-06
363246.0 4.301214115661009e-06
364459.0 4.244069890442075e-06
365676.0 4.1879259505880734e-06
366896.0 4.132785442679255e-06
368121.0 4.077955035565075e-06
369350.0 4.024105102695659e-06
370583.0 3.970569491083056e-06
371821.0 3.917992216445035e-06
373062.0 3.866386579900858e-06
374307.0 3.815082369902616e-06
375557.0 3.7647176304920155e-06
376811.0 3.7146476129365685e-06
378069.0 3.6655160840089504e-06
379331.0 3.616672296891418e-06
380597.0 3.568755754518412e-06
381868.0 3.5217495179385456e-06
383143.0 3.475018872666e-06
384422.0 3.4291969843218355e-06
385705.0 3.383643899571093e-06
386993.0 3.3389799650757385e-06
388285.0 3.2945784075229326e-06
389581.0 3.2510640315336623e-06
390882.0 3.2077971765719306e-06
392187.0 3.1654069911548582e-06
393496.0 3.123266227121269e-06
394810.0 3.0819836355157134e-06
396128.0 3.041559917834623e-06
397451.0 3.001366546130287e-06
398777.0 2.9614175920879673e-06
400109.0 2.922299191663985e-06
401445.0 2.8834116539872394e-06
402785.0 2.8453593648117886e-06
404130.0 2.8075246877898825e-06
405479.0 2.7705151895923614e-06
406832.0 2.733724252381615e-06
408191.0 2.6977350742483306e-06
409553.0 2.6619652409824453e-06
410921.0 2.62639418035989e-06
412293.0 2.591625595871471e-06
413669.0 2.5576525114838035e-06
415050.0 2.523286653617549e-06
416436.0 2.4902901927828237e-06
417826.0 2.456905390511996e-06
419221.0 2.42487663785258e-06
420621.0 2.392452041469495e-06
422025.0 2.3607981219976818e-06
423434.0 2.3293266122635474e-06
424847.0 2.2986162976359045e-06
426266.0 2.2680776596450087e-06
427689.0 2.238291004197313e-06
429117.0 2.2086761673903625e-06
430549.0 2.1792375328939455e-06
431987.0 2.150528803740038e-06
433429.0 2.1219909884491812e-06
434876.0 2.0936183600010866e-06
436328.0 2.065969224708274e-06
437785.0 2.039037331102204e-06
439246.0 2.0117105220110318e-06
440712.0 1.9850957951435953e-06
442184.0 1.9586309685275604e-06
443660.0 1.9328740712907274e-06
445141.0 1.9072665621686108e-06
446627.0 1.8818078150934699e-06
448118.0 1.8570414700516195e-06
449614.0 1.8324190081301565e-06
451116.0 1.8084764595573193e-06
452622.0 1.7841381925193655e-06
454133.0 1.7604790305543264e-06
455649.0 1.7374929964826924e-06
457170.0 1.714107165742656e-06
458696.0 1.6913897128690564e-06
460228.0 1.6693311025604402e-06
461764.0 1.646876407517262e-06
463306.0 1.6250759894665783e-06
464853.0 1.6039276319055512e-06
466404.0 1.5823830636297992e-06
467962.0 1.5614791489641928e-06
469524.0 1.5407008387344851e-06
471091.0 1.520561912385815e-06
472664.0 1.5005374708662429e-06
474242.0 1.4806302571077583e-06
475825.0 1.460839732366045e-06
477414.0 1.4416732083228313e-06
479008.0 1.422618996975831e-06
480607.0 1.4036765755150499e-06
482212.0 1.384842549239182e-06
483821.0 1.3666262914223943e-06
485437.0 1.3485113465410014e-06
487057.0 1.3305056823315832e-06
488683.0 1.3131023708033854e-06
490315.0 1.2957986307236118e-06
491952.0 1.2785967032864682e-06
493594.0 1.261496098265217e-06
495242.0 1.2449862916360998e-06
496895.0 1.228573636196318e-06
498554.0 1.2122552278651723e-06
500219.0 1.1960307161231725e-06
501889.0 1.1803880556599726e-06
503564.0 1.1648375835958073e-06
505246.0 1.149374294946521e-06
506932.0 1.134004673414306e-06
508625.0 1.1192010721953483e-06
510323.0 1.1040069474118743e-06
512026.0 1.0893793003991359e-06
513736.0 1.0753087384797891e-06
515451.0 1.0608480695813008e-06
517172.0 1.0469427631798241e-06
518898.0 1.0331197405361383e-06
520631.0 1.0193746656080911e-06
522369.0 1.0057111657385703e-06
524113.0 9.925922778190263e-07
525863.0 9.790854289235947e-07
527618.0 9.66121287520366e-07
529380.0 9.53691220316558e-07
531147.0 9.408755745208983e-07
532920.0 9.285921254828319e-07
534700.0 9.16378141471049e-07
536485.0 9.042367801090972e-07
538276.0 8.921659998013811e-07
540073.0 8.801655006662939e-07
541876.0 8.686850780196825e-07
543685.0 8.572713395304997e-07
545500.0 8.459239984019906e-07
547321.0 8.346427672680785e-07
549148.0 8.234273582341704e-07
550982.0 8.12718665906711e-07
552821.0 8.016325878978143e-07
554667.0 7.910497612680957e-07
556519.0 7.805287276666638e-07
558377.0 7.70506006183536e-07
560241.0 7.601062779656925e-07
562111.0 7.502014130593383e-07
563988.0 7.403530424736308e-07
565871.0 7.305622605523844e-07
567760.0 7.208288047123055e-07
569655.0 7.111524122247306e-07
571557.0 7.015315928390327e-07
573465.0 6.923926551648425e-07
575380.0 6.833060158154849e-07
577301.0 6.742726528547864e-07
579228.0 6.652923169313784e-07
581162.0 6.563636293104774e-07
583102.0 6.479057816411708e-07
585049.0 6.390794932943007e-07
587002.0 6.307208084836707e-07
588962.0 6.22410161556647e-07
590928.0 6.141484091461572e-07
592901.0 6.059342937001536e-07
594880.0 5.981786282640132e-07
596866.0 5.900588405620198e-07
598859.0 5.823933741389406e-07
600858.0 5.743671070247316e-07
602864.0 5.667920541038237e-07
604877.0 5.592607730461382e-07
606896.0 5.521758727917096e-07
608922.0 5.447311514551598e-07
610955.0 5.373296493505417e-07
612995.0 5.303690662973249e-07
615042.0 5.234487005292273e-07
617095.0 5.165692244255189e-07
619155.0 5.097296079702723e-07
621222.0 5.029296858430681e-07
623296.0 4.961692922379911e-07
625377.0 4.894482608902139e-07
627465.0 4.831551259274936e-07
629560.0 4.768984324440089e-07
631661.0 4.702926522381763e-07
633770.0 4.6410965025920155e-07
635886.0 4.579626207907229e-07
638009.0 4.518514082457851e-07
640139.0 4.461568617538186e-07
642276.0 4.4011554746804044e-07
644420.0 4.3410958599195964e-07
646572.0 4.285153727777898e-07
648731.0 4.2295371087619314e-07
650896.0 4.1705038877144603e-07
653069.0 4.11554632133085e-07
655250.0 4.0609036895118535e-07
657437.0 4.010296843977351e-07
659632.0 3.9562800898703566e-07
661834.0 3.902580360435983e-07
664044.0 3.8528632950980415e-07
666261.0 3.799775427283766e-07
668485.0 3.750648944432268e-07
670717.0 3.701804104085777e-07
672956.0 3.653245274492532e-07
675203.0 3.603159686473189e-07
677457.0 3.5555297378437884e-07
679719.0 3.508174391822388e-07
681988.0 3.461812908125332e-07
684265.0 3.4160753946225846e-07
686549.0 3.370606902371523e-07
688841.0 3.326109448853777e-07
691141.0 3.2818691403049483e-07
693448.0 3.2385930487475544e-07
695763.0 3.1955672052642727e-07
698086.0 3.1534893562275316e-07
700417.0 3.111655079797633e-07
702755.0 3.070414806703861e-07
705101.0 3.0297595594207245e-07
707455.0 2.989684897120579e-07
709817.0 2.949842794238186e-07
712187.0 2.910917201226458e-07
714565.0 2.872558984928391e-07
716950.0 2.834427551908563e-07
719344.0 2.796853038017583e-07
721745.0 2.7598389547305245e-07
724155.0 2.7233732794051437e-07
726573.0 2.6871199286421067e-07
728998.0 2.651416183367194e-07
731432.0 2.6165838985690105e-07
733874.0 2.5819545226482193e-07
736324.0 2.547527165500174e-07
738782.0 2.5139612012641543e-07
741249.0 2.4805877320238127e-07
743723.0 2.447740574811981e-07
746206.0 2.4154089452915815e-07
748698.0 2.3832631198956168e-07
751197.0 2.3516333417363942e-07
753705.0 2.3205092014096856e-07
756221.0 2.2898898074081615e-07
758746.0 2.2594466823515738e-07
761279.0 2.2295024570629613e-07
763821.0 2.200050228701133e-07
766371.0 2.1710889720858553e-07
768929.0 2.1422975170868703e-07
771496.0 2.1139884647090307e-07
774072.0 2.085842921100655e-07
776656.0 2.058176921106232e-07
779249.0 2.0309839399454136e-07
781851.0 2.0039482632859277e-07
784461.0 1.9776935950990325e-07
787080.0 1.9512808619812616e-07
789707.0 1.9256415084559396e-07
792344.0 1.900148188903075e-07
794989.0 1.8748051286976566e-07
797643.0 1.849915047824167e-07
800306.0 1.8254742794485973e-07
802978.0 1.8014791750814512e-07
805659.0 1.7776233759055852e-07
808349.0 1.7539062926642854e-07
811047.0 1.7306301857875488e-07
813755.0 1.707787158271682e-07
816472.0 1.685077084904701e-07
819198.0 1.6627971168345584e-07
821933.0 1.6409437065190825e-07
824677.0 1.6192175779657512e-07
827430.0 1.597618173812618e-07
830192.0 1.5764387186757692e-07
832964.0 1.5556738539425003e-07
835745.0 1.535030205883191e-07
838535.0 1.514798093007115e-07
841334.0 1.4946841782497735e-07
844143.0 1.4749751097750687e-07
846961.0 1.455381310069905e-07
849789.0 1.435900565228989e-07
852626.0 1.4171062029769353e-07
855472.0 1.3981366839008877e-07
858329.0 1.3798435907530587e-07
861194.0 1.3613760167877587e-07
864069.0 1.3432976319702926e-07
866954.0 1.3256051899867214e-07
869848.0 1.3080165755402745e-07
872752.0 1.290809277646746e-07
875666.0 1.2737015656299878e-07
878589.0 1.2566944631143172e-07
881523.0 1.2400613532496916e-07
884466.0 1.2238019020648595e-07
887418.0 1.207638048724128e-07
890381.0 1.1915666559974193e-07
893354.0 1.1758617252600821e-07
896336.0 1.1602493269068213e-07
899329.0 1.1447264634596567e-07
902331.0 1.1295656103962446e-07
905344.0 1.1147611560860678e-07
908366.0 1.1000440146336568e-07
911399.0 1.0854113716361851e-07
914441.0 1.070865256477978e-07
917494.0 1.0569345909912043e-07
920557.0 1.0428200525240721e-07
923631.0 1.0290509399525433e-07
926714.0 1.0153633141910157e-07
929808.0 1.0020169154691132e-07
932912.0 9.887484456516773e-08
936027.0 9.755565124949281e-08
939152.0 9.627015410452934e-08
942287.0 9.49921753807968e-08
945433.0 9.372158170754863e-08
948589.0 9.248415274720607e-08
951756.0 9.125387576450908e-08
954934.0 9.00562627472385e-08
958122.0 8.886566704283671e-08
961321.0 8.768196478237983e-08
964530.0 8.653050409115963e-08
967750.0 8.538570927980395e-08
970981.0 8.424755293874371e-08
974223.0 8.314104251371304e-08
977475.0 8.204103278514522e-08
980738.0 8.094741019771088e-08
984013.0 7.988485259813035e-08
987298.0 7.882854592717244e-08
990594.0 7.777838147007448e-08
993901.0 7.673433298802238e-08
997219.0 7.572083181791422e-08
1000550.0 7.471308188309306e-08
1003890.0 7.373565389431872e-08
1007240.0 7.276398584032257e-08
1010600.0 7.179804928522201e-08
1013980.0 7.083711721876589e-08
1017360.0 6.990654364596781e-08
1020760.0 6.898078134903345e-08
1024170.0 6.806050118243744e-08
1027590.0 6.71694102108168e-08
1031020.0 6.628358807884379e-08
1034460.0 6.540300806562439e-08
1037910.0 6.452764350096067e-08
1041380.0 6.368027696416011e-08
1044850.0 6.283853872210561e-08
1048340.0 6.200119001721486e-08
1051840.0 6.116881645640212e-08
1055350.0 6.036450265475502e-08
1058880.0 5.956439620343135e-08
1062410.0 5.8792563552133145e-08
1065960.0 5.8001873821358645e-08
1069520.0 5.723870241804535e-08
1073090.0 5.6480068402165945e-08
1076670.0 5.572594777713936e-08
1080270.0 5.49983850343745e-08
1083870.0 5.425315304659796e-08
1087490.0 5.353429843077843e-08
1091120.0 5.284208247002806e-08
1094760.0 5.213170213797373e-08
1098420.0 5.144729798872737e-08
1102090.0 5.0766978995352215e-08
1105770.0 5.009072293984963e-08
1109460.0 4.9418507678877405e-08
1113160.0 4.877222139670472e-08
1116880.0 4.812935535644325e-08
1120610.0 4.749033370311959e-08
1124350.0 4.685513522622079e-08
1128100.0 4.624535887641925e-08
1131870.0 4.561726858123023e-08
1135650.0 4.501442860557766e-08
1139440.0 4.443660352379255e-08
1143240.0 4.384089218015236e-08
1147060.0 4.324837378421756e-08
1150890.0 4.268061005495791e-08
1154730.0 4.2116247936207094e-08
1158580.0 4.155526821851088e-08
1162450.0 4.101828030639336e-08
1166330.0 4.046359745131556e-08
1170230.0 3.9932752454609344e-08
1174130.0 3.940543397623952e-08
1178050.0 3.888094689027353e-08
1181990.0 3.835928965020968e-08
1185930.0 3.786166441489351e-08
1189890.0 3.736670665814317e-08
1193860.0 3.685429436870538e-08
1197850.0 3.6365033001566074e-08
1201850.0 3.5899015104354086e-08
1205860.0 3.541556914490179e-08
1209890.0 3.495490890189463e-08
1213930.0 3.447693164944982e-08
1217980.0 3.4021870769190504e-08
1222050.0 3.356927677402781e-08
1226130.0 3.313930889895966e-08
1230220.0 3.269210169117998e-08
1234330.0 3.226709508891801e-08
1238450.0 3.182495862032879e-08
1242580.0 3.140512976381957e-08
1246730.0 3.098758534767565e-08
1250890.0 3.059206487814843e-08
1255070.0 3.017925229191027e-08
1259260.0 2.9788312126905684e-08
1263460.0 2.9380428400984586e-08
1267680.0 2.8994029899049774e-08
1271910.0 2.8609970498971515e-08
1276160.0 2.822801477265099e-08
1280420.0 2.7867425300701666e-08
1284690.0 2.7490028301336404e-08
1288980.0 2.71336326628047e-08
1293290.0 2.676032876201118e-08
1297600.0 2.6408300674999676e-08
1301940.0 2.6058002924203662e-08
1306280.0 2.5728703887937167e-08
1310640.0 2.538258918237861e-08
1315020.0 2.503838881328865e-08
1319410.0 2.471477178803229e-08
1323820.0 2.4374508933318596e-08
1328230.0 2.4054868060277714e-08
1332670.0 2.373680835563156e-08
1337120.0 2.3420685786538497e-08
1341580.0 2.3124667916063082e-08
1346060.0 2.2812153225286205e-08
1350560.0 2.2501378656280054e-08
1355060.0 2.2210667101059097e-08
1359590.0 2.192139627821379e-08
1364130.0 2.1633888097052507e-08
1368680.0 2.134813131905762e-08
1373250.0 2.106396138918866e-08
1377840.0 2.07813748923234e-08
1382440.0 2.0500516612348044e-08
1387050.0 2.023895923423718e-08
1391680.0 1.9961322293763096e-08
1396330.0 1.9702711558197907e-08
1400990.0 1.944567873456108e-08
1405670.0 1.9172726211890617e-08
1410360.0 1.8936037530049945e-08
1415070.0 1.8683417860003738e-08
1419790.0 1.8432344453355598e-08
1424530.0 1.8182679586743695e-08
1429290.0 1.795148387543252e-08
1434060.0 1.770469199935233e-08
1438850.0 1.7476244532233492e-08
1443650.0 1.7249193559254056e-08
1448470.0 1.700657417971471e-08
1453310.0 1.6782115542247922e-08
1458160.0 1.6565723941030316e-08
1463030.0 1.6345542347114958e-08
1467910.0 1.6128373388000823e-08
1472810.0 1.591573947972157e-08
1477730.0 1.5704303185478514e-08
1482660.0 1.5497455622120612e-08
1487610.0 1.5291773488420707e-08
1492580.0 1.5088887515013986e-08
1497560.0 1.488887741181889e-08
1502560.0 1.4691620799276758e-08
1507580.0 1.4497098131517364e-08
1512610.0 1.430538447828487e-08
1517660.0 1.4116362684605168e-08
1522730.0 1.3928411713263207e-08
1527810.0 1.374481098279526e-08
1532910.0 1.3562250208499893e-08
1538030.0 1.3382311936849464e-08
1543160.0 1.3205062631864137e-08
1548320.0 1.3030310682143367e-08
1553480.0 1.2858289634497284e-08
1558670.0 1.268872813941074e-08
1563870.0 1.2520212035982426e-08
1569100.0 1.2354131072590783e-08
1574330.0 1.2190702773196492e-08
1579590.0 1.202967231337533e-08
1584860.0 1.1869635855559888e-08
1590150.0 1.1712046685051487e-08
1595460.0 1.1556886385155672e-08
1600790.0 1.1404136601003371e-08
1606130.0 1.125384910848672e-08
1611500.0 1.1104350920079034e-08
1616880.0 1.0957286445768901e-08
1622270.0 1.0812634192086492e-08
1627690.0 1.066874333144363e-08
1633120.0 1.0527236551602258e-08
1638580.0 1.0387965947821742e-08
1644050.0 1.0251041568106012e-08
1649540.0 1.0114902662140736e-08
1655040.0 9.981080303922829e-09
1660570.0 9.849435264237654e-09
1666110.0 9.718605786692235e-09
1671670.0 9.589987748437405e-09
1677260.0 9.462053200812577e-09
1682860.0 9.337811705683894e-09
1688470.0 9.214339764674226e-09
1694110.0 9.091524586887381e-09
1699770.0 8.970853783134156e-09
1705440.0 8.852362155020393e-09
1711130.0 8.734553711499427e-09
1716850.0 8.620216789076382e-09
1722580.0 8.505173945279574e-09
1728330.0 8.392207990735255e-09
1734100.0 8.281302174170526e-09
1739890.0 8.172439824049004e-09
1745700.0 8.064207223864432e-09
1751530.0 7.956601814376947e-09
1757370.0 7.851053541829573e-09
1763240.0 7.747455883094924e-09
1769130.0 7.64445928779205e-09
1775030.0 7.543477783445166e-09
1780960.0 7.4444094430642305e-09
1786910.0 7.344551517343794e-09
1792870.0 7.248036715022096e-09
1798860.0 7.152042192647861e-09
1804860.0 7.056645752064648e-09
1810890.0 6.9631129704786805e-09
1816930.0 6.87150556366109e-09
1823000.0 6.780393615170243e-09
1829090.0 6.69114667881943e-09
1835190.0 6.602456092866848e-09
1841320.0 6.51424701593139e-09
1847470.0 6.427873900693995e-09
1853630.0 6.343355489978774e-09
1859820.0 6.2592959955606325e-09
1866030.0 6.177035032486972e-09
1872260.0 6.0939519742161254e-09
1878510.0 6.013952700857511e-09
1884780.0 5.934421021514343e-09
1891080.0 5.855323845512492e-09
1897390.0 5.778006917000509e-09
1903720.0 5.701142642155057e-09
1910080.0 5.625976377341852e-09
1916460.0 5.551251081130223e-09
1922850.0 5.478261589144446e-09
1929270.0 5.4056715474920406e-09
1935710.0 5.333507909848862e-09
1942180.0 5.262997357377269e-09
1948660.0 5.194179990640899e-09
1955170.0 5.124492699836709e-09
1961690.0 5.056485461490373e-09
1968240.0 4.990091909318087e-09
1974810.0 4.92408891703071e-09
1981410.0 4.8584500779175425e-09
1988020.0 4.794449786805793e-09
1994660.0 4.73080252345999e-09
2001320.0 4.668749634919767e-09
2008000.0 4.6058478663529284e-09
2014700.0 4.5457392838554e-09
2021430.0 4.4847560356264615e-09
2028180.0 4.425336416217098e-09
2034950.0 4.367466617766459e-09
2041740.0 4.308743823097285e-09
2048560.0 4.2527292128056705e-09
2055400.0 4.195858877768731e-09
2062260.0 4.1405083162066785e-09
2069150.0 4.085465540436855e-09
2076050.0 4.031943511689663e-09
2082990.0 3.977528778466464e-09
2089940.0 3.925790662095627e-09
2096920.0 3.873176964685605e-09
2103920.0 3.822035299284581e-09
2110940.0 3.771197084215133e-09
2117990.0 3.7217947207820804e-09
2125060.0 3.672685584588381e-09
2132150.0 3.623868140656863e-09
2139270.0 3.5753241450670916e-09
2146410.0 3.528205642522954e-09
2153580.0 3.48135108169546e-09
2160770.0 3.4359044292088454e-09
2167980.0 3.389602949682014e-09
2175220.0 3.3446835510134612e-09
2182480.0 3.301149456789184e-09
2189770.0 3.2567456022491605e-09
2197080.0 3.2137172656684795e-09
2204420.0 3.1709311486344074e-09
2211780.0 3.129503439277092e-09
2219160.0 3.0883226947024624e-09
2226570.0 3.047373882441398e-09
2234000.0 3.0066698029002556e-09
2241460.0 2.9672839914897745e-09
2248940.0 2.9270489429759344e-09
2256450.0 2.8892040361344888e-09
2263980.0 2.850507726756051e-09
2271540.0 2.813104537336139e-09
2279130.0 2.7759129484759105e-09
2286740.0 2.7389442944013184e-09
2294370.0 2.702197323578429e-09
2302030.0 2.666718692828451e-09
2309710.0 2.631452602969688e-09
2317430.0 2.5963754464032817e-09
2325160.0 2.5625691442934968e-09
2332930.0 2.5278980641076697e-09
2340710.0 2.494488489170301e-09
2348530.0 2.4612583498072943e-09
2356370.0 2.4292632119293255e-09
2364240.0 2.396418246658975e-09
2372130.0 2.364799466261122e-09
2380050.0 2.3333609127215706e-09
2387990.0 2.303132963026573e-09
2395970.0 2.2720494692332567e-09
2403970.0 2.242168251206819e-09
2411990.0 2.212466906955877e-09
2420040.0 2.182935364276358e-09
2428120.0 2.154577493967381e-09
2436230.0 2.125380423320839e-09
2444360.0 2.097357735519993e-09
2452520.0 2.0694955230066913e-09
2460710.0 2.0427843701236475e-09
2468930.0 2.0152380719970523e-09
2477170.0 1.9888431154980374e-09
2485440.0 1.9625994865057556e-09
2493740.0 1.9365066266184352e-09
2502060.0 1.910571609947822e-09
2510420.0 1.8857500065098705e-09
2518800.0 1.8601100915773783e-09
2527210.0 1.8355835200167628e-09
2535640.0 1.8112053590328377e-09
2544110.0 1.7879193302052023e-09
2552600.0 1.763818528608015e-09
2561120.0 1.7408094375566748e-09
2569670.0 1.717932869709139e-09
2578250.0 1.695188305205397e-09
2586860.0 1.672575221885277e-09
2595500.0 1.6500930953868154e-09
2604160.0 1.6286842134510485e-09
2612860.0 1.6064591948634884e-09
2621580.0 1.585299942826546e-09
2630330.0 1.5642631442972631e-09
2639110.0 1.543348298692977e-09
2647920.0 1.5234759896151301e-09
2656760.0 1.5028004767633877e-09
2665630.0 1.4831603817874092e-09
2674530.0 1.463634142208928e-09
2683460.0 1.444221280071295e-09
2692420.0 1.4249213161684247e-09
2701410.0 1.406636617755222e-09
2710430.0 1.387558003500628e-09
2719480.0 1.3694877016636088e-09
2728560.0 1.350628547211065e-09
2737670.0 1.3327707883967634e-09
2746810.0 1.3159050467254673e-09
2755980.0 1.2982520616578945e-09
2765180.0 1.2807022661743063e-09
2774410.0 1.2641342950413537e-09
2783670.0 1.246786582101192e-09
2792960.0 1.2304139486864973e-09
2802290.0 1.214132541332001e-09
2811640.0 1.1979506680709719e-09
2821030.0 1.1827238686347724e-09
2830450.0 1.1667240376125937e-09
2839900.0 1.151677013634371e-09
2849380.0 1.1358618675452428e-09
2858890.0 1.1209929682169473e-09
2868440.0 1.1062072365695058e-09
2878010.0 1.0915120463185038e-09
2887620.0 1.0768993438142144e-09
2897260.0 1.063214396905475e-09
2906930.0 1.0487703667917842e-09
2916640.0 1.0352441517402202e-09
2926380.0 1.0209637851172028e-09
2936150.0 1.0075985429507466e-09
2945950.0 9.943118254818954e-10
2955780.0 9.811032562206741e-10
2965650.0 9.679691949709167e-10
2975550.0 9.549126391621898e-10
2985490.0 9.42746994793645e-10
2995450.0 9.29841655136969e-10
3005450.0 9.178211608602568e-10
3015490.0 9.058683762621945e-10
3025560.0 8.939860561226054e-10
3035660.0 8.821738514819627e-10
3045790.0 8.704314138588545e-10
3055960.0 8.587555851662278e-10
3066160.0 8.471489224541481e-10
3076400.0 8.364011584102543e-10
3086670.0 8.249265213841232e-10
3096970.0 8.143076392157583e-10
3107310.0 8.029638985004563e-10
3117690.0 7.924675433127566e-10
3128100.0 7.820333489249205e-10
3138540.0 7.718164161553186e-10
3149020.0 7.615801025667655e-10
3159530.0 7.514817553790806e-10
3170080.0 7.415179499332265e-10
3180660.0 7.316900237809658e-10
3191280.0 7.219946402438514e-10
3201930.0 7.124330688550393e-10
3212620.0 7.030020584333101e-10
3223350.0 6.937006610924699e-10
3234110.0 6.845300484721273e-10
3244910.0 6.754870922026675e-10
3255740.0 6.664979899053745e-10
3266610.0 6.577097673969235e-10
3277520.0 6.489719180656119e-10
3288460.0 6.403603737566313e-10
3299440.0 6.318721978979602e-10
3310450.0 6.235083540740827e-10
3321500.0 6.152659801354916e-10
3332590.0 6.071441645863761e-10
3343720.0 5.99069057785277e-10
3354880.0 5.911876432729147e-10
3366080.0 5.83351557725629e-10
3377320.0 5.756328444915262e-10
3388600.0 5.679586334436518e-10
3399910.0 5.60473872703386e-10
3411260.0 5.530322589889892e-10
3422650.0 5.457048834143068e-10
3434080.0 5.384908653265393e-10
3445540.0 5.313200840457945e-10
3457040.0 5.243318811157827e-10
3468580.0 5.173840505918457e-10
3480160.0 5.105465123082302e-10
3491780.0 5.037485552776395e-10
3503440.0 4.970596346971801e-10
3515140.0 4.904788938656807e-10
3526870.0 4.840068524062174e-10
3538650.0 4.775709708812182e-10
3550460.0 4.712425096565281e-10
3562310.0 4.6501925484441214e-10
3574210.0 4.588990850503652e-10
3586140.0 4.528157450157925e-10
3598110.0 4.467677788850264e-10
3610120.0 4.4089015386298636e-10
3622180.0 4.35045500677406e-10
3634270.0 4.2930320454641946e-10
3646400.0 4.235943403713649e-10
3658580.0 4.179842847325359e-10
3670790.0 4.1247453063421343e-10
3683050.0 4.0699578343404735e-10
3695340.0 4.016161311841829e-10
3707680.0 3.962667997895041e-10
3720060.0 3.9101431655412174e-10
3732480.0 3.8585788665993936e-10
3744940.0 3.807315928054001e-10
3757440.0 3.7570020910093213e-10
3769980.0 3.7069825734029305e-10
3782570.0 3.657891155734584e-10
3795200.0 3.6097300530802644e-10
3807870.0 3.561851020637121e-10
3820580.0 3.514891130689739e-10
3833340.0 3.4681974117160826e-10
3846130.0 3.422420962889639e-10
3858980.0 3.376895451588171e-10
3871860.0 3.3322762298157964e-10
3884780.0 3.287919026709223e-10
3897750.0 3.244440015808657e-10
3910770.0 3.20183212725136e-10
3923820.0 3.1588612686946746e-10
3936920.0 3.117374734979633e-10
3950070.0 3.0761244382865354e-10
3963250.0 3.035124904623471e-10
3976490.0 2.994965323234642e-10
3989760.0 2.9556613680430756e-10
4003080.0 2.916581567527444e-10
4016450.0 2.8777251510443255e-10
4029850.0 2.8397106557613977e-10
4043310.0 2.8019065541173345e-10
4056810.0 2.76492725914453e-10
4070350.0 2.728166452273657e-10
4083940.0 2.692213657763804e-10
4097570.0 2.656473415210415e-10
4111250.0 2.621531519628687e-10
4124980.0 2.5867900324809194e-10
4138750.0 2.552254385090388e-10
4152570.0 2.5185048020951883e-10
4166430.0 2.4849552580458534e-10
4180340.0 2.45218229788903e-10
4194300.0 2.419597872954932e-10
4208300.0 2.3877865008545454e-10
4222350.0 2.3561581831343906e-10
4236450.0 2.3247122183830345e-10
4250590.0 2.2940270908777346e-10
4264780.0 2.2635189029350104e-10
4279020.0 2.2337569450804683e-10
4293300.0 2.2041718816335404e-10
4307640.0 2.1747526802834806e-10
4322020.0 2.1460731541291468e-10
4336450.0 2.1175594210753449e-10
4350930.0 2.0897713755608507e-10
4365450.0 2.0621487797628576e-10
4380030.0 2.034681454273729e-10
4394650.0 2.0079330985045965e-10
4409320.0 1.9813396561201933e-10
4424040.0 1.9549004877226594e-10
4438810.0 1.9291644149037893e-10
4453630.0 1.9035776746908982e-10
4468500.0 1.878139640180857e-10
4483420.0 1.8533936786195728e-10
4498380.0 1.8287956088736322e-10
4513400.0 1.8048770011803173e-10
4528470.0 1.780558811602075e-10
4543590.0 1.7569194024236177e-10
4558760.0 1.7339527975532978e-10
4573980.0 1.7111198306704922e-10
4589250.0 1.6884199184630092e-10
4604570.0 1.665852476674806e-10
4619940.0 1.643944840814497e-10
4635370.0 1.6221614924423604e-10
4650840.0 1.6005089202321643e-10
4666370.0 1.579502280692797e-10
4681950.0 1.5586183552879322e-10
4697580.0 1.5378565898876066e-10
4713260.0 1.517733898011563e-10
4729000.0 1.4972099012742367e-10
4744780.0 1.477323655837283e-10
4760620.0 1.4580631955491617e-10
4776520.0 1.4389124057361592e-10
4792460.0 1.4198768395559914e-10
4808460.0 1.400949999116169e-10
4824520.0 1.382131508834405e-10
4840620.0 1.3639304764446002e-10
4856780.0 1.3458334902492515e-10
4873000.0 1.3278401835949638e-10
4889270.0 1.3104517059147125e-10
4905590.0 1.2931653908494178e-10
4921970.0 1.2759781565544617e-10
4938400.0 1.258892192761974e-10
4954890.0 1.2423967361311696e-10
4971430.0 1.2259983793480368e-10
4988030.0 1.2096942244123332e-10
5004680.0 1.1934863050881754e-10
5021390.0 1.1778575179653041e-10
5038150.0 1.1623208683590024e-10
5054970.0 1.1468736320314499e-10
5071850.0 1.1315154676295885e-10
5088780.0 1.1167275077559078e-10
5105770.0 1.1020246680400974e-10
5122820.0 1.0874066181829672e-10
5139920.0 1.0728751136556694e-10
5157080.0 1.058900598446388e-10
5174290.0 1.0445373144251441e-10
5191570.0 1.0307251611192239e-10
5208900.0 1.0174631170497513e-10
5226290.0 1.0038108245916895e-10
5243740.0 9.907028724048144e-11
5261250.0 9.772071511900921e-11
5278810.0 9.642538621180896e-11
5296430.0 9.518361796927711e-11
5314120.0 9.39029510605501e-11
5331860.0 9.267565671682109e-11
5349660.0 9.145547637689289e-11
5367520.0 9.024238018426907e-11
5385440.0 8.903633820429288e-11
5403420.0 8.783732042876294e-11
5421460.0 8.669028395429134e-11
5439560.0 8.554991207790309e-11
5457720.0 8.441617610249787e-11
5475940.0 8.328904727476395e-11
5494220.0 8.216849678924708e-11
5512560.0 8.10987395127582e-11
5530970.0 8.00350637496648e-11
5549430.0 7.897773385852543e-11
5567960.0 7.792643529507215e-11
5586550.0 7.68812851804035e-11
5605200.0 7.588576838417959e-11
5623910.0 7.485268754408173e-11
5642690.0 7.386876529252127e-11
5661530.0 7.2890598204174e-11
5680430.0 7.191816001135431e-11
5699390.0 7.09942178126264e-11
5718420.0 7.00328937506383e-11
5737510.0 6.911973341525024e-11
5756660.0 6.821191855227504e-11
5775880.0 6.726708108124822e-11
5795170.0 6.64118819335333e-11
5814510.0 6.55198472804349e-11
5833930.0 6.46328407430958e-11
5853400.0 6.379284281709147e-11
5872940.0 6.295766408217308e-11
5892550.0 6.212728636056579e-11
5912220.0 6.13017950605942e-11
5931960.0 6.048106466367619e-11
5951770.0 5.966507675725624e-11
5971630.0 5.889485242791607e-11
5991570.0 5.8128958072207746e-11
6011570.0 5.732700091089218e-11
6031640.0 5.657014221314162e-11
6051780.0 5.58176579933598e-11
6071990.0 5.510969816600873e-11
6092260.0 5.4365865849390004e-11
6112600.0 5.362635271278771e-11
6133000.0 5.2930995184763505e-11
6153480.0 5.2239569047778335e-11
6174020.0 5.155222905337065e-11
6194630.0 5.086887240982269e-11
6215320.0 5.01894018283899e-11
6236070.0 4.951396357770147e-11
6256880.0 4.888151744757007e-11
6277770.0 4.821379865196091e-11
6298730.0 4.758870197685505e-11
6319760.0 4.6928638853159714e-11
6340860.0 4.631090746649509e-11
6362030.0 4.569677080387166e-11
6383270.0 4.5124421959293293e-11
6404580.0 4.451730090020791e-11
6425960.0 4.391372822719237e-11
6447410.0 4.335151684809118e-11
6468940.0 4.275480206663025e-11
6490540.0 4.219916855664545e-11
6512200.0 4.1646837272564125e-11
6533950.0 4.1097601893056214e-11
6555760.0 4.0551639793384314e-11
6577650.0 4.0008811702449917e-11
6599610.0 3.94691659806204e-11
6621640.0 3.896952127622337e-11
6643750.0 3.8436016265849e-11
6665930.0 3.794224083246657e-11
6688180.0 3.741488172194923e-11
6710510.0 3.6926925375453723e-11
6732910.0 3.6441826842682513e-11
6755390.0 3.595951954417067e-11
6777940.0 3.54836435135105e-11
6800570.0 3.501409798219419e-11
6823280.0 3.455083647892451e-11
6846060.0 3.409029993091818e-11
6868910.0 3.3639576758595585e-11
6891840.0 3.319499600354137e-11
6914850.0 3.275651199050552e-11
6937940.0 3.232056382990449e-11
6961100.0 3.18941945283397e-11
6984340.0 3.147029246061953e-11
7007660.0 3.1052328020183625e-11
7031050.0 3.0643768816338104e-11
7054530.0 3.023753311677859e-11
7078080.0 2.9837143388721343e-11
7101710.0 2.9442511855836436e-11
7125420.0 2.9050171620281135e-11
7149210.0 2.866693608022879e-11
7173070.0 2.8285966583580153e-11
7197020.0 2.7913951855338396e-11
7221050.0 2.7544099714326003e-11
7245160.0 2.7179767226493097e-11
7269340.0 2.6817593260910027e-11
7293610.0 2.646418216829609e-11
7317960.0 2.611282980690635e-11
7342390.0 2.5766848933294125e-11
7366910.0 2.5426162866283043e-11
7391500.0 2.5087499563440302e-11
7416180.0 2.475735915225442e-11
7440940.0 2.4429146125672744e-11
7465780.0 2.4106118712753286e-11
7490700.0 2.3784979688712015e-11
7515710.0 2.347217960483419e-11
7540800.0 2.3161208704840558e-11
7565980.0 2.2852028451710813e-11
7591240.0 2.2551087448343837e-11
7616580.0 2.225190885379742e-11
7642010.0 2.195764732188073e-11
7667520.0 2.166511165056174e-11
7693120.0 2.1380606644407207e-11
7718810.0 2.1097742824804448e-11
7744570.0 2.0816567478741308e-11
7770430.0 2.0540130896292882e-11
7796370.0 2.0268448554707555e-11
7822400.0 2.0001455923091156e-11
7848520.0 1.9736007982028607e-11
7874720.0 1.947522039358514e-11
7901010.0 1.921594349436774e-11
7927390.0 1.896124771147058e-11
7953850.0 1.8711119633733827e-11
7980410.0 1.8462418886011223e-11
8007050.0 1.8218232098187295e-11
8033780.0 1.7978499281509704e-11
8060600.0 1.7740158374540786e-11
8087510.0 1.7503203486591042e-11
8114510.0 1.7273640071739856e-11
8141600.0 1.7045410848878305e-11
8168780.0 1.6818510087910493e-11
8196060.0 1.659588757536597e-11
8223420.0 1.6374582814204623e-11
8250870.0 1.615752555880263e-11
8278420.0 1.594466137560885e-11
8306060.0 1.5733038810552508e-11
8333790.0 1.5525578959492194e-11
8361610.0 1.5319330249901053e-11
8389520.0 1.511719442366935e-11
8417530.0 1.4916221850311182e-11
8445640.0 1.4719295930015482e-11
8473830.0 1.4523539420203382e-11
8502120.0 1.4331781159071717e-11
8530510.0 1.4141129007671476e-11
8558990.0 1.3954444532665079e-11
8587560.0 1.3768854017909461e-11
8616230.0 1.3587167290773433e-11
8645000.0 1.3406530577388428e-11
8673860.0 1.322976677898927e-11
8702810.0 1.3054040350838954e-11
8731870.0 1.2882110081128595e-11
8761020.0 1.2711189816085793e-11
8790270.0 1.254403510555219e-11
8819620.0 1.2377848788501156e-11
8849060.0 1.221264066429642e-11
8878600.0 1.2051139467697145e-11
8908250.0 1.189056254135132e-11
8937990.0 1.1733661623746346e-11
8967830.0 1.1577672274548505e-11
8997770.0 1.1425301254381777e-11
9027800.0 1.1273828505440214e-11
9057940.0 1.1125917671294608e-11
9088180.0 1.097618344105208e-11
9118530.0 1.0832661204355584e-11
9148970.0 1.0687320201275732e-11
9179510.0 1.0548142206354825e-11
9210160.0 1.040711477445647e-11
9240910.0 1.0269551069526543e-11
9271760.0 1.0132790552892769e-11
9302710.0 9.99945141962055e-12
9333770.0 9.866880295416273e-12
9364930.0 9.735084605445717e-12
9396200.0 9.606646311226315e-12
9427570.0 9.47895950547306e-12
9459040.0 9.354599206348562e-12
9490620.0 9.230956659167255e-12
9522300.0 9.108038572659186e-12
9554090.0 8.988384987851059e-12
9585990.0 8.869423247543895e-12
9617990.0 8.751159648208058e-12
9650100.0 8.63610936978401e-12
9682320.0 8.521725379231087e-12
9714650.0 8.408004932583344e-12
9747080.0 8.297456035976266e-12
9779620.0 8.187548231931945e-12
9812270.0 8.078278838718162e-12
9845030.0 7.972122520495166e-12
9877900.0 7.866582740776074e-12
9910870.0 7.761664710794657e-12
9943960.0 7.659802717003449e-12
9977160.0 7.558533061439707e-12
10010500.0 7.457830838896552e-12
10043900.0 7.357753214017872e-12
10077400.0 7.2606871828163e-12
10111100.0 7.1641226499541935e-12
10144800.0 7.070603821872232e-12
10178700.0 6.977567152809985e-12
10212700.0 6.8850807234604525e-12
10246800.0 6.793141764322729e-12
10281000.0 6.70411981063889e-12
10315300.0 6.6132596142968215e-12
10349700.0 6.527651744322152e-12
10384300.0 6.440138285751304e-12
10419000.0 6.355485973661796e-12
10453700.0 6.271395651151002e-12
10488600.0 6.1877437481925334e-12
10523700.0 6.106848261779213e-12
10558800.0 6.0241807223681555e-12
10594000.0 5.944307097086517e-12
10629400.0 5.8671466854259846e-12
10664900.0 5.7881573154235535e-12
10700500.0 5.711917998672308e-12
10736200.0 5.63613179116684e-12
10772100.0 5.560744676326606e-12
10808000.0 5.488115001455304e-12
10844100.0 5.4158663368652095e-12
10880300.0 5.344047990539885e-12
10916600.0 5.27265765525367e-12
10953100.0 5.203872272101233e-12
10989700.0 5.133277759303994e-12
11026300.0 5.065363849671504e-12
11063200.0 4.999968350584045e-12
11100100.0 4.932810396337981e-12
11137200.0 4.86820000726751e-12
11174300.0 4.804018646491344e-12
11211600.0 4.740177494919256e-12
11249100.0 4.676676573466786e-12
11286600.0 4.615758554345192e-12
11324300.0 4.553009805464439e-12
11362100.0 4.492784520195048e-12
11400000.0 4.432919741560997e-12
11438100.0 4.3755075342077165e-12
11476300.0 4.316313688550185e-12
11514600.0 4.259593772873952e-12
11553000.0 4.2032135488929555e-12
11591600.0 4.1471353224392e-12
11630300.0 4.093491233515116e-12
11669100.0 4.038078237942666e-12
11708100.0 3.9850476213853125e-12
11747200.0 3.932335649814934e-12
11786400.0 3.879940493710599e-12
11825800.0 3.829890370289869e-12
11865200.0 3.778117084460316e-12
11904800.0 3.728672614108752e-12
11944600.0 3.6794943859438736e-12
11984500.0 3.630612503504403e-12
12024500.0 3.5820252363218294e-12
12064600.0 3.5337308621964395e-12
12104900.0 3.4877137260363313e-12
12145300.0 3.441973636265816e-12
12185900.0 3.396481090997074e-12
12226500.0 3.3512906759107892e-12
12267400.0 3.306318532962591e-12
12308300.0 3.2636268298502657e-12
12349400.0 3.2191907810977095e-12
12390600.0 3.176992298247767e-12
12432000.0 3.1350230782858355e-12
12473500.0 3.093307656057261e-12
12515200.0 3.0518201216449577e-12
12556900.0 3.0125504655870804e-12
12598900.0 2.971534108526232e-12
12640900.0 2.932719729989999e-12
12683100.0 2.8941167845203468e-12
12725500.0 2.8557249887760367e-12
12768000.0 2.8175661105567737e-12
12810600.0 2.7796387253140614e-12
12853300.0 2.7438389538691587e-12
12896300.0 2.708213254733885e-12
12939300.0 2.6709394134106196e-12
12982500.0 2.635750566008255e-12
13025900.0 2.600755194993076e-12
13069300.0 2.5659922463879815e-12
13113000.0 2.533261454534835e-12
13156800.0 2.498875321094296e-12
13200700.0 2.466546305284589e-12
13244700.0 2.4344132218749478e-12
13289000.0 2.4006033690289156e-12
13333300.0 2.3688474090151802e-12
13377800.0 2.337266826101373e-12
13422500.0 2.3076783572474944e-12
13467300.0 2.2764583649099176e-12
13512300.0 2.2472171533852033e-12
13557400.0 2.2163547088146493e-12
13602700.0 2.1874577792070163e-12
13648100.0 2.158736859867295e-12
13693600.0 2.130190829372143e-12
13739300.0 2.1018032756418393e-12
13785200.0 2.0735738581204097e-12
13831200.0 2.0455170160866025e-12
13877400.0 2.0193746071433605e-12
13923700.0 1.991639706192091e-12
13970200.0 1.9658063590629393e-12
14016900.0 1.9401167317777343e-12
14063700.0 1.914584102187161e-12
14110600.0 1.889207451008733e-12
14157700.0 1.8639725999617228e-12
14205000.0 1.838879204417623e-12
14252400.0 1.8156509033822575e-12
14300000.0 1.7908459549398282e-12
14347700.0 1.7678931809455522e-12
14395600.0 1.743374031824082e-12
14443700.0 1.7206823077978434e-12
14491900.0 1.6981294989444217e-12
14540300.0 1.6753676883625428e-12
14588800.0 1.6532471208971753e-12
14637500.0 1.6312508553777306e-12
14686400.0 1.6097106926888894e-12
14735400.0 1.588468232980071e-12
14784600.0 1.5673453785292115e-12
14834000.0 1.5466706276000513e-12
14883500.0 1.5261228673521241e-12
14933200.0 1.505854489612768e-12
14983100.0 1.4860263066790704e-12
15033100.0 1.4663200036533362e-12
15083300.0 1.446886868249828e-12
15133600.0 1.4277343866930646e-12
15184200.0 1.4088415913039585e-12
15234900.0 1.390065170555564e-12
15285700.0 1.3717234517479808e-12
15336700.0 1.3534855911552845e-12
15387900.0 1.3356682645862098e-12
15439300.0 1.3179520387181428e-12
15490900.0 1.3004940381623905e-12
15542600.0 1.283300621632957e-12
15594500.0 1.2662049689194923e-12
15646500.0 1.2495265047841617e-12
15698800.0 1.2329349712331995e-12
15751200.0 1.2166007388211685e-12
15803800.0 1.200513961824251e-12
15856500.0 1.1846802575644103e-12
15909500.0 1.1689294106201985e-12
15962600.0 1.1534287255264113e-12
16015900.0 1.1381688978794582e-12
16069300.0 1.1231550901807298e-12
16123000.0 1.1082201159669286e-12
16176800.0 1.0935283078521244e-12
16230800.0 1.079070870987479e-12
16285000.0 1.0648460065593352e-12
16339400.0 1.0507026537580312e-12
16393900.0 1.036795614615378e-12
16448700.0 1.0229620767642497e-12
16503600.0 1.0095098597256917e-12
16558700.0 9.96134813111279e-13
16614000.0 9.829834537375957e-13
16669400.0 9.699135344359785e-13
16725100.0 9.570588638089848e-13
16780900.0 9.444292437765599e-13
16836900.0 9.318722680949873e-13
16893100.0 9.195320365190987e-13
16949500.0 9.074068298880173e-13
17006100.0 8.953515197636795e-13
17062900.0 8.835087739454104e-13
17119900.0 8.717344282182242e-13
17177000.0 8.601752097564814e-13
17234400.0 8.488193311026119e-13
17291900.0 8.376750469038393e-13
17349600.0 8.264545260711644e-13
17407600.0 8.155745577081154e-13
17465700.0 8.047622423375704e-13
17524000.0 7.941517394923926e-13
17582500.0 7.836026884535233e-13
17641200.0 7.732530903927925e-13
17700100.0 7.629635181010608e-13
17759200.0 7.52871057079019e-13
17818500.0 7.428372077904896e-13
17878000.0 7.329981462571783e-13
17937600.0 7.233562958361599e-13
17997500.0 7.137664078675133e-13
18057600.0 7.043674087716145e-13
18117900.0 6.950230940491471e-13
18178400.0 6.857332279359999e-13
18239100.0 6.767650174086584e-13
18300000.0 6.677157259940365e-13
18361100.0 6.588521223672517e-13
18422400.0 6.501726476429615e-13
18483900.0 6.415438010310618e-13
18545600.0 6.330968696322719e-13
18607500.0 6.246992420812297e-13
18669600.0 6.163506978510895e-13
18731900.0 6.083114234777391e-13
18794500.0 6.001860946899759e-13
18857200.0 5.922409117733657e-13
18920200.0 5.843391235998918e-13
18983300.0 5.766152256357168e-13
19046700.0 5.690615960203187e-13
19110300.0 5.615522094906884e-13
19174100.0 5.540868607725841e-13
19238100.0 5.466653445636163e-13
19302300.0 5.394138115661281e-13
19366800.0 5.323280472959042e-13
19431400.0 5.25286620508443e-13
19496300.0 5.182838820250613e-13
19561400.0 5.114470652477079e-13
19626700.0 5.046504606045757e-13
19692200.0 4.980177293442586e-13
19758000.0 4.914215135356915e-13
19823900.0 4.848666407257591e-13
19890100.0 4.784706107743264e-13
19956500.0 4.721122837993376e-13
20023200.0 4.659109557690282e-13
20090000.0 4.597485170466565e-13
20157100.0 4.5362017181937144e-13
20224400.0 4.476486612669373e-13
20291900.0 4.4171240763426986e-13
20359600.0 4.358112351922746e-13
20427600.0 4.300622591592404e-13
20495800.0 4.243472899999982e-13
20564200.0 4.187847584246651e-13
20632900.0 4.132530992740251e-13
20701800.0 4.0775421532550636e-13
20770900.0 4.0228793926310863e-13
20840200.0 3.9697113569392366e-13
20909800.0 3.9180059724008755e-13
20979600.0 3.8654442566203304e-13
21049600.0 3.8143535737978224e-13
21119900.0 3.7635481061859856e-13
21190400.0 3.7141956699731414e-13
21261200.0 3.665118817477862e-13
21332200.0 3.6163338277028055e-13
21403400.0 3.5689786843595854e-13
21474800.0 3.5207690246234384e-13
21546500.0 3.4750944311058543e-13
21618500.0 3.428547033944189e-13
21690600.0 3.383417497126005e-13
21763100.0 3.3385256270016766e-13
21835700.0 3.2939167777006947e-13
21908600.0 3.250672325434607e-13
21981700.0 3.2076855218292583e-13
22055100.0 3.164940624226224e-13
22128800.0 3.1235391301782316e-13
22202600.0 3.081300110350393e-13
22276800.0 3.040381229466616e-13
22351100.0 3.0008118138005244e-13
22425800.0 2.9603642088109753e-13
22500600.0 2.9212561457386986e-13
22575700.0 2.883449284319062e-13
22651100.0 2.844778680366817e-13
22726700.0 2.807413145861499e-13
22802600.0 2.770258931755335e-13
22878700.0 2.733327343443373e-13
22955100.0 2.6966053847568325e-13
23031800.0 2.6611513585201313e-13
23108700.0 2.6259099581844223e-13
23185800.0 2.590879980083877e-13
23263200.0 2.557097658537942e-13
23340900.0 2.5235069538008796e-13
23418800.0 2.490117882463749e-13
23497000.0 2.4569188353284735e-13
23575400.0 2.4239194703625064e-13
23654100.0 2.3921396250879986e-13
23733100.0 2.3605407102318635e-13
23812300.0 2.3291319004973747e-13
23891800.0 2.2979024760973825e-13
23971600.0 2.2678692627514198e-13
24051600.0 2.2380167331703692e-13
24131900.0 2.2083346814825585e-13
24212500.0 2.1788225148422285e-13
24293300.0 2.150492448432476e-13
24374400.0 2.1213234638823177e-13
24455800.0 2.0933195681572623e-13
24537500.0 2.0654762201458007e-13
24619400.0 2.038791783108179e-13
24701600.0 2.0112724876907046e-13
24784000.0 1.9849038151697316e-13
24866800.0 1.9586783916061793e-13
24949800.0 1.932611544045181e-13
25033100.0 1.9066947032067286e-13
25116700.0 1.88189835704567e-13
25200500.0 1.857251790796754e-13
25284600.0 1.8317822479770104e-13
25369100.0 1.8083758719506344e-13
25453800.0 1.784152685362007e-13
25538700.0 1.7600763904283333e-13
25624000.0 1.7370843669269197e-13
25709500.0 1.7142315768116344e-13
25795400.0 1.691504052270639e-13
25881500.0 1.6689144962944716e-13
25967900.0 1.6464557180884355e-13
26054600.0 1.6250632887855008e-13
26141600.0 1.603794354065273e-13
26228900.0 1.58264841485822e-13
26316400.0 1.5616309043302574e-13
26404300.0 1.540729352906868e-13
26492400.0 1.5199550276758935e-13
26580900.0 1.500213413156875e-13
26669600.0 1.4805917168747302e-13
26758600.0 1.4610837260149274e-13
26848000.0 1.4416835939184953e-13
26937600.0 1.4224016715707597e-13
27027500.0 1.4032320194870124e-13
27117800.0 1.3850684480896188e-13
27208300.0 1.3661189894328345e-13
27299200.0 1.3481688494573038e-13
27390300.0 1.3303281384294537e-13
27481700.0 1.3125913813535445e-13
27573500.0 1.295837958046742e-13
27665500.0 1.2783048812102175e-13
27757900.0 1.2617485134819063e-13
27850600.0 1.2444128606672333e-13
27943500.0 1.228056263122264e-13
28036800.0 1.2117907735481626e-13
28130400.0 1.1956204295379117e-13
28224400.0 1.1804047532868763e-13
28318600.0 1.1644206030640023e-13
28413100.0 1.1493887072345184e-13
28508000.0 1.1335850164439185e-13
28603200.0 1.1187271576739693e-13
28698700.0 1.1039563333522745e-13
28794500.0 1.089272139178446e-13
28890600.0 1.0746741708088654e-13
28987000.0 1.0610034223309124e-13
29083800.0 1.0465702965466341e-13
29180900.0 1.0330581234519343e-13
29278300.0 1.0187921013937076e-13
29376100.0 1.0054372563468581e-13
29474200.0 9.921609404192985e-14
29572600.0 9.78962776152318e-14
29671300.0 9.658423863456466e-14
29770300.0 9.536186541033123e-14
29869700.0 9.406468100512352e-14
29969500.0 9.285624465694003e-14
30069500.0 9.157410946772371e-14
30169900.0 9.038011749018537e-14
30270600.0 8.919316196885984e-14
30371700.0 8.801291829966694e-14
30473100.0 8.683965112671238e-14
30574800.0 8.567332557455306e-14
30676900.0 8.459313615254932e-14
30779300.0 8.344005875590301e-14
30882100.0 8.237253891823618e-14
30985200.0 8.123260156959731e-14
31088600.0 8.017790411326282e-14
31192400.0 7.912918446406423e-14
31296500.0 7.808667285920706e-14
31401000.0 7.702679062161421e-14
31505900.0 7.600393996470472e-14
31611000.0 7.500283459192837e-14
31716600.0 7.40071973804539e-14
31822500.0 7.302514399408431e-14
31928700.0 7.205656695167605e-14
32035300.0 7.110113749119245e-14
32142200.0 7.015897874683755e-14
32249600.0 6.923711846994633e-14
32357200.0 6.831341799589497e-14
32465200.0 6.741003517834295e-14
32573600.0 6.651931366292004e-14
32682400.0 6.564116017038016e-14
32791500.0 6.476824148862884e-14
32901000.0 6.390774823135164e-14
33010800.0 6.306716743222828e-14
33121000.0 6.223140837486496e-14
33231600.0 6.140779255465855e-14
33342500.0 6.058909563874573e-14
33453800.0 5.978969312715273e-14
33565500.0 5.899488911350655e-14
33677600.0 5.821915033934843e-14
33790000.0 5.744804866521093e-14
33902800.0 5.668858523454997e-14
34016000.0 5.5933501016648766e-14
34129600.0 5.51899251628538e-14
34243500.0 5.446505063503204e-14
34357900.0 5.374420011127876e-14
34472600.0 5.3027672545322635e-14
34587600.0 5.232954667265865e-14
34703100.0 5.1635303831778916e-14
34819000.0 5.095208628844461e-14
34935200.0 5.027297031504324e-14
35051900.0 4.961156584806012e-14
35168900.0 4.8954133264024137e-14
35286300.0 4.830742486211491e-14
35404100.0 4.766446695368481e-14
35522300.0 4.703210994787067e-14
35640900.0 4.64102696646529e-14
35759900.0 4.579886233306009e-14
35879300.0 4.519100690919454e-14
35999000.0 4.4593587250021355e-14
36119200.0 4.399951827919704e-14
36239800.0 4.341564109100536e-14
36360800.0 4.2841873543845164e-14
36482200.0 4.2278133918997805e-14
36604000.0 4.171767782117468e-14
36726200.0 4.1160490894045515e-14
36848800.0 4.0619796430447784e-14
36971800.0 4.0082254278657645e-14
37095300.0 3.9547743859008154e-14
37219100.0 3.902301917482805e-14
37343400.0 3.8507789310293305e-14
37468000.0 3.7995673793374924e-14
37593100.0 3.749294227434617e-14
37718600.0 3.699961946892678e-14
37844500.0 3.650918272371414e-14
37970900.0 3.6027947202671666e-14
38097700.0 3.5549531737828035e-14
38224800.0 3.508039561494014e-14
38352500.0 3.461382745103126e-14
38480500.0 3.415642791784868e-14
38609000.0 3.370162479395674e-14
38737900.0 3.325579174427015e-14
38867200.0 3.281257817261982e-14
38997000.0 3.237814287906052e-14
39127100.0 3.195257848197243e-14
39257800.0 3.1529352872276196e-14
39388800.0 3.110869904278641e-14
39520300.0 3.0696617097723276e-14
39652300.0 3.029303734414367e-14
39784700.0 2.98918351194108e-14
39917500.0 2.949299882681174e-14
40050700.0 2.910260656684352e-14
40184500.0 2.872044308495785e-14
40318600.0 2.8340605216160722e-14
40453200.0 2.796294003414085e-14
40588300.0 2.759344890703239e-14
40723800.0 2.7226141930701424e-14
40859700.0 2.686697727602214e-14
40996100.0 2.6509870549946574e-14
41133000.0 2.6160743754737917e-14
41270300.0 2.581368300386973e-14
41408100.0 2.5474506356219246e-14
41546400.0 2.5137277155741996e-14
41685100.0 2.480204765246278e-14
41824200.0 2.4474639030403942e-14
41963900.0 2.4149055709149167e-14
42104000.0 2.383119932011913e-14
42244500.0 2.351522857355223e-14
42385600.0 2.3201024186906834e-14
42527100.0 2.2894424596106406e-14
42669000.0 2.2589646762417564e-14
42811500.0 2.229227397623303e-14
42954400.0 2.1996669420627587e-14
43097800.0 2.1708432512859078e-14
43241700.0 2.1416219352629598e-14
43386100.0 2.1136944190311706e-14
43530900.0 2.0853727355202282e-14
43676300.0 2.057769000765299e-14
43822100.0 2.030886470979987e-14
43968400.0 2.0036047301107164e-14
44115200.0 1.977034401458152e-14
44262400.0 1.95117371528322e-14
44410200.0 1.9254584506148894e-14
44558500.0 1.899892462978842e-14
44707200.0 1.8744793174206406e-14
44856500.0 1.8497536540807265e-14
45006200.0 1.825175816415431e-14
45156500.0 1.801277124878565e-14
45307300.0 1.7769790637284273e-14
45458500.0 1.7538998385609827e-14
45610300.0 1.730416122499681e-14
45762600.0 1.7076025127332946e-14
45915300.0 1.684925570046806e-14
46068600.0 1.6623773091331534e-14
46222400.0 1.640488533633731e-14
46376700.0 1.6187274879526125e-14
46531600.0 1.5976143223179686e-14
46686900.0 1.576105342052502e-14
46842800.0 1.555239738096566e-14
46999200.0 1.5350151732345954e-14
47156100.0 1.5143914920811152e-14
47313500.0 1.4944042982637902e-14
47471500.0 1.4745310110715147e-14
47630000.0 1.4552863664622653e-14
47789000.0 1.43564399256681e-14
47948500.0 1.4166257860682098e-14
48108600.0 1.398223225413887e-14
48269200.0 1.37942316435041e-14
48430300.0 1.3612373444624088e-14
48592000.0 1.3431555260613428e-14
48754300.0 1.3256775976183937e-14
48917000.0 1.3078063588613662e-14
49080300.0 1.2905347691765359e-14
49244200.0 1.2733622153839198e-14
49408600.0 1.2567845111648824e-14
49573500.0 1.239812262066122e-14
49739100.0 1.22342569055466e-14
49905100.0 1.2071381954269141e-14
50071700.0 1.1914315184918982e-14
50238900.0 1.1758149715129486e-14
50406600.0 1.1598066595222502e-14
50574900.0 1.1448554359590245e-14
50743700.0 1.1295116121992518e-14
50913100.0 1.114735445694035e-14
51083100.0 1.0995669101529872e-14
51253700.0 1.0854380243491605e-14
51424800.0 1.0709181891382051e-14
51596500.0 1.0564823683196375e-14
51768700.0 1.0426033676246974e-14
51941500.0 1.0288045088821304e-14
52115000.0 1.0150835237196523e-14
52288900.0 1.0019123732864316e-14
52463500.0 9.883504595782857e-15
52638700.0 9.753307432169224e-15
52814400.0 9.623882965604043e-15
52990700.0 9.499811877005914e-15
53167600.0 9.371870496312215e-15
53345100.0 9.249245732635023e-15
53523200.0 9.12733198434039e-15
53701900.0 9.006126263623947e-15
53881200.0 8.885625574945731e-15
54061100.0 8.765826915490529e-15
54241600.0 8.65122375366271e-15
54422700.0 8.537286669943194e-15
54604400.0 8.424012792887818e-15
54786700.0 8.311399245503193e-15
54969600.0 8.203880073761552e-15
55153100.0 8.092563772449584e-15
55337200.0 7.986306644668007e-15
55522000.0 7.88065482360786e-15
55707300.0 7.775634183946966e-15
55893300.0 7.671213816940887e-15
56079900.0 7.571754237379922e-15
56267100.0 7.472874658179693e-15
56455000.0 7.370239212439922e-15
56643400.0 7.272526366014682e-15
56832500.0 7.179664476250796e-15
57022300.0 7.083054288742187e-15
57212700.0 6.991274803579467e-15
57403700.0 6.895783253991837e-15
57595300.0 6.805088862510979e-15
57787600.0 6.714914548255781e-15
57980500.0 6.625269829245921e-15
58174100.0 6.540333496930549e-15
58368300.0 6.451715679051725e-15
58563200.0 6.367774196403017e-15
58758700.0 6.284325408288193e-15
58954900.0 6.197219446624298e-15
59151700.0 6.118875813651547e-15
59349200.0 6.03687099431107e-15
59547300.0 5.955350142907586e-15
59746100.0 5.878383279868348e-15
59945600.0 5.797790543868718e-15
60145700.0 5.721730506738105e-15
60346500.0 5.646109389139378e-15
60548000.0 5.5709254469888485e-15
60750100.0 5.500200721319788e-15
60952900.0 5.425881255081065e-15
61156400.0 5.351993434299796e-15
61360600.0 5.282510293924448e-15
61565400.0 5.213437271866161e-15
61771000.0 5.144755644126166e-15
61977200.0 5.076480556870686e-15
62184100.0 5.0086018877052855e-15
62391700.0 4.941117977571098e-15
62600000.0 4.877923267740866e-15
62809000.0 4.811210916214979e-15
63018700.0 4.748758582387483e-15
63229100.0 4.686668614850719e-15
63440200.0 4.624939463535945e-15
63652000.0 4.563569575095339e-15
63864500.0 4.5025573931264475e-15
64077700.0 4.441901358392693e-15
64291600.0 4.381599909039983e-15
64506300.0 4.3254257477917264e-15
64721600.0 4.269584699969098e-15
64937700.0 4.210306172791391e-15
65154500.0 4.155119621202188e-15
65372000.0 4.1002552096059555e-15
65590200.0 4.045711489904026e-15
65809200.0 3.991480947463965e-15
66028900.0 3.941262179651261e-15
66249400.0 3.8876480169891005e-15
66470500.0 3.8343549505338486e-15
66692500.0 3.785021240853016e-15
66915100.0 3.735981377472638e-15
67138500.0 3.687222768424211e-15
67362700.0 3.6351237114989666e-15
67587500.0 3.588751388768848e-15
67813200.0 3.5412008645939554e-15
68039600.0 3.4942883272342838e-15
68266700.0 3.4480088723321245e-15
68494700.0 3.4023476869935897e-15
68723300.0 3.3573150672936675e-15
68952800.0 3.312891523307316e-15
69183000.0 3.2690821778298893e-15
69413900.0 3.2258822455681702e-15
69645700.0 3.1829276308872424e-15
69878200.0 3.14092460069092e-15
70111500.0 3.0991647869681413e-15
70345500.0 3.0583449648337257e-15
70580400.0 3.0177573304473323e-15
70816000.0 2.9777539378733284e-15
71052400.0 2.9383260221936065e-15
71289700.0 2.8994651186709885e-15
71527700.0 2.8608340696223885e-15
71766500.0 2.823107479473248e-15
72006100.0 2.785600175117169e-15
72246400.0 2.7486526142441783e-15
72487600.0 2.7122528171203845e-15
72729600.0 2.6764003651773038e-15
72972500.0 2.6410873727560597e-15
73216100.0 2.605983774302154e-15
73460500.0 2.5714170002009923e-15
73705800.0 2.537379393279562e-15
73951800.0 2.5038737021065516e-15
74198700.0 2.4708889241730706e-15
74446400.0 2.438096735270444e-15
74695000.0 2.4058195753875557e-15
74944400.0 2.373731213733239e-15
75194600.0 2.3424795024925013e-15
75445600.0 2.3114105636609146e-15
75697500.0 2.280842749914963e-15
75950200.0 2.2504539988260722e-15
76203800.0 2.220880688026966e-15
76458200.0 2.1914806292444595e-15
76713400.0 2.1622530186320527e-15
76969500.0 2.13382802830777e-15
77226500.0 2.105567028547736e-15
77484300.0 2.0774720535056594e-15
77743000.0 2.050167124672739e-15
78002500.0 2.0230225660897666e-15
78263000.0 1.9960325140794657e-15
78524200.0 1.969825185357671e-15
78786400.0 1.9434573907982313e-15
79049400.0 1.9178621869538045e-15
79313300.0 1.8924152563111915e-15
79578100.0 1.86742247366707e-15
79843800.0 1.8425746990381784e-15
80110400.0 1.8181757771118633e-15
80377800.0 1.7942242934088603e-15
80646200.0 1.7704096913031875e-15
80915400.0 1.7470372302321965e-15
81185500.0 1.723800660850588e-15
81456600.0 1.7009967322498025e-15
81728500.0 1.6786260839879825e-15
82001400.0 1.656383590892892e-15
82275100.0 1.6342727614463788e-15
82549800.0 1.6125844759968917e-15
82825400.0 1.5913172371562127e-15
83101900.0 1.5701740563340686e-15
83379400.0 1.549445039735436e-15
83657700.0 1.5288389243329124e-15
83937000.0 1.5086420533322952e-15
84217300.0 1.4885614711103328e-15
84498400.0 1.4688888493470445e-15
84780500.0 1.4496172673047587e-15
85063600.0 1.4304566925664548e-15
85347500.0 1.4114100014278177e-15
85632500.0 1.3927565339825903e-15
85918400.0 1.3742124235980611e-15
86205200.0 1.3560600881548888e-15
86493000.0 1.3380126660787812e-15
86781800.0 1.3203507827589762e-15
87071500.0 1.3027925967890047e-15
87362200.0 1.285615326076191e-15
87653800.0 1.268538966800675e-15
87946500.0 1.2518375165914654e-15
88240100.0 1.235234268973739e-15
88534700.0 1.2190028576226795e-15
88830300.0 1.202591002884432e-15
89126800.0 1.186823335528266e-15
89424400.0 1.1711458232696711e-15
89722900.0 1.1555607214638859e-15
90022500.0 1.1403359734467106e-15
90323000.0 1.1252010150612904e-15
90624600.0 1.1101529540230285e-15
90927100.0 1.0954621133552975e-15
91230700.0 1.0811230043584046e-15
91535200.0 1.0668685251157162e-15
91840800.0 1.0526959604731661e-15
92147500.0 1.038605002990594e-15
92455100.0 1.0248613594692591e-15
92763800.0 1.0114597941761284e-15
93073400.0 9.978754296908255e-16
93384200.0 9.846296653707513e-16
93695900.0 9.717227519281339e-16
94008700.0 9.58890208968438e-16
94322600.0 9.461317455553507e-16
94637500.0 9.337057719733274e-16
94953500.0 9.213515437233217e-16
95270500.0 9.090697290214605e-16
95588500.0 8.971151450946966e-16
95907600.0 8.852296843527495e-16
96227800.0 8.734130667351337e-16
96549100.0 8.619176247904865e-16
96871400.0 8.504896594055957e-16
97194800.0 8.391279887054376e-16
97519300.0 8.280824380143214e-16
97844900.0 8.171009665120286e-16
98171600.0 8.061833057533497e-16
98499300.0 7.955776060972717e-16
98828100.0 7.850335033600611e-16
99158100.0 7.745499545733523e-16
99489100.0 7.64373421249967e-16
99821300.0 7.542553106158731e-16
100155000.0 7.441931758881775e-16
100489000.0 7.344383866982386e-16
100824000.0 7.24741039343392e-16
101161000.0 7.150937817992808e-16
101499000.0 7.055036361977547e-16
101838000.0 6.96209810646453e-16
102178000.0 6.869709313432544e-16
102519000.0 6.780246253407401e-16
102861000.0 6.688940190303895e-16
103204000.0 6.600538587070384e-16
103549000.0 6.512596855258619e-16
103895000.0 6.427524860231238e-16
104241000.0 6.343017612477569e-16
104589000.0 6.258949818153191e-16
104939000.0 6.17532191196194e-16
105289000.0 6.094566439716503e-16
105641000.0 6.011923490499528e-16
105993000.0 5.934431569775217e-16
106347000.0 5.855049085795757e-16
106702000.0 5.776139199631293e-16
107058000.0 5.69997758966525e-16
107416000.0 5.624216101043664e-16
107774000.0 5.551220969699716e-16
108134000.0 5.476352347122468e-16
108495000.0 5.404178780427227e-16
108857000.0 5.332434927116887e-16
109221000.0 5.263303367514132e-16
109585000.0 5.19240543123577e-16
109951000.0 5.124101985648788e-16
110318000.0 5.056205928916115e-16
110687000.0 4.98866997848226e-16
111056000.0 4.923778979197441e-16
111427000.0 4.857041709422752e-16
111799000.0 4.792886080925e-16
112172000.0 4.729113819552286e-16
112547000.0 4.667848418311382e-16
112922000.0 4.604830062708562e-16
113299000.0 4.54430136991543e-16
113678000.0 4.484095264509584e-16
114057000.0 4.4242892768334475e-16
114438000.0 4.3669343992384665e-16
114820000.0 4.3077984614955907e-16
115203000.0 4.251134919066195e-16
115588000.0 4.194774308868066e-16
115974000.0 4.138752216407998e-16
116361000.0 4.0851627473238225e-16
116750000.0 4.029770442600483e-16
117139000.0 3.976828144932538e-16
117530000.0 3.92416953088487e-16
117923000.0 3.8717944579135964e-16
118316000.0 3.821828720710455e-16
118711000.0 3.7700757285780116e-16
119108000.0 3.7206512482306613e-16
119505000.0 3.6715551477619415e-16
119904000.0 3.622723737259174e-16
120305000.0 3.5741568185142537e-16
120706000.0 3.5279331704619283e-16
121109000.0 3.481958124468023e-16
121514000.0 3.43422433263024e-16
121919000.0 3.3888081494898357e-16
122326000.0 3.3436380327981916e-16
122735000.0 3.3007009197529547e-16
123145000.0 3.2560420042088524e-16
123556000.0 3.213627456328357e-16
123968000.0 3.171468567532861e-16
124382000.0 3.129538653227324e-16
124797000.0 3.0878621934143315e-16
125214000.0 3.046413336666312e-16
125632000.0 3.0052157167214004e-16
126051000.0 2.966202715348052e-16
126472000.0 2.9274019231255276e-16
126894000.0 2.8888358280984604e-16
127318000.0 2.85048061640868e-16
127743000.0 2.812358005284945e-16
128170000.0 2.774444926412648e-16
128597000.0 2.7386802175081107e-16
129027000.0 2.701199109334363e-16
129458000.0 2.665830394356982e-16
129890000.0 2.630676148319714e-16
130323000.0 2.5957350476725443e-16
130758000.0 2.560986190752462e-16
131195000.0 2.5282882899986954e-16
131633000.0 2.493935684205026e-16
132072000.0 2.4616389983867033e-16
132513000.0 2.42951963709898e-16
132956000.0 2.3957428727058464e-16
133400000.0 2.36400104392389e-16
133845000.0 2.3342746109216066e-16
134292000.0 2.3028947009112294e-16
134740000.0 2.2717061381233435e-16
135190000.0 2.2424952370004793e-16
135641000.0 2.21166373711535e-16
136094000.0 2.1827966479449402e-16
136549000.0 2.154089543275851e-16
137004000.0 2.125573115267654e-16
137462000.0 2.0971996997241794e-16
137921000.0 2.0689997256606365e-16
138381000.0 2.0427345760298245e-16
138843000.0 2.014857784727632e-16
139307000.0 1.9888881506864777e-16
139772000.0 1.9613319380636797e-16
140238000.0 1.9356838364051055e-16
140707000.0 1.910164896220669e-16
141176000.0 1.8848155086931503e-16
141648000.0 1.859594603933742e-16
142121000.0 1.8362444313235643e-16
142595000.0 1.8113260424760954e-16
143071000.0 1.786547792561884e-16
143549000.0 1.7636083678447843e-16
144028000.0 1.740809120184134e-16
144509000.0 1.7164494817943728e-16
144991000.0 1.6939219436430714e-16
145475000.0 1.6720236724241158e-16
145961000.0 1.649913824435065e-16
146448000.0 1.6281061491257887e-16
146937000.0 1.606587153285552e-16
147428000.0 1.5851894060657737e-16
147920000.0 1.5642529083645751e-16
148414000.0 1.5435987593451407e-16
148909000.0 1.5230714216978928e-16
149407000.0 1.5029764176407445e-16
149905000.0 1.4830149289702806e-16
150406000.0 1.4633186032503215e-16
150908000.0 1.443905110199489e-16
151412000.0 1.4249236925222471e-16
151917000.0 1.406058965713992e-16
152424000.0 1.387301039577537e-16
152933000.0 1.3689685460393635e-16
153444000.0 1.350899020246136e-16
153956000.0 1.3329407874578334e-16
154470000.0 1.315400360702698e-16
154986000.0 1.2979595290002535e-16
155503000.0 1.2807830525575683e-16
156022000.0 1.263704211470727e-16
156543000.0 1.247034292015545e-16
157066000.0 1.230459296524347e-16
157590000.0 1.214141380653185e-16
158116000.0 1.1980707208803443e-16
158644000.0 1.1822454655999361e-16
159174000.0 1.166663769226725e-16
159705000.0 1.1511782847196596e-16
160238000.0 1.1359334660676641e-16
160773000.0 1.1209274886124303e-16
161310000.0 1.1060073369141537e-16
161849000.0 1.0913234034494915e-16
162389000.0 1.0768805100623196e-16
162931000.0 1.0626700037958525e-16
163475000.0 1.048540900005591e-16
164021000.0 1.0346416037257711e-16
164569000.0 1.0209703343724159e-16
165118000.0 1.0075314202346335e-16
165669000.0 9.941695738808728e-17
166222000.0 9.81031240392831e-17
166777000.0 9.679684281758511e-17
167334000.0 9.55126608265681e-17
167893000.0 9.425040401059821e-17
168453000.0 9.299597261164708e-17
169016000.0 9.177708614223478e-17
169580000.0 9.055137661781014e-17
170146000.0 8.936141211399784e-17
170714000.0 8.817830526054284e-17
171284000.0 8.700202927855692e-17
171856000.0 8.584674915791271e-17
172430000.0 8.471229615061197e-17
173005000.0 8.35989855140121e-17
173583000.0 8.249162505806047e-17
174162000.0 8.139114741479171e-17
174744000.0 8.031054137075076e-17
175327000.0 7.92505685271513e-17
175912000.0 7.819673254257378e-17
176500000.0 7.716238959508495e-17
177089000.0 7.614825807175839e-17
177680000.0 7.51400044113392e-17
178273000.0 7.413760409004097e-17
178869000.0 7.315425907068788e-17
179466000.0 7.219063331839869e-17
180065000.0 7.123260618401468e-17
180666000.0 7.029365363468135e-17
181269000.0 6.936016209391611e-17
181874000.0 6.844551821191973e-17
182482000.0 6.753582893626384e-17
183091000.0 6.664513850628253e-17
183702000.0 6.575963774243205e-17
184315000.0 6.489253643219814e-17
184931000.0 6.403014493211496e-17
185548000.0 6.318628373259302e-17
186168000.0 6.234701138535833e-17
186789000.0 6.15129812631558e-17
187413000.0 6.070953467478546e-17
188038000.0 5.989813136288227e-17
188666000.0 5.910409183454156e-17
189296000.0 5.832758915418947e-17
189928000.0 5.755563183420706e-17
190562000.0 5.678819895615658e-17
191198000.0 5.60380258035796e-17
191837000.0 5.529196216424627e-17
192477000.0 5.456324025959509e-17
193120000.0 5.3838512040128703e-17
193764000.0 5.313090696190776e-17
194411000.0 5.242718091025991e-17
195060000.0 5.172759294228432e-17
195711000.0 5.1044585395472365e-17
196365000.0 5.036533712904338e-17
197020000.0 4.9702725408536125e-17
197678000.0 4.904376053296254e-17
198338000.0 4.8388680077847684e-17
199000000.0 4.774972123396586e-17
199665000.0 4.711429154753342e-17
200331000.0 4.649502313546671e-17
201000000.0 4.5879173819224406e-17
201671000.0 4.526696151443207e-17
202344000.0 4.4670421732909417e-17
203020000.0 4.407718566974001e-17
203698000.0 4.349943355286395e-17
204378000.0 4.2925094662986946e-17
205060000.0 4.2354151849276366e-17
205745000.0 4.178638489097317e-17
206432000.0 4.1233801456207415e-17
207121000.0 4.069626646576743e-17
207812000.0 4.0150172990350653e-17
208506000.0 3.96188265753463e-17
209202000.0 3.910229022667771e-17
209901000.0 3.857700832511439e-17
210601000.0 3.806661359885334e-17
211304000.0 3.7559067299314675e-17
212010000.0 3.706586663049164e-17
212718000.0 3.657559591593885e-17
213428000.0 3.608823977998588e-17
214140000.0 3.5615172453128067e-17
214855000.0 3.514474980085573e-17
215573000.0 3.4676965147828695e-17
216292000.0 3.421212803600176e-17
217014000.0 3.3761143281755e-17
217739000.0 3.3312690418945003e-17
218466000.0 3.2878077191638166e-17
219195000.0 3.2434923984271134e-17
219927000.0 3.20053621217498e-17
220661000.0 3.15894170224992e-17
221398000.0 3.116479129088544e-17
222137000.0 3.075368595268272e-17
222879000.0 3.0344898401027956e-17
223623000.0 2.994946247303814e-17
224369000.0 2.954551529337759e-17
225118000.0 2.915469112530022e-17
225870000.0 2.877687499121045e-17
226624000.0 2.839055347249277e-17
227381000.0 2.80171508950597e-17
228140000.0 2.7645983979963784e-17
228901000.0 2.7277040216985978e-17
229666000.0 2.6920692404890347e-17
230432000.0 2.655601105480539e-17
231202000.0 2.6203842088451464e-17
231973000.0 2.5864413614176068e-17
232748000.0 2.5516316266840113e-17
233525000.0 2.518075794566583e-17
234305000.0 2.4847107061516922e-17
235087000.0 2.4515461683699363e-17
235872000.0 2.4196047955063818e-17
236659000.0 2.3878551441854283e-17
237449000.0 2.3552590351885675e-17
238242000.0 2.3248973189109193e-17
239037000.0 2.2936975250445464e-17
239835000.0 2.263693204492915e-17
240636000.0 2.2338600380036378e-17
241439000.0 2.204206563606246e-17
242245000.0 2.1747227514128812e-17
243054000.0 2.1454080053053994e-17
243866000.0 2.117261848270651e-17
244680000.0 2.0892854277392622e-17
245497000.0 2.061469341898739e-17
246316000.0 2.034811444487463e-17
247139000.0 2.0073108506923066e-17
247964000.0 1.980960434020685e-17
248792000.0 1.9547612053191593e-17
249622000.0 1.9287203312449362e-17
250456000.0 1.902821666313774e-17
251292000.0 1.8780505394279514e-17
252131000.0 1.8534216302222846e-17
252972000.0 1.8289416296871632e-17
253817000.0 1.8045954165436805e-17
254664000.0 1.780396788460534e-17
255515000.0 1.7572856262667422e-17
256368000.0 1.7333630160206922e-17
257223000.0 1.710533967608752e-17
258082000.0 1.6878300222768703e-17
258944000.0 1.6652574180838037e-17
259808000.0 1.6437607082565308e-17
260676000.0 1.6214459756546287e-17
261546000.0 1.6001996450802774e-17
262419000.0 1.5790761400454484e-17
263295000.0 1.558074960850023e-17
264174000.0 1.5371956060756435e-17
265056000.0 1.517357741100878e-17
265941000.0 1.4967174623230513e-17
266829000.0 1.477111558464267e-17
267720000.0 1.4576193837564216e-17
268614000.0 1.4382404595630776e-17
269510000.0 1.4189795710396047e-17
270410000.0 1.4007275682854858e-17
271313000.0 1.3816824226111003e-17
272219000.0 1.3636445680686502e-17
273127000.0 1.3457165282973643e-17
274039000.0 1.3278879129374599e-17
274954000.0 1.310163275757628e-17
275872000.0 1.2925421603927086e-17
276793000.0 1.2759052598311326e-17
277717000.0 1.2584868846114319e-17
278644000.0 1.2420459649093984e-17
279575000.0 1.2256965378120212e-17
280508000.0 1.2094470149563548e-17
281445000.0 1.1932882694095066e-17
282384000.0 1.1780921258284003e-17
283327000.0 1.1621194611615145e-17
284273000.0 1.1470986356371406e-17
285222000.0 1.1313104324387958e-17
286174000.0 1.1164675129013351e-17
287129000.0 1.1017115091578875e-17
288088000.0 1.0870382445258517e-17
289050000.0 1.0724512148933816e-17
290015000.0 1.0587909925496525e-17
290983000.0 1.0443724189394428e-17
291955000.0 1.0308707356257346e-17
292929000.0 1.0174517089771476e-17
293907000.0 1.0032781170061798e-17
294888000.0 9.900155570056794e-18
295873000.0 9.768277389746487e-18
296861000.0 9.645392820760854e-18
297852000.0 9.515039074968248e-18
298846000.0 9.385455649234044e-18
299844000.0 9.26474200243601e-18
300845000.0 9.144738064471232e-18
301849000.0 9.017360280800676e-18
302857000.0 8.898762800354055e-18
303868000.0 8.780865466104536e-18
304883000.0 8.663636376845147e-18
305900000.0 8.555102429365722e-18
306922000.0 8.439203625580439e-18
307946000.0 8.324020046364703e-18
308974000.0 8.21738742049208e-18
310006000.0 8.11135734314954e-18
311041000.0 7.998112359939176e-18
312079000.0 7.89335793247587e-18
313121000.0 7.789198533060487e-18
314167000.0 7.687184872563007e-18
315215000.0 7.585800123238336e-18
316268000.0 7.48496895618476e-18
317324000.0 7.38550577323524e-18
318383000.0 7.288165820613317e-18
319446000.0 7.19138121292037e-18
320512000.0 7.095933143171483e-18
321583000.0 7.002525869068236e-18
322656000.0 6.909695866560555e-18
323733000.0 6.818150385202439e-18
324814000.0 6.7278800296412944e-18
325899000.0 6.6388754350472405e-18
326987000.0 6.550401413099034e-18
328078000.0 6.463941930426122e-18
329174000.0 6.378699625726989e-18
330272000.0 6.293984959511462e-18
331375000.0 6.210474014816662e-18
332481000.0 6.128195442552685e-18
333591000.0 6.047121077529773e-18
334705000.0 5.9672418457342945e-18
335823000.0 5.887822443902769e-18
336944000.0 5.810326058656027e-18
338069000.0 5.7332757822717635e-18
339197000.0 5.6574056183552815e-18
340330000.0 5.58195638533682e-18
341466000.0 5.508387986039247e-18
342606000.0 5.435244004658632e-18
343750000.0 5.363232288124102e-18
344897000.0 5.29235941973584e-18
346049000.0 5.222585734095433e-18
347204000.0 5.153230534807633e-18
348363000.0 5.0849769771189685e-18
349526000.0 5.017816445461076e-18
350693000.0 4.951044894401544e-18
351864000.0 4.885353885455406e-18
353039000.0 4.820734899302309e-18
354217000.0 4.757192886962179e-18
355400000.0 4.694006070814225e-18
356586000.0 4.631883524471115e-18
357777000.0 4.570790675504924e-18
358971000.0 4.510065527753476e-18
360170000.0 4.450358402364573e-18
361372000.0 4.39101103294141e-18
362579000.0 4.333342759893244e-18
363789000.0 4.276021897535555e-18
365004000.0 4.2190232863908094e-18
366222000.0 4.163034763974877e-18
367445000.0 4.108025296853708e-18
368671000.0 4.054009372138848e-18
369902000.0 4.000297438968136e-18
371137000.0 3.946899277901643e-18
372376000.0 3.8944684606402115e-18
373619000.0 3.84299704741869e-18
374867000.0 3.792467025326516e-18
376118000.0 3.7422424848229194e-18
377374000.0 3.692302017177066e-18
378634000.0 3.643298541908853e-18
379898000.0 3.5952242838010266e-18
381166000.0 3.5480715121001214e-18
382439000.0 3.500547906545829e-18
383716000.0 3.4545748626812015e-18
384997000.0 3.4088713812982434e-18
386282000.0 3.3634362003996547e-18
387572000.0 3.318888788930227e-18
388866000.0 3.27523045266786e-18
390164000.0 3.2318285764730054e-18
391466000.0 3.1886819397211693e-18
392773000.0 3.1464022727686178e-18
394085000.0 3.1049825588712997e-18
395400000.0 3.063814475324845e-18
396720000.0 3.0234959960109875e-18
398045000.0 2.98340745275412e-18
399374000.0 2.943555433066621e-18
400707000.0 2.9045474416043906e-18
402045000.0 2.8663691178942143e-18
403387000.0 2.828416018177553e-18
404734000.0 2.790680132248334e-18
406085000.0 2.753768075968315e-18
407441000.0 2.7176660713506406e-18
408801000.0 2.681180716929196e-18
410166000.0 2.64609433027687e-18
411535000.0 2.6106226681082426e-18
412909000.0 2.5765363910553723e-18
414287000.0 2.5420629503345574e-18
415671000.0 2.508368634038963e-18
417058000.0 2.475464946403987e-18
418451000.0 2.4427443613591515e-18
419848000.0 2.4102179405233384e-18
421249000.0 2.378463662095278e-18
422656000.0 2.3468865850599662e-18
424067000.0 2.3154972063288023e-18
425482000.0 2.2848677670518482e-18
426903000.0 2.254981007134313e-18
428328000.0 2.2247023550951096e-18
429758000.0 2.195166489003307e-18
431193000.0 2.166367046246984e-18
432632000.0 2.1377388902431353e-18
434077000.0 2.10927139045598e-18
435526000.0 2.0815336841190647e-18
436980000.0 2.0539564311051287e-18
438439000.0 2.0265389785557367e-18
439903000.0 1.9998351030501386e-18
441371000.0 1.97329049587565e-18
442845000.0 1.94689549971931e-18
444323000.0 1.9212072565558195e-18
445807000.0 1.896210921541142e-18
447295000.0 1.870818445502287e-18
448788000.0 1.846117246953541e-18
450287000.0 1.821555580042565e-18
451790000.0 1.7976808341903406e-18
453298000.0 1.7739448457462455e-18
454812000.0 1.750343168815487e-18
456330000.0 1.7268829660630177e-18
457853000.0 1.7040924197835362e-18
459382000.0 1.6814310300507333e-18
460916000.0 1.6594311509727752e-18
462454000.0 1.6375630599297863e-18
463998000.0 1.6158190471764337e-18
465547000.0 1.5942021432567981e-18
467102000.0 1.5732305583901616e-18
468661000.0 1.5523848909628708e-18
470226000.0 1.5316579059472225e-18
471796000.0 1.51156936842134e-18
473371000.0 1.4915983298628144e-18
474951000.0 1.4717442520749848e-18
476537000.0 1.4520035496279235e-18
478128000.0 1.4328889396860349e-18
479724000.0 1.4138863812929254e-18
481325000.0 1.3955020702600471e-18
482932000.0 1.3767175117678677e-18
484545000.0 1.358544087714515e-18
486162000.0 1.3404802279285086e-18
487785000.0 1.3230198721201278e-18
489414000.0 1.3051609719187972e-18
491048000.0 1.2879041390304068e-18
492687000.0 1.2707488758878153e-18
494332000.0 1.2541855419634254e-18
495982000.0 1.2377196012056644e-18
497638000.0 1.2213481268723687e-18
499300000.0 1.2050707692285915e-18
500967000.0 1.1888895495934058e-18
502639000.0 1.1732892256069877e-18
504317000.0 1.1577785701227235e-18
506001000.0 1.1423572428261853e-18
507690000.0 1.1270271214835892e-18
509385000.0 1.1122643728184014e-18
511086000.0 1.0975866601515195e-18
512792000.0 1.0829957644274822e-18
514504000.0 1.0684891706855449e-18
516222000.0 1.0545390097281415e-18
517945000.0 1.0406713475086457e-18
519674000.0 1.0268837877031576e-18
521409000.0 1.0131760094212715e-18
523150000.0 1.0000138974772203e-18
524896000.0 9.864650423525666e-19
526649000.0 9.73456202213552e-19
528407000.0 9.605245880702507e-19
530171000.0 9.476680100897806e-19
531941000.0 9.353446591061194e-19
533717000.0 9.23092669039636e-19
535499000.0 9.1091174171023e-19
537287000.0 8.98801578125556e-19
539080000.0 8.867635234818668e-19
540880000.0 8.747939597893505e-19
542686000.0 8.633436828414776e-19
544498000.0 8.519599755410603e-19
546315000.0 8.406440893217328e-19
548139000.0 8.293926331705072e-19
549969000.0 8.18650355951848e-19
551805000.0 8.075285481431448e-19
553648000.0 7.969109606955344e-19
555496000.0 7.863567489706396e-19
557351000.0 7.758627824929491e-19
559211000.0 7.658677366998289e-19
561078000.0 7.554948366656351e-19
562951000.0 7.45616043295245e-19
564831000.0 7.35793648740104e-19
566717000.0 7.260287368015112e-19
568609000.0 7.163210446130157e-19
570507000.0 7.070978169280475e-19
572412000.0 6.975011346103678e-19
574323000.0 6.883855963463019e-19
576240000.0 6.793234455022289e-19
578164000.0 6.7031327378047015e-19
580094000.0 6.613560302430625e-19
582031000.0 6.524503443865126e-19
583974000.0 6.440147745324633e-19
585923000.0 6.3521238341664e-19
587879000.0 6.268757735483363e-19
589842000.0 6.185871138830683e-19
591811000.0 6.103472527144834e-19
593787000.0 6.025656871719868e-19
595769000.0 5.944203697036717e-19
597758000.0 5.867302201736625e-19
599754000.0 5.786776586729934e-19
601756000.0 5.710781350121045e-19
603765000.0 5.63522476335868e-19
605781000.0 5.56010508149821e-19
607803000.0 5.485429577512585e-19
609833000.0 5.415177683497885e-19
611869000.0 5.341353442299544e-19
613911000.0 5.271940213070076e-19
615961000.0 5.202919644110177e-19
618017000.0 5.134307123696327e-19
620081000.0 5.066084244518244e-19
622151000.0 4.9982658280462485e-19
624228000.0 4.930841907034747e-19
626312000.0 4.867704981443818e-19
628403000.0 4.801052097296997e-19
630501000.0 4.738657038595149e-19
632606000.0 4.676624094436086e-19
634718000.0 4.614951714428123e-19
636837000.0 4.55363834493276e-19
638963000.0 4.492682429288549e-19
641096000.0 4.432082408031019e-19
643236000.0 4.375628424849479e-19
645384000.0 4.3157162028808187e-19
647538000.0 4.259928541502521e-19
649700000.0 4.204459027143119e-19
651869000.0 4.145571411324114e-19
654046000.0 4.0907534215572983e-19
656229000.0 4.039978873254855e-19
658420000.0 3.9857882780665615e-19
660618000.0 3.9319154792512627e-19
662824000.0 3.8783531708257934e-19
665036000.0 3.828779112349906e-19
667257000.0 3.7794827621471596e-19
669484000.0 3.7268370139532124e-19
671719000.0 3.678127513306529e-19
673962000.0 3.6296979930204435e-19
676212000.0 3.581552682344205e-19
678470000.0 3.5340445152446276e-19
680735000.0 3.4875322326742107e-19
683007000.0 3.441293173512037e-19
685288000.0 3.395672031139871e-19
687575000.0 3.3506790667985463e-19
689871000.0 3.3062948290269173e-19
692174000.0 3.262524418427496e-19
694485000.0 3.219358416335883e-19
696803000.0 3.1767968549228467e-19
699130000.0 3.1344771759652475e-19
701464000.0 3.0931028099676347e-19
703806000.0 3.0519681715553576e-19
706155000.0 3.011767309917819e-19
708513000.0 2.971795264900354e-19
710878000.0 2.932402618267915e-19
713252000.0 2.893576652545187e-19
715633000.0 2.855321172803167e-19
718022000.0 2.817627698448688e-19
720419000.0 2.7801533465030756e-19
722824000.0 2.743234602526565e-19
725237000.0 2.7068671608071725e-19
727659000.0 2.6710430655449154e-19
730088000.0 2.6357654544709286e-19
732525000.0 2.6010263518372507e-19
734971000.0 2.566486198279106e-19
737425000.0 2.5324784527980344e-19
739887000.0 2.4989989209665463e-19
742357000.0 2.465714886799423e-19
744835000.0 2.433280377706631e-19
747322000.0 2.4010320504929303e-19
749817000.0 2.3689723731895065e-19
752320000.0 2.3377488757230553e-19
754832000.0 2.3067049494723353e-19
757352000.0 2.2761649574037195e-19
759880000.0 2.246124850479719e-19
762417000.0 2.216257795859006e-19
764962000.0 2.1868848186860647e-19
767516000.0 2.157999110847736e-19
770079000.0 2.1295968369666992e-19
772650000.0 2.1013612368699245e-19
775229000.0 2.0732915264013794e-19
777817000.0 2.0460114218388867e-19
780414000.0 2.0188889685222197e-19
783019000.0 1.9922375587610627e-19
785634000.0 1.9657378710274223e-19
788256000.0 1.9397061973183512e-19
790888000.0 1.9141313133381435e-19
793528000.0 1.888707045010864e-19
796178000.0 1.8637343132399682e-19
798836000.0 1.8389088524805612e-19
801503000.0 1.8145319758964583e-19
804179000.0 1.7906000388434706e-19
806863000.0 1.7668093282220997e-19
809557000.0 1.7434561093546465e-19
812260000.0 1.7205390099324822e-19
814971000.0 1.697757263626186e-19
817692000.0 1.6751060956712735e-19
820422000.0 1.652884330785816e-19
823161000.0 1.6310884255275375e-19
825909000.0 1.6094195491989865e-19
828667000.0 1.588169551383711e-19
831433000.0 1.5670454562346998e-19
834209000.0 1.5463352806719561e-19
836994000.0 1.5257460764289332e-19
839788000.0 1.5055677278056274e-19
842592000.0 1.4857950308876575e-19
845405000.0 1.466137889334643e-19
848227000.0 1.4465957791961523e-19
851059000.0 1.4274530788474862e-19
853901000.0 1.4087064868467156e-19
856751000.0 1.3897866120442757e-19
859612000.0 1.3715421071517932e-19
862481000.0 1.3534060900708412e-19
865361000.0 1.3353733553139221e-19
868250000.0 1.3177275006606622e-19
871149000.0 1.3001837604926702e-19
874057000.0 1.2830222276735098e-19
876975000.0 1.26596007381946e-19
879903000.0 1.2492740772396548e-19
882840000.0 1.2326861957240122e-19
885788000.0 1.2164685566342703e-19
888745000.0 1.2003463520525316e-19
891712000.0 1.184317792589869e-19
894689000.0 1.1686550884611911e-19
897676000.0 1.1533551232048073e-19
900673000.0 1.1378732109792966e-19
903680000.0 1.1230213525290889e-19
906697000.0 1.1079867882999847e-19
909724000.0 1.0933080300095002e-19
912761000.0 1.0789820202187437e-19
915808000.0 1.0647394008584757e-19
918866000.0 1.0505786640118551e-19
921933000.0 1.0365017502903525e-19
925011000.0 1.0227696943910296e-19
928099000.0 1.0093806410411315e-19
931198000.0 9.960686227428812e-20
934307000.0 9.828343950673792e-20
937426000.0 9.696776075589009e-20
940556000.0 9.568562030311748e-20
943696000.0 9.44368293408318e-20
946846000.0 9.316957804869381e-20
950007000.0 9.193533953844572e-20
953179000.0 9.073382810263922e-20
956361000.0 8.951384816910369e-20
959554000.0 8.832636493308092e-20
962758000.0 8.717109577015366e-20
965972000.0 8.602259989519949e-20
969197000.0 8.488075789591765e-20
972432000.0 8.374562843976108e-20
975679000.0 8.264200788964044e-20
978936000.0 8.154487553484522e-20
982204000.0 8.045411842896387e-20
985484000.0 7.939437800569414e-20
988774000.0 7.834087616758221e-20
992075000.0 7.731808924247169e-20
995387000.0 7.627674026523007e-20
998710000.0 7.52658905547023e-20
1002040000.0 7.428556651004512e-20
1005390000.0 7.328601931511729e-20
1008750000.0 7.23165724600393e-20
1012110000.0 7.137766013105515e-20
1015490000.0 7.041955617985512e-20
1018880000.0 6.949106492546587e-20
1022280000.0 6.856806095926383e-20
1025700000.0 6.764985715473706e-20
1029120000.0 6.676145563795288e-20
1032560000.0 6.587766325312464e-20
1036000000.0 6.49997400686898e-20
1039460000.0 6.41498576857384e-20
1042930000.0 6.330500745867183e-20
1046420000.0 6.246456660588252e-20
1049910000.0 6.162971316263544e-20
1053410000.0 6.082296743127203e-20
1056930000.0 6.002042907001406e-20
1060460000.0 5.922266004579488e-20
1064000000.0 5.842963538285463e-20
1067550000.0 5.76641765152824e-20
1071120000.0 5.690272913438467e-20
1074690000.0 5.614634063958397e-20
1078280000.0 5.539393331369115e-20
1081880000.0 5.466855808533108e-20
1085490000.0 5.394749728622934e-20
1089120000.0 5.323023912617543e-20
1092750000.0 5.251774627771336e-20
1096400000.0 5.1831271496881686e-20
1100060000.0 5.1148887236506085e-20
1103730000.0 5.047057135132748e-20
1107420000.0 4.9795852108333314e-20
1111120000.0 4.912517222804043e-20
1114820000.0 4.84808218426013e-20
1118550000.0 4.7839451295978983e-20
1122280000.0 4.720234405644385e-20
1126030000.0 4.659029044035506e-20
1129790000.0 4.596030517627304e-20
1133560000.0 4.5355615266936656e-20
1137340000.0 4.475454068165714e-20
1141140000.0 4.4156674339487824e-20
1144950000.0 4.35836980033967e-20
1148770000.0 4.2992916846606597e-20
1152610000.0 4.2426476222748524e-20
1156460000.0 4.1863435339162694e-20
1160320000.0 4.1324794644488336e-20
1164190000.0 4.0768425596439256e-20
1168080000.0 4.023593476875149e-20
1171980000.0 3.9685829415100216e-20
1175890000.0 3.915978165259826e-20
1179810000.0 3.865756567021562e-20
1183750000.0 3.813742753363608e-20
1187710000.0 3.7640641864466105e-20
1191670000.0 3.712669114638251e-20
1195650000.0 3.663593103693637e-20
1199640000.0 3.61481259796408e-20
1203650000.0 3.568322549948766e-20
1207660000.0 3.520121663246414e-20
1211700000.0 3.47416669147509e-20
1215740000.0 3.428517143702247e-20
1219800000.0 3.383114514271824e-20
1223870000.0 3.3379858455007273e-20
1227960000.0 3.293102697935745e-20
1232060000.0 3.250470758579331e-20
1236170000.0 3.2061226651993277e-20
1240300000.0 3.163983930418065e-20
1244440000.0 3.1220998061421996e-20
1248590000.0 3.080468766059052e-20
1252760000.0 3.041011903401781e-20
1256940000.0 2.999852567317206e-20
1261140000.0 2.960853086457992e-20
1265350000.0 2.922089411583811e-20
1269580000.0 2.881616322567817e-20
1273810000.0 2.845241431556875e-20
1278070000.0 2.8071330705074107e-20
1282330000.0 2.7692779073369175e-20
1286620000.0 2.7335053675841844e-20
1290910000.0 2.6960812539472985e-20
1295220000.0 2.6607470457983367e-20
1299540000.0 2.6256270109305873e-20
1303880000.0 2.590699959283484e-20
1308240000.0 2.555965572094083e-20
1312600000.0 2.5233200508883495e-20
1316990000.0 2.488982024101824e-20
1321380000.0 2.4567179272287652e-20
1325790000.0 2.4246309245364877e-20
1330220000.0 2.3908871995362002e-20
1334660000.0 2.359177220660489e-20
1339120000.0 2.3294640732124703e-20
1343590000.0 2.2981158154496293e-20
1348070000.0 2.2669586351151292e-20
1352570000.0 2.2377779986493912e-20
1357090000.0 2.2087583343969536e-20
1361620000.0 2.1781241071565092e-20
1366170000.0 2.149446853012437e-20
1370730000.0 2.1209445095486023e-20
1375300000.0 2.0926159586760056e-20
1379890000.0 2.0662126328870677e-20
1384500000.0 2.0381932902766994e-20
1389120000.0 2.010345449479991e-20
1393760000.0 1.9844036941862808e-20
1398410000.0 1.9586200862669002e-20
1403080000.0 1.9329798278529527e-20
1407770000.0 1.9074825851462572e-20
1412470000.0 1.8821413417055028e-20
1417180000.0 1.8569550818852912e-20
1421910000.0 1.8319099134077558e-20
1426660000.0 1.807005486241324e-20
1431420000.0 1.783957769670916e-20
1436200000.0 1.7593401007448604e-20
1441000000.0 1.7365542236995586e-20
1445810000.0 1.7139077887221418e-20
1450640000.0 1.6913882173893286e-20
1455480000.0 1.6686715001292888e-20
1460340000.0 1.6465838604933503e-20
1465210000.0 1.6247981182362454e-20
1470100000.0 1.6033008114906377e-20
1475010000.0 1.5820899460256066e-20
1479940000.0 1.561163530795479e-20
1484880000.0 1.540529952862911e-20
1489840000.0 1.5200128047633952e-20
1494810000.0 1.4999481071287245e-20
1499800000.0 1.4799966548776373e-20
1504810000.0 1.4604822723670408e-20
1509830000.0 1.4410878533184616e-20
1514870000.0 1.421964204871947e-20
1519930000.0 1.403269853756221e-20
1525000000.0 1.3846904803967347e-20
1530090000.0 1.36621637706955e-20
1535200000.0 1.3481649573361445e-20
1540330000.0 1.3303743774242776e-20
1545470000.0 1.3126934117475112e-20
1550630000.0 1.2952702485391751e-20
1555810000.0 1.2781029946423816e-20
1561000000.0 1.2611978416785479e-20
1566210000.0 1.2445445615781088e-20
1571440000.0 1.2279860794674225e-20
1576690000.0 1.2118314595602795e-20
1581950000.0 1.1957765057238898e-20
1587230000.0 1.1799667588497604e-20
1592530000.0 1.1642472255268678e-20
1597850000.0 1.148922878752245e-20
1603180000.0 1.1336931658081103e-20
1608540000.0 1.1186951480657026e-20
1613910000.0 1.1037899123116929e-20
1619290000.0 1.0892780500188952e-20
1624700000.0 1.0748424508224471e-20
1630120000.0 1.0604961635262204e-20
1635570000.0 1.0465240097643451e-20
1641030000.0 1.032638369324861e-20
1646500000.0 1.0189867646155303e-20
1652000000.0 1.0054073079090585e-20
1657520000.0 9.922002930395005e-21
1663050000.0 9.790750649540909e-21
1668600000.0 9.66025256996865e-21
1674170000.0 9.531962686235114e-21
1679760000.0 9.4058636139762e-21
1685370000.0 9.281938043067668e-21
1691000000.0 9.158726419324216e-21
1696640000.0 9.037716776772568e-21
1702310000.0 8.917351839094861e-21
1707990000.0 8.799162517292024e-21
1713690000.0 8.683078577947885e-21
1719410000.0 8.56766464576652e-21
1725150000.0 8.454331838127229e-21
1730910000.0 8.343063379463308e-21
1736690000.0 8.232438200109678e-21
1742490000.0 8.123853406897021e-21
1748310000.0 8.01589737988086e-21
1754140000.0 7.910003041427077e-21
1760000000.0 7.804677228385384e-21
1765880000.0 7.701344412112676e-21
1771770000.0 7.600031144335133e-21
1777690000.0 7.49926268963418e-21
1783620000.0 7.399121674388552e-21
1789580000.0 7.300884829202331e-21
1795550000.0 7.204618365430522e-21
1801550000.0 7.108871549195772e-21
1807560000.0 7.015070888099083e-21
1813590000.0 6.921815586505834e-21
1819650000.0 6.83040611447461e-21
1825720000.0 6.7395665506629344e-21
1831820000.0 6.65055156138857e-21
1837940000.0 6.5633830490239934e-21
1844070000.0 6.4754354007329645e-21
1850230000.0 6.3906033309393194e-21
1856400000.0 6.304986468942149e-21
1862600000.0 6.222455537502575e-21
1868820000.0 6.139101425352101e-21
1875060000.0 6.058837205512611e-21
1881320000.0 5.977745462641426e-21
1887600000.0 5.8984212007938785e-21
1893900000.0 5.820849350596312e-21
1900230000.0 5.7437011896297736e-21
1906570000.0 5.667035586443727e-21
1912930000.0 5.592094706108282e-21
1919320000.0 5.518834991507038e-21
1925730000.0 5.4460049049673945e-21
1932160000.0 5.3736024321932094e-21
1938610000.0 5.301625559101626e-21
1945080000.0 5.231326185302119e-21
1951570000.0 5.1626897879751975e-21
1958090000.0 5.094430328805146e-21
1964630000.0 5.0265727671578774e-21
1971190000.0 4.960352472459055e-21
1977770000.0 4.894521974158647e-21
1984370000.0 4.8303084712582834e-21
1990990000.0 4.7652478193039565e-21
1997640000.0 4.7029896346032855e-21
2004310000.0 4.639881410534278e-21
2011000000.0 4.578359108831867e-21
2017720000.0 4.5183863902859056e-21
2024450000.0 4.45878979819431e-21
2031210000.0 4.399523154425818e-21
2037990000.0 4.3406070913243244e-21
2044800000.0 4.283211672158023e-21
2051620000.0 4.22736548193294e-21
2058470000.0 4.170643706842423e-21
2065340000.0 4.115439246825442e-21
2072240000.0 4.0617190086509585e-21
2079160000.0 4.007143722128839e-21
2086100000.0 3.954061763937397e-21
2093060000.0 3.902459801358814e-21
2100050000.0 3.849983484336318e-21
2107060000.0 3.798976812412916e-21
2114100000.0 3.7494088785198934e-21
2121150000.0 3.699002699555044e-21
2128240000.0 3.650007895668406e-21
2135340000.0 3.602463773088756e-21
2142470000.0 3.554046600859517e-21
2149620000.0 3.507052600130957e-21
2156800000.0 3.460322051021663e-21
2164000000.0 3.414997112119876e-21
2171220000.0 3.3699417385669335e-21
2178470000.0 3.3251392273454235e-21
2185750000.0 3.2805889070475e-21
2193040000.0 3.2374317459767396e-21
2200360000.0 3.194517001224612e-21
2207710000.0 3.152948758245519e-21
2215080000.0 3.1105272115155988e-21
2222480000.0 3.06944300508243e-21
2229900000.0 3.0286043159725675e-21
2237340000.0 2.9890999133223947e-21
2244810000.0 2.9487314624954245e-21
2252300000.0 2.909687834751078e-21
2259820000.0 2.87194418481526e-21
2267370000.0 2.8333377188613766e-21
2274940000.0 2.796035034389517e-21
2282530000.0 2.758955605689063e-21
2290150000.0 2.72208629835287e-21
2297800000.0 2.686487899436881e-21
2305470000.0 2.651102748888211e-21
2313170000.0 2.615918334420965e-21
2320890000.0 2.5809451429347286e-21
2328640000.0 2.5472184165748644e-21
2336410000.0 2.5126500283452525e-21
2344210000.0 2.479319503591078e-21
2352040000.0 2.4472158024243726e-21
2359890000.0 2.4142711637920967e-21
2367770000.0 2.382544866749013e-21
2375670000.0 2.351009248575472e-21
2383610000.0 2.319643743726646e-21
2391560000.0 2.2894967586174384e-21
2399550000.0 2.2584954472547357e-21
2407560000.0 2.2286944435507114e-21
2415600000.0 2.1990637682438327e-21
2423660000.0 2.170618091753185e-21
2431750000.0 2.141331587668705e-21
2439870000.0 2.1132129556091494e-21
2448020000.0 2.085255308245364e-21
2456190000.0 2.057466444118548e-21
2464390000.0 2.0308268061070395e-21
2472620000.0 2.0033531551111164e-21
2480870000.0 1.977028963917271e-21
2489150000.0 1.950855759209381e-21
2497460000.0 1.9248329824536223e-21
2505800000.0 1.8989600717061275e-21
2514170000.0 1.8742065479413387e-21
2522560000.0 1.849602628121487e-21
2530980000.0 1.825140196505148e-21
2539430000.0 1.8008187126666463e-21
2547910000.0 1.7766376333793278e-21
2556420000.0 1.7535504662981262e-21
2564950000.0 1.7306030034285997e-21
2573520000.0 1.706833404286988e-21
2582110000.0 1.6850976739274669e-21
2590730000.0 1.6625454004914382e-21
2599380000.0 1.6401237741328763e-21
2608060000.0 1.6187674318189454e-21
2616760000.0 1.5975405617840084e-21
2625500000.0 1.5764303533338884e-21
2634260000.0 1.5554484162164427e-21
2643060000.0 1.5345823390791464e-21
2651880000.0 1.5138433297700996e-21
2660740000.0 1.4941360159988595e-21
2669620000.0 1.47454846647346e-21
2678530000.0 1.45507449643086e-21
2687470000.0 1.4357136283504649e-21
2696450000.0 1.4164601304089072e-21
2705450000.0 1.3982256164900631e-21
2714480000.0 1.3791982655945573e-21
2723540000.0 1.3611776157071523e-21
2732640000.0 1.3432567989105777e-21
2741760000.0 1.3254452740090106e-21
2750910000.0 1.3077375886375375e-21
2760100000.0 1.2901286132570674e-21
2769310000.0 1.2735080300062636e-21
2778560000.0 1.2561017570499068e-21
2787830000.0 1.2396769656666307e-21
2797140000.0 1.2233435481671338e-21
2806480000.0 1.2071055947115359e-21
2815850000.0 1.1909626743512066e-21
2825250000.0 1.1757776286457937e-21
2834680000.0 1.1598206084839711e-21
2844140000.0 1.1448148759263003e-21
2853640000.0 1.1290381121454847e-21
2863170000.0 1.1142062179690782e-21
2872720000.0 1.09946507695223e-21
2882320000.0 1.0848028028192201e-21
2891940000.0 1.071073837982617e-21
2901590000.0 1.0565844153636915e-21
2911280000.0 1.0421767306939967e-21
2921000000.0 1.0286890561206344e-21
2930750000.0 1.0152804549422257e-21
2940540000.0 1.0019471436251446e-21
2950350000.0 9.886956171671284e-22
2960200000.0 9.755187401197867e-22
2970090000.0 9.624163021646305e-22
2980000000.0 9.493944615066114e-22
2989950000.0 9.372621339210111e-22
2999930000.0 9.243880282908875e-22
3009950000.0 9.123974815987332e-22
3020000000.0 9.00477556876004e-22
3030080000.0 8.886279054655182e-22
3040190000.0 8.768481791665595e-22
3050340000.0 8.651351940596157e-22
3060530000.0 8.534887453726096e-22
3070750000.0 8.419113675495101e-22
3081000000.0 8.311943250775573e-22
3091280000.0 8.19751409639819e-22
3101600000.0 8.091602789697818e-22
3111960000.0 7.986291292028081e-22
3122350000.0 7.881602922719319e-22
3132770000.0 7.775198893459784e-22
3143230000.0 7.671730568261619e-22
3153720000.0 7.570423320382808e-22
3164250000.0 7.4704641401508205e-22
3174820000.0 7.371075171816607e-22
3185420000.0 7.273808641174197e-22
3196050000.0 7.177119934466425e-22
3206720000.0 7.08250509386584e-22
3217430000.0 6.988430922398163e-22
3228170000.0 6.895672418842699e-22
3238950000.0 6.804198065315374e-22
3249760000.0 6.714769625522734e-22
3260610000.0 6.625104870312739e-22
3271490000.0 6.5374659764846665e-22
3282420000.0 6.451052852853411e-22
3293370000.0 6.36591521898549e-22
3304370000.0 6.281246804757755e-22
3315400000.0 6.198555446399309e-22
3326470000.0 6.1163389267743725e-22
3337580000.0 6.035326234617868e-22
3348720000.0 5.95552607568221e-22
3359900000.0 5.8761851323495205e-22
3371110000.0 5.798765835428544e-22
3382370000.0 5.721775135411525e-22
3393660000.0 5.645964120060972e-22
3404990000.0 5.57130669642032e-22
3416360000.0 5.4970801030343215e-22
3427760000.0 5.4247215372803745e-22
3439210000.0 5.3527648536885e-22
3450690000.0 5.28194659326504e-22
3462210000.0 5.212242217834081e-22
3473770000.0 5.142940945457217e-22
3485370000.0 5.074740922435316e-22
3497000000.0 5.007647849925566e-22
3508680000.0 4.9409291510058015e-22
3520390000.0 4.875997255752944e-22
3532140000.0 4.811441410818704e-22
3543940000.0 4.747246666263606e-22
3555770000.0 4.684810310941105e-22
3567640000.0 4.622736197663404e-22
3579550000.0 4.56170416358552e-22
3591500000.0 4.501026788053245e-22
3603490000.0 4.441379396490008e-22
3615520000.0 4.38275372152725e-22
3627590000.0 4.324469201054866e-22
3639700000.0 4.267194462314728e-22
3651850000.0 4.210921341663288e-22
3664050000.0 4.1549647299079543e-22
3676280000.0 4.100009492562937e-22
3688550000.0 4.0453748155831713e-22
3700870000.0 3.9923665457006272e-22
3713220000.0 3.939021366447715e-22
3725620000.0 3.8872869970428083e-22
3738060000.0 3.835854813867159e-22
3750540000.0 3.784723455589306e-22
3763060000.0 3.734539692261466e-22
3775620000.0 3.685295692159385e-22
3788220000.0 3.63633983984568e-22
3800870000.0 3.5883030613000337e-22
3813560000.0 3.5405478359083676e-22
3826290000.0 3.4937102820862614e-22
3839070000.0 3.447773754324573e-22
3851880000.0 3.402115553648046e-22
3864740000.0 3.3567166046245883e-22
3877650000.0 3.312205063366136e-22
3890590000.0 3.2685906145341544e-22
3903580000.0 3.2252240133516343e-22
3916610000.0 3.1827353018839715e-22
3929690000.0 3.140488401727462e-22
3942810000.0 3.0984903721094844e-22
3955970000.0 3.057973064506896e-22
3969180000.0 3.0170719449114995e-22
3982430000.0 2.9770247065847165e-22
3995730000.0 2.937816705287492e-22
4009060000.0 2.898847157536333e-22
4022450000.0 2.8606995708090095e-22
4035880000.0 2.822777137033012e-22
4049350000.0 2.785078739801914e-22
4062870000.0 2.748196806656093e-22
4076440000.0 2.712124571031261e-22
4090040000.0 2.6762720689309885e-22
4103700000.0 2.640618597676812e-22
4117400000.0 2.6057687442065456e-22
4131150000.0 2.5711189173730645e-22
4144940000.0 2.537262919426893e-22
4158780000.0 2.5036013482302206e-22
4172660000.0 2.4701393990251896e-22
4186590000.0 2.437452790006638e-22
4200570000.0 2.4055349748070387e-22
4214590000.0 2.373227683001821e-22
4228660000.0 2.3422604785316923e-22
4242780000.0 2.3108965744533394e-22
4256940000.0 2.280292252839909e-22
4271160000.0 2.2504302810204663e-22
4285420000.0 2.22017662999859e-22
4299720000.0 2.1912377530726375e-22
4314080000.0 2.1618953028039663e-22
4328480000.0 2.1332913045303334e-22
4342930000.0 2.1054143551427844e-22
4357430000.0 2.07713873161317e-22
4371980000.0 2.0495850948174442e-22
4386570000.0 2.0227518138364675e-22
4401220000.0 1.996069227441777e-22
4415910000.0 1.969545843638562e-22
4430650000.0 1.9431764114887494e-22
4445450000.0 1.917504619414719e-22
4460290000.0 1.8919862280685106e-22
4475180000.0 1.867161222038019e-22
4490120000.0 1.8424803484291081e-22
4505110000.0 1.8179429950737965e-22
4520150000.0 1.7940881237612e-22
4535240000.0 1.770371953568381e-22
4550380000.0 1.7467938863971228e-22
4565570000.0 1.7233533229949416e-22
4580810000.0 1.700582093250356e-22
4596110000.0 1.6784706301485775e-22
4611450000.0 1.6559626312002352e-22
4626850000.0 1.6341098295813221e-22
4642290000.0 1.612388121885612e-22
4657790000.0 1.591313564014746e-22
4673340000.0 1.5698401132128762e-22
4688950000.0 1.5490094254931592e-22
4704600000.0 1.5288223989890547e-22
4720310000.0 1.5082333595182931e-22
4736060000.0 1.4882833245114187e-22
4751880000.0 1.4689571698227185e-22
4767740000.0 1.4492355515936138e-22
4783660000.0 1.4301366282316394e-22
4799630000.0 1.4111497047185286e-22
4815650000.0 1.3922742582018668e-22
4831730000.0 1.3740117033433816e-22
4847860000.0 1.3558563166594778e-22
4864040000.0 1.3378075918714307e-22
4880280000.0 1.320362076906588e-22
4896580000.0 1.3025182214057938e-22
4912920000.0 1.285278748705566e-22
4929330000.0 1.2686303471757396e-22
4945780000.0 1.2515891581839787e-22
4962290000.0 1.235137524392246e-22
4978860000.0 1.218780312173798e-22
4995480000.0 1.2025195785435784e-22
5012160000.0 1.1868390923294518e-22
5028890000.0 1.170765990937011e-22
5045680000.0 1.1552691222888358e-22
5062530000.0 1.13986153676866e-22
5079430000.0 1.125025270189455e-22
5096390000.0 1.1102743295900438e-22
5113400000.0 1.095610527828917e-22
5130470000.0 1.0810313198247652e-22
5147600000.0 1.0665363738134945e-22
5164790000.0 1.0525975851674887e-22
5182030000.0 1.0387412511992491e-22
5199330000.0 1.0249649801045317e-22
5216690000.0 1.0112684506960824e-22
5234100000.0 9.976532466167243e-23
5251580000.0 9.84579624380723e-23
5269110000.0 9.715835253949981e-23
5286700000.0 9.586627338760963e-23
5304350000.0 9.458169390917793e-23
5322060000.0 9.335041033348123e-23
5339830000.0 9.212625899170316e-23
5357660000.0 9.090921004392317e-23
5375540000.0 8.969940043533942e-23
5393490000.0 8.849646365311583e-23
5411500000.0 8.734560928468813e-23
5429560000.0 8.615667593255237e-23
5447690000.0 8.501930437891935e-23
5465880000.0 8.388855722548636e-23
5484120000.0 8.2809029748925e-23
5502430000.0 8.169129441398087e-23
5520800000.0 8.062427513790645e-23
5539230000.0 7.956347132009091e-23
5557730000.0 7.850871422314873e-23
5576280000.0 7.746026120611835e-23
5594900000.0 7.641780450365276e-23
5613580000.0 7.542490525474067e-23
5632320000.0 7.439449617545528e-23
5651120000.0 7.341330106622413e-23
5669990000.0 7.243771843403267e-23
5688920000.0 7.151072620630773e-23
5707910000.0 7.054641116485867e-23
5726970000.0 6.963022805040287e-23
5746090000.0 6.867695987362468e-23
5765270000.0 6.777161412146236e-23
5784520000.0 6.687146299638528e-23
5803830000.0 6.601862437063885e-23
5823200000.0 6.512888687780813e-23
5842650000.0 6.42441692472867e-23
5862150000.0 6.340638724731608e-23
5881720000.0 6.257341569320681e-23
5901360000.0 6.174523636928481e-23
5921060000.0 6.092193385127612e-23
5940830000.0 6.010338339905894e-23
5960660000.0 5.933058367885649e-23
5980560000.0 5.852144188176476e-23
6000530000.0 5.775763943734778e-23
6020560000.0 5.699833601617954e-23
6040660000.0 5.624341638134761e-23
6060830000.0 5.549286307498026e-23
6081060000.0 5.474674859700679e-23
6101360000.0 5.404493635833364e-23
6121730000.0 5.330732760377603e-23
6142170000.0 5.2613720637467264e-23
6162680000.0 5.1924124952747954e-23
6183250000.0 5.123860692027157e-23
6203890000.0 5.0557064376663294e-23
6224610000.0 4.98794006358159e-23
6245390000.0 4.920576070792609e-23
6266240000.0 4.857496870643799e-23
6287160000.0 4.7909033933126955e-23
6308150000.0 4.728565551268659e-23
6329210000.0 4.6665895721853026e-23
6350340000.0 4.6049739053509714e-23
6371540000.0 4.543716996839388e-23
6392810000.0 4.482817289732932e-23
6414150000.0 4.4260756948702215e-23
6435570000.0 4.3658662748113037e-23
6457050000.0 4.3097935190933384e-23
6478610000.0 4.2502754211778734e-23
6500240000.0 4.194859123151058e-23
6521940000.0 4.139765972539718e-23
6543710000.0 4.084994522559823e-23
6565560000.0 4.030537186088345e-23
6587480000.0 3.9763988577981944e-23
6609470000.0 3.922578083877028e-23
6631540000.0 3.872745396190879e-23
6653680000.0 3.819537492775413e-23
6675890000.0 3.770296404156279e-23
6698180000.0 3.721337422726147e-23
6720540000.0 3.6726649547162546e-23
6742980000.0 3.6206552525801696e-23
6765490000.0 3.574361147503779e-23
6788070000.0 3.527259789558157e-23
6810740000.0 3.4804247584824456e-23
6833480000.0 3.4342222178306374e-23
6856290000.0 3.389003015608093e-23
6879180000.0 3.3440448034018475e-23
6902150000.0 3.2996999104745764e-23
6925190000.0 3.255968472364246e-23
6948310000.0 3.21284108435232e-23
6971510000.0 3.1703132214016556e-23
6994780000.0 3.1283848497144335e-23
7018130000.0 3.087046862008976e-23
7041560000.0 3.045948427373563e-23
7065070000.0 3.0057789867771806e-23
7088660000.0 2.9658425265089774e-23
7112320000.0 2.9264851108288535e-23
7136070000.0 2.8876940451216543e-23
7159890000.0 2.849473115833646e-23
7183800000.0 2.811809940660225e-23
7207780000.0 2.7747080790115054e-23
7231840000.0 2.737821984966505e-23
7255990000.0 2.7014831403318727e-23
7280210000.0 2.665694769890846e-23
7304520000.0 2.6304452245501785e-23
7328900000.0 2.5957375246202534e-23
7353370000.0 2.5612286253442273e-23
7377920000.0 2.5272518122911952e-23
7402550000.0 2.4938028931605063e-23
7427260000.0 2.4608776970545026e-23
7452060000.0 2.428468815779611e-23
7476940000.0 2.3962492894703176e-23
7501900000.0 2.364543377429672e-23
7526950000.0 2.3330198505194153e-23
7552080000.0 2.3023269732129843e-23
7577290000.0 2.2718136974904635e-23
7602590000.0 2.2414762516264475e-23
7627970000.0 2.211956337415545e-23
7653430000.0 2.1826093960980363e-23
7678980000.0 2.1537494353775376e-23
7704620000.0 2.125372621856248e-23
7730340000.0 2.097162347365933e-23
7756150000.0 2.0694296155310712e-23
7782050000.0 2.041857228450841e-23
7808030000.0 2.0147594897130632e-23
7834090000.0 1.9881325072722655e-23
7860250000.0 1.9619674197338182e-23
7886490000.0 1.9359562781451452e-23
7912820000.0 1.9100959259903635e-23
7939240000.0 1.8850001493126513e-23
7965740000.0 1.8600521641131745e-23
7992340000.0 1.8352466569361142e-23
8019020000.0 1.810891800751782e-23
8045790000.0 1.7869816179226898e-23
8072650000.0 1.763512484364083e-23
8099600000.0 1.7398785520894066e-23
8126640000.0 1.7169826038033857e-23
8153770000.0 1.6942198141770162e-23
8181000000.0 1.671885691571371e-23
8208310000.0 1.649683673161545e-23
8235710000.0 1.6279072601373493e-23
8263210000.0 1.606255826915072e-23
8290790000.0 1.5850269133935235e-23
8318470000.0 1.5639199702667544e-23
8346240000.0 1.5432286141387923e-23
8374110000.0 1.5229475590251968e-23
8402070000.0 1.5027849540110034e-23
8430120000.0 1.4827402662816147e-23
8458260000.0 1.4631013151946825e-23
8486500000.0 1.4438629881064105e-23
8514830000.0 1.4247372134113694e-23
8543260000.0 1.4057218304462242e-23
8571780000.0 1.3871025580589283e-23
8600400000.0 1.3688744484782775e-23
8629110000.0 1.3507531655369786e-23
8657920000.0 1.3327366723001619e-23
8686820000.0 1.3151068277055477e-23
8715820000.0 1.2975790110692049e-23
8744920000.0 1.2804317090492716e-23
8774120000.0 1.2636617219248182e-23
8803410000.0 1.2467131886867642e-23
8832800000.0 1.2304153881585282e-23
8862290000.0 1.213936777853408e-23
8891880000.0 1.197828294479028e-23
8921560000.0 1.182088121904213e-23
8951350000.0 1.166437995899984e-23
8981230000.0 1.150880158323848e-23
9011220000.0 1.135682295595972e-23
9041300000.0 1.120574101854576e-23
9071480000.0 1.1058227764498285e-23
9101770000.0 1.0911560908614919e-23
9132160000.0 1.0768419856600831e-23
9162640000.0 1.0626123958172281e-23
9193230000.0 1.04846461766495e-23
9223930000.0 1.0346627601613415e-23
9254720000.0 1.0209425427904956e-23
9285620000.0 1.0073013827717598e-23
9316620000.0 9.940018293980042e-24
9347720000.0 9.807799957336072e-24
9378930000.0 9.678945467410194e-24
9410240000.0 9.550844208875168e-24
9441660000.0 9.423482777773547e-24
9473180000.0 9.299442659740448e-24
9504810000.0 9.176119041538617e-24
9536540000.0 9.05351855484414e-24
9568380000.0 8.934177495789117e-24
9600320000.0 8.815536221220128e-24
9632370000.0 8.700114482706547e-24
9664530000.0 8.582836947884008e-24
9696790000.0 8.471280478256843e-24
9729170000.0 8.35785384295271e-24
9761650000.0 8.247593750448231e-24
9794240000.0 8.137973563531804e-24
9826940000.0 8.03147251047093e-24
9859740000.0 7.923123848384436e-24
9892660000.0 7.820329721871581e-24
9925690000.0 7.715674709116604e-24
9958820000.0 7.614086528025583e-24
9992070000.0 7.513081782907037e-24
10025400000.0 7.412687871210334e-24
10058900000.0 7.315260365832343e-24
10092500000.0 7.218408125212765e-24
10126200000.0 7.122128292305967e-24
10160000000.0 7.028818566902192e-24
10193900000.0 6.936059581308806e-24
10227900000.0 6.843848580068384e-24
10262100000.0 6.752117014866253e-24
10296300000.0 6.663363612246659e-24
10330700000.0 6.5750705666887566e-24
10365200000.0 6.487300992340507e-24
10399800000.0 6.402397411937038e-24
10434500000.0 6.317996354738396e-24
10469400000.0 6.2340356966371305e-24
10504300000.0 6.150632948528484e-24
10539400000.0 6.069981560280608e-24
10574600000.0 5.9898089413892845e-24
10609900000.0 5.910112593597378e-24
10645300000.0 5.8308900248938505e-24
10680800000.0 5.754422250536936e-24
10716500000.0 5.678355131345803e-24
10752300000.0 5.602741028114886e-24
10788200000.0 5.52757753361377e-24
10824200000.0 5.455115496388017e-24
10860300000.0 5.383084294529089e-24
10896600000.0 5.311432884729674e-24
10933000000.0 5.242440171586496e-24
10969500000.0 5.171634769481404e-24
11006100000.0 5.103468660836814e-24
11042800000.0 5.0357088104688896e-24
11079700000.0 4.9683081740891604e-24
11116700000.0 4.903504863583992e-24
11153800000.0 4.8390881096624175e-24
11191000000.0 4.7750557946654616e-24
11228400000.0 4.711363848691682e-24
11265900000.0 4.648053531382152e-24
11303500000.0 4.587280429609006e-24
11341200000.0 4.5268703834667066e-24
11379100000.0 4.466782122475399e-24
11417100000.0 4.4070541999936085e-24
11455200000.0 4.349813724768921e-24
11493400000.0 4.290793345473067e-24
11531800000.0 4.234205580229111e-24
11570300000.0 4.177957320321164e-24
11608900000.0 4.124147582706078e-24
11647700000.0 4.068530658078635e-24
11686600000.0 4.015335669541794e-24
11725600000.0 3.962459842160038e-24
11764700000.0 3.9099013502083655e-24
11804000000.0 3.8576256950492194e-24
11843400000.0 3.805664842353175e-24
11883000000.0 3.7560378607951624e-24
11922600000.0 3.7067405436509016e-24
11962400000.0 3.657708462485418e-24
12002400000.0 3.608941429842272e-24
12042500000.0 3.560468799953681e-24
12082700000.0 3.514307401961832e-24
12123000000.0 3.466411692781288e-24
12163500000.0 3.420782297351057e-24
12204100000.0 3.375428093515426e-24
12244800000.0 3.3303474551085875e-24
12285700000.0 3.287497224976547e-24
12326700000.0 3.2429264263052065e-24
12367900000.0 3.2005714242286178e-24
12409200000.0 3.1584722187004687e-24
12450600000.0 3.1166272785952955e-24
12492200000.0 3.0750104652070344e-24
12533900000.0 3.0336457026177044e-24
12575700000.0 2.9944708944201496e-24
12617700000.0 2.9555087996924094e-24
12659800000.0 2.9148556470449488e-24
12702100000.0 2.8763468462206312e-24
12744500000.0 2.838071405727845e-24
12787000000.0 2.8019352781384737e-24
12829700000.0 2.764094418145092e-24
12872600000.0 2.7264622462746863e-24
12915500000.0 2.6909684706479552e-24
12958700000.0 2.655648225046633e-24
13001900000.0 2.620562688927768e-24
13045300000.0 2.585669888498393e-24
13088900000.0 2.5509695060460562e-24
13132600000.0 2.5183375535143895e-24
13176400000.0 2.4840521786331022e-24
13220400000.0 2.451801769548429e-24
13264500000.0 2.419747076914689e-24
13308800000.0 2.387868935541276e-24
13353300000.0 2.356167020656211e-24
13397800000.0 2.3246756978403488e-24
13442600000.0 2.2933416937290604e-24
13487400000.0 2.2622158488455233e-24
13532500000.0 2.233048929883958e-24
13577700000.0 2.2040595423076226e-24
13623000000.0 2.1734562310201168e-24
13668500000.0 2.1448087821723378e-24
13714100000.0 2.11633599310623e-24
13759900000.0 2.089794087408513e-24
13805800000.0 2.0616467185724803e-24
13851900000.0 2.0336565287941364e-24
13898200000.0 2.007578038269542e-24
13944600000.0 1.9799094771749132e-24
13991100000.0 1.9541537059764814e-24
14037800000.0 1.9285410916213223e-24
14084700000.0 1.9030713012159332e-24
14131700000.0 1.877757281608745e-24
14178900000.0 1.8525849534720296e-24
14226200000.0 1.8275668145435052e-24
14273700000.0 1.8043979384232378e-24
14321400000.0 1.7796548573425798e-24
14369200000.0 1.7567611913369555e-24
14417200000.0 1.7339952797472417e-24
14465300000.0 1.7096825484052308e-24
14513600000.0 1.687188209958876e-24
14562000000.0 1.665501612910835e-24
14610700000.0 1.6434241539046321e-24
14659400000.0 1.6216597572434824e-24
14708400000.0 1.6001726745838892e-24
14757500000.0 1.5789828527865907e-24
14806700000.0 1.5580877639703933e-24
14856200000.0 1.5374642035780755e-24
14905800000.0 1.516967442714432e-24
14955500000.0 1.4969227934403196e-24
15005500000.0 1.4771439357978403e-24
15055600000.0 1.4574867703666596e-24
15105800000.0 1.438273393962439e-24
15156300000.0 1.4191592043640829e-24
15206900000.0 1.400323144449082e-24
15257600000.0 1.381922669673467e-24
15308600000.0 1.3636173539250505e-24
15359700000.0 1.345424840575283e-24
15411000000.0 1.3276522708804787e-24
15462400000.0 1.3101468938151783e-24
15514000000.0 1.2927408479641979e-24
15565800000.0 1.2755905036258458e-24
15617800000.0 1.2586939753995882e-24
15669900000.0 1.2420573097649667e-24
15722200000.0 1.2256704449256647e-24
15774700000.0 1.2093769073348161e-24
15827400000.0 1.193330483382781e-24
15880200000.0 1.1775367342278187e-24
15933200000.0 1.1619861523554875e-24
15986400000.0 1.1465243380959001e-24
16039800000.0 1.131455100289897e-24
16093400000.0 1.1164719920416742e-24
16147100000.0 1.1015815345057048e-24
16201000000.0 1.087077461772631e-24
16255100000.0 1.0726563798770678e-24
16309400000.0 1.0584675367907416e-24
16363800000.0 1.0443664777453967e-24
16418400000.0 1.0306434132310737e-24
16473200000.0 1.0169989718485786e-24
16528200000.0 1.0034328668771519e-24
16583400000.0 9.902389546685013e-25
16638800000.0 9.771208411291862e-25
16694300000.0 9.640840180127937e-25
16750100000.0 9.514077716377459e-25
16806000000.0 9.388101160007039e-25
16862100000.0 9.262850002850326e-25
16918400000.0 9.141204676785284e-25
16974900000.0 9.018823189417732e-25
17031500000.0 8.900065498931239e-25
17088400000.0 8.781940341521015e-25
17145500000.0 8.665920663461943e-25
17202700000.0 8.550621480274945e-25
17260100000.0 8.437401820290934e-25
17317800000.0 8.326196849162133e-25
17375600000.0 8.21568316664958e-25
17433600000.0 8.107208303665999e-25
17491800000.0 7.999361354185773e-25
17550200000.0 7.893529464270526e-25
17608800000.0 7.789696191044996e-25
17667600000.0 7.686464702274542e-25
17726500000.0 7.583875286093602e-25
17785700000.0 7.48321046460412e-25
17845100000.0 7.384497541511085e-25
17904700000.0 7.286358207382946e-25
17964500000.0 7.190147687371099e-25
18024400000.0 7.094536210016798e-25
18084600000.0 7.000790640335653e-25
18145000000.0 6.908935132595219e-25
18205600000.0 6.817614225714413e-25
18266300000.0 6.726862425033663e-25
18327300000.0 6.637933918114352e-25
18388500000.0 6.549524185252847e-25
18449900000.0 6.462952876705318e-25
18511500000.0 6.376886966444045e-25
18573300000.0 6.292637360892849e-25
18635300000.0 6.210188702470688e-25
18697500000.0 6.12691685748866e-25
18759900000.0 6.046732956535686e-25
18822600000.0 5.965689842178802e-25
18885400000.0 5.887736605428162e-25
18948500000.0 5.808920945540418e-25
19011700000.0 5.73188119954191e-25
19075200000.0 5.656541618563787e-25
19138900000.0 5.581643645325748e-25
19202800000.0 5.507185225312036e-25
19266900000.0 5.4344301855543795e-25
19331200000.0 5.362102168488939e-25
19395700000.0 5.2914566400422675e-25
19460500000.0 5.221198924336077e-25
19525500000.0 5.152603897321725e-25
19590600000.0 5.084438104359666e-25
19656000000.0 5.016647276016565e-25
19721700000.0 4.950467464966682e-25
19787500000.0 4.88470244094935e-25
19853600000.0 4.820528997918553e-25
19919900000.0 4.756733692230699e-25
19986400000.0 4.693314675912462e-25
20053100000.0 4.631486354617794e-25
20120000000.0 4.570022544578296e-25
20187200000.0 4.508899113103578e-25
20254600000.0 4.449341501264527e-25
20322200000.0 4.390135741552608e-25
20390100000.0 4.332454984467318e-25
20458100000.0 4.275136214535744e-25
20526400000.0 4.21813557186844e-25
20595000000.0 4.162636631733221e-25
20663700000.0 4.107486309745643e-25
20732700000.0 4.0526428437606487e-25
20801900000.0 3.999297243584502e-25
20871400000.0 3.946248664478881e-25
20941100000.0 3.8946796986131226e-25
21011000000.0 3.842255489082448e-25
21081100000.0 3.79129991992515e-25
21151500000.0 3.7417821440132164e-25
21222100000.0 3.691408846434533e-25
21293000000.0 3.6436091472981006e-25
21364000000.0 3.594968257375956e-25
21435400000.0 3.5477212342237647e-25
21506900000.0 3.5007716424766122e-25
21578700000.0 3.454085164123901e-25
21650800000.0 3.40766112220244e-25
21723100000.0 3.3626370515451045e-25
21795600000.0 3.319000259712833e-25
21868300000.0 3.2745075552482775e-25
21941400000.0 3.231362387842776e-25
22014600000.0 3.1884892672495097e-25
22088100000.0 3.1458575861648864e-25
22161800000.0 3.1045812024061627e-25
22235800000.0 3.063537108356847e-25
22310100000.0 3.022724648321499e-25
22384600000.0 2.983246050202927e-25
22459300000.0 2.9429172003530265e-25
22534300000.0 2.9038994171881847e-25
22609500000.0 2.8661938836302173e-25
22685000000.0 2.827625786678086e-25
22760700000.0 2.7903606192246315e-25
22836700000.0 2.753306341160489e-25
22912900000.0 2.7164741650499693e-25
22989400000.0 2.680912093743457e-25
23066200000.0 2.645551503040736e-25
23143200000.0 2.61040304154009e-25
23220500000.0 2.5754544158180486e-25
23298000000.0 2.541762746603747e-25
23375800000.0 2.5082622916967634e-25
23453800000.0 2.4749629862161485e-25
23532100000.0 2.4418533022546816e-25
23610700000.0 2.4099656053483034e-25
23689500000.0 2.378269433394837e-25
23768600000.0 2.3467538082435144e-25
23847900000.0 2.3154278318353646e-25
23927500000.0 2.284280857383195e-25
24007400000.0 2.2543281927899272e-25
24087600000.0 2.224546534155889e-25
24168000000.0 2.194944370104349e-25
24248700000.0 2.1655117172149608e-25
24329600000.0 2.137259224735204e-25
24410900000.0 2.109159436604338e-25
24492400000.0 2.081229203666935e-25
24574100000.0 2.0534675208768278e-25
24656200000.0 2.0258569553161663e-25
24738500000.0 1.9993993950681074e-25
24821100000.0 1.9730934409884448e-25
24903900000.0 1.946946353034834e-25
24987100000.0 1.920941804153748e-25
25070500000.0 1.8960675791920676e-25
25154200000.0 1.8703663768818185e-25
25238200000.0 1.845780095526831e-25
25322400000.0 1.82134254638146e-25
25407000000.0 1.7970386817040381e-25
25491800000.0 1.773838987123617e-25
25576900000.0 1.7498190156556282e-25
25662300000.0 1.7268885831521633e-25
25748000000.0 1.7040904067628198e-25
25833900000.0 1.681430473108296e-25
25920200000.0 1.6588951321801422e-25
26006700000.0 1.637434589062732e-25
26093500000.0 1.6151630495441806e-25
26180700000.0 1.5939464397637614e-25
26268100000.0 1.57285871752297e-25
26355800000.0 1.5518931923905612e-25
26443700000.0 1.531055151973785e-25
26532000000.0 1.51125166820556e-25
26620600000.0 1.4915627521322073e-25
26709500000.0 1.4710747831914736e-25
26798600000.0 1.4516220272787906e-25
26888100000.0 1.433183966704707e-25
26977900000.0 1.4139484523900513e-25
27068000000.0 1.3948251105480382e-25
27158300000.0 1.3767165782554038e-25
27249000000.0 1.3587081214779686e-25
27340000000.0 1.3399123533553e-25
27431200000.0 1.3230098979261583e-25
27522800000.0 1.3053143163817442e-25
27614700000.0 1.287722141534433e-25
27706900000.0 1.27111318816212e-25
27799400000.0 1.2537235245368058e-25
27892200000.0 1.2373103275921806e-25
27985300000.0 1.2209928959319627e-25
28078700000.0 1.2047707999936928e-25
28172500000.0 1.188639390648364e-25
28266500000.0 1.1734695919423303e-25
28360900000.0 1.157524041617016e-25
28455600000.0 1.1425293643252248e-25
28550600000.0 1.1267680521863292e-25
28645900000.0 1.1119510623980345e-25
28741600000.0 1.097217062583318e-25
28837500000.0 1.0825733476737421e-25
28933800000.0 1.0688548865851386e-25
29030400000.0 1.0543763952640656e-25
29127300000.0 1.0408205741352436e-25
29224500000.0 1.0265095415355719e-25
29322100000.0 1.0131113631200312e-25
29420000000.0 9.997918866239775e-26
29518200000.0 9.86550735085912e-26
29616800000.0 9.733842451699209e-26
29715600000.0 9.602986685876799e-26
29814800000.0 9.481051469927122e-26
29914400000.0 9.35164667868781e-26
30014300000.0 9.231134546122388e-26
30114500000.0 9.103232251806825e-26
30215000000.0 8.984161173251006e-26
30315900000.0 8.865762588361937e-26
30417100000.0 8.748063235984503e-26
30518600000.0 8.631059631110429e-26
30620500000.0 8.514720486626581e-26
30722700000.0 8.407009703798131e-26
30825300000.0 8.291993240280591e-26
30928200000.0 8.185546446147883e-26
31031500000.0 8.079701463412354e-26
31135100000.0 7.966648514526145e-26
31239000000.0 7.862077420236005e-26
31343300000.0 7.75965690050376e-26
31448000000.0 7.657042804376362e-26
31553000000.0 7.555037875780309e-26
31658300000.0 7.455179757271924e-26
31764000000.0 7.356658926493079e-26
31870000000.0 7.258723281224052e-26
31976400000.0 7.162872838617616e-26
32083200000.0 7.068330238793911e-26
32190300000.0 6.974349987349398e-26
32297800000.0 6.882418100023877e-26
32405600000.0 6.7910332851152e-26
32513800000.0 6.700922154704948e-26
32622300000.0 6.612095618625941e-26
32731200000.0 6.524523410742504e-26
32840500000.0 6.43819625280455e-26
32950100000.0 6.353124179747533e-26
33060200000.0 6.269259098441913e-26
33170500000.0 6.185913454953032e-26
33281300000.0 6.103761406106983e-26
33392400000.0 6.022830833631482e-26
33503900000.0 5.943094021567106e-26
33615700000.0 5.864559383435331e-26
33727900000.0 5.787199901525168e-26
33840500000.0 5.710285907464558e-26
33953500000.0 5.634534011539215e-26
34066900000.0 5.559935318047072e-26
34180600000.0 5.486497019604617e-26
34294700000.0 5.413482537249701e-26
34409200000.0 5.342307823047746e-26
34524100000.0 5.271544142190866e-26
34639300000.0 5.201204871172595e-26
34755000000.0 5.1326615998067455e-26
34871000000.0 5.064529606508504e-26
34987400000.0 4.9974893685204196e-26
35104200000.0 4.9315323172760895e-26
35221400000.0 4.8659574580248174e-26
35339000000.0 4.8014533763933895e-26
35457000000.0 4.738011601122356e-26
35575400000.0 4.6756237014893296e-26
35694200000.0 4.6135979940419344e-26
35813300000.0 4.5526266840597883e-26
35932900000.0 4.4919970536623883e-26
36052900000.0 4.432397012478628e-26
36173200000.0 4.3738303824150184e-26
36294000000.0 4.3155925532363256e-26
36415100000.0 4.259045568948618e-26
36536700000.0 4.202148383738644e-26
36658700000.0 4.1469140651235337e-26
36781100000.0 4.0920016646088456e-26
36903900000.0 4.037409764635844e-26
37027100000.0 3.9837956420158143e-26
37150700000.0 3.931151300948879e-26
37274700000.0 3.8794687890761814e-26
37399200000.0 3.828077817391666e-26
37524000000.0 3.7769976693372464e-26
37649300000.0 3.7275023018463743e-26
37775000000.0 3.6776506860426166e-26
37901100000.0 3.629378465276532e-26
38027600000.0 3.581388718597149e-26
38154600000.0 3.533670884253996e-26
38282000000.0 3.4868703364957105e-26
38409800000.0 3.4409794099276414e-26
38538000000.0 3.3953576121529065e-26
38666700000.0 3.349995018319605e-26
38795800000.0 3.30552798779526e-26
38925300000.0 3.2619489807219144e-26
39055200000.0 3.2186260116369165e-26
39185600000.0 3.1761721697870695e-26
39316500000.0 3.133960086557406e-26
39447700000.0 3.0926229140405915e-26
39579400000.0 3.051521248661269e-26
39711600000.0 3.0112684683736565e-26
39844100000.0 2.9712604302285854e-26
39977200000.0 2.9320836907990805e-26
40110600000.0 2.8931453166882364e-26
40244500000.0 2.855035658826326e-26
40378900000.0 2.817143869786373e-26
40513700000.0 2.7794760447897345e-26
40648900000.0 2.7426310744993705e-26
40784700000.0 2.7065885871166334e-26
40920800000.0 2.6707657429408533e-26
41057400000.0 2.635148306480498e-26
41194500000.0 2.600327591294697e-26
41332000000.0 2.5663031418035688e-26
41470000000.0 2.5318856604321706e-26
41608500000.0 2.498252636734269e-26
41747400000.0 2.4654033772003107e-26
41886800000.0 2.4327429420033683e-26
42026600000.0 2.400856666806732e-26
42166900000.0 2.3685753258360046e-26
42307700000.0 2.337633439148099e-26
42448900000.0 2.3063005162338522e-26
42590600000.0 2.2757212936659963e-26
42732800000.0 2.2458893471244927e-26
42875500000.0 2.216229437688005e-26
43018600000.0 2.1867459707750274e-26
43162300000.0 2.1574280142896256e-26
43306400000.0 2.129411342818638e-26
43450900000.0 2.1009998401821433e-26
43596000000.0 2.0733076004963353e-26
43741500000.0 2.045780376683611e-26
43887600000.0 2.0184080820590352e-26
44034100000.0 1.9917532174832856e-26
44181100000.0 1.965252883377449e-26
44328600000.0 1.9394566395945905e-26
44476600000.0 1.9138099814751598e-26
44625100000.0 1.8883122827786033e-26
44774100000.0 1.863507641576436e-26
44923500000.0 1.8388511700822855e-26
45073500000.0 1.8143340007693126e-26
45224000000.0 1.7904989882473548e-26
45375000000.0 1.766802620502945e-26
45526500000.0 1.743244298730275e-26
45678500000.0 1.7203573638211706e-26
45831000000.0 1.6976037206359627e-26
45984000000.0 1.6749827852650545e-26
46137500000.0 1.6524939729025138e-26
46291500000.0 1.630663568220729e-26
46446100000.0 1.609482261764255e-26
46601100000.0 1.587904490916071e-26
46756700000.0 1.5669713106670873e-26
46912800000.0 1.5461605146422014e-26
47069400000.0 1.5254715484188356e-26
47226600000.0 1.5054171087337034e-26
47384200000.0 1.485483193838889e-26
47542400000.0 1.4656629425455647e-26
47701200000.0 1.4464672717288985e-26
47860400000.0 1.4273870541138565e-26
48020200000.0 1.4084157522714835e-26
48180500000.0 1.3895558752969228e-26
48341400000.0 1.3713085928127516e-26
48502700000.0 1.3531712166014128e-26
48664700000.0 1.3351348703743847e-26
48827100000.0 1.3177069271265754e-26
48990100000.0 1.299880756731605e-26
49153700000.0 1.2826533554045918e-26
49317800000.0 1.2660219601661686e-26
49482500000.0 1.248992831855237e-26
49647700000.0 1.2325555341699444e-26
49813400000.0 1.2162150542894392e-26
49979700000.0 1.1999685187560936e-26
50146600000.0 1.1843019423997844e-26
50314000000.0 1.1687276899593777e-26
50482000000.0 1.1532430212845613e-26
50650500000.0 1.1378498417263072e-26
50819600000.0 1.1225454867064954e-26
50989300000.0 1.1078079408903282e-26
51159500000.0 1.0931574832562675e-26
51330300000.0 1.0785915743500196e-26
51501700000.0 1.0645834512143739e-26
51673600000.0 1.050186098000084e-26
51846100000.0 1.0363426524688573e-26
52019200000.0 1.0225792252613291e-26
52192900000.0 1.0093627924794624e-26
52367100000.0 9.957587823681251e-27
52541900000.0 9.826979570407058e-27
52717300000.0 9.697127099818138e-27
52893400000.0 9.568009222854169e-27
53069900000.0 9.439677097507002e-27
53247100000.0 9.316653795779414e-27
53424900000.0 9.194343331695616e-27
53603200000.0 9.072759644830238e-27
53782200000.0 8.95186560843594e-27
53961800000.0 8.831675430735863e-27
54141900000.0 8.716706952543754e-27
54322700000.0 8.597900194323695e-27
54504000000.0 8.484278691138889e-27
54686000000.0 8.371303417281941e-27
54868500000.0 8.263447474170305e-27
55051700000.0 8.1517726179602e-27
55235500000.0 8.045166780262563e-27
55419900000.0 7.939182112386093e-27
55604900000.0 7.833815865315094e-27
55790600000.0 7.729051432827259e-27
55976800000.0 7.62927109250105e-27
56163700000.0 7.525715918818489e-27
56351200000.0 7.42709678537753e-27
56539400000.0 7.32904101554998e-27
56728100000.0 7.23157212769345e-27
56917500000.0 7.134661783097063e-27
57107500000.0 7.042591138208367e-27
57298200000.0 6.946789578863814e-27
57489500000.0 6.855794536975655e-27
57681400000.0 6.765332696835882e-27
57874000000.0 6.675390033608815e-27
58067200000.0 6.585975975953445e-27
58261000000.0 6.50127429567083e-27
58455600000.0 6.412874098048527e-27
58650700000.0 6.329165051313621e-27
58846500000.0 6.245936771503389e-27
59043000000.0 6.163187435825898e-27
59240100000.0 6.080925476538069e-27
59437900000.0 5.999138443179474e-27
59636300000.0 5.921924139902016e-27
59835400000.0 5.841077391203752e-27
60035200000.0 5.764762270238367e-27
60235600000.0 5.688896758043347e-27
60436700000.0 5.613469353412367e-27
60638500000.0 5.5384783097200386e-27
60840900000.0 5.463930854023198e-27
61044000000.0 5.393811358569367e-27
61247800000.0 5.320113935277508e-27
61452300000.0 5.250814439183859e-27
61657500000.0 5.181915809707281e-27
61863300000.0 5.113424662327989e-27
62069800000.0 5.0453308015969685e-27
62277100000.0 4.977624578937233e-27
62485000000.0 4.9142237289635504e-27
62693600000.0 4.847298920149042e-27
62902900000.0 4.7846421328684594e-27
63112900000.0 4.718484105398101e-27
63323600000.0 4.6565650331777624e-27
63535000000.0 4.595006021473059e-27
63747100000.0 4.533805516072829e-27
63959900000.0 4.472961959806093e-27
64173500000.0 4.4162674913436895e-27
64387700000.0 4.3561206238940004e-27
64602700000.0 4.300094734397204e-27
64818400000.0 4.240631921448197e-27
65034800000.0 4.1852687844037395e-27
65251900000.0 4.130228553385922e-27
65469700000.0 4.075509781554296e-27
65688300000.0 4.021104899170291e-27
65907600000.0 3.970719360351422e-27
66127600000.0 3.916938245407968e-27
66348400000.0 3.863467208248917e-27
66569900000.0 3.8139745753848515e-27
66792200000.0 3.7611135475198386e-27
67015100000.0 3.712209437198245e-27
67238900000.0 3.6635805318188386e-27
67463300000.0 3.6152421151506564e-27
67688600000.0 3.5675370944222736e-27
67914600000.0 3.520112307986498e-27
68141300000.0 3.473682283242695e-27
68368800000.0 3.427520064448567e-27
68597000000.0 3.381985081180745e-27
68826000000.0 3.3374220015389144e-27
69055800000.0 3.293116331171012e-27
69286400000.0 3.2494190551476135e-27
69517700000.0 3.2063302399161486e-27
69749800000.0 3.164190266480125e-27
69982600000.0 3.122298582482675e-27
70216300000.0 3.0806451964567866e-27
70450700000.0 3.03993034945235e-27
70685900000.0 2.999796627738989e-27
70921900000.0 2.9598957138377303e-27
71158700000.0 2.9209121363717758e-27
71396200000.0 2.882158897107247e-27
71634600000.0 2.843967374386082e-27
71873700000.0 2.8063412224650296e-27
72113700000.0 2.7692682331001044e-27
72354400000.0 2.7324147535123956e-27
72596000000.0 2.6961082031806467e-27
72838400000.0 2.6606829835271583e-27
73081500000.0 2.625467618160368e-27
73325500000.0 2.590453962752784e-27
73570300000.0 2.5563077979531014e-27
73815900000.0 2.5223607803964844e-27
74062400000.0 2.488937980512747e-27
74309600000.0 2.4560420061812268e-27
74557700000.0 2.4233349182863963e-27
74806600000.0 2.391471285212752e-27
75056400000.0 2.359790688757665e-27
75307000000.0 2.3286194042424223e-27
75558400000.0 2.29763056257011e-27
75810600000.0 2.2671450475111575e-27
76063700000.0 2.237155873237038e-27
76317700000.0 2.207659162524152e-27
76572500000.0 2.1783353833347332e-27
76828100000.0 2.1495011880987164e-27
77084600000.0 2.121149852690081e-27
77341900000.0 2.092964921213218e-27
77600100000.0 2.065257247885327e-27
77859200000.0 2.037709792590621e-27
78119100000.0 2.0109489079827414e-27
78380000000.0 1.9843401810655457e-27
78641600000.0 1.9578905814001803e-27
78904200000.0 1.931900990275575e-27
79167600000.0 1.9063726310245907e-27
79431900000.0 1.881299318123341e-27
79697100000.0 1.856371344886833e-27
79963200000.0 1.831588106953192e-27
80230100000.0 1.807559242104097e-27
80498000000.0 1.7833645776244583e-27
80766700000.0 1.7599169462410724e-27
81036400000.0 1.7366033816201602e-27
81306900000.0 1.7134276245519027e-27
81578300000.0 1.6909848576363035e-27
81850700000.0 1.6683725597998002e-27
82124000000.0 1.646486203567493e-27
82398100000.0 1.6244332632282703e-27
82673200000.0 1.603097196969747e-27
82949200000.0 1.5818854901822955e-27
83226200000.0 1.560795718414865e-27
83504000000.0 1.540123191152375e-27
83782800000.0 1.5198607220619901e-27
84062500000.0 1.4997166019897418e-27
84343100000.0 1.4796902983782913e-27
84624700000.0 1.4603559715805767e-27
84907200000.0 1.4408473669481612e-27
85190700000.0 1.421737757032231e-27
85475100000.0 1.4030254838825478e-27
85760500000.0 1.3844211768449654e-27
86046800000.0 1.365925997668898e-27
86334100000.0 1.3481028836612306e-27
86622300000.0 1.3301026131150899e-27
86911500000.0 1.312487249858996e-27
87201600000.0 1.295255055693241e-27
87492800000.0 1.2778423058425452e-27
87784900000.0 1.2610878244593197e-27
88077900000.0 1.2444317567305446e-27
88372000000.0 1.2278708537873483e-27
88667000000.0 1.2116825873435726e-27
88963000000.0 1.19558824289974e-27
89260100000.0 1.1798593475755155e-27
89558100000.0 1.1642231115662457e-27
89857000000.0 1.1486790828248964e-27
90157000000.0 1.1334948196942127e-27
90458000000.0 1.1183989096922941e-27
90760000000.0 1.1036596992403996e-27
91063000000.0 1.0890062927113295e-27
91367000000.0 1.074705258787348e-27
91672100000.0 1.060486350002623e-27
91978100000.0 1.0463515344688276e-27
92285200000.0 1.032562437263156e-27
92593300000.0 1.0188538047365018e-27
92902400000.0 1.0052252790121555e-27
93212600000.0 9.919370936979346e-28
93523800000.0 9.789873779240798e-28
93836000000.0 9.658533432224869e-28
94149300000.0 9.530543350836724e-28
94463600000.0 9.40588462877763e-28
94779000000.0 9.27937164533998e-28
95095400000.0 9.15616636863344e-28
95412900000.0 9.036230295622478e-28
95731400000.0 8.916996636993206e-28
96051000000.0 8.798452969111253e-28
96371700000.0 8.68312727264275e-28
96693400000.0 8.56595559637368e-28
97016200000.0 8.454493141048881e-28
97340100000.0 8.341170061623803e-28
97665100000.0 8.23100323988502e-28
97991200000.0 8.121476021641965e-28
98318300000.0 8.015074547704107e-28
98646500000.0 7.909290513856563e-28
98975900000.0 7.8041134200019e-28
99306300000.0 7.699556545943012e-28
99637900000.0 7.598049448587157e-28
99970500000.0 7.497140757407275e-28
100304000000.0 7.399266481763166e-28
100639000000.0 7.299508581382708e-28
100975000000.0 7.2027567142378105e-28
101312000000.0 7.108983836879528e-28
101650000000.0 7.013364344125209e-28
101990000000.0 6.9206343449564e-28
102330000000.0 6.828520552173155e-28
102672000000.0 6.7392610987322905e-28
103015000000.0 6.65052975735771e-28
103359000000.0 6.56232384581282e-28
103704000000.0 6.4746406869988635e-28
104050000000.0 6.389821637607688e-28
104397000000.0 6.305504420449149e-28
104746000000.0 6.221627065187975e-28
105096000000.0 6.138248383941629e-28
105446000000.0 6.057736205362614e-28
105798000000.0 5.977643732987421e-28
106152000000.0 5.897971318623672e-28
106506000000.0 5.818828527655502e-28
106862000000.0 5.742385011339867e-28
107218000000.0 5.666449131648835e-28
107576000000.0 5.5909119033283335e-28
107935000000.0 5.518084319184321e-28
108296000000.0 5.445639017783396e-28
108657000000.0 5.371430455333706e-28
109020000000.0 5.302090508413985e-28
109384000000.0 5.23093321972138e-28
109749000000.0 5.162423234362969e-28
110116000000.0 5.094274908189541e-28
110483000000.0 5.026579329238865e-28
110852000000.0 4.95924252403561e-28
111222000000.0 4.894501417704057e-28
111594000000.0 4.827917494865124e-28
111966000000.0 4.7639543194136035e-28
112340000000.0 4.702502135448956e-28
112715000000.0 4.639252755195145e-28
113091000000.0 4.578539007265767e-28
113469000000.0 4.518148000242929e-28
113848000000.0 4.458118860308807e-28
114228000000.0 4.398449562080305e-28
114609000000.0 4.341266159809163e-28
114992000000.0 4.282266191373664e-28
115376000000.0 4.2257352535249915e-28
115761000000.0 4.169543346575778e-28
116147000000.0 4.115788442565067e-28
116535000000.0 4.060227030255837e-28
116924000000.0 4.0070860547578778e-28
117314000000.0 3.9542637942799353e-28
117706000000.0 3.901725278726679e-28
118099000000.0 3.849502947132902e-28
118493000000.0 3.7996532927049013e-28
118889000000.0 3.7480195014520104e-28
119286000000.0 3.698742179024875e-28
119684000000.0 3.649761276579948e-28
120084000000.0 3.6010450824858244e-28
120485000000.0 3.554647158630933e-28
120887000000.0 3.506510476450579e-28
121290000000.0 3.460675217982533e-28
121695000000.0 3.4150874104237786e-28
122102000000.0 3.3697468316157147e-28
122509000000.0 3.3247075141937507e-28
122918000000.0 3.2799130971768373e-28
123329000000.0 3.237340929259054e-28
123740000000.0 3.195051566594449e-28
124153000000.0 3.151026927040163e-28
124568000000.0 3.1111601986225333e-28
124984000000.0 3.0695822265875556e-28
125401000000.0 3.028255966010051e-28
125820000000.0 2.9890946108950936e-28
126240000000.0 2.9482378432242395e-28
126661000000.0 2.909554660691313e-28
127084000000.0 2.871082594402259e-28
127508000000.0 2.832843570412924e-28
127934000000.0 2.7948143224272315e-28
128361000000.0 2.758916097864513e-28
128790000000.0 2.7213198756672196e-28
129220000000.0 2.68583996672158e-28
129651000000.0 2.6505749605660116e-28
130084000000.0 2.6155034279767333e-28
130518000000.0 2.580644827820735e-28
130954000000.0 2.545978399667732e-28
131391000000.0 2.513379190553817e-28
131830000000.0 2.479108389127194e-28
132270000000.0 2.4468905179905223e-28
132712000000.0 2.4148498906698326e-28
133155000000.0 2.3830040822090295e-28
133599000000.0 2.3513518697184237e-28
134045000000.0 2.3198747310118256e-28
134493000000.0 2.288572328630104e-28
134942000000.0 2.2592684578100523e-28
135392000000.0 2.228341069707018e-28
135844000000.0 2.1993816447478576e-28
136298000000.0 2.170582445732758e-28
136753000000.0 2.1419588033011267e-28
137209000000.0 2.1135095967990035e-28
137667000000.0 2.0852185658621884e-28
138127000000.0 2.0570853659741063e-28
138588000000.0 2.030884149772332e-28
139051000000.0 2.003073826063843e-28
139515000000.0 1.9771821007830407e-28
139981000000.0 1.949691792672587e-28
140448000000.0 1.9241067799672754e-28
140917000000.0 1.8986643998636534e-28
141387000000.0 1.8733775625646556e-28
141859000000.0 1.8499515138585394e-28
142333000000.0 1.824941608813143e-28
142808000000.0 1.8000851227518318e-28
143285000000.0 1.7770708348820405e-28
143763000000.0 1.7525005514549343e-28
144243000000.0 1.7297600240215836e-28
144725000000.0 1.7071467508106743e-28
145208000000.0 1.6846720006969616e-28
145693000000.0 1.662156044744739e-28
146179000000.0 1.6401119764772198e-28
146667000000.0 1.618358227878599e-28
147157000000.0 1.5968927976475206e-28
147648000000.0 1.5757243596587868e-28
148141000000.0 1.5548398937682592e-28
148636000000.0 1.5344015069244607e-28
149132000000.0 1.5139251029114205e-28
149630000000.0 1.493890488165643e-28
150129000000.0 1.4741414294200525e-28
150631000000.0 1.4546561676342828e-28
151133000000.0 1.435461727966592e-28
151638000000.0 1.416366355917582e-28
152144000000.0 1.397548869760387e-28
152652000000.0 1.3791576149391803e-28
153162000000.0 1.3608705895102387e-28
153673000000.0 1.3428549181819664e-28
154186000000.0 1.3250996593032192e-28
154701000000.0 1.3074452543737597e-28
155217000000.0 1.2902139569576864e-28
155736000000.0 1.273072322503002e-28
156256000000.0 1.2561926088847302e-28
156777000000.0 1.2395725328766085e-28
157301000000.0 1.2231942790957364e-28
157826000000.0 1.2069171340924866e-28
158353000000.0 1.191040922162514e-28
158881000000.0 1.175262634859551e-28
159412000000.0 1.1597200452122726e-28
159944000000.0 1.1442735020109366e-28
160478000000.0 1.1292192661708968e-28
161014000000.0 1.1142510451731467e-28
161551000000.0 1.0993753438755866e-28
162091000000.0 1.084879072879174e-28
162632000000.0 1.0704724865074e-28
163175000000.0 1.0562979541328235e-28
163720000000.0 1.042353686305364e-28
164266000000.0 1.0284956861322783e-28
164815000000.0 1.0148590167814475e-28
165365000000.0 1.0014543279400258e-28
165917000000.0 9.882735985167837e-29
166471000000.0 9.751685659989787e-29
167027000000.0 9.621389479289146e-29
167584000000.0 9.494811974514692e-29
168144000000.0 9.368905933705112e-29
168705000000.0 9.245226667023156e-29
169268000000.0 9.122259437125569e-29
169833000000.0 9.00143760111396e-29
170400000000.0 8.882744072652526e-29
170969000000.0 8.764735290315753e-29
171540000000.0 8.648830371245099e-29
172113000000.0 8.533595346759248e-29
172687000000.0 8.420488665119852e-29
173264000000.0 8.309395214665e-29
173842000000.0 8.198992066554003e-29
174423000000.0 8.090579805171521e-29
175005000000.0 7.984235422098631e-29
175589000000.0 7.878506277336902e-29
176175000000.0 7.773389853374473e-29
176764000000.0 7.670220023695851e-29
177354000000.0 7.569067984270364e-29
177946000000.0 7.46850277216683e-29
178540000000.0 7.369887988535333e-29
179136000000.0 7.271846020064074e-29
179734000000.0 7.175731425276712e-29
180334000000.0 7.081528228146431e-29
180936000000.0 6.987872568192247e-29
181540000000.0 6.894762093766145e-29
182146000000.0 6.80353346309865e-29
182754000000.0 6.71283639119706e-29
183364000000.0 6.623998678407296e-29
183977000000.0 6.536969195396763e-29
184591000000.0 6.45048279523674e-29
185207000000.0 6.364501113076613e-29
185825000000.0 6.280334410369982e-29
186446000000.0 6.19662597194053e-29
187068000000.0 6.114744404629508e-29
187693000000.0 6.034608551035089e-29
188319000000.0 5.953677871538388e-29
188948000000.0 5.875771830015777e-29
189579000000.0 5.797035073621113e-29
190212000000.0 5.72132505327207e-29
190847000000.0 5.64478013110277e-29
191484000000.0 5.569958442958891e-29
192123000000.0 5.49684518493828e-29
192765000000.0 5.424132246207841e-29
193408000000.0 5.351874366182431e-29
194054000000.0 5.28127056671007e-29
194702000000.0 5.21108175411706e-29
195352000000.0 5.142554450383058e-29
196004000000.0 5.074429880473676e-29
196658000000.0 5.00670611718564e-29
197315000000.0 4.940592276603461e-29
197974000000.0 4.874868005508452e-29
198635000000.0 4.8107592727889624e-29
199298000000.0 4.74702815772532e-29
199963000000.0 4.683672816502284e-29
200631000000.0 4.6218840218986024e-29
201301000000.0 4.5604600026270657e-29
201973000000.0 4.5006065213840976e-29
202647000000.0 4.4411061742744267e-29
203323000000.0 4.3819572052983137e-29
204002000000.0 4.324332226992557e-29
204683000000.0 4.2670478793500296e-29
205367000000.0 4.210081946987921e-29
206052000000.0 4.1546577246933875e-29
206740000000.0 4.099541297136381e-29
207430000000.0 4.044751492317547e-29
208123000000.0 3.991439353153037e-29
208818000000.0 3.9384433475136717e-29
209515000000.0 3.886925945871835e-29
210214000000.0 3.834553455022872e-29
210916000000.0 3.7836306709894247e-29
211620000000.0 3.734162977856631e-29
212327000000.0 3.6849712572853893e-29
213036000000.0 3.6360719076458877e-29
213747000000.0 3.587463392182646e-29
214460000000.0 3.54028143534396e-29
215176000000.0 3.4933634585588884e-29
215895000000.0 3.446708791282193e-29
216616000000.0 3.4014583853097547e-29
217339000000.0 3.356477322020652e-29
218064000000.0 3.311764160012818e-29
218792000000.0 3.268417268688119e-29
219523000000.0 3.2242027766985666e-29
220256000000.0 3.182467554002444e-29
220991000000.0 3.139877120951252e-29
221729000000.0 3.098627118064398e-29
222469000000.0 3.057623307905657e-29
223212000000.0 3.01685082841257e-29
223957000000.0 2.976322305338923e-29
224705000000.0 2.937108734230832e-29
225455000000.0 2.8981296565340704e-29
226208000000.0 2.860449327458913e-29
226963000000.0 2.821919542191351e-29
227720000000.0 2.784691835615284e-29
228481000000.0 2.747662714003569e-29
229244000000.0 2.711919703344791e-29
230009000000.0 2.6753301837124205e-29
230777000000.0 2.6400057897486925e-29
231547000000.0 2.6048932271036035e-29
232320000000.0 2.571030062564002e-29
233096000000.0 2.536312506650448e-29
233874000000.0 2.502846798399582e-29
234655000000.0 2.4695714312825842e-29
235438000000.0 2.4375320570583883e-29
236224000000.0 2.4046420538489898e-29
237013000000.0 2.3729692159101898e-29
237804000000.0 2.341486858978906e-29
238598000000.0 2.3112064033148008e-29
239395000000.0 2.280079423798337e-29
240194000000.0 2.250155699416671e-29
240996000000.0 2.2204027555277803e-29
241800000000.0 2.1908290606975105e-29
242608000000.0 2.1614157459034453e-29
243418000000.0 2.1331821469694726e-29
244230000000.0 2.1051185866596534e-29
245046000000.0 2.0772071080073103e-29
245864000000.0 2.0494642304592431e-29
246685000000.0 2.021880755321578e-29
247508000000.0 1.9954495646959395e-29
248334000000.0 1.9691697777631004e-29
249163000000.0 1.9430408380188105e-29
249995000000.0 1.9170621854658695e-29
250830000000.0 1.8922056131690237e-29
251667000000.0 1.8665300205567093e-29
252508000000.0 1.841961377774532e-29
253351000000.0 1.817541499637806e-29
254196000000.0 1.793269482487466e-29
255045000000.0 1.7700868412610212e-29
255896000000.0 1.7460912688164852e-29
256751000000.0 1.723177866431276e-29
257608000000.0 1.700403362640639e-29
258468000000.0 1.677760413289703e-29
259331000000.0 1.6561889775020465e-29
260197000000.0 1.6338044358067788e-29
261065000000.0 1.6124902917129323e-29
261937000000.0 1.5912931095204454e-29
262811000000.0 1.5702246422367299e-29
263689000000.0 1.549272338524919e-29
264569000000.0 1.5284475463705792e-29
265452000000.0 1.5086625841264146e-29
266339000000.0 1.4880707125278136e-29
267228000000.0 1.4685172470315708e-29
268120000000.0 1.4490772351020437e-29
269015000000.0 1.4297501985441973e-29
269913000000.0 1.4105356579608042e-29
270814000000.0 1.3923337367948808e-29
271718000000.0 1.3742373569125463e-29
272626000000.0 1.3553464729386432e-29
273536000000.0 1.337462875382271e-29
274449000000.0 1.3196834480350056e-29
275365000000.0 1.3028934553859084e-29
276285000000.0 1.2853134042439327e-29
277207000000.0 1.2678408966610847e-29
278132000000.0 1.251347652026055e-29
279061000000.0 1.2349460471577616e-29
279993000000.0 1.2186402252144644e-29
280927000000.0 1.2024340355005211e-29
281865000000.0 1.1863184148568865e-29
282806000000.0 1.1702972840612211e-29
283750000000.0 1.1552297571530789e-29
284698000000.0 1.1402461326323142e-29
285648000000.0 1.124500249190388e-29
286602000000.0 1.1096942696028095e-29
287559000000.0 1.0949751074828917e-29
288519000000.0 1.0803423580722286e-29
289482000000.0 1.0666381427791599e-29
290448000000.0 1.052174202349354e-29
291418000000.0 1.0386288381751323e-29
292391000000.0 1.0243286853538212e-29
293367000000.0 1.0109444302823583e-29
294347000000.0 9.97635378373145e-30
295329000000.0 9.844079882346656e-30
296315000000.0 9.712551602069117e-30
297304000000.0 9.58179906210702e-30
298297000000.0 9.459963091777961e-30
299293000000.0 9.330692902211698e-30
