WAVE FLUX
900.0 2.0416339052478205e+39
900.44 2.0387716453270424e+39
900.88 2.0325878110698552e+39
901.32 1.9672073135100178e+39
901.77 2.019579539708159e+39
902.21 2.0371442181049806e+39
902.65 2.0120676987628285e+39
903.09 1.9958752949380156e+39
903.54 2.028963500029515e+39
903.98 2.005232733521589e+39
904.42 2.011893258772413e+39
904.87 1.951529357349667e+39
905.31 2.0217396983866478e+39
905.75 2.01120059526697e+39
906.2 1.5812318090509598e+39
906.64 2.0216487067038315e+39
907.09 2.0168590909287268e+39
907.53 2.01783309968023e+39
907.98 2.0182033340376345e+39
908.42 2.0133283270395317e+39
908.87 1.9946388863309982e+39
909.31 2.0130008869921915e+39
909.76 1.8637327799627298e+39
910.21 2.008876814979209e+39
910.65 2.0159649339844206e+39
911.1 1.9612033809497995e+39
911.54 2.0819596123465204e+39
911.99 4.48106917428703e+39
912.44 4.165266101442164e+39
912.89 4.3019017519866614e+39
913.33 3.994026547937285e+39
913.78 4.4538224935549135e+39
914.23 2.6700835921298686e+39
914.68 4.2874276890039516e+39
915.13 4.059558044396275e+39
915.58 3.692671709023461e+39
916.02 3.570372142453083e+39
916.47 3.4521240571162e+39
916.92 3.317893922185597e+39
917.37 3.301631445522849e+39
917.82 3.205787124402951e+39
918.27 3.5217681470118454e+39
918.72 3.067657253786207e+39
919.17 2.835129500919162e+39
919.62 2.5391067462375293e+39
920.08 3.4020609325369145e+39
920.53 3.3311322799815147e+39
920.98 1.2490552867835623e+39
921.43 1.6422960058525427e+39
921.88 1.4118585986722306e+39
922.33 2.6745514787782922e+39
922.78 2.6895857604651796e+39
923.24 1.5309862549087602e+39
923.69 1.5801438386243837e+39
924.14 1.7123082573615497e+39
924.6 3.5668746007880576e+39
925.05 2.851629949220651e+39
925.5 2.715429249380783e+39
925.96 2.754509071744914e+39
926.41 1.6404486504075603e+39
926.87 2.775862056372828e+39
927.32 2.6673267515191836e+39
927.78 2.723336865395311e+39
928.23 2.5383389372364056e+39
928.68 2.3286352981219608e+39
929.14 2.106607728153218e+39
929.6 2.2626940657420514e+39
930.05 2.0568401124508873e+39
930.51 2.5116124941559716e+39
930.97 2.272137996095868e+39
931.42 2.699474979408253e+39
931.88 2.960867277458606e+39
932.34 3.3407392580399844e+39
932.79 3.843955001270919e+39
933.25 4.583232543719028e+39
933.71 6.31997658980747e+39
934.16 6.062770400112416e+39
934.62 5.415825413513936e+39
935.08 4.8164453465661275e+39
935.54 4.364523855862251e+39
936.0 3.9189263927090034e+39
936.46 3.665281551705648e+39
936.92 3.078347014886606e+39
937.38 1.9155249333078178e+39
937.84 1.2709487640954117e+39
938.3 3.29900634347588e+39
938.76 2.756828519522712e+39
939.22 3.060598454334496e+39
939.68 3.047424505934798e+39
940.14 2.9248901235168974e+39
940.6 2.733985178062192e+39
941.06 2.5672180339742986e+39
941.52 2.4737721489268254e+39
941.98 2.4763193461153138e+39
942.45 2.0277012708481284e+39
942.91 2.6391916402810614e+39
943.37 2.9068851934562e+39
943.83 3.445123793428186e+39
944.29 4.248760669822424e+39
944.76 5.1462732447760713e+39
945.22 5.570484580054643e+39
945.68 4.925871861363099e+39
946.15 5.127830730551728e+39
946.61 4.66566779189832e+39
947.08 4.815422317727006e+39
947.54 4.643495683566752e+39
948.01 3.9207315664305826e+39
948.47 4.083745809625186e+39
948.93 3.903375153611251e+39
949.4 2.0231233061326482e+39
949.87 1.6863759959693937e+39
950.33 3.7753393963496866e+39
950.8 3.843161100461271e+39
951.26 3.3391897486393246e+39
951.73 4.119685804830125e+39
952.2 4.0409836238255597e+39
952.66 3.859487115484009e+39
953.13 4.0425238275327915e+39
953.6 3.9699549651703545e+39
954.07 3.6317937639325014e+39
954.53 3.925945911952729e+39
955.0 3.474303313402474e+39
955.47 4.1123602121428385e+39
955.94 3.9722316394111465e+39
956.41 3.758962417191135e+39
956.88 3.7973567565408087e+39
957.35 3.951820559958214e+39
957.82 3.992021302253472e+39
958.28 3.903537572335875e+39
958.76 1.73170582313092e+39
959.23 3.9722790595104334e+39
959.7 3.396764079893975e+39
960.17 3.965345895729185e+39
960.64 3.799767609640347e+39
961.11 3.9913792571003264e+39
961.58 3.881315579789317e+39
962.05 3.847910083066126e+39
962.52 3.801639000787342e+39
962.99 3.913243149927503e+39
963.47 4.014263071475048e+39
963.94 3.2109192869183354e+39
964.41 3.8252775088243874e+39
964.89 3.9070304249907885e+39
965.36 3.76973090912774e+39
965.83 3.8745735321514537e+39
966.31 3.7954017395043996e+39
966.78 3.4429995435530686e+39
967.25 3.383141698725676e+39
967.73 3.8077980209556946e+39
968.2 3.405235279780625e+39
968.68 3.8993375991649885e+39
969.15 3.873415225489552e+39
969.63 3.561949566062584e+39
970.1 3.8378785700647085e+39
970.58 3.711891392384986e+39
971.05 3.9048898666523543e+39
971.53 3.612208563519155e+39
972.01 2.3637244356797875e+39
972.48 1.3260514354718699e+39
972.96 3.900806380949552e+39
973.44 3.2723489953654353e+39
973.91 3.8226485536559826e+39
974.39 3.840868531477367e+39
974.87 3.826612728652262e+39
975.35 3.8130243705933995e+39
975.83 3.805087514960182e+39
976.3 3.8475628861653424e+39
976.78 3.54641685412369e+39
977.26 3.8767146690256886e+39
977.74 3.618327665769409e+39
978.22 2.6360397080260464e+39
978.7 3.8418995270442723e+39
979.18 3.4360546138812937e+39
979.66 3.3321508235663995e+39
980.14 3.8340705571426315e+39
980.62 3.835443158288687e+39
981.1 3.3295151918844575e+39
981.58 3.766486808911777e+39
982.07 3.773651636157823e+39
982.55 3.773698991033156e+39
983.03 3.7539254762416335e+39
983.51 3.279185860037188e+39
983.99 3.1421464188123296e+39
984.47 3.740906077353007e+39
984.96 3.627832261227164e+39
985.44 3.636700903875883e+39
985.92 2.775990467448253e+39
986.41 3.2115663801804296e+39
986.89 2.3649280586298115e+39
987.38 3.269784980377728e+39
987.86 3.711677421845788e+39
988.34 3.709891901065935e+39
988.83 3.328530302357813e+39
989.31 3.4721905015752256e+39
989.8 2.005883837960427e+39
990.28 3.0067531553067485e+39
990.77 3.2534940829655413e+39
991.26 2.6884518749353922e+39
991.74 3.585372325616999e+39
992.23 3.680836330017553e+39
992.72 3.3591427856886853e+39
993.2 3.6116787174170424e+39
993.69 3.669526065294343e+39
994.18 3.509141199579575e+39
994.66 2.38699488381836e+39
995.15 2.6647860995527205e+39
995.64 3.675388228857099e+39
996.13 2.7467703327691764e+39
996.61 3.6770435985797297e+39
997.1 3.0682118609862714e+39
997.59 2.8439496911450635e+39
998.08 3.6160004389218526e+39
998.57 3.5919893421034776e+39
999.06 3.484348645083263e+39
999.55 3.611924680657115e+39
1000.04 3.6249841410741134e+39
1000.53 3.4845246113031497e+39
1001.02 3.325147857184938e+39
1001.51 3.6116727021481743e+39
1002.01 3.465580276088498e+39
1002.5 3.4586242970203804e+39
1002.99 3.429594221403613e+39
1003.48 3.616931407143041e+39
1003.97 3.575096810932305e+39
1004.46 3.554228464037072e+39
1004.96 3.59379106168159e+39
1005.45 3.3302770007582814e+39
1005.94 2.5072514548886713e+39
1006.43 3.5280331733157075e+39
1006.93 3.3116689156977925e+39
1007.42 3.542596398379159e+39
1007.92 2.427090248447252e+39
1008.41 3.510756329373498e+39
1008.91 3.304874202526378e+39
1009.4 3.546335840725183e+39
1009.9 3.033855898257083e+39
1010.39 1.9009930687086253e+39
1010.89 3.4578457668656046e+39
1011.38 2.6701840655390546e+39
1011.88 3.50611600993868e+39
1012.37 3.094224787061282e+39
1012.87 1.9757570640241474e+39
1013.37 3.5121667773441546e+39
1013.86 3.367106752049888e+39
1014.36 3.49348169832605e+39
1014.86 2.844199521448351e+39
1015.36 3.2503613522037594e+39
1015.85 3.198036381116105e+39
1016.35 3.3085357516526115e+39
1016.85 3.296493014468913e+39
1017.35 2.5805274668646733e+39
1017.85 2.3225486008622565e+39
1018.35 3.0135689583143874e+39
1018.85 3.062791655228496e+39
1019.35 3.2211709592511796e+39
1019.85 2.6148148506467207e+39
1020.35 1.9578900326080006e+39
1020.85 1.7364234662988115e+39
1021.35 1.2030758124325991e+39
1021.85 1.189160138531971e+39
1022.35 1.0980640889914066e+39
1022.85 6.855273290651482e+38
1023.35 9.822208108713863e+38
1023.85 9.204357737368851e+38
1024.35 9.690537071284635e+38
1024.86 9.746585380807632e+38
1025.36 5.0036491316303185e+38
1025.86 3.1332222683127724e+38
1026.37 8.015866113956672e+38
1026.87 7.321875518071421e+38
1027.37 8.600312403575476e+38
1027.88 8.904836519681974e+38
1028.38 7.772269240531674e+38
1028.89 8.589730932105004e+38
1029.39 8.557195331547724e+38
1029.9 6.19388547561317e+38
1030.4 8.314287955067221e+38
1030.91 5.991103053495373e+38
1031.41 9.2853585895881e+38
1031.92 1.3431682221680127e+39
1032.42 1.405860725000806e+39
1032.93 1.6577690455127415e+39
1033.44 1.582142181889594e+39
1033.94 1.5415833737735635e+39
1034.45 1.9394936227762642e+39
1034.96 2.158090703777792e+39
1035.46 2.0806604004898207e+39
1035.97 2.6536432653702328e+39
1036.48 3.0530497192065244e+39
1036.99 3.171951829680057e+39
1037.5 3.903009272884673e+39
1038.01 5.190540484160191e+39
1038.51 5.454132942375992e+39
1039.02 5.1416051143570856e+39
1039.53 4.8875556820620035e+39
1040.04 4.4859527991111933e+39
1040.55 4.5615957541447826e+39
1041.06 4.569291781070608e+39
1041.57 4.264429975762383e+39
1042.08 4.276249959710428e+39
1042.59 4.12482168264963e+39
1043.11 4.0306688493731343e+39
1043.62 3.7489611411106166e+39
1044.13 3.823845741523625e+39
1044.64 3.707744412722742e+39
1045.15 3.58483535622127e+39
1045.67 3.501213772062306e+39
1046.18 3.433112643282222e+39
1046.69 3.403121684660168e+39
1047.2 3.355516153939356e+39
1047.72 3.273139328488555e+39
1048.23 3.2348902551810755e+39
1048.75 3.267192399005827e+39
1049.26 3.261517920899371e+39
1049.78 3.1846735977464506e+39
1050.29 3.2124766999917625e+39
1050.81 3.1657393219801216e+39
1051.32 3.073549550336142e+39
1051.83 3.238659476828351e+39
1052.35 3.1687680817124605e+39
1052.87 3.141851269863619e+39
1053.38 3.225601337329328e+39
1053.9 3.23158704097229e+39
1054.42 3.227120370993569e+39
1054.93 3.2216995075189287e+39
1055.45 2.744511720767484e+39
1055.97 2.760547019359729e+39
1056.49 3.210740508406477e+39
1057.01 3.1682195227282696e+39
1057.52 3.041901967412068e+39
1058.04 3.1313198797760615e+39
1058.56 3.003168197739651e+39
1059.08 3.01614264448882e+39
1059.6 3.147488104908351e+39
1060.12 2.646039466602623e+39
1060.64 2.8235048448593736e+39
1061.16 2.7350225485960264e+39
1061.68 2.744060916713287e+39
1062.2 2.778091751162124e+39
1062.72 1.779751719743114e+39
1063.24 2.8676243349455045e+39
1063.76 3.175302408107652e+39
1064.28 3.060257196732456e+39
1064.81 3.13709223226391e+39
1065.33 3.1552375179792516e+39
1065.85 2.820244930753959e+39
1066.37 3.067690893616564e+39
1066.9 3.139254017234822e+39
1067.42 3.0489565013242896e+39
1067.94 2.7112277325239376e+39
1068.47 3.041657863138479e+39
1068.99 2.7343516699610935e+39
1069.52 2.931220262148156e+39
1070.04 2.693409960194208e+39
1070.56 2.762781056317339e+39
1071.09 3.074684469702841e+39
1071.61 3.081446002791347e+39
1072.14 2.874814176824031e+39
1072.67 3.0621410741070624e+39
1073.19 3.062742674306295e+39
1073.72 2.929718724242474e+39
1074.24 3.022464728147171e+39
1074.77 3.0669497344847553e+39
1075.3 3.017470565226902e+39
1075.82 3.0009939800974286e+39
1076.35 3.024737075165355e+39
1076.88 3.02600843215973e+39
1077.41 3.045317912013551e+39
1077.94 2.846460351288512e+39
1078.47 3.031709883620927e+39
1078.99 2.7962111722822655e+39
1079.52 2.9052498818961704e+39
1080.05 3.037994732576534e+39
1080.58 2.9891006539928726e+39
1081.11 2.8483546421598546e+39
1081.64 2.718489011413966e+39
1082.17 3.0096160972157414e+39
1082.7 2.938728994769933e+39
1083.23 2.714387423927312e+39
1083.77 2.908937315312577e+39
1084.3 2.84018519081247e+39
1084.83 2.3087608751151814e+39
1085.36 2.957748544522686e+39
1085.89 2.9352395067066524e+39
1086.43 2.900529034411746e+39
1086.96 2.9768143775130355e+39
1087.49 2.984601077881603e+39
1088.02 2.767839021837402e+39
1088.56 2.860849897150538e+39
1089.09 2.667040478233977e+39
1089.63 2.584126977636937e+39
1090.16 2.851605664341538e+39
1090.69 2.9348455574516424e+39
1091.23 2.5839896306752654e+39
1091.77 2.901123925017844e+39
1092.3 2.855762342486527e+39
1092.84 2.905611699827115e+39
1093.37 2.6586698292317748e+39
1093.91 2.9591304011378376e+39
1094.44 2.9390285578907226e+39
1094.98 2.9338878097957286e+39
1095.52 2.655175299430673e+39
1096.06 2.770530246915769e+39
1096.59 2.581562228145772e+39
1097.13 2.935184689737878e+39
1097.67 2.5875361692391877e+39
1098.21 2.6155764875904113e+39
1098.74 2.9262957479968304e+39
1099.28 2.918496731012914e+39
1099.82 2.818838573629541e+39
1100.36 2.907108227432269e+39
1100.9 2.9112664626559696e+39
1101.44 2.784084673334389e+39
1101.98 2.804871187876758e+39
1102.52 2.8950322291347504e+39
1103.06 2.794948978079499e+39
1103.6 2.847504147404357e+39
1104.15 2.598693380731736e+39
1104.69 2.838855717229536e+39
1105.23 2.851153434383285e+39
1105.77 2.825386452015184e+39
1106.31 2.8718061892350757e+39
1106.85 2.798674532659828e+39
1107.4 2.7975625074440236e+39
1107.94 1.8034622969297918e+39
1108.48 2.09157347418533e+39
1109.03 2.8160418962214015e+39
1109.57 2.840435875980233e+39
1110.11 2.754361040493592e+39
1110.66 2.6556256393838554e+39
1111.2 2.7457609882749986e+39
1111.75 2.777082592028394e+39
1112.29 2.6354545739948444e+39
1112.84 2.823659978693351e+39
1113.39 2.827673499653947e+39
1113.93 2.7828256660894065e+39
1114.48 2.803837651317949e+39
1115.02 2.4699581888054782e+39
1115.57 2.7739523191571016e+39
1116.12 2.2973920870641874e+39
1116.67 2.6140341043663633e+39
1117.21 2.6837810621956805e+39
1117.76 2.6657119036109302e+39
1118.31 2.7151219328198035e+39
1118.86 2.7996611069262754e+39
1119.41 2.5825671710113164e+39
1119.95 2.8010930164769856e+39
1120.5 2.7915391911103975e+39
1121.05 2.7022151679832155e+39
1121.6 2.76870142888091e+39
1122.15 2.770207633426295e+39
1122.7 2.7762496567693926e+39
1123.25 2.7719051323190294e+39
1123.8 1.727767760352247e+39
1124.36 2.6794304991113885e+39
1124.91 2.3932578914761773e+39
1125.46 2.6784682495325733e+39
1126.01 2.7458923397232e+39
1126.56 2.7098204025507102e+39
1127.11 2.686001971620509e+39
1127.67 2.6595654072885478e+39
1128.22 1.5460912585294706e+39
1128.77 1.5179923183396194e+39
1129.33 2.6258742355167315e+39
1129.88 2.5910653764012386e+39
1130.44 2.37029708206153e+39
1130.99 2.5832581425468934e+39
1131.54 2.7076519124850548e+39
1132.1 2.730912381975829e+39
1132.65 2.702917508466259e+39
1133.21 2.6572824906641785e+39
1133.77 2.6947138855662488e+39
1134.32 2.5660845851879562e+39
1134.88 2.5785015208093502e+39
1135.43 2.6817216686253358e+39
1135.99 2.7028386776264673e+39
1136.55 2.6785302093147378e+39
1137.1 2.6633783052203535e+39
1137.66 2.6863295007595505e+39
1138.22 2.6071600777246926e+39
1138.78 2.6690585783383052e+39
1139.34 2.328887518239449e+39
1139.9 2.2502922312532476e+39
1140.45 2.6204093618457218e+39
1141.01 2.6687601827805564e+39
1141.57 2.2749400490517335e+39
1142.13 2.6516120295852367e+39
1142.69 2.6675946521194057e+39
1143.25 2.6374224300756395e+39
1143.81 2.6233096230706607e+39
1144.38 2.357434229905071e+39
1144.94 2.308976122163009e+39
1145.5 2.655762890459054e+39
1146.06 2.6520977507420448e+39
1146.62 2.642772582848772e+39
1147.18 2.6190274952483377e+39
1147.75 2.633543558996926e+39
1148.31 2.6039987456352373e+39
1148.87 2.5468363228977975e+39
1149.44 2.5774573573076892e+39
1150.0 2.4949497951033017e+39
1150.0 2.4949497951033017e+39
1150.3 2.5580400544445798e+39
1150.6 2.599937272063169e+39
1150.89 2.481865346226999e+39
1151.19 2.5240836549132672e+39
1151.49 2.609571939540741e+39
1151.79 2.609244658205365e+39
1152.09 2.5753148504110583e+39
1152.39 2.561449873162743e+39
1152.69 2.2975839580992923e+39
1152.98 2.6109390573177862e+39
1153.28 2.5835227302538254e+39
1153.58 2.5274228906633932e+39
1153.88 2.4199898369972756e+39
1154.18 2.5121708364586566e+39
1154.48 2.5759343892045505e+39
1154.78 2.5535268244041176e+39
1155.08 2.5116900878940625e+39
1155.38 2.519890556090817e+39
1155.68 2.5831956819636357e+39
1155.98 2.1753689888235412e+39
1156.28 2.5797555776540934e+39
1156.57 2.5426934217160755e+39
1156.88 2.5382816718638662e+39
1157.18 2.5433475333795193e+39
1157.47 2.5495984898225494e+39
1157.78 2.5271341585686306e+39
1158.07 2.228457639645436e+39
1158.38 2.556588833390148e+39
1158.68 2.5417169339355517e+39
1158.97 2.4044362514662843e+39
1159.28 2.5455977092927977e+39
1159.58 2.4193353207955615e+39
1159.88 2.5681616725642504e+39
1160.18 2.433821114471115e+39
1160.48 2.3478748762727655e+39
1160.78 2.5473653826503597e+39
1161.08 2.559396166789346e+39
1161.38 2.5098846862178384e+39
1161.68 2.5419676677219715e+39
1161.98 2.380763609990437e+39
1162.28 2.5318765654746097e+39
1162.58 2.559344702524146e+39
1162.89 2.552790904975678e+39
1163.19 2.3426181132805345e+39
1163.49 2.498951054462677e+39
1163.79 2.3728703124774974e+39
1164.09 2.4740031918779103e+39
1164.39 2.3520497755274998e+39
1164.7 2.453030620065825e+39
1165.0 2.3289011391811885e+39
1165.3 2.510181080353737e+39
1165.6 2.197602037987986e+39
1165.9 2.1972680718561253e+39
1166.21 2.5261424650397026e+39
1166.51 2.5162386720936656e+39
1166.81 2.2601945566592162e+39
1167.11 2.410681390087136e+39
1167.42 2.3379466899681197e+39
1167.72 2.1093983016903636e+39
1168.02 2.493173938980269e+39
1168.32 2.5201510036342184e+39
1168.63 2.2251605268637926e+39
1168.93 1.682662320616735e+39
1169.23 2.4778955794365272e+39
1169.54 2.3611299932965266e+39
1169.84 2.499803811938516e+39
1170.14 2.4062012736554814e+39
1170.44 2.380498856224323e+39
1170.75 2.481217684087901e+39
1171.05 2.255386047511923e+39
1171.35 2.5062645399362867e+39
1171.66 2.433345603132357e+39
1171.96 2.3130755190432552e+39
1172.27 2.5099015956898222e+39
1172.57 2.4297562527105057e+39
1172.87 2.333370329253238e+39
1173.18 2.5046894601350378e+39
1173.48 2.4046605331793088e+39
1173.79 2.4386753706313368e+39
1174.09 2.4758474326932425e+39
1174.4 2.4816703680455084e+39
1174.7 2.4601069135671316e+39
1175.0 1.7199818640681742e+39
1175.31 1.6852102153739752e+39
1175.61 1.65190081993796e+39
1175.92 1.704292699707044e+39
1176.22 2.161743037770002e+39
1176.53 2.3072864639226995e+39
1176.83 2.4696974345171976e+39
1177.14 2.4790505925857842e+39
1177.44 2.4550346205523727e+39
1177.75 2.4485515890637315e+39
1178.05 2.4389420873398895e+39
1178.36 2.377295259907139e+39
1178.66 2.4719822749176804e+39
1178.97 2.3728866181279232e+39
1179.27 2.457079528808818e+39
1179.58 2.4738356675884884e+39
1179.89 2.37548602239842e+39
1180.19 2.4663499781503927e+39
1180.5 2.3772591524169638e+39
1180.8 2.393478775049534e+39
1181.11 2.4558513023169652e+39
1181.42 2.3742943204209648e+39
1181.72 2.344917696114586e+39
1182.03 2.4625785306285777e+39
1182.33 2.460498689042941e+39
1182.64 2.2102205949147066e+39
1182.95 1.7659081220736436e+39
1183.25 2.40946793505083e+39
1183.56 2.4245638881443837e+39
1183.87 2.31513389311956e+39
1184.17 2.4021446626284213e+39
1184.48 1.5586657102229576e+39
1184.79 2.2182854439091562e+39
1185.09 2.4377064759344723e+39
1185.4 2.3086380980224495e+39
1185.71 2.4366340285324666e+39
1186.02 2.4089331674298884e+39
1186.32 2.438926604006927e+39
1186.63 2.332347066306342e+39
1186.94 2.3744204343637757e+39
1187.25 2.4318235814883664e+39
1187.56 2.3915887915359145e+39
1187.86 2.4273951890261583e+39
1188.17 2.4265817654848127e+39
1188.48 2.311493168913627e+39
1188.79 2.4145340679383704e+39
1189.09 2.343545507631454e+39
1189.4 2.3718330282018858e+39
1189.71 2.4143755955464258e+39
1190.02 2.4017375706666764e+39
1190.33 2.2105292712015658e+39
1190.64 2.4110542777180617e+39
1190.94 2.400861101899429e+39
1191.25 2.179504402736317e+39
1191.56 2.4130619132138725e+39
1191.87 2.3834671919439508e+39
1192.18 2.399329482943644e+39
1192.49 2.3729376222388555e+39
1192.8 2.3542923899559325e+39
1193.11 2.3060805621096162e+39
1193.42 2.372184976097285e+39
1193.73 2.3512706700677022e+39
1194.04 2.2872134774272304e+39
1194.34 2.258501180768175e+39
1194.65 2.3894304618377514e+39
1194.96 2.393362431520883e+39
1195.27 2.3620144101033622e+39
1195.58 2.311780603329904e+39
1195.89 2.378212666056698e+39
1196.2 1.761346333075544e+39
1196.51 2.3539426186130757e+39
1196.82 2.3455959580987097e+39
1197.13 2.313132641796812e+39
1197.44 2.3278118237922027e+39
1197.75 2.2644107207953956e+39
1198.06 2.3317529502978765e+39
1198.38 2.2304360785623302e+39
1198.69 2.3399528903422213e+39
1199.0 2.3491159112047644e+39
1199.31 2.416861585745071e+39
1199.62 2.3169630689767757e+39
1199.93 2.369171195952137e+39
1200.24 2.239978120874161e+39
1200.55 2.310259138633779e+39
1200.86 2.130137259324634e+39
1201.17 2.271509099696117e+39
1201.48 2.289820151027983e+39
1201.8 2.2129834431929192e+39
1202.11 2.008283668961138e+39
1202.42 2.3283697515020406e+39
1202.73 2.3298547170619294e+39
1203.04 2.3258715821027632e+39
1203.35 2.16666927286096e+39
1203.67 2.3387802401119156e+39
1203.98 2.33811736699179e+39
1204.29 2.249024866476839e+39
1204.6 2.312850403435058e+39
1204.92 2.2546091094931977e+39
1205.23 2.285306961305384e+39
1205.54 2.1699405084227737e+39
1205.85 2.3063813184852582e+39
1206.16 2.2348809600558768e+39
1206.48 1.6826667290125663e+39
1206.79 2.313083926465351e+39
1207.1 2.2760126599817024e+39
1207.42 2.2434602765921935e+39
1207.73 2.3121801372447906e+39
1208.04 2.2719300065878757e+39
1208.35 2.2642742758819037e+39
1208.67 2.264420247916048e+39
1208.98 2.2942696679203007e+39
1209.29 2.2948372807082874e+39
1209.61 2.1713002949495144e+39
1209.92 2.2863742647247065e+39
1210.23 2.2596165872177188e+39
1210.55 2.1003552017560745e+39
1210.86 2.274417437269614e+39
1211.18 2.14194427211032e+39
1211.49 1.9181192134200916e+39
1211.8 2.2772621249060704e+39
1212.12 2.289185635163401e+39
1212.43 2.284924631048142e+39
1212.75 2.1583897847761445e+39
1213.06 2.019607607144648e+39
1213.38 2.275857112973396e+39
1213.69 2.0660560980981108e+39
1214.0 2.199324059636771e+39
1214.32 2.2529793647128453e+39
1214.63 2.0925426879098422e+39
1214.95 2.172362571583717e+39
1215.26 1.4053012110073042e+39
1215.58 1.3461002414691706e+39
1215.89 1.5355872858991668e+39
1216.21 2.322161849212243e+39
1216.52 2.312615183910054e+39
1216.84 2.161802819519551e+39
1217.15 2.0226378745447627e+39
1217.47 2.301383695402359e+39
1217.79 1.9046668073119496e+39
1218.1 2.3024936319289774e+39
1218.42 2.1772917410329404e+39
1218.73 2.1105921403562477e+39
1219.05 2.305635870610744e+39
1219.36 2.3174837007296372e+39
1219.68 2.2948870661166662e+39
1220.0 2.1240026347779834e+39
1220.31 2.0752405231976046e+39
1220.63 2.3047055417172747e+39
1220.94 1.8806875349827088e+39
1221.26 2.0916229955820424e+39
1221.58 2.3256778438908984e+39
1221.9 2.126547512464753e+39
1222.21 2.1836042551515387e+39
1222.53 2.286695119434552e+39
1222.84 1.982466898770731e+39
1223.16 2.0785911847376402e+39
1223.48 2.3035710505517953e+39
1223.8 2.0125354488476864e+39
1224.11 2.227608636764521e+39
1224.43 2.1478781228571774e+39
1224.75 1.9473426980875932e+39
1225.06 1.7342579253921193e+39
1225.38 1.510562576131058e+39
1225.7 1.2763866833840857e+39
1226.02 1.1155635717307221e+39
1226.34 1.2176287817135612e+39
1226.65 1.1197190404301809e+39
1226.97 1.048737383916292e+39
1227.29 1.0017352883842551e+39
1227.61 1.0311402498845216e+39
1227.93 1.0275928040280112e+39
1228.24 1.012623958696976e+39
1228.56 9.862991766943372e+38
1228.88 1.042967907537316e+39
1229.2 1.0369621740745372e+39
1229.52 9.377832789171998e+38
1229.84 9.136706348045817e+38
1230.16 1.0341284170157528e+39
1230.47 8.721984467554407e+38
1230.79 8.441419188328148e+38
1231.11 1.0233949777461051e+39
1231.43 1.019503596578019e+39
1231.75 1.0419381038330785e+39
1232.07 1.0452321679193929e+39
1232.39 1.0477829143996975e+39
1232.71 1.0538875589769423e+39
1233.03 9.90892083882051e+38
1233.35 1.0411362077412634e+39
1233.67 1.0666645317680091e+39
1233.99 1.0756408166738619e+39
1234.31 1.0957356984843731e+39
1234.63 1.0643965751293798e+39
1234.95 1.1261603920220674e+39
1235.27 1.1231199828464171e+39
1235.59 1.1660876285409359e+39
1235.91 1.1881885183670841e+39
1236.23 1.1179918760570797e+39
1236.55 1.2605529096927183e+39
1236.87 1.3009781671224028e+39
1237.19 1.3032281456071055e+39
1237.51 1.404238389442748e+39
1237.83 1.469437710660182e+39
1238.15 1.5382306791805752e+39
1238.47 1.569645954406021e+39
1238.79 1.64086136535308e+39
1239.11 1.9776162514014073e+39
1239.44 2.0211912877787222e+39
1239.76 2.0662717840853516e+39
1240.08 2.0952575830333993e+39
1240.4 2.1493510065966288e+39
1240.72 2.2163442494830836e+39
1241.04 2.275108015025021e+39
1241.36 2.349220104122734e+39
1241.69 2.438984863243847e+39
1242.01 2.5436105010811548e+39
1242.33 2.661166347043201e+39
1242.65 2.8202223199269497e+39
1242.97 3.383877066465346e+39
1243.3 3.645855920917049e+39
1243.62 3.623268753242515e+39
1243.94 3.628954343132209e+39
1244.26 3.482349599148948e+39
1244.58 3.50915976719011e+39
1244.91 3.370913379375561e+39
1245.23 3.139089385622453e+39
1245.55 3.2935068336325236e+39
1245.88 3.212722157932334e+39
1246.2 3.1561380701622046e+39
1246.52 3.050617863375581e+39
1246.84 2.920980227507067e+39
1247.17 3.0813357603959274e+39
1247.49 2.3525442244398064e+39
1247.81 2.8003065139663434e+39
1248.14 2.2662241256116292e+39
1248.46 2.762349434477521e+39
1248.79 2.855576698218596e+39
1249.11 2.866603199371355e+39
1249.43 2.7076729340238582e+39
1249.76 2.780912668584959e+39
1250.08 2.6450578065910243e+39
1250.4 2.127903031598566e+39
1250.73 2.2184486456656572e+39
1251.05 2.4158152438589455e+39
1251.38 2.6128764287236565e+39
1251.7 2.567502622898236e+39
1252.03 2.5296106003945113e+39
1252.35 2.458857723104278e+39
1252.68 2.256128412741615e+39
1253.0 2.3397058434337998e+39
1253.32 2.4796911172482473e+39
1253.65 1.8873635068665554e+39
1253.97 2.121034568069218e+39
1254.3 2.5111703515770018e+39
1254.62 2.493773449435138e+39
1254.95 2.395432925186127e+39
1255.27 2.284143957456494e+39
1255.6 2.4635369803535327e+39
1255.93 2.4614668437666265e+39
1256.25 2.4640607044419103e+39
1256.58 2.227177928757873e+39
1256.9 2.4510432766636033e+39
1257.23 2.378554487407632e+39
1257.55 2.2962429144345245e+39
1257.88 2.3250353148610948e+39
1258.2 2.463382658866029e+39
1258.53 2.189507255367014e+39
1258.86 2.0232544403805587e+39
1259.18 2.3154301820639357e+39
1259.51 2.3683453294478622e+39
1259.84 2.366671448821933e+39
1260.16 2.277550564677163e+39
1260.49 2.3691371339921415e+39
1260.82 2.2349714586155952e+39
1261.14 2.4139646839466838e+39
1261.47 2.484860005137151e+39
1261.8 2.1381212630760983e+39
1262.12 2.4687274778926007e+39
1262.45 2.4843673580836894e+39
1262.78 2.4839228633252672e+39
1263.11 2.4746285732467844e+39
1263.43 2.461044163366671e+39
1263.76 2.4699069608485763e+39
1264.09 2.4713338100145147e+39
1264.42 2.2567417205810596e+39
1264.74 2.3427708832301674e+39
1265.07 2.4258253991157135e+39
1265.4 2.349789140991552e+39
1265.73 2.1468311053603433e+39
1266.06 2.0371767544191028e+39
1266.38 2.0227708687034604e+39
1266.71 2.3419991016523746e+39
1267.04 2.488378103436423e+39
1267.37 2.3118818316826354e+39
1267.7 2.4857904066534624e+39
1268.03 2.4388944120471025e+39
1268.35 2.4967711909266337e+39
1268.68 2.4824841263996352e+39
1269.01 2.3000317619166944e+39
1269.34 2.3776110191247795e+39
1269.67 2.4801468444969415e+39
1270.0 2.3970859447532813e+39
1270.33 2.2663505953151283e+39
1270.66 1.9523853026093483e+39
1270.99 2.381900413406496e+39
1271.32 2.397459643377467e+39
1271.65 2.410563892971862e+39
1271.97 2.116867139456865e+39
1272.31 2.5386465640165058e+39
1272.63 2.2975580516369886e+39
1272.96 2.518038680677868e+39
1273.29 2.353574448284741e+39
1273.62 2.328965867969987e+39
1273.95 2.4727940546000405e+39
1274.28 2.35728674039811e+39
1274.61 2.507503908818754e+39
1274.94 2.5020533702101513e+39
1275.28 2.49369535536568e+39
1275.61 2.4919400022686556e+39
1275.94 2.378216518309097e+39
1276.27 2.4652151365697478e+39
1276.6 2.3785259043477718e+39
1276.93 1.8743494880260868e+39
1277.26 2.3805257586254873e+39
1277.59 2.378618684551706e+39
1277.92 2.4955506872696454e+39
1278.25 2.0840953928813464e+39
1278.58 2.5428949628785046e+39
1278.92 2.1078803079220546e+39
1279.25 2.5349399967589757e+39
1279.58 2.5336059367306215e+39
1279.91 2.5017856652859854e+39
1280.24 2.5254035102077936e+39
1280.57 2.4934525533591852e+39
1280.91 2.5247762666781385e+39
1281.24 2.317514803897725e+39
1281.57 2.4594714509454233e+39
1281.9 2.3822684867255434e+39
1282.23 2.232283133885835e+39
1282.57 2.5361752595381414e+39
1282.9 2.4524328748953774e+39
1283.23 2.466017337270314e+39
1283.56 2.3854635359581075e+39
1283.9 2.2661656243511353e+39
1284.23 2.0070929903361598e+39
1284.56 2.3560415390093724e+39
1284.9 2.4797652299028803e+39
1285.23 2.284205694485865e+39
1285.56 2.4963728924917128e+39
1285.9 2.0623665032101203e+39
1286.23 2.2471356709262512e+39
1286.56 2.5039886039807658e+39
1286.9 2.4834619394180534e+39
1287.23 2.565663918912008e+39
1287.56 2.2587078316820663e+39
1287.9 2.5354045152348214e+39
1288.23 2.2023713773334093e+39
1288.56 2.5378935206517502e+39
1288.9 2.471321158282219e+39
1289.23 2.494830904917501e+39
1289.57 2.539077546917363e+39
1289.9 2.4915349392974215e+39
1290.23 2.553039599517955e+39
1290.57 2.558002732305005e+39
1290.9 2.530059110350037e+39
1291.24 2.2314295998817558e+39
1291.57 2.4224897695029086e+39
1291.91 2.5618338825368047e+39
1292.24 2.54171560896611e+39
1292.58 2.558969656141941e+39
1292.91 2.560119982403871e+39
1293.25 2.337317276796732e+39
1293.58 2.5244225342740244e+39
1293.92 2.5169151276912457e+39
1294.25 2.541336352471836e+39
1294.59 1.9266722745800187e+39
1294.92 2.5334983600627532e+39
1295.26 2.3061922362015022e+39
1295.59 2.4788342630965467e+39
1295.93 2.4729874160106944e+39
1296.27 2.0440901097989935e+39
1296.6 2.0280439012776424e+39
1296.94 2.363332903433618e+39
1297.28 2.5795393473076236e+39
1297.61 2.247235691317453e+39
1297.95 2.5723810466173745e+39
1298.28 2.5797119044521914e+39
1298.62 2.4825460240362592e+39
1298.96 2.0706806148031082e+39
1299.29 2.5594590375816277e+39
1299.63 2.5698833991317973e+39
1299.97 2.5693801476436644e+39
1300.3 2.5057565613080536e+39
1300.64 2.2702340221204326e+39
1300.98 2.0890657583446124e+39
1301.32 2.546263386367014e+39
1301.65 2.5042878581795075e+39
1301.99 2.596240587066454e+39
1302.33 2.5539674328327745e+39
1302.67 2.5811634600189924e+39
1303.0 2.5731517710044954e+39
1303.34 1.9876734281845723e+39
1303.68 2.48453086222419e+39
1304.02 2.550371782464172e+39
1304.35 2.563671450437169e+39
1304.69 2.5567855634922782e+39
1305.03 2.586260688612448e+39
1305.37 2.4574806889701296e+39
1305.71 2.270009901101611e+39
1306.05 1.7547902460929475e+39
1306.38 2.5779491224246444e+39
1306.72 2.4138565278514906e+39
1307.06 2.5747104050559334e+39
1307.4 1.89707781952725e+39
1307.74 2.523084108953275e+39
1308.08 2.555866314997873e+39
1308.42 2.5119116744081725e+39
1308.76 2.342558358230706e+39
1309.09 2.579272129696485e+39
1309.43 2.514335176848343e+39
1309.77 2.4896541804001855e+39
1310.11 2.2672255712290356e+39
1310.45 2.582856543092234e+39
1310.79 2.5805702670108318e+39
1311.13 2.141711372430346e+39
1311.47 2.5674148363326645e+39
1311.81 1.8919994269784644e+39
1312.15 2.5864602297724477e+39
1312.49 2.4319265829686982e+39
1312.83 2.5850262986443705e+39
1313.17 2.575842606147948e+39
1313.51 2.5586156473947448e+39
1313.85 2.5857332333684115e+39
1314.19 2.582035314292372e+39
1314.53 2.2167689684204145e+39
1314.88 2.4861495382669474e+39
1315.22 2.5424656125661594e+39
1315.56 2.4085891409178886e+39
1315.9 2.4640536327853658e+39
1316.24 2.448992106880033e+39
1316.58 2.5818702362777838e+39
1316.92 2.4425937057356865e+39
1317.26 2.5536293046985007e+39
1317.6 2.5471485334082324e+39
1317.94 2.4790136068433058e+39
1318.29 2.165648085498388e+39
1318.63 2.5077654976384988e+39
1318.97 2.5912881619161885e+39
1319.31 2.2666488814530758e+39
1319.65 2.535727270442373e+39
1320.0 2.589167987997053e+39
1320.34 2.0489342253496098e+39
1320.68 2.2312876304444548e+39
1321.02 2.593181125393952e+39
1321.36 1.7937829821560006e+39
1321.71 2.5901583110332297e+39
1322.05 2.577465480662302e+39
1322.39 2.587157319350058e+39
1322.74 2.5782913022381333e+39
1323.08 2.4838278151493005e+39
1323.42 2.5822052158121204e+39
1323.76 2.53939223517209e+39
1324.11 2.5502218315614562e+39
1324.45 2.2800087706364342e+39
1324.79 2.519444770472948e+39
1325.14 2.5778182043497297e+39
1325.48 2.5937620899442304e+39
1325.82 2.219768877227675e+39
1326.17 2.581811178692976e+39
1326.51 2.2732149441589958e+39
1326.85 2.5139682451509124e+39
1327.2 2.4569591710879988e+39
1327.54 2.4386910164579702e+39
1327.89 2.5456252586308207e+39
1328.23 2.5688743676219268e+39
1328.58 2.5358297987401e+39
1328.92 2.5423658773770728e+39
1329.27 2.5175889886897798e+39
1329.61 2.581382359744346e+39
1329.95 2.5635372228940337e+39
1330.3 2.4177741433192425e+39
1330.64 2.5740239178251004e+39
1330.99 2.270630033119707e+39
1331.33 2.2698466099379195e+39
1331.68 1.942921492837505e+39
1332.02 2.5229286237457886e+39
1332.37 2.495935020806593e+39
1332.71 2.5884070086676802e+39
1333.06 2.5424969867320214e+39
1333.41 2.579812297144037e+39
1333.75 2.5901014282138188e+39
1334.1 2.5554300881712236e+39
1334.44 2.2093384484333754e+39
1334.79 2.4828418392951167e+39
1335.13 2.5005001601934687e+39
1335.48 2.5665785686032623e+39
1335.83 2.138423980911822e+39
1336.17 2.1190739209064864e+39
1336.52 2.4442470502166714e+39
1336.86 2.220276889808868e+39
1337.21 2.4995732744710795e+39
1337.56 2.4524743585597423e+39
1337.91 2.4781805678213857e+39
1338.25 2.3086307727068723e+39
1338.6 1.5435215390648516e+39
1338.94 2.6145922950725344e+39
1339.29 2.5912059585710266e+39
1339.64 2.0762983556882255e+39
1339.99 2.5714167055388952e+39
1340.33 2.344254490657297e+39
1340.68 2.5615537397122627e+39
1341.03 2.4456373932747073e+39
1341.38 2.5261000084145605e+39
1341.72 2.53257532779609e+39
1342.07 2.4775396252811732e+39
1342.42 2.1668992880818902e+39
1342.77 2.294809952857532e+39
1343.11 1.8799577709710556e+39
1343.46 1.5092314828958702e+39
1343.81 2.6387211550681527e+39
1344.16 2.621808833813795e+39
1344.51 2.6314508796945278e+39
1344.86 2.501324826401598e+39
1345.21 2.60612209506407e+39
1345.55 2.0460286309451524e+39
1345.9 2.5940960578864357e+39
1346.25 2.5564084237902162e+39
1346.6 2.5697700639121194e+39
1346.95 2.5757169194051628e+39
1347.3 2.3454265432448935e+39
1347.65 2.52351203753386e+39
1348.0 2.4584918099765115e+39
1348.35 2.5979571959774143e+39
1348.7 2.5332325364031417e+39
1349.05 2.5730758841543065e+39
1349.4 2.5814917295323876e+39
1349.74 2.584348404296963e+39
1350.09 2.423476872064577e+39
1350.44 2.518294587174284e+39
1350.8 2.590249865159912e+39
1351.15 2.3623757618858142e+39
1351.49 1.832265909273726e+39
1351.84 2.57605716176661e+39
1352.2 2.596270550946575e+39
1352.55 2.5633423280943624e+39
1352.9 2.485896867970666e+39
1353.25 2.5900577161124666e+39
1353.6 2.5873605711310673e+39
1353.95 2.5936674524467325e+39
1354.3 2.543615435207936e+39
1354.65 2.5856422432295328e+39
1355.0 2.5714923740388306e+39
1355.35 2.405646836597713e+39
1355.7 2.5403193977296845e+39
1356.06 2.278570621287174e+39
1356.41 2.5672525317276807e+39
1356.76 2.5936090487667062e+39
1357.11 2.022042406406618e+39
1357.46 2.5522653892296014e+39
1357.81 2.242034965508334e+39
1358.17 2.5688919388228392e+39
1358.52 2.1197807748330682e+39
1358.87 2.537674262978696e+39
1359.22 2.34931155281839e+39
1359.57 2.541471050216765e+39
1359.93 2.502808696934684e+39
1360.28 2.4748668040170798e+39
1360.63 2.4249669254656732e+39
1360.98 2.383798944476242e+39
1361.34 2.0427787997189446e+39
1361.69 1.6643120971323106e+39
1362.04 2.1552021562612206e+39
1362.4 2.0675460441669214e+39
1362.75 1.9645549891306564e+39
1363.1 1.4678545467420458e+39
1363.46 1.6262576884593654e+39
1363.81 1.6537423894285145e+39
1364.16 1.8004297828067122e+39
1364.52 1.7897897313317657e+39
1364.87 1.564840241926001e+39
1365.22 1.6923408387742367e+39
1365.58 1.4364256231465325e+39
1365.93 1.7254430820694468e+39
1366.29 1.769031648341599e+39
1366.64 1.7836217633534405e+39
1366.99 1.6921954907368535e+39
1367.35 1.8252454901803546e+39
1367.7 1.867475576489163e+39
1368.06 1.9143678675570002e+39
1368.41 1.971191263800642e+39
1368.77 2.0447440192470934e+39
1369.12 2.115836183634546e+39
1369.48 2.112914564836588e+39
1369.83 2.2790547289569626e+39
1370.19 2.353663476207357e+39
1370.54 2.4742120094632785e+39
1370.9 2.4471254946300372e+39
1371.25 2.5166250179480983e+39
1371.61 3.191438955073111e+39
1371.96 2.6266775239920936e+39
1372.32 3.2503767202524214e+39
1372.67 2.7961704756288556e+39
1373.03 3.010511635324338e+39
1373.39 3.068999617741539e+39
1373.74 2.348801830209669e+39
1374.1 2.073063595850717e+39
1374.45 2.85530101577687e+39
1374.81 2.3019605328716005e+39
1375.17 2.850517474404956e+39
1375.52 2.80713035142209e+39
1375.88 2.810141185945517e+39
1376.23 2.4618694174189812e+39
1376.59 2.6157588493939712e+39
1376.95 2.6709161716473176e+39
1377.31 2.6817770916821486e+39
1377.66 2.3695628484801584e+39
1378.02 2.4095191623184127e+39
1378.38 2.658596336410228e+39
1378.73 2.5268389777056436e+39
1379.09 2.1927005181932062e+39
1379.45 2.541387775169865e+39
1379.81 2.6185593363286623e+39
1380.16 1.9814223883067237e+39
1380.52 2.5424257836281228e+39
1380.88 2.5523337027123157e+39
1381.24 2.5162749822918305e+39
1381.6 2.3152537677975395e+39
1381.95 2.5846515550488312e+39
1382.31 2.5372439058681762e+39
1382.67 2.5626676658180485e+39
1383.03 2.5879281615684518e+39
1383.39 2.587331048170022e+39
1383.75 2.5247108130306318e+39
1384.1 2.0562419170225925e+39
1384.46 2.550665837113122e+39
1384.82 2.5018011025612633e+39
1385.18 2.5745530839474927e+39
1385.54 2.576676794598641e+39
1385.9 2.3868555907285437e+39
1386.26 2.398786548884094e+39
1386.62 2.5670618367367102e+39
1386.98 2.5253427015192522e+39
1387.34 2.3048017920584644e+39
1387.7 2.58646207008668e+39
1388.06 2.227757514501284e+39
1388.42 2.5022978039764232e+39
1388.78 2.5944144129736448e+39
1389.14 2.5865982525777754e+39
1389.49 2.573904182059358e+39
1389.85 2.5855414664402102e+39
1390.21 2.5567440976173777e+39
1390.58 2.5975144079218625e+39
1390.94 2.1537844116592763e+39
1391.3 2.5689506493709946e+39
1391.66 2.5737037959489458e+39
1392.02 2.54947428826219e+39
1392.38 2.430535581423252e+39
1392.74 2.5731351971954216e+39
1393.1 2.0893081812170705e+39
1393.46 2.5346715102668748e+39
1393.82 1.6632982970097246e+39
1394.18 2.335596873064426e+39
1394.55 2.4069491941787016e+39
1394.91 2.6035449996833005e+39
1395.27 2.4854956407086058e+39
1395.63 2.6298481686489282e+39
1395.99 2.4301780764062218e+39
1396.35 2.6299971316752608e+39
1396.72 2.6236221129616776e+39
1397.08 2.0566384922853982e+39
1397.44 2.509599340156052e+39
1397.8 2.3757491249710093e+39
1398.16 1.9302187039552758e+39
1398.53 2.6182508942846028e+39
1398.89 2.443468287553843e+39
1399.25 2.6349944312295963e+39
1399.61 2.6281085574777335e+39
1399.98 2.3665454404043414e+39
1400.34 2.411115664403296e+39
1400.7 2.3591254919051957e+39
1401.07 2.370238103031699e+39
1401.43 2.5985110861570078e+39
1401.79 2.6090174008341248e+39
1402.16 2.5811146423209883e+39
1402.52 2.5768509418471185e+39
1402.88 1.619761620099853e+39
1403.25 1.912365114076531e+39
1403.61 2.640232801399789e+39
1403.97 2.596057405924862e+39
1404.34 2.4847041331884147e+39
1404.7 2.5830119090822277e+39
1405.06 2.627169715904937e+39
1405.43 2.554985873594067e+39
1405.79 2.6089767754676156e+39
1406.16 2.552469586186786e+39
1406.52 2.417977609263415e+39
1406.89 1.6977847432891963e+39
1407.25 1.6860650054887425e+39
1407.62 2.513938534896406e+39
1407.98 2.601874425006508e+39
1408.35 2.6079944419252635e+39
1408.71 2.244224624796092e+39
1409.08 1.8729458578699353e+39
1409.44 1.6784897080577748e+39
1409.81 1.8791326970902077e+39
1410.17 2.5009832275938094e+39
1410.54 2.550112926244201e+39
1410.9 2.591508351108878e+39
1411.27 2.543320621635743e+39
1411.64 2.1549120256522937e+39
1412.0 2.490993239252643e+39
1412.37 2.5495342299798505e+39
1412.73 2.5793704546563224e+39
1413.1 2.5760357463472185e+39
1413.46 2.5323212295748033e+39
1413.83 2.5725609061795556e+39
1414.2 2.514620801986132e+39
1414.56 2.3341359855968955e+39
1414.93 2.5073960105046637e+39
1415.3 2.3298591960440598e+39
1415.67 2.481740619288118e+39
1416.03 2.537990066607079e+39
1416.4 2.5663540437376746e+39
1416.77 2.5467903172131587e+39
1417.13 2.3947304056814367e+39
1417.5 2.5414594633825364e+39
1417.87 2.5058190951073052e+39
1418.23 2.369795483889466e+39
1418.6 2.457509025704427e+39
1418.97 2.557579619767839e+39
1419.34 2.5345040579604652e+39
1419.71 2.5533279944437122e+39
1420.07 1.9700707060587922e+39
1420.44 1.8682931050482415e+39
1420.81 2.502349674426351e+39
1421.18 2.2049095179537468e+39
1421.55 2.5592536786634896e+39
1421.92 2.5303214062492956e+39
1422.28 2.517790956861134e+39
1422.65 2.460438052242172e+39
1423.02 2.527489558826429e+39
1423.39 2.5626907245264355e+39
1423.76 2.5637927531866443e+39
1424.13 2.5065682031280977e+39
1424.5 2.23411759400733e+39
1424.87 2.529894572780007e+39
1425.23 2.5643828638919638e+39
1425.6 2.560702044745897e+39
1425.97 2.514693868467384e+39
1426.34 2.2500962196293296e+39
1426.71 2.515457301449914e+39
1427.08 2.5618441293513895e+39
1427.45 2.1955118162784807e+39
1427.82 2.1417983446741683e+39
1428.19 2.231265978962762e+39
1428.56 2.335361272378372e+39
1428.93 1.977501263420492e+39
1429.3 2.3438479280430686e+39
1429.68 2.5466271848380384e+39
1430.05 2.5472874834701953e+39
1430.42 2.2468315720308257e+39
1430.79 2.045752259560118e+39
1431.16 2.5466867376792038e+39
1431.53 2.5164481081907343e+39
1431.9 2.2806067073928014e+39
1432.27 2.5545368952247407e+39
1432.64 2.5516984958058925e+39
1433.01 2.36922597714294e+39
1433.38 2.5497850129516032e+39
1433.76 2.498645048664237e+39
1434.13 2.548012435023574e+39
1434.5 2.4047972735785858e+39
1434.87 2.5395417025004826e+39
1435.24 2.2803535041191943e+39
1435.61 2.5126324021429494e+39
1435.99 2.495914189890198e+39
1436.36 2.5375600499492054e+39
1436.73 2.450320859171257e+39
1437.1 2.4915485022362758e+39
1437.48 2.3858845834435168e+39
1437.85 2.508097607469845e+39
1438.22 2.4990178490969074e+39
1438.59 2.534978051894311e+39
1438.97 2.3752206642814583e+39
1439.34 2.512457065932035e+39
1439.71 2.4125885184341283e+39
1440.09 2.5335692073199696e+39
1440.46 1.791295441556877e+39
1440.83 2.0042947601924823e+39
1441.21 2.4038140156083682e+39
1441.58 2.504696303864733e+39
1441.95 2.5327984872904744e+39
1442.33 2.4028807297911837e+39
1442.7 2.4305684230849253e+39
1443.07 2.3224340023675147e+39
1443.45 2.3633313991023838e+39
1443.82 2.536237609168645e+39
1444.2 2.5110823749452462e+39
1444.57 2.5352223619287073e+39
1444.95 2.307367953937278e+39
1445.32 2.512417084655741e+39
1445.69 2.2607706848512973e+39
1446.07 2.5232889302606075e+39
1446.44 2.306596042002073e+39
1446.82 2.358234444291306e+39
1447.19 2.441544693505354e+39
1447.57 2.423590183176359e+39
1447.94 2.4482545786743337e+39
1448.32 2.5264503268159642e+39
1448.69 2.5092148304306222e+39
1449.07 2.323815891972047e+39
1449.45 2.507987853751468e+39
1449.82 2.177218654800471e+39
1450.2 2.3985868178896925e+39
1450.57 2.4786873678444216e+39
1450.95 2.505444774351834e+39
1451.33 2.4542441019062314e+39
1451.7 2.490515326936205e+39
1452.08 2.4990054389157148e+39
1452.45 2.4119497063947115e+39
1452.83 2.3231964113939554e+39
1453.21 2.5260588014873647e+39
1453.58 1.720457939555551e+39
1453.96 2.287395626450024e+39
1454.34 2.4028040801252808e+39
1454.71 1.838986426921531e+39
1455.09 2.5140001438076284e+39
1455.47 1.9267347081566705e+39
1455.85 2.5096224568612406e+39
1456.22 1.87109631252777e+39
1456.6 2.4718334639764347e+39
1456.98 2.5304755595211977e+39
1457.36 2.3938391301405925e+39
1457.73 1.9103877732148867e+39
1458.11 2.5116787920934233e+39
1458.49 2.3815875027474613e+39
1458.87 2.506679807137347e+39
1459.24 1.6722644189992898e+39
1459.62 2.483344804341821e+39
1460.0 2.5268471668667835e+39
1460.38 2.4587297833406202e+39
1460.76 1.8555920592577e+39
1461.14 2.485146267954462e+39
1461.52 2.4877940422546368e+39
1461.9 2.5238107039247477e+39
1462.27 2.4149223542773445e+39
1462.65 1.7909988282157586e+39
1463.03 2.4675008911322954e+39
1463.41 2.5155283791879042e+39
1463.79 2.3753139041533546e+39
1464.17 2.161636611969285e+39
1464.55 2.4619217824199902e+39
1464.93 2.1055506900966257e+39
1465.31 1.8801696540399718e+39
1465.69 2.4816941886270113e+39
1466.07 2.524513761542736e+39
1466.45 2.3666671679908185e+39
1466.83 2.384331008892805e+39
1467.21 2.4984221720693236e+39
1467.59 2.5214190011784588e+39
1467.97 2.49887271407923e+39
1468.35 2.4907673612880868e+39
1468.73 2.511898665280041e+39
1469.11 2.4183601730031124e+39
1469.49 2.484275559479243e+39
1469.87 2.3032361561855223e+39
1470.25 2.3846085140735458e+39
1470.64 2.5013852785773417e+39
1471.02 2.3904409010041894e+39
1471.4 2.3707371705589568e+39
1471.78 2.4718875484184427e+39
1472.16 1.921604086770579e+39
1472.54 1.7271061101358738e+39
1472.92 2.4528106924687674e+39
1473.31 2.4944473125282802e+39
1473.69 2.5166866735967397e+39
1474.07 2.516540169525878e+39
1474.45 2.5163931151069734e+39
1474.83 2.4839509352970073e+39
1475.21 2.452660527235128e+39
1475.6 1.8930720781342165e+39
1475.98 2.5050885447921457e+39
1476.36 2.4450323427950273e+39
1476.74 2.5094355791592202e+39
1477.13 2.5110909584985787e+39
1477.51 2.1892417225660235e+39
1477.89 2.3731484402109723e+39
1478.28 2.1011692467794346e+39
1478.66 2.5078528660505624e+39
1479.04 2.5084357784330203e+39
1479.43 1.8082515971119398e+39
1479.81 2.4943053650567823e+39
1480.19 2.4906362261381433e+39
1480.58 2.5067204913421743e+39
1480.96 2.5049850782373148e+39
1481.34 2.4776308988527294e+39
1481.73 2.4363140987356515e+39
1482.11 2.5075208598993385e+39
1482.5 2.5073850407250713e+39
1482.88 2.4903025758131596e+39
1483.27 2.0914062429719822e+39
1483.65 2.497234342909332e+39
1484.03 2.4251025305264432e+39
1484.42 2.36551713661412e+39
1484.8 2.4909024311759776e+39
1485.19 2.3829916335078646e+39
1485.57 2.49300384266375e+39
1485.96 2.3236229999505282e+39
1486.34 2.439186696920685e+39
1486.73 2.3021339057927808e+39
1487.11 2.5032238631877045e+39
1487.5 2.502677878901969e+39
1487.89 2.3789761116518845e+39
1488.27 2.5025847226218558e+39
1488.66 2.500481480622925e+39
1489.04 2.4723621412512233e+39
1489.43 2.4792862155809394e+39
1489.81 2.2393132157031868e+39
1490.2 1.9775576484373786e+39
1490.59 2.40277963572439e+39
1490.97 2.4733156340848608e+39
1491.36 2.501908725608445e+39
1491.75 2.4626530728011746e+39
1492.13 2.4723412315395082e+39
1492.52 2.4961455007239032e+39
1492.91 2.498165672819153e+39
1493.29 2.4988833974122475e+39
1493.68 2.062514661046714e+39
1494.07 2.486382566533664e+39
1494.45 2.32050381555625e+39
1494.84 2.3610919944471085e+39
1495.23 2.318533556873935e+39
1495.62 2.178136399826187e+39
1496.01 2.50144595525773e+39
1496.39 2.4997148206068124e+39
1496.78 2.499747938193971e+39
1497.17 2.4847449811192462e+39
1497.56 2.3499968217735853e+39
1497.94 1.905267824296341e+39
1498.33 2.4954633148722555e+39
1498.72 2.182509770131073e+39
1499.11 2.3154267885909074e+39
1499.5 2.4352623877887575e+39
1499.89 2.4424760817067393e+39
1500.28 2.2827835205687374e+39
1500.66 2.4811771710216563e+39
1501.05 2.489245868669106e+39
1501.44 2.4156702211186404e+39
1501.83 1.6336060331849883e+39
1502.22 2.3570394116675936e+39
1502.61 2.4995751182572683e+39
1503.0 2.4176051629756014e+39
1503.39 2.412983706123245e+39
1503.78 2.4691259146474827e+39
1504.17 2.433615257991516e+39
1504.56 2.3339440213659234e+39
1504.95 2.4616640620753795e+39
1505.34 2.4479749515387434e+39
1505.73 2.3688542916975945e+39
1506.12 2.428517206427465e+39
1506.51 2.493410401044688e+39
1506.9 2.4568921582891342e+39
1507.29 2.4987233055065625e+39
1507.68 2.455161058244226e+39
1508.07 2.489439368599403e+39
1508.46 2.4987503422561636e+39
1508.85 2.417764114792618e+39
1509.24 2.455244438276568e+39
1509.64 2.421942148664409e+39
1510.03 2.4899697108079832e+39
1510.42 2.4989301221933826e+39
1510.81 2.490304778171359e+39
1511.2 2.1575217416616394e+39
1511.59 2.31914426525591e+39
1511.98 2.466097570242972e+39
1512.38 2.3476742651856085e+39
1512.77 2.2261280310712633e+39
1513.16 2.403490129818094e+39
1513.55 2.2671719181224655e+39
1513.94 2.4247472210093803e+39
1514.34 2.4816673630261353e+39
1514.73 2.4903787142355247e+39
1515.12 2.483802891884396e+39
1515.52 2.3164020277644362e+39
1515.91 2.4060658688259723e+39
1516.3 2.4014529777057423e+39
1516.69 2.164315421976407e+39
1517.09 2.4435569164643663e+39
1517.48 2.4887352995163014e+39
1517.87 2.389598013723409e+39
1518.27 2.4842564143659078e+39
1518.66 2.3815096356675853e+39
1519.05 1.883597732224196e+39
1519.45 2.4570805673060498e+39
1519.84 2.485850440259365e+39
1520.23 2.4854240011126908e+39
1520.63 2.1509058174591223e+39
1521.02 2.4760247575965556e+39
1521.42 2.461496885643724e+39
1521.81 2.4834565952952664e+39
1522.21 2.4811929586786333e+39
1522.6 2.4820326525690314e+39
1522.99 2.4818428421349112e+39
1523.39 2.44296775275664e+39
1523.79 2.4766864000674195e+39
1524.18 2.4140002282455422e+39
1524.57 2.3581608833386402e+39
1524.97 2.23710418264001e+39
1525.36 2.1520978031029998e+39
1525.76 2.3171495971525184e+39
1526.16 2.3975006639018953e+39
1526.55 2.4336678469974153e+39
1526.95 2.400905063452924e+39
1527.34 2.378683184674764e+39
1527.74 2.1819726869724362e+39
1528.14 2.4101358624587963e+39
1528.53 2.2906129491746793e+39
1528.93 2.371990563995854e+39
1529.32 2.4854338007429502e+39
1529.72 2.4785202999899418e+39
1530.12 2.2501541600346204e+39
1530.51 2.151246133419219e+39
1530.91 2.432832156699391e+39
1531.31 2.113910196205401e+39
1531.7 2.054700664786747e+39
1532.1 1.996144268845292e+39
1532.5 1.7665046115802123e+39
1532.9 1.5307952664026374e+39
1533.29 1.343343701005268e+39
1533.69 1.4632497747094626e+39
1534.09 1.4087673497011898e+39
1534.48 1.3925084145891968e+39
1534.88 1.275168670473267e+39
1535.28 1.365516437022352e+39
1535.68 1.2313052290067086e+39
1536.08 1.3743856024604578e+39
1536.47 1.3298273640658366e+39
1536.87 1.3595465408956507e+39
1537.27 1.1380787066091951e+39
1537.67 1.4183712587158126e+39
1538.07 1.358898296465295e+39
1538.47 1.474563212266662e+39
1538.86 1.3172451447440625e+39
1539.26 1.5233225932521146e+39
1539.66 1.598808958848066e+39
1540.06 1.5323595421277e+39
1540.46 1.6111063024000113e+39
1540.86 1.7097284282492278e+39
1541.26 1.782686219216138e+39
1541.66 1.8101476293914222e+39
1542.06 1.7145204161440334e+39
1542.46 1.8034782262895194e+39
1542.86 1.8470503057173357e+39
1543.26 1.9735408646310143e+39
1543.66 1.8270191638573277e+39
1544.06 1.9890681472366307e+39
1544.46 1.913135824063763e+39
1544.86 1.9538513879924985e+39
1545.26 2.20448340809629e+39
1545.66 2.2352274650262688e+39
1546.06 2.35915350548994e+39
1546.46 2.1982057463673286e+39
1546.86 2.3933221556681234e+39
1547.26 2.3667036434789345e+39
1547.66 2.3513457467176996e+39
1548.06 2.2561034172901276e+39
1548.47 2.9851538453780676e+39
1548.87 2.95950458961299e+39
1549.27 2.9869036507702445e+39
1549.67 2.941326975386288e+39
1550.07 2.814202177055236e+39
1550.47 2.8464081875673514e+39
1550.88 2.641461317892643e+39
1551.28 3.389268157065929e+39
1551.68 3.370639584567118e+39
1552.08 3.092805636904747e+39
1552.48 3.247602703957615e+39
1552.89 3.1523658935109905e+39
1553.29 2.8881303776291646e+39
1553.69 3.107612958165316e+39
1554.09 2.9854995338269813e+39
1554.5 3.0276840079142794e+39
1554.9 2.834657154712127e+39
1555.3 2.736909814327882e+39
1555.71 2.9238419055662925e+39
1556.11 2.7822986335750455e+39
1556.51 2.6606855660716444e+39
1556.92 2.7274445279756765e+39
1557.32 2.299804623534092e+39
1557.72 2.792517827629845e+39
1558.13 2.5057044047841678e+39
1558.53 2.7326552108055115e+39
1558.93 2.6682089471332802e+39
1559.34 2.5748012052025316e+39
1559.74 2.676570529359958e+39
1560.15 2.410419043057089e+39
1560.55 2.4692071641692535e+39
1560.96 2.6212073471852835e+39
1561.36 2.2969225199504002e+39
1561.77 2.5534181792272627e+39
1562.17 2.548367997410079e+39
1562.57 2.476009683341043e+39
1562.98 2.53449996622533e+39
1563.39 2.5165886901041024e+39
1563.79 2.283980733457593e+39
1564.19 2.360927394658576e+39
1564.6 2.316661501114805e+39
1565.01 2.4715678158880413e+39
1565.41 2.4621398993870277e+39
1565.82 2.3870014089691078e+39
1566.22 2.2989677002355998e+39
1566.63 2.2928350839987975e+39
1567.04 2.3100326019754967e+39
1567.44 2.452759729611742e+39
1567.85 2.443394358606077e+39
1568.25 2.2171263521364368e+39
1568.66 2.2535073671145692e+39
1569.07 2.427322657009874e+39
1569.47 2.419827207009357e+39
1569.88 2.439174445933158e+39
1570.29 2.2052171270500576e+39
1570.69 2.3684170077444572e+39
1571.1 2.4197842470140966e+39
1571.51 2.4222284919941618e+39
1571.92 2.157762100251844e+39
1572.32 2.208937251341132e+39
1572.73 2.304692265107981e+39
1573.14 2.4317699178493205e+39
1573.55 2.432607220982259e+39
1573.95 2.4295665735361263e+39
1574.36 2.4294516434718758e+39
1574.77 2.2181335304598308e+39
1575.18 2.2251899360360744e+39
1575.59 2.247949029367621e+39
1575.99 2.193426762800147e+39
1576.4 2.128200085894787e+39
1576.81 2.304367529963439e+39
1577.22 2.2159553751406614e+39
1577.63 2.3829640444950787e+39
1578.04 2.2016863952520172e+39
1578.45 2.4145342108796132e+39
1578.86 2.404203375988103e+39
1579.27 2.3425505821925885e+39
1579.68 1.8392750817946988e+39
1580.08 2.399883965748604e+39
1580.49 2.415448743675688e+39
1580.9 2.2570716376486438e+39
1581.31 2.2978559311989055e+39
1581.72 2.3956324349060226e+39
1582.13 2.4037954466099332e+39
1582.54 2.3572995183802986e+39
1582.95 2.374899520169562e+39
1583.36 2.331136700672165e+39
1583.77 2.3061639311368126e+39
1584.18 2.3602202955782505e+39
1584.59 2.2296918032789866e+39
1585.01 2.1890781472388487e+39
1585.42 2.3952090508868574e+39
1585.83 2.0923556900509476e+39
1586.24 2.256615342223262e+39
1586.65 2.4049690431601766e+39
1587.06 2.404204338061847e+39
1587.47 2.2761621350598022e+39
1587.88 2.4022872947289828e+39
1588.3 2.38014087060257e+39
1588.71 2.3438506458066255e+39
1589.12 2.3884553439751403e+39
1589.53 2.364254568103918e+39
1589.94 2.2579861161947437e+39
1590.35 2.398767836906351e+39
1590.77 2.3910554255416146e+39
1591.18 2.3839460916607325e+39
1591.59 2.3073481934663485e+39
1592.0 2.203178900857523e+39
1592.42 2.3673957256641548e+39
1592.83 2.3910426535845913e+39
1593.24 2.3723770160186964e+39
1593.66 2.2214181793950446e+39
1594.07 2.3436316235029682e+39
1594.48 2.383407067767207e+39
1594.89 2.178346398784441e+39
1595.31 2.3109567185462106e+39
1595.72 2.3527740382192856e+39
1596.14 2.3902579433643625e+39
1596.55 2.3897521818362607e+39
1596.96 2.3746018956111902e+39
1597.38 2.2892060556139276e+39
1597.79 2.3884300118325348e+39
1598.2 2.3870416704772348e+39
1598.62 2.2189846748640345e+39
1599.03 2.3889669474279487e+39
1599.45 2.3887613088345386e+39
1599.86 2.2621334101484956e+39
1600.28 2.3271824864966696e+39
1600.69 2.363227428101185e+39
1601.11 2.2967692040084972e+39
1601.52 2.3129276961171543e+39
1601.94 2.1742201052690992e+39
1602.35 2.3877443734212502e+39
1602.77 2.3843439007850852e+39
1603.18 1.732697870960429e+39
1603.6 2.361421546294627e+39
1604.01 2.3870954976965392e+39
1604.43 2.330163128393265e+39
1604.84 2.152270501293948e+39
1605.26 2.381020361391355e+39
1605.68 2.3734999434718936e+39
1606.09 2.3357660822569974e+39
1606.51 2.3674738398312284e+39
1606.93 2.2673099338654886e+39
1607.34 2.3838592442566598e+39
1607.76 2.154001673462173e+39
1608.18 2.3298680473872543e+39
1608.59 2.379691397073882e+39
1609.01 2.1074906478266017e+39
1609.43 2.31557182456799e+39
1609.84 2.1740022759163598e+39
1610.26 2.2074824335813687e+39
1610.68 2.3782876936012257e+39
1611.09 2.272509723494194e+39
1611.51 2.379154397314205e+39
1611.93 2.264067520297431e+39
1612.35 2.3777489201156078e+39
1612.77 2.0130867153527927e+39
1613.18 2.375107208738678e+39
1613.6 2.3087103683773735e+39
1614.02 2.0799627654258563e+39
1614.44 2.375207409180775e+39
1614.86 2.266570905850477e+39
1615.28 2.1985836949760905e+39
1615.69 2.27647294576312e+39
1616.11 2.2537516065024962e+39
1616.53 2.3585198506837546e+39
1616.95 2.2868777715682105e+39
1617.37 2.3697160021706728e+39
1617.79 2.2914985151454443e+39
1618.21 2.3677333426564898e+39
1618.63 2.277067636091085e+39
1619.05 2.353526011083573e+39
1619.47 2.2831897458106092e+39
1619.89 2.339779541091589e+39
1620.31 2.139798913708941e+39
1620.73 2.1708390746933557e+39
1621.15 2.1568613853673673e+39
1621.57 2.1610100070274945e+39
1621.99 2.3313166124443375e+39
1622.41 2.3006771359150218e+39
1622.83 2.3563512676951933e+39
1623.25 2.291523556730806e+39
1623.67 2.148219021390058e+39
1624.09 2.1055847535447e+39
1624.51 2.3530265891134483e+39
1624.93 2.178667125189108e+39
1625.35 2.1482996800016637e+39
1625.78 2.328971927507526e+39
1626.2 2.2466382692926e+39
1626.62 2.346075621080383e+39
1627.04 2.3324418032483435e+39
1627.46 2.205106563691769e+39
1627.88 2.2635406756626482e+39
1628.31 2.1893252268020032e+39
1628.73 2.3435753039460413e+39
1629.15 1.9421711570625048e+39
1629.57 2.341078859973356e+39
1629.99 2.3195542922487103e+39
1630.42 2.255102534083506e+39
1630.84 2.3404787511170704e+39
1631.26 2.3230075597376813e+39
1631.68 1.9016862181764052e+39
1632.11 2.1496650860988824e+39
1632.53 2.27059105325263e+39
1632.95 2.342324085268359e+39
1633.38 2.3434125409921573e+39
1633.8 2.31791067316506e+39
1634.22 2.3237242130907382e+39
1634.65 2.128904457095139e+39
1635.07 2.3096913251700434e+39
1635.49 2.309572809184146e+39
1635.92 2.310750567742848e+39
1636.34 2.2709744620009805e+39
1636.77 2.3350252781730868e+39
1637.19 2.3022658534605264e+39
1637.61 2.0574024024243844e+39
1638.04 2.2230448337286778e+39
1638.46 1.840949006183286e+39
1638.89 2.3154238334258907e+39
1639.31 2.01073021476572e+39
1639.74 2.2405379616329115e+39
1640.16 1.7954171908455316e+39
1640.59 1.964914440422066e+39
1641.01 2.3588834603142686e+39
1641.44 2.349116273942575e+39
1641.86 2.1530446394759824e+39
1642.29 2.3203929510106766e+39
1642.71 2.2367906404790114e+39
1643.14 2.3350901984685117e+39
1643.57 2.2835046190720897e+39
1643.99 2.1131748368666604e+39
1644.42 2.2868279174793112e+39
1644.84 2.2551573380696012e+39
1645.27 2.2528108215618538e+39
1645.7 2.235900690026627e+39
1646.12 2.316304280362012e+39
1646.55 2.3198142836743694e+39
1646.98 2.237179013945473e+39
1647.41 2.3101392315873263e+39
1647.83 2.319136386484122e+39
1648.26 2.302276263422068e+39
1648.69 2.19987772554384e+39
1649.11 2.2694810545087847e+39
1649.54 2.2516329212833384e+39
1649.97 2.2400544684049088e+39
1650.4 2.2976270093211734e+39
1650.82 2.296399235751571e+39
1651.25 2.302015613372513e+39
1651.68 2.21186744565366e+39
1652.11 2.257147234161822e+39
1652.54 2.1427950879715097e+39
1652.96 2.112701260870111e+39
1653.39 2.1294238183408235e+39
1653.82 2.283316257388185e+39
1654.25 2.2541352769230383e+39
1654.68 2.12928516351186e+39
1655.11 2.2948147139478995e+39
1655.54 2.2651208057992367e+39
1655.96 2.2772540579609598e+39
1656.39 2.2934280532685464e+39
1656.82 2.1806637391747032e+39
1657.25 2.281982078015502e+39
1657.68 2.0947668970723756e+39
1658.11 2.216098812579848e+39
1658.54 2.2617101892697053e+39
1658.97 2.1878237117149996e+39
1659.4 2.2164993455835145e+39
1659.83 2.2316331401136202e+39
1660.26 2.2773926210116898e+39
1660.69 2.2608561391479383e+39
1661.12 2.258904447303711e+39
1661.55 2.1531917387948013e+39
1661.98 2.2183877680660012e+39
1662.42 2.1629508849572103e+39
1662.85 2.2826600514042078e+39
1663.28 2.2712018418145438e+39
1663.71 2.2811830607271216e+39
1664.14 2.2835054077096243e+39
1664.57 2.261733856647451e+39
1665.0 2.2371788463379382e+39
1665.43 2.269863074156749e+39
1665.86 2.2835386494925548e+39
1666.3 2.2833077999411338e+39
1666.73 2.2714472956232587e+39
1667.16 2.2740008389908138e+39
1667.59 2.2681320181800398e+39
1668.03 2.1444375510018536e+39
1668.46 2.188621255666104e+39
1668.89 2.2775481939849768e+39
1669.32 2.2577938853499848e+39
1669.76 2.172636932849157e+39
1670.19 2.258930047964919e+39
1670.62 2.2411370040145863e+39
1671.05 2.0992493624623307e+39
1671.49 2.2726853826803055e+39
1671.92 2.1923250249933283e+39
1672.35 2.1942725156716023e+39
1672.79 2.1514727542430063e+39
1673.22 2.2428047736883092e+39
1673.65 2.0805928058439302e+39
1674.09 2.263561915234534e+39
1674.52 2.2281683344177348e+39
1674.96 2.2600303247082095e+39
1675.39 2.0842134024565648e+39
1675.82 2.1828811988093028e+39
1676.26 2.210185185905519e+39
1676.69 2.2142496058550946e+39
1677.13 2.1143415075282808e+39
1677.56 2.217803397520325e+39
1678.0 2.2501506749688204e+39
1678.43 2.2476542485005182e+39
1678.87 2.2405676321023242e+39
1679.3 2.2393705331791757e+39
1679.74 2.2442152425949665e+39
1680.17 2.2424481271086488e+39
1680.61 2.2264576694083913e+39
1681.04 2.238578200563534e+39
1681.48 2.227235579283504e+39
1681.92 2.1085304077983483e+39
1682.35 2.2391190971017415e+39
1682.79 2.2400647199094132e+39
1683.22 2.2389147584856808e+39
1683.66 2.1969015307226826e+39
1684.1 2.2354937100337467e+39
1684.53 2.230231502924581e+39
1684.97 2.238579221593917e+39
1685.41 2.2299997772462266e+39
1685.84 2.1759094397083555e+39
1686.28 2.1994697628815303e+39
1686.72 2.083589341624536e+39
1687.15 2.200950823786527e+39
1687.59 2.1185766273128344e+39
1688.03 2.2107919066096935e+39
1688.47 2.2343510444100932e+39
1688.9 2.2343903301584392e+39
1689.34 2.235333321372706e+39
1689.78 2.232520180548137e+39
1690.22 2.1726428825520697e+39
1690.66 2.120562874515154e+39
1691.09 2.231814386106781e+39
1691.53 2.2302861562073493e+39
1691.97 2.2244929657557672e+39
1692.41 2.1282312418112134e+39
1692.85 2.225750350216089e+39
1693.29 2.2309711049133124e+39
1693.72 2.2307231760116935e+39
1694.16 2.2305034322719823e+39
1694.6 2.1123212676369724e+39
1695.04 2.0197932060988613e+39
1695.48 2.2099054964011543e+39
1695.92 2.1749554063162622e+39
1696.36 2.2282651694982198e+39
1696.8 2.1527978289633328e+39
1697.24 2.1912376535706505e+39
1697.68 2.2270247748767574e+39
1698.12 2.1471505118616212e+39
1698.56 2.2258700722110373e+39
1699.0 2.144899819586065e+39
1699.44 2.2125551074264753e+39
1699.88 2.143438668626539e+39
1700.32 2.1270510230314872e+39
1700.76 2.086097659141561e+39
1701.2 2.0951313021226722e+39
1701.64 2.1178623848251825e+39
1702.08 2.183705713562984e+39
1702.53 2.182154553546654e+39
1702.97 2.2051170222464402e+39
1703.41 2.182764609335954e+39
1703.85 2.2160740674131742e+39
1704.29 2.216519085238442e+39
1704.73 2.2066757088593084e+39
1705.18 2.2185103176767363e+39
1705.62 2.1183033855209146e+39
1706.06 2.1691256208735085e+39
1706.5 2.1344259109101884e+39
1706.94 2.1242092780524983e+39
1707.39 1.9873730677929987e+39
1707.83 2.2122045816344005e+39
1708.27 2.190740878402401e+39
1708.71 2.1294947526792404e+39
1709.16 2.2076558554029005e+39
1709.6 2.1899313693676797e+39
1710.04 2.1619192524773656e+39
1710.49 2.173974141958944e+39
1710.93 2.1252645691485853e+39
1711.37 2.0194888696247287e+39
1711.82 2.151720490655538e+39
1712.26 2.1283545796126364e+39
1712.7 2.0162851122805282e+39
1713.15 2.1872368980731208e+39
1713.59 2.171768105859766e+39
1714.04 2.190670146959905e+39
1714.48 2.1920188474965138e+39
1714.93 2.188122290747791e+39
1715.37 2.0415154856980874e+39
1715.81 2.1530475517589838e+39
1716.26 2.1570495333535446e+39
1716.7 2.1743065205873168e+39
1717.15 2.0302848105059047e+39
1717.59 2.1354397536836247e+39
1718.04 2.0063801476419354e+39
1718.48 1.5105436804031307e+39
1718.93 2.190477966436736e+39
1719.38 2.078281345751074e+39
1719.82 2.156919655249206e+39
1720.27 2.1822525577623266e+39
1720.71 2.1147265852340567e+39
1721.16 2.1680450721425608e+39
1721.6 2.0686989637638572e+39
1722.05 2.1023312701478312e+39
1722.5 1.9255060516599794e+39
1722.94 2.1419707817071045e+39
1723.39 2.1991105016897982e+39
1723.84 2.113539883687935e+39
1724.28 2.0219423435720353e+39
1724.73 2.1821366093857862e+39
1725.18 2.1722759246129714e+39
1725.62 2.0237318880795332e+39
1726.07 2.1968191836358043e+39
1726.52 2.1248657904621523e+39
1726.97 2.1935052915977468e+39
1727.41 1.9684045728746098e+39
1727.86 2.181481461126097e+39
1728.31 2.1103703544969485e+39
1728.76 2.1307172309517337e+39
1729.2 2.1684602048559233e+39
1729.65 2.1900224986121304e+39
1730.1 2.1722293937376458e+39
1730.55 2.099195010104297e+39
1731.0 2.1773080298881998e+39
1731.45 1.834834733620783e+39
1731.9 2.1802314686512628e+39
1732.34 2.152753687825601e+39
1732.79 2.1202107525940435e+39
1733.24 2.162786657740515e+39
1733.69 2.1358379017281897e+39
1734.14 2.1477951367436972e+39
1734.59 2.168839322025221e+39
1735.04 2.1773681248744774e+39
1735.49 2.1740839079600356e+39
1735.94 2.1560096509060883e+39
1736.39 2.0885027814927563e+39
1736.84 2.1733985546131834e+39
1737.29 2.0960597010152475e+39
1737.74 2.1660068285111608e+39
1738.19 2.040034184031107e+39
1738.64 2.0615551096655373e+39
1739.09 2.003006385826572e+39
1739.54 2.0675670381331767e+39
1739.99 2.155990024100248e+39
1740.44 2.1679226130173044e+39
1740.9 2.100563071868923e+39
1741.35 2.1475461968901044e+39
1741.8 2.1656545649185575e+39
1742.25 2.0968421460108177e+39
1742.7 2.152792497089437e+39
1743.15 2.164504470235866e+39
1743.6 2.1618798018028832e+39
1744.06 2.160719228506637e+39
1744.51 2.1590403816533153e+39
1744.96 2.1281052762642482e+39
1745.41 2.023836231546711e+39
1745.86 2.1546539981333124e+39
1746.32 2.1627877209554744e+39
1746.77 2.1448449192106746e+39
1747.22 2.035109646188349e+39
1747.68 2.051180628495261e+39
1748.13 2.010646171944803e+39
1748.58 2.1485591371365482e+39
1749.04 2.0379951393369466e+39
1749.49 2.1224518353531096e+39
1749.94 2.1471936524104877e+39
1750.4 2.091166343738383e+39
1750.85 2.1542286383552888e+39
1751.3 2.019598002217626e+39
1751.76 1.974158688937996e+39
1752.21 2.1522615193612254e+39
1752.67 2.149720553664012e+39
1753.12 2.0396931355357565e+39
1753.57 2.087457215118222e+39
1754.03 2.108649091277927e+39
1754.48 2.1439117587486764e+39
1754.94 2.1300190017698886e+39
1755.39 2.147657111226588e+39
1755.85 2.1358097540054963e+39
1756.3 2.1465197825809e+39
1756.76 2.145963147724851e+39
1757.21 2.1451335649724147e+39
1757.67 2.1428977372829378e+39
1758.12 2.083115135701565e+39
1758.58 2.008862106034856e+39
1759.04 2.1322928447714863e+39
1759.49 2.1422902026372902e+39
1759.95 2.1416809300523148e+39
1760.4 1.9861679635695114e+39
1760.86 1.9609332361255832e+39
1761.32 2.0877313167464248e+39
1761.77 2.1386071649666993e+39
1762.23 2.1240882172259003e+39
1762.69 2.1134109238283906e+39
1763.14 2.1294623621032608e+39
1763.6 2.07597013435605e+39
1764.06 2.115251932082007e+39
1764.51 2.1306284954545338e+39
1764.97 2.0187310637598365e+39
1765.43 2.1328929923380737e+39
1765.89 2.1147037508505302e+39
1766.34 2.1271819907770753e+39
1766.8 2.1346045680630216e+39
1767.26 2.1319071990068788e+39
1767.72 2.1195272910880952e+39
1768.18 2.1259820093571815e+39
1768.64 2.126914405658916e+39
1769.09 2.13169396997871e+39
1769.55 1.9898713494908278e+39
1770.01 2.112491632246854e+39
1770.47 2.000252638048223e+39
1770.93 2.1132679313049658e+39
1771.39 2.1124387722642282e+39
1771.85 2.120672252896324e+39
1772.31 2.1300648948301803e+39
1772.77 2.1252832612403143e+39
1773.22 2.1059151977896607e+39
1773.68 2.099563167692221e+39
1774.14 2.100375436349119e+39
1774.6 2.0896561743639112e+39
1775.06 2.1206190434949084e+39
1775.52 2.116900271163257e+39
1775.98 1.934719722399957e+39
1776.44 2.0976143146671932e+39
1776.9 2.080334332065551e+39
1777.36 2.1230516197684387e+39
1777.82 1.984576709211293e+39
1778.29 2.121725596904827e+39
1778.75 2.0409141556435083e+39
1779.21 2.1048057237139873e+39
1779.67 2.118455005400726e+39
1780.13 2.1127417895031884e+39
1780.59 2.1021492690927257e+39
1781.05 2.062341731163169e+39
1781.52 2.1152945688585304e+39
1781.98 2.0657979034589127e+39
1782.44 2.089655818842663e+39
1782.9 2.0828674793201858e+39
1783.36 2.1112441934586376e+39
1783.82 2.1109368798662063e+39
1784.29 2.1099645875263578e+39
1784.75 2.096445550654718e+39
1785.21 2.085822206003321e+39
1785.68 2.1066146875404283e+39
1786.14 2.0337549956097357e+39
1786.6 2.101561343909325e+39
1787.06 2.0832213799505403e+39
1787.53 2.1020976712400635e+39
1787.99 2.0707423700328906e+39
1788.45 2.0279122685475626e+39
1788.92 2.0571992840577994e+39
1789.38 2.1027579515177508e+39
1789.84 2.0944602269510386e+39
1790.31 2.0299206195818326e+39
1790.77 2.086825245031222e+39
1791.24 2.0739975465947595e+39
1791.7 1.995519621470392e+39
1792.17 1.9778710458412057e+39
1792.63 2.09491089351347e+39
1793.09 2.0142948737682723e+39
1793.56 2.0926892360445952e+39
1794.02 2.0887768785316333e+39
1794.49 2.0683477550892938e+39
1794.95 1.9901265298526868e+39
1795.42 2.0947973324353897e+39
1795.89 2.0775105691030648e+39
1796.35 2.093389781257694e+39
1796.81 2.0319084718493485e+39
1797.28 2.079988044360214e+39
1797.75 2.0633716747555437e+39
1798.21 2.0737684486197044e+39
1798.68 2.074563565430697e+39
1799.15 2.088397469657698e+39
1799.61 2.0842784946593366e+39
1800.08 2.04442893006902e+39
1800.55 2.0454469332591526e+39
1801.01 2.0639567736726263e+39
1801.48 1.951761086390272e+39
1801.94 2.0441318138530933e+39
1802.41 2.0821988144639087e+39
1802.88 2.0812043267013132e+39
1803.35 2.0092181226314257e+39
1803.81 2.0826856165099143e+39
1804.28 2.066358976004167e+39
1804.75 2.0822250477092918e+39
1805.22 2.05721368154018e+39
1805.68 2.0059745552488627e+39
1806.15 2.0709368009471626e+39
1806.62 2.0562130643604876e+39
1807.09 2.066803677192079e+39
1807.56 1.8765069621838063e+39
1808.03 2.0523478836973512e+39
1808.49 2.0686829163570263e+39
1808.96 2.0796997109664618e+39
1809.43 1.9729090914969697e+39
1809.9 2.0751679739865934e+39
1810.37 2.028846445931694e+39
1810.84 2.0794804467819182e+39
1811.31 1.965668347413229e+39
1811.78 2.0277078799605913e+39
1812.25 2.021995920123858e+39
1812.72 2.0092080198104714e+39
1813.19 2.03577264031291e+39
1813.66 2.0757420656279755e+39
1814.13 2.0773862026747944e+39
1814.6 2.0786666548520425e+39
1815.07 2.0214458373932155e+39
1815.54 2.0239943165139373e+39
1816.01 1.9894653855419384e+39
1816.48 2.0646831115793513e+39
1816.95 2.044232756147618e+39
1817.42 2.010560750609208e+39
1817.89 2.074072708834241e+39
1818.36 2.07295881384309e+39
1818.83 2.048836440069448e+39
1819.31 1.9408760184119905e+39
1819.78 2.0227129187348422e+39
1820.25 2.0722427198995924e+39
1820.72 2.0723344061420866e+39
1821.19 1.9863774099934375e+39
1821.67 1.946335454282999e+39
1822.14 2.035023611852792e+39
1822.61 2.058833028686895e+39
1823.08 1.926915705001854e+39
1823.55 2.0670178237214534e+39
1824.03 2.066139850104106e+39
1824.5 2.0674787226171505e+39
1824.97 1.9698461095532203e+39
1825.44 1.939829078502998e+39
1825.92 2.0631870914721342e+39
1826.39 2.0603908291571728e+39
1826.86 1.927851690648426e+39
1827.34 2.0339429944427508e+39
1827.81 2.0603895910064778e+39
1828.29 2.0171318763815486e+39
1828.76 2.0367825090163557e+39
1829.23 1.9866662742212765e+39
1829.71 2.0608650318065396e+39
1830.18 2.0023021200066752e+39
1830.66 1.9641471834245847e+39
1831.13 2.0542527652422478e+39
1831.61 2.0252008094011467e+39
1832.08 2.0585325532565115e+39
1832.56 2.0363467994744123e+39
1833.03 1.983132622545405e+39
1833.51 2.0565053066375934e+39
1833.98 2.0541437638429207e+39
1834.46 2.058204016555496e+39
1834.93 1.9981999483820045e+39
1835.41 2.0546414303118038e+39
1835.88 2.0351952750002024e+39
1836.36 2.0476828667667557e+39
1836.83 1.9955483975923402e+39
1837.31 1.9370391145242322e+39
1837.79 2.0086037592663255e+39
1838.26 1.909207474325615e+39
1838.74 2.0037268756588698e+39
1839.22 2.0582324609027064e+39
1839.69 2.0579531637213025e+39
1840.17 1.8787721676923594e+39
1840.65 2.0580807917600762e+39
1841.12 2.059313756031268e+39
1841.6 1.9558258009533735e+39
1842.08 2.0394708074099728e+39
1842.56 1.9102688244538763e+39
1843.03 2.020986032210621e+39
1843.51 1.9339251449483044e+39
1843.99 1.9402410218688265e+39
1844.47 1.9415178133933523e+39
1844.94 1.9437621919847297e+39
1845.42 1.9641229217548563e+39
1845.9 1.9830520721266555e+39
1846.38 1.9102468555957277e+39
1846.86 1.9858424475912664e+39
1847.34 1.9553297435134393e+39
1847.82 2.0544952650444988e+39
1848.29 2.0527513635983198e+39
1848.77 2.03306531569583e+39
1849.25 1.9825595204138857e+39
1849.73 2.010486027338791e+39
1850.21 1.9072859303973512e+39
1850.69 1.9756521093475063e+39
1851.17 1.958843083516737e+39
1851.65 2.0511647536378526e+39
1852.13 2.0069261105426774e+39
1852.61 1.9350053130152073e+39
1853.09 2.0464110908455613e+39
1853.57 2.047969763955647e+39
1854.05 1.9274989078821788e+39
1854.53 2.042747470877604e+39
1855.01 1.8895794752983213e+39
1855.49 1.9890036733102842e+39
1855.97 2.0348666223361322e+39
1856.45 2.0443547137127677e+39
1856.94 2.0426306035117455e+39
1857.42 2.042677030621955e+39
1857.9 1.9917691232840097e+39
1858.38 1.971824358959073e+39
1858.86 2.025477395584719e+39
1859.34 2.0399358761106946e+39
1859.83 1.901336063829363e+39
1860.31 2.038345895589429e+39
1860.79 2.012550665334282e+39
1861.27 2.0318222106667807e+39
1861.76 2.0192395063774436e+39
1862.24 2.03515081553663e+39
1862.72 2.034441957436112e+39
1863.2 2.0032444659115597e+39
1863.69 2.0326232163490343e+39
1864.17 2.0323448544641754e+39
1864.65 1.9663366026071945e+39
1865.14 1.900210031957561e+39
1865.62 1.927089779519911e+39
1866.1 2.0148941244712086e+39
1866.58 1.902271291252226e+39
1867.07 2.009814401659645e+39
1867.55 2.0271974804215777e+39
1868.04 2.0266998541919708e+39
1868.52 2.023063063416081e+39
1869.01 2.025502006906551e+39
1869.49 2.0123454842040423e+39
1869.97 1.916165114111728e+39
1870.46 2.0209171545997362e+39
1870.94 1.9511920371466647e+39
1871.43 1.935643716454759e+39
1871.91 2.0144048393121714e+39
1872.4 2.011601678504921e+39
1872.88 2.0138779793297334e+39
1873.37 2.019799278857613e+39
1873.85 1.9233096327446472e+39
1874.34 1.957420323113597e+39
1874.83 2.0179894530017315e+39
1875.31 1.9638559590428947e+39
1875.8 2.0130949389790582e+39
1876.29 1.9456797053237353e+39
1876.77 2.012366502517706e+39
1877.26 2.0172982514048035e+39
1877.74 2.018390629653355e+39
1878.23 2.018308831958615e+39
1878.72 2.0185973600304848e+39
1879.2 2.018523820779252e+39
1879.69 2.018344656578324e+39
1880.18 2.0192331249749643e+39
1880.67 1.9056681612155055e+39
1881.15 1.8911249294392705e+39
1881.64 1.9295250002469642e+39
1882.13 1.902480810651297e+39
1882.62 1.974118289826832e+39
1883.1 1.939936504849549e+39
1883.59 2.0200343344434917e+39
1884.08 2.016274711191332e+39
1884.57 1.8719764099637785e+39
1885.06 1.6610043017013504e+39
1885.55 2.015723042085383e+39
1886.04 1.9124526064500313e+39
1886.52 1.94152546178934e+39
1887.01 1.929311507159842e+39
1887.5 1.864624293430202e+39
1887.99 2.0199473119827753e+39
1888.48 2.019547537631039e+39
1888.97 2.021066771783774e+39
1889.46 1.8791310445063922e+39
1889.95 2.0148526792338968e+39
1890.44 1.9872355662734634e+39
1890.93 1.913926387164647e+39
1891.42 1.9207946336029696e+39
1891.91 1.9228546747201422e+39
1892.4 1.952143848005507e+39
1892.89 1.8794769159751048e+39
1893.38 2.0182827172617203e+39
1893.87 1.9150355153393076e+39
1894.36 1.914791496216235e+39
1894.85 2.0103260484989674e+39
1895.34 1.8564253209366223e+39
1895.84 1.998389338061181e+39
1896.33 1.8888221058137112e+39
1896.82 1.8581552411717258e+39
1897.31 1.95291309446361e+39
1897.8 2.0116101814652362e+39
1898.29 2.0096235788945465e+39
1898.79 1.873515306443709e+39
1899.28 1.6819307387285127e+39
1899.77 2.0035443247850583e+39
1900.26 2.005902348826248e+39
1900.76 1.987935334318338e+39
1901.25 1.9796811240291117e+39
1901.74 1.9850396933343992e+39
1902.23 1.9957361260553124e+39
1902.73 1.9992602735006487e+39
1903.22 1.7578960870037375e+39
1903.71 1.9145073263030613e+39
1904.21 1.9208929304211104e+39
1904.7 1.996902823875059e+39
1905.19 1.9693852200313125e+39
1905.69 1.9856226034942563e+39
1906.18 1.9946210178238775e+39
1906.68 1.92551259342127e+39
1907.17 1.973876544098216e+39
1907.66 1.868089658721803e+39
1908.16 1.967797402973805e+39
1908.65 1.9541871331709307e+39
1909.15 1.9834822229663326e+39
1909.64 1.9903231108025202e+39
1910.14 1.9430556832878433e+39
1910.63 1.9866896468979648e+39
1911.13 1.9917791807856483e+39
1911.62 1.8507402943989872e+39
1912.12 1.9923982027466592e+39
1912.61 1.9920945383009368e+39
1913.11 1.9919576817991414e+39
1913.61 1.8711130167195202e+39
1914.1 1.8168976525824475e+39
1914.6 1.9905438871126825e+39
1915.09 1.8538985502591752e+39
1915.59 1.9671919024790277e+39
1916.09 1.963799857207103e+39
1916.58 1.9008185056538142e+39
1917.08 1.8756448966874884e+39
1917.58 1.9493073581044533e+39
1918.07 1.9290921460233825e+39
1918.57 1.8663029819050882e+39
1919.07 1.9560099621486185e+39
1919.56 1.8576459288191593e+39
1920.06 1.9727921432449137e+39
1920.56 1.965712683056969e+39
1921.06 1.9231048463332332e+39
1921.56 1.8550931143279787e+39
1922.05 1.9294913832030007e+39
1922.55 1.9917978341297912e+39
1923.05 1.7466966905089927e+39
1923.55 1.985269947658658e+39
1924.05 1.911443516852337e+39
1924.55 1.8509010412073316e+39
1925.05 1.9908326764721828e+39
1925.54 1.9895768785575664e+39
1926.04 1.8416281729608248e+39
1926.54 1.9899538551409087e+39
1927.04 1.9823225956028425e+39
1927.54 1.9348675954306762e+39
1928.04 1.8971347079501617e+39
1928.54 1.8997440198552012e+39
1929.04 1.8775088853916454e+39
1929.54 1.9523555630025037e+39
1930.04 1.9422978338848164e+39
1930.54 1.9299796765533225e+39
1931.04 1.9746477921768772e+39
1931.54 1.8251415436276923e+39
1932.04 1.9747560610988598e+39
1932.54 1.9672536452754586e+39
1933.04 1.9729686162937883e+39
1933.55 1.961787579757738e+39
1934.05 1.9708871817270717e+39
1934.55 1.9699333212365008e+39
1935.05 1.9685718238732605e+39
1935.55 1.9671205724267847e+39
1936.05 1.9664398787974365e+39
1936.55 1.9129355703166755e+39
1937.06 1.8344757805266713e+39
1937.56 1.9291749142764916e+39
1938.06 1.88677975113262e+39
1938.56 1.961149875413517e+39
1939.06 1.896707405114996e+39
1939.57 1.9211009038487604e+39
1940.07 1.8414554560610636e+39
1940.57 1.8663890402657473e+39
1941.08 1.9584246456458928e+39
1941.58 1.8415251480404462e+39
1942.08 1.9572592687316678e+39
1942.58 1.956676274502918e+39
1943.09 1.9494554996603328e+39
1943.59 1.8390933659175694e+39
1944.1 1.9543752431902477e+39
1944.6 1.9448147331015344e+39
1945.1 1.9517690898353335e+39
1945.61 1.9394221615705137e+39
1946.11 1.9507335583954863e+39
1946.62 1.9443216579447686e+39
1947.12 1.951723731372109e+39
1947.63 1.9530234254670542e+39
1948.13 1.8888464542010568e+39
1948.64 1.92785657250278e+39
1949.14 1.9548475819338956e+39
1949.65 1.852379331980984e+39
1950.15 1.955721861428072e+39
1950.66 1.9585879592568883e+39
1951.16 1.928054168129982e+39
1951.67 1.9599012508074233e+39
1952.17 1.9587514564635797e+39
1952.68 1.813385748361519e+39
1953.19 1.875954932924305e+39
1953.69 1.9492176807742708e+39
1954.2 1.8132694290512452e+39
1954.7 1.8742178936038087e+39
1955.21 1.91483727322417e+39
1955.72 1.9401868742636242e+39
1956.22 1.955919609425742e+39
1956.73 1.9523716206256524e+39
1957.24 1.9187300118862874e+39
1957.75 1.947534448164471e+39
1958.25 1.953629413868923e+39
1958.76 1.8446469649932848e+39
1959.27 1.8220166823963478e+39
1959.78 1.9318759248777e+39
1960.29 1.805244830099663e+39
1960.79 1.9326466614944354e+39
1961.3 1.8418291290156085e+39
1961.81 1.9070242332335944e+39
1962.32 1.9199197881290597e+39
1962.83 1.8871219064300707e+39
1963.33 1.9349346370057744e+39
1963.84 1.9355445282938686e+39
1964.35 1.8267538584240682e+39
1964.86 1.8461496318850682e+39
1965.37 1.821603118367797e+39
1965.88 1.9351201155287148e+39
1966.39 1.9359920092972487e+39
1966.9 1.9280539424808672e+39
1967.41 1.9247520327590453e+39
1967.92 1.9055940165484165e+39
1968.43 1.9123877840326535e+39
1968.94 1.9303743048173194e+39
1969.45 1.918523318322522e+39
1969.96 1.923191908187481e+39
1970.47 1.927339183338827e+39
1970.98 1.92585535484386e+39
1971.49 1.887683444664629e+39
1972.0 1.8943257178377335e+39
1972.52 1.9134356545364293e+39
1973.03 1.9222669639264525e+39
1973.54 1.9159468194456517e+39
1974.05 1.9224856488150864e+39
1974.56 1.9200505866500766e+39
1975.07 1.924518737495256e+39
1975.58 1.9218590142805557e+39
1976.1 1.7913676271615033e+39
1976.61 1.9189511451895386e+39
1977.12 1.9155038241510146e+39
1977.63 1.8738811277362218e+39
1978.15 1.916482507923162e+39
1978.66 1.8346377647178616e+39
1979.17 1.7701425954680662e+39
1979.69 1.8886134148589674e+39
1980.2 1.9149188117685312e+39
1980.71 1.9172438380899145e+39
1981.22 1.9165670873249002e+39
1981.74 1.9169358181614086e+39
1982.25 1.8239109192256797e+39
1982.77 1.7898083688986677e+39
1983.28 1.9179706782585692e+39
1983.79 1.8990529987593733e+39
1984.31 1.7808980173493408e+39
1984.82 1.8468156803995233e+39
1985.34 1.9151633786775985e+39
1985.85 1.9139588390819136e+39
1986.36 1.90629098953285e+39
1986.88 1.893393385154785e+39
1987.4 1.786085916845924e+39
1987.91 1.8382240803648206e+39
1988.43 1.9191530290890075e+39
1988.94 1.9167937374855297e+39
1989.46 1.901805949586453e+39
1989.97 1.784890794139853e+39
1990.49 1.9065672796364823e+39
1991.0 1.9183473922366592e+39
1991.52 1.7871351986923973e+39
1992.04 1.788840468820945e+39
1992.55 2.03001360753544e+39
1993.07 1.9162398917198177e+39
1993.58 1.9135818874505064e+39
1994.1 1.7769606610971572e+39
1994.62 1.911870584685944e+39
1995.14 1.8758110318948488e+39
1995.65 1.7910839142582216e+39
1996.17 1.909705339066132e+39
1996.69 1.9092671818754743e+39
1997.2 1.9057823979176927e+39
1997.72 1.9018378729658345e+39
1998.24 1.8934053006400683e+39
1998.76 1.900402256639133e+39
1999.28 1.9021424393389748e+39
1999.8 1.856010832748623e+39
2000.31 1.7872112330108575e+39
2000.83 1.8844009047275614e+39
2001.35 1.897670018476428e+39
2001.87 1.7846294758031853e+39
2002.39 1.8272812620167887e+39
2002.91 1.898902705358511e+39
2003.43 1.897710668962687e+39
2003.94 1.8968159647233512e+39
2004.46 1.8956686581312374e+39
2004.98 1.8822601026753533e+39
2005.5 1.8454907761174594e+39
2006.02 1.8337836812141495e+39
2006.54 1.8930593101878868e+39
2007.06 1.8861673828632827e+39
2007.58 1.8871921990280778e+39
2008.1 1.8894348766613623e+39
2008.62 1.852454780687589e+39
2009.14 1.7804230008084224e+39
2009.67 1.8895692492332003e+39
2010.19 1.796048985719095e+39
2010.71 1.768493368488559e+39
2011.23 1.8600241676141207e+39
2011.75 1.8879636662388747e+39
2012.27 1.802774180146044e+39
2012.79 1.8791287821399666e+39
2013.31 1.7704827387549843e+39
2013.84 1.8842128478514223e+39
2014.36 1.8837574654683746e+39
2014.88 1.88386574588167e+39
2015.4 1.8169160018368212e+39
2015.93 1.8724613279072135e+39
2016.45 1.8717921904906904e+39
2016.97 1.875781906965664e+39
2017.49 1.8023826228336917e+39
2018.02 1.7836709649632874e+39
2018.54 1.8758981969276655e+39
2019.06 1.8494023956972115e+39
2019.58 1.8776493882250926e+39
2020.11 1.8775038743934165e+39
2020.63 1.875356279095247e+39
2021.16 1.8757717330637805e+39
2021.68 1.874229602485373e+39
2022.2 1.8743277297415708e+39
2022.73 1.7945746099040594e+39
2023.25 1.873674376747516e+39
2023.78 1.8706819898417026e+39
2024.3 1.8720714726843512e+39
2024.82 1.8717369646801035e+39
2025.35 1.8677321689725142e+39
2025.88 1.8289831358848933e+39
2026.4 1.8623744266260216e+39
2026.93 1.8718083951303278e+39
2027.45 1.840127827232038e+39
2027.98 1.8486371486938172e+39
2028.5 1.8419489291499104e+39
2029.03 1.872580781462923e+39
2029.55 1.8731207685633837e+39
2030.08 1.8330657939063164e+39
2030.61 1.8735702140600577e+39
2031.13 1.870829266995713e+39
2031.66 1.872860266388101e+39
2032.19 1.847135457116514e+39
2032.71 1.86462232369748e+39
2033.24 1.8735196435941463e+39
2033.77 1.8240445134746073e+39
2034.29 1.8637472305372076e+39
2034.82 1.8518415190823992e+39
2035.35 1.7576420473409616e+39
2035.88 1.8311202312839748e+39
2036.4 1.8713184554593346e+39
2036.93 1.871301451678707e+39
2037.46 1.805217853283947e+39
2037.99 1.7577831514276132e+39
2038.52 1.8720213049721935e+39
2039.04 1.8678481564497625e+39
2039.57 1.783842208115995e+39
2040.1 1.7364055041990675e+39
2040.63 1.8595408472639612e+39
2041.16 1.7581265902593596e+39
2041.69 1.8700982037141463e+39
2042.22 1.869341015549334e+39
2042.74 1.8657253729885853e+39
2043.28 1.8692454545760053e+39
2043.8 1.8566721578922013e+39
2044.33 1.868180162900134e+39
2044.86 1.8170720144776754e+39
2045.39 1.853255831471079e+39
2045.92 1.8631848882314582e+39
2046.45 1.7621476165499085e+39
2046.98 1.869855017674264e+39
2047.52 1.836594047613621e+39
2048.05 1.8702834859884385e+39
2048.58 1.872582777234772e+39
2049.11 1.8704406428275552e+39
2049.64 1.849805893893633e+39
2050.17 1.8742508258888775e+39
2050.7 1.914470102122468e+39
2051.23 1.910991666740823e+39
2051.76 1.896873314711412e+39
2052.3 1.917508739205934e+39
2052.83 1.8939109797999528e+39
2053.36 1.9095325975895702e+39
2053.89 1.914584635888579e+39
2054.43 1.9137882301483196e+39
2054.96 1.911927095712854e+39
2055.49 1.9113875588856286e+39
2056.02 1.8927626607605074e+39
2056.55 1.800543188706041e+39
2057.09 1.9088541265616176e+39
2057.62 1.8216715687137484e+39
2058.16 1.9022571864582936e+39
2058.69 1.8705810420248144e+39
2059.22 1.7690650468958457e+39
2059.76 1.8717905527319117e+39
2060.29 1.7781916911746232e+39
2060.82 1.8983655179232493e+39
2061.36 1.8904615364848825e+39
2061.89 1.8914243387956882e+39
2062.43 1.7541908728797625e+39
2062.96 1.889765177329463e+39
2063.5 1.8869290927910877e+39
2064.03 1.8769661592889764e+39
2064.56 1.8703256882313042e+39
2065.1 1.796738089449709e+39
2065.64 1.7094729847739252e+39
2066.17 1.8753953619329846e+39
2066.71 1.871569445368791e+39
2067.24 1.8705100880551398e+39
2067.78 1.8683953478593275e+39
2068.31 1.8663905692373646e+39
2068.85 1.7446201828954606e+39
2069.39 1.8597692841468516e+39
2069.92 1.8587983996923003e+39
2070.46 1.8500356843140644e+39
2071.0 1.8516024097630753e+39
2071.53 1.8390791455933796e+39
2072.07 1.8458979497007576e+39
2072.61 1.8386741526067252e+39
2073.14 1.842836962030192e+39
2073.68 1.8436476145378346e+39
2074.22 1.8439896959507568e+39
2074.76 1.835222130265744e+39
2075.29 1.8448047393844374e+39
2075.83 1.8326929566844826e+39
2076.37 1.841062753810571e+39
2076.91 1.808743777327653e+39
2077.45 1.8390565585363542e+39
2077.98 1.8029130618309405e+39
2078.52 1.8351940250942507e+39
2079.06 1.837802205068312e+39
2079.6 1.7354221288067276e+39
2080.14 1.8185648697298777e+39
2080.68 1.8478496386049722e+39
2081.22 1.844311872420419e+39
2081.76 1.8416707699454712e+39
2082.3 1.8461183084519853e+39
2082.84 1.8457248707618087e+39
2083.38 1.8251320864385582e+39
2083.92 1.80934563569158e+39
2084.46 1.8440754040530332e+39
2085.0 1.7146509117230287e+39
2085.54 1.793422671062842e+39
2086.08 1.841575369003758e+39
2086.62 1.7948420732674534e+39
2087.16 1.841040896933983e+39
2087.7 1.7578849119074248e+39
2088.24 1.836483852464394e+39
2088.78 1.840108634561915e+39
2089.32 1.7728397734165876e+39
2089.87 1.8173230658521924e+39
2090.41 1.8424576156364494e+39
2090.95 1.737010921586862e+39
2091.49 1.842753601268727e+39
2092.03 1.7303807101974757e+39
2092.57 1.6796381837692167e+39
2093.12 1.8424953877828928e+39
2093.66 1.7525072936901375e+39
2094.2 1.7805062484109326e+39
2094.75 1.8341439062751635e+39
2095.29 1.8407710640898437e+39
2095.83 1.7847445748058114e+39
2096.38 1.7795726800784933e+39
2096.92 1.8346442341057674e+39
2097.46 1.8395767461417497e+39
2098.0 1.7773947054442274e+39
2098.55 1.7200980966795555e+39
2099.09 1.8375917219317532e+39
2099.64 1.8322224300834674e+39
2100.18 1.8355822338302496e+39
2100.73 1.8092677923105877e+39
2101.27 1.8341133236472742e+39
2101.81 1.824054405878294e+39
2102.36 1.8337186213867935e+39
2102.9 1.832585154848348e+39
2103.45 1.7354372525761803e+39
2103.99 1.8092568754291295e+39
2104.54 1.6563222181261893e+39
2105.08 1.82863063363398e+39
2105.63 1.7737827677656195e+39
2106.18 1.824377862133046e+39
2106.72 1.8251380857318902e+39
2107.27 1.828142036649027e+39
2107.81 1.8155604647709614e+39
2108.36 1.7932999857033336e+39
2108.91 1.773913879400307e+39
2109.45 1.8086236663398242e+39
2110.0 1.8253981071439765e+39
2110.55 1.8246386979865914e+39
2111.09 1.82386321253383e+39
2111.64 1.8225579647003235e+39
2112.19 1.8225537061879986e+39
2112.74 1.8214582431064335e+39
2113.28 1.814697365031232e+39
2113.83 1.8209704338259284e+39
2114.38 1.7939960397844942e+39
2114.93 1.7859527526759518e+39
2115.48 1.8021928847289103e+39
2116.02 1.8196443365929608e+39
2116.57 1.8196442729665506e+39
2117.12 1.8002644768595917e+39
2117.67 1.8173390624422103e+39
2118.22 1.7705795496736797e+39
2118.77 1.8182548676722442e+39
2119.32 1.7707363681885287e+39
2119.87 1.8181214417617833e+39
2120.42 1.8111803746543202e+39
2120.97 1.7748855448368402e+39
2121.51 1.812942186866403e+39
2122.06 1.80793276223555e+39
2122.61 1.8166945922018414e+39
2123.17 1.8005147694586306e+39
2123.72 1.8144967149402425e+39
2124.26 1.7467084758911124e+39
2124.82 1.801543044985447e+39
2125.37 1.813065954400875e+39
2125.92 1.8028200658890907e+39
2126.47 1.826505502157255e+39
2127.02 1.8148444504867838e+39
2127.57 1.812707169153265e+39
2128.12 1.6863422411917064e+39
2128.67 1.813149469740106e+39
2129.23 1.80993273596988e+39
2129.78 1.7896234397529036e+39
2130.33 1.7755407702014316e+39
2130.88 1.8126727444417004e+39
2131.43 1.7119375838444357e+39
2131.99 1.7695465829030632e+39
2132.54 1.806259111593852e+39
2133.09 1.8130002717607342e+39
2133.65 1.8087611746348617e+39
2134.2 1.8083753429959758e+39
2134.75 1.7306756953484292e+39
2135.3 1.8118097032921658e+39
2135.86 1.81023514338913e+39
2136.41 1.8121353965235484e+39
2136.97 1.77217664625892e+39
2137.52 1.810492485626685e+39
2138.07 1.734547361851725e+39
2138.63 1.7921801533671914e+39
2139.18 1.8115508671563097e+39
2139.74 1.8000951353076734e+39
2140.29 1.8103133878742692e+39
2140.84 1.8126826961688907e+39
2141.4 1.8006356995579844e+39
2141.96 1.7901920950349952e+39
2142.51 1.8122446074633022e+39
2143.06 1.8039467759362662e+39
2143.62 1.7949798656700596e+39
2144.18 1.7312816993256064e+39
2144.73 1.8094705339540432e+39
2145.29 1.805383269638451e+39
2145.84 1.81126892771853e+39
2146.4 1.805388106559746e+39
2146.96 1.780443052798272e+39
2147.51 1.8106363296133058e+39
2148.07 1.807292653153323e+39
2148.63 1.7605793622662654e+39
2149.18 1.5924960725676983e+39
2149.74 1.8078202099980644e+39
2150.3 1.723582100394207e+39
2150.85 1.794122507429857e+39
2151.41 1.803842564899467e+39
2151.97 1.807361296550219e+39
2152.53 1.7275918098672194e+39
2153.08 1.8055603191445028e+39
2153.64 1.8068320559166148e+39
2154.2 1.8065641361477798e+39
2154.76 1.8040509307190573e+39
2155.32 1.8051529953529767e+39
2155.88 1.806088600091274e+39
2156.44 1.8057345159615293e+39
2156.99 1.803198258656772e+39
2157.55 1.805086248048462e+39
2158.11 1.8049179198992002e+39
2158.67 1.800235867022268e+39
2159.23 1.7535211562907537e+39
2159.79 1.797679463616182e+39
2160.35 1.7409774746856186e+39
2160.91 1.806107913785675e+39
2161.47 1.720219586033852e+39
2162.03 1.761382716184158e+39
2162.59 1.7940445492939672e+39
2163.15 1.78958514796893e+39
2163.71 1.5649885417075026e+39
2164.27 1.8023934883393583e+39
2164.83 1.8050436564664724e+39
2165.4 1.8070355718085672e+39
2165.96 1.4778633669589558e+39
2166.52 1.806681826450955e+39
2167.08 1.8051732024673706e+39
2167.64 1.7255831445306696e+39
2168.2 1.8057711593275554e+39
2168.76 1.794937560759641e+39
2169.33 1.8055141783448467e+39
2169.89 1.8027983636458903e+39
2170.45 1.7819816134068437e+39
2171.01 1.8048000477440384e+39
2171.58 1.7975868430845218e+39
2172.14 1.8044106289540007e+39
2172.7 1.8034321774732422e+39
2173.27 1.8043088034107795e+39
2173.83 1.802750720987683e+39
2174.39 1.797298574419562e+39
2174.96 1.644562910346715e+39
2175.52 1.7997597049767477e+39
2176.08 1.797870059716046e+39
2176.65 1.8040466896079088e+39
2177.21 1.8029389960097537e+39
2177.78 1.8009845203284122e+39
2178.34 1.6666435424279942e+39
2178.91 1.8043515129639794e+39
2179.47 1.726331957116688e+39
2180.03 1.7967337825165264e+39
2180.6 1.802971849516844e+39
2181.17 1.7338594275461455e+39
2181.73 1.8025300113806213e+39
2182.3 1.8042092298466642e+39
2182.86 1.7459226067137938e+39
2183.43 1.793448225825536e+39
2183.99 1.8036671752217884e+39
2184.56 1.798165736933089e+39
2185.12 1.8039178146492196e+39
2185.69 1.775577065590265e+39
2186.26 1.7861668946300975e+39
2186.82 1.8031191609779e+39
2187.39 1.4771663415950157e+39
2187.96 1.7388985291192215e+39
2188.53 1.7957626686215665e+39
2189.09 1.7897781862684526e+39
2189.66 1.790043712201333e+39
2190.23 1.8018885464401304e+39
2190.79 1.762494593860901e+39
2191.36 1.791396864586586e+39
2191.93 1.7707028607208238e+39
2192.5 1.8006505218964225e+39
2193.07 1.7958623135734955e+39
2193.64 1.7982352464303484e+39
2194.21 1.7957187593042955e+39
2194.77 1.799880073099103e+39
2195.34 1.7991409401636257e+39
2195.91 1.8000578746940565e+39
2196.48 1.7740155263479236e+39
2197.05 1.8002716007608617e+39
2197.62 1.7988225007107965e+39
2198.19 1.7984495495900164e+39
2198.76 1.796585438659434e+39
2199.33 1.77667159842968e+39
2199.9 1.799476226167083e+39
2200.47 1.8014189892413393e+39
2201.04 1.792061995379854e+39
2201.61 1.8004442111908182e+39
2202.18 1.792633854257401e+39
2202.75 1.8003341877139165e+39
2203.32 1.8023713436891202e+39
2203.89 1.7791600989161745e+39
2204.46 1.79248445615466e+39
2205.03 1.8037459919626284e+39
2205.61 1.805062133095261e+39
2206.18 1.803646224435107e+39
2206.75 1.802935429920802e+39
2207.32 1.7987408800157078e+39
2207.89 1.8068273380265318e+39
2208.47 1.8060570575384263e+39
2209.04 1.805231473750467e+39
2209.61 1.7281245317580552e+39
2210.18 1.8087840688107948e+39
2210.76 1.787869029919092e+39
2211.33 1.80736757228327e+39
2211.9 1.8087011864800673e+39
2212.48 1.8059862041694144e+39
2213.05 1.8068989564526878e+39
2213.62 1.8120612007941888e+39
2214.2 1.8127132222299562e+39
2214.77 1.7971619025877087e+39
2215.34 1.474737973052733e+39
2215.92 1.7970896729781596e+39
2216.49 1.8108246105429806e+39
2217.07 1.8053702960864462e+39
2217.64 1.8148031013223502e+39
2218.22 1.792539743898048e+39
2218.79 1.8134325290470518e+39
2219.37 1.8047209548718105e+39
2219.94 1.814730169906044e+39
2220.52 1.809089692698342e+39
2221.09 1.8038959765808127e+39
2221.67 1.8163473822872886e+39
2222.25 1.817213791591932e+39
2222.82 1.8164627842133092e+39
2223.4 1.8174103710589275e+39
2223.97 1.817701882945962e+39
2224.55 1.818064821481415e+39
2225.13 1.815999505658026e+39
2225.7 1.8160804879782376e+39
2226.28 1.819662203933255e+39
2226.86 1.8200617149977392e+39
2227.43 1.7802642783843033e+39
2228.01 1.817017628626555e+39
2228.59 1.8118133844515644e+39
2229.17 1.8158812594519514e+39
2229.74 1.8222353974297332e+39
2230.32 1.8212006208135687e+39
2230.9 1.807295135411139e+39
2231.48 1.8236666718914235e+39
2232.06 1.8237761588990616e+39
2232.64 1.8237163794724832e+39
2233.21 1.811659005072575e+39
2233.79 1.8233985782038483e+39
2234.37 1.8067433288740364e+39
2234.95 1.8257907462130244e+39
2235.53 1.8258926382160137e+39
2236.11 1.826413751486954e+39
2236.69 1.7832523067529977e+39
2237.27 1.8267373827575605e+39
2237.85 1.82708660875585e+39
2238.43 1.8200869530892554e+39
2239.01 1.819676896452657e+39
2239.59 1.8280415118376423e+39
2240.17 1.8271216126528996e+39
2240.75 1.829146478839695e+39
2241.33 1.829401984749116e+39
2241.91 1.8297823630713974e+39
2242.49 1.826877217506463e+39
2243.07 1.830370107725512e+39
2243.66 1.8309858219042692e+39
2244.24 1.828242480947574e+39
2244.82 1.7905738788342305e+39
2245.4 1.831430017592201e+39
2245.98 1.832806611495835e+39
2246.56 1.8315942973889715e+39
2247.15 1.834085360434181e+39
2247.73 1.834598985048015e+39
2248.31 1.8284464343151415e+39
2248.89 1.835916074720569e+39
2249.48 1.8358238083772678e+39
2250.06 1.8375135656252067e+39
2250.64 1.8372980031370106e+39
2251.23 1.839400159959747e+39
2251.81 1.8354994101144056e+39
2252.39 1.8394660418186843e+39
2252.98 1.8190173659554714e+39
2253.56 1.5365927264936744e+39
2254.15 1.841493008525621e+39
2254.73 1.8050329931952437e+39
2255.31 1.8427649396180613e+39
2255.9 1.841621604637324e+39
2256.48 1.8368540327846615e+39
2257.07 1.8427844824478302e+39
2257.65 1.8427153004448162e+39
2258.24 1.8134165885384608e+39
2258.82 1.8420471047110298e+39
2259.41 1.8394141273185074e+39
2260.0 1.843987716537881e+39
2260.58 1.8435730487017146e+39
2261.17 1.8372798890373284e+39
2261.75 1.845173749744931e+39
2262.34 1.790090506823862e+39
2262.93 1.8454505688468524e+39
2263.51 1.843713772409696e+39
2264.1 1.845314290208638e+39
2264.69 1.8411827489486486e+39
2265.27 1.841141303373393e+39
2265.86 1.8240766899270396e+39
2266.45 1.847263182812717e+39
2267.03 1.847005307439405e+39
2267.62 1.8477927030346953e+39
2268.21 1.8272924590528543e+39
2268.8 1.8479325306900558e+39
2269.39 1.8490388241232132e+39
2269.97 1.8487510632330536e+39
2270.56 1.8502378136979455e+39
2271.15 1.8509141011799063e+39
2271.74 1.8510347520214915e+39
2272.33 1.8507701152426484e+39
2272.92 1.8523795691999676e+39
2273.51 1.8532631286692956e+39
2274.09 1.8353831015743988e+39
2274.68 1.8538860607217257e+39
2275.27 1.8547652498429103e+39
2275.86 1.8539348319895398e+39
2276.45 1.854575381581256e+39
2277.04 1.845034000448103e+39
2277.63 1.8443097048324226e+39
2278.22 1.8445181138311426e+39
2278.81 1.8580251724084974e+39
2279.41 1.8247650113199917e+39
2280.0 1.8590231652590006e+39
2280.59 1.8544377369272415e+39
2281.18 1.859898783499518e+39
2281.77 1.8603984295164327e+39
2282.36 1.8614536154168195e+39
2282.95 1.8560859131833174e+39
2283.54 1.8626363100960284e+39
2284.14 1.8634353092027494e+39
2284.73 1.8634160905445588e+39
2285.32 1.8652393707526277e+39
2285.91 1.8677060263590987e+39
2286.5 1.8687520507578297e+39
2287.1 1.8688047381934688e+39
2287.69 1.7046118907652304e+39
2288.28 1.869288451308325e+39
2288.88 1.873596993387891e+39
2289.47 1.8748452534229727e+39
2290.06 1.8724227227403012e+39
2290.66 1.8773333428432695e+39
2291.25 1.876127045252998e+39
2291.84 1.8792245619086165e+39
2292.44 1.8772517104653673e+39
2293.03 1.8806065161549402e+39
2293.63 1.8797960905258104e+39
2294.22 1.881937369254965e+39
2294.81 1.8816510793262658e+39
2295.41 1.881050163011543e+39
2296.0 1.8841839834295413e+39
2296.6 1.8545287864954426e+39
2297.2 1.8768663218870418e+39
2297.79 1.6957224881493224e+39
2298.39 1.88709401215138e+39
2298.98 1.875897683614216e+39
2299.58 1.8829759181432385e+39
2300.17 1.8882276638578962e+39
2300.77 1.8819125134408745e+39
2301.37 1.888444518605656e+39
2301.96 1.8889611095394345e+39
2302.56 1.8886316985842678e+39
2303.16 1.88443542493536e+39
2303.75 1.8660756525981278e+39
2304.35 1.889655745239414e+39
2304.95 1.8898871259272402e+39
2305.54 1.8895268045192207e+39
2306.14 1.8900604500296016e+39
2306.74 1.69419347155939e+39
2307.34 1.8799745462010654e+39
2307.94 1.8910391113926384e+39
2308.53 1.890129232643417e+39
2309.13 1.892296577662535e+39
2309.73 1.8933307485937868e+39
2310.33 1.8939275096813052e+39
2310.93 1.8940864506700437e+39
2311.53 1.8948979419508436e+39
2312.13 1.8954460748294538e+39
2312.73 1.894508795385399e+39
2313.32 1.8926239272921823e+39
2313.93 1.8809435595927627e+39
2314.52 1.8978630268573824e+39
2315.12 1.8958304995759128e+39
2315.72 1.902097621474218e+39
2316.32 1.8827591201531194e+39
2316.93 1.901025965595918e+39
2317.52 1.8994360495128935e+39
2318.13 1.9089091772295715e+39
2318.73 1.9200471397352212e+39
2319.33 1.913450364323619e+39
2319.93 1.8649672047508096e+39
2320.53 1.916522360647813e+39
2321.13 1.9197084648060055e+39
2321.73 1.921610536335047e+39
2322.33 1.912502201587511e+39
2322.94 1.902920093929134e+39
2323.54 1.922263026702195e+39
2324.14 1.9192200470876458e+39
2324.74 1.9200671995554714e+39
2325.35 1.9227100884495633e+39
2325.95 1.9223605965968474e+39
2326.55 1.9217885741664312e+39
2327.16 1.918545324428433e+39
2327.76 1.917309443304269e+39
2328.36 1.9046363149585824e+39
2328.97 1.9257397811574192e+39
2329.57 1.9260468681518445e+39
2330.17 1.92559597833547e+39
2330.78 1.9236246473310593e+39
2331.38 1.923716928196515e+39
2331.98 1.8949678910210807e+39
2332.59 1.9255135284598592e+39
2333.19 1.900627337670626e+39
2333.8 1.9230536229581704e+39
2334.4 1.9241614124226052e+39
2335.01 1.9209480871836567e+39
2335.61 1.923558703965316e+39
2336.22 1.9254368425785585e+39
2336.82 1.9252130843069215e+39
2337.43 1.907688808582895e+39
2338.03 1.9254350661076213e+39
2338.64 1.9096200781638868e+39
2339.25 1.921386018686403e+39
2339.85 1.9241754776092228e+39
2340.46 1.9252691696723758e+39
2341.07 1.9187031927375427e+39
2341.67 1.9262673335304123e+39
2342.28 1.9294433585512413e+39
2342.89 1.930087826774412e+39
2343.5 1.9306861186508593e+39
2344.1 1.9188840283883975e+39
2344.71 1.9213764776036982e+39
2345.32 1.931676348501498e+39
2345.93 1.9284175584000982e+39
2346.53 1.934017448662606e+39
2347.14 1.9339991225158514e+39
2347.75 1.9203117541115914e+39
2348.36 1.885891883129508e+39
2348.97 1.918763404498632e+39
2349.58 1.8675646615876707e+39
2350.19 1.9379807294464172e+39
2350.79 1.9431928790224372e+39
2351.4 1.9392727647960117e+39
2352.01 1.935804408850661e+39
2352.62 1.9403659291536154e+39
2353.23 1.9367554645071352e+39
2353.84 1.942449941662256e+39
2354.45 1.9293204249282736e+39
2355.06 1.940655156667592e+39
2355.67 1.9386609494570922e+39
2356.28 1.9456953388430194e+39
2356.89 1.9456167660134666e+39
2357.5 1.946700983161849e+39
2358.12 1.9466972180622762e+39
2358.73 1.946701325184893e+39
2359.34 1.949349588450209e+39
2359.95 1.943522746813642e+39
2360.56 1.949301501413041e+39
2361.17 1.9482512865209553e+39
2361.78 1.9520804160379257e+39
2362.4 1.9506879521729894e+39
2363.01 1.9529874610316663e+39
2363.62 1.9534872212297787e+39
2364.24 1.951052860111507e+39
2364.85 1.9565415864176424e+39
2365.46 1.941997205376653e+39
2366.07 1.9559492809128243e+39
2366.69 1.9502212712631116e+39
2367.3 1.950526318381406e+39
2367.91 1.9609170145144246e+39
2368.53 1.9617962684493325e+39
2369.14 1.9623096723898422e+39
2369.76 1.9630827553468576e+39
2370.37 1.964720797137908e+39
2370.98 1.963100331793058e+39
2371.6 1.9525932396790873e+39
2372.21 1.9678512627199382e+39
2372.83 1.9683411532786157e+39
2373.44 1.968700722914163e+39
2374.06 1.9706369741871047e+39
2374.67 1.9472190075098167e+39
2375.29 1.9724252580867082e+39
2375.91 1.960765794652779e+39
2376.52 1.9740228170665725e+39
2377.14 1.958607658814693e+39
2377.75 1.977157589236122e+39
2378.37 1.9785357036598254e+39
2378.99 1.979500837492407e+39
2379.6 1.9807841712504633e+39
2380.22 1.982153845733091e+39
2380.83 1.982244679570393e+39
2381.45 1.972086120216984e+39
2382.07 1.9860660857615595e+39
2382.69 1.9713363035087456e+39
2383.3 1.9880051390896274e+39
2383.92 1.9785314461971325e+39
2384.54 1.9914418222941452e+39
2385.16 1.938432436631264e+39
2385.78 1.984658414255674e+39
2386.4 1.7420899061216383e+39
2387.01 1.9265894443067652e+39
2387.63 1.993303201304259e+39
2388.25 1.993458720175563e+39
2388.87 1.9933833428310655e+39
2389.49 1.9866625209717085e+39
2390.11 1.9902932449541023e+39
2390.73 1.9943424627137138e+39
2391.35 1.9958693125292935e+39
2391.97 1.995832834635023e+39
2392.59 1.996732639569597e+39
2393.21 1.997299581324851e+39
2393.83 1.9981868316773455e+39
2394.45 1.995439490566e+39
2395.07 1.9991280945201474e+39
2395.69 1.9966055427641145e+39
2396.31 1.984465318449128e+39
2396.93 2.0012638295988926e+39
2397.55 1.998226763513772e+39
2398.17 2.0021416037550035e+39
2398.79 1.959360746113152e+39
2399.42 2.0005544171173517e+39
2400.04 1.9876008154521013e+39
2400.66 2.0025269912818495e+39
2401.28 2.0056627190254557e+39
2401.91 2.0055545499157028e+39
2402.53 1.9998755983329378e+39
2403.15 1.992007543873893e+39
2403.77 2.0084381977641457e+39
2404.4 2.002225515141311e+39
2405.02 1.981615874855207e+39
2405.64 1.9779051147835102e+39
2406.27 2.0120021411068755e+39
2406.89 2.012581209058927e+39
2407.51 2.0030320165114062e+39
2408.14 2.0129794997795105e+39
2408.76 2.011912168877292e+39
2409.39 2.0145499625012568e+39
2410.01 2.006315871220938e+39
2410.64 2.017796541782066e+39
2411.26 2.0028005222838974e+39
2411.89 2.0071267731644632e+39
2412.51 2.0201061332209578e+39
2413.14 2.0209722146487637e+39
2413.76 2.0211976762580564e+39
2414.39 1.9581862516091577e+39
2415.01 2.0232125628014084e+39
2415.64 2.0240711518178217e+39
2416.26 2.024847700891656e+39
2416.89 2.00889867852923e+39
2417.52 2.0260251765252176e+39
2418.14 2.0272825431461405e+39
2418.77 2.0276837257319545e+39
2419.4 1.9879053988067854e+39
2420.02 2.0294290477467934e+39
2420.65 2.02940396786907e+39
2421.28 2.0294703162012304e+39
2421.91 2.0127807407776738e+39
2422.53 2.0311075721378202e+39
2423.16 1.989600273970764e+39
2423.79 2.0322555009572304e+39
2424.42 2.0277310586015674e+39
2425.05 2.0324006340689713e+39
2425.68 2.036509292249188e+39
2426.3 2.0371560483697608e+39
2426.93 2.0383091659104377e+39
2427.56 2.0398825227161982e+39
2428.19 2.0409839906223257e+39
2428.82 2.0413777759392883e+39
2429.45 2.039184453040628e+39
2430.08 2.0399005107322572e+39
2430.71 2.040519784501519e+39
2431.34 2.0466896001407743e+39
2431.97 2.040151912236867e+39
2432.6 2.0489076472806127e+39
2433.23 2.049338218537218e+39
2433.86 2.0454849356832027e+39
2434.49 2.0509187718825286e+39
2435.12 2.050737932374191e+39
2435.75 2.0462156396137702e+39
2436.39 2.0535218005934835e+39
2437.02 2.053286774236948e+39
2437.65 2.0547994241658874e+39
2438.28 2.0551749392104032e+39
2438.91 2.013574446908553e+39
2439.54 2.057908795666876e+39
2440.18 2.0558962762418807e+39
2440.81 2.0400400831927207e+39
2441.44 2.0529385748204165e+39
2442.07 2.0600737687757332e+39
2442.71 2.062130811481221e+39
2443.34 2.0626811680420285e+39
2443.97 2.0625644994009893e+39
2444.61 2.0644747543860156e+39
2445.24 2.0525043785245746e+39
2445.88 2.0623634269836083e+39
2446.51 2.0619056991468428e+39
2447.14 2.062965413576852e+39
2447.78 2.0632966182624834e+39
2448.41 2.0647805692047225e+39
2449.05 2.058424921905188e+39
2449.68 2.0700603757969436e+39
2450.32 2.0534684863205006e+39
2450.95 2.0531229858741006e+39
2451.59 2.0736188045874453e+39
2452.22 2.0742676396275882e+39
2452.86 2.0751891192476677e+39
2453.49 2.0762636576122715e+39
2454.13 2.077228768621738e+39
2454.76 2.0770076932072225e+39
2455.4 2.0741438504126688e+39
2456.04 2.072283216433923e+39
2456.67 2.078889110073999e+39
2457.31 2.079133530968593e+39
2457.95 2.0825288039919796e+39
2458.58 2.0826748861780266e+39
2459.22 2.0847262077009954e+39
2459.86 2.0833681730288654e+39
2460.5 2.0849828115080347e+39
2461.14 2.081509457530976e+39
2461.77 2.0784336986612485e+39
2462.41 2.0872333639360106e+39
2463.05 2.0895621870382886e+39
2463.69 2.082327590815563e+39
2464.33 2.0921955221066563e+39
2464.96 2.093184008578112e+39
2465.6 2.0881598857719952e+39
2466.24 2.0951162014654e+39
2466.88 2.0961961540095448e+39
2467.52 2.0887437508512475e+39
2468.16 2.097576688173018e+39
2468.8 2.072382773762814e+39
2469.44 2.0988990091109338e+39
2470.08 2.099870708883724e+39
2470.72 2.101856268062026e+39
2471.36 2.0961527129866253e+39
2472.0 2.1030629520614447e+39
2472.64 2.1039289782963204e+39
2473.28 2.0985017145700626e+39
2473.92 2.1049811474343712e+39
2474.56 2.1074528940775518e+39
2475.21 2.108553515852666e+39
2475.85 2.106071849324157e+39
2476.49 2.1107227415250917e+39
2477.13 2.111439528702111e+39
2477.77 2.1128348890833406e+39
2478.42 2.0944959335232788e+39
2479.06 2.1143424806242293e+39
2479.7 2.1160240858667207e+39
2480.34 2.117119324953879e+39
2480.99 2.112064061464513e+39
2481.63 2.1147095584027942e+39
2482.27 2.115133959714138e+39
2482.92 2.1173192906537392e+39
2483.56 2.1284606636111653e+39
2484.2 2.1330563322523915e+39
2484.85 2.1382225593666193e+39
2485.49 2.1411862550455604e+39
2486.14 2.145407611355531e+39
2486.78 2.149147632210749e+39
2487.42 2.1529312764652397e+39
2488.07 2.156541565922604e+39
2488.71 2.1547491458676758e+39
2489.36 2.1642094854885332e+39
2490.0 2.1679197159176555e+39
2490.65 2.167828615977782e+39
2491.29 2.1533711001656857e+39
2491.94 2.1731609939589446e+39
2492.59 2.1756245055910265e+39
2493.23 2.17618090941684e+39
2493.88 2.1625945276238796e+39
2494.52 2.0843673048444612e+39
2495.17 2.1828929095758268e+39
2495.82 2.1849909484359814e+39
2496.47 2.1777393127298203e+39
2497.11 2.1884733357128672e+39
2497.76 2.166285065083177e+39
2498.41 2.1914370357837155e+39
2499.05 2.1884134537759552e+39
2499.7 2.176236132659012e+39
