WAVE FLUX
900.0 2.17625564554659e+39
900.44 2.207557946904367e+39
900.88 2.2132188678634276e+39
901.32 2.2247789312084435e+39
901.77 2.7208175421255287e+39
902.21 2.7942285008004876e+39
902.65 2.4206634746641718e+39
903.09 2.1725356727950765e+39
903.54 2.4178506555785475e+39
903.98 2.3650570173404735e+39
904.42 2.203805255486734e+39
904.87 2.248510137170555e+39
905.31 2.4621610061623622e+39
905.75 2.4747882656408466e+39
906.2 2.3139271593473766e+39
906.64 2.8387770313527195e+39
907.09 2.929425649504239e+39
907.53 2.284301224437011e+39
907.98 2.2446792170420712e+39
908.42 2.264306317506324e+39
908.87 2.2247749773485967e+39
909.31 2.2604087717788958e+39
909.76 2.077628513521481e+39
910.21 2.233154407272739e+39
910.65 2.1740001896250054e+39
911.1 2.1244201959843987e+39
911.54 2.3194832811346276e+39
911.99 5.053170795691576e+39
912.44 4.2747493886090796e+39
912.89 4.552536333370953e+39
913.33 3.928680762424518e+39
913.78 4.719736495345348e+39
914.23 3.038986451449588e+39
914.68 3.945115972568176e+39
915.13 3.8081213938811364e+39
915.58 3.2283587767845105e+39
916.02 3.1150370985656157e+39
916.47 2.8962758886368794e+39
916.92 2.976107852436146e+39
917.37 2.838620931020772e+39
917.82 2.7980542717738016e+39
918.27 3.116555499268045e+39
918.72 2.1691200788968432e+39
919.17 2.189738841528327e+39
919.62 2.2978509793837423e+39
920.08 3.068264392292903e+39
920.53 3.1697355118176833e+39
920.98 1.4605393718082633e+39
921.43 2.1012779825908575e+39
921.88 2.289938132162846e+39
922.33 3.295064999493555e+39
922.78 3.2857440615103925e+39
923.24 2.6994554439816073e+39
923.69 2.469554088957505e+39
924.14 2.8141090426562764e+39
924.6 3.9350780758436707e+39
925.05 3.112044028322915e+39
925.5 2.800516344417589e+39
925.96 3.029860303144103e+39
926.41 1.6717144590115413e+39
926.87 2.913727145123709e+39
927.32 2.826170156358931e+39
927.78 3.089690788366786e+39
928.23 2.978409280017103e+39
928.68 2.806960591484257e+39
929.14 2.4877247408486626e+39
929.6 3.1734255232224354e+39
930.05 2.8810880590704054e+39
930.51 3.7624649964214275e+39
930.97 3.6466021107474774e+39
931.42 4.3009711407416606e+39
931.88 4.6931894852820315e+39
932.34 5.0566176116161195e+39
932.79 5.4326788429111546e+39
933.25 6.046666566242996e+39
933.71 7.807248296791396e+39
934.16 7.357865738390076e+39
934.62 6.28859743675391e+39
935.08 5.549308314051388e+39
935.54 4.700667363637859e+39
936.0 3.980890073832897e+39
936.46 3.7022935509514193e+39
936.92 2.741078766926989e+39
937.38 1.9478350672267495e+39
937.84 1.2333400793135787e+39
938.3 3.27564405645522e+39
938.76 2.9899335915699134e+39
939.22 3.38163228595072e+39
939.68 3.629704082897164e+39
940.14 3.780298192448773e+39
940.6 3.9881446081430214e+39
941.06 4.1619392408949696e+39
941.52 4.217067264140869e+39
941.98 4.362900601558614e+39
942.45 3.8048715150103394e+39
942.91 4.5909735026267185e+39
943.37 5.043123184366675e+39
943.83 5.472986371112851e+39
944.29 6.322882158618434e+39
944.76 7.308522454861293e+39
945.22 8.138668264271457e+39
945.68 7.160397056338724e+39
946.15 7.099562635324367e+39
946.61 6.581810108214428e+39
947.08 6.92579819103822e+39
947.54 6.763958492516958e+39
948.01 5.421331719390317e+39
948.47 5.807374742377052e+39
948.93 5.0066094469422446e+39
949.4 3.8080157996976286e+39
949.87 3.3011386228450335e+39
950.33 4.4237197365384714e+39
950.8 4.322399205423655e+39
951.26 4.0179323286500334e+39
951.73 4.558076486419639e+39
952.2 3.9753062467311095e+39
952.66 3.740488389519837e+39
953.13 3.8473108543874976e+39
953.6 3.860612713412305e+39
954.07 3.614690218699536e+39
954.53 4.188953724078514e+39
955.0 3.694624924380516e+39
955.47 5.72183260604327e+39
955.94 5.62639139583982e+39
956.41 5.0216302496057917e+39
956.88 5.146826433712158e+39
957.35 5.0313228639574814e+39
957.82 5.080706190232545e+39
958.28 4.695116353262067e+39
958.76 2.419011128625141e+39
959.23 4.655751135420233e+39
959.7 3.9704675286674696e+39
960.17 4.559357818505959e+39
960.64 4.655714401742541e+39
961.11 5.2419030566385864e+39
961.58 4.827492834051293e+39
962.05 5.1575600118676217e+39
962.52 4.666990765141699e+39
962.99 4.902635350184432e+39
963.47 5.3771968515061464e+39
963.94 3.3401448677094634e+39
964.41 4.367014863418823e+39
964.89 5.312689667459407e+39
965.36 5.255134223975298e+39
965.83 4.576180827006881e+39
966.31 4.653106068422927e+39
966.78 4.181565081241668e+39
967.25 4.2071072541173055e+39
967.73 5.050212754746474e+39
968.2 4.5212068645579733e+39
968.68 4.344706552865706e+39
969.15 4.230241226273392e+39
969.63 3.416262109613037e+39
970.1 4.0367428281107295e+39
970.58 3.395657810701459e+39
971.05 4.4155542605069e+39
971.53 4.2103484357076817e+39
972.01 2.824950473661761e+39
972.48 2.5053136800826918e+39
972.96 4.3384528882071863e+39
973.44 3.4439805324502866e+39
973.91 4.067756075316633e+39
974.39 4.1065857124339363e+39
974.87 4.062719739807142e+39
975.35 4.0331355608424704e+39
975.83 4.0109639448395315e+39
976.3 4.163573426951253e+39
976.78 3.827464797059169e+39
977.26 4.4016565891121474e+39
977.74 3.999549560082219e+39
978.22 3.167714142237765e+39
978.7 4.4346654158994406e+39
979.18 4.213332265676041e+39
979.66 4.2724354092427924e+39
980.14 4.5919082336622545e+39
980.62 4.5591183176577166e+39
981.1 3.828410458380085e+39
981.58 4.624088026663225e+39
982.07 4.796628782108135e+39
982.55 4.2825618489904727e+39
983.03 4.095867006681489e+39
983.51 3.1299236841188906e+39
983.99 3.019824123428837e+39
984.47 4.388838010949196e+39
984.96 3.526043108934041e+39
985.44 3.9437149688458885e+39
985.92 1.66507354210534e+39
986.41 3.0392531170530535e+39
986.89 2.4539996709224796e+39
987.38 3.164735212761974e+39
987.86 3.679889504224279e+39
988.34 3.48997296908123e+39
988.83 3.104020568076682e+39
989.31 3.561817342732283e+39
989.8 2.1467554355760346e+39
990.28 2.881360989320871e+39
990.77 3.420495759302783e+39
991.26 2.7905535902129536e+39
991.74 4.2790292329566574e+39
992.23 4.5036685270049604e+39
992.72 4.772277556062299e+39
993.2 5.2161007309180815e+39
993.69 4.6511929556095315e+39
994.18 4.149279824389229e+39
994.66 2.9174467857916896e+39
995.15 3.711088169554807e+39
995.64 5.225039556141906e+39
996.13 3.349301590677573e+39
996.61 4.40667572824454e+39
997.1 4.0976881312007015e+39
997.59 3.288112778433368e+39
998.08 4.683974291585258e+39
998.57 5.27536234793884e+39
999.06 4.845962874287533e+39
999.55 4.902755458859152e+39
1000.04 4.623192249605274e+39
1000.53 4.8328539263528574e+39
1001.02 4.7146057105328655e+39
1001.51 4.761755377456723e+39
1002.01 4.069863398546113e+39
1002.5 4.204956654171635e+39
1002.99 3.7567516986300265e+39
1003.48 3.9695273299719983e+39
1003.97 3.949890896251224e+39
1004.46 4.080857233341433e+39
1004.96 4.270986890091138e+39
1005.45 3.9328242299297646e+39
1005.94 2.5784032137787822e+39
1006.43 4.67460454239157e+39
1006.93 4.173284350397526e+39
1007.42 5.103898273939601e+39
1007.92 4.084464256232527e+39
1008.41 5.034300359187944e+39
1008.91 4.318492831721922e+39
1009.4 4.4429033131995114e+39
1009.9 3.921418208545024e+39
1010.39 3.29291355428191e+39
1010.89 4.8726657365806006e+39
1011.38 3.98101468914687e+39
1011.88 4.496763648785504e+39
1012.37 4.1091993722742725e+39
1012.87 2.8232131434333975e+39
1013.37 4.2811001880083114e+39
1013.86 3.919471226177194e+39
1014.36 4.017345682452282e+39
1014.86 3.276430237302341e+39
1015.36 3.630050329905364e+39
1015.85 3.937175124531191e+39
1016.35 3.69085893968882e+39
1016.85 3.5781687890852157e+39
1017.35 3.11841705210635e+39
1017.85 2.8586275005348703e+39
1018.35 3.0187763269889946e+39
1018.85 3.559379553122793e+39
1019.35 4.4888765760470575e+39
1019.85 4.243973920996831e+39
1020.35 3.795142739968831e+39
1020.85 3.56060272899268e+39
1021.35 3.137465239965915e+39
1021.85 3.209034030728316e+39
1022.35 2.2694975565120817e+39
1022.85 1.6186949356920087e+39
1023.35 1.8521456097557893e+39
1023.85 1.5858979692668414e+39
1024.35 1.756650474667024e+39
1024.86 1.903470155503373e+39
1025.36 1.189285659256274e+39
1025.86 1.3031856531336063e+39
1026.37 1.8219418484784705e+39
1026.87 1.900965582239974e+39
1027.37 1.7573731853085366e+39
1027.88 1.7660546193223012e+39
1028.38 1.630361348479271e+39
1028.89 1.630962608486855e+39
1029.39 1.6106966020872002e+39
1029.9 1.2356176254562562e+39
1030.4 1.3673016300966286e+39
1030.91 1.342780334534975e+39
1031.41 1.8087361025556504e+39
1031.92 2.19379400809138e+39
1032.42 1.8528321548798832e+39
1032.93 2.223856274595452e+39
1033.44 2.538864131299912e+39
1033.94 2.6612258611894695e+39
1034.45 2.676540724504767e+39
1034.96 2.3956092212359636e+39
1035.46 2.413838727869573e+39
1035.97 3.6270235129131044e+39
1036.48 3.9301804497151106e+39
1036.99 4.1384158813644734e+39
1037.5 5.4117688394553245e+39
1038.01 5.288400513197355e+39
1038.51 6.537930740634858e+39
1039.02 6.072610237609717e+39
1039.53 5.42863315241777e+39
1040.04 5.685853439978639e+39
1040.55 5.871174901721987e+39
1041.06 5.800752975913715e+39
1041.57 4.870053375059792e+39
1042.08 5.2926486776047065e+39
1042.59 5.154806989394106e+39
1043.11 5.17238626149232e+39
1043.62 4.7787717154118876e+39
1044.13 4.9473327387823055e+39
1044.64 4.773159594783749e+39
1045.15 4.721943544802656e+39
1045.67 4.538426717495969e+39
1046.18 4.560265844070412e+39
1046.69 4.55559380898443e+39
1047.2 4.573595301619786e+39
1047.72 4.448063267770151e+39
1048.23 4.490804164296883e+39
1048.75 4.524257754732133e+39
1049.26 4.409105597318765e+39
1049.78 4.242420600214239e+39
1050.29 4.311782878589436e+39
1050.81 4.2605938166269656e+39
1051.32 4.1081220164796885e+39
1051.83 3.94608590683107e+39
1052.35 3.6628556166095785e+39
1052.87 3.358095664546895e+39
1053.38 4.107771386581815e+39
1053.9 4.13684767254842e+39
1054.42 4.4640289225743827e+39
1054.93 4.578608238462823e+39
1055.45 3.928257081451343e+39
1055.97 3.7490939071387535e+39
1056.49 4.117207311911348e+39
1057.01 3.687645390602225e+39
1057.52 3.434595095862492e+39
1058.04 3.5632768772590154e+39
1058.56 3.326240090590767e+39
1059.08 3.412146095122568e+39
1059.6 3.657898426092213e+39
1060.12 2.8481684117884566e+39
1060.64 3.211513036249279e+39
1061.16 3.022482523586025e+39
1061.68 3.4179693491025354e+39
1062.2 3.634147324802325e+39
1062.72 1.7818325757101673e+39
1063.24 3.393526615559823e+39
1063.76 4.365817977667113e+39
1064.28 4.2013609058420855e+39
1064.81 3.718382634909124e+39
1065.33 3.8431565724924245e+39
1065.85 3.625367842705354e+39
1066.37 4.311774880532527e+39
1066.9 3.9605906921367026e+39
1067.42 4.147476769841587e+39
1067.94 3.922003363980061e+39
1068.47 3.885098378016471e+39
1068.99 3.777254842957811e+39
1069.52 4.303783761717254e+39
1070.04 3.9724158743876665e+39
1070.56 3.754040682589219e+39
1071.09 4.249453980987911e+39
1071.61 3.9468206913299763e+39
1072.14 3.9497980604035916e+39
1072.67 3.97606048056163e+39
1073.19 3.678164154262011e+39
1073.72 3.906422361543423e+39
1074.24 4.1037162408010717e+39
1074.77 4.4444232689479767e+39
1075.3 4.128158288589935e+39
1075.82 4.2855214580849177e+39
1076.35 4.2699413675620425e+39
1076.88 4.2972452855074944e+39
1077.41 4.310407906418533e+39
1077.94 3.8829928616739424e+39
1078.47 3.9337323589772316e+39
1078.99 3.387450963270347e+39
1079.52 3.240596228041847e+39
1080.05 3.2980468527639636e+39
1080.58 3.1910875069274905e+39
1081.11 2.934341123935619e+39
1081.64 2.986293441391814e+39
1082.17 3.231724677470306e+39
1082.7 3.078068342878417e+39
1083.23 2.8238559263377603e+39
1083.77 3.013890405452981e+39
1084.3 3.282930791532688e+39
1084.83 2.9557384147383895e+39
1085.36 3.4967152047514077e+39
1085.89 3.279552029144106e+39
1086.43 3.4033421735512275e+39
1086.96 4.1184148319236804e+39
1087.49 4.513199824203477e+39
1088.02 4.147238726492279e+39
1088.56 4.2168020510728294e+39
1089.09 3.9579261454219315e+39
1089.63 3.176229419817785e+39
1090.16 3.7777864311718225e+39
1090.69 4.002792733694718e+39
1091.23 3.775622215482046e+39
1091.77 3.5186329260219733e+39
1092.3 3.23131771279603e+39
1092.84 3.225039883408037e+39
1093.37 3.045450844114899e+39
1093.91 3.5227993411466334e+39
1094.44 3.400825020068643e+39
1094.98 3.431157069847777e+39
1095.52 3.154183181790588e+39
1096.06 3.78837728565926e+39
1096.59 3.579889359868934e+39
1097.13 4.250685803777487e+39
1097.67 3.7026821541411857e+39
1098.21 3.6327361955538434e+39
1098.74 3.778950051541036e+39
1099.28 4.0433243346807357e+39
1099.82 3.9220760223616296e+39
1100.36 3.870467589612847e+39
1100.9 3.7799755054455525e+39
1101.44 3.878933717546918e+39
1101.98 3.888532485154899e+39
1102.52 3.623423564078558e+39
1103.06 3.430776899681543e+39
1103.6 3.806412492517138e+39
1104.15 3.207593208808165e+39
1104.69 3.5252178605668564e+39
1105.23 3.747647629468951e+39
1105.77 3.718874620605457e+39
1106.31 3.9294731200189096e+39
1106.85 3.7893708217243734e+39
1107.4 3.6752789894451377e+39
1107.94 2.636714417236577e+39
1108.48 2.79189254768896e+39
1109.03 3.73228849582804e+39
1109.57 3.6152740956049087e+39
1110.11 3.453164368344065e+39
1110.66 3.5312929946722364e+39
1111.2 3.5850050465582407e+39
1111.75 3.555466422711153e+39
1112.29 3.219926521292272e+39
1112.84 3.652884014885145e+39
1113.39 3.604672409741531e+39
1113.93 3.245302438093335e+39
1114.48 3.4304025897961096e+39
1115.02 3.047996480081853e+39
1115.57 3.269339337274783e+39
1116.12 2.6251887892251314e+39
1116.67 2.820012776801504e+39
1117.21 2.9098505657038975e+39
1117.76 2.6291853877589333e+39
1118.31 2.9642970885592477e+39
1118.86 3.233942092701576e+39
1119.41 2.8897101554510127e+39
1119.95 3.692894868418268e+39
1120.5 3.854788658543883e+39
1121.05 2.948045583356924e+39
1121.6 3.1980688526891596e+39
1122.15 3.526642348226586e+39
1122.7 3.4665304568701856e+39
1123.25 3.298843396451174e+39
1123.8 1.8657861357971167e+39
1124.36 3.079796542513528e+39
1124.91 2.427013486344352e+39
1125.46 3.0654366970156636e+39
1126.01 3.062333707026159e+39
1126.56 2.9774376596457487e+39
1127.11 2.805568756006222e+39
1127.67 2.675594543914977e+39
1128.22 1.9180103072916903e+39
1128.77 2.577279745398994e+39
1129.33 6.02838404702305e+39
1129.88 6.993289604029299e+39
1130.44 6.84307754537983e+39
1130.99 7.31404655889598e+39
1131.54 7.48090208421009e+39
1132.1 7.228347975525086e+39
1132.65 6.330751731124346e+39
1133.21 5.71150214556242e+39
1133.77 5.336486270437451e+39
1134.32 4.457226599478659e+39
1134.88 3.8682599709853054e+39
1135.43 3.8900656732061015e+39
1135.99 3.6641890426972774e+39
1136.55 3.6829753253821406e+39
1137.1 3.549687215383416e+39
1137.66 3.1067121958647305e+39
1138.22 3.061666728134047e+39
1138.78 3.030684751813976e+39
1139.34 2.3760392641031183e+39
1139.9 2.2214495881368628e+39
1140.45 2.99715662455596e+39
1141.01 3.3985392312486384e+39
1141.57 3.0454756838516455e+39
1142.13 3.845128023975285e+39
1142.69 3.8787134947057464e+39
1143.25 3.923327821940358e+39
1143.81 3.7493975813068674e+39
1144.38 3.1470840096117315e+39
1144.94 3.287041847339875e+39
1145.5 3.93842092239546e+39
1146.06 3.8580592670622186e+39
1146.62 3.814412062097577e+39
1147.18 3.7406434864292167e+39
1147.75 3.756517038536374e+39
1148.31 3.770891813487944e+39
1148.87 3.701798555417139e+39
1149.44 3.7564872086247364e+39
1150.0 3.5214495187549935e+39
1150.0 3.5214495187549935e+39
1150.3 3.6421844955307544e+39
1150.6 3.6748736804919784e+39
1150.89 3.419105801970702e+39
1151.19 3.557730225864281e+39
1151.49 3.735798873129625e+39
1151.79 3.6869220845411353e+39
1152.09 3.5357734676776774e+39
1152.39 3.383022646839869e+39
1152.69 3.0250696425518485e+39
1152.98 3.719679320679986e+39
1153.28 3.7782038411121926e+39
1153.58 3.6778443177285414e+39
1153.88 3.3422682091247724e+39
1154.18 3.3109243227471484e+39
1154.48 3.569662938989902e+39
1154.78 3.5774631275963155e+39
1155.08 3.452018559609368e+39
1155.38 3.45741154321441e+39
1155.68 3.586072232647481e+39
1155.98 3.0376447942300144e+39
1156.28 3.6798061731372185e+39
1156.57 3.556662316406306e+39
1156.88 3.653178167994609e+39
1157.18 3.5523694858724703e+39
1157.47 3.395034432923168e+39
1157.78 3.3340388261106865e+39
1158.07 2.871948879837997e+39
1158.38 3.5629782793951285e+39
1158.68 3.558192464239002e+39
1158.97 3.428036895605772e+39
1159.28 3.583455014089122e+39
1159.58 3.3697541534567196e+39
1159.88 3.521392846660149e+39
1160.18 3.1386344548694013e+39
1160.48 3.408136639077731e+39
1160.78 3.6242926500032273e+39
1161.08 3.695212509488807e+39
1161.38 3.56948444739171e+39
1161.68 3.5559984951727966e+39
1161.98 3.314115522862756e+39
1162.28 3.4893434404979236e+39
1162.58 3.558932830645044e+39
1162.89 3.55398890813307e+39
1163.19 2.7499331861502024e+39
1163.49 3.482717242630969e+39
1163.79 3.26282882193513e+39
1164.09 3.3953954610396754e+39
1164.39 3.1383143126294247e+39
1164.7 3.3034878477656815e+39
1165.0 2.6961139055303446e+39
1165.3 3.4275474942803814e+39
1165.6 2.914464190074548e+39
1165.9 2.790576694041719e+39
1166.21 3.454700268738575e+39
1166.51 3.39074872608782e+39
1166.81 2.725968530538972e+39
1167.11 3.256987304091792e+39
1167.42 2.8191777861215764e+39
1167.72 3.226841893403241e+39
1168.02 3.409517357766671e+39
1168.32 3.221277373016365e+39
1168.63 2.928225438293476e+39
1168.93 2.2868810767088926e+39
1169.23 3.1548855885289614e+39
1169.54 3.1987844651598533e+39
1169.84 3.447188276551077e+39
1170.14 3.293176641573538e+39
1170.44 2.762962845362803e+39
1170.75 2.7995381713700966e+39
1171.05 1.69128347076877e+39
1171.35 2.747997996692784e+39
1171.66 2.5525117433721925e+39
1171.96 1.903477504629674e+39
1172.27 2.7989753772840576e+39
1172.57 2.6786691151375712e+39
1172.87 2.4968292938976987e+39
1173.18 2.844046729399528e+39
1173.48 2.4423862730136294e+39
1173.79 2.794552204231107e+39
1174.09 2.7735107228695736e+39
1174.4 2.9463051543389205e+39
1174.7 2.8253050619168116e+39
1175.0 2.0264830217043156e+39
1175.31 2.085551147819226e+39
1175.61 2.1518820701598434e+39
1175.92 2.3417813476352884e+39
1176.22 2.9284240431840283e+39
1176.53 3.392083676459502e+39
1176.83 3.971013410206653e+39
1177.14 4.0253591843523104e+39
1177.44 3.9895087860801454e+39
1177.75 3.73183729812811e+39
1178.05 3.8120402588184517e+39
1178.36 3.3964149494972913e+39
1178.66 3.7750743701867403e+39
1178.97 3.5249971250138924e+39
1179.27 3.5551139505519837e+39
1179.58 3.360831746983578e+39
1179.89 2.9155467617538193e+39
1180.19 2.924723100448808e+39
1180.5 2.4515965691457412e+39
1180.8 2.833270941319368e+39
1181.11 2.9680132992452615e+39
1181.42 2.514395401349884e+39
1181.72 2.5422172683961202e+39
1182.03 3.017174214001931e+39
1182.33 3.0549877297565773e+39
1182.64 2.876916023696351e+39
1182.95 2.153797635927007e+39
1183.25 3.0155321771432993e+39
1183.56 3.0829158433793794e+39
1183.87 3.187640735959649e+39
1184.17 3.202126077202028e+39
1184.48 2.492818815138324e+39
1184.79 3.330103397368192e+39
1185.09 3.8626365872776846e+39
1185.4 3.30811692213563e+39
1185.71 3.930228948717631e+39
1186.02 3.815529782541936e+39
1186.32 3.8220025545786545e+39
1186.63 3.2429329345514693e+39
1186.94 3.5585654674099794e+39
1187.25 3.5146489310663834e+39
1187.56 3.3682858458736055e+39
1187.86 3.3217355727012075e+39
1188.17 3.3575465566097635e+39
1188.48 3.286529690585434e+39
1188.79 3.406677891193386e+39
1189.09 3.3763944383324393e+39
1189.4 3.2927342387513585e+39
1189.71 3.4605105581631843e+39
1190.02 3.40952338343087e+39
1190.33 3.167503938886014e+39
1190.64 3.4764072708621265e+39
1190.94 3.4586190450878386e+39
1191.25 2.521890385866119e+39
1191.56 3.491722159274299e+39
1191.87 3.4594188518282e+39
1192.18 3.4390351290862677e+39
1192.49 3.425119832032113e+39
1192.8 3.348089518003209e+39
1193.11 2.976311284699619e+39
1193.42 3.375589596305125e+39
1193.73 3.103136841069476e+39
1194.04 3.309574898627435e+39
1194.34 3.259964066251484e+39
1194.65 3.344753351304796e+39
1194.96 3.302291305426625e+39
1195.27 3.232262797110098e+39
1195.58 3.1902002521806465e+39
1195.89 3.2700110891965217e+39
1196.2 2.4102411939350075e+39
1196.51 3.232814377800367e+39
1196.82 3.2922216644026254e+39
1197.13 3.20359321845289e+39
1197.44 3.227644247457008e+39
1197.75 3.201724454396878e+39
1198.06 3.278326794862541e+39
1198.38 3.107774567297762e+39
1198.69 3.344473766997011e+39
1199.0 3.295232612014337e+39
1199.31 3.434506621289315e+39
1199.62 3.3791901965315216e+39
1199.93 3.3879805845070756e+39
1200.24 3.215504982126351e+39
1200.55 3.2551403076602306e+39
1200.86 2.9685911776235955e+39
1201.17 3.158428646560333e+39
1201.48 3.153927788369266e+39
1201.8 3.076957326411833e+39
1202.11 2.14472762011556e+39
1202.42 3.090671264513494e+39
1202.73 3.126248396059709e+39
1203.04 3.1043033069821665e+39
1203.35 3.031690139318441e+39
1203.67 3.3083734462162067e+39
1203.98 3.346687688220895e+39
1204.29 3.25474068055168e+39
1204.6 3.338685797285276e+39
1204.92 3.16187017326259e+39
1205.23 3.129054945064213e+39
1205.54 3.0101098420942807e+39
1205.85 3.2371401120374844e+39
1206.16 3.2090068911008946e+39
1206.48 2.223305429860315e+39
1206.79 3.245923492082411e+39
1207.1 3.133195026821992e+39
1207.42 3.004940688577084e+39
1207.73 3.2131059898726797e+39
1208.04 3.160925049482497e+39
1208.35 3.0689073721493545e+39
1208.67 3.039587027380117e+39
1208.98 3.261714793123416e+39
1209.29 3.19490083994344e+39
1209.61 3.034786775420404e+39
1209.92 3.126652252085736e+39
1210.23 2.9302250669199576e+39
1210.55 2.5630777239334846e+39
1210.86 2.821520254874921e+39
1211.18 2.3503577275476068e+39
1211.49 2.2757018472544176e+39
1211.8 2.418893546195052e+39
1212.12 2.4867810456449362e+39
1212.43 2.584340234924576e+39
1212.75 2.620019160271505e+39
1213.06 2.863199330796773e+39
1213.38 3.314410808107515e+39
1213.69 3.1203508474982766e+39
1214.0 3.622851290232227e+39
1214.32 4.193969056862718e+39
1214.63 4.267782482184268e+39
1214.95 4.721249643672068e+39
1215.26 4.2389080372541524e+39
1215.58 4.404926412208202e+39
1215.89 4.5764177594988116e+39
1216.21 5.591010391313943e+39
1216.52 5.441696375456079e+39
1216.84 4.3353160604059984e+39
1217.15 3.6686799609075913e+39
1217.47 4.4937094050830314e+39
1217.79 3.5979861127157265e+39
1218.1 4.508339897821521e+39
1218.42 4.0708008616340587e+39
1218.73 3.256610193199281e+39
1219.05 3.9898603811328e+39
1219.36 3.80901230871284e+39
1219.68 3.623122492525699e+39
1220.0 2.728179936072724e+39
1220.31 3.270738520686018e+39
1220.63 3.4061890302825367e+39
1220.94 2.6416421896832007e+39
1221.26 2.4090317260685878e+39
1221.58 3.3271363920240565e+39
1221.9 2.7834168259193356e+39
1222.21 2.779724759030065e+39
1222.53 3.252809071364602e+39
1222.84 3.267843742020397e+39
1223.16 2.580222723989446e+39
1223.48 3.458379694458011e+39
1223.8 2.4564487815687728e+39
1224.11 3.429009937473759e+39
1224.43 3.439164332775804e+39
1224.75 3.276042563584348e+39
1225.06 3.243333100041047e+39
1225.38 3.204478226863576e+39
1225.7 2.9352263913528955e+39
1226.02 2.5811568451857496e+39
1226.34 2.908209615733898e+39
1226.65 2.733194690298359e+39
1226.97 2.6223398743905593e+39
1227.29 2.3039652475258226e+39
1227.61 2.3885888986935482e+39
1227.93 2.22400336822679e+39
1228.24 2.0518862270661357e+39
1228.56 2.13611416341554e+39
1228.88 2.136827499741184e+39
1229.2 2.0745222440057983e+39
1229.52 1.701153635412844e+39
1229.84 1.639743078882283e+39
1230.16 2.0720723698367783e+39
1230.47 1.9169222779103074e+39
1230.79 1.7280943662610213e+39
1231.11 2.078343359788062e+39
1231.43 2.0732136179721473e+39
1231.75 2.055217241356984e+39
1232.07 1.9954845047295784e+39
1232.39 1.9295940198236157e+39
1232.71 1.8992491021773963e+39
1233.03 1.8221213687123592e+39
1233.35 1.8387453731048966e+39
1233.67 1.9356409796389633e+39
1233.99 1.9174628128357885e+39
1234.31 1.9036540287013967e+39
1234.63 1.8286813179469342e+39
1234.95 1.9160505864046282e+39
1235.27 1.8499707163137224e+39
1235.59 1.9406252618874634e+39
1235.91 1.9636652462828584e+39
1236.23 1.8527728471589804e+39
1236.55 1.8039556418121298e+39
1236.87 1.599667201735195e+39
1237.19 1.4297862807644603e+39
1237.51 1.5852299275118068e+39
1237.83 1.644875574015233e+39
1238.15 1.7404577737629318e+39
1238.47 1.8139845380763885e+39
1238.79 2.0295666616255592e+39
1239.11 2.4505451516535762e+39
1239.44 2.545303193593628e+39
1239.76 2.635531406890036e+39
1240.08 2.7303386478456094e+39
1240.4 2.769009741364239e+39
1240.72 2.583819053285136e+39
1241.04 2.5471771387836237e+39
1241.36 2.669533591821084e+39
1241.69 2.835495437610812e+39
1242.01 3.032316075015064e+39
1242.33 3.273931775026773e+39
1242.65 3.560528139407288e+39
1242.97 4.1464731728971255e+39
1243.3 4.133429725413919e+39
1243.62 4.1740174721684855e+39
1243.94 3.9927085061425705e+39
1244.26 3.8499987167003706e+39
1244.58 3.8850194840596726e+39
1244.91 3.6829262158744025e+39
1245.23 3.4671802577162596e+39
1245.55 3.656669713822632e+39
1245.88 3.6553542634199125e+39
1246.2 3.498224806303014e+39
1246.52 3.675406936057669e+39
1246.84 3.7558014144352387e+39
1247.17 3.8786820061167875e+39
1247.49 2.8921466013637387e+39
1247.81 3.272999280522247e+39
1248.14 3.261563468742532e+39
1248.46 3.6054575366976066e+39
1248.79 3.6901942101899905e+39
1249.11 3.690308920697004e+39
1249.43 3.422640967298392e+39
1249.76 3.5073921354182786e+39
1250.08 3.267466777442775e+39
1250.4 2.903805138338579e+39
1250.73 2.9252882991193816e+39
1251.05 3.0244319243102986e+39
1251.38 3.1944333828433396e+39
1251.7 3.120885470253084e+39
1252.03 3.0946866139130854e+39
1252.35 3.068877359450351e+39
1252.68 2.9837828037759685e+39
1253.0 3.147015848295415e+39
1253.32 3.2788390384146876e+39
1253.65 2.7636014572869775e+39
1253.97 2.960853275979045e+39
1254.3 3.248324003933872e+39
1254.62 3.164537197229047e+39
1254.95 2.7795342610945723e+39
1255.27 2.538003911400536e+39
1255.6 3.2883155619789134e+39
1255.93 3.159761997236456e+39
1256.25 3.0144196633557316e+39
1256.58 2.490141206306924e+39
1256.9 3.042795144832062e+39
1257.23 3.088676009085833e+39
1257.55 3.0093347041412186e+39
1257.88 2.882655457667298e+39
1258.2 3.2841548856309606e+39
1258.53 2.903435703279928e+39
1258.86 2.6030987356697954e+39
1259.18 3.1327886127894765e+39
1259.51 3.1555075034658205e+39
1259.84 3.1792683716999554e+39
1260.16 3.183663792991765e+39
1260.49 3.2176949523172784e+39
1260.82 3.1369123737132105e+39
1261.14 3.2123433323652365e+39
1261.47 3.2596365117735186e+39
1261.8 3.001418551274194e+39
1262.12 3.401700177881299e+39
1262.45 3.419821584844797e+39
1262.78 3.398292061275001e+39
1263.11 3.3454749967486995e+39
1263.43 3.2994885497186393e+39
1263.76 3.2580923481099927e+39
1264.09 3.209445390515819e+39
1264.42 2.9793836315910375e+39
1264.74 2.992434372603832e+39
1265.07 3.003175761110163e+39
1265.4 2.9230530848112543e+39
1265.73 2.868682554052796e+39
1266.06 3.053100167070839e+39
1266.38 2.8617217214994054e+39
1266.71 2.884454473031936e+39
1267.04 3.251095426183087e+39
1267.37 3.1136191219474755e+39
1267.7 3.2473641736438066e+39
1268.03 3.202404927373238e+39
1268.35 3.3162792194834365e+39
1268.68 3.251141193597056e+39
1269.01 2.827159523156534e+39
1269.34 2.754891762491037e+39
1269.67 2.6835426964218056e+39
1270.0 2.3850759980475295e+39
1270.33 2.765372863658426e+39
1270.66 2.5624828015409772e+39
1270.99 3.1681663378817187e+39
1271.32 3.163695998189108e+39
1271.65 3.1528351914695837e+39
1271.97 3.0331065346527375e+39
1272.31 3.3059294579760726e+39
1272.63 2.811832866559478e+39
1272.96 3.2626843181398524e+39
1273.29 3.114586266566941e+39
1273.62 2.5648113657058612e+39
1273.95 3.2652786723552015e+39
1274.28 3.061856487860504e+39
1274.61 3.062992419703874e+39
1274.94 3.006802199530927e+39
1275.28 3.128482938890515e+39
1275.61 3.231857414204699e+39
1275.94 2.9908892344849905e+39
1276.27 3.1789829894983376e+39
1276.6 3.130298952535845e+39
1276.93 2.8473651517356626e+39
1277.26 3.291472669144646e+39
1277.59 3.157672461537662e+39
1277.92 3.2745652209764435e+39
1278.25 3.1138662155201454e+39
1278.58 3.349160758413445e+39
1278.92 2.5965282857730356e+39
1279.25 3.261147195086484e+39
1279.58 3.094692363531093e+39
1279.91 3.058893125988513e+39
1280.24 3.0687454304699683e+39
1280.57 3.118438340889269e+39
1280.91 3.258317333434707e+39
1281.24 3.0083554556117107e+39
1281.57 2.9618609154679407e+39
1281.9 3.0659136090851044e+39
1282.23 2.7440682378743904e+39
1282.57 3.050420999218566e+39
1282.9 3.1437952390622367e+39
1283.23 3.2681449272209005e+39
1283.56 3.192073608788593e+39
1283.9 3.142424446193248e+39
1284.23 2.907340231363655e+39
1284.56 3.29766540294271e+39
1284.9 3.440389788787271e+39
1285.23 3.26548584651921e+39
1285.56 3.462403510546564e+39
1285.9 3.0534995530590105e+39
1286.23 3.368582305859376e+39
1286.56 3.316852696978558e+39
1286.9 3.0785448826073313e+39
1287.23 3.1053742157279076e+39
1287.56 2.6780627557959702e+39
1287.9 3.28337883261826e+39
1288.23 2.9838001852204787e+39
1288.56 3.4731070237262406e+39
1288.9 3.2982033914804005e+39
1289.23 3.123239079717403e+39
1289.57 3.602249968449137e+39
1289.9 3.613191760037297e+39
1290.23 3.4548394169860435e+39
1290.57 3.3588105888290903e+39
1290.9 3.4956805678128054e+39
1291.24 3.3966339180399697e+39
1291.57 3.4741162195240265e+39
1291.91 3.996179045535842e+39
1292.24 4.0163871573467443e+39
1292.58 4.172109227963101e+39
1292.91 4.1815358218328804e+39
1293.25 3.892650639984744e+39
1293.58 4.2092536903433294e+39
1293.92 4.0028951602232e+39
1294.25 4.0453249384946426e+39
1294.59 3.12883049213078e+39
1294.92 4.09751692343867e+39
1295.26 4.097593670295063e+39
1295.59 4.296028329855732e+39
1295.93 4.1975859979221476e+39
1296.27 3.427329690835769e+39
1296.6 3.737898581853718e+39
1296.94 4.15081792720365e+39
1297.28 3.998432765313209e+39
1297.61 3.3949334573896497e+39
1297.95 3.644746013811757e+39
1298.28 3.8511340086541805e+39
1298.62 3.8104347059442354e+39
1298.96 3.038018129556395e+39
1299.29 3.794998087714374e+39
1299.63 3.754026105301675e+39
1299.97 3.7130684844735304e+39
1300.3 3.434770829393683e+39
1300.64 3.2545589670963024e+39
1300.98 3.1085401549975814e+39
1301.32 3.4600372746324616e+39
1301.65 3.484906122939221e+39
1301.99 3.5938115269672523e+39
1302.33 3.45915059629822e+39
1302.67 3.427469514407315e+39
1303.0 3.320960782124521e+39
1303.34 2.3794018576760216e+39
1303.68 3.2375896596061445e+39
1304.02 3.359199298751095e+39
1304.35 3.3637658558766757e+39
1304.69 3.263284506240467e+39
1305.03 3.2610484633644435e+39
1305.37 2.943060894834555e+39
1305.71 2.936168160838529e+39
1306.05 2.4275729184222245e+39
1306.38 3.227843106850031e+39
1306.72 3.067207457331876e+39
1307.06 3.215463391987827e+39
1307.4 2.669953341193902e+39
1307.74 3.248878418251212e+39
1308.08 3.324550481489921e+39
1308.42 3.243411785664949e+39
1308.76 2.807119722932559e+39
1309.09 3.2301790656870444e+39
1309.43 3.158398545899228e+39
1309.77 3.194603000210804e+39
1310.11 2.906742036593457e+39
1310.45 3.290150166520277e+39
1310.79 3.2623802725826726e+39
1311.13 2.8811314850369596e+39
1311.47 3.1034961381625265e+39
1311.81 2.437636675875411e+39
1312.15 3.086927130696502e+39
1312.49 2.960897795689631e+39
1312.83 3.337029861261521e+39
1313.17 3.305189825822491e+39
1313.51 3.3253972200394456e+39
1313.85 3.357892817839732e+39
1314.19 3.295110818748222e+39
1314.53 2.984854157018435e+39
1314.88 3.2299244573090676e+39
1315.22 3.328244660199158e+39
1315.56 3.1934345415888916e+39
1315.9 3.2235965989927274e+39
1316.24 3.1840014380710353e+39
1316.58 3.315245677911601e+39
1316.92 3.0873657074470906e+39
1317.26 3.139715743078532e+39
1317.6 3.134602542972874e+39
1317.94 3.067559739892918e+39
1318.29 2.8163640141214114e+39
1318.63 3.0208682706905826e+39
1318.97 3.3592688968355853e+39
1319.31 2.93655223345566e+39
1319.65 2.990753857862859e+39
1320.0 3.1738494754408695e+39
1320.34 2.57394478810104e+39
1320.68 2.799832871854244e+39
1321.02 3.1665399346382744e+39
1321.36 2.5156360573756698e+39
1321.71 3.24827928379931e+39
1322.05 3.2669024275775066e+39
1322.39 3.197528690105729e+39
1322.74 3.095682911060499e+39
1323.08 2.7185960353113694e+39
1323.42 3.137638106222698e+39
1323.76 3.181859396071436e+39
1324.11 3.309808352122092e+39
1324.45 3.030755518799833e+39
1324.79 3.250565517768095e+39
1325.14 3.416415387456742e+39
1325.48 3.3790810754529534e+39
1325.82 2.9082150475677664e+39
1326.17 3.1947593139310205e+39
1326.51 2.9205874343601193e+39
1326.85 3.1168419564131384e+39
1327.2 3.176112186123606e+39
1327.54 3.155369096037914e+39
1327.89 3.335577059938389e+39
1328.23 3.3163096681877984e+39
1328.58 3.239557151907972e+39
1328.92 3.2129910098487276e+39
1329.27 3.2672309797310746e+39
1329.61 3.3207292585063857e+39
1329.95 3.1624013294368154e+39
1330.3 2.9232566950100544e+39
1330.64 3.2902601308100934e+39
1330.99 3.1543544610250865e+39
1331.33 3.045266775511902e+39
1331.68 2.815442654668473e+39
1332.02 3.2899651684748025e+39
1332.37 3.10336172170388e+39
1332.71 3.365400675374144e+39
1333.06 3.2612015074385004e+39
1333.41 3.2724903050161695e+39
1333.75 3.2339432390819605e+39
1334.1 3.119844051006276e+39
1334.44 2.4925660536373645e+39
1334.79 2.9560850694892866e+39
1335.13 2.910184239060924e+39
1335.48 2.9937008650272845e+39
1335.83 2.3920484429671842e+39
1336.17 2.4657073073123928e+39
1336.52 2.756402030775433e+39
1336.86 2.7657543235347746e+39
1337.21 2.974295484683378e+39
1337.56 2.980192770525158e+39
1337.91 2.898306665060477e+39
1338.25 2.8860532899301654e+39
1338.6 2.3305788490885086e+39
1338.94 3.302351542570726e+39
1339.29 3.301735167677868e+39
1339.64 2.758296217035388e+39
1339.99 3.3242151962758636e+39
1340.33 3.115066427148825e+39
1340.68 3.2693761298203506e+39
1341.03 3.1244400819106446e+39
1341.38 3.131477184222826e+39
1341.72 3.094613549737871e+39
1342.07 3.011431293837637e+39
1342.42 2.6360232407510283e+39
1342.77 2.9920941191972475e+39
1343.11 2.805765798429007e+39
1343.46 2.4868347125751892e+39
1343.81 3.528841610008008e+39
1344.16 3.503863282409996e+39
1344.51 3.60292337816318e+39
1344.86 3.477234494581572e+39
1345.21 3.6390059504113196e+39
1345.55 3.102870950020444e+39
1345.9 3.72247827986628e+39
1346.25 3.6323732229447196e+39
1346.6 3.5921841556994747e+39
1346.95 3.506198947102725e+39
1347.3 2.9388969068897346e+39
1347.65 3.247446339490851e+39
1348.0 3.005311204448341e+39
1348.35 3.370829242414381e+39
1348.7 3.273737783053007e+39
1349.05 3.325764106539924e+39
1349.4 3.381470606172379e+39
1349.74 3.4108504936560333e+39
1350.09 3.309989285823735e+39
1350.44 3.2470603126270594e+39
1350.8 3.366750591991361e+39
1351.15 3.2067450677559984e+39
1351.49 2.656322727970346e+39
1351.84 3.334986341769335e+39
1352.2 3.355089332959189e+39
1352.55 3.1609456872430795e+39
1352.9 3.0539353796165035e+39
1353.25 3.066638030407871e+39
1353.6 2.961060141106491e+39
1353.95 3.02818046071839e+39
1354.3 2.9414135662816187e+39
1354.65 3.047194974217395e+39
1355.0 3.082791904243666e+39
1355.35 2.808846399816445e+39
1355.7 3.236544527377987e+39
1356.06 2.592645219721742e+39
1356.41 3.3646222451848355e+39
1356.76 3.396482237923704e+39
1357.11 2.580787218975391e+39
1357.46 3.3326896032712834e+39
1357.81 2.98435266728773e+39
1358.17 3.331774692523549e+39
1358.52 2.794937648944643e+39
1358.87 3.1622660570582714e+39
1359.22 2.5869287848137e+39
1359.57 3.247359159650902e+39
1359.93 3.0484192103043613e+39
1360.28 3.0707899082051045e+39
1360.63 2.879488211978084e+39
1360.98 2.924760379645187e+39
1361.34 2.6499261291244088e+39
1361.69 2.3702181507352182e+39
1362.04 2.9487140439884464e+39
1362.4 3.0133684211908485e+39
1362.75 2.8938751268826505e+39
1363.1 2.4622213594479678e+39
1363.46 2.577647322941096e+39
1363.81 2.606455437039189e+39
1364.16 2.818492387533465e+39
1364.52 2.7484795033064167e+39
1364.87 2.3961200171423564e+39
1365.22 2.613631690227265e+39
1365.58 2.377055170735858e+39
1365.93 2.782944764704691e+39
1366.29 2.832624143824276e+39
1366.64 2.852816146453549e+39
1366.99 2.6070963441715237e+39
1367.35 2.7707864689598067e+39
1367.7 2.802714547917373e+39
1368.06 2.7833272447464007e+39
1368.41 2.72960322596866e+39
1368.77 2.761622758154634e+39
1369.12 2.7547934972579065e+39
1369.48 2.638659240616885e+39
1369.83 2.8321578211524557e+39
1370.19 2.913541047464782e+39
1370.54 3.087057585177569e+39
1370.9 3.059693007636713e+39
1371.25 3.246615765194842e+39
1371.61 3.379215444980599e+39
1371.96 3.0671330789622074e+39
1372.32 3.5447774679093886e+39
1372.67 3.094248251306432e+39
1373.03 3.187505442826618e+39
1373.39 3.202701215768552e+39
1373.74 2.794098812902995e+39
1374.1 2.6322472308437207e+39
1374.45 3.2598788291811665e+39
1374.81 2.744073899786703e+39
1375.17 3.176141626570545e+39
1375.52 3.004580227797885e+39
1375.88 3.204551778921753e+39
1376.23 2.8652496391971034e+39
1376.59 3.1867504379218795e+39
1376.95 3.282187225952337e+39
1377.31 3.290170144662041e+39
1377.66 2.742794211526023e+39
1378.02 2.819276421084925e+39
1378.38 3.16309186363106e+39
1378.73 2.8508596480032365e+39
1379.09 2.8750103608522315e+39
1379.45 3.1485652920770945e+39
1379.81 3.249643399618693e+39
1380.16 2.767506363498223e+39
1380.52 3.1482634369452124e+39
1380.88 3.360264934219159e+39
1381.24 3.113892910391555e+39
1381.6 2.9033771672699814e+39
1381.95 3.4466865064008276e+39
1382.31 3.341110535552554e+39
1382.67 3.2866203307199474e+39
1383.03 3.239200757557651e+39
1383.39 3.201222260648602e+39
1383.75 3.029726508546018e+39
1384.1 2.734447769009609e+39
1384.46 3.204398459229309e+39
1384.82 3.1006520547976814e+39
1385.18 3.172482183078696e+39
1385.54 3.1496661682263516e+39
1385.9 2.967001207757703e+39
1386.26 2.6762576351472917e+39
1386.62 3.118710984279758e+39
1386.98 3.0371718811606744e+39
1387.34 2.6973708285578407e+39
1387.7 3.161105592887569e+39
1388.06 2.9345696789853215e+39
1388.42 3.2147480374487735e+39
1388.78 3.2519702202887167e+39
1389.14 3.2013510564584126e+39
1389.49 3.0621486919456183e+39
1389.85 3.0777889777613357e+39
1390.21 3.007114265083053e+39
1390.58 2.8837071466065293e+39
1390.94 2.4694795533370174e+39
1391.3 2.889923758393018e+39
1391.66 2.9945669307258813e+39
1392.02 3.1021183994275426e+39
1392.38 3.06887669658671e+39
1392.74 3.224313425098237e+39
1393.1 2.896088464955624e+39
1393.46 3.170247537699563e+39
1393.82 2.4500295317994193e+39
1394.18 2.93613673817416e+39
1394.55 2.9457162700128444e+39
1394.91 3.1146802858010055e+39
1395.27 2.967318009197704e+39
1395.63 3.162589031322521e+39
1395.99 2.5445996880149534e+39
1396.35 3.2257760399022905e+39
1396.72 3.259501563856454e+39
1397.08 2.84434270159934e+39
1397.44 3.114660077307774e+39
1397.8 3.2380786261637554e+39
1398.16 2.569994026193584e+39
1398.53 3.5625318384469313e+39
1398.89 2.9334546325626354e+39
1399.25 3.4615066596996957e+39
1399.61 3.3897207044443326e+39
1399.98 2.7146769664208148e+39
1400.34 2.983464644261504e+39
1400.7 2.6996076317426426e+39
1401.07 2.8996501161542453e+39
1401.43 3.1547812121006484e+39
1401.79 3.171099435951157e+39
1402.16 3.0892664591789914e+39
1402.52 3.1246385188573447e+39
1402.88 2.3566284274587308e+39
1403.25 2.5554478750135703e+39
1403.61 3.3728890409589236e+39
1403.97 3.2440099433155854e+39
1404.34 3.1368800666613267e+39
1404.7 3.186226985930307e+39
1405.06 3.156207010886859e+39
1405.43 2.991514617944923e+39
1405.79 2.967357281024225e+39
1406.16 2.800112174768691e+39
1406.52 2.7115903697223563e+39
1406.89 2.1803670638923134e+39
1407.25 2.234591837727147e+39
1407.62 2.8469096121776766e+39
1407.98 2.867161892524244e+39
1408.35 2.9547288105887565e+39
1408.71 2.208757847683906e+39
1409.08 2.4250546350922293e+39
1409.44 2.3974979223930968e+39
1409.81 2.4042597864383417e+39
1410.17 3.0548356008927496e+39
1410.54 3.336804234049847e+39
1410.9 3.589111230949022e+39
1411.27 3.3690661238636517e+39
1411.64 3.241022278908187e+39
1412.0 3.5128355121127624e+39
1412.37 3.5868236878050893e+39
1412.73 3.5596358172490295e+39
1413.1 3.45610968077673e+39
1413.46 3.3208822022861916e+39
1413.83 3.27401469639165e+39
1414.2 2.8846133837873445e+39
1414.56 2.481402585733518e+39
1414.93 2.9678633219701835e+39
1415.3 2.896212337254578e+39
1415.67 3.000037879704122e+39
1416.03 3.0041092491686815e+39
1416.4 3.086680936152685e+39
1416.77 3.017849613621718e+39
1417.13 2.7675540231029654e+39
1417.5 2.969761965593439e+39
1417.87 2.906678593924815e+39
1418.23 2.9204560408157445e+39
1418.6 3.07845078706105e+39
1418.97 3.228000360259714e+39
1419.34 3.2615553391579004e+39
1419.71 3.156717710475152e+39
1420.07 2.79433823450614e+39
1420.44 2.939203188744783e+39
1420.81 3.6646294369976427e+39
1421.18 3.0017902356754095e+39
1421.55 3.821821810549499e+39
1421.92 3.6507353238016885e+39
1422.28 3.505601315209024e+39
1422.65 3.085752138986598e+39
1423.02 3.2597052669119586e+39
1423.39 3.1712140528667146e+39
1423.76 3.108369995759043e+39
1424.13 2.98077906109703e+39
1424.5 2.3401128060231894e+39
1424.87 3.09195900799892e+39
1425.23 3.1717270840147474e+39
1425.6 3.1739684318182105e+39
1425.97 2.970498403142785e+39
1426.34 2.474833417604607e+39
1426.71 3.0924490154309185e+39
1427.08 3.1327017743014626e+39
1427.45 2.2504547473945693e+39
1427.82 2.362234869492929e+39
1428.19 2.4526515677991865e+39
1428.56 2.5131512243961118e+39
1428.93 2.1741093168632063e+39
1429.3 2.6591578600418824e+39
1429.68 3.1418743728241524e+39
1430.05 3.1883172868102684e+39
1430.42 2.5229244158749794e+39
1430.79 3.014511419394388e+39
1431.16 3.5348388122602773e+39
1431.53 3.415641520542755e+39
1431.9 3.292114574116579e+39
1432.27 3.547522821624738e+39
1432.64 3.453351450716387e+39
1433.01 3.1146289178293767e+39
1433.38 3.3249245535492105e+39
1433.76 3.199935024711565e+39
1434.13 3.250622557993672e+39
1434.5 2.7066486338844912e+39
1434.87 3.145481742256114e+39
1435.24 2.4720224339287097e+39
1435.61 3.121602487884567e+39
1435.99 3.066879144379138e+39
1436.36 3.117322644770515e+39
1436.73 2.9711651884330117e+39
1437.1 2.887702964386433e+39
1437.48 2.8558983484152505e+39
1437.85 3.09026482965789e+39
1438.22 3.188001330739708e+39
1438.59 3.158792730556399e+39
1438.97 2.84911972085859e+39
1439.34 3.071234750679982e+39
1439.71 2.664005818892297e+39
1440.09 3.0518574611733433e+39
1440.46 2.438181778991066e+39
1440.83 2.5849238833305532e+39
1441.21 2.6577023805384274e+39
1441.58 3.041289090195377e+39
1441.95 3.0017009452496607e+39
1442.33 2.9975834173270274e+39
1442.7 2.742083913882491e+39
1443.07 2.973442931117848e+39
1443.45 2.924028540675161e+39
1443.82 3.3360247816111755e+39
1444.2 3.255667412685004e+39
1444.57 3.377431062206405e+39
1444.95 2.6621101916936593e+39
1445.32 3.1558859102960814e+39
1445.69 2.8486951336614086e+39
1446.07 3.051010365692192e+39
1446.44 2.806772264667873e+39
1446.82 2.8131276447565995e+39
1447.19 2.854434233643033e+39
1447.57 2.6590902219611792e+39
1447.94 2.883258874514675e+39
1448.32 3.071331046776665e+39
1448.69 2.908755088297312e+39
1449.07 2.502073764665358e+39
1449.45 2.8190517112478416e+39
1449.82 2.3705739679752634e+39
1450.2 2.753064618162051e+39
1450.57 2.956424790797592e+39
1450.95 2.869721094961333e+39
1451.33 3.1348193956817826e+39
1451.7 3.2367998505646335e+39
1452.08 3.179879390224209e+39
1452.45 2.8154866317666014e+39
1452.83 3.097121526238208e+39
1453.21 3.286192582119299e+39
1453.58 2.6021108608879933e+39
1453.96 2.878197119810854e+39
1454.34 2.858875614526443e+39
1454.71 2.6941886823105645e+39
1455.09 3.2641695420014105e+39
1455.47 2.5843860958600366e+39
1455.85 3.199720699181223e+39
1456.22 2.790635713365695e+39
1456.6 3.223546246086296e+39
1456.98 3.3891015898631235e+39
1457.36 2.7613101809575737e+39
1457.73 2.724902555072285e+39
1458.11 3.246320804165384e+39
1458.49 2.609467058905758e+39
1458.87 3.1174688869011474e+39
1459.24 2.256667736796851e+39
1459.62 2.9771984297440936e+39
1460.0 3.225431833401732e+39
1460.38 2.9180174178715907e+39
1460.76 2.6480599765404025e+39
1461.14 3.223253042659003e+39
1461.52 3.090978167704025e+39
1461.9 3.234129892433577e+39
1462.27 2.744838644181593e+39
1462.65 2.5864155949573246e+39
1463.03 3.186543017278544e+39
1463.41 3.1619954879551396e+39
1463.79 2.7620573434697734e+39
1464.17 2.6103823265733688e+39
1464.55 2.7715041600087364e+39
1464.93 2.750533469154377e+39
1465.31 2.4991844946999704e+39
1465.69 3.095206910888629e+39
1466.07 3.1528884353382855e+39
1466.45 2.683465539138126e+39
1466.83 2.6060526561569265e+39
1467.21 3.0532340377992577e+39
1467.59 3.2217122498121734e+39
1467.97 3.1337413301925926e+39
1468.35 3.167300621787805e+39
1468.73 3.1421373837040816e+39
1469.11 3.193602034515185e+39
1469.49 3.302145194270182e+39
1469.87 2.8213130386777855e+39
1470.25 2.8019870795044736e+39
1470.64 3.17016518279022e+39
1471.02 3.0076634528084114e+39
1471.4 3.016387213696211e+39
1471.78 2.960088850450025e+39
1472.16 2.813922979598015e+39
1472.54 2.686639947279312e+39
1472.92 3.3588958074791665e+39
1473.31 3.369812075533469e+39
1473.69 3.4314078911203627e+39
1474.07 3.3180185587581245e+39
1474.45 3.221699854563867e+39
1474.83 3.09978195209571e+39
1475.21 3.067799795204293e+39
1475.6 2.6126722668592965e+39
1475.98 3.16309094658339e+39
1476.36 2.95186318012068e+39
1476.74 3.227756262849186e+39
1477.13 3.245576879206808e+39
1477.51 2.773168994507284e+39
1477.89 3.135600569287971e+39
1478.28 2.5840552210251423e+39
1478.66 3.122310685305319e+39
1479.04 3.085108227842925e+39
1479.43 2.4459712422462867e+39
1479.81 3.028137291332435e+39
1480.19 2.9719379658076785e+39
1480.58 3.007603416379948e+39
1480.96 3.0070790204816056e+39
1481.34 2.884446431483697e+39
1481.73 3.007311843083055e+39
1482.11 3.163997149721299e+39
1482.5 3.2358028387604163e+39
1482.88 3.267079123454304e+39
1483.27 2.821276178882762e+39
1483.65 3.2894492060510166e+39
1484.03 2.9641539662864696e+39
1484.42 2.8690405067909645e+39
1484.8 3.204971968540252e+39
1485.19 3.126008382984914e+39
1485.57 3.298509017092967e+39
1485.96 3.073227037151046e+39
1486.34 3.1979225070656973e+39
1486.73 3.072569345673764e+39
1487.11 3.271931389989018e+39
1487.5 3.250252726416849e+39
1487.89 2.819029773723273e+39
1488.27 3.273640350471663e+39
1488.66 3.29961057309182e+39
1489.04 3.157571555376249e+39
1489.43 3.219912837495874e+39
1489.81 2.767794521381248e+39
1490.2 2.879744489500223e+39
1490.59 3.1483463192939426e+39
1490.97 3.227426443150126e+39
1491.36 3.2194389987459784e+39
1491.75 3.1216461526341037e+39
1492.13 3.035683148348083e+39
1492.52 3.197195356219389e+39
1492.91 3.21293200051183e+39
1493.29 3.230972187101906e+39
1493.68 2.374569282666126e+39
1494.07 3.164580155457291e+39
1494.45 2.9457555893440895e+39
1494.84 3.1204500469021647e+39
1495.23 2.6682553561152872e+39
1495.62 2.8713368135616726e+39
1496.01 3.1972302535578955e+39
1496.39 3.1489754259068525e+39
1496.78 3.209880875525137e+39
1497.17 3.226179243934555e+39
1497.56 2.7788685529861806e+39
1497.94 2.5955123840952906e+39
1498.33 3.3130842980204566e+39
1498.72 2.7011692741713437e+39
1499.11 2.826057863395221e+39
1499.5 3.043548540940024e+39
1499.89 3.0815509279747475e+39
1500.28 2.8571852585291185e+39
1500.66 3.1065502540482855e+39
1501.05 3.057266519854749e+39
1501.44 2.88010394477624e+39
1501.83 2.536488913467681e+39
1502.22 2.741559777120616e+39
1502.61 3.293915211677171e+39
1503.0 3.1596360254726665e+39
1503.39 3.1471804365535306e+39
1503.78 3.134196158286586e+39
1504.17 3.1089278976638827e+39
1504.56 2.805272608197674e+39
1504.95 3.448890748744073e+39
1505.34 3.2589203691873757e+39
1505.73 2.9571476825705406e+39
1506.12 3.339873521244217e+39
1506.51 3.390759772936147e+39
1506.9 3.122295610900134e+39
1507.29 3.319487288076709e+39
1507.68 3.229222695289311e+39
1508.07 3.264938290435148e+39
1508.46 3.249615318350671e+39
1508.85 2.8272155723005456e+39
1509.24 3.071325815547059e+39
1509.64 3.045818744263741e+39
1510.03 3.1196869099398606e+39
1510.42 3.150561496960625e+39
1510.81 3.165682304809107e+39
1511.2 2.566991603237248e+39
1511.59 3.0704467028642307e+39
1511.98 3.212171127960747e+39
1512.38 3.1127531481385656e+39
1512.77 2.6143382881682605e+39
1513.16 3.030880974217069e+39
1513.55 2.6718740094645926e+39
1513.94 3.1022948011385295e+39
1514.34 3.1034807078727605e+39
1514.73 3.1397576776282694e+39
1515.12 3.186568127173618e+39
1515.52 2.8730235091750065e+39
1515.91 3.136610262927531e+39
1516.3 3.0575025484747985e+39
1516.69 2.535314947427267e+39
1517.09 3.0889730597810396e+39
1517.48 3.0820297939651525e+39
1517.87 2.8576456638857934e+39
1518.27 3.046189783268959e+39
1518.66 2.9041306336232236e+39
1519.05 2.6501727397288757e+39
1519.45 3.143396567166415e+39
1519.84 3.2024685875927103e+39
1520.23 3.189917400659554e+39
1520.63 2.4194178305061773e+39
1521.02 2.980406261089274e+39
1521.42 2.8578343815529655e+39
1521.81 2.9944736991668165e+39
1522.21 3.000525181010465e+39
1522.6 3.020897901368403e+39
1522.99 3.039432671553572e+39
1523.39 2.964368493092626e+39
1523.79 3.050488987583482e+39
1524.18 2.827151055280805e+39
1524.57 2.960167703516973e+39
1524.97 2.6729855299729466e+39
1525.36 2.5622375084552045e+39
1525.76 3.0332053311203654e+39
1526.16 2.890086310077529e+39
1526.55 3.094782491555247e+39
1526.95 2.8019259802614805e+39
1527.34 2.797071520174651e+39
1527.74 2.5047687684727858e+39
1528.14 2.882242176746095e+39
1528.53 2.8937685294032707e+39
1528.93 2.879348182254594e+39
1529.32 3.083792440334982e+39
1529.72 3.0247752924105903e+39
1530.12 2.2299743931848755e+39
1530.51 2.4269302632609173e+39
1530.91 2.913636836929361e+39
1531.31 2.341514544188761e+39
1531.7 2.5704123752338042e+39
1532.1 2.4480496998422734e+39
1532.5 2.238337849382537e+39
1532.9 2.0402765409916696e+39
1533.29 1.9660618283716183e+39
1533.69 2.4741534046564612e+39
1534.09 2.2211305780491157e+39
1534.48 2.3083755662437074e+39
1534.88 2.0338084187636737e+39
1535.28 2.3552209339174232e+39
1535.68 1.9684813898770657e+39
1536.08 2.427438889899645e+39
1536.47 2.22650981769373e+39
1536.87 2.354775278609251e+39
1537.27 2.0759482228581537e+39
1537.67 2.481908858042204e+39
1538.07 2.0785834628614123e+39
1538.47 2.217846564874985e+39
1538.86 1.6892071497821584e+39
1539.26 1.912855210638931e+39
1539.66 2.0184772679199026e+39
1540.06 1.7037201713158596e+39
1540.46 1.816207087768573e+39
1540.86 2.109284809187289e+39
1541.26 2.2454903123513196e+39
1541.66 2.2707077129608114e+39
1542.06 1.8854227879009388e+39
1542.46 1.95940290668552e+39
1542.86 2.0440251526962633e+39
1543.26 2.1252803508965318e+39
1543.66 1.735496466714293e+39
1544.06 1.8431843234129928e+39
1544.46 1.550569872193336e+39
1544.86 1.6077609102835433e+39
1545.26 2.062097291701779e+39
1545.66 2.0323776587402156e+39
1546.06 2.3719594370744503e+39
1546.46 2.136653608125399e+39
1546.86 2.4487977844832584e+39
1547.26 2.4678852237937296e+39
1547.66 2.489374112178059e+39
1548.06 2.732992895654351e+39
1548.47 3.3195281055182004e+39
1548.87 3.366902872167408e+39
1549.27 3.5097629109437655e+39
1549.67 3.603942634331211e+39
1550.07 3.576356451141363e+39
1550.47 3.768135461842887e+39
1550.88 3.98070784354374e+39
1551.28 4.797789750958232e+39
1551.68 4.893733040625437e+39
1552.08 4.399106124603242e+39
1552.48 4.746962837200093e+39
1552.89 4.6061371763017333e+39
1553.29 3.8126997302256016e+39
1553.69 4.4207456150005826e+39
1554.09 3.9768170914141325e+39
1554.5 4.2002487308445446e+39
1554.9 3.4412745858390065e+39
1555.3 3.615520027663119e+39
1555.71 3.83143316689984e+39
1556.11 3.320525611637669e+39
1556.51 3.308182771274861e+39
1556.92 3.4426815321017616e+39
1557.32 2.922784607924352e+39
1557.72 3.5487608591166726e+39
1558.13 3.224926827568245e+39
1558.53 3.42949133042654e+39
1558.93 3.0992707299989733e+39
1559.34 2.9025019824371676e+39
1559.74 3.272142825795822e+39
1560.15 2.6317533341107203e+39
1560.55 2.655980182789335e+39
1560.96 3.226024637481174e+39
1561.36 2.4518124723544383e+39
1561.77 3.209481255754918e+39
1562.17 3.1151634761702447e+39
1562.57 2.979935331557464e+39
1562.98 3.184736349921847e+39
1563.39 3.123777760541136e+39
1563.79 2.813300484739915e+39
1564.19 2.494664298617429e+39
1564.6 2.3394768434803167e+39
1565.01 2.9413410776370137e+39
1565.41 2.9248350214655845e+39
1565.82 2.619437305555954e+39
1566.22 2.376916860493453e+39
1566.63 2.4479391731833094e+39
1567.04 2.582933749844837e+39
1567.44 3.1270821850045755e+39
1567.85 3.1096511758920836e+39
1568.25 2.4157256273993785e+39
1568.66 2.570631866468362e+39
1569.07 3.197585140003808e+39
1569.47 3.130818581631862e+39
1569.88 3.300122289365174e+39
1570.29 2.9727070541835756e+39
1570.69 3.126135175953938e+39
1571.1 3.106559913952325e+39
1571.51 3.064232145066831e+39
1571.92 2.722096667893023e+39
1572.32 2.728824786064107e+39
1572.73 2.8079886502372695e+39
1573.14 2.9903702371148957e+39
1573.55 3.0172722014381745e+39
1573.95 3.0443079838236017e+39
1574.36 3.074241291439892e+39
1574.77 2.403627878674868e+39
1575.18 2.440711401378927e+39
1575.59 2.4390210209638054e+39
1575.99 2.894071334873484e+39
1576.4 2.6175089735201964e+39
1576.81 2.9620817658965613e+39
1577.22 2.6184592649003838e+39
1577.63 3.1691685365485145e+39
1578.04 2.6028702834107582e+39
1578.45 3.2549894841644756e+39
1578.86 3.1551973573640137e+39
1579.27 2.90698870313586e+39
1579.68 2.75010979779437e+39
1580.08 3.201859657908499e+39
1580.49 3.165619654150987e+39
1580.9 2.5547890692875393e+39
1581.31 2.805570841603647e+39
1581.72 2.897192172821347e+39
1582.13 2.952726631549542e+39
1582.54 2.749407118536481e+39
1582.95 2.872561742066551e+39
1583.36 2.921680940986163e+39
1583.77 2.6426271900124525e+39
1584.18 2.8815005539135847e+39
1584.59 3.032293345398382e+39
1585.01 2.5818573675892604e+39
1585.42 3.218875210756504e+39
1585.83 2.597560867043793e+39
1586.24 3.0120142672970426e+39
1586.65 3.297372534688295e+39
1587.06 3.241445379517063e+39
1587.47 2.669863758871255e+39
1587.88 3.039829279233973e+39
1588.3 2.932860000820872e+39
1588.71 2.815337798194995e+39
1589.12 2.9184218707545915e+39
1589.53 2.919537240156558e+39
1589.94 2.822528665357434e+39
1590.35 3.077238118209369e+39
1590.77 3.087397186283154e+39
1591.18 3.1157458574178293e+39
1591.59 2.905828420757036e+39
1592.0 2.6638289385080657e+39
1592.42 3.346040752268325e+39
1592.83 3.4253457926721806e+39
1593.24 3.2925020779471065e+39
1593.66 3.1896505464445913e+39
1594.07 3.143238487141782e+39
1594.48 3.284284344429496e+39
1594.89 2.6493135272285048e+39
1595.31 3.0252382328976946e+39
1595.72 2.8806503992990676e+39
1596.14 3.016929144437691e+39
1596.55 3.012273917336055e+39
1596.96 3.0626192895663605e+39
1597.38 2.8706820571343364e+39
1597.79 3.1095821652305924e+39
1598.2 3.077288306584777e+39
1598.62 2.749509451714295e+39
1599.03 3.049955080528056e+39
1599.45 3.0321647036709445e+39
1599.86 2.855419693608671e+39
1600.28 2.813573132350443e+39
1600.69 2.9349743605821167e+39
1601.11 2.9222777200079244e+39
1601.52 2.7421205042864725e+39
1601.94 2.546904342529613e+39
1602.35 3.143161046486868e+39
1602.77 3.133081256170743e+39
1603.18 2.355887853947434e+39
1603.6 3.1611024389266323e+39
1604.01 3.3194707503396457e+39
1604.43 3.1687077397138195e+39
1604.84 2.4045916200322624e+39
1605.26 3.01838428511332e+39
1605.68 2.945897717133439e+39
1606.09 2.810390106297845e+39
1606.51 2.8680690594981105e+39
1606.93 2.677765439147735e+39
1607.34 3.0733447235368656e+39
1607.76 2.685184103902059e+39
1608.18 2.9480632057144347e+39
1608.59 3.1978297217510015e+39
1609.01 2.4507438527396134e+39
1609.43 3.062078063216217e+39
1609.84 2.499184769821322e+39
1610.26 2.5544223136485947e+39
1610.68 3.2146745529718805e+39
1611.09 2.758030472741973e+39
1611.51 3.192517841248446e+39
1611.93 2.682610284430349e+39
1612.35 3.0967191303679856e+39
1612.77 2.3413483217891277e+39
1613.18 2.953370801425268e+39
1613.6 2.6390775233881374e+39
1614.02 2.1564842890201832e+39
1614.44 2.9844920654896204e+39
1614.86 2.8747982382484226e+39
1615.28 2.4330058006898803e+39
1615.69 2.764248537688677e+39
1616.11 2.7417751446414885e+39
1616.53 3.194155560638229e+39
1616.95 3.067395485324396e+39
1617.37 3.142266162572895e+39
1617.79 2.7432516459536124e+39
1618.21 3.052796212777314e+39
1618.63 2.642648901734091e+39
1619.05 3.0014465141092064e+39
1619.47 2.9941340446147165e+39
1619.89 3.167242823257892e+39
1620.31 2.859411661608463e+39
1620.73 2.9345520933174217e+39
1621.15 2.617257825183732e+39
1621.57 2.5087693526496812e+39
1621.99 3.0943149132409546e+39
1622.41 2.6966080845424595e+39
1622.83 2.846300190909237e+39
1623.25 2.5928841950252746e+39
1623.67 2.3661653418755795e+39
1624.09 2.3242166487726557e+39
1624.51 2.927235600884112e+39
1624.93 2.330871337727622e+39
1625.35 2.8740113437488573e+39
1625.78 2.9907328565018524e+39
1626.2 2.5988753327803206e+39
1626.62 2.940987430709337e+39
1627.04 2.8031787094711404e+39
1627.46 2.310405978172675e+39
1627.88 2.800500852879942e+39
1628.31 2.657589806774041e+39
1628.73 2.9719749749246475e+39
1629.15 2.3275136824630852e+39
1629.57 3.086023527630043e+39
1629.99 3.1278514445688006e+39
1630.42 2.860143487415767e+39
1630.84 3.350691894013812e+39
1631.26 3.44715956965839e+39
1631.68 2.7545426248082573e+39
1632.11 2.8289570896128395e+39
1632.53 3.219092944179502e+39
1632.95 3.572976827723716e+39
1633.38 3.5922421062831465e+39
1633.8 3.424532742720156e+39
1634.22 3.4395099576935403e+39
1634.65 3.005318453107973e+39
1635.07 3.085068279790385e+39
1635.49 2.7397351659281004e+39
1635.92 2.5699284315663608e+39
1636.34 2.6124471767507072e+39
1636.77 2.76111727337657e+39
1637.19 2.6603966621565557e+39
1637.61 2.7335365840046226e+39
1638.04 2.637502005795029e+39
1638.46 2.661736638155304e+39
1638.89 3.1300883490383235e+39
1639.31 2.6206112454506404e+39
1639.74 3.1956385354724356e+39
1640.16 2.6812499763153752e+39
1640.59 3.1909927694323126e+39
1641.01 3.572144827397284e+39
1641.44 3.595265490254307e+39
1641.86 2.8833741117504454e+39
1642.29 3.3311687904779403e+39
1642.71 2.7661448189861737e+39
1643.14 2.993301739304135e+39
1643.57 2.8185520054775326e+39
1643.99 2.538541334280452e+39
1644.42 2.742140695328164e+39
1644.84 2.6429433999995438e+39
1645.27 2.588828599064813e+39
1645.7 2.89786868952279e+39
1646.12 3.0679391615694466e+39
1646.55 3.152332998348677e+39
1646.98 2.76896459620826e+39
1647.41 3.0378363226382123e+39
1647.83 2.9367774855221604e+39
1648.26 2.79187509709921e+39
1648.69 2.6177393263598488e+39
1649.11 2.5088222730558107e+39
1649.54 2.657733553095253e+39
1649.97 2.4316918400800143e+39
1650.4 2.766312374357356e+39
1650.82 2.8424806019291063e+39
1651.25 2.983194324932819e+39
1651.68 2.6529022327627828e+39
1652.11 2.941552744567704e+39
1652.54 2.771709788764625e+39
1652.96 2.301492024763105e+39
1653.39 2.2423429297148143e+39
1653.82 2.828684660152106e+39
1654.25 2.6318854641497832e+39
1654.68 2.6463018607583474e+39
1655.11 2.87456229943244e+39
1655.54 2.819382600484377e+39
1655.96 2.8179462942531234e+39
1656.39 2.875179055929246e+39
1656.82 2.729650392851833e+39
1657.25 2.82630550833895e+39
1657.68 2.5333262861062953e+39
1658.11 2.6252042625236838e+39
1658.54 2.7417618454877546e+39
1658.97 2.4184999682131508e+39
1659.4 2.741582793301335e+39
1659.83 2.760358974673871e+39
1660.26 2.809044879799939e+39
1660.69 2.716881543979659e+39
1661.12 2.807576752589649e+39
1661.55 2.385840885841722e+39
1661.98 2.870253249584752e+39
1662.42 2.532571651512133e+39
1662.85 3.032482117372396e+39
1663.28 3.040210443810534e+39
1663.71 3.049003563477708e+39
1664.14 3.030185968998632e+39
1664.57 2.8632405177816985e+39
1665.0 2.6866207870734156e+39
1665.43 2.777057688267189e+39
1665.86 2.8210671489567714e+39
1666.3 2.798082446976099e+39
1666.73 2.765088344661789e+39
1667.16 2.7299048330145347e+39
1667.59 2.778024007136122e+39
1668.03 2.2703511935891375e+39
1668.46 2.3807923124060616e+39
1668.89 2.739491594758235e+39
1669.32 2.7267694793746526e+39
1669.76 2.351412741243711e+39
1670.19 2.680809197688963e+39
1670.62 2.599752929534971e+39
1671.05 2.2231428975144838e+39
1671.49 2.880298407085765e+39
1671.92 2.603400724976905e+39
1672.35 2.6565236241165305e+39
1672.79 2.5185528979078674e+39
1673.22 2.9357695203225825e+39
1673.65 2.3421351599253894e+39
1674.09 2.964740007330298e+39
1674.52 2.9532132916656215e+39
1674.96 2.993458527006323e+39
1675.39 2.8115220854093634e+39
1675.82 2.808857764252898e+39
1676.26 3.02997547153738e+39
1676.69 2.9406094624318015e+39
1677.13 2.655685878588234e+39
1677.56 3.082442124015691e+39
1678.0 3.0281980384710536e+39
1678.43 2.889032914395782e+39
1678.87 2.748538479309098e+39
1679.3 2.731681280336534e+39
1679.74 2.753780670323366e+39
1680.17 2.8037387335386874e+39
1680.61 2.844001193652842e+39
1681.04 2.9296227798378234e+39
1681.48 2.9009990151224836e+39
1681.92 2.2544596656794274e+39
1682.35 2.502888608517895e+39
1682.79 2.476591986280687e+39
1683.22 2.545432695889527e+39
1683.66 2.5260539669077782e+39
1684.1 2.626047979102811e+39
1684.53 2.6503728645977324e+39
1684.97 2.725179355563256e+39
1685.41 2.756971257287059e+39
1685.84 2.5198445408082896e+39
1686.28 2.651495328231574e+39
1686.72 1.9436107417344242e+39
1687.15 2.3067847260970905e+39
1687.59 2.0262614773232836e+39
1688.03 2.6547516943045827e+39
1688.47 2.8607659210529197e+39
1688.9 2.799046368189518e+39
1689.34 2.5954848977051342e+39
1689.78 2.5474573260772825e+39
1690.22 2.468626161657902e+39
1690.66 2.659094274354137e+39
1691.09 3.2884519100530176e+39
1691.53 3.3364905505399526e+39
1691.97 3.2680186059769596e+39
1692.41 3.138547780890405e+39
1692.85 3.218933574252376e+39
1693.29 3.2008427097259485e+39
1693.72 3.1724963951158023e+39
1694.16 3.156251362932781e+39
1694.6 2.6952626041536034e+39
1695.04 2.7709561170552406e+39
1695.48 3.0398158340652026e+39
1695.92 2.929840397715055e+39
1696.36 2.9951578881993777e+39
1696.8 2.8727944271074884e+39
1697.24 2.9524221285901275e+39
1697.68 2.9887446693969255e+39
1698.12 2.878395055675158e+39
1698.56 3.028075316648216e+39
1699.0 2.8100087401683024e+39
1699.44 3.138943000760477e+39
1699.88 3.1321603368121346e+39
1700.32 2.868463810558197e+39
1700.76 2.746247237479914e+39
1701.2 3.0678547574748396e+39
1701.64 2.98479765639719e+39
1702.08 3.0019259018965255e+39
1702.53 2.913891665436974e+39
1702.97 2.9209115733600754e+39
1703.41 2.811852188081611e+39
1703.85 2.6359784989214746e+39
1704.29 2.422761514257682e+39
1704.73 2.3975015508060047e+39
1705.18 2.570146387997595e+39
1705.62 2.5161987207623886e+39
1706.06 2.640349671729121e+39
1706.5 2.3268982219449842e+39
1706.94 2.5553639510054378e+39
1707.39 2.0794994731515887e+39
1707.83 2.6726559170875236e+39
1708.27 2.5630479103001852e+39
1708.71 2.536003437122516e+39
1709.16 2.5186797542216127e+39
1709.6 2.299660216768061e+39
1710.04 2.1641352107786245e+39
1710.49 2.3158714167973412e+39
1710.93 2.2215452185638123e+39
1711.37 2.1043398064520888e+39
1711.82 2.732473230055518e+39
1712.26 2.6858182770044315e+39
1712.7 2.116397948592283e+39
1713.15 2.423635868160285e+39
1713.59 2.2681829116141598e+39
1714.04 2.210182364723337e+39
1714.48 2.274462644048291e+39
1714.93 2.380490396586709e+39
1715.37 2.2989726827109316e+39
1715.81 2.5436664587054378e+39
1716.26 2.4807622252752647e+39
1716.7 2.5504032258112418e+39
1717.15 2.2820251578362495e+39
1717.59 2.8392329118639336e+39
1718.04 2.755045088760624e+39
1718.48 2.7208568937498774e+39
1718.93 3.1883720660692136e+39
1719.38 2.789007990479817e+39
1719.82 3.0287976285890663e+39
1720.27 3.0333656313561044e+39
1720.71 2.8232040900653206e+39
1721.16 2.9286867628510697e+39
1721.6 2.5858074351334796e+39
1722.05 2.866633216955354e+39
1722.5 2.6069371002986143e+39
1722.94 2.8083542985378366e+39
1723.39 3.0129730776104615e+39
1723.84 2.905700778775434e+39
1724.28 2.5305199714976034e+39
1724.73 2.842496608383213e+39
1725.18 2.8522804708561224e+39
1725.62 2.425928899988098e+39
1726.07 2.953916768587865e+39
1726.52 2.714547163130572e+39
1726.97 2.788078909446378e+39
1727.41 2.2866705091352986e+39
1727.86 2.5664237950402897e+39
1728.31 2.2957875897870197e+39
1728.76 2.5360253360003562e+39
1729.2 2.598043875254751e+39
1729.65 2.618638325196145e+39
1730.1 2.5928842364785782e+39
1730.55 2.4760494242106758e+39
1731.0 2.67506334605982e+39
1731.45 2.4003104533558542e+39
1731.9 2.738963838593996e+39
1732.34 2.5521867898965327e+39
1732.79 2.2387472722397516e+39
1733.24 2.590677153895022e+39
1733.69 2.714670733496817e+39
1734.14 2.7864207403015984e+39
1734.59 2.7882513557562696e+39
1735.04 2.8202192445745455e+39
1735.49 2.805753866397817e+39
1735.94 2.7687391603879693e+39
1736.39 2.422871145054897e+39
1736.84 2.745013087913113e+39
1737.29 2.4041655742005827e+39
1737.74 2.7100328552274468e+39
1738.19 2.5147455354695135e+39
1738.64 2.409193803426833e+39
1739.09 2.3970536432478585e+39
1739.54 2.6407191383448836e+39
1739.99 2.6918771453785062e+39
1740.44 2.767495583260342e+39
1740.9 2.541184541648396e+39
1741.35 2.5262443842021003e+39
1741.8 2.639815276571286e+39
1742.25 2.559356855141716e+39
1742.7 2.8740041379599395e+39
1743.15 2.713584050828669e+39
1743.6 2.575581170555435e+39
1744.06 2.5539671828331845e+39
1744.51 2.5811807390802444e+39
1744.96 2.607223526294396e+39
1745.41 2.4602817578120972e+39
1745.86 2.8161652688043886e+39
1746.32 2.8693360738302456e+39
1746.77 2.7682671827349474e+39
1747.22 2.5542373210780674e+39
1747.68 2.544451609460991e+39
1748.13 2.5267985480050296e+39
1748.58 2.767729487686558e+39
1749.04 2.6894661600725354e+39
1749.49 2.7425627899774546e+39
1749.94 2.945337089253716e+39
1750.4 2.909220227078942e+39
1750.85 3.016116363750174e+39
1751.3 2.6843926662614927e+39
1751.76 2.767169687157623e+39
1752.21 3.095322361513758e+39
1752.67 3.0803270510263077e+39
1753.12 2.6997181153474916e+39
1753.57 2.807214971408739e+39
1754.03 2.918719169961496e+39
1754.48 2.797950655846712e+39
1754.94 2.673475247681335e+39
1755.39 2.7014300458587688e+39
1755.85 2.6973542092495326e+39
1756.3 2.6734939529953406e+39
1756.76 2.6509360069097803e+39
1757.21 2.6391031347965288e+39
1757.67 2.6311900638240217e+39
1758.12 2.4966362245062077e+39
1758.58 2.071032821645916e+39
1759.04 2.200779919026026e+39
1759.49 2.345922164917936e+39
1759.95 2.5738850155405013e+39
1760.4 2.5534193282570922e+39
1760.86 2.580252788209209e+39
1761.32 2.5330228212448366e+39
1761.77 2.5431026494245453e+39
1762.23 2.29085098563159e+39
1762.69 2.387359560025978e+39
1763.14 2.3561716066107318e+39
1763.6 2.1413322765533678e+39
1764.06 2.137269437745746e+39
1764.51 2.233174857037979e+39
1764.97 2.0617886392942272e+39
1765.43 2.6262958433553735e+39
1765.89 2.7155715471770143e+39
1766.34 2.835941649804695e+39
1766.8 2.948792093977333e+39
1767.26 2.9415079829655765e+39
1767.72 2.854793924265956e+39
1768.18 2.826235547510719e+39
1768.64 2.9097173737192444e+39
1769.09 2.984261605857354e+39
1769.55 2.7375187578587255e+39
1770.01 2.8739961945681e+39
1770.47 2.611043758879176e+39
1770.93 2.8168971598840416e+39
1771.39 2.918547172706798e+39
1771.85 2.9599974015225934e+39
1772.31 3.026250214156519e+39
1772.77 3.0327621385689056e+39
1773.22 2.938576046860791e+39
1773.68 2.906357157984895e+39
1774.14 2.8360309852258395e+39
1774.6 2.7249773667335376e+39
1775.06 2.8370354797355e+39
1775.52 2.8192693793857465e+39
1775.98 2.5198710755032358e+39
1776.44 2.750932969731609e+39
1776.9 2.6104274943501503e+39
1777.36 2.6806073346272944e+39
1777.82 2.3981961863962983e+39
1778.29 2.8182509592610153e+39
1778.75 2.6482979276925714e+39
1779.21 2.7213373844255786e+39
1779.67 2.7516793775465994e+39
1780.13 2.7165841607045397e+39
1780.59 2.5918412239244835e+39
1781.05 2.420268318403812e+39
1781.52 2.5686436444681352e+39
1781.98 2.403525671291805e+39
1782.44 2.630774151235778e+39
1782.9 2.567605281389879e+39
1783.36 2.651690592320718e+39
1783.82 2.672805328458863e+39
1784.29 2.6924460713778505e+39
1784.75 2.6169157134876354e+39
1785.21 2.583839532442538e+39
1785.68 2.4839270026359456e+39
1786.14 2.2955913076178337e+39
1786.6 2.531688590787121e+39
1787.06 2.5625713549405503e+39
1787.53 2.6158276958872682e+39
1787.99 2.566757002852278e+39
1788.45 2.399276759902353e+39
1788.92 2.3700822665056325e+39
1789.38 2.4525561075388504e+39
1789.84 2.5404137354148034e+39
1790.31 2.5324298998686948e+39
1790.77 2.6088996971175526e+39
1791.24 2.6624608919238568e+39
1791.7 2.4942854913105257e+39
1792.17 2.279827203231906e+39
1792.63 2.6771627430249256e+39
1793.09 2.3791814928809424e+39
1793.56 2.650655080728233e+39
1794.02 2.663458515011091e+39
1794.49 2.6314886335436552e+39
1794.95 2.516599667603739e+39
1795.42 2.6682690142632367e+39
1795.89 2.594627690583544e+39
1796.35 2.6889180221347798e+39
1796.81 2.571482398154699e+39
1797.28 2.7000038500486674e+39
1797.75 2.6947159987641378e+39
1798.21 2.6529475629701054e+39
1798.68 2.5990997012149348e+39
1799.15 2.6465190954106858e+39
1799.61 2.618028315530128e+39
1800.08 2.544908343352121e+39
1800.55 2.5342986938948987e+39
1801.01 2.4897218664867443e+39
1801.48 2.2251139570350984e+39
1801.94 2.5153659046695213e+39
1802.41 2.5807463350794577e+39
1802.88 2.5538201994256694e+39
1803.35 2.443459863911872e+39
1803.81 2.5422919757316567e+39
1804.28 2.5003459865952364e+39
1804.75 2.57196280894381e+39
1805.22 2.4899415599751674e+39
1805.68 2.40291804188831e+39
1806.15 2.511095435970817e+39
1806.62 2.4430782284020607e+39
1807.09 2.5046752409301595e+39
1807.56 2.3571942147009402e+39
1808.03 2.5084716953915483e+39
1808.49 2.5409029154786656e+39
1808.96 2.6083268079304842e+39
1809.43 2.229028364569291e+39
1809.9 2.6335334611346332e+39
1810.37 2.6159036382921586e+39
1810.84 2.7322113911623825e+39
1811.31 2.4246915975991845e+39
1811.78 2.754979494542919e+39
1812.25 2.5891063315716702e+39
1812.72 2.6704906085112918e+39
1813.19 2.6860981317248253e+39
1813.66 2.723092195791813e+39
1814.13 2.6598213427828612e+39
1814.6 2.6083053282607547e+39
1815.07 2.3845165701166012e+39
1815.54 2.446821154677999e+39
1816.01 2.3450606235753007e+39
1816.48 2.4187773213654843e+39
1816.95 2.3957288753529726e+39
1817.42 2.185895583812935e+39
1817.89 2.508887130809332e+39
1818.36 2.5750330107974795e+39
1818.83 2.643652962411402e+39
1819.31 2.479411663305777e+39
1819.78 2.721511751658688e+39
1820.25 2.7808128017511743e+39
1820.72 2.7285177352745644e+39
1821.19 2.3299981158972272e+39
1821.67 2.153211274605036e+39
1822.14 2.4046694112940277e+39
1822.61 2.395157547499743e+39
1823.08 2.1567646904264186e+39
1823.55 2.3426716233347192e+39
1824.03 2.3507278512587082e+39
1824.5 2.3873217242928716e+39
1824.97 2.1678514545185924e+39
1825.44 2.1076479145660025e+39
1825.92 2.582253575878154e+39
1826.39 2.659177795191773e+39
1826.86 2.386826796011067e+39
1827.34 2.6701319528396764e+39
1827.81 2.808578499476101e+39
1828.29 2.781751570808166e+39
1828.76 2.7852369103449736e+39
1829.23 2.7210462303610126e+39
1829.71 2.7996750680912396e+39
1830.18 2.567091598037404e+39
1830.66 2.6121194355188225e+39
1831.13 2.7025685771754132e+39
1831.61 2.6130537555886812e+39
1832.08 2.6698815441602518e+39
1832.56 2.6210395262578496e+39
1833.03 2.6026910074000956e+39
1833.51 2.7008600594066065e+39
1833.98 2.70178854470307e+39
1834.46 2.636579230091389e+39
1834.93 2.4628621228033795e+39
1835.41 2.4408414498172977e+39
1835.88 2.3772718208509303e+39
1836.36 2.3901123294419753e+39
1836.83 2.308647274236613e+39
1837.31 2.0071833872503246e+39
1837.79 2.4213441615540355e+39
1838.26 2.3453939180145732e+39
1838.74 2.5242668465404053e+39
1839.22 2.6388410418178402e+39
1839.69 2.6830152849514705e+39
1840.17 2.3533923094794035e+39
1840.65 2.858087393733515e+39
1841.12 2.933292663623466e+39
1841.6 2.856975745722557e+39
1842.08 2.9990085386621214e+39
1842.56 2.941974082529805e+39
1843.03 3.084598908524271e+39
1843.51 2.858181630869803e+39
1843.99 2.774028625658363e+39
1844.47 2.7202075663647862e+39
1844.94 2.7849562587983966e+39
1845.42 2.8446357717002634e+39
1845.9 2.847693623625595e+39
1846.38 2.7163652897918983e+39
1846.86 2.755569710438907e+39
1847.34 2.685919295924737e+39
1847.82 2.798613016593249e+39
1848.29 2.743806153298585e+39
1848.77 2.671406861935054e+39
1849.25 2.5872893539100317e+39
1849.73 2.731796378945602e+39
1850.21 2.762103919472816e+39
1850.69 2.884895426315381e+39
1851.17 2.9468919640178676e+39
1851.65 3.164563856530966e+39
1852.13 3.0331438335842935e+39
1852.61 3.058029290244466e+39
1853.09 3.162275994178771e+39
1853.57 3.117937443520591e+39
1854.05 2.8238688376244696e+39
1854.53 2.9959264158936704e+39
1855.01 2.7122346683416495e+39
1855.49 2.806356783309967e+39
1855.97 2.772285835361176e+39
1856.45 2.7082741881033307e+39
1856.94 2.6630322306063083e+39
1857.42 2.6483673738396407e+39
1857.9 2.5837080209662596e+39
1858.38 2.6074651397587023e+39
1858.86 2.7021749347189217e+39
1859.34 2.768970214819129e+39
1859.83 2.5910039568071388e+39
1860.31 2.7295599770816755e+39
1860.79 2.666103955589845e+39
1861.27 2.788055335183771e+39
1861.76 2.9379923231275444e+39
1862.24 3.0434397439053747e+39
1862.72 3.0328339326132506e+39
1863.2 2.87549372970297e+39
1863.69 2.7025892960786493e+39
1864.17 2.5661650606982148e+39
1864.65 2.4649515399478628e+39
1865.14 2.401373011406819e+39
1865.62 2.4520082537171287e+39
1866.1 2.6669414852600163e+39
1866.58 2.603060735618595e+39
1867.07 2.816582568508625e+39
1867.55 2.8805259363509e+39
1868.04 2.894932412002607e+39
1868.52 2.878234748055115e+39
1869.01 2.846238542505773e+39
1869.49 2.7720276060173785e+39
1869.97 2.6024574790314425e+39
1870.46 2.6907696607516804e+39
1870.94 2.384949440254256e+39
1871.43 2.532450011714075e+39
1871.91 2.5423912331893606e+39
1872.4 2.5176937789730342e+39
1872.88 2.57000074109223e+39
1873.37 2.758688008904849e+39
1873.85 2.592219447721099e+39
1874.34 2.7510590454827225e+39
1874.83 2.935806683608407e+39
1875.31 2.83697082337808e+39
1875.8 2.795124858882117e+39
1876.29 2.44226503431826e+39
1876.77 2.7068627521560065e+39
1877.26 2.730554486687079e+39
1877.74 2.7213397494186875e+39
1878.23 2.653235641270175e+39
1878.72 2.5713908738770097e+39
1879.2 2.5485181724333856e+39
1879.69 2.5876079036460404e+39
1880.18 2.565419713971448e+39
1880.67 2.310615131462638e+39
1881.15 2.2359610313260472e+39
1881.64 2.2129514732905594e+39
1882.13 2.4821543467265302e+39
1882.62 2.795879830011315e+39
1883.1 2.840540166499673e+39
1883.59 3.0352336018284696e+39
1884.08 2.931857377666121e+39
1884.57 2.575864958391148e+39
1885.06 2.3377758931641603e+39
1885.55 2.8522802544858475e+39
1886.04 2.887759694956893e+39
1886.52 3.0611195854595455e+39
1887.01 3.210393258135299e+39
1887.5 3.132677673068946e+39
1887.99 2.474416074862166e+39
1888.48 1.9921067127260353e+39
1888.97 1.8975341073363938e+39
1889.46 1.693270419628621e+39
1889.95 1.865274664673377e+39
1890.44 1.866676244983557e+39
1890.93 1.947174843301737e+39
1891.42 2.4655887490373414e+39
1891.91 3.1161336053250845e+39
1892.4 3.7193859087889214e+39
1892.89 4.033723770067939e+39
1893.38 4.511498416326061e+39
1893.87 4.717535820571749e+39
1894.36 4.9882630387188826e+39
1894.85 5.388264850026252e+39
1895.34 5.289950722574674e+39
1895.84 5.502633974425161e+39
1896.33 5.47624879796009e+39
1896.82 5.3814045787275547e+39
1897.31 5.463840895112274e+39
1897.8 5.462360666605786e+39
1898.29 5.325527446311541e+39
1898.79 4.830712374023567e+39
1899.28 4.5715480396547053e+39
1899.77 4.665791450192211e+39
1900.26 4.1425454796368435e+39
1900.76 3.45116353109252e+39
1901.25 3.2182011345723287e+39
1901.74 3.1248059309298624e+39
1902.23 3.137493892508528e+39
1902.73 3.221624659859026e+39
1903.22 3.051509481100333e+39
1903.71 3.1708410988002396e+39
1904.21 3.096894743926038e+39
1904.7 3.1634876544770125e+39
1905.19 3.0525712897605923e+39
1905.69 3.0186843011657345e+39
1906.18 2.993348700674481e+39
1906.68 2.1129009357210228e+39
1907.17 1.8895078256053306e+39
1907.66 1.68939351781399e+39
1908.16 1.7943192115932785e+39
1908.65 1.8288748388657837e+39
1909.15 1.913774545863146e+39
1909.64 2.1621857729715762e+39
1910.14 2.4834059221603783e+39
1910.63 3.186822758129019e+39
1911.13 3.675450243983988e+39
1911.62 3.763732280812681e+39
1912.12 4.110165461401636e+39
1912.61 4.275682736893019e+39
1913.11 4.557786838639126e+39
1913.61 4.7533688966428144e+39
1914.1 4.9262966865579166e+39
1914.6 5.3657468460730496e+39
1915.09 5.237047886633879e+39
1915.59 5.3211566485129563e+39
1916.09 4.85943172717732e+39
1916.58 4.13582048447448e+39
1917.08 3.741459123038244e+39
1917.58 3.739041376684194e+39
1918.07 3.756784605222867e+39
1918.57 3.29720117843332e+39
1919.07 2.318005910075961e+39
1919.56 1.8240653480282742e+39
1920.06 1.837762436149159e+39
1920.56 1.786206087070971e+39
1921.06 1.7686381087386157e+39
1921.56 1.8120758402664416e+39
1922.05 2.414136335496359e+39
1922.55 3.0356321316903024e+39
1923.05 3.238295435564851e+39
1923.55 3.7476046786866674e+39
1924.05 3.585676091610733e+39
1924.55 3.4510266783375065e+39
1925.05 3.7282545457537097e+39
1925.54 3.87374322387486e+39
1926.04 3.926431506092496e+39
1926.54 4.5126868811727254e+39
1927.04 4.8231043288296817e+39
1927.54 5.0372429862562026e+39
1928.04 5.1535798076620306e+39
1928.54 5.185909952977286e+39
1929.04 5.1335854800797436e+39
1929.54 5.0952615868995196e+39
1930.04 4.8606240755984195e+39
1930.54 4.345977198065308e+39
1931.04 3.7008604943721725e+39
1931.54 3.006476732400883e+39
1932.04 3.195823908685305e+39
1932.54 3.221645110089007e+39
1933.04 3.2247100436135514e+39
1933.55 3.192093832780512e+39
1934.05 3.187766592169633e+39
1934.55 3.208834274603437e+39
1935.05 3.2534037880580054e+39
1935.55 3.2776196562815203e+39
1936.05 3.30977941330043e+39
1936.55 3.1840468747576774e+39
1937.06 2.8064917368549003e+39
1937.56 2.716339090742003e+39
1938.06 2.790706134616804e+39
1938.56 3.0242949087771816e+39
1939.06 2.910677425092759e+39
1939.57 2.908676929067202e+39
1940.07 2.9015033306117653e+39
1940.57 3.079502632239832e+39
1941.08 3.2637865819840464e+39
1941.58 3.110492048400847e+39
1942.08 3.2214868099504466e+39
1942.58 3.2034174637993377e+39
1943.09 3.1620183123103717e+39
1943.59 2.9499278855479415e+39
1944.1 2.937798976762801e+39
1944.6 2.757648643576132e+39
1945.1 2.6686751206248307e+39
1945.61 2.726880681854186e+39
1946.11 2.765981020143305e+39
1946.62 2.6336544218624296e+39
1947.12 2.6086401379227096e+39
1947.63 2.642795534669711e+39
1948.13 2.6539867646338e+39
1948.64 2.856327130787762e+39
1949.14 3.087613547209224e+39
1949.65 3.1497923996820094e+39
1950.15 3.4353162853492564e+39
1950.66 3.5439331587291264e+39
1951.16 3.515200689319046e+39
1951.67 3.4860107345469233e+39
1952.17 3.32225625797042e+39
1952.68 2.9947422869624544e+39
1953.19 3.110988476950467e+39
1953.69 3.25278220955543e+39
1954.2 3.126467143470092e+39
1954.7 3.2670846660993793e+39
1955.21 3.4831261826243914e+39
1955.72 3.619161754852282e+39
1956.22 3.7446774831659923e+39
1956.73 3.7170049634225504e+39
1957.24 3.5974256783372644e+39
1957.75 3.515527400078009e+39
1958.25 3.43555405390528e+39
1958.76 3.357495031633496e+39
1959.27 3.453870514241786e+39
1959.78 3.7314039712955136e+39
1960.29 3.568851519758283e+39
1960.79 3.667613653572292e+39
1961.3 3.6358819722483e+39
1961.81 3.7060046967971335e+39
1962.32 3.7013669840025006e+39
1962.83 3.600379836904662e+39
1963.33 3.595368312415464e+39
1963.84 3.5267895573402974e+39
1964.35 3.3395326870577456e+39
1964.86 3.305687867626203e+39
1965.37 3.224021889652566e+39
1965.88 3.308773652916622e+39
1966.39 3.244029044577135e+39
1966.9 3.1615671379171087e+39
1967.41 3.0930723842494943e+39
1967.92 2.972403459549295e+39
1968.43 2.83227508895858e+39
1968.94 2.7803092647840736e+39
1969.45 2.6118051932856708e+39
1969.96 2.4749615434253472e+39
1970.47 2.4341992768398372e+39
1970.98 2.4582938963497496e+39
1971.49 2.4164147414651128e+39
1972.0 2.3193652712499777e+39
1972.52 2.3907327220282795e+39
1973.03 2.4088421816874594e+39
1973.54 2.3894921325742944e+39
1974.05 2.4313797645434918e+39
1974.56 2.4420802229919583e+39
1975.07 2.46120047860599e+39
1975.58 2.3800933502355496e+39
1976.1 2.2109768711145703e+39
1976.61 2.3307788576494432e+39
1977.12 2.338825802239593e+39
1977.63 2.2815217786111337e+39
1978.15 2.409653320765182e+39
1978.66 2.377493681505719e+39
1979.17 2.3772492605865098e+39
1979.69 2.639593781997239e+39
1980.2 2.6597559688573393e+39
1980.71 2.459949347674049e+39
1981.22 2.3374924394204872e+39
1981.74 2.388533120772305e+39
1982.25 2.5171243355325703e+39
1982.77 2.6905127864648225e+39
1983.28 3.0293385649767616e+39
1983.79 3.055907802605045e+39
1984.31 2.92428472066778e+39
1984.82 2.870657931016248e+39
1985.34 2.7628636648732894e+39
1985.85 2.760463377874813e+39
1986.36 2.900176944200811e+39
1986.88 3.0478892170511993e+39
1987.4 2.931189045800474e+39
1987.91 2.950776025692654e+39
1988.43 3.0674736294756927e+39
1988.94 3.074066062805362e+39
1989.46 3.0312916845241185e+39
1989.97 2.899412640899885e+39
1990.49 3.1624560595269444e+39
1991.0 3.4078207361422995e+39
1991.52 3.517395093311216e+39
1992.04 3.672358163802039e+39
1992.55 3.8795887437283504e+39
1993.07 3.701060348579889e+39
1993.58 3.5379103653782956e+39
1994.1 3.309308854333973e+39
1994.62 3.600126629403585e+39
1995.14 3.6454257080718107e+39
1995.65 3.5426554025455447e+39
1996.17 3.6602385012877463e+39
1996.69 3.678322973127776e+39
1997.2 3.6490559063741415e+39
1997.72 3.5097888611049066e+39
1998.24 3.3804262487743744e+39
1998.76 3.3609074015753904e+39
1999.28 3.313207623659072e+39
1999.8 3.1726395224650436e+39
2000.31 3.0317602705817785e+39
2000.83 3.1086146000675444e+39
2001.35 3.091924499215232e+39
2001.87 2.8647112373803007e+39
2002.39 2.787486649206468e+39
2002.91 2.8201662662264393e+39
2003.43 2.8210228501964064e+39
2003.94 2.82683556969579e+39
2004.46 2.7995123295048974e+39
2004.98 2.7461496157710654e+39
2005.5 2.6640396266262178e+39
2006.02 2.574600049471605e+39
2006.54 2.608426192897016e+39
2007.06 2.5754138033454946e+39
2007.58 2.5853251625890503e+39
2008.1 2.595272801834845e+39
2008.62 2.5266235884784298e+39
2009.14 2.4185093270295078e+39
2009.67 2.5292498300530968e+39
2010.19 2.3531430207029082e+39
2010.71 2.312036089578952e+39
2011.23 2.4348408831770777e+39
2011.75 2.4719874049191748e+39
2012.27 2.3701607378186304e+39
2012.79 2.4561481495063434e+39
2013.31 2.3116450763767367e+39
2013.84 2.4384435636779954e+39
2014.36 2.4430309786656895e+39
2014.88 2.4243486484412356e+39
2015.4 2.3115911111181513e+39
2015.93 2.352999863188995e+39
2016.45 2.3305987699169754e+39
2016.97 2.318798237133485e+39
2017.49 2.1804606223089338e+39
2018.02 2.1791065670079487e+39
2018.54 2.29653690664695e+39
2019.06 2.22230154812681e+39
2019.58 2.2382327460643158e+39
2020.11 2.202273710669847e+39
2020.63 2.20776762744671e+39
2021.16 2.2443946079744253e+39
2021.68 2.268355367696402e+39
2022.2 2.268051316111073e+39
2022.73 2.1618145900684565e+39
2023.25 2.2548623620416988e+39
2023.78 2.2408635474768456e+39
2024.3 2.246915897734176e+39
2024.82 2.2489931300305072e+39
2025.35 2.2523464172913915e+39
2025.88 2.2145963585794147e+39
2026.4 2.256253662440595e+39
2026.93 2.3121546702158074e+39
2027.45 2.2863872946765994e+39
2027.98 2.2769753111144095e+39
2028.5 2.2365098289724753e+39
2029.03 2.245426796279123e+39
2029.55 2.250095575850232e+39
2030.08 2.2025644398195232e+39
2030.61 2.2549974913404444e+39
2031.13 2.245264401509232e+39
2031.66 2.2555606007947392e+39
2032.19 2.2508066056142073e+39
2032.71 2.301777150881176e+39
2033.24 2.337182237036995e+39
2033.77 2.2968982573468585e+39
2034.29 2.3908729467701303e+39
2034.82 2.4191647175578768e+39
2035.35 2.3679049271725188e+39
2035.88 2.5302472531131245e+39
2036.4 2.6186486423476486e+39
2036.93 2.641713364376516e+39
2037.46 2.5687629914328915e+39
2037.99 2.4941482157501224e+39
2038.52 2.6124041231790672e+39
2039.04 2.5850760540205126e+39
2039.57 2.4860262426727537e+39
2040.1 2.4506879062956084e+39
2040.63 2.6354830132416812e+39
2041.16 2.536777342322689e+39
2041.69 2.6877222946784235e+39
2042.22 2.667081903527395e+39
2042.74 2.6243672364666724e+39
2043.28 2.5775673151087488e+39
2043.8 2.5173181343185026e+39
2044.33 2.497006805882698e+39
2044.86 2.3971834088124133e+39
2045.39 2.432219219432267e+39
2045.92 2.4821546954087758e+39
2046.45 2.3621595472478402e+39
2046.98 2.490458702199844e+39
2047.52 2.411102118971181e+39
2048.05 2.432401062805876e+39
2048.58 2.4167654239206535e+39
2049.11 2.3932250971293767e+39
2049.64 2.3182076444109648e+39
2050.17 2.2473507262273987e+39
2050.7 2.2849100713996733e+39
2051.23 2.3238447255512138e+39
2051.76 2.299348697616941e+39
2052.3 2.4215791625962526e+39
2052.83 2.3898559327059844e+39
2053.36 2.4592938762002136e+39
2053.89 2.4663183264111716e+39
2054.43 2.04837159593782e+39
2054.96 1.7898120828665782e+39
2055.49 1.748179893062224e+39
2056.02 1.7385804852381518e+39
2056.55 1.684936253741731e+39
2057.09 2.1843541995428263e+39
2057.62 2.921471978850282e+39
2058.16 3.726758931697363e+39
2058.69 4.194207893413111e+39
2059.22 4.398540549832271e+39
2059.76 4.8383518548217376e+39
2060.29 4.922457990956466e+39
2060.82 4.3762946858920467e+39
2061.36 2.8304721632745287e+39
2061.89 2.3239317315023396e+39
2062.43 1.9452509339870827e+39
2062.96 2.0778780160928327e+39
2063.5 2.1279050809531233e+39
2064.03 2.610457368957978e+39
2064.56 3.4020518476716657e+39
2065.1 3.980824546006333e+39
2065.64 4.628871376394973e+39
2066.17 5.2696205281260273e+39
2066.71 5.69046102582478e+39
2067.24 6.027464364245289e+39
2067.78 6.299688956518718e+39
2068.31 6.47733278488434e+39
2068.85 6.391172936492504e+39
2069.39 6.546133818850029e+39
2069.92 6.457313020387276e+39
2070.46 6.279658875091891e+39
2071.0 5.986323972846322e+39
2071.53 4.4031860244097504e+39
2072.07 2.647287449968237e+39
2072.61 2.0988679638932714e+39
2073.14 1.8905222468866858e+39
2073.68 1.819945469901358e+39
2074.22 1.846523414525375e+39
2074.76 2.2784060367109298e+39
2075.29 3.15524239992555e+39
2075.83 3.850603102919291e+39
2076.37 4.3943499976828765e+39
2076.91 4.6992699411567315e+39
2077.45 4.942037115905732e+39
2077.98 4.896062229936181e+39
2078.52 4.811298078391533e+39
2079.06 4.889533885628773e+39
2079.6 4.9948507784414775e+39
2080.14 5.394914717348042e+39
2080.68 5.525067213391117e+39
2081.22 5.421011767788689e+39
2081.76 5.268936167312709e+39
2082.3 5.161492817237888e+39
2082.84 5.0421704252740666e+39
2083.38 4.741868626779267e+39
2083.92 4.1649646383152085e+39
2084.46 3.6511773055988937e+39
2085.0 3.081089631628298e+39
2085.54 3.157443197253996e+39
2086.08 3.273908706974965e+39
2086.62 3.1592019492582986e+39
2087.16 3.068941651861766e+39
2087.7 2.864044067318979e+39
2088.24 2.946051071791208e+39
2088.78 2.956857253712103e+39
2089.32 2.8673450590045204e+39
2089.87 2.918351316015227e+39
2090.41 2.92284774345837e+39
2090.95 2.5804433541687645e+39
2091.49 2.4639505312847328e+39
2092.03 2.2694423599026794e+39
2092.57 2.362957163729271e+39
2093.12 2.735964794170842e+39
2093.66 2.767809713909746e+39
2094.2 2.851412604009689e+39
2094.75 2.93321368210982e+39
2095.29 2.9723254330710616e+39
2095.83 2.9466530723612485e+39
2096.38 2.926931942143532e+39
2096.92 2.859270611218059e+39
2097.46 2.739036945449655e+39
2098.0 2.646004105686866e+39
2098.55 2.6803660296116946e+39
2099.09 2.9001249909903215e+39
2099.64 3.002550316779401e+39
2100.18 3.087542126129318e+39
2100.73 3.0052212908984283e+39
2101.27 2.891253217801261e+39
2101.81 2.839216205895852e+39
2102.36 2.960413050564881e+39
2102.9 3.086061770900458e+39
2103.45 2.98111292475042e+39
2103.99 3.184056023874857e+39
2104.54 2.962405336007218e+39
2105.08 3.048854667941736e+39
2105.63 2.862335070193937e+39
2106.18 2.832071439132477e+39
2106.72 2.6814913397511462e+39
2107.27 2.3956871270663416e+39
2107.81 2.142655067259143e+39
2108.36 2.0622620029594595e+39
2108.91 2.0494413127700247e+39
2109.45 2.244827598531111e+39
2110.0 2.415930383054688e+39
2110.55 2.3534540605580454e+39
2111.09 2.1541349226123593e+39
2111.64 2.0663029129940464e+39
2112.19 2.1615483873720253e+39
2112.74 2.3030099984389766e+39
2113.28 2.3756505627457175e+39
2113.83 2.408148138733869e+39
2114.38 2.3601723948987402e+39
2114.93 2.3477083342235862e+39
2115.48 2.3499509341366488e+39
2116.02 2.3615914130473767e+39
2116.57 2.3576601707997463e+39
2117.12 2.3321025882925732e+39
2117.67 2.3682857045953568e+39
2118.22 2.3241841462914557e+39
2118.77 2.3563346726463252e+39
2119.32 2.273073147333399e+39
2119.87 2.3136083745644957e+39
2120.42 2.285789756480042e+39
2120.97 2.1895391502492013e+39
2121.51 2.2198757438696143e+39
2122.06 2.1654347181274175e+39
2122.61 2.1369555154485952e+39
2123.17 2.080722352942674e+39
2123.72 2.08112518634972e+39
2124.26 1.980148251298245e+39
2124.82 2.0320104588504288e+39
2125.37 2.031372648471442e+39
2125.92 2.0029177972645166e+39
2126.47 2.0200704422828495e+39
2127.02 2.0093693168136416e+39
2127.57 1.9946783884683568e+39
2128.12 1.7900116696538095e+39
2128.67 1.9733254018528123e+39
2129.23 1.968463073575903e+39
2129.78 1.9600951748839054e+39
2130.33 1.926667170147085e+39
2130.88 1.9733580230369515e+39
2131.43 1.8860131904568413e+39
2131.99 1.9384306954008618e+39
2132.54 1.9897495586418008e+39
2133.09 2.0088439859534573e+39
2133.65 1.996046694117435e+39
2134.2 1.9306244024229282e+39
2134.75 1.7789942364709776e+39
2135.3 1.8289883821589224e+39
2135.86 1.9465431044217953e+39
2136.41 2.0468032026597955e+39
2136.97 1.9986661481633585e+39
2137.52 1.9719177075758975e+39
2138.07 1.8381337618006092e+39
2138.63 1.9897139772330306e+39
2139.18 2.1312704466900827e+39
2139.74 2.1747116532836453e+39
2140.29 2.158833665031392e+39
2140.84 2.1209795365915045e+39
2141.4 2.117624590168549e+39
2141.96 2.174359017567639e+39
2142.51 2.2146134528827188e+39
2143.06 2.219496227098029e+39
2143.62 2.2653022383993647e+39
2144.18 2.228444529657128e+39
2144.73 2.3242597846338307e+39
2145.29 2.2996949492278828e+39
2145.84 2.301404525249611e+39
2146.4 2.3004267857681504e+39
2146.96 2.2705643423381197e+39
2147.51 2.304551308442177e+39
2148.07 2.2743205159612757e+39
2148.63 2.194203486733194e+39
2149.18 2.0928558032332153e+39
2149.74 2.2199052005436275e+39
2150.3 2.1418028649177237e+39
2150.85 2.1756790154631127e+39
2151.41 2.149123901012188e+39
2151.97 2.124652928522833e+39
2152.53 2.012354315908154e+39
2153.08 2.111919247129014e+39
2153.64 2.1173545447674293e+39
2154.2 2.1071709677733654e+39
2154.76 2.0813057019879545e+39
2155.32 2.0620627903373616e+39
2155.88 2.055880222206269e+39
2156.44 2.0550085982302165e+39
2156.99 2.0443530337886932e+39
2157.55 2.0427798010797054e+39
2158.11 2.0416011220262635e+39
2158.67 2.030370169683717e+39
2159.23 1.9578944699655378e+39
2159.79 2.003747820585122e+39
2160.35 1.9397089708091155e+39
2160.91 1.9812524389628892e+39
2161.47 1.9187252153941866e+39
2162.03 1.9386324642348104e+39
2162.59 1.9801491746050205e+39
2163.15 1.9617789365976728e+39
2163.71 1.7590652774469906e+39
2164.27 1.946182557642299e+39
2164.83 1.9303894140731356e+39
2165.4 1.9503958180057424e+39
2165.96 1.7505298662536798e+39
2166.52 1.9960261581635406e+39
2167.08 1.994724253432652e+39
2167.64 1.8781031626064163e+39
2168.2 1.9411359639481738e+39
2168.76 1.919297970558769e+39
2169.33 1.9729758030559435e+39
2169.89 2.0103796455719627e+39
2170.45 1.9987309355448653e+39
2171.01 2.0341853702392812e+39
2171.58 2.0213877115668614e+39
2172.14 2.0359902091104434e+39
2172.7 2.0400252737817845e+39
2173.27 2.0445228948018728e+39
2173.83 2.0302213361741588e+39
2174.39 2.0269574285922866e+39
2174.96 1.9459448916202673e+39
2175.52 2.0520192734485652e+39
2176.08 2.045277144063885e+39
2176.65 2.0463388808212413e+39
2177.21 2.0359070463976476e+39
2177.78 2.0252236512985827e+39
2178.34 1.941078238887023e+39
2178.91 2.014873296068649e+39
2179.47 1.9640737920454836e+39
2180.03 2.0005993584597948e+39
2180.6 2.0115792054949954e+39
2181.17 1.9273650224745733e+39
2181.73 2.000763612739051e+39
2182.3 1.9843225452940527e+39
2182.86 1.904906795591159e+39
2183.43 1.9475107738688783e+39
2183.99 1.953444115370005e+39
2184.56 1.9334670778029224e+39
2185.12 1.9298678127251612e+39
2185.69 1.887308979531185e+39
2186.26 1.9008956421054155e+39
2186.82 1.9440174445210526e+39
2187.39 1.7428025082333857e+39
2187.96 1.9028133111147107e+39
2188.53 1.9492797511253895e+39
2189.09 1.9196443725207903e+39
2189.66 1.9245479805437932e+39
2190.23 1.9328880082505484e+39
2190.79 1.8961961451523652e+39
2191.36 1.9134238388771156e+39
2191.93 1.8800486495157074e+39
2192.5 1.9127886259437842e+39
2193.07 1.9058330755760488e+39
2193.64 1.907228487637531e+39
2194.21 1.900906707124082e+39
2194.77 1.9013014905961975e+39
2195.34 1.8968215977466762e+39
2195.91 1.8947929243303146e+39
2196.48 1.8689892089147944e+39
2197.05 1.8935710494429765e+39
2197.62 1.8947250123257904e+39
2198.19 1.8978004434354804e+39
2198.76 1.8963333020559786e+39
2199.33 1.8757656257211934e+39
2199.9 1.8979389880071986e+39
2200.47 1.8993530357607363e+39
2201.04 1.8790957795760088e+39
2201.61 1.8869910614795016e+39
2202.18 1.8649639602956e+39
2202.75 1.8823520443810387e+39
2203.32 1.9081875692998517e+39
2203.89 1.904895171108003e+39
2204.46 1.9248677926461066e+39
2205.03 1.9363351871211016e+39
2205.61 1.933370342630854e+39
2206.18 1.92741082971441e+39
2206.75 1.9250115733362964e+39
2207.32 1.9234557633328394e+39
2207.89 1.9339750561332792e+39
2208.47 1.9324328057128903e+39
2209.04 1.9284332706442678e+39
2209.61 1.8260073586205184e+39
2210.18 1.923270285568187e+39
2210.76 1.883440171921106e+39
2211.33 1.9149145876252087e+39
2211.9 1.915609035920707e+39
2212.48 1.9130576154125007e+39
2213.05 1.9030285321607176e+39
2213.62 1.893095141893021e+39
2214.2 1.8885708425127734e+39
2214.77 1.8848647947221647e+39
2215.34 1.7003448758596895e+39
2215.92 1.926715201080624e+39
2216.49 1.9436061499073515e+39
2217.07 1.9274657533904226e+39
2217.64 1.9254921314626927e+39
2218.22 1.895352498520551e+39
2218.79 1.9005307946161952e+39
2219.37 1.806271348856646e+39
2219.94 1.7036789337075685e+39
2220.52 1.703278538084126e+39
2221.09 1.837554699635477e+39
2221.67 1.9882364695653112e+39
2222.25 2.0482158109862217e+39
2222.82 2.0701417212350936e+39
2223.4 2.0827521723229514e+39
2223.97 2.0866518861267426e+39
2224.55 2.0650337300931313e+39
2225.13 2.0129542156601854e+39
2225.7 2.0125796161306245e+39
2226.28 2.0480427872518845e+39
2226.86 2.040208644705034e+39
2227.43 1.9984007748071482e+39
2228.01 2.0610444601409563e+39
2228.59 2.0321779534175114e+39
2229.17 1.9438185203258896e+39
2229.74 1.985693317027802e+39
2230.32 2.1261572094552562e+39
2230.9 2.1660304306550308e+39
2231.48 2.2275217381783836e+39
2232.06 2.3103566146905636e+39
2232.64 2.371295968571509e+39
2233.21 2.3894926099514817e+39
2233.79 2.4216522990579272e+39
2234.37 2.3963903242913427e+39
2234.95 2.4073154476682596e+39
2235.53 2.4051829897052175e+39
2236.11 2.4139758498798374e+39
2236.69 2.317861036866893e+39
2237.27 2.2474060547187985e+39
2237.85 2.222518455511587e+39
2238.43 2.337838609664168e+39
2239.01 2.4589310011727624e+39
2239.59 2.503790943834834e+39
2240.17 2.475652548371535e+39
2240.75 2.447378988343654e+39
2241.33 2.405485084285412e+39
2241.91 2.3797646886210732e+39
2242.49 2.369601251634688e+39
2243.07 2.3645387293941956e+39
2243.66 2.322902416797783e+39
2244.24 2.2063374632886156e+39
2244.82 2.0668207823453854e+39
2245.4 2.1149670586053372e+39
2245.98 2.2241450068228458e+39
2246.56 2.301911229151375e+39
2247.15 2.3260008825502e+39
2247.73 2.3189680351366117e+39
2248.31 2.2951937874804512e+39
2248.89 2.2904123028306796e+39
2249.48 2.2809396166327754e+39
2250.06 2.2592667683210655e+39
2250.64 2.186960567206516e+39
2251.23 2.1275030403021973e+39
2251.81 2.1582564535618244e+39
2252.39 2.2642564865053812e+39
2252.98 2.299397094821965e+39
2253.56 2.155598795343302e+39
2254.15 2.332649172433886e+39
2254.73 2.2733405594991605e+39
2255.31 2.2699133778814062e+39
2255.9 2.3049413985340192e+39
2256.48 2.3350387309544747e+39
2257.07 2.345222756257392e+39
2257.65 2.3330697250730653e+39
2258.24 2.290061461947651e+39
2258.82 2.3155820641514018e+39
2259.41 2.3039816100097283e+39
2260.0 2.2728854232585017e+39
2260.58 2.2378950378859918e+39
2261.17 2.2115320036876975e+39
2261.75 2.2148198287191433e+39
2262.34 2.1367772317822813e+39
2262.93 2.184639635577235e+39
2263.51 2.1599522617350688e+39
2264.1 2.145379634661357e+39
2264.69 2.1370952197153682e+39
2265.27 2.1149367820674957e+39
2265.86 2.034494649053078e+39
2266.45 2.0287822338034825e+39
2267.03 1.994610624325616e+39
2267.62 1.987085042201175e+39
2268.21 1.956340750156552e+39
2268.8 1.981008212158991e+39
2269.39 1.968957804901998e+39
2269.97 1.9458551949129696e+39
2270.56 1.931168300745276e+39
2271.15 1.927833241969846e+39
2271.74 1.9306721869435243e+39
2272.33 1.9282234105018404e+39
2272.92 1.9220996440425074e+39
2273.51 1.912335915384637e+39
2274.09 1.8876282771672595e+39
2274.68 1.9055670565061318e+39
2275.27 1.9054683310192454e+39
2275.86 1.9025626740164504e+39
2276.45 1.9007795109156972e+39
2277.04 1.886284269058966e+39
2277.63 1.8824878601949403e+39
2278.22 1.8772273219588848e+39
2278.81 1.882223495852715e+39
2279.41 1.8515772283578242e+39
2280.0 1.889058616626573e+39
2280.59 1.8899864075338385e+39
2281.18 1.8955339696539506e+39
2281.77 1.892666554038049e+39
2282.36 1.8907159547796443e+39
2282.95 1.8839445520107334e+39
2283.54 1.8878877809948096e+39
2284.14 1.8903010625752317e+39
2284.73 1.8953525242742867e+39
2285.32 1.9053957972467328e+39
2285.91 1.914196932010517e+39
2286.5 1.9181574765546298e+39
2287.1 1.9216297497903328e+39
2287.69 1.7275467959620922e+39
2288.28 1.927596919325503e+39
2288.88 1.9368247002559053e+39
2289.47 1.934814410812986e+39
2290.06 1.876007941985479e+39
2290.66 1.7600605081206033e+39
2291.25 1.6396781636020506e+39
2291.84 1.610398652643947e+39
2292.44 1.6093781309220976e+39
2293.03 1.6276194874590634e+39
2293.63 1.6482670541823715e+39
2294.22 1.6857080596217508e+39
2294.81 1.729526212275366e+39
2295.41 1.7936258120589498e+39
2296.0 1.870581480375129e+39
2296.6 1.9082766092354208e+39
2297.2 2.0137985486364436e+39
2297.79 1.8737895320088118e+39
2298.39 2.1862282650694314e+39
2298.98 2.1758513968838277e+39
2299.58 2.1267458477405654e+39
2300.17 2.1144491985432594e+39
2300.77 2.062805722693531e+39
2301.37 2.0272472163074616e+39
2301.96 1.9884308456800363e+39
2302.56 1.9526010006903923e+39
2303.16 1.9193483166524535e+39
2303.75 1.8671085756741513e+39
2304.35 1.86236333184045e+39
2304.95 1.8368195033728117e+39
2305.54 1.8407471526694452e+39
2306.14 1.8633767590662788e+39
2306.74 1.7574054206279392e+39
2307.34 1.8379298848054793e+39
2307.94 1.8283263754803636e+39
2308.53 1.8660794668742232e+39
2309.13 1.9175672289169324e+39
2309.73 1.938781647787257e+39
2310.33 1.9422496285518515e+39
2310.93 1.931296927017219e+39
2311.53 1.8931756799579158e+39
2312.13 1.8373024685533057e+39
2312.73 1.859508997206121e+39
2313.32 1.946022666646448e+39
2313.93 1.996858188079265e+39
2314.52 2.0506020871207482e+39
2315.12 2.060440032322567e+39
2315.72 2.0677935200858e+39
2316.32 2.0464115226991195e+39
2316.93 2.0436677278305484e+39
2317.52 1.9956318760195365e+39
2318.13 1.941936160984083e+39
2318.73 2.002743009282375e+39
2319.33 2.086191330715103e+39
2319.93 2.0697681004456584e+39
2320.53 2.135885109475488e+39
2321.13 2.1349747222870492e+39
2321.73 2.1333702876194382e+39
2322.33 2.1139974970767936e+39
2322.94 2.0858706812160278e+39
2323.54 2.0897941210126574e+39
2324.14 2.0683273912808282e+39
2324.74 2.0607946651645336e+39
2325.35 2.0979553111386745e+39
2325.95 2.135457745040707e+39
2326.55 2.1422265185265282e+39
2327.16 2.105163629691024e+39
2327.76 2.0943997726550332e+39
2328.36 2.082346355585035e+39
2328.97 2.119934269110696e+39
2329.57 2.121461228807527e+39
2330.17 2.113093362961686e+39
2330.78 2.1066153131905758e+39
2331.38 2.1011543585709492e+39
2331.98 2.0496540544113915e+39
2332.59 2.089761706160476e+39
2333.19 2.0800278234021475e+39
2333.8 2.1156562806057104e+39
2334.4 2.1140110830047237e+39
2335.01 2.102630665919478e+39
2335.61 2.0882616524312066e+39
2336.22 2.0906937224432305e+39
2336.82 2.0877673720926674e+39
2337.43 2.0606701495310925e+39
2338.03 2.0869550608478582e+39
2338.64 2.06093041401921e+39
2339.25 2.0345729248530258e+39
2339.85 1.995753970527646e+39
2340.46 2.017094957406223e+39
2341.07 2.0594221919769404e+39
2341.67 2.093670132602678e+39
2342.28 2.0951094436443836e+39
2342.89 2.079193341097273e+39
2343.5 2.0627316942750642e+39
2344.1 2.0500027970114633e+39
2344.71 2.0456519097623306e+39
2345.32 2.0543227237678468e+39
2345.93 2.053265596889664e+39
2346.53 2.05984936544304e+39
2347.14 2.052255097230835e+39
2347.75 2.0195142993666112e+39
2348.36 2.0065603730534213e+39
2348.97 2.008247520717269e+39
2349.58 1.9872474928817307e+39
2350.19 2.0107884711341924e+39
2350.79 2.0038938991270648e+39
2351.4 1.995485512139951e+39
2352.01 1.9793023800513433e+39
2352.62 1.9786338159901286e+39
2353.23 1.9726592888530278e+39
2353.84 1.9810933009911457e+39
2354.45 1.9531584376668572e+39
2355.06 1.9484968875993633e+39
2355.67 1.9227891234931074e+39
2356.28 1.9184182438057713e+39
2356.89 1.9156873611301423e+39
2357.5 1.9177662514015512e+39
2358.12 1.917000917744543e+39
2358.73 1.9151498215406557e+39
2359.34 1.9188582293346723e+39
2359.95 1.91784155848547e+39
2360.56 1.9295776657969295e+39
2361.17 1.929879378416457e+39
2361.78 1.9308903520585553e+39
2362.4 1.9263791975216015e+39
2363.01 1.9243246369248186e+39
2363.62 1.9174518282840058e+39
2364.24 1.9134066774456727e+39
2364.85 1.9334481319970114e+39
2365.46 1.9331133977108207e+39
2366.07 1.9476086771792818e+39
2366.69 1.9350079198055637e+39
2367.3 1.9283072879326495e+39
2367.91 1.9258360237334013e+39
2368.53 1.949615760447198e+39
2369.14 1.9856152328624103e+39
2369.76 2.0031805023784827e+39
2370.37 2.0096825019221303e+39
2370.98 2.0069861612542895e+39
2371.6 1.9908934482541134e+39
2372.21 2.016619951469404e+39
2372.83 2.018072674009247e+39
2373.44 2.0199097383617893e+39
2374.06 2.0248544536638734e+39
2374.67 1.9907104460989238e+39
2375.29 2.0213850714714205e+39
2375.91 2.0149745505900455e+39
2376.52 2.0305913694751205e+39
2377.14 2.008402731210561e+39
2377.75 2.0264332650791068e+39
2378.37 2.0203075067140473e+39
2378.99 2.0121137168883314e+39
2379.6 1.999648449858169e+39
2380.22 1.9936937294111878e+39
2380.83 1.9837152145094654e+39
2381.45 1.9744851182907743e+39
2382.07 1.9811541967535893e+39
2382.69 1.9594426925389206e+39
2383.3 1.9491396299418057e+39
2383.92 1.9230783946141117e+39
2384.54 1.94643945657947e+39
2385.16 1.946169484625462e+39
2385.78 1.9970523043546617e+39
2386.4 1.8850285858089304e+39
2387.01 1.911571503952509e+39
2387.63 2.0412607969163617e+39
2388.25 2.0254249869102812e+39
2388.87 2.0129989753730538e+39
2389.49 1.9986680341601596e+39
2390.11 1.9944699722036085e+39
2390.73 1.9955107005811608e+39
2391.35 1.9898958368909785e+39
2391.97 1.9847524650151643e+39
2392.59 1.9832948078799828e+39
2393.21 1.9822259570073445e+39
2393.83 1.9823878423498865e+39
2394.45 1.974575189855333e+39
2395.07 1.9740507365136924e+39
2395.69 1.9638690711783684e+39
2396.31 1.9552231760730333e+39
2396.93 1.9621839962494517e+39
2397.55 1.957774689957366e+39
2398.17 1.9662796228820858e+39
2398.79 1.8653805177058075e+39
2399.42 1.9593678774003915e+39
2400.04 1.9461993185814946e+39
2400.66 1.951710701263557e+39
2401.28 1.9697462015919476e+39
2401.91 1.9766598843833856e+39
2402.53 1.9711778867710606e+39
2403.15 1.9596982942704587e+39
2403.77 1.9738863233010552e+39
2404.4 1.9578160436422243e+39
2405.02 1.944302596080587e+39
2405.64 1.9335052655943066e+39
2406.27 1.929583888493807e+39
2406.89 1.9155973295639226e+39
2407.51 1.9661847109502945e+39
2408.14 2.054665783742244e+39
2408.76 2.0877646936673113e+39
2409.39 2.0933947370301358e+39
2410.01 2.0676330897909285e+39
2410.64 2.0256863959883287e+39
2411.26 1.9560670206722895e+39
2411.89 2.0255437611678627e+39
2412.51 2.2290115897923196e+39
2413.14 2.3787532311358434e+39
2413.76 2.431136073003329e+39
2414.39 2.39020692533816e+39
2415.01 2.4337421276978065e+39
2415.64 2.4355663452794677e+39
2416.26 2.4423517409194334e+39
2416.89 2.4351885218764706e+39
2417.52 2.4634591214983853e+39
2418.14 2.4797127462124825e+39
2418.77 2.492260340296529e+39
2419.4 2.4461048395937565e+39
2420.02 2.4723502124762157e+39
2420.65 2.451494447471029e+39
2421.28 2.4308685158907057e+39
2421.91 2.3885902461355408e+39
2422.53 2.3557279157079126e+39
2423.16 2.2697842799051176e+39
2423.79 2.2558159974681848e+39
2424.42 2.2075085490488566e+39
2425.05 2.1902608660469878e+39
2425.68 2.1961349223422162e+39
2426.3 2.170323825404824e+39
2426.93 2.1122084523291735e+39
2427.56 2.031601589295057e+39
2428.19 1.978562812474427e+39
2428.82 1.9630920845909067e+39
2429.45 1.9542541109214557e+39
2430.08 1.9390585817050454e+39
2430.71 1.9095910040809356e+39
2431.34 1.9445957203196858e+39
2431.97 2.0269723639883437e+39
2432.6 2.101144238465686e+39
2433.23 2.1204797858266255e+39
2433.86 2.1122715549794682e+39
2434.49 2.1146816874884786e+39
2435.12 2.1161668111816854e+39
2435.75 2.1147762993143472e+39
2436.39 2.131546768708725e+39
2437.02 2.137069669033015e+39
2437.65 2.1451720915326494e+39
2438.28 2.1515688090400085e+39
2438.91 2.1081328990667294e+39
2439.54 2.147535625220783e+39
2440.18 2.1374631390654403e+39
2440.81 2.1041190667450882e+39
2441.44 2.1209689306864765e+39
2442.07 2.117441026987517e+39
2442.71 2.1106911492795646e+39
2443.34 2.0984608015986022e+39
2443.97 2.078531523650763e+39
2444.61 2.0759108602906134e+39
2445.24 2.0642562851071443e+39
2445.88 2.072978747288656e+39
2446.51 2.0486082994365158e+39
2447.14 2.0104931249225585e+39
2447.78 1.973297469223443e+39
2448.41 1.971811485074471e+39
2449.05 1.9524330207890308e+39
2449.68 1.963919913163651e+39
2450.32 1.9449929727665605e+39
2450.95 1.964964632962153e+39
2451.59 1.97286814246007e+39
2452.22 1.974803267279813e+39
2452.86 1.981555414753332e+39
2453.49 1.9851397179268598e+39
2454.13 1.9861979550328763e+39
2454.76 1.9845245250941275e+39
2455.4 1.9795523567366733e+39
2456.04 1.9757730095176386e+39
2456.67 1.9797466500210326e+39
2457.31 1.978682544832385e+39
2457.95 1.9848949540008122e+39
2458.58 1.9884407118404052e+39
2459.22 1.998956705121912e+39
2459.86 2.0052743375996805e+39
2460.5 2.0175479776022124e+39
2461.14 2.019545368398316e+39
2461.77 1.975591273641345e+39
2462.41 2.0208132659061968e+39
2463.05 2.015138677102859e+39
2463.69 1.995783202300655e+39
2464.33 1.999454188209446e+39
2464.96 1.9827288410942807e+39
2465.6 1.9606168711282018e+39
2466.24 1.9795035375127358e+39
2466.88 2.001056888949546e+39
2467.52 2.0020835452373658e+39
2468.16 2.009854252332928e+39
2468.8 1.992078932810493e+39
2469.44 2.0086678560762336e+39
2470.08 2.0127939910698284e+39
2470.72 2.0198082219668613e+39
2471.36 2.0151183417161085e+39
2472.0 2.006229392423497e+39
2472.64 1.9977458391671362e+39
2473.28 2.0211078775213338e+39
2473.92 2.063396635408986e+39
2474.56 2.0640098929901625e+39
2475.21 2.025383359470907e+39
2475.85 1.9894608681239858e+39
2476.49 2.0270904295439445e+39
2477.13 2.0781668101715578e+39
2477.77 2.1026996674501755e+39
2478.42 2.0974927281676643e+39
2479.06 2.1103107994521473e+39
2479.7 2.1171515257568182e+39
2480.34 2.127291603549836e+39
2480.99 2.126759897114873e+39
2481.63 2.1141347746050054e+39
2482.27 2.094313345180502e+39
2482.92 2.1211871357567712e+39
2483.56 2.1249990148305857e+39
2484.2 2.126161629197492e+39
2484.85 2.119467914352862e+39
2485.49 2.117190684703785e+39
2486.14 2.1145895464406974e+39
2486.78 2.1168244043344856e+39
2487.42 2.118416890305943e+39
2488.07 2.1155872117118812e+39
2488.71 2.0989070820322818e+39
2489.36 2.0973376391072664e+39
2490.0 2.0955419154530723e+39
2490.65 2.090700786563503e+39
2491.29 2.0770425273272628e+39
2491.94 2.0728045392980925e+39
2492.59 2.0585918117779588e+39
2493.23 2.048333160669316e+39
2493.88 2.0353559337039365e+39
2494.52 2.0137179594942963e+39
2495.17 2.0569148330070128e+39
2495.82 2.05912599303237e+39
2496.47 2.0545110397840466e+39
2497.11 2.063871335417148e+39
2497.76 2.043177505457687e+39
2498.41 2.067847632616653e+39
2499.05 2.064396829745303e+39
2499.7 2.0551364791001078e+39
