WAVE,FLUX
900.0,1.999391381527559e+39
900.44,2.020078644717692e+39
900.88,2.013440258692385e+39
901.32,2.0343668105686233e+39
901.77,2.4176853983427014e+39
902.21,2.4898334743571546e+39
902.65,2.209127670128246e+39
903.09,2.0268953637467805e+39
903.54,2.1833927047170657e+39
903.98,2.1523964835832515e+39
904.42,2.031386433498513e+39
904.87,2.1145250176363616e+39
905.31,2.2507284553978196e+39
905.75,2.2790474928904586e+39
906.2,2.146266542720322e+39
906.64,2.568998965819799e+39
907.09,2.661791877464957e+39
907.53,2.0789985455587114e+39
907.98,2.064924977612385e+39
908.42,2.0518441369364517e+39
908.87,2.033782282969288e+39
909.31,2.0311151696251315e+39
909.76,1.9404150832974293e+39
910.21,1.9979504874005214e+39
910.65,1.9789954550868444e+39
911.1,1.9619813458675927e+39
911.54,2.1119564048833635e+39
911.99,4.766016072430765e+39
912.44,4.132431288955919e+39
912.89,4.588100244152365e+39
913.33,3.936570472207546e+39
913.78,4.839831620321727e+39
914.23,3.576370244846994e+39
914.68,4.6183271234705393e+39
915.13,4.535309275633851e+39
915.58,4.2892279086670624e+39
916.02,4.266109061505568e+39
916.47,4.128363080645752e+39
916.92,4.1449740236663346e+39
917.37,4.023052873473947e+39
917.82,3.773893734512638e+39
918.27,3.8436478684154246e+39
918.72,2.5205627817980353e+39
919.17,2.4211485955674637e+39
919.62,2.519217372916268e+39
920.08,2.9609454048642526e+39
920.53,3.01789993447181e+39
920.98,1.4004231166742648e+39
921.43,2.1334560758772877e+39
921.88,2.108619120816353e+39
922.33,3.277348117720694e+39
922.78,3.386620773013049e+39
923.24,2.7497094965498986e+39
923.69,2.6151527075694297e+39
924.14,3.434846187780828e+39
924.6,5.368309418970377e+39
925.05,4.7766979512682036e+39
925.5,4.372079197780686e+39
925.96,4.0778848883357784e+39
926.41,2.536584015434743e+39
926.87,3.6174461095536354e+39
927.32,3.2600655989749775e+39
927.78,3.17547821074957e+39
928.23,2.885781108262115e+39
928.68,2.381050399481724e+39
929.14,1.8979226262837052e+39
929.6,2.513612978823981e+39
930.05,2.1394868193990968e+39
930.51,3.028513442417454e+39
930.97,2.8451776450250596e+39
931.42,3.4799304854595155e+39
931.88,3.7859323801032665e+39
932.34,4.041751228406258e+39
932.79,4.2999901122782856e+39
933.25,4.9727218793837496e+39
933.71,6.787985044905222e+39
934.16,6.597034202822584e+39
934.62,6.121606781447615e+39
935.08,5.869562606682138e+39
935.54,5.706420873331336e+39
936.0,5.447683397115043e+39
936.46,5.1590521715935315e+39
936.92,3.988117815586946e+39
937.38,2.8706883002946174e+39
937.84,1.8440559717741465e+39
938.3,3.923603119192561e+39
938.76,3.4625570429337664e+39
939.22,3.496300901267925e+39
939.68,3.3500452034304024e+39
940.14,3.316824799129206e+39
940.6,3.328851304856094e+39
941.06,3.365396667293634e+39
941.52,3.405481265572432e+39
941.98,3.407381383401388e+39
942.45,2.9363867993996707e+39
942.91,3.6361811669557714e+39
943.37,3.8977839491685694e+39
943.83,4.248934265858805e+39
944.29,4.9408827039534603e+39
944.76,6.104532128730068e+39
945.22,6.493063193482522e+39
945.68,5.870253738251241e+39
946.15,5.629563320840451e+39
946.61,5.207651930013262e+39
947.08,5.711100204486306e+39
947.54,5.728481755727529e+39
948.01,4.884885657059776e+39
948.47,5.465608574442314e+39
948.93,4.554205745729219e+39
949.4,3.817662278066823e+39
949.87,3.342507295410807e+39
950.33,4.6452220251428634e+39
950.8,4.827948090353851e+39
951.26,4.688769513602414e+39
951.73,5.01136416439801e+39
952.2,4.185940379672301e+39
952.66,3.838480350915882e+39
953.13,3.740816377566254e+39
953.6,3.595700055156654e+39
954.07,3.359346438774688e+39
954.53,3.7501254381295174e+39
955.0,3.163782358258765e+39
955.47,5.0401957656526e+39
955.94,5.0363767465738665e+39
956.41,4.3960134733303594e+39
956.88,4.497278879984814e+39
957.35,4.337515465463144e+39
957.82,4.580907692130568e+39
958.28,4.268476372010163e+39
958.76,2.1632292092540358e+39
959.23,4.2525852835293553e+39
959.7,3.9198867673961284e+39
960.17,4.2491740192121496e+39
960.64,4.425759558617206e+39
961.11,4.879340337396981e+39
961.58,4.651943205789514e+39
962.05,5.01750360524091e+39
962.52,4.591144686102636e+39
962.99,4.6586948277236445e+39
963.47,5.1477252262074084e+39
963.94,3.434212718106731e+39
964.41,4.1014651615381935e+39
964.89,4.9049107925964887e+39
965.36,5.151135180641486e+39
965.83,4.3176236198568816e+39
966.31,4.3864871967643334e+39
966.78,4.142696441143787e+39
967.25,4.0530666784092317e+39
967.73,4.960619051629567e+39
968.2,4.915486310594685e+39
968.68,4.425461792558039e+39
969.15,4.220551329770213e+39
969.63,3.5445513097055314e+39
970.1,3.839451319179469e+39
970.58,3.371248414804017e+39
971.05,3.9920928188586675e+39
971.53,4.156829292497012e+39
972.01,3.247683762194656e+39
972.48,2.734094771503857e+39
972.96,4.330869307152583e+39
973.44,3.6104844153465775e+39
973.91,4.044866657850544e+39
974.39,4.078724721247082e+39
974.87,4.1557993390589134e+39
975.35,4.2792211642805855e+39
975.83,4.3010538958575194e+39
976.3,4.5313504313740254e+39
976.78,4.281480664617097e+39
977.26,4.7321698206327424e+39
977.74,4.4067321387266034e+39
978.22,3.8393966470042717e+39
978.7,4.722253602645e+39
979.18,4.702140794343365e+39
979.66,4.8226164395605106e+39
980.14,4.87159354944666e+39
980.62,4.783429393170247e+39
981.1,3.986278943450178e+39
981.58,4.751448210329373e+39
982.07,4.7811801633661024e+39
982.55,4.349841341084298e+39
983.03,4.14332057730995e+39
983.51,3.2790734643093764e+39
983.99,3.597193134416639e+39
984.47,4.4898968559570975e+39
984.96,3.854061226759379e+39
985.44,4.0484727158021905e+39
985.92,1.9275418812522615e+39
986.41,3.2178650620160656e+39
986.89,2.6532024484717575e+39
987.38,3.313448743813818e+39
987.86,3.5783493847809053e+39
988.34,3.388638104540165e+39
988.83,2.9848667075181655e+39
989.31,3.4137940267748314e+39
989.8,1.9704220302749164e+39
990.28,2.8485486720116317e+39
990.77,3.0767046489629736e+39
991.26,2.5991296542274786e+39
991.74,4.017651441707735e+39
992.23,4.2392042267299505e+39
992.72,4.5043026152084014e+39
993.2,5.033433585373838e+39
993.69,4.38884263798532e+39
994.18,4.00835030880452e+39
994.66,2.9764763218845496e+39
995.15,3.4546024658507805e+39
995.64,4.934847297197471e+39
996.13,3.435512827483534e+39
996.61,4.1664931263550535e+39
997.1,3.9782381885452843e+39
997.59,3.2809596440697464e+39
998.08,4.481371928115332e+39
998.57,5.279843920180642e+39
999.06,5.0775145147724146e+39
999.55,4.9852187725661697e+39
1000.04,4.5533311847664024e+39
1000.53,4.924750700832924e+39
1001.02,4.896652162660638e+39
1001.51,4.817195275288445e+39
1002.01,3.904634290886552e+39
1002.5,3.9689474334767396e+39
1002.99,3.439688639407419e+39
1003.48,3.604193895155514e+39
1003.97,3.6169054792837923e+39
1004.46,3.7773408060957454e+39
1004.96,4.0104746098375346e+39
1005.45,3.8020233355389946e+39
1005.94,2.6327146072249055e+39
1006.43,4.520930753659368e+39
1006.93,4.018102255301659e+39
1007.42,4.96129495293104e+39
1007.92,4.4679485830673686e+39
1008.41,5.1268689807261054e+39
1008.91,4.3279808318499815e+39
1009.4,4.238381876252987e+39
1009.9,3.8385459806910856e+39
1010.39,3.5516836265018064e+39
1010.89,5.0151153675821834e+39
1011.38,4.310110906960534e+39
1011.88,4.406817767209361e+39
1012.37,3.9833879095373965e+39
1012.87,3.012250510156557e+39
1013.37,4.108254530640002e+39
1013.86,3.729184526923783e+39
1014.36,3.761838345193242e+39
1014.86,3.334236365824968e+39
1015.36,3.595610487510105e+39
1015.85,3.7259684016314304e+39
1016.35,3.5528171197681e+39
1016.85,3.610783824756667e+39
1017.35,3.1976440514844554e+39
1017.85,3.01265043755817e+39
1018.35,2.941083548190335e+39
1018.85,3.519378490620583e+39
1019.35,4.239597072661237e+39
1019.85,4.088240590191539e+39
1020.35,3.992721489441567e+39
1020.85,3.6407560701673115e+39
1021.35,3.668294046443141e+39
1021.85,4.22101303482474e+39
1022.35,3.167154424432555e+39
1022.85,2.4050342988547956e+39
1023.35,2.7133048028955457e+39
1023.85,2.4098826284465393e+39
1024.35,2.5694087389966698e+39
1024.86,2.454375725815868e+39
1025.36,1.3886997246082965e+39
1025.86,1.3048051134066663e+39
1026.37,2.0405286350353004e+39
1026.87,2.013144674247663e+39
1027.37,1.9057998068830317e+39
1027.88,1.9828927086083924e+39
1028.38,1.93749908668396e+39
1028.89,1.9133016329872922e+39
1029.39,1.922275945286663e+39
1029.9,1.6357518518118147e+39
1030.4,1.8141331176337027e+39
1030.91,1.4639306930740367e+39
1031.41,2.0221913381589772e+39
1031.92,2.2158665879776238e+39
1032.42,1.9070203912925775e+39
1032.93,2.0972813672961654e+39
1033.44,2.3196667174065225e+39
1033.94,2.549314758353845e+39
1034.45,2.5857759111663833e+39
1034.96,2.216605003558997e+39
1035.46,2.01695484149473e+39
1035.97,3.351147906630032e+39
1036.48,3.790539413845688e+39
1036.99,3.8182453368490087e+39
1037.5,5.1482028955120533e+39
1038.01,5.315663455886124e+39
1038.51,6.289264367591873e+39
1039.02,6.130863820164434e+39
1039.53,5.801676203801336e+39
1040.04,5.964243157273255e+39
1040.55,5.953729947180271e+39
1041.06,5.821741543275219e+39
1041.57,5.15723247358799e+39
1042.08,5.243732088082466e+39
1042.59,5.1135708682704036e+39
1043.11,5.1317743059226753e+39
1043.62,4.947841559359766e+39
1044.13,4.9523177035254675e+39
1044.64,4.691278455680131e+39
1045.15,4.747269917892868e+39
1045.67,4.6270745409985555e+39
1046.18,4.601815571239338e+39
1046.69,4.619148478953053e+39
1047.2,4.64505150080622e+39
1047.72,4.596180162456449e+39
1048.23,4.656755424484992e+39
1048.75,4.6356425378685373e+39
1049.26,4.467312405840368e+39
1049.78,4.3149208575816926e+39
1050.29,4.339195518148199e+39
1050.81,4.373568188266692e+39
1051.32,4.1837194459601023e+39
1051.83,3.836447021409349e+39
1052.35,3.535053470171989e+39
1052.87,3.3555426947388475e+39
1053.38,3.9309672017950257e+39
1053.9,3.9884688253861756e+39
1054.42,4.369487135800018e+39
1054.93,4.6301407928151216e+39
1055.45,4.084867767924021e+39
1055.97,4.0454031443818416e+39
1056.49,4.075168896372574e+39
1057.01,3.627767268401006e+39
1057.52,3.3762385916769506e+39
1058.04,3.464466826488634e+39
1058.56,3.234518836148146e+39
1059.08,3.300448511793742e+39
1059.6,3.515816818765219e+39
1060.12,2.986548120773653e+39
1060.64,3.2224990206344855e+39
1061.16,2.887858952384342e+39
1061.68,3.15209197175e+39
1062.2,3.651083655936266e+39
1062.72,1.57697455869335e+39
1063.24,3.2097971708611406e+39
1063.76,4.125252089213516e+39
1064.28,4.1480443954134217e+39
1064.81,3.531796384687187e+39
1065.33,3.622572203897945e+39
1065.85,3.407677158519845e+39
1066.37,4.2785817658915044e+39
1066.9,3.844246747103708e+39
1067.42,4.058753239938128e+39
1067.94,4.06119685388749e+39
1068.47,3.7336623703006707e+39
1068.99,3.645908762986671e+39
1069.52,4.395280179623935e+39
1070.04,4.2885188005034485e+39
1070.56,3.746865227093485e+39
1071.09,4.29594626258921e+39
1071.61,3.7903524385972857e+39
1072.14,3.9256650418924115e+39
1072.67,3.8913240572989833e+39
1073.19,3.497047077936792e+39
1073.72,3.8379175207300874e+39
1074.24,4.141138131798266e+39
1074.77,4.541965962809972e+39
1075.3,4.456461336105868e+39
1075.82,4.4792034015392276e+39
1076.35,4.4179643111387335e+39
1076.88,4.4593711339870075e+39
1077.41,4.4842005680741977e+39
1077.94,4.0876757300756986e+39
1078.47,3.9866475246776125e+39
1078.99,3.339252631238984e+39
1079.52,3.0561453893257994e+39
1080.05,3.0656935525968706e+39
1080.58,3.003194538149927e+39
1081.11,2.88794013089281e+39
1081.64,2.916103280521515e+39
1082.17,3.052654211912167e+39
1082.7,2.985539117449578e+39
1083.23,2.6862496589354776e+39
1083.77,3.070580057693954e+39
1084.3,3.344290767968288e+39
1084.83,3.0445817069066164e+39
1085.36,3.618688798021694e+39
1085.89,3.44068439005894e+39
1086.43,3.423704307651119e+39
1086.96,3.9508614932457166e+39
1087.49,4.5572972755972495e+39
1088.02,4.301331470270215e+39
1088.56,4.526974014518751e+39
1089.09,4.1760294386221816e+39
1089.63,3.413883045351733e+39
1090.16,3.815520045342577e+39
1090.69,4.226868831133481e+39
1091.23,4.090753680351273e+39
1091.77,3.5121890708257506e+39
1092.3,3.296802373587367e+39
1092.84,3.2243150364662984e+39
1093.37,2.962332700235783e+39
1093.91,3.380932289809681e+39
1094.44,3.272421594946627e+39
1094.98,3.302416840384092e+39
1095.52,3.124600734099777e+39
1096.06,3.839522089729314e+39
1096.59,3.6809502416882187e+39
1097.13,4.356990146987781e+39
1097.67,3.8363973810209077e+39
1098.21,3.745765572882277e+39
1098.74,3.7546328174091406e+39
1099.28,4.067002875640848e+39
1099.82,4.0883821837204896e+39
1100.36,3.894291839062621e+39
1100.9,3.699687494596011e+39
1101.44,3.980531404830769e+39
1101.98,4.044613877856383e+39
1102.52,3.590898094934496e+39
1103.06,3.4935671350797916e+39
1103.6,3.8887955056999546e+39
1104.15,3.258901469998418e+39
1104.69,3.6064274208281024e+39
1105.23,3.8017865969989246e+39
1105.77,3.7385076451635847e+39
1106.31,3.999068193826989e+39
1106.85,4.098447213153609e+39
1107.4,3.9562184234953735e+39
1107.94,3.0369021217810586e+39
1108.48,3.2229497808569425e+39
1109.03,4.093426881763076e+39
1109.57,3.962051419888992e+39
1110.11,3.868950529317473e+39
1110.66,3.8940961592732296e+39
1111.2,3.8539824990949075e+39
1111.75,3.784892698558499e+39
1112.29,3.617848026756927e+39
1112.84,3.771877340394784e+39
1113.39,3.692026427913465e+39
1113.93,3.3635008672526725e+39
1114.48,3.523536546878533e+39
1115.02,3.316923994680382e+39
1115.57,3.4107380870923326e+39
1116.12,2.8677163911901195e+39
1116.67,2.952256049082001e+39
1117.21,3.0923665649922573e+39
1117.76,2.728844452311351e+39
1118.31,3.112408464856922e+39
1118.86,3.2048255131321233e+39
1119.41,2.918324757281407e+39
1119.95,3.566181221699199e+39
1120.5,3.769069227908163e+39
1121.05,3.104165115347652e+39
1121.6,3.1634830198327495e+39
1122.15,3.402249786469123e+39
1122.7,3.3494760545834064e+39
1123.25,3.210472525560594e+39
1123.8,1.7911346855248337e+39
1124.36,3.086581147374613e+39
1124.91,2.334839249050338e+39
1125.46,3.0200648668906435e+39
1126.01,3.022981968911629e+39
1126.56,2.9389002256123175e+39
1127.11,2.8221785328098456e+39
1127.67,2.719989314562084e+39
1128.22,1.903753659573582e+39
1128.77,2.3641460337302566e+39
1129.33,5.740992745843052e+39
1129.88,7.095623058662144e+39
1130.44,7.11776284571837e+39
1130.99,7.695727684851802e+39
1131.54,7.859517135654205e+39
1132.1,7.608012845987263e+39
1132.65,6.697417949846133e+39
1133.21,5.887931716335715e+39
1133.77,5.561066944087701e+39
1134.32,4.83116897679393e+39
1134.88,4.113726525758577e+39
1135.43,3.888650447051248e+39
1135.99,3.652936256988196e+39
1136.55,3.705657539592551e+39
1137.1,3.5605637682090525e+39
1137.66,2.9859460336718787e+39
1138.22,3.013968360447806e+39
1138.78,2.915942612484498e+39
1139.34,2.3017028525754577e+39
1139.9,2.264276916646263e+39
1140.45,2.906899355514e+39
1141.01,3.2175868502507037e+39
1141.57,3.074613720533295e+39
1142.13,3.961085072097443e+39
1142.69,4.018086008669618e+39
1143.25,4.1146631543108815e+39
1143.81,3.9935520245512176e+39
1144.38,3.2251084038955876e+39
1144.94,3.413495821979628e+39
1145.5,4.0828594914430456e+39
1146.06,3.9547888028433696e+39
1146.62,3.8944352732503914e+39
1147.18,3.8284738350561685e+39
1147.75,3.8309567936645865e+39
1148.31,3.891691851863208e+39
1148.87,3.8645562694156176e+39
1149.44,3.9037437141978404e+39
1150.0,3.7653328713059775e+39
1150.0,3.7653328713059775e+39
1150.3,3.785952864118952e+39
1150.6,3.801955498566686e+39
1150.89,3.576090173243033e+39
1151.19,3.756819134439184e+39
1151.49,3.914282019288308e+39
1151.79,3.882611514274336e+39
1152.09,3.710015833935362e+39
1152.39,3.5585050608122386e+39
1152.69,3.387188858494321e+39
1152.98,3.835048335851277e+39
1153.28,3.920056636615123e+39
1153.58,3.8702834816992e+39
1153.88,3.6587540049388866e+39
1154.18,3.617875728021777e+39
1154.48,3.7013834514657514e+39
1154.78,3.702580526202704e+39
1155.08,3.6466572520286236e+39
1155.38,3.6470807508449175e+39
1155.68,3.6917799953142966e+39
1155.98,3.220299353489199e+39
1156.28,3.7758669028896716e+39
1156.57,3.767183382469526e+39
1156.88,3.839525368218765e+39
1157.18,3.750398115156993e+39
1157.47,3.536111920820183e+39
1157.78,3.377576761670286e+39
1158.07,2.986509208610901e+39
1158.38,3.642277939658465e+39
1158.68,3.712547431383235e+39
1158.97,3.662441028987334e+39
1159.28,3.733789802662126e+39
1159.58,3.581201784128306e+39
1159.88,3.6217437464742893e+39
1160.18,3.3227421867690114e+39
1160.48,3.551612467221039e+39
1160.78,3.7227553634831056e+39
1161.08,3.776534827957699e+39
1161.38,3.6819895505237137e+39
1161.68,3.6311284222696e+39
1161.98,3.4701693209332696e+39
1162.28,3.523949879022066e+39
1162.58,3.5639268336356714e+39
1162.89,3.58119638886381e+39
1163.19,3.064482842788183e+39
1163.49,3.605423211021059e+39
1163.79,3.4358587878760775e+39
1164.09,3.555857610966672e+39
1164.39,3.3869861248576604e+39
1164.7,3.5179752092826903e+39
1165.0,3.160843080469141e+39
1165.3,3.7070517501533484e+39
1165.6,3.393550842041016e+39
1165.9,3.2065651633047895e+39
1166.21,3.692637155332722e+39
1166.51,3.5117398997351864e+39
1166.81,2.973706124038706e+39
1167.11,3.420217706028543e+39
1167.42,3.1293224071342754e+39
1167.72,3.377505076583956e+39
1168.02,3.477536600456274e+39
1168.32,3.313427002237957e+39
1168.63,3.0602292347331335e+39
1168.93,2.4550017699596165e+39
1169.23,3.252446761703554e+39
1169.54,3.3784658053232435e+39
1169.84,3.6012884714799926e+39
1170.14,3.5257887850486095e+39
1170.44,3.145898247113831e+39
1170.75,2.950896619458065e+39
1171.05,1.7940823369070292e+39
1171.35,2.6873902939567408e+39
1171.66,2.5919108633095574e+39
1171.96,2.0656580600651202e+39
1172.27,2.738783770605618e+39
1172.57,2.6698453881747338e+39
1172.87,2.5612759505296257e+39
1173.18,2.785002804318157e+39
1173.48,2.5703046559142982e+39
1173.79,2.822694439321856e+39
1174.09,2.8399639905373245e+39
1174.4,2.981000835902495e+39
1174.7,2.9489069102861593e+39
1175.0,2.178913693958716e+39
1175.31,2.2862266985651797e+39
1175.61,2.3733306993480747e+39
1175.92,2.5692568337606018e+39
1176.22,3.150768426183645e+39
1176.53,3.705975327959046e+39
1176.83,4.1938147868148895e+39
1177.14,4.3352604354267874e+39
1177.44,4.390984586854261e+39
1177.75,4.2122860491359126e+39
1178.05,4.186919138831268e+39
1178.36,3.965340757945803e+39
1178.66,4.154007049718018e+39
1178.97,3.978992926023087e+39
1179.27,3.861711982986848e+39
1179.58,3.6019345324881e+39
1179.89,3.2061345842145673e+39
1180.19,3.085307520222842e+39
1180.5,2.723295053244857e+39
1180.8,2.91335041698093e+39
1181.11,3.013491830265832e+39
1181.42,2.743262147874215e+39
1181.72,2.7631555571274584e+39
1182.03,3.028116818530036e+39
1182.33,3.0572478417306483e+39
1182.64,2.9915614973734874e+39
1182.95,2.1556846130753204e+39
1183.25,3.1328041118252366e+39
1183.56,3.178707192300595e+39
1183.87,3.2106858039980903e+39
1184.17,3.353635225906912e+39
1184.48,2.5178707760734366e+39
1184.79,3.463537063648778e+39
1185.09,3.965847727676545e+39
1185.4,3.69694029735995e+39
1185.71,4.175118814945151e+39
1186.02,4.084935852030269e+39
1186.32,4.04279235928331e+39
1186.63,3.649033394871631e+39
1186.94,3.755728930167253e+39
1187.25,3.680786615329585e+39
1187.56,3.508141016999626e+39
1187.86,3.423128775150889e+39
1188.17,3.420027817130035e+39
1188.48,3.390150242034931e+39
1188.79,3.454466426232856e+39
1189.09,3.455434130040239e+39
1189.4,3.451553811872671e+39
1189.71,3.566700794478824e+39
1190.02,3.554747095133738e+39
1190.33,3.429420480565533e+39
1190.64,3.6052282540118995e+39
1190.94,3.5981097525504675e+39
1191.25,2.8063151096581306e+39
1191.56,3.600629724386905e+39
1191.87,3.57734223454293e+39
1192.18,3.5711041552359614e+39
1192.49,3.569861256135246e+39
1192.8,3.5337709328416427e+39
1193.11,3.318222093864359e+39
1193.42,3.525595694428401e+39
1193.73,3.3598474829901276e+39
1194.04,3.4046825094690945e+39
1194.34,3.368941332696266e+39
1194.65,3.4588402500976094e+39
1194.96,3.430264114840288e+39
1195.27,3.3801394347448225e+39
1195.58,3.366833745759377e+39
1195.89,3.422068723543646e+39
1196.2,2.797665468604631e+39
1196.51,3.45042703737031e+39
1196.82,3.513556975711412e+39
1197.13,3.503492180550454e+39
1197.44,3.484619034064613e+39
1197.75,3.4798414467246524e+39
1198.06,3.5558514404987574e+39
1198.38,3.447129280906566e+39
1198.69,3.5745528552721644e+39
1199.0,3.5240809415120433e+39
1199.31,3.67815499631288e+39
1199.62,3.6240499741266785e+39
1199.93,3.598473668851051e+39
1200.24,3.465153521079944e+39
1200.55,3.483671995834151e+39
1200.86,3.2455034668852004e+39
1201.17,3.385843632451827e+39
1201.48,3.320333576640254e+39
1201.8,3.2137816738243737e+39
1202.11,2.325365311776854e+39
1202.42,3.176332873511363e+39
1202.73,3.150147062333793e+39
1203.04,3.1620275429731835e+39
1203.35,3.187502015540914e+39
1203.67,3.41338377957119e+39
1203.98,3.473681052542801e+39
1204.29,3.440132999645421e+39
1204.6,3.474460686069352e+39
1204.92,3.352892586848976e+39
1205.23,3.2840654913158475e+39
1205.54,3.225031626833831e+39
1205.85,3.4175599897405595e+39
1206.16,3.4502321309200356e+39
1206.48,2.487256382097426e+39
1206.79,3.438054228479373e+39
1207.1,3.2985638201182905e+39
1207.42,3.1841764773083013e+39
1207.73,3.338330254178473e+39
1208.04,3.3562280823925525e+39
1208.35,3.324099088337313e+39
1208.67,3.35087275902069e+39
1208.98,3.480180652608172e+39
1209.29,3.451005406566358e+39
1209.61,3.4039221213336845e+39
1209.92,3.419191825819524e+39
1210.23,3.172030231940729e+39
1210.55,2.728483258054748e+39
1210.86,2.8585457313547874e+39
1211.18,2.423813052662837e+39
1211.49,2.3042679061998093e+39
1211.8,2.3996440306020267e+39
1212.12,2.4321524718497707e+39
1212.43,2.5327386177948302e+39
1212.75,2.674434141356827e+39
1213.06,2.948585378072545e+39
1213.38,3.398405850158047e+39
1213.69,3.4758981484805324e+39
1214.0,4.016047506511287e+39
1214.32,4.54747558601681e+39
1214.63,4.7780663383796634e+39
1214.95,5.2472735999080633e+39
1215.26,4.85887255768735e+39
1215.58,5.0131077834448756e+39
1215.89,5.217096147920684e+39
1216.21,6.241663829533137e+39
1216.52,6.11020623215486e+39
1216.84,5.1318841797964125e+39
1217.15,4.288360460987677e+39
1217.47,4.8464203518669033e+39
1217.79,4.128290770663948e+39
1218.1,4.9099039509859036e+39
1218.42,4.617118517082266e+39
1218.73,3.793347305215216e+39
1219.05,4.379852306798321e+39
1219.36,4.149444135559654e+39
1219.68,3.929484852597503e+39
1220.0,3.2166271835344905e+39
1220.31,3.6123472553071886e+39
1220.63,3.694698062132652e+39
1220.94,3.140814433449306e+39
1221.26,2.724446105941563e+39
1221.58,3.499079150472052e+39
1221.9,3.077576906871486e+39
1222.21,3.065707462736351e+39
1222.53,3.428586251072347e+39
1222.84,3.49209557808791e+39
1223.16,2.9047563719312287e+39
1223.48,3.6409348751661037e+39
1223.8,2.790395198058763e+39
1224.11,3.593893861454203e+39
1224.43,3.573528753713643e+39
1224.75,3.493242886239108e+39
1225.06,3.478779040758544e+39
1225.38,3.51248994653953e+39
1225.7,3.412575569389472e+39
1226.02,3.2395031794220397e+39
1226.34,3.5631449724347126e+39
1226.65,3.499665041977466e+39
1226.97,3.5146291112058793e+39
1227.29,3.3994721147153674e+39
1227.61,3.330062818213239e+39
1227.93,3.027975341786002e+39
1228.24,2.8244267999461426e+39
1228.56,2.835294683518575e+39
1228.88,2.88863422489558e+39
1229.2,2.822841937996067e+39
1229.52,2.5489935285235352e+39
1229.84,2.4571919039992536e+39
1230.16,2.829356010501054e+39
1230.47,2.6094959191664157e+39
1230.79,2.4827990975434267e+39
1231.11,2.717595007905457e+39
1231.43,2.652137895203198e+39
1231.75,2.5553811150479782e+39
1232.07,2.4303760846127028e+39
1232.39,2.3630859302883224e+39
1232.71,2.3953364221023998e+39
1233.03,2.3750529645141287e+39
1233.35,2.4087917821926156e+39
1233.67,2.4611291600166524e+39
1233.99,2.4367374434095365e+39
1234.31,2.3852409422087513e+39
1234.63,2.2747043797910238e+39
1234.95,2.3327965508710182e+39
1235.27,2.2314541081277064e+39
1235.59,2.231866693974681e+39
1235.91,2.1913802425117056e+39
1236.23,2.0803501240643543e+39
1236.55,2.0813462151192214e+39
1236.87,1.9814494400046424e+39
1237.19,1.8668444410530452e+39
1237.51,1.7750609179830238e+39
1237.83,1.7385948494070164e+39
1238.15,1.8138589431825906e+39
1238.47,1.86693255097747e+39
1238.79,1.978990642068001e+39
1239.11,2.3594938441019267e+39
1239.44,2.427909804451869e+39
1239.76,2.5177792352462743e+39
1240.08,2.6480900009606215e+39
1240.4,2.778803458621525e+39
1240.72,2.6886416088986356e+39
1241.04,2.6771380616472347e+39
1241.36,2.7234581498001017e+39
1241.69,2.7447796956246454e+39
1242.01,2.908153881596442e+39
1242.33,3.1553479011819625e+39
1242.65,3.4495869397778915e+39
1242.97,4.1576403267456834e+39
1243.3,4.1951122199821257e+39
1243.62,4.161533136979876e+39
1243.94,3.9076270596617345e+39
1244.26,3.7064900315024477e+39
1244.58,3.668618411989973e+39
1244.91,3.5625345738300305e+39
1245.23,3.425438822615253e+39
1245.55,3.539675860563533e+39
1245.88,3.561014034422623e+39
1246.2,3.4482608521727046e+39
1246.52,3.5486741239766606e+39
1246.84,3.660426664980576e+39
1247.17,3.7229753807374744e+39
1247.49,2.854794881881856e+39
1247.81,3.438739201632572e+39
1248.14,3.482702649345258e+39
1248.46,3.7588057795835106e+39
1248.79,3.805977158952088e+39
1249.11,3.79742172026374e+39
1249.43,3.651864039606449e+39
1249.76,3.690076926196785e+39
1250.08,3.516595811761322e+39
1250.4,3.1768672652911133e+39
1250.73,3.219501101863083e+39
1251.05,3.337446738809318e+39
1251.38,3.4462991879786566e+39
1251.7,3.372080215627817e+39
1252.03,3.35888906348921e+39
1252.35,3.332036398755092e+39
1252.68,3.256391651657585e+39
1253.0,3.3321908678751e+39
1253.32,3.4057494481775116e+39
1253.65,3.0332921944589025e+39
1253.97,3.232138323695113e+39
1254.3,3.3448506848824166e+39
1254.62,3.230366532941855e+39
1254.95,3.008000861066573e+39
1255.27,2.826001582651514e+39
1255.6,3.443007066599347e+39
1255.93,3.324704896404979e+39
1256.25,3.1060369172894857e+39
1256.58,2.658221491300565e+39
1256.9,3.1948763771695376e+39
1257.23,3.3077141764114135e+39
1257.55,3.328129778420097e+39
1257.88,3.278292565067097e+39
1258.2,3.5116310515149143e+39
1258.53,3.2128432926752456e+39
1258.86,3.0952089269496935e+39
1259.18,3.4744051477739735e+39
1259.51,3.447151897581058e+39
1259.84,3.453982607626535e+39
1260.16,3.4364494400604113e+39
1260.49,3.477917061769132e+39
1260.82,3.423168279498757e+39
1261.14,3.437616189459173e+39
1261.47,3.435468359509938e+39
1261.8,3.302588874309836e+39
1262.12,3.576928286511212e+39
1262.45,3.616975597355553e+39
1262.78,3.63070263817863e+39
1263.11,3.6195579957002936e+39
1263.43,3.593935862776052e+39
1263.76,3.5342291403348136e+39
1264.09,3.473432329570404e+39
1264.42,3.293917665231958e+39
1264.74,3.2394896061719216e+39
1265.07,3.14311313004476e+39
1265.4,3.0849149428052675e+39
1265.73,3.1436640973295815e+39
1266.06,3.305819062050538e+39
1266.38,3.1520736275966373e+39
1266.71,3.2494119963103696e+39
1267.04,3.465795042130065e+39
1267.37,3.4023629765399465e+39
1267.7,3.480952389688328e+39
1268.03,3.4690071503225756e+39
1268.35,3.553043843802618e+39
1268.68,3.4848736322839817e+39
1269.01,3.120420886447233e+39
1269.34,3.000398864488002e+39
1269.67,2.750581285221197e+39
1270.0,2.6205934470417505e+39
1270.33,2.918990619279729e+39
1270.66,2.864651806108437e+39
1270.99,3.393365738367767e+39
1271.32,3.44182818387447e+39
1271.65,3.409317047269937e+39
1271.97,3.289229207218976e+39
1272.31,3.456072639382039e+39
1272.63,3.19866682750735e+39
1272.96,3.456574922835258e+39
1273.29,3.4032404419580023e+39
1273.62,2.9910176980943763e+39
1273.95,3.521559441199187e+39
1274.28,3.3757537256693823e+39
1274.61,3.2296068859974126e+39
1274.94,3.1526984341733466e+39
1275.28,3.299181143521731e+39
1275.61,3.466077599503565e+39
1275.94,3.3920331131992886e+39
1276.27,3.488040884481082e+39
1276.6,3.44367956041293e+39
1276.93,3.165363440880508e+39
1277.26,3.540903693248227e+39
1277.59,3.461579671202619e+39
1277.92,3.51725805813601e+39
1278.25,3.3657652333620716e+39
1278.58,3.5325075001257054e+39
1278.92,2.9629359705787125e+39
1279.25,3.406742587293916e+39
1279.58,3.237695956224216e+39
1279.91,3.160039393557289e+39
1280.24,3.1370296356354485e+39
1280.57,3.2485865209041943e+39
1280.91,3.4283173598413875e+39
1281.24,3.324039758964526e+39
1281.57,3.316584714827381e+39
1281.9,3.284699721537294e+39
1282.23,2.965172383919241e+39
1282.57,3.129716063653653e+39
1282.9,3.2891114733153783e+39
1283.23,3.530160929735126e+39
1283.56,3.548357239134739e+39
1283.9,3.5426688789767126e+39
1284.23,3.326540491113863e+39
1284.56,3.7281620429410557e+39
1284.9,3.819857083428371e+39
1285.23,3.691632856741645e+39
1285.56,3.779893876422619e+39
1285.9,3.486350557258012e+39
1286.23,3.742325704926456e+39
1286.56,3.6112855385571436e+39
1286.9,3.2560599555091304e+39
1287.23,3.1346717263309893e+39
1287.56,2.9220568339527126e+39
1287.9,3.3646900724795696e+39
1288.23,3.2993676568433786e+39
1288.56,3.616063796236832e+39
1288.9,3.4056627074065135e+39
1289.23,3.2731540683328325e+39
1289.57,3.675711570264904e+39
1289.9,3.8082520523216823e+39
1290.23,3.557457100174676e+39
1290.57,3.380989308710893e+39
1290.9,3.5573552042471005e+39
1291.24,3.627695194452952e+39
1291.57,3.865393158846558e+39
1291.91,4.241430991089144e+39
1292.24,4.388962264886497e+39
1292.58,4.59769488192653e+39
1292.91,4.6700246149417476e+39
1293.25,4.479577336587502e+39
1293.58,4.72808901472347e+39
1293.92,4.609704474804971e+39
1294.25,4.444176240738961e+39
1294.59,3.419308489749521e+39
1294.92,4.3721601219635766e+39
1295.26,4.533907369999048e+39
1295.59,4.751163799540811e+39
1295.93,4.68431733399426e+39
1296.27,3.9581051979097145e+39
1296.6,4.274086059883272e+39
1296.94,4.567348539474596e+39
1297.28,4.3151408791072574e+39
1297.61,3.734570953677079e+39
1297.95,3.8486764938793517e+39
1298.28,4.1051309489553576e+39
1298.62,4.155062639526319e+39
1298.96,3.390846019220622e+39
1299.29,4.1706474826205665e+39
1299.63,4.112101678669748e+39
1299.97,4.101796776300636e+39
1300.3,3.8726084168659194e+39
1300.64,3.721380840660268e+39
1300.98,3.538625457044647e+39
1301.32,3.774983220485099e+39
1301.65,3.8020776255295124e+39
1301.99,3.8425657273878964e+39
1302.33,3.750261731631149e+39
1302.67,3.6693724823324377e+39
1303.0,3.5545739453313574e+39
1303.34,2.6540412733121104e+39
1303.68,3.475423549635105e+39
1304.02,3.589448734496023e+39
1304.35,3.590982665161988e+39
1304.69,3.531597715592121e+39
1305.03,3.5157909328503336e+39
1305.37,3.307459525335343e+39
1305.71,3.295078134448246e+39
1306.05,2.844897209367912e+39
1306.38,3.5180842125735964e+39
1306.72,3.4628722486608025e+39
1307.06,3.544103478067041e+39
1307.4,3.0868533846021806e+39
1307.74,3.582657541902112e+39
1308.08,3.6445530625849736e+39
1308.42,3.6212036147897476e+39
1308.76,3.2238980537360016e+39
1309.09,3.570406561884004e+39
1309.43,3.493410591061363e+39
1309.77,3.462750665885836e+39
1310.11,3.298165460816234e+39
1310.45,3.526495117544319e+39
1310.79,3.489825926937933e+39
1311.13,3.20120785437886e+39
1311.47,3.320424536815517e+39
1311.81,2.6804208505884294e+39
1312.15,3.167903864943001e+39
1312.49,3.1171710465119976e+39
1312.83,3.5010547956539264e+39
1313.17,3.538399112925913e+39
1313.51,3.5656501209825217e+39
1313.85,3.592089916626258e+39
1314.19,3.5717860721047206e+39
1314.53,3.358717263670797e+39
1314.88,3.553943864513524e+39
1315.22,3.615497777956363e+39
1315.56,3.532282276282893e+39
1315.9,3.56929524787835e+39
1316.24,3.527437390056933e+39
1316.58,3.6142311388217325e+39
1316.92,3.4797841203571543e+39
1317.26,3.4665578350416173e+39
1317.6,3.4412352949159556e+39
1317.94,3.3926714686724727e+39
1318.29,3.167148154185238e+39
1318.63,3.356658656363999e+39
1318.97,3.577303811724329e+39
1319.31,3.3228008829606395e+39
1319.65,3.4036324484528097e+39
1320.0,3.4215148656901615e+39
1320.34,2.9048683711410186e+39
1320.68,3.1072366540689763e+39
1321.02,3.333512222050226e+39
1321.36,2.79183417609158e+39
1321.71,3.4002793890683095e+39
1322.05,3.438126572346311e+39
1322.39,3.4186896830699895e+39
1322.74,3.270800667052971e+39
1323.08,3.0030437260914394e+39
1323.42,3.2555106079417865e+39
1323.76,3.330170388023791e+39
1324.11,3.470806138505668e+39
1324.45,3.321371506020716e+39
1324.79,3.5312172350538206e+39
1325.14,3.648866443437132e+39
1325.48,3.627894982920887e+39
1325.82,3.264159170671292e+39
1326.17,3.4187275454714944e+39
1326.51,3.2990084110666783e+39
1326.85,3.474953955714096e+39
1327.2,3.527847289581624e+39
1327.54,3.558486029031347e+39
1327.89,3.680322188535458e+39
1328.23,3.6657359933288796e+39
1328.58,3.607128475157876e+39
1328.92,3.570563911106049e+39
1329.27,3.565390397655365e+39
1329.61,3.5551026693671573e+39
1329.95,3.474538544228523e+39
1330.3,3.2847112145894805e+39
1330.64,3.541131353868609e+39
1330.99,3.464387236633265e+39
1331.33,3.33485040666463e+39
1331.68,3.156906970395106e+39
1332.02,3.5992461020612477e+39
1332.37,3.530423428663091e+39
1332.71,3.685330041288686e+39
1333.06,3.6317125598917954e+39
1333.41,3.639623504580113e+39
1333.75,3.615978162556331e+39
1334.1,3.5496098400047413e+39
1334.44,2.9000119686199773e+39
1334.79,3.403176226519975e+39
1335.13,3.3031130842080817e+39
1335.48,3.37722500372601e+39
1335.83,2.80101619070235e+39
1336.17,3.0035009064291867e+39
1336.52,3.2794608460485005e+39
1336.86,3.2523980101697244e+39
1337.21,3.3768162803860515e+39
1337.56,3.341955830717689e+39
1337.91,3.218722277206914e+39
1338.25,3.139156135687811e+39
1338.6,2.5366163567229746e+39
1338.94,3.6434540737325074e+39
1339.29,3.6809019230210945e+39
1339.64,3.2830290415695636e+39
1339.99,3.743994402536877e+39
1340.33,3.609022940976612e+39
1340.68,3.682535690424546e+39
1341.03,3.546776189465913e+39
1341.38,3.497599696956536e+39
1341.72,3.395960410676871e+39
1342.07,3.276935943860162e+39
1342.42,2.855701353450462e+39
1342.77,3.153894237918898e+39
1343.11,3.009800585271437e+39
1343.46,2.5919766446569458e+39
1343.81,3.674548227372137e+39
1344.16,3.607499891781887e+39
1344.51,3.6540856868770166e+39
1344.86,3.5294841774040523e+39
1345.21,3.681151761329966e+39
1345.55,3.315759049542306e+39
1345.9,3.840744251268358e+39
1346.25,3.8494420463437905e+39
1346.6,3.829659421408444e+39
1346.95,3.745781940239241e+39
1347.3,3.29658896641519e+39
1347.65,3.6006182713208206e+39
1348.0,3.43225330760346e+39
1348.35,3.6419296670780844e+39
1348.7,3.5772866984493974e+39
1349.05,3.619816689313697e+39
1349.4,3.659719908700162e+39
1349.74,3.6844971379939265e+39
1350.09,3.6362981886213594e+39
1350.44,3.588647105218652e+39
1350.8,3.675978039422443e+39
1351.15,3.5760548175207136e+39
1351.49,3.081445787501104e+39
1351.84,3.632919597797423e+39
1352.2,3.6057692591685017e+39
1352.55,3.433833096021256e+39
1352.9,3.329587482668831e+39
1353.25,3.292923761627433e+39
1353.6,3.197978417549541e+39
1353.95,3.1999943269364407e+39
1354.3,3.125379188802858e+39
1354.65,3.1903332589609824e+39
1355.0,3.228265276948029e+39
1355.35,3.10564783026542e+39
1355.7,3.355637406575409e+39
1356.06,2.8349503906266863e+39
1356.41,3.419778177004034e+39
1356.76,3.493737237899423e+39
1357.11,2.9016990693590653e+39
1357.46,3.620214734479763e+39
1357.81,3.428575131241804e+39
1358.17,3.655281577715842e+39
1358.52,3.2482200261163616e+39
1358.87,3.5210292005294805e+39
1359.22,3.114177768685863e+39
1359.57,3.595230672517583e+39
1359.93,3.5476583253889173e+39
1360.28,3.5591337675508925e+39
1360.63,3.3980238670178995e+39
1360.98,3.3553523213857934e+39
1361.34,3.161123439528689e+39
1361.69,2.8775463657490406e+39
1362.04,3.3585575750613763e+39
1362.4,3.398889566794509e+39
1362.75,3.336794258454644e+39
1363.1,2.9459234044406264e+39
1363.46,3.063474740426501e+39
1363.81,3.1052431214888045e+39
1364.16,3.2312946449006074e+39
1364.52,3.135438715249176e+39
1364.87,2.838105637515415e+39
1365.22,3.02258446447402e+39
1365.58,2.745422004097827e+39
1365.93,3.1219668757900245e+39
1366.29,3.176714808412013e+39
1366.64,3.162909036559335e+39
1366.99,2.906595362778911e+39
1367.35,2.972633818653877e+39
1367.7,2.952965360469051e+39
1368.06,2.9311945538692006e+39
1368.41,2.9077767109003686e+39
1368.77,2.95499535587133e+39
1369.12,2.9819659745460043e+39
1369.48,2.920504572075626e+39
1369.83,3.0677731730867974e+39
1370.19,3.1020437012379335e+39
1370.54,3.204001732035851e+39
1370.9,3.220971410648942e+39
1371.25,3.389074982132398e+39
1371.61,3.758888916758217e+39
1371.96,3.4847492492781996e+39
1372.32,3.9472357598445e+39
1372.67,3.584631878338449e+39
1373.03,3.5309822615832134e+39
1373.39,3.546061191238569e+39
1373.74,3.2046964749026615e+39
1374.1,3.057785625869845e+39
1374.45,3.707209852139835e+39
1374.81,3.32090725462435e+39
1375.17,3.6783753370341925e+39
1375.52,3.491365896517077e+39
1375.88,3.523742036474764e+39
1376.23,3.1830996950560445e+39
1376.59,3.459110345699228e+39
1376.95,3.5058091435873064e+39
1377.31,3.5672356615554137e+39
1377.66,3.143219057564986e+39
1378.02,3.079197518065096e+39
1378.38,3.257092760015294e+39
1378.73,3.108794756402564e+39
1379.09,3.1025872294450125e+39
1379.45,3.3514722831433186e+39
1379.81,3.423236829324847e+39
1380.16,3.071338199900379e+39
1380.52,3.502824108272088e+39
1380.88,3.6687373273521094e+39
1381.24,3.553711736209835e+39
1381.6,3.303295941525708e+39
1381.95,3.7469044949420624e+39
1382.31,3.703883672585724e+39
1382.67,3.637740907084401e+39
1383.03,3.539043495629176e+39
1383.39,3.479042612208703e+39
1383.75,3.3951057641665283e+39
1384.1,3.1613077129937716e+39
1384.46,3.540786689436803e+39
1384.82,3.4904584321138506e+39
1385.18,3.461026228701097e+39
1385.54,3.3955061901912204e+39
1385.9,3.245894297562896e+39
1386.26,3.1292785219988224e+39
1386.62,3.4386190568796165e+39
1386.98,3.351922062991098e+39
1387.34,3.0846348328481024e+39
1387.7,3.4169105119634434e+39
1388.06,3.2692900391918556e+39
1388.42,3.523410933480666e+39
1388.78,3.5258444132587013e+39
1389.14,3.4232056512693234e+39
1389.49,3.2562132644191556e+39
1389.85,3.2664140033804844e+39
1390.21,3.222982493541944e+39
1390.58,3.0155344543881034e+39
1390.94,2.6252520837315487e+39
1391.3,2.902068962070785e+39
1391.66,3.0081150639994855e+39
1392.02,3.143917638329272e+39
1392.38,3.176127115813224e+39
1392.74,3.294083399751614e+39
1393.1,2.998481025567143e+39
1393.46,3.206845368139183e+39
1393.82,2.410153664006311e+39
1394.18,3.026644729381658e+39
1394.55,3.04224864270436e+39
1394.91,3.188029370293011e+39
1395.27,3.0625974478998316e+39
1395.63,3.277159005701186e+39
1395.99,2.9013832913525e+39
1396.35,3.383161208754005e+39
1396.72,3.3951705556932084e+39
1397.08,3.0709954441503073e+39
1397.44,3.35472359506208e+39
1397.8,3.436562993827835e+39
1398.16,2.7709702929404984e+39
1398.53,3.7160431320038873e+39
1398.89,3.308249810625106e+39
1399.25,3.60337256970851e+39
1399.61,3.453228062968579e+39
1399.98,2.930305536020341e+39
1400.34,3.177012944053519e+39
1400.7,2.9367370052861625e+39
1401.07,3.135181423321357e+39
1401.43,3.3635565521719616e+39
1401.79,3.3121102410308613e+39
1402.16,3.275158953273919e+39
1402.52,3.3362486981924174e+39
1402.88,2.4978390161499568e+39
1403.25,2.9007614917366923e+39
1403.61,3.619995531412541e+39
1403.97,3.5232783417737855e+39
1404.34,3.498867625309845e+39
1404.7,3.539432816907472e+39
1405.06,3.503158428604919e+39
1405.43,3.3846219107473833e+39
1405.79,3.2952331891632415e+39
1406.16,3.071824638169863e+39
1406.52,2.990627327390987e+39
1406.89,2.477150808284971e+39
1407.25,2.511471254783645e+39
1407.62,3.0799824724815975e+39
1407.98,3.089753952567672e+39
1408.35,3.152418107806444e+39
1408.71,2.5209951783431514e+39
1409.08,2.722421303708135e+39
1409.44,2.7003082712268518e+39
1409.81,2.751544219091988e+39
1410.17,3.3646844713570745e+39
1410.54,3.5496646401735994e+39
1410.9,3.723445547294857e+39
1411.27,3.636702863498775e+39
1411.64,3.5473214456365154e+39
1412.0,3.86961697548013e+39
1412.37,3.909673916997343e+39
1412.73,3.8226788011525146e+39
1413.1,3.6902874582140326e+39
1413.46,3.566111246463404e+39
1413.83,3.527421299506213e+39
1414.2,3.307269259854029e+39
1414.56,2.9651257871685125e+39
1414.93,3.332229469506728e+39
1415.3,3.236655346543918e+39
1415.67,3.255050931296782e+39
1416.03,3.2674615965767586e+39
1416.4,3.3553002114590255e+39
1416.77,3.33021332465848e+39
1417.13,3.096735512057777e+39
1417.5,3.2574994160254764e+39
1417.87,3.1840828322876487e+39
1418.23,3.242664004388869e+39
1418.6,3.3868965033379e+39
1418.97,3.5543611299909674e+39
1419.34,3.6124415330704975e+39
1419.71,3.566643927697954e+39
1420.07,3.20131077161996e+39
1420.44,3.269686222233971e+39
1420.81,3.889680878137461e+39
1421.18,3.275454118344231e+39
1421.55,3.9992515634860403e+39
1421.92,3.848359019560312e+39
1422.28,3.6938703925597666e+39
1422.65,3.391243100499853e+39
1423.02,3.5304493177211343e+39
1423.39,3.4834608727946276e+39
1423.76,3.434407231252152e+39
1424.13,3.321716323388694e+39
1424.5,2.772255088208301e+39
1424.87,3.426050306883811e+39
1425.23,3.513002782478452e+39
1425.6,3.5251600445590164e+39
1425.97,3.3721670650386367e+39
1426.34,2.897538559619708e+39
1426.71,3.395777795400758e+39
1427.08,3.4583520631212444e+39
1427.45,2.6911189406637395e+39
1427.82,2.7735306908418983e+39
1428.19,2.881463071757061e+39
1428.56,2.956535780947858e+39
1428.93,2.61518983567334e+39
1429.3,3.129055735568031e+39
1429.68,3.4819611411411334e+39
1430.05,3.5177421092791265e+39
1430.42,2.942822542063623e+39
1430.79,3.3045638658492255e+39
1431.16,3.6709141197627833e+39
1431.53,3.617631263335721e+39
1431.9,3.523095137427712e+39
1432.27,3.708164121847533e+39
1432.64,3.656929675023876e+39
1433.01,3.47571554388311e+39
1433.38,3.605635325403042e+39
1433.76,3.5134440882266673e+39
1434.13,3.5420161112135267e+39
1434.5,3.192698986261974e+39
1434.87,3.5153241111989566e+39
1435.24,3.015454140758059e+39
1435.61,3.5733046109993184e+39
1435.99,3.5162603008213196e+39
1436.36,3.523126533437954e+39
1436.73,3.348462361538939e+39
1437.1,3.310528843951683e+39
1437.48,3.256399319127276e+39
1437.85,3.3871076649958325e+39
1438.22,3.430047311748464e+39
1438.59,3.350279052948557e+39
1438.97,3.199265473773244e+39
1439.34,3.292537051688878e+39
1439.71,2.9724929031249776e+39
1440.09,3.183240043003528e+39
1440.46,2.632686019220945e+39
1440.83,2.821230107184461e+39
1441.21,3.000656909700148e+39
1441.58,3.296061518332365e+39
1441.95,3.32428932192341e+39
1442.33,3.356364014217115e+39
1442.7,3.3077915219893074e+39
1443.07,3.4487112761356684e+39
1443.45,3.3611348706487646e+39
1443.82,3.6351631417572027e+39
1444.2,3.609127706679976e+39
1444.57,3.68909193594957e+39
1444.95,3.1758286725548124e+39
1445.32,3.526822145324689e+39
1445.69,3.2525927618689365e+39
1446.07,3.288184318414633e+39
1446.44,3.074549962438496e+39
1446.82,3.072536407490208e+39
1447.19,3.094697930239088e+39
1447.57,3.0131908882994686e+39
1447.94,3.140273897932394e+39
1448.32,3.2794843188135355e+39
1448.69,3.195479975789627e+39
1449.07,2.942956066539126e+39
1449.45,3.2525297666680013e+39
1449.82,2.88297786472226e+39
1450.2,3.120602552565031e+39
1450.57,3.2367424793056626e+39
1450.95,3.2303899494956864e+39
1451.33,3.4219335905204256e+39
1451.7,3.490354894056947e+39
1452.08,3.541538093910741e+39
1452.45,3.256778988096784e+39
1452.83,3.50881437012067e+39
1453.21,3.6247861099169143e+39
1453.58,3.036885556823294e+39
1453.96,3.3829080568797866e+39
1454.34,3.425088909063109e+39
1454.71,3.133268141381906e+39
1455.09,3.626427462424917e+39
1455.47,3.031100345835529e+39
1455.85,3.574304275046996e+39
1456.22,3.175744923807177e+39
1456.6,3.5916579717557854e+39
1456.98,3.69049242650924e+39
1457.36,3.217834099475851e+39
1457.73,3.150147426541624e+39
1458.11,3.586907538433388e+39
1458.49,3.1180241162309923e+39
1458.87,3.5108214535902155e+39
1459.24,2.6482313173896532e+39
1459.62,3.32196583967369e+39
1460.0,3.487983267289787e+39
1460.38,3.2995416060270845e+39
1460.76,3.0194150176258966e+39
1461.14,3.538721957671104e+39
1461.52,3.47512104443863e+39
1461.9,3.547835145078429e+39
1462.27,3.196072123390035e+39
1462.65,2.9584216052642793e+39
1463.03,3.514419171310339e+39
1463.41,3.497977831747766e+39
1463.79,3.198530864876908e+39
1464.17,2.955316772133491e+39
1464.55,3.10976470939432e+39
1464.93,3.132427460284431e+39
1465.31,2.923509530218774e+39
1465.69,3.44887937296627e+39
1466.07,3.43448713534536e+39
1466.45,3.0623507638062294e+39
1466.83,3.0075151319607995e+39
1467.21,3.363415771584751e+39
1467.59,3.5183832060324224e+39
1467.97,3.514111758075816e+39
1468.35,3.4909839031533754e+39
1468.73,3.448974397119438e+39
1469.11,3.471058565901509e+39
1469.49,3.5116704974786746e+39
1469.87,3.102454514538285e+39
1470.25,3.1995355000948104e+39
1470.64,3.470815122191602e+39
1471.02,3.3297147582530556e+39
1471.4,3.3438314786621554e+39
1471.78,3.276284661178822e+39
1472.16,3.1009786128544917e+39
1472.54,2.963437750728669e+39
1472.92,3.56584730860217e+39
1473.31,3.6324860932994307e+39
1473.69,3.6925865360522714e+39
1474.07,3.6182394007040133e+39
1474.45,3.519279910544624e+39
1474.83,3.429811223942194e+39
1475.21,3.3353124067512567e+39
1475.6,2.9405399743191515e+39
1475.98,3.404190197874323e+39
1476.36,3.2916833991373893e+39
1476.74,3.4569435893194865e+39
1477.13,3.478846920546537e+39
1477.51,3.1298933884094654e+39
1477.89,3.405914689264287e+39
1478.28,2.9124385899294474e+39
1478.66,3.391571584652939e+39
1479.04,3.315165348447691e+39
1479.43,2.736139214840779e+39
1479.81,3.2475989107140103e+39
1480.19,3.224159948772989e+39
1480.58,3.2618918675007636e+39
1480.96,3.2516539510463996e+39
1481.34,3.162475976878268e+39
1481.73,3.2093712885778685e+39
1482.11,3.3008278679830184e+39
1482.5,3.3636097672492785e+39
1482.88,3.4099539880098526e+39
1483.27,3.0905177788715914e+39
1483.65,3.483727365809129e+39
1484.03,3.301924005895558e+39
1484.42,3.2163981285587087e+39
1484.8,3.406220153234142e+39
1485.19,3.3066287766177156e+39
1485.57,3.355972196515278e+39
1485.96,3.1823551880160436e+39
1486.34,3.2772943821787363e+39
1486.73,3.2436957013359115e+39
1487.11,3.388570064849206e+39
1487.5,3.3918815078579975e+39
1487.89,3.083646935312269e+39
1488.27,3.34118369696344e+39
1488.66,3.3363674940533676e+39
1489.04,3.266849685406678e+39
1489.43,3.3251575957785835e+39
1489.81,2.959695759133065e+39
1490.2,3.1335722068956626e+39
1490.59,3.428808268747877e+39
1490.97,3.442398092930186e+39
1491.36,3.430655488286699e+39
1491.75,3.3436659177792264e+39
1492.13,3.303848019868527e+39
1492.52,3.386143430958742e+39
1492.91,3.395395709874178e+39
1493.29,3.4020200806692133e+39
1493.68,2.5932921093678135e+39
1494.07,3.358967192965131e+39
1494.45,3.1924311283692427e+39
1494.84,3.357108540095386e+39
1495.23,2.978303744638566e+39
1495.62,3.174501031286166e+39
1496.01,3.4057963964508544e+39
1496.39,3.3695402070294825e+39
1496.78,3.430544359249174e+39
1497.17,3.4653334079140055e+39
1497.56,3.1308812941584183e+39
1497.94,2.922651114069025e+39
1498.33,3.5862267474005216e+39
1498.72,3.060328931976469e+39
1499.11,3.238083653956245e+39
1499.5,3.455553448964583e+39
1499.89,3.4609614382320303e+39
1500.28,3.146194024846411e+39
1500.66,3.3537823565983194e+39
1501.05,3.2969940152801134e+39
1501.44,3.183179566418187e+39
1501.83,2.761619335007669e+39
1502.22,3.174944869094544e+39
1502.61,3.5215856870921204e+39
1503.0,3.4044740652151886e+39
1503.39,3.43487944477673e+39
1503.78,3.430067506557345e+39
1504.17,3.452498794625255e+39
1504.56,3.125677051787e+39
1504.95,3.67920827838611e+39
1505.34,3.600927227530883e+39
1505.73,3.3491252985536326e+39
1506.12,3.6435885810992215e+39
1506.51,3.6718691863476906e+39
1506.9,3.4767623079292437e+39
1507.29,3.564944167569504e+39
1507.68,3.4880314807908966e+39
1508.07,3.4767862461662804e+39
1508.46,3.4368099536831455e+39
1508.85,3.1449444261957257e+39
1509.24,3.323688886548717e+39
1509.64,3.328459348658583e+39
1510.03,3.37109124374846e+39
1510.42,3.384758512485371e+39
1510.81,3.3931248943681075e+39
1511.2,2.9258304280394586e+39
1511.59,3.224173348047266e+39
1511.98,3.4202475451730504e+39
1512.38,3.275155924207918e+39
1512.77,2.9411080803387904e+39
1513.16,3.334724132450844e+39
1513.55,3.055897371786577e+39
1513.94,3.411988367918192e+39
1514.34,3.393919940875012e+39
1514.73,3.395159777698876e+39
1515.12,3.4030534081930124e+39
1515.52,3.101148631230546e+39
1515.91,3.311056598047511e+39
1516.3,3.234020457265986e+39
1516.69,2.8065876679155306e+39
1517.09,3.2956685173579354e+39
1517.48,3.3135898398789177e+39
1517.87,3.198701173272445e+39
1518.27,3.313581280014774e+39
1518.66,3.1805478056208866e+39
1519.05,2.907139834558683e+39
1519.45,3.277924398723358e+39
1519.84,3.281423698780887e+39
1520.23,3.2647909951429607e+39
1520.63,2.5867082729525647e+39
1521.02,3.138599660771271e+39
1521.42,3.063054305693358e+39
1521.81,3.0994738949692176e+39
1522.21,3.0612245233477046e+39
1522.6,3.0459792553825315e+39
1522.99,3.058144110028709e+39
1523.39,3.005888141095342e+39
1523.79,3.1099749900652486e+39
1524.18,3.014641133605474e+39
1524.57,3.076405654742686e+39
1524.97,2.971497534688077e+39
1525.36,2.7893425633733934e+39
1525.76,3.176346708611399e+39
1526.16,3.137282680301259e+39
1526.55,3.249200151742595e+39
1526.95,3.043905046338228e+39
1527.34,3.0425157053287494e+39
1527.74,2.763162042442011e+39
1528.14,3.1248510415984755e+39
1528.53,3.15282178687534e+39
1528.93,3.1174628423851855e+39
1529.32,3.235268402621813e+39
1529.72,3.1824462784794576e+39
1530.12,2.4459709363565213e+39
1530.51,2.8060713909793976e+39
1530.91,3.227324707929298e+39
1531.31,2.7856335600399905e+39
1531.7,3.0450525709031145e+39
1532.1,3.0774466280153624e+39
1532.5,2.895032586343786e+39
1532.9,2.6381141866348692e+39
1533.29,2.6385391494967145e+39
1533.69,3.2138692086980254e+39
1534.09,3.061823154056716e+39
1534.48,2.991865548308602e+39
1534.88,2.7136796750594343e+39
1535.28,2.91240910090176e+39
1535.68,2.6068346151404958e+39
1536.08,3.050489525201623e+39
1536.47,2.9093210311402475e+39
1536.87,2.95297396733814e+39
1537.27,2.52398197259777e+39
1537.67,2.881657307845468e+39
1538.07,2.5577532313746954e+39
1538.47,2.6550697085195013e+39
1538.86,2.2119428697280415e+39
1539.26,2.4072779817148678e+39
1539.66,2.432493390919947e+39
1540.06,2.1974087691782174e+39
1540.46,2.331924309364104e+39
1540.86,2.5922273834948132e+39
1541.26,2.6905148223422926e+39
1541.66,2.6989535960147377e+39
1542.06,2.338378214504266e+39
1542.46,2.3989627808888326e+39
1542.86,2.422098400429272e+39
1543.26,2.5157627176792247e+39
1543.66,2.0876000216114037e+39
1544.06,2.1512690529948276e+39
1544.46,1.7604840140121174e+39
1544.86,1.833662728140201e+39
1545.26,2.3992026891259375e+39
1545.66,2.4732306839392483e+39
1546.06,2.868749379306665e+39
1546.46,2.6300816245801622e+39
1546.86,3.074332542944857e+39
1547.26,3.058119792610864e+39
1547.66,3.090856326726428e+39
1548.06,3.352141974687852e+39
1548.47,4.0835912456527276e+39
1548.87,4.194095542676666e+39
1549.27,4.3621344370142067e+39
1549.67,4.4727313224345964e+39
1550.07,4.4684604620165677e+39
1550.47,4.6295908661174546e+39
1550.88,4.737870444336841e+39
1551.28,5.53120311923432e+39
1551.68,5.556969498001329e+39
1552.08,5.088836750436116e+39
1552.48,5.3701197454185117e+39
1552.89,5.187994364185053e+39
1553.29,4.4112727278125803e+39
1553.69,4.867799886975454e+39
1554.09,4.5021061323239793e+39
1554.5,4.527479300678235e+39
1554.9,3.850764052905337e+39
1555.3,3.977140717965289e+39
1555.71,4.055467144740027e+39
1556.11,3.6367305528998446e+39
1556.51,3.5097351836522044e+39
1556.92,3.639006679219842e+39
1557.32,3.2246139938962015e+39
1557.72,3.704616965355692e+39
1558.13,3.449605729336712e+39
1558.53,3.548595161052206e+39
1558.93,3.318366894010905e+39
1559.34,3.1454478606935746e+39
1559.74,3.3635071979186795e+39
1560.15,2.883115838714989e+39
1560.55,2.9077309214196546e+39
1560.96,3.357112678695285e+39
1561.36,2.7097586533359476e+39
1561.77,3.322196900631422e+39
1562.17,3.245121693181151e+39
1562.57,3.127761983267958e+39
1562.98,3.263033024460288e+39
1563.39,3.2160013054871755e+39
1563.79,2.979134716574557e+39
1564.19,2.6731370095866832e+39
1564.6,2.5024022945460284e+39
1565.01,3.0191179287309314e+39
1565.41,3.0198303871461765e+39
1565.82,2.8087280369874804e+39
1566.22,2.5422398662155793e+39
1566.63,2.641909360484314e+39
1567.04,2.828835585798149e+39
1567.44,3.300227718782359e+39
1567.85,3.3310174392458834e+39
1568.25,2.614158531510565e+39
1568.66,2.92410996726979e+39
1569.07,3.484535248284133e+39
1569.47,3.4624864259211345e+39
1569.88,3.5456675517620694e+39
1570.29,3.320147078435395e+39
1570.69,3.3513418526686397e+39
1571.1,3.299945777046413e+39
1571.51,3.2676403444402605e+39
1571.92,3.002348249410672e+39
1572.32,2.985128839739872e+39
1572.73,3.0659534170804706e+39
1573.14,3.1506340279726384e+39
1573.55,3.1521748649233344e+39
1573.95,3.175167721930183e+39
1574.36,3.220912193234389e+39
1574.77,2.6346385075866617e+39
1575.18,2.7030440293430884e+39
1575.59,2.759085378448875e+39
1575.99,3.240344566401244e+39
1576.4,2.9738775699176946e+39
1576.81,3.2534558043107705e+39
1577.22,2.9201601674594116e+39
1577.63,3.45784440278871e+39
1578.04,2.933666402808921e+39
1578.45,3.539613804436972e+39
1578.86,3.495110460601824e+39
1579.27,3.3113554717391844e+39
1579.68,3.0792898897727416e+39
1580.08,3.459389789923616e+39
1580.49,3.4255003832386185e+39
1580.9,2.892533616944761e+39
1581.31,3.160841240887779e+39
1581.72,3.226835490986609e+39
1582.13,3.266711945538797e+39
1582.54,3.164497305867301e+39
1582.95,3.2628530421825856e+39
1583.36,3.269321296934495e+39
1583.77,3.0570155053655124e+39
1584.18,3.31243700423141e+39
1584.59,3.4460975099888635e+39
1585.01,3.0051842192520573e+39
1585.42,3.6512446132074765e+39
1585.83,3.046145945559284e+39
1586.24,3.4510434999045286e+39
1586.65,3.571906715596362e+39
1587.06,3.499288354311037e+39
1587.47,3.055690071284529e+39
1587.88,3.3512654038073815e+39
1588.3,3.2382697772051555e+39
1588.71,3.089141383534696e+39
1589.12,3.123723090421509e+39
1589.53,3.1441789349343146e+39
1589.94,3.111013982453783e+39
1590.35,3.298425321750963e+39
1590.77,3.3389767671196644e+39
1591.18,3.4051641825329006e+39
1591.59,3.306912467353965e+39
1592.0,2.978841021405663e+39
1592.42,3.674548628911408e+39
1592.83,3.7198771054177e+39
1593.24,3.6301382814034054e+39
1593.66,3.531434658761041e+39
1594.07,3.469301209445594e+39
1594.48,3.5205631774406466e+39
1594.89,3.080006131004462e+39
1595.31,3.364602016443462e+39
1595.72,3.233566047028183e+39
1596.14,3.206287203665987e+39
1596.55,3.129241350598539e+39
1596.96,3.1419191989042367e+39
1597.38,3.037411051477228e+39
1597.79,3.220090921576105e+39
1598.2,3.217525653302763e+39
1598.62,2.995190827404108e+39
1599.03,3.1467631243549467e+39
1599.45,3.119043122576241e+39
1599.86,3.0368828507032407e+39
1600.28,3.0533206233235907e+39
1600.69,3.1916568857049764e+39
1601.11,3.197993933860398e+39
1601.52,3.123982327413033e+39
1601.94,2.9220463122642646e+39
1602.35,3.4366491362847814e+39
1602.77,3.441128026384321e+39
1603.18,2.6942390044654888e+39
1603.6,3.479195913043533e+39
1604.01,3.520592011198977e+39
1604.43,3.3554622708673236e+39
1604.84,2.6309230436319647e+39
1605.26,3.1671220470930644e+39
1605.68,3.0446785744198995e+39
1606.09,2.9720576341683476e+39
1606.51,2.992842569035974e+39
1606.93,2.867414749429032e+39
1607.34,3.165018710677271e+39
1607.76,2.859518548921914e+39
1608.18,3.1977871367206667e+39
1608.59,3.383181592341912e+39
1609.01,2.697627226778617e+39
1609.43,3.3662026444918746e+39
1609.84,2.74657899644051e+39
1610.26,2.870716240486095e+39
1610.68,3.4608150026943995e+39
1611.09,3.1216921212096686e+39
1611.51,3.4041452440600705e+39
1611.93,2.9566916993372164e+39
1612.35,3.244396685854884e+39
1612.77,2.5977766141682875e+39
1613.18,3.1117394637155083e+39
1613.6,2.895282704833059e+39
1614.02,2.3754651919436257e+39
1614.44,3.141277564650927e+39
1614.86,3.132103253125562e+39
1615.28,2.6911829409105482e+39
1615.69,3.0234789019835314e+39
1616.11,2.9434914814441296e+39
1616.53,3.2687218328882077e+39
1616.95,3.199060737551846e+39
1617.37,3.261492247066432e+39
1617.79,3.0190448153083334e+39
1618.21,3.2725938907009e+39
1618.63,3.013033903761039e+39
1619.05,3.270734343142307e+39
1619.47,3.270964830764538e+39
1619.89,3.435309185894419e+39
1620.31,3.144963043214454e+39
1620.73,3.23408670488918e+39
1621.15,2.8706952178381136e+39
1621.57,2.6940883165550643e+39
1621.99,3.24261874335771e+39
1622.41,2.923406903895116e+39
1622.83,2.9935875829834775e+39
1623.25,2.833831294318921e+39
1623.67,2.6109306680600616e+39
1624.09,2.583366438029874e+39
1624.51,3.120872414267162e+39
1624.93,2.600910124170393e+39
1625.35,3.143359164774923e+39
1625.78,3.2157828578719723e+39
1626.2,2.8660064934273714e+39
1626.62,3.114351237372674e+39
1627.04,2.9840629346201965e+39
1627.46,2.485354437090888e+39
1627.88,2.86456481380686e+39
1628.31,2.757476399052186e+39
1628.73,3.0384497428903794e+39
1629.15,2.4241655623520074e+39
1629.57,3.167177942118273e+39
1629.99,3.252839369113047e+39
1630.42,3.0909757471253834e+39
1630.84,3.52140262552411e+39
1631.26,3.645567466662355e+39
1631.68,3.0920820692536046e+39
1632.11,3.28423735675084e+39
1632.53,3.806442455773667e+39
1632.95,4.106704321741232e+39
1633.38,4.1291932534584023e+39
1633.8,4.0238170574298794e+39
1634.22,3.9610532076761664e+39
1634.65,3.4989737745470274e+39
1635.07,3.43931520701748e+39
1635.49,3.149943029974794e+39
1635.92,2.9566569335249523e+39
1636.34,2.888089022452768e+39
1636.77,2.954920010325673e+39
1637.19,2.904368357709073e+39
1637.61,2.9496230859227547e+39
1638.04,2.923729478318569e+39
1638.46,2.954875027845685e+39
1638.89,3.379683998312107e+39
1639.31,3.068984184671266e+39
1639.74,3.555882841223253e+39
1640.16,3.0929444947331504e+39
1640.59,3.562625885617591e+39
1641.01,3.8907248452321257e+39
1641.44,3.8412571224963406e+39
1641.86,3.055712794187317e+39
1642.29,3.444507324064607e+39
1642.71,2.974422568662642e+39
1643.14,3.135928325726888e+39
1643.57,2.987576398343469e+39
1643.99,2.775255183776973e+39
1644.42,2.896707788986987e+39
1644.84,2.874600429601484e+39
1645.27,2.878379933054596e+39
1645.7,3.141652715312577e+39
1646.12,3.2708400223957757e+39
1646.55,3.2879728309255924e+39
1646.98,2.979590345956169e+39
1647.41,3.167046954513957e+39
1647.83,3.085787676074438e+39
1648.26,2.960708007790515e+39
1648.69,2.8032748203490303e+39
1649.11,2.7116882861684932e+39
1649.54,2.798024144896621e+39
1649.97,2.6488902630864738e+39
1650.4,2.934589614954692e+39
1650.82,3.02472540742491e+39
1651.25,3.0992143784540403e+39
1651.68,2.8379740849616635e+39
1652.11,3.044994098145431e+39
1652.54,2.970337417981809e+39
1652.96,2.4935783524551267e+39
1653.39,2.443924403603319e+39
1653.82,2.974688544947787e+39
1654.25,2.8453403407474377e+39
1654.68,2.847907843652748e+39
1655.11,2.990106351499766e+39
1655.54,2.9596907532022766e+39
1655.96,2.955695755890279e+39
1656.39,2.999697444988444e+39
1656.82,2.879547081607036e+39
1657.25,2.9853133480770226e+39
1657.68,2.755082912509816e+39
1658.11,2.821034763518229e+39
1658.54,2.899288876351564e+39
1658.97,2.6103644953198512e+39
1659.4,2.878064988683957e+39
1659.83,2.892875988307361e+39
1660.26,2.9291311307601186e+39
1660.69,2.899997272598766e+39
1661.12,2.9962368513117315e+39
1661.55,2.6237621905110784e+39
1661.98,3.0800131719569105e+39
1662.42,2.7871041166849366e+39
1662.85,3.206570872928363e+39
1663.28,3.2309353576944534e+39
1663.71,3.2476219619190974e+39
1664.14,3.242672349981411e+39
1664.57,3.152699659123166e+39
1665.0,3.00428763594272e+39
1665.43,3.0361260763747413e+39
1665.86,3.012919133810935e+39
1666.3,2.971642425022506e+39
1666.73,2.9439672750683797e+39
1667.16,2.9284566049806514e+39
1667.59,2.934769491585661e+39
1668.03,2.495861880721855e+39
1668.46,2.6171855713264218e+39
1668.89,2.912244803717605e+39
1669.32,2.9074391533162925e+39
1669.76,2.6524900552319864e+39
1670.19,2.9755512043714165e+39
1670.62,2.947209899425138e+39
1671.05,2.5232174627083727e+39
1671.49,3.154646351131868e+39
1671.92,2.979231454009552e+39
1672.35,3.0473882186187283e+39
1672.79,2.92855716807737e+39
1673.22,3.316784048210042e+39
1673.65,2.745747906742877e+39
1674.09,3.363306967394262e+39
1674.52,3.345645503355059e+39
1674.96,3.382291364540863e+39
1675.39,3.281952354966079e+39
1675.82,3.271474238233009e+39
1676.26,3.41454167165446e+39
1676.69,3.346752562318234e+39
1677.13,3.035445715684896e+39
1677.56,3.4599005226063075e+39
1678.0,3.4310925416542565e+39
1678.43,3.3177490079996483e+39
1678.87,3.203703390109191e+39
1679.3,3.150890794668432e+39
1679.74,3.113666381198639e+39
1680.17,3.102437795222675e+39
1680.61,3.1232245294760456e+39
1681.04,3.177821607767761e+39
1681.48,3.1354416272549435e+39
1681.92,2.5320827095053413e+39
1682.35,2.6718623648335557e+39
1682.79,2.6378079599938184e+39
1683.22,2.7590482492588245e+39
1683.66,2.8160367057344905e+39
1684.1,2.906412743144828e+39
1684.53,2.918188209310053e+39
1684.97,2.953059519800205e+39
1685.41,2.97181016685777e+39
1685.84,2.8049618718738314e+39
1686.28,2.876698632190293e+39
1686.72,2.1700912112871472e+39
1687.15,2.5089741016212544e+39
1687.59,2.2610467990469602e+39
1688.03,2.862482228904878e+39
1688.47,3.108607722913916e+39
1688.9,3.083071701534033e+39
1689.34,2.8730719382790886e+39
1689.78,2.8209750875574713e+39
1690.22,2.821836694934374e+39
1690.66,3.022069014308652e+39
1691.09,3.6302913009789384e+39
1691.53,3.720178088235288e+39
1691.97,3.730375841736364e+39
1692.41,3.6405978460669713e+39
1692.85,3.711355528875268e+39
1693.29,3.637409071066345e+39
1693.72,3.554542876838484e+39
1694.16,3.510450221374702e+39
1694.6,3.1138064673251666e+39
1695.04,3.1729275053072385e+39
1695.48,3.4275864633540297e+39
1695.92,3.337078517528124e+39
1696.36,3.3401361405309186e+39
1696.8,3.2334909478315856e+39
1697.24,3.276037529841476e+39
1697.68,3.2965366784789015e+39
1698.12,3.21920673454032e+39
1698.56,3.329425418959167e+39
1699.0,3.181553153834092e+39
1699.44,3.4179723575622674e+39
1699.88,3.426946940777889e+39
1700.32,3.1851925201681666e+39
1700.76,3.061000974545248e+39
1701.2,3.3871210938085627e+39
1701.64,3.2919820252396593e+39
1702.08,3.267485464015429e+39
1702.53,3.152173812074793e+39
1702.97,3.1194304831079136e+39
1703.41,3.0207633902887133e+39
1703.85,2.8189831067045976e+39
1704.29,2.5816238548585198e+39
1704.73,2.5372205611597653e+39
1705.18,2.7028522872534954e+39
1705.62,2.776815910846748e+39
1706.06,2.8851389856801295e+39
1706.5,2.6908612042771818e+39
1706.94,2.895281516759967e+39
1707.39,2.4444926068415228e+39
1707.83,3.002051260125769e+39
1708.27,2.9705202981397974e+39
1708.71,2.97373335220791e+39
1709.16,3.0264416370510556e+39
1709.6,2.886831651341371e+39
1710.04,2.8429572095534e+39
1710.49,3.0243118863541e+39
1710.93,3.07146046211302e+39
1711.37,2.831869838327846e+39
1711.82,3.5486947500112274e+39
1712.26,3.4808641746648376e+39
1712.7,2.7402854199197905e+39
1713.15,3.0773800623349217e+39
1713.59,2.8396871389969975e+39
1714.04,2.6768017830598528e+39
1714.48,2.67883873631267e+39
1714.93,2.781303881119332e+39
1715.37,2.7138427893613866e+39
1715.81,3.002415452733549e+39
1716.26,2.975626907801056e+39
1716.7,2.984583668168598e+39
1717.15,2.6787361857666397e+39
1717.59,3.183273758538447e+39
1718.04,3.1452722185578e+39
1718.48,3.02072102735446e+39
1718.93,3.522349831774296e+39
1719.38,3.125164373607737e+39
1719.82,3.3069055236186184e+39
1720.27,3.2882896007907005e+39
1720.71,3.085377262333544e+39
1721.16,3.157577200572145e+39
1721.6,2.8641439166435596e+39
1722.05,3.1509580950697107e+39
1722.5,2.883774104265087e+39
1722.94,3.214144254003589e+39
1723.39,3.391373055958704e+39
1723.84,3.323198850106504e+39
1724.28,2.957555998026905e+39
1724.73,3.3158495136759286e+39
1725.18,3.298579406778831e+39
1725.62,2.8077299335370564e+39
1726.07,3.397169099115337e+39
1726.52,3.236871480205825e+39
1726.97,3.245290428938368e+39
1727.41,2.693985968572998e+39
1727.86,2.8982983557580957e+39
1728.31,2.6870186077783915e+39
1728.76,2.908359445535051e+39
1729.2,2.975768557086928e+39
1729.65,3.008750716916412e+39
1730.1,3.0226167614385325e+39
1730.55,2.9531111236080976e+39
1731.0,3.113911866140785e+39
1731.45,2.879537027783679e+39
1731.9,3.1524376529744706e+39
1732.34,2.953496571457848e+39
1732.79,2.6848630833076155e+39
1733.24,2.959078375640865e+39
1733.69,3.118957452296379e+39
1734.14,3.2145567281649665e+39
1734.59,3.225978026173348e+39
1735.04,3.209596122697e+39
1735.49,3.182204198819753e+39
1735.94,3.140612701044538e+39
1736.39,2.83184452621006e+39
1736.84,3.061773917488406e+39
1737.29,2.7870549172577597e+39
1737.74,3.0369514171879005e+39
1738.19,2.863960139065051e+39
1738.64,2.829509398231377e+39
1739.09,2.8489209097912324e+39
1739.54,3.059530295779206e+39
1739.99,3.1022319695256365e+39
1740.44,3.1329896368479766e+39
1740.9,2.9209276602228507e+39
1741.35,2.844630336043984e+39
1741.8,2.8983187529091694e+39
1742.25,2.8522774036262006e+39
1742.7,3.123220966600638e+39
1743.15,2.984001434592282e+39
1743.6,2.839674381358807e+39
1744.06,2.807585616544979e+39
1744.51,2.8690446533138756e+39
1744.96,2.960404845819561e+39
1745.41,2.8998424579450024e+39
1745.86,3.2414341258249706e+39
1746.32,3.265570720681369e+39
1746.77,3.1741750282802305e+39
1747.22,2.937664144259202e+39
1747.68,2.926391823564745e+39
1748.13,2.911137517308699e+39
1748.58,3.1309956136162803e+39
1749.04,3.100210764991441e+39
1749.49,3.238510960676634e+39
1749.94,3.411939417079548e+39
1750.4,3.4011575824756265e+39
1750.85,3.5209170361561496e+39
1751.3,3.2389286963854984e+39
1751.76,3.318686247693768e+39
1752.21,3.713254965385848e+39
1752.67,3.71639922582237e+39
1753.12,3.369409795478082e+39
1753.57,3.447877006061319e+39
1754.03,3.463366184975478e+39
1754.48,3.290478959168191e+39
1754.94,3.140496664015498e+39
1755.39,3.1670021011098326e+39
1755.85,3.1918319222242417e+39
1756.3,3.1768334963802575e+39
1756.76,3.1108970926208554e+39
1757.21,3.062665911360218e+39
1757.67,3.048950314856089e+39
1758.12,2.921553667753021e+39
1758.58,2.5152092596620983e+39
1759.04,2.5617936327224452e+39
1759.49,2.6715725692287435e+39
1759.95,2.913308852423309e+39
1760.4,2.9088337948804014e+39
1760.86,2.991093401702917e+39
1761.32,3.014095593682697e+39
1761.77,2.9384377135411276e+39
1762.23,2.6753648693159994e+39
1762.69,2.72489197590301e+39
1763.14,2.724883870049903e+39
1763.6,2.473396568155722e+39
1764.06,2.4283945540768382e+39
1764.51,2.505112319080046e+39
1764.97,2.3798094629429622e+39
1765.43,2.9291183082671043e+39
1765.89,3.0450286407276346e+39
1766.34,3.198661847155525e+39
1766.8,3.3553179221291406e+39
1767.26,3.402226108998338e+39
1767.72,3.327686496300945e+39
1768.18,3.2889053165522657e+39
1768.64,3.3735726957597284e+39
1769.09,3.4677769590743664e+39
1769.55,3.28366872889467e+39
1770.01,3.3906054391558924e+39
1770.47,3.0902592062834926e+39
1770.93,3.2437121021641576e+39
1771.39,3.327433858429221e+39
1771.85,3.393331591101091e+39
1772.31,3.441778426365315e+39
1772.77,3.4484060049064986e+39
1773.22,3.4078710201660505e+39
1773.68,3.380663390309947e+39
1774.14,3.320631090267559e+39
1774.6,3.231091427128645e+39
1775.06,3.2854720910288556e+39
1775.52,3.2572885742699175e+39
1775.98,2.9528039128864026e+39
1776.44,3.1586601244171854e+39
1776.9,3.008161207084358e+39
1777.36,3.0145967967873974e+39
1777.82,2.823756729237352e+39
1778.29,3.1798697281631856e+39
1778.75,3.066448297045303e+39
1779.21,3.108555444968251e+39
1779.67,3.099927733275304e+39
1780.13,3.054179101819711e+39
1780.59,2.9414902483706073e+39
1781.05,2.768791830412711e+39
1781.52,2.840960501285005e+39
1781.98,2.760946857142511e+39
1782.44,2.968867935843009e+39
1782.9,2.9491284677114335e+39
1783.36,2.996032248001642e+39
1783.82,3.007594320428414e+39
1784.29,3.020814274100651e+39
1784.75,2.9779162361734186e+39
1785.21,2.9150251876427925e+39
1785.68,2.7842409064589285e+39
1786.14,2.6514681779962654e+39
1786.6,2.839134176234078e+39
1787.06,2.9098145090027594e+39
1787.53,2.9700198190345815e+39
1787.99,2.952014667558482e+39
1788.45,2.83046353425485e+39
1788.92,2.765612090515038e+39
1789.38,2.795375117727739e+39
1789.84,2.9006732828394954e+39
1790.31,2.931177886767844e+39
1790.77,3.0219811073605396e+39
1791.24,3.063363686603533e+39
1791.7,2.947611289780907e+39
1792.17,2.738777623994646e+39
1792.63,3.097620236388282e+39
1793.09,2.86048352933247e+39
1793.56,3.0921861506207963e+39
1794.02,3.0924070918565603e+39
1794.49,3.076398464821245e+39
1794.95,2.950280899655252e+39
1795.42,3.075240175214053e+39
1795.89,3.0204703988975624e+39
1796.35,3.062915340197025e+39
1796.81,2.9811130262207796e+39
1797.28,3.072616254171512e+39
1797.75,3.0431828630755373e+39
1798.21,3.013298110349088e+39
1798.68,2.991999511255625e+39
1799.15,3.0153711989731685e+39
1799.61,2.981565678419604e+39
1800.08,2.890968361029732e+39
1800.55,2.860962350717017e+39
1801.01,2.8251745860683214e+39
1801.48,2.5839481216487227e+39
1801.94,2.8510618591491496e+39
1802.41,2.880483741089177e+39
1802.88,2.8474295818344146e+39
1803.35,2.7176311188235947e+39
1803.81,2.7930250708658393e+39
1804.28,2.788317659147059e+39
1804.75,2.8347816603988045e+39
1805.22,2.783408374831235e+39
1805.68,2.7108223778439583e+39
1806.15,2.7918898412752857e+39
1806.62,2.737130127601388e+39
1807.09,2.76555666637286e+39
1807.56,2.6629905693039974e+39
1808.03,2.797091319602866e+39
1808.49,2.855922530145293e+39
1808.96,2.925368302312137e+39
1809.43,2.6204427477980352e+39
1809.9,2.984687009069256e+39
1810.37,2.9971115725335434e+39
1810.84,3.096970163838129e+39
1811.31,2.8607580435347784e+39
1811.78,3.1764734488263765e+39
1812.25,3.093779282760705e+39
1812.72,3.188331132056825e+39
1813.19,3.196962250685159e+39
1813.66,3.146383037971497e+39
1814.13,3.0403646304659486e+39
1814.6,2.981557339721445e+39
1815.07,2.821650410576851e+39
1815.54,2.8618243820088187e+39
1816.01,2.747973166403941e+39
1816.48,2.818134589879953e+39
1816.95,2.812812016149068e+39
1817.42,2.6666709045429835e+39
1817.89,2.924676747388429e+39
1818.36,3.0011386404488253e+39
1818.83,3.080306850132066e+39
1819.31,2.949095411747042e+39
1819.78,3.149170800435339e+39
1820.25,3.1877433360325414e+39
1820.72,3.1229685552614167e+39
1821.19,2.785872940122761e+39
1821.67,2.5926258148460456e+39
1822.14,2.823340647220854e+39
1822.61,2.771766202533045e+39
1823.08,2.5323853000805492e+39
1823.55,2.6970118069577646e+39
1824.03,2.695260467191253e+39
1824.5,2.731892165136519e+39
1824.97,2.595172551805832e+39
1825.44,2.4894809145946362e+39
1825.92,2.974446643020171e+39
1826.39,3.081119150143069e+39
1826.86,2.902605756208278e+39
1827.34,3.1952765613483523e+39
1827.81,3.302648271808375e+39
1828.29,3.2652211026692764e+39
1828.76,3.267505570755062e+39
1829.23,3.182291912341164e+39
1829.71,3.2580675842760274e+39
1830.18,3.1187002742592653e+39
1830.66,3.132157415460692e+39
1831.13,3.204254486901803e+39
1831.61,3.106109854119217e+39
1832.08,3.0958513725639595e+39
1832.56,3.0178648089774507e+39
1833.03,3.001325626082996e+39
1833.51,3.1099044029190137e+39
1833.98,3.1315977087974395e+39
1834.46,3.056677642387028e+39
1834.93,2.872025715508024e+39
1835.41,2.8321858544370995e+39
1835.88,2.781443163902527e+39
1836.36,2.7988096787467636e+39
1836.83,2.772308554884956e+39
1837.31,2.4809870348016347e+39
1837.79,2.809165327730344e+39
1838.26,2.7050489801732642e+39
1838.74,2.898395797148875e+39
1839.22,3.0328456315047546e+39
1839.69,3.114355845790339e+39
1840.17,2.871017155789795e+39
1840.65,3.3893217224428494e+39
1841.12,3.4979140018179177e+39
1841.6,3.4323775825242833e+39
1842.08,3.60313424013726e+39
1842.56,3.5462984863833393e+39
1843.03,3.736883045897576e+39
1843.51,3.50076760012599e+39
1843.99,3.3500903330925754e+39
1844.47,3.290707017490964e+39
1844.94,3.305038056642557e+39
1845.42,3.392265457580568e+39
1845.9,3.4294392825065727e+39
1846.38,3.313723967277595e+39
1846.86,3.314282032446117e+39
1847.34,3.2325296621844615e+39
1847.82,3.3705866622195526e+39
1848.29,3.320967231304374e+39
1848.77,3.197182425670058e+39
1849.25,3.052180173110968e+39
1849.73,3.1762365556242816e+39
1850.21,3.199671816148452e+39
1850.69,3.3950639198384146e+39
1851.17,3.437248348319245e+39
1851.65,3.6760235223780907e+39
1852.13,3.662398771531097e+39
1852.61,3.670734349228472e+39
1853.09,3.7588955685405483e+39
1853.57,3.698601509917918e+39
1854.05,3.4385457210082555e+39
1854.53,3.552074306773271e+39
1855.01,3.27664400518886e+39
1855.49,3.3796089764215293e+39
1855.97,3.3412088928462216e+39
1856.45,3.2579227367714266e+39
1856.94,3.185883818830407e+39
1857.42,3.1338671812479494e+39
1857.9,3.0667883466418706e+39
1858.38,3.082740873154102e+39
1858.86,3.157477287871588e+39
1859.34,3.2375273676908934e+39
1859.83,3.0755026215782974e+39
1860.31,3.198669072502531e+39
1860.79,3.11862042731986e+39
1861.27,3.2269759269587033e+39
1861.76,3.378301235836429e+39
1862.24,3.495115846228917e+39
1862.72,3.5287815691784645e+39
1863.2,3.419778488813121e+39
1863.69,3.19105631993366e+39
1864.17,2.981526226665124e+39
1864.65,2.8926291415473965e+39
1865.14,2.8211724356377584e+39
1865.62,2.8844543591039425e+39
1866.1,3.093340087057418e+39
1866.58,3.075258493119099e+39
1867.07,3.334328093801128e+39
1867.55,3.428721455545953e+39
1868.04,3.45906581236205e+39
1868.52,3.453684131040118e+39
1869.01,3.4449200720462267e+39
1869.49,3.423204598343145e+39
1869.97,3.276297859507573e+39
1870.46,3.376145674670425e+39
1870.94,3.1108822088270784e+39
1871.43,3.1855253384114156e+39
1871.91,3.137784820078121e+39
1872.4,3.0617544131461734e+39
1872.88,3.1282550251090875e+39
1873.37,3.343713391606726e+39
1873.85,3.268063964768013e+39
1874.34,3.453958709473598e+39
1874.83,3.5891663150646007e+39
1875.31,3.5018266590443544e+39
1875.8,3.442712742018871e+39
1876.29,3.08250710455951e+39
1876.77,3.281759783208191e+39
1877.26,3.3060702581056e+39
1877.74,3.306456432934754e+39
1878.23,3.2388891398145236e+39
1878.72,3.129740648781209e+39
1879.2,3.07606936337076e+39
1879.69,3.1215219869473445e+39
1880.18,3.1195767146318774e+39
1880.67,2.815035930097374e+39
1881.15,2.683044122625133e+39
1881.64,2.698821230157807e+39
1882.13,2.904018847744516e+39
1882.62,3.280787685726832e+39
1883.1,3.4284365778873287e+39
1883.59,3.6405645862825234e+39
1884.08,3.5646856337313975e+39
1884.57,3.1515456856364454e+39
1885.06,2.866987861445696e+39
1885.55,3.368045710951567e+39
1886.04,3.400791261299661e+39
1886.52,3.5947369860852257e+39
1887.01,3.7584508386062283e+39
1887.5,3.718437653802666e+39
1887.99,2.923358052290063e+39
1888.48,2.2446297890594553e+39
1888.97,2.1065950731867847e+39
1889.46,1.8703263547121013e+39
1889.95,2.0662540147895292e+39
1890.44,2.102325774643602e+39
1890.93,2.1975881607049866e+39
1891.42,2.7900538533818476e+39
1891.91,3.5187535708833096e+39
1892.4,4.252507686268127e+39
1892.89,4.6848031717008966e+39
1893.38,5.2753050514936807e+39
1893.87,5.606267229601395e+39
1894.36,6.053548124372687e+39
1894.85,6.567471832103484e+39
1895.34,6.514248715312207e+39
1895.84,6.765488182760206e+39
1896.33,6.738996611987157e+39
1896.82,6.603152491279996e+39
1897.31,6.677861481716411e+39
1897.8,6.622828000982384e+39
1898.29,6.444801370505639e+39
1898.79,5.939833657224832e+39
1899.28,5.593457266696764e+39
1899.77,5.692543482112275e+39
1900.26,5.0306300344491227e+39
1900.76,4.1549622918059694e+39
1901.25,3.82937648950096e+39
1901.74,3.669942659783082e+39
1902.23,3.6653081174524085e+39
1902.73,3.798501771071636e+39
1903.22,3.7224899903471885e+39
1903.71,3.916108733330641e+39
1904.21,3.893198787136213e+39
1904.7,3.9262484506188915e+39
1905.19,3.803636220891676e+39
1905.69,3.7420605036799817e+39
1906.18,3.6739394714678114e+39
1906.68,2.5581960445081875e+39
1907.17,2.230154805024261e+39
1907.66,1.9907342595059972e+39
1908.16,2.1153179900049644e+39
1908.65,2.1217494842065227e+39
1909.15,2.2430879851883276e+39
1909.64,2.538543363376657e+39
1910.14,2.950982418170897e+39
1910.63,3.648251204439312e+39
1911.13,4.192147956544528e+39
1911.62,4.34404734756653e+39
1912.12,4.743689452973885e+39
1912.61,4.9169300954645315e+39
1913.11,5.2103340299977015e+39
1913.61,5.465337858565908e+39
1914.1,5.686424851190415e+39
1914.6,6.272874395121775e+39
1915.09,6.148777765360294e+39
1915.59,6.313290967717559e+39
1916.09,5.743051015493229e+39
1916.58,4.842888489037811e+39
1917.08,4.327738990306626e+39
1917.58,4.278952951185814e+39
1918.07,4.2607779118585844e+39
1918.57,3.790400251064262e+39
1919.07,2.649177800713838e+39
1919.56,2.087959576168725e+39
1920.06,2.075572202071075e+39
1920.56,2.0341357411877666e+39
1921.06,2.002200750482998e+39
1921.56,2.0371602320557714e+39
1922.05,2.703759711466645e+39
1922.55,3.388874034581072e+39
1923.05,3.6791936014016225e+39
1923.55,4.322646663780475e+39
1924.05,4.172695706034067e+39
1924.55,3.972771382740923e+39
1925.05,4.2348722546343397e+39
1925.54,4.3759505454861214e+39
1926.04,4.406349198278069e+39
1926.54,5.01770702218335e+39
1927.04,5.408827078055258e+39
1927.54,5.708034620492936e+39
1928.04,5.899022924466166e+39
1928.54,6.027865498606471e+39
1929.04,6.048212013724383e+39
1929.54,6.058992902169406e+39
1930.04,5.838803570908995e+39
1930.54,5.222485828273195e+39
1931.04,4.317284406943564e+39
1931.54,3.4347413027198364e+39
1932.04,3.582922296779604e+39
1932.54,3.604879323013474e+39
1933.04,3.6302499571125016e+39
1933.55,3.64312897309495e+39
1934.05,3.674426904486512e+39
1934.55,3.736066776651148e+39
1935.05,3.8296545373685953e+39
1935.55,3.9070999386791824e+39
1936.05,3.9727331341584964e+39
1936.55,3.892908685665719e+39
1937.06,3.4669045722660764e+39
1937.56,3.2651761411635736e+39
1938.06,3.25035871373081e+39
1938.56,3.4759692291940515e+39
1939.06,3.3894599402957185e+39
1939.57,3.3633558607796965e+39
1940.07,3.345505297012304e+39
1940.57,3.574131384158227e+39
1941.08,3.8262519727458775e+39
1941.58,3.7447440143707435e+39
1942.08,3.8958353508857117e+39
1942.58,3.911460447508448e+39
1943.09,3.8959335958970293e+39
1943.59,3.6658076517094055e+39
1944.1,3.575955046133439e+39
1944.6,3.2631719333193524e+39
1945.1,3.097260643382212e+39
1945.61,3.1203247407095164e+39
1946.11,3.163668802555867e+39
1946.62,3.030076295259094e+39
1947.12,2.9575197026643545e+39
1947.63,2.969951955638915e+39
1948.13,2.9885652924203834e+39
1948.64,3.1963457727026003e+39
1949.14,3.4466431710837227e+39
1949.65,3.57080850255337e+39
1950.15,3.963221792044937e+39
1950.66,4.192932278134456e+39
1951.16,4.281923612740044e+39
1951.67,4.265575399218797e+39
1952.17,4.005234456830413e+39
1952.68,3.5433438346053664e+39
1953.19,3.6179439315630894e+39
1953.69,3.752122417888436e+39
1954.2,3.5943917204603103e+39
1954.7,3.7778129031191055e+39
1955.21,3.99133997920376e+39
1955.72,4.1818353902135315e+39
1956.22,4.3646737192818177e+39
1956.73,4.394099290259339e+39
1957.24,4.311693524768403e+39
1957.75,4.1877026435622745e+39
1958.25,4.0535023807044295e+39
1958.76,3.938295111832688e+39
1959.27,4.05020497471539e+39
1959.78,4.3957385864577335e+39
1960.29,4.2709718740901713e+39
1960.79,4.4661311330594e+39
1961.3,4.429822500620305e+39
1961.81,4.550835936404831e+39
1962.32,4.5698930151508014e+39
1962.83,4.5011230642867726e+39
1963.33,4.499203593538448e+39
1963.84,4.4287432132986465e+39
1964.35,4.2299511674872367e+39
1964.86,4.1889020718274696e+39
1965.37,4.063919169363468e+39
1965.88,4.096742824145603e+39
1966.39,3.979158108124231e+39
1966.9,3.871806866690631e+39
1967.41,3.796087125233172e+39
1967.92,3.668501095781264e+39
1968.43,3.5202307365009124e+39
1968.94,3.3985495321782343e+39
1969.45,3.15512139124571e+39
1969.96,2.9039460126102514e+39
1970.47,2.7904933955432607e+39
1970.98,2.8071360120701053e+39
1971.49,2.8141413542895024e+39
1972.0,2.7515560039023205e+39
1972.52,2.7711006526553347e+39
1973.03,2.7944566797963927e+39
1973.54,2.8148314816553084e+39
1974.05,2.8693752970982244e+39
1974.56,2.9077177520929935e+39
1975.07,2.9530926871300805e+39
1975.58,2.91629763633653e+39
1976.1,2.6847248332079072e+39
1976.61,2.7559061344831655e+39
1977.12,2.732555557664505e+39
1977.63,2.7021752852490392e+39
1978.15,2.781577700400057e+39
1978.66,2.752078536519122e+39
1979.17,2.7823297665956055e+39
1979.69,3.067270018429927e+39
1980.2,3.139564260002147e+39
1980.71,2.9068092937319613e+39
1981.22,2.6981339113839923e+39
1981.74,2.7270058810826236e+39
1982.25,2.87602479134606e+39
1982.77,3.0682078908673625e+39
1983.28,3.4958349900152786e+39
1983.79,3.583247986755178e+39
1984.31,3.4510273519249855e+39
1984.82,3.4221885610387644e+39
1985.34,3.240234712656328e+39
1985.85,3.199601527560935e+39
1986.36,3.3448393918557683e+39
1986.88,3.522066235527249e+39
1987.4,3.421131087881713e+39
1987.91,3.446981346380135e+39
1988.43,3.540389336828747e+39
1988.94,3.554595103844407e+39
1989.46,3.50874756110259e+39
1989.97,3.351360408158058e+39
1990.49,3.613541234684965e+39
1991.0,3.846466219095338e+39
1991.52,3.989180594002231e+39
1992.04,4.254251775386276e+39
1992.55,4.590449747024677e+39
1993.07,4.434356337871523e+39
1993.58,4.2127190877210396e+39
1994.1,3.903082331376317e+39
1994.62,4.2163130981115436e+39
1995.14,4.321732918801114e+39
1995.65,4.236815570755198e+39
1996.17,4.369427024580429e+39
1996.69,4.414477940164875e+39
1997.2,4.4223262658249655e+39
1997.72,4.2718451492834166e+39
1998.24,4.110173476757995e+39
1998.76,4.082165875815046e+39
1999.28,4.045087928344092e+39
1999.8,3.9020713290420304e+39
2000.31,3.726737148101092e+39
2000.83,3.813430539845822e+39
2001.35,3.805860254375237e+39
2001.87,3.565904881196914e+39
2002.39,3.45689820260343e+39
2002.91,3.4382966717111145e+39
2003.43,3.440091725627826e+39
2003.94,3.4757860078300785e+39
2004.46,3.4736779155401384e+39
2004.98,3.428593397471078e+39
2005.5,3.339717839653282e+39
2006.02,3.225084940827761e+39
2006.54,3.2000924344338324e+39
2007.06,3.163762496008146e+39
2007.58,3.1838691341929044e+39
2008.1,3.2136348521918155e+39
2008.62,3.168384160464362e+39
2009.14,3.0389189899594536e+39
2009.67,3.139582937400945e+39
2010.19,2.965263002935184e+39
2010.71,2.912624260596273e+39
2011.23,3.03980476241344e+39
2011.75,3.0442961911198203e+39
2012.27,2.936468757091371e+39
2012.79,3.016728535090639e+39
2013.31,2.8601381502613857e+39
2013.84,2.9945461164967695e+39
2014.36,2.9971718833679953e+39
2014.88,2.972844730460594e+39
2015.4,2.8616251038464404e+39
2015.93,2.8854692958153166e+39
2016.45,2.8448988676622624e+39
2016.97,2.8136957893849226e+39
2017.49,2.6830414504442783e+39
2018.02,2.6507625660988237e+39
2018.54,2.742716604286385e+39
2019.06,2.688718035368497e+39
2019.58,2.670339903531307e+39
2020.11,2.6051465066317628e+39
2020.63,2.5873977055394012e+39
2021.16,2.6317736968675005e+39
2021.68,2.6763279580828864e+39
2022.2,2.6898000494247418e+39
2022.73,2.6123115668544872e+39
2023.25,2.6867384624226057e+39
2023.78,2.6807734715653452e+39
2024.3,2.685346237142192e+39
2024.82,2.6948235897246365e+39
2025.35,2.705556665248171e+39
2025.88,2.6762941530559792e+39
2026.4,2.7188449386240453e+39
2026.93,2.7460670222447555e+39
2027.45,2.727163775689253e+39
2027.98,2.7152348327003296e+39
2028.5,2.6576450535429537e+39
2029.03,2.625261922884697e+39
2029.55,2.6181330702159778e+39
2030.08,2.582776732056889e+39
2030.61,2.6180730228685735e+39
2031.13,2.6109591470798452e+39
2031.66,2.6167633963349677e+39
2032.19,2.624747553305094e+39
2032.71,2.683992996842273e+39
2033.24,2.7313674280136056e+39
2033.77,2.7183082776742427e+39
2034.29,2.8234627357488155e+39
2034.82,2.876208153889465e+39
2035.35,2.8374511961180135e+39
2035.88,3.0666648994110454e+39
2036.4,3.189767498614131e+39
2036.93,3.245761641528798e+39
2037.46,3.20851484884938e+39
2037.99,3.129617914004438e+39
2038.52,3.2256587477759385e+39
2039.04,3.1650688682425324e+39
2039.57,3.048851332710102e+39
2040.1,3.0062091731291807e+39
2040.63,3.188687854538663e+39
2041.16,3.0990935332839934e+39
2041.69,3.274366018382164e+39
2042.22,3.2716710407397506e+39
2042.74,3.240091912102939e+39
2043.28,3.1741981557728103e+39
2043.8,3.0778076182843025e+39
2044.33,3.029516611480173e+39
2044.86,2.9214272199071185e+39
2045.39,2.938912595639815e+39
2045.92,2.9911055730261765e+39
2046.45,2.8912598559387575e+39
2046.98,3.03530614138704e+39
2047.52,2.973302516057539e+39
2048.05,2.979370085421938e+39
2048.58,2.9625780281088906e+39
2049.11,2.938496193274087e+39
2049.64,2.8455122360547487e+39
2050.17,2.705364411503847e+39
2050.7,2.6699988730722333e+39
2051.23,2.691636281208079e+39
2051.76,2.7122621251193675e+39
2052.3,2.8146096144713423e+39
2052.83,2.784984389049397e+39
2053.36,2.851110898111206e+39
2053.89,2.866523155968362e+39
2054.43,2.3455054466944927e+39
2054.96,1.9879148978029998e+39
2055.49,1.9482699418063032e+39
2056.02,1.95758429076735e+39
2056.55,1.9058196982624814e+39
2057.09,2.446542693001758e+39
2057.62,3.273287389356605e+39
2058.16,4.297393503904494e+39
2058.69,5.0251202636915817e+39
2059.22,5.4316002062431545e+39
2059.76,6.071636915583798e+39
2060.29,6.258950390428704e+39
2060.82,5.427092210952771e+39
2061.36,3.230954917573799e+39
2061.89,2.6548900449608324e+39
2062.43,2.2968370494733468e+39
2062.96,2.4900368551155436e+39
2063.5,2.5877324357025514e+39
2064.03,3.120433336399802e+39
2064.56,4.01430552595018e+39
2065.1,4.7690726713823895e+39
2065.64,5.587755969672129e+39
2066.17,6.404465184392229e+39
2066.71,7.035657491802008e+39
2067.24,7.565470294141984e+39
2067.78,8.00601568771656e+39
2068.31,8.313189321031439e+39
2068.85,8.266623729124594e+39
2069.39,8.482984355265817e+39
2069.92,8.376833624266066e+39
2070.46,8.160567819735901e+39
2071.0,7.762307862681218e+39
2071.53,5.592449571566232e+39
2072.07,3.1482742301257857e+39
2072.61,2.4455865023960897e+39
2073.14,2.1719220354079932e+39
2073.68,2.0810125433100894e+39
2074.22,2.1008490498232517e+39
2074.76,2.576289622035245e+39
2075.29,3.53815915581695e+39
2075.83,4.4526296833298386e+39
2076.37,5.2433092851353706e+39
2076.91,5.790339949382632e+39
2077.45,6.170243951869396e+39
2077.98,6.113550231673945e+39
2078.52,5.86126207378946e+39
2079.06,5.838059069056114e+39
2079.6,5.904532519601849e+39
2080.14,6.468304141765235e+39
2080.68,6.690055794254787e+39
2081.22,6.578682642606944e+39
2081.76,6.346408493768404e+39
2082.3,6.171020628157803e+39
2082.84,6.012095401006575e+39
2083.38,5.673415860745958e+39
2083.92,4.9355239463266194e+39
2084.46,4.221645853128032e+39
2085.0,3.498245009306619e+39
2085.54,3.5995527172051317e+39
2086.08,3.747371451433795e+39
2086.62,3.7141961867859165e+39
2087.16,3.6851622910872514e+39
2087.7,3.5461306548670445e+39
2088.24,3.6779230842970413e+39
2088.78,3.718864444601697e+39
2089.32,3.656940127179385e+39
2089.87,3.7319915485840623e+39
2090.41,3.7304200997033124e+39
2090.95,3.2700517848014345e+39
2091.49,2.95645528716512e+39
2092.03,2.6639606018500616e+39
2092.57,2.766394278975398e+39
2093.12,3.1155565393490273e+39
2093.66,3.2090132457320214e+39
2094.2,3.3666300081184294e+39
2094.75,3.502262377571305e+39
2095.29,3.595250272146179e+39
2095.83,3.6498038480113107e+39
2096.38,3.688864077778488e+39
2096.92,3.611128518658668e+39
2097.46,3.435683782736986e+39
2098.0,3.3117181849177344e+39
2098.55,3.358816582206143e+39
2099.09,3.569162913986999e+39
2099.64,3.7248533664741244e+39
2100.18,3.8657980208208944e+39
2100.73,3.8113765891406976e+39
2101.27,3.625962528130735e+39
2101.81,3.5107174423953714e+39
2102.36,3.61111411282575e+39
2102.9,3.7810608770198124e+39
2103.45,3.7887757001619746e+39
2103.99,4.016624607439015e+39
2104.54,3.821433973242187e+39
2105.08,3.905787415016761e+39
2105.63,3.7218049371277157e+39
2106.18,3.672810812437892e+39
2106.72,3.480011169449936e+39
2107.27,3.0610856327876305e+39
2107.81,2.6727445408276153e+39
2108.36,2.5106873902955062e+39
2108.91,2.4900624687801372e+39
2109.45,2.695343766810772e+39
2110.0,2.926790161612953e+39
2110.55,2.868791066824112e+39
2111.09,2.579720044530554e+39
2111.64,2.4282854297895986e+39
2112.19,2.5336510466575066e+39
2112.74,2.7356074474111246e+39
2113.28,2.869571736139608e+39
2113.83,2.9310544488654695e+39
2114.38,2.903291196184732e+39
2114.93,2.9152594986699656e+39
2115.48,2.920021360181894e+39
2116.02,2.9168799427802585e+39
2116.57,2.9047864126272065e+39
2117.12,2.887019941892201e+39
2117.67,2.919680249810319e+39
2118.22,2.88217753998294e+39
2118.77,2.8963170182571827e+39
2119.32,2.810550492323328e+39
2119.87,2.829154187939836e+39
2120.42,2.7928767549029895e+39
2120.97,2.7076769956173362e+39
2121.51,2.6965513011239796e+39
2122.06,2.6299266203025444e+39
2122.61,2.5742577280091316e+39
2123.17,2.511118734557621e+39
2123.72,2.4937745914243964e+39
2124.26,2.3746077331218617e+39
2124.82,2.4046758948819782e+39
2125.37,2.387514166095368e+39
2125.92,2.362627119146939e+39
2126.47,2.380313900450992e+39
2127.02,2.371663674279376e+39
2127.57,2.356523590616871e+39
2128.12,2.167056841913849e+39
2128.67,2.3182946650418713e+39
2129.23,2.3078179103322952e+39
2129.78,2.300732357531547e+39
2130.33,2.2750994648856875e+39
2130.88,2.303532815168965e+39
2131.43,2.2289901342085095e+39
2131.99,2.28248461899186e+39
2132.54,2.3352912616112197e+39
2133.09,2.3584896670932184e+39
2133.65,2.3557156030603055e+39
2134.2,2.2747058080792127e+39
2134.75,2.0899088489246697e+39
2135.3,2.0886188049597332e+39
2135.86,2.2383446702765982e+39
2136.41,2.3925095932341884e+39
2136.97,2.3832333481982883e+39
2137.52,2.3180565393689375e+39
2138.07,2.1436372330128753e+39
2138.63,2.3091044957721988e+39
2139.18,2.495229355107678e+39
2139.74,2.5870354312581903e+39
2140.29,2.5687916387618855e+39
2140.84,2.5118586248568513e+39
2141.4,2.5197445676424846e+39
2141.96,2.6049995195320408e+39
2142.51,2.662461821523022e+39
2143.06,2.690846613818364e+39
2143.62,2.7688772911162396e+39
2144.18,2.7526690744527663e+39
2144.73,2.867160026930758e+39
2145.29,2.841987412347805e+39
2145.84,2.81559382164635e+39
2146.4,2.805499160011969e+39
2146.96,2.7895891389950294e+39
2147.51,2.8196680468230353e+39
2148.07,2.7807247738801865e+39
2148.63,2.688054009184674e+39
2149.18,2.5657575515333752e+39
2149.74,2.6788322770728004e+39
2150.3,2.615142697633645e+39
2150.85,2.6317862191253527e+39
2151.41,2.5816334181667114e+39
2151.97,2.5314445214008578e+39
2152.53,2.4071443127404494e+39
2153.08,2.5050796897477218e+39
2153.64,2.5120310935693894e+39
2154.2,2.50402321048997e+39
2154.76,2.47395368128766e+39
2155.32,2.4413759005185234e+39
2155.88,2.4297277686311996e+39
2156.44,2.432486597938119e+39
2156.99,2.4290643261506965e+39
2157.55,2.431261135093201e+39
2158.11,2.4342420337482877e+39
2158.67,2.42688618829097e+39
2159.23,2.3597421080883758e+39
2159.79,2.3945789218271554e+39
2160.35,2.3297710814532614e+39
2160.91,2.3532432853438072e+39
2161.47,2.299640190988946e+39
2162.03,2.3242478483375694e+39
2162.59,2.3671428730345834e+39
2163.15,2.3536722801333484e+39
2163.71,2.1409030576022932e+39
2164.27,2.319730336190736e+39
2164.83,2.2759750266255997e+39
2165.4,2.2775130276071836e+39
2165.96,2.0952623021476983e+39
2166.52,2.3457726485572117e+39
2167.08,2.3631072170887735e+39
2167.64,2.2495773180024225e+39
2168.2,2.286064143552023e+39
2168.76,2.2413820460572273e+39
2169.33,2.294640000167514e+39
2169.89,2.366421027540744e+39
2170.45,2.3949665993109954e+39
2171.01,2.4340914781174816e+39
2171.58,2.4331872056082474e+39
2172.14,2.4493617860261126e+39
2172.7,2.4554257223938312e+39
2173.27,2.4610646365619174e+39
2173.83,2.4496381445632433e+39
2174.39,2.4405657040485587e+39
2174.96,2.3717868351266102e+39
2175.52,2.4756173739467135e+39
2176.08,2.475147265878867e+39
2176.65,2.4687387309792265e+39
2177.21,2.4544373761816328e+39
2177.78,2.4375601149286573e+39
2178.34,2.3732935899689048e+39
2178.91,2.4085969962553607e+39
2179.47,2.3577521145277763e+39
2180.03,2.3948133464797213e+39
2180.6,2.4076469824445125e+39
2181.17,2.3307916845894488e+39
2181.73,2.394559063165074e+39
2182.3,2.3737514200426693e+39
2182.86,2.317321993531191e+39
2183.43,2.3374649363731375e+39
2183.99,2.3342926745131564e+39
2184.56,2.3147445485051788e+39
2185.12,2.3046890184470492e+39
2185.69,2.267405212793049e+39
2186.26,2.2615462254761673e+39
2186.82,2.2923829979381634e+39
2187.39,2.0958006649108922e+39
2187.96,2.28114435023151e+39
2188.53,2.3163040252822297e+39
2189.09,2.2989453995171212e+39
2189.66,2.2947820765147784e+39
2190.23,2.2937930937886065e+39
2190.79,2.267709052474939e+39
2191.36,2.275622001599983e+39
2191.93,2.2416763691326148e+39
2192.5,2.2587371904027123e+39
2193.07,2.2531416250824177e+39
2193.64,2.2528966980363024e+39
2194.21,2.2492840620912385e+39
2194.77,2.245335039979123e+39
2195.34,2.2367267394184778e+39
2195.91,2.2306144411187722e+39
2196.48,2.2084414703040752e+39
2197.05,2.224421492669463e+39
2197.62,2.226989023192897e+39
2198.19,2.2340293545309337e+39
2198.76,2.2375331570607883e+39
2199.33,2.2239749421209773e+39
2199.9,2.2409909651188663e+39
2200.47,2.2417136059759475e+39
2201.04,2.22915340361761e+39
2201.61,2.231853937189879e+39
2202.18,2.2104389615883908e+39
2202.75,2.2164130753972036e+39
2203.32,2.2444105433310097e+39
2203.89,2.258828809354197e+39
2204.46,2.2854607056209542e+39
2205.03,2.2964850547086734e+39
2205.61,2.295364537835984e+39
2206.18,2.2932445724092733e+39
2206.75,2.2943966973977512e+39
2207.32,2.295916412826163e+39
2207.89,2.3057545119727298e+39
2208.47,2.3074813399445238e+39
2209.04,2.3059245587034696e+39
2209.61,2.2055394614593583e+39
2210.18,2.295957390815824e+39
2210.76,2.266846086585692e+39
2211.33,2.2844913867645795e+39
2211.9,2.285158223301925e+39
2212.48,2.2890865386528073e+39
2213.05,2.288639946710536e+39
2213.62,2.2759986587021808e+39
2214.2,2.2482038195641175e+39
2214.77,2.2475984942643703e+39
2215.34,2.0624862152438654e+39
2215.92,2.2949461298535265e+39
2216.49,2.3200449742915317e+39
2217.07,2.3161311172306178e+39
2217.64,2.312170003439469e+39
2218.22,2.2866331746402542e+39
2218.79,2.2795709878084457e+39
2219.37,2.1507991599760574e+39
2219.94,1.9733607190615883e+39
2220.52,1.9540839425339293e+39
2221.09,2.1295597837286363e+39
2221.67,2.3525375999885988e+39
2222.25,2.4558017809620327e+39
2222.82,2.4862793925223482e+39
2223.4,2.5042441432525264e+39
2223.97,2.5187472049084068e+39
2224.55,2.5017629350547633e+39
2225.13,2.4373480854940765e+39
2225.7,2.427471360524746e+39
2226.28,2.4713552678551896e+39
2226.86,2.463746834487255e+39
2227.43,2.4163628038878793e+39
2228.01,2.4858945654911376e+39
2228.59,2.4571015141772228e+39
2229.17,2.313094233645611e+39
2229.74,2.3240674573944606e+39
2230.32,2.5060436024023312e+39
2230.9,2.6015214460085108e+39
2231.48,2.673957467382866e+39
2232.06,2.7958977603622764e+39
2232.64,2.9044759487031944e+39
2233.21,2.962291902822971e+39
2233.79,3.004787545648871e+39
2234.37,2.9880605798662684e+39
2234.95,2.990506390007037e+39
2235.53,2.992676551757288e+39
2236.11,3.0077001465186754e+39
2236.69,2.8962030298073694e+39
2237.27,2.7368637730786207e+39
2237.85,2.66113599831299e+39
2238.43,2.813204932722229e+39
2239.01,3.0098675562263716e+39
2239.59,3.093378833212656e+39
2240.17,3.081899995427324e+39
2240.75,3.033008896737665e+39
2241.33,2.9706982206195316e+39
2241.91,2.931251607666149e+39
2242.49,2.911168686435274e+39
2243.07,2.892020421601321e+39
2243.66,2.8380572172764445e+39
2244.24,2.6901998862791912e+39
2244.82,2.4924569493318813e+39
2245.4,2.5154778333035405e+39
2245.98,2.6667262524440616e+39
2246.56,2.807829599904541e+39
2247.15,2.8606434157320476e+39
2247.73,2.850452981765686e+39
2248.31,2.828413974228759e+39
2248.89,2.810806871853046e+39
2249.48,2.7923486620506876e+39
2250.06,2.7678691074752194e+39
2250.64,2.6716551623252106e+39
2251.23,2.5696609004448126e+39
2251.81,2.5981161410192628e+39
2252.39,2.7370344585548636e+39
2252.98,2.827173660417462e+39
2253.56,2.7017519555448144e+39
2254.15,2.879173967032098e+39
2254.73,2.8166766567861317e+39
2255.31,2.7913609590739575e+39
2255.9,2.8397373906039696e+39
2256.48,2.892590925750579e+39
2257.07,2.9095044834058834e+39
2257.65,2.895527573047902e+39
2258.24,2.842297597797923e+39
2258.82,2.8512681115218653e+39
2259.41,2.840924761917636e+39
2260.0,2.806863692231312e+39
2260.58,2.768659728930222e+39
2261.17,2.7387830075556276e+39
2261.75,2.732299872455795e+39
2262.34,2.653267145403895e+39
2262.93,2.679683904012753e+39
2263.51,2.6404273290474395e+39
2264.1,2.617922282176228e+39
2264.69,2.5991374738186052e+39
2265.27,2.5598812357232502e+39
2265.86,2.4737297975782917e+39
2266.45,2.434247175986881e+39
2267.03,2.3852019491313613e+39
2267.62,2.3689588250585082e+39
2268.21,2.3465501482439585e+39
2268.8,2.3588746215640827e+39
2269.39,2.3387472741897377e+39
2269.97,2.306893587834405e+39
2270.56,2.285576378495405e+39
2271.15,2.28393523971901e+39
2271.74,2.2893474069040696e+39
2272.33,2.288966767584792e+39
2272.92,2.2821655387129526e+39
2273.51,2.2731320684269656e+39
2274.09,2.256098424187765e+39
2274.68,2.2690565028336952e+39
2275.27,2.2697731247128328e+39
2275.86,2.269025929576326e+39
2276.45,2.2672765703555245e+39
2277.04,2.2567309865437756e+39
2277.63,2.2491326979406837e+39
2278.22,2.238826103725552e+39
2278.81,2.2342699258123737e+39
2279.41,2.2139187591789544e+39
2280.0,2.2349970204764018e+39
2280.59,2.234560986522226e+39
2281.18,2.214152200824468e+39
2281.77,2.1963053786068953e+39
2282.36,2.193350179727892e+39
2282.95,2.200306690421493e+39
2283.54,2.210462103133337e+39
2284.14,2.229685499077362e+39
2284.73,2.262137299150006e+39
2285.32,2.2986498519729386e+39
2285.91,2.329191500525492e+39
2286.5,2.3509646144247313e+39
2287.1,2.3665683427571396e+39
2287.69,2.2128245373349666e+39
2288.28,2.396643529640367e+39
2288.88,2.412081133009419e+39
2289.47,2.4162698840156748e+39
2290.06,2.3537347702953143e+39
2290.66,2.189331628666787e+39
2291.25,2.01263806873597e+39
2291.84,1.9524733711485258e+39
2292.44,1.9666096300515046e+39
2293.03,2.011302412298626e+39
2293.63,2.0624346172291984e+39
2294.22,2.1282330323953283e+39
2294.81,2.2041343321921086e+39
2295.41,2.2956756923836844e+39
2296.0,2.3990494129406557e+39
2296.6,2.4746936492712935e+39
2297.2,2.5961129334028585e+39
2297.79,2.4957547405260044e+39
2298.39,2.859590308622741e+39
2298.98,2.9090514328950726e+39
2299.58,2.872095156192882e+39
2300.17,2.8250871271251467e+39
2300.77,2.7507980156697683e+39
2301.37,2.6864284069548054e+39
2301.96,2.6243844133442794e+39
2302.56,2.571244922776719e+39
2303.16,2.5217913791682766e+39
2303.75,2.4641122464124915e+39
2304.35,2.4448691558338827e+39
2304.95,2.4097415486629947e+39
2305.54,2.3764623918626508e+39
2306.14,2.3788398938103057e+39
2306.74,2.2716392383370204e+39
2307.34,2.3286200098890388e+39
2307.94,2.292170181768479e+39
2308.53,2.3382608263701695e+39
2309.13,2.4138993310579106e+39
2309.73,2.443736269145928e+39
2310.33,2.4354459597895928e+39
2310.93,2.4029329140913636e+39
2311.53,2.3272539917588798e+39
2312.13,2.2161283708485864e+39
2312.73,2.2047788716704028e+39
2313.32,2.3020416885653078e+39
2313.93,2.3902442684757613e+39
2314.52,2.458765160871358e+39
2315.12,2.4786646589637985e+39
2315.72,2.4886646435474594e+39
2316.32,2.4821205476868577e+39
2316.93,2.4865268235597232e+39
2317.52,2.4053016938676034e+39
2318.13,2.3107107783769335e+39
2318.73,2.36937441675678e+39
2319.33,2.506453975353384e+39
2319.93,2.5335747225919296e+39
2320.53,2.60606745771798e+39
2321.13,2.6053468574757665e+39
2321.73,2.602336288739925e+39
2322.33,2.587317884902138e+39
2322.94,2.5578716000256513e+39
2323.54,2.5455874087130124e+39
2324.14,2.5133132424734663e+39
2324.74,2.4938742885194286e+39
2325.35,2.534316081320306e+39
2325.95,2.5938053231810263e+39
2326.55,2.6134446874438992e+39
2327.16,2.585577165344817e+39
2327.76,2.5618406281037653e+39
2328.36,2.5603896134485977e+39
2328.97,2.6017060788794697e+39
2329.57,2.6098218271355275e+39
2330.17,2.6010924785517635e+39
2330.78,2.5944674776361706e+39
2331.38,2.5894400432164025e+39
2331.98,2.5333390110641933e+39
2332.59,2.552908237894534e+39
2333.19,2.5614288629880595e+39
2333.8,2.6069567749332727e+39
2334.4,2.6143309748699772e+39
2335.01,2.6057439512665113e+39
2335.61,2.5916605698058056e+39
2336.22,2.5838597125982872e+39
2336.82,2.577596653532628e+39
2337.43,2.5582356460303395e+39
2338.03,2.575714383040197e+39
2338.64,2.5497757518178448e+39
2339.25,2.499860500559797e+39
2339.85,2.4277920026581185e+39
2340.46,2.4426108611866027e+39
2341.07,2.510594647586152e+39
2341.67,2.5620102020700347e+39
2342.28,2.5653238294584187e+39
2342.89,2.5450308224616594e+39
2343.5,2.5251862093572276e+39
2344.1,2.5063732622606766e+39
2344.71,2.4966930103338383e+39
2345.32,2.501516868914131e+39
2345.93,2.501837868349218e+39
2346.53,2.5021131811642784e+39
2347.14,2.4912179822406854e+39
2347.75,2.4614784258235072e+39
2348.36,2.451262732318191e+39
2348.97,2.440187609454526e+39
2349.58,2.427706046049164e+39
2350.19,2.4326437353931087e+39
2350.79,2.4233885140360813e+39
2351.4,2.4087655028996567e+39
2352.01,2.3882815938065433e+39
2352.62,2.3796663667698868e+39
2353.23,2.376144068600365e+39
2353.84,2.38008805600764e+39
2354.45,2.3537093636575706e+39
2355.06,2.3375569493325728e+39
2355.67,2.30855976078774e+39
2356.28,2.298791589117712e+39
2356.89,2.296189016423777e+39
2357.5,2.2976042695891865e+39
2358.12,2.2975212997440704e+39
2358.73,2.295811639830157e+39
2359.34,2.295421905620722e+39
2359.95,2.2991555390007797e+39
2360.56,2.313149733513437e+39
2361.17,2.3163154498504405e+39
2361.78,2.3162737875929087e+39
2362.4,2.311098404092475e+39
2363.01,2.3054188450399277e+39
2363.62,2.2947789144383216e+39
2364.24,2.288169551887812e+39
2364.85,2.3073763200136538e+39
2365.46,2.3182927292091606e+39
2366.07,2.3341444473393457e+39
2366.69,2.3256454234897284e+39
2367.3,2.3082464688529536e+39
2367.91,2.2905009392216338e+39
2368.53,2.3165147450883048e+39
2369.14,2.3726011046822927e+39
2369.76,2.4066083258763163e+39
2370.37,2.4178971856358475e+39
2370.98,2.4190772173146157e+39
2371.6,2.4117864126478168e+39
2372.21,2.4318664096045672e+39
2372.83,2.4355540984061522e+39
2373.44,2.4399314403699287e+39
2374.06,2.4461588047722548e+39
2374.67,2.421048379966057e+39
2375.29,2.4416277691382892e+39
2375.91,2.4381752705270193e+39
2376.52,2.4568136266353228e+39
2377.14,2.450004687561141e+39
2377.75,2.4658871498493822e+39
2378.37,2.4629865302163608e+39
2378.99,2.456739228840388e+39
2379.6,2.4451753734979515e+39
2380.22,2.4385039160878992e+39
2380.83,2.4254978955826388e+39
2381.45,2.41557649759866e+39
2382.07,2.4202426489986462e+39
2382.69,2.4020124387013073e+39
2383.3,2.4017938999889912e+39
2383.92,2.3868690090642002e+39
2384.54,2.385776097048283e+39
2385.16,2.3897844455286487e+39
2385.78,2.4322017022099116e+39
2386.4,2.31569001721728e+39
2387.01,2.3607654256352625e+39
2387.63,2.4845264612970064e+39
2388.25,2.4791590758705013e+39
2388.87,2.467147639192295e+39
2389.49,2.4512965936562753e+39
2390.11,2.4404311592481054e+39
2390.73,2.434597873592794e+39
2391.35,2.42313657325119e+39
2391.97,2.4140069945515404e+39
2392.59,2.4105778173284298e+39
2393.21,2.410838393311021e+39
2393.83,2.4106548009222168e+39
2394.45,2.4034878642327003e+39
2395.07,2.4001524345104196e+39
2395.69,2.392796135216004e+39
2396.31,2.380085480481519e+39
2396.93,2.3834134949952504e+39
2397.55,2.3816405481214726e+39
2398.17,2.3934977304738956e+39
2398.79,2.3160066763550627e+39
2399.42,2.3982694539574008e+39
2400.04,2.3922398909815045e+39
2400.66,2.4032436009745466e+39
2401.28,2.419541114555071e+39
2401.91,2.4306008752667697e+39
2402.53,2.4326984415487665e+39
2403.15,2.4288048113839644e+39
2403.77,2.442061873556359e+39
2404.4,2.433582799337158e+39
2405.02,2.4257698556873612e+39
2405.64,2.4096433922107298e+39
2406.27,2.3826560725352134e+39
2406.89,2.3444661157440225e+39
2407.51,2.4035672424586797e+39
2408.14,2.5230972060871576e+39
2408.76,2.5858306499582985e+39
2409.39,2.598543232113804e+39
2410.01,2.5703357408582948e+39
2410.64,2.4932061575256726e+39
2411.26,2.370208741903527e+39
2411.89,2.429088887128872e+39
2412.51,2.693706758956765e+39
2413.14,2.9333616614439814e+39
2413.76,3.036973709486768e+39
2414.39,3.017830335337744e+39
2415.01,3.056741831401248e+39
2415.64,3.060561054274316e+39
2416.26,3.0697535872481267e+39
2416.89,3.0730507529595307e+39
2417.52,3.1003529927592597e+39
2418.14,3.122500858906463e+39
2418.77,3.139875563394959e+39
2419.4,3.096360610102585e+39
2420.02,3.100349728143623e+39
2420.65,3.065619538253396e+39
2421.28,3.029598362030967e+39
2421.91,2.9739324125293154e+39
2422.53,2.916199577956374e+39
2423.16,2.825411885397315e+39
2423.79,2.782310108930167e+39
2424.42,2.7095585661609636e+39
2425.05,2.6788035978304548e+39
2425.68,2.6727579105513037e+39
2426.3,2.6271188288002806e+39
2426.93,2.5421857932128433e+39
2427.56,2.4416548087911332e+39
2428.19,2.3799654465880246e+39
2428.82,2.362906019780361e+39
2429.45,2.3556006051961384e+39
2430.08,2.3334917979812255e+39
2430.71,2.28228730503957e+39
2431.34,2.3066609642046747e+39
2431.97,2.4251948352396023e+39
2432.6,2.5386271573578944e+39
2433.23,2.5802685622521516e+39
2433.86,2.5785719293168638e+39
2434.49,2.5786542508601227e+39
2435.12,2.584142782582303e+39
2435.75,2.5919667394729954e+39
2436.39,2.6083090510783574e+39
2437.02,2.6172247363417538e+39
2437.65,2.6284063900220938e+39
2438.28,2.6395114087112322e+39
2438.91,2.604678376903058e+39
2439.54,2.6335659529205707e+39
2440.18,2.620963424585073e+39
2440.81,2.5884520025593285e+39
2441.44,2.593271311902949e+39
2442.07,2.586855373729851e+39
2442.71,2.5756835976460528e+39
2443.34,2.5557355303429737e+39
2443.97,2.5257997495610854e+39
2444.61,2.515579662196832e+39
2445.24,2.5073807647608408e+39
2445.88,2.5080641917061997e+39
2446.51,2.4746858519812007e+39
2447.14,2.426448699326846e+39
2447.78,2.386977243162938e+39
2448.41,2.3831892662802965e+39
2449.05,2.3670486042403652e+39
2449.68,2.3700219716159196e+39
2450.32,2.3631112544309544e+39
2450.95,2.3792958493557052e+39
2451.59,2.382370553906753e+39
2452.22,2.383541274029447e+39
2452.86,2.3911819038253528e+39
2453.49,2.3951078211015155e+39
2454.13,2.39504724333469e+39
2454.76,2.3934570094484876e+39
2455.4,2.3908026439899754e+39
2456.04,2.3885886362802803e+39
2456.67,2.3923876494444135e+39
2457.31,2.3922072930839715e+39
2457.95,2.3966683229379188e+39
2458.58,2.3996040748141753e+39
2459.22,2.4052919438793163e+39
2459.86,2.4111017626129516e+39
2460.5,2.4227735473737825e+39
2461.14,2.434667428930388e+39
2461.77,2.4171802558904263e+39
2462.41,2.4419397833234614e+39
2463.05,2.4297433663359495e+39
2463.69,2.4106569011518448e+39
2464.33,2.4086291957979785e+39
2464.96,2.385377393974855e+39
2465.6,2.3561044221395028e+39
2466.24,2.371588133918052e+39
2466.88,2.4038841137058506e+39
2467.52,2.417727283476531e+39
2468.16,2.4282344809869744e+39
2468.8,2.4165370581249735e+39
2469.44,2.4310048515361773e+39
2470.08,2.4351612306661758e+39
2470.72,2.441401159587139e+39
2471.36,2.4363523857333943e+39
2472.0,2.414630002004294e+39
2472.64,2.3965727382314042e+39
2473.28,2.4351749701196585e+39
2473.92,2.4975632610701898e+39
2474.56,2.5060973197556244e+39
2475.21,2.4502225555883678e+39
2475.85,2.394066146197999e+39
2476.49,2.434705016035955e+39
2477.13,2.5160319362173593e+39
2477.77,2.56091723415568e+39
2478.42,2.571053271216604e+39
2479.06,2.5729992158692308e+39
2479.7,2.57921668459165e+39
2480.34,2.58943851240725e+39
2480.99,2.5914300653958394e+39
2481.63,2.5870001744797145e+39
2482.27,2.5757970784712205e+39
2482.92,2.5896502142746556e+39
2483.56,2.591531272549514e+39
2484.2,2.587618870369648e+39
2484.85,2.580686235284418e+39
2485.49,2.5722079322683688e+39
2486.14,2.564944342675751e+39
2486.78,2.5628066823423325e+39
2487.42,2.5600726296559556e+39
2488.07,2.552405533067236e+39
2488.71,2.5333382654025725e+39
2489.36,2.5250943260071296e+39
2490.0,2.5209730334368205e+39
2490.65,2.5158076466830986e+39
2491.29,2.5023203166095893e+39
2491.94,2.4884395571314228e+39
2492.59,2.469678352327821e+39
2493.23,2.4594796390743666e+39
2493.88,2.4483007174641715e+39
2494.52,2.428990735221613e+39
2495.17,2.4584174294665345e+39
2495.82,2.4581846989811438e+39
2496.47,2.4570982079817533e+39
2497.11,2.4604251265630553e+39
2497.76,2.4466757482813948e+39
2498.41,2.465141242889359e+39
2499.05,2.4641229736175306e+39
2499.7,2.4586588801826304e+39
