WAVE FLUX
900.0 1.3862150848841942e+39
900.44 1.383950727138575e+39
900.88 1.3846519955684226e+39
901.32 1.382040099704234e+39
901.77 1.3747086098827385e+39
902.21 1.3864386633888214e+39
902.65 1.3819765355613092e+39
903.09 1.3856089424811366e+39
903.54 1.384620272830423e+39
903.98 1.3227284318409748e+39
904.42 1.376197241367801e+39
904.87 1.3791473746527615e+39
905.31 1.3817538115566878e+39
905.75 1.3759753870574777e+39
906.2 1.3068647970500608e+39
906.64 1.3815628727760676e+39
907.09 1.3806406084754206e+39
907.53 1.3801637914498254e+39
907.98 1.379814217854247e+39
908.42 1.3791471368496083e+39
908.87 1.3786390899285454e+39
909.31 1.3787025371186037e+39
909.76 1.3710098057063663e+39
910.21 1.3772746320123978e+39
910.65 1.3773697355827655e+39
911.1 1.375848211943269e+39
911.54 1.415078431794595e+39
911.99 4.117253753856727e+39
912.44 4.0761127789912046e+39
912.89 4.0992496210095033e+39
913.33 4.0419337494899727e+39
913.78 4.114634300244558e+39
914.23 3.262145236376737e+39
914.68 4.106911482780509e+39
915.13 4.098711889807113e+39
915.58 4.052279942135403e+39
916.02 4.051556377250873e+39
916.47 4.072665983378826e+39
916.92 4.0489836281142243e+39
917.37 4.075522043976238e+39
917.82 4.0544361981581697e+39
918.27 4.073312153471085e+39
918.72 3.78961345505396e+39
919.17 3.9619786659488317e+39
919.62 3.837082712436484e+39
920.08 4.0092436694817296e+39
920.53 3.971394782055973e+39
920.98 9.889029385953801e+38
921.43 2.183455131232795e+39
921.88 3.0074254744158027e+39
922.33 3.615142944633325e+39
922.78 3.6451594989836046e+39
923.24 1.817667997120865e+39
923.69 1.7481238294734774e+39
924.14 2.952159542898934e+39
924.6 4.185022976440078e+39
925.05 4.0642973735674834e+39
925.5 4.0407604594335023e+39
925.96 4.026909890388598e+39
926.41 2.4442039126268328e+39
926.87 4.0239422634285504e+39
927.32 3.99997475432204e+39
927.78 3.961973276722128e+39
928.23 3.8771895869663636e+39
928.68 3.8451560335615075e+39
929.14 3.506379615850682e+39
929.6 3.6150465444890876e+39
930.05 3.425940596299037e+39
930.51 3.299930394923988e+39
930.97 2.8045276488729376e+39
931.42 3.375247679102451e+39
931.88 3.3067679017375154e+39
932.34 3.307863129487808e+39
932.79 3.4095897981703734e+39
933.25 3.876197926656865e+39
933.71 4.667665804754888e+39
934.16 4.449327221779818e+39
934.62 4.271182709317189e+39
935.08 4.1567220339153684e+39
935.54 4.093261844430587e+39
936.0 4.0511476391338023e+39
936.46 4.017321734765117e+39
936.92 3.951710837566927e+39
937.38 2.0878231155875046e+39
937.84 1.0569446510086386e+39
938.3 3.978617419438602e+39
938.76 3.847091723994467e+39
939.22 3.934077420727292e+39
939.68 3.9263884514953864e+39
940.14 3.827486124744444e+39
940.6 3.7282410699654987e+39
941.06 3.7103454612243145e+39
941.52 3.650099184351329e+39
941.98 3.582489960325427e+39
942.45 2.821404178078197e+39
942.91 3.44116598526053e+39
943.37 3.369503700497619e+39
943.83 3.402798666416632e+39
944.29 3.755405827102811e+39
944.76 4.4125460518057614e+39
945.22 4.313219654721508e+39
945.68 4.1812284825109905e+39
946.15 4.1261620014918026e+39
946.61 4.049100906336621e+39
947.08 4.0304262146708696e+39
947.54 4.005839810683262e+39
948.01 3.8952625331892704e+39
948.47 3.9231943380651225e+39
948.93 3.683518961816362e+39
949.4 1.7317135894591225e+39
949.87 1.2191839036575413e+39
950.33 3.8569348970310256e+39
950.8 3.942716515103566e+39
951.26 3.869356930539066e+39
951.73 3.974038817825523e+39
952.2 3.972879717118312e+39
952.66 3.965506423568559e+39
953.13 3.9703790380332004e+39
953.6 3.972238175045903e+39
954.07 3.955815049790159e+39
954.53 3.96876977839506e+39
955.0 3.852262153181371e+39
955.47 4.006597917564305e+39
955.94 3.975902153970591e+39
956.41 3.944987350345828e+39
956.88 3.947712728989736e+39
957.35 3.9222324297860084e+39
957.82 3.892611479313322e+39
958.28 3.8670415649690475e+39
958.76 1.6012403472624468e+39
959.23 3.86815846689097e+39
959.7 3.8293229125052824e+39
960.17 3.9176870466334197e+39
960.64 3.939558650249475e+39
961.11 3.9414443603240143e+39
961.58 3.937433481520356e+39
962.05 3.9319778231177854e+39
962.52 3.935037626648312e+39
962.99 3.9314858701314587e+39
963.47 3.935562418243115e+39
963.94 3.838845603126575e+39
964.41 3.926309093521207e+39
964.89 3.9281531181880803e+39
965.36 3.9162665986211004e+39
965.83 3.9040564536925156e+39
966.31 3.88704896258137e+39
966.78 3.8576973623268555e+39
967.25 3.8023259861388114e+39
967.73 3.838316465698452e+39
968.2 3.7602954744945425e+39
968.68 3.8043757336496856e+39
969.15 3.7920547163191197e+39
969.63 3.759032022959711e+39
970.1 3.777268526748179e+39
970.58 3.738437510896174e+39
971.05 3.761769106515114e+39
971.53 3.723526083785668e+39
972.01 3.2661540537360164e+39
972.48 1.0936256153955483e+39
972.96 3.7368953678501956e+39
973.44 3.64313038824699e+39
973.91 3.6899312328833046e+39
974.39 3.66734616753211e+39
974.87 3.6499384335791154e+39
975.35 3.6487925464013357e+39
975.83 3.653026352678253e+39
976.3 3.663903251599729e+39
976.78 3.610140580832898e+39
977.26 3.6915115393558517e+39
977.74 3.681665658261707e+39
978.22 3.4134572058347025e+39
978.7 3.716846093438298e+39
979.18 3.6786180188301735e+39
979.66 3.701986725999696e+39
980.14 3.754525834778078e+39
980.62 3.751848875446661e+39
981.1 3.665266656806293e+39
981.58 3.751075584098675e+39
982.07 3.7527173132824165e+39
982.55 3.7573018783892085e+39
983.03 3.759922383941632e+39
983.51 3.623125694311052e+39
983.99 3.6594677310431625e+39
984.47 3.716656655476103e+39
984.96 3.6981698154272537e+39
985.44 3.691487229410065e+39
985.92 3.1861476013749984e+39
986.41 3.664603947120489e+39
986.89 3.347957822603569e+39
987.38 3.723085178426521e+39
987.86 3.768564088984171e+39
988.34 3.737393607278916e+39
988.83 3.699149065422129e+39
989.31 3.726102225020161e+39
989.8 1.8250628493768943e+39
990.28 3.596506274921897e+39
990.77 3.5736653590216464e+39
991.26 3.389666274540801e+39
991.74 3.700496006802067e+39
992.23 3.7068328223646396e+39
992.72 3.7010604431905975e+39
993.2 3.72271449576198e+39
993.69 3.720431878522015e+39
994.18 3.7049895172455357e+39
994.66 3.476006149260062e+39
995.15 3.442422427917314e+39
995.64 3.7078127119528854e+39
996.13 3.5387671336396275e+39
996.61 3.699959057366061e+39
997.1 3.514810816727885e+39
997.59 3.4088429263240354e+39
998.08 3.698043589513698e+39
998.57 3.6925557562704794e+39
999.06 3.679443152310524e+39
999.55 3.699024377819782e+39
1000.04 3.710242789254516e+39
1000.53 3.7037141938097826e+39
1001.02 3.6751291206172406e+39
1001.51 3.703119594605983e+39
1002.01 3.633230730847111e+39
1002.5 3.672891632834905e+39
1002.99 3.6796045608359784e+39
1003.48 3.6887031713050415e+39
1003.97 3.683547459025385e+39
1004.46 3.6812798213542267e+39
1004.96 3.6719896051362434e+39
1005.45 3.6360010809275644e+39
1005.94 2.949012165868965e+39
1006.43 3.629880256005976e+39
1006.93 3.6079286955647796e+39
1007.42 3.6315638154947867e+39
1007.92 3.347336147146696e+39
1008.41 3.6351728124956975e+39
1008.91 3.625022518482489e+39
1009.4 3.6439003633808915e+39
1009.9 3.351601629879185e+39
1010.39 2.722503046995623e+39
1010.89 3.620797810381705e+39
1011.38 3.442391458254699e+39
1011.88 3.6153150981442384e+39
1012.37 3.551257273647096e+39
1012.87 3.098561928572858e+39
1013.37 3.600488615431027e+39
1013.86 3.593376128427693e+39
1014.36 3.6011726233803874e+39
1014.86 3.488712661898235e+39
1015.36 3.5561204532408896e+39
1015.85 3.533114395755841e+39
1016.35 3.54802530559042e+39
1016.85 3.526069619964672e+39
1017.35 3.3913690831011167e+39
1017.85 3.185291846792315e+39
1018.35 3.3889362772457896e+39
1018.85 3.4519744704526127e+39
1019.35 3.4727358233370803e+39
1019.85 3.40405705299917e+39
1020.35 3.378952707197429e+39
1020.85 3.4374579618488666e+39
1021.35 3.367694421736349e+39
1021.85 3.402028588791769e+39
1022.35 3.39416725754863e+39
1022.85 3.34078362831785e+39
1023.35 3.3642252795797804e+39
1023.85 3.277342206321932e+39
1024.35 3.309470482504301e+39
1024.86 3.214810419199932e+39
1025.36 1.3231896280567013e+39
1025.86 1.0645812395868106e+39
1026.37 2.869867909914437e+39
1026.87 2.5297230666716272e+39
1027.37 2.249541726496805e+39
1027.88 2.1698261906145224e+39
1028.38 2.1598620767023526e+39
1028.89 2.1635000643534735e+39
1029.39 2.186593154741314e+39
1029.9 2.21773185664406e+39
1030.4 2.3112156251567167e+39
1030.91 2.3242440258110695e+39
1031.41 2.784153353916468e+39
1031.92 3.3336070892447876e+39
1032.42 3.2972041691385083e+39
1032.93 2.767751520467648e+39
1033.44 2.3834704988624804e+39
1033.94 2.282776729703222e+39
1034.45 2.3205288154084272e+39
1034.96 2.313132414416175e+39
1035.46 1.9231101061046132e+39
1035.97 2.4936625252696353e+39
1036.48 2.6477757926329887e+39
1036.99 2.2763916921721742e+39
1037.5 3.6075574843147954e+39
1038.01 4.195073053730043e+39
1038.51 4.147590483330245e+39
1039.02 3.937876914157936e+39
1039.53 3.7549867189190176e+39
1040.04 3.7118009035242087e+39
1040.55 3.6166871040224096e+39
1041.06 3.5544073806133495e+39
1041.57 3.4747492225760207e+39
1042.08 3.477200479096809e+39
1042.59 3.46127411970713e+39
1043.11 3.456942740983987e+39
1043.62 3.451987506109557e+39
1044.13 3.459144701631467e+39
1044.64 3.4621688458706583e+39
1045.15 3.4600132230486435e+39
1045.67 3.453721096793082e+39
1046.18 3.4474404885079264e+39
1046.69 3.441567503828414e+39
1047.2 3.44141352719731e+39
1047.72 3.440399368185668e+39
1048.23 3.4387517038926665e+39
1048.75 3.43932183074929e+39
1049.26 3.437041497607549e+39
1049.78 3.4331815774925163e+39
1050.29 3.431853440464115e+39
1050.81 3.426499987244044e+39
1051.32 3.41367915429177e+39
1051.83 3.418492769830509e+39
1052.35 3.412452931548144e+39
1052.87 3.401329250462511e+39
1053.38 3.4060470232044525e+39
1053.9 3.402456985913296e+39
1054.42 3.3988800040047853e+39
1054.93 3.3948389077927205e+39
1055.45 3.338586054799768e+39
1055.97 3.341380848489311e+39
1056.49 3.3801765391060306e+39
1057.01 3.373438422499489e+39
1057.52 3.3631492928910873e+39
1058.04 3.36000629408371e+39
1058.56 3.345908308815607e+39
1059.08 3.3442441791483296e+39
1059.6 3.3443515583983024e+39
1060.12 3.2813750271841397e+39
1060.64 3.2952609580694796e+39
1061.16 3.270271376043468e+39
1061.68 3.2236499830966793e+39
1062.2 3.288001210449404e+39
1062.72 1.613080556951678e+39
1063.24 3.2831456085057687e+39
1063.76 3.30243464677044e+39
1064.28 3.2952496273796874e+39
1064.81 3.291865482383817e+39
1065.33 3.289086449147695e+39
1065.85 3.24929017129912e+39
1066.37 3.2854261175005e+39
1066.9 3.285450855433583e+39
1067.42 3.281241408590733e+39
1067.94 3.2279841376224343e+39
1068.47 3.280308515622917e+39
1068.99 3.188584603401747e+39
1069.52 3.266113408547005e+39
1070.04 3.2201382219944554e+39
1070.56 3.214014021686195e+39
1071.09 3.2737919985570974e+39
1071.61 3.263355117059793e+39
1072.14 3.222163572483396e+39
1072.67 3.2150728553988264e+39
1073.19 3.2035683392001885e+39
1073.72 3.1974755190672603e+39
1074.24 3.211814113504759e+39
1074.77 3.228298150394783e+39
1075.3 3.238522080678572e+39
1075.82 3.2545418812647766e+39
1076.35 3.2492484807821205e+39
1076.88 3.24418778248523e+39
1077.41 3.2388366444383765e+39
1077.94 3.201710823123703e+39
1078.47 3.2248919182754927e+39
1078.99 3.1871180832039835e+39
1079.52 3.2033262105893464e+39
1080.05 3.2038647933046237e+39
1080.58 3.196150291977218e+39
1081.11 3.181414130069971e+39
1081.64 3.1555365753417446e+39
1082.17 3.1774317518685766e+39
1082.7 3.1683902553576485e+39
1083.23 3.126082333028719e+39
1083.77 3.139729171350818e+39
1084.3 3.1389466264385476e+39
1084.83 2.7924517273688916e+39
1085.36 3.142804869544724e+39
1085.89 3.137828190876862e+39
1086.43 3.1421625129736584e+39
1086.96 3.145625448855475e+39
1087.49 3.145541188918082e+39
1088.02 3.128698709436408e+39
1088.56 3.132507207105348e+39
1089.09 3.0997769570899016e+39
1089.63 3.070214944605835e+39
1090.16 3.141212086248636e+39
1090.69 3.14185223104256e+39
1091.23 3.098091372521141e+39
1091.77 3.15016055683239e+39
1092.3 3.141312806524766e+39
1092.84 3.146876156979552e+39
1093.37 3.1379668903590005e+39
1093.91 3.157473054005944e+39
1094.44 3.157700420957771e+39
1094.98 3.1584370176495365e+39
1095.52 3.1202077922328827e+39
1096.06 3.1426412965062936e+39
1096.59 3.0559488807176336e+39
1097.13 3.1393379619389287e+39
1097.67 3.065009701542067e+39
1098.21 3.0833699482355875e+39
1098.74 3.1278026768193717e+39
1099.28 3.123943198716495e+39
1099.82 3.11291247831047e+39
1100.36 3.1148037723755744e+39
1100.9 3.1094560648922363e+39
1101.44 3.101759356915543e+39
1101.98 3.092942008188124e+39
1102.52 3.0971016053200496e+39
1103.06 3.0729049668827224e+39
1103.6 3.086901739425951e+39
1104.15 3.050538774753626e+39
1104.69 3.0795709249217885e+39
1105.23 3.075628417120174e+39
1105.77 3.072681312143025e+39
1106.31 3.0701611600415066e+39
1106.85 3.064960115142245e+39
1107.4 3.0609663062063674e+39
1107.94 2.2411049929116577e+39
1108.48 2.8152395526314205e+39
1109.03 3.0534336688210515e+39
1109.57 3.051557569553089e+39
1110.11 3.038537812033799e+39
1110.66 3.022649426333674e+39
1111.2 3.020166299201866e+39
1111.75 3.008527768352377e+39
1112.29 3.004813039774805e+39
1112.84 3.0169697084404074e+39
1113.39 3.000989280443822e+39
1113.93 2.9813150672851817e+39
1114.48 2.9828496909161534e+39
1115.02 2.926205350904096e+39
1115.57 2.979947451669518e+39
1116.12 2.891300569448356e+39
1116.67 2.9536421543632893e+39
1117.21 2.948373025389136e+39
1117.76 2.925277461115345e+39
1118.31 3.029714467248249e+39
1118.86 3.0159652718721395e+39
1119.41 2.9855274255198255e+39
1119.95 2.993476149524623e+39
1120.5 2.981196668016929e+39
1121.05 2.9578452730649576e+39
1121.6 2.9642189325805044e+39
1122.15 2.959341616413837e+39
1122.7 2.953452062615902e+39
1123.25 2.938819917658088e+39
1123.8 1.7641082389590087e+39
1124.36 2.915127288612783e+39
1124.91 2.761339316873986e+39
1125.46 2.9187844927827067e+39
1126.01 2.91987516257965e+39
1126.56 2.920159258546541e+39
1127.11 2.917399361738765e+39
1127.67 2.8983768707682263e+39
1128.22 2.1059295833158822e+39
1128.77 2.386397775563645e+39
1129.33 2.9457223323271974e+39
1129.88 2.934139765974683e+39
1130.44 2.824943437621788e+39
1130.99 2.92084581523875e+39
1131.54 2.936212665897276e+39
1132.1 2.935123386936516e+39
1132.65 2.933967092308758e+39
1133.21 2.929503988029553e+39
1133.77 2.92619287615636e+39
1134.32 2.911273642172819e+39
1134.88 2.923183631362748e+39
1135.43 2.927717124965242e+39
1135.99 2.9241670742883807e+39
1136.55 2.919881674107622e+39
1137.1 2.915669321083764e+39
1137.66 2.9122009338647873e+39
1138.22 2.906664794789086e+39
1138.78 2.9040835605013176e+39
1139.34 2.7874896668873213e+39
1139.9 2.766988944337144e+39
1140.45 2.8906899154303576e+39
1141.01 2.8880563656976754e+39
1141.57 2.6894893115114894e+39
1142.13 2.880078145437531e+39
1142.69 2.876397136061174e+39
1143.25 2.8722578404626237e+39
1143.81 2.8662099513044886e+39
1144.38 2.809782201038501e+39
1144.94 2.761132404672209e+39
1145.5 2.858128882207876e+39
1146.06 2.85560042272054e+39
1146.62 2.853271968152313e+39
1147.18 2.8504202965215736e+39
1147.75 2.8488838030248996e+39
1148.31 2.845970984439551e+39
1148.87 2.8422756852423076e+39
1149.44 2.8398281187546674e+39
1150.0 2.8359461758300735e+39
1150.0 2.8359461758300735e+39
1150.3 2.837599900131522e+39
1150.6 2.836575427090922e+39
1150.89 2.808066617374762e+39
1151.19 2.831135025593768e+39
1151.49 2.83324257171671e+39
1151.79 2.831632803623217e+39
1152.09 2.829698150209797e+39
1152.39 2.827374175294563e+39
1152.69 2.8064445312723227e+39
1152.98 2.8266337037122206e+39
1153.28 2.824765248035276e+39
1153.58 2.821655889851574e+39
1153.88 2.8164090838596074e+39
1154.18 2.816225481821861e+39
1154.48 2.81915601684173e+39
1154.78 2.817479718502507e+39
1155.08 2.812370189289249e+39
1155.38 2.8123163593501896e+39
1155.68 2.813752283816233e+39
1155.98 2.7541497347822624e+39
1156.28 2.811507427413613e+39
1156.57 2.8068607413954364e+39
1156.88 2.80713054444036e+39
1157.18 2.8065565126235255e+39
1157.47 2.804233679223347e+39
1157.78 2.8028163260667134e+39
1158.07 2.7219807399042134e+39
1158.38 2.800563894664622e+39
1158.68 2.799599511111449e+39
1158.97 2.794192472717588e+39
1159.28 2.798380436392714e+39
1159.58 2.791304266881638e+39
1159.88 2.797290709536353e+39
1160.18 2.79060280496972e+39
1160.48 2.7862395324983196e+39
1160.78 2.7961397493797937e+39
1161.08 2.795691794296703e+39
1161.38 2.7941499274426336e+39
1161.68 2.794088253159661e+39
1161.98 2.78638121355867e+39
1162.28 2.793578934815879e+39
1162.58 2.7939675712034914e+39
1162.89 2.7928768662624533e+39
1163.19 2.7237811035177746e+39
1163.49 2.78658706258071e+39
1163.79 2.7739142418363484e+39
1164.09 2.780887655110818e+39
1164.39 2.770089863257692e+39
1164.7 2.7736029189708194e+39
1165.0 2.7146905111555416e+39
1165.3 2.771718857965469e+39
1165.6 2.7252605415407983e+39
1165.9 2.640929936461056e+39
1166.21 2.767489780353044e+39
1166.51 2.765125687997872e+39
1166.81 2.7173384099911002e+39
1167.11 2.758751474525141e+39
1167.42 2.722837503293176e+39
1167.72 2.7055189119389753e+39
1168.02 2.75384456745666e+39
1168.32 2.750795302782186e+39
1168.63 2.7112990306868095e+39
1168.93 2.1245504353976497e+39
1169.23 2.740292146528097e+39
1169.54 2.7307818886737133e+39
1169.84 2.7350598486744697e+39
1170.14 2.7270095195400715e+39
1170.44 2.6799486566307277e+39
1170.75 2.7244360645286545e+39
1171.05 2.4645999758625112e+39
1171.35 2.7207350969717977e+39
1171.66 2.712666506272691e+39
1171.96 2.5961287325819548e+39
1172.27 2.7113549099822125e+39
1172.57 2.7066131506893875e+39
1172.87 2.6976186196318544e+39
1173.18 2.7011870333028466e+39
1173.48 2.6853359716449352e+39
1173.79 2.691861649255916e+39
1174.09 2.6895938826659448e+39
1174.4 2.68770013967889e+39
1174.7 2.675067758194251e+39
1175.0 1.504557396422223e+39
1175.31 1.506582316059162e+39
1175.61 1.489933340167581e+39
1175.92 1.4880617169314157e+39
1176.22 2.545979583803722e+39
1176.53 2.6587531794326015e+39
1176.83 2.6955165172663256e+39
1177.14 2.6912607129671296e+39
1177.44 2.687012869960323e+39
1177.75 2.6828322643066446e+39
1178.05 2.6806338377886362e+39
1178.36 2.6619584310422245e+39
1178.66 2.6806199406456688e+39
1178.97 2.6715851304452125e+39
1179.27 2.6804825978136706e+39
1179.58 2.6809997011148246e+39
1179.89 2.6771982903531898e+39
1180.19 2.680738880177262e+39
1180.5 2.653923293928718e+39
1180.8 2.677149861459528e+39
1181.11 2.6807530558668064e+39
1181.42 2.655283743424709e+39
1181.72 2.6626571717217242e+39
1182.03 2.6808306459225116e+39
1182.33 2.6808572885143586e+39
1182.64 2.6650037354958163e+39
1182.95 2.045417411629784e+39
1183.25 2.6752000533050236e+39
1183.56 2.678368882728585e+39
1183.87 2.6783943299602222e+39
1184.17 2.676756294155906e+39
1184.48 1.7096870404075044e+39
1184.79 2.6477139484405646e+39
1185.09 2.678892976434431e+39
1185.4 2.6202323675475907e+39
1185.71 2.6696495267053798e+39
1186.02 2.663414097271516e+39
1186.32 2.660437092087944e+39
1186.63 2.6307370277170627e+39
1186.94 2.6489995277404232e+39
1187.25 2.64603950678196e+39
1187.56 2.6409535781303788e+39
1187.86 2.6364835578036585e+39
1188.17 2.632143183582949e+39
1188.48 2.6217734247220923e+39
1188.79 2.6240489469806013e+39
1189.09 2.6184150463857227e+39
1189.4 2.614419430184235e+39
1189.71 2.611752607657759e+39
1190.02 2.6068065968795513e+39
1190.33 2.5910487584708608e+39
1190.64 2.5995151915981007e+39
1190.94 2.5951287877944738e+39
1191.25 2.3889974671042336e+39
1191.56 2.586916811402403e+39
1191.87 2.5827313661710976e+39
1192.18 2.5781371119650678e+39
1192.49 2.5735489076945958e+39
1192.8 2.568908551385694e+39
1193.11 2.5420545319394025e+39
1193.42 2.5609498917140902e+39
1193.73 2.544411203496615e+39
1194.04 2.5329319214893936e+39
1194.34 2.5273741235683153e+39
1194.65 2.5438163395175323e+39
1194.96 2.53876188996492e+39
1195.27 2.529520410825312e+39
1195.58 2.5206607896606812e+39
1195.89 2.5150152528965107e+39
1196.2 2.341029253830685e+39
1196.51 2.4973077234249963e+39
1196.82 2.492682638305261e+39
1197.13 2.4788595301881152e+39
1197.44 2.4816860852859734e+39
1197.75 2.4780026927110118e+39
1198.06 2.480371326780623e+39
1198.38 2.462021206741205e+39
1198.69 2.4755785873734953e+39
1199.0 2.4723027144494607e+39
1199.31 2.4864319271645034e+39
1199.62 2.4824556690172443e+39
1199.93 2.4771735242137333e+39
1200.24 2.457204814310528e+39
1200.55 2.4628407999037082e+39
1200.86 2.4408513163014375e+39
1201.17 2.452597667933103e+39
1201.48 2.446815914641626e+39
1201.8 2.428155205248361e+39
1202.11 2.0821951399255922e+39
1202.42 2.437678426811942e+39
1202.73 2.4358548145427702e+39
1203.04 2.432183761541053e+39
1203.35 2.4192534544302758e+39
1203.67 2.4278201739525796e+39
1203.98 2.4253895442493655e+39
1204.29 2.419062007911981e+39
1204.6 2.4179647392547742e+39
1204.92 2.4116448036618866e+39
1205.23 2.4068903481645902e+39
1205.54 2.3927606985755855e+39
1205.85 2.395423069139059e+39
1206.16 2.3887196838924522e+39
1206.48 1.501061778203958e+39
1206.79 2.379203151185799e+39
1207.1 2.372927589493515e+39
1207.42 2.3635122788073626e+39
1207.73 2.3623313939675092e+39
1208.04 2.3557748432999492e+39
1208.35 2.3479414771188763e+39
1208.67 2.3357882586488185e+39
1208.98 2.3411496064449586e+39
1209.29 2.3347203190840204e+39
1209.61 2.3204972838441622e+39
1209.92 2.3214362347439727e+39
1210.23 2.3133026371362012e+39
1210.55 2.2952957501963367e+39
1210.86 2.2965417516720576e+39
1211.18 2.2848123830252383e+39
1211.49 2.2423130038006492e+39
1211.8 2.2763127273697804e+39
1212.12 2.2713189447653383e+39
1212.43 2.2646322019915298e+39
1212.75 2.2475797857096283e+39
1213.06 2.224906154460943e+39
1213.38 2.246255393693414e+39
1213.69 2.2165406964980886e+39
1214.0 2.2202009515920792e+39
1214.32 2.2221824581069852e+39
1214.63 2.2028061818500743e+39
1214.95 2.1836534376655348e+39
1215.26 1.2591291605845814e+39
1215.58 1.2365386790713533e+39
1215.89 1.288499548553456e+39
1216.21 2.2850814826802522e+39
1216.52 2.2804658369332985e+39
1216.84 2.2339919661352905e+39
1217.15 2.167273344710518e+39
1217.47 2.2830822935723998e+39
1217.79 2.0290341703079462e+39
1218.1 2.2902938659351422e+39
1218.42 2.280756100637949e+39
1218.73 2.0579771082120932e+39
1219.05 2.3030216222381087e+39
1219.36 2.307063538192659e+39
1219.68 2.310611189162828e+39
1220.0 2.2294313711328657e+39
1220.31 2.3125195649129472e+39
1220.63 2.3240621297078368e+39
1220.94 2.2532559959305962e+39
1221.26 2.0226833247129944e+39
1221.58 2.3385421539959718e+39
1221.9 2.3320210247469903e+39
1222.21 2.3258144846909048e+39
1222.53 2.3490498403804454e+39
1222.84 2.3267769113228085e+39
1223.16 2.1780197223317884e+39
1223.48 2.3660222297202724e+39
1223.8 2.139172385027966e+39
1224.11 2.3802803230014748e+39
1224.43 2.386079840562932e+39
1224.75 2.391523336330871e+39
1225.06 2.398432455825459e+39
1225.38 2.4019069574796148e+39
1225.7 2.376757023214988e+39
1226.02 2.3824473384552087e+39
1226.34 2.413413578515877e+39
1226.65 2.4162631310045443e+39
1226.97 2.419092686139976e+39
1227.29 2.4118522980673536e+39
1227.61 2.423755603842979e+39
1227.93 2.4196183132748708e+39
1228.24 2.4220825779677402e+39
1228.56 2.385815316417469e+39
1228.88 2.4364673463008416e+39
1229.2 2.438967003204559e+39
1229.52 2.4193079759575663e+39
1229.84 2.3897710334482368e+39
1230.16 2.4513839108303355e+39
1230.47 2.25205955073083e+39
1230.79 2.409154867068492e+39
1231.11 2.4479890463323807e+39
1231.43 2.4450296238724892e+39
1231.75 2.4424106452701826e+39
1232.07 2.4355841921225144e+39
1232.39 2.4228554971860974e+39
1232.71 2.410342311908357e+39
1233.03 2.360717308888541e+39
1233.35 2.251330155503977e+39
1233.67 2.1479508394516574e+39
1233.99 2.0915556809290113e+39
1234.31 2.0708300993592472e+39
1234.63 2.0399026939398643e+39
1234.95 2.045334664696535e+39
1235.27 2.025532664092134e+39
1235.59 2.0122135448343314e+39
1235.91 2.004374319544595e+39
1236.23 1.997439051849464e+39
1236.55 1.999623297575197e+39
1236.87 2.009166336185367e+39
1237.19 2.0160921208597558e+39
1237.51 2.0292933969480457e+39
1237.83 2.0387280702592437e+39
1238.15 2.0632115165198588e+39
1238.47 2.0972403003816403e+39
1238.79 1.7624330410368576e+39
1239.11 2.3834555015364022e+39
1239.44 2.3235577632166214e+39
1239.76 2.274719633450103e+39
1240.08 2.2148395458029243e+39
1240.4 2.1861333661591037e+39
1240.72 2.1522416263453462e+39
1241.04 2.13751644749593e+39
1241.36 2.1492892163063755e+39
1241.69 2.1982732128978083e+39
1242.01 2.2714179459587416e+39
1242.33 2.3854066897339406e+39
1242.65 2.4359468505680114e+39
1242.97 2.916172290319658e+39
1243.3 2.862199901808516e+39
1243.62 2.797018401081078e+39
1243.94 2.7405055115038354e+39
1244.26 2.6878562068079518e+39
1244.58 2.660672238656435e+39
1244.91 2.6263834750593012e+39
1245.23 2.5903637135300714e+39
1245.55 2.5761997862868946e+39
1245.88 2.5587281426428262e+39
1246.2 2.5304209315378014e+39
1246.52 2.5247089235983152e+39
1246.84 2.512521443056301e+39
1247.17 2.5134140739100437e+39
1247.49 1.7878140191363856e+39
1247.81 2.4496867476793414e+39
1248.14 2.3228681721182047e+39
1248.46 2.494207679581983e+39
1248.79 2.4995190559043824e+39
1249.11 2.4994493220544685e+39
1249.43 2.4852386665101348e+39
1249.76 2.498397413351086e+39
1250.08 2.4899962098864506e+39
1250.4 2.3801578553743833e+39
1250.73 2.411453550707054e+39
1251.05 2.4611936985261733e+39
1251.38 2.4940131984066887e+39
1251.7 2.4915835780919314e+39
1252.03 2.4903376020994326e+39
1252.35 2.4876241118420535e+39
1252.68 2.484032866217878e+39
1253.0 2.4857284828540627e+39
1253.32 2.491035696650458e+39
1253.65 2.3990185945337514e+39
1253.97 2.4420167950349595e+39
1254.3 2.492638958794073e+39
1254.62 2.4919782696802335e+39
1254.95 2.46549892853044e+39
1255.27 2.4008748970465663e+39
1255.6 2.4879974644136183e+39
1255.93 2.4882284569059e+39
1256.25 2.48699392825735e+39
1256.58 2.4020656903116308e+39
1256.9 2.4838718945743183e+39
1257.23 2.4779308613000315e+39
1257.55 2.469467638111649e+39
1257.88 2.4657344659897893e+39
1258.2 2.480691376925243e+39
1258.53 2.4597139641418374e+39
1258.86 2.4138284419297754e+39
1259.18 2.4724790036663537e+39
1259.51 2.471236193809141e+39
1259.84 2.4694817664546715e+39
1260.16 2.465936092610274e+39
1260.49 2.4682732447928296e+39
1260.82 2.45445219787728e+39
1261.14 2.468086369280171e+39
1261.47 2.467695375334256e+39
1261.8 2.4256734274894592e+39
1262.12 2.4657962319160422e+39
1262.45 2.464490365353614e+39
1262.78 2.4634116915135877e+39
1263.11 2.462106334394712e+39
1263.43 2.459752460204304e+39
1263.76 2.4587313579952812e+39
1264.09 2.456635313281979e+39
1264.42 2.4378682676256275e+39
1264.74 2.449371033814466e+39
1265.07 2.4523022203487054e+39
1265.4 2.4469401051475027e+39
1265.73 2.4202633300477857e+39
1266.06 2.4251227451824243e+39
1266.38 2.379329037508033e+39
1266.71 2.4457328897768632e+39
1267.04 2.4534855659136986e+39
1267.37 2.438416874370153e+39
1267.7 2.4555137319891774e+39
1268.03 2.457970937923274e+39
1268.35 2.4609756529206406e+39
1268.68 2.4612267323547306e+39
1269.01 2.4445892310467623e+39
1269.34 2.4563493265957926e+39
1269.67 2.4649852744973765e+39
1270.0 2.451819492155713e+39
1270.33 2.4455767127493402e+39
1270.66 2.396963327877048e+39
1270.99 2.4655933825523136e+39
1271.32 2.465650342635644e+39
1271.65 2.4660477892926836e+39
1271.97 2.456223149801423e+39
1272.31 2.4741235812151747e+39
1272.63 2.4562787789585866e+39
1272.96 2.472905522629015e+39
1273.29 2.4633002996488792e+39
1273.62 2.4102781394194536e+39
1273.95 2.4711376121912832e+39
1274.28 2.4611986436713818e+39
1274.61 2.4755488085348708e+39
1274.94 2.4767514726313482e+39
1275.28 2.4766081220571202e+39
1275.61 2.4766130056473262e+39
1275.94 2.4737679937309433e+39
1276.27 2.4732598295005222e+39
1276.6 2.4697357140436124e+39
1276.93 2.3095702720675052e+39
1277.26 2.4746959089316417e+39
1277.59 2.4719088967409877e+39
1277.92 2.4739051322715978e+39
1278.25 2.439403166810262e+39
1278.58 2.4755635854187535e+39
1278.92 2.407783681688586e+39
1279.25 2.4744927323221456e+39
1279.58 2.472719537496879e+39
1279.91 2.4733951216833728e+39
1280.24 2.4728177040163897e+39
1280.57 2.4699073629686332e+39
1280.91 2.4723678316318963e+39
1281.24 2.4498053033941644e+39
1281.57 2.4653013791958716e+39
1281.9 2.4671095186162374e+39
1282.23 2.4408258894254106e+39
1282.57 2.4697842899627877e+39
1282.9 2.4652292900742682e+39
1283.23 2.4655164646242233e+39
1283.56 2.461745042494529e+39
1283.9 2.43412336492945e+39
1284.23 2.3928619928172393e+39
1284.56 2.4534808335290007e+39
1284.9 2.461909201529548e+39
1285.23 2.4555396509870496e+39
1285.56 2.461681278413993e+39
1285.9 2.3832029825936374e+39
1286.23 2.4468413271689352e+39
1286.56 2.457313305855182e+39
1286.9 2.4549327102987265e+39
1287.23 2.4565987125610624e+39
1287.56 2.4294739388100297e+39
1287.9 2.4515847323012547e+39
1288.23 2.4046211831940936e+39
1288.56 2.4481970512498675e+39
1288.9 2.4369737457344945e+39
1289.23 2.4364664364840237e+39
1289.57 2.4419388840876966e+39
1289.9 2.4389576210172174e+39
1290.23 2.4391227636069843e+39
1290.57 2.4372935201819068e+39
1290.9 2.434821457264181e+39
1291.24 2.401326273916638e+39
1291.57 2.410906349168314e+39
1291.91 2.4301066000382415e+39
1292.24 2.4250220841819775e+39
1292.58 2.4263898095726787e+39
1292.91 2.4244366509014366e+39
1293.25 2.4079397015752903e+39
1293.58 2.420057970358343e+39
1293.92 2.4115175519654474e+39
1294.25 2.4157972569483852e+39
1294.59 2.0348623359569863e+39
1294.92 2.4100995671278892e+39
1295.26 2.39132952479688e+39
1295.59 2.4015922436815565e+39
1295.93 2.4047408721295622e+39
1296.27 2.175536616176863e+39
1296.6 2.3409438939426097e+39
1296.94 2.3940821798232697e+39
1297.28 2.4037930268403624e+39
1297.61 2.3616829063696406e+39
1297.95 2.4029212608678868e+39
1298.28 2.4034439248863883e+39
1298.62 2.401274918817905e+39
1298.96 1.776559443152845e+39
1299.29 2.4028911901695457e+39
1299.63 2.402215145991378e+39
1299.97 2.4018709231964985e+39
1300.3 2.3970829706533868e+39
1300.64 2.3595425770628497e+39
1300.98 2.3081420864098838e+39
1301.32 2.3961678187349145e+39
1301.65 2.3957335795028076e+39
1301.99 2.3979667212804884e+39
1302.33 2.3955087030935792e+39
1302.67 2.3952029842988758e+39
1303.0 2.3932799173960375e+39
1303.34 1.9071199450065337e+39
1303.68 2.3904105091882836e+39
1304.02 2.392362248731373e+39
1304.35 2.392202813425443e+39
1304.69 2.3906025024858e+39
1305.03 2.3900539254829443e+39
1305.37 2.3806635083123318e+39
1305.71 2.359545276500379e+39
1306.05 2.2065745292294272e+39
1306.38 2.3925802348334778e+39
1306.72 2.3810404143903118e+39
1307.06 2.393133952395735e+39
1307.4 2.242214903567192e+39
1307.74 2.392475211183252e+39
1308.08 2.3921457861838853e+39
1308.42 2.390384839777221e+39
1308.76 2.3326414743951998e+39
1309.09 2.3927734739284896e+39
1309.43 2.389759543763465e+39
1309.77 2.388068674154871e+39
1310.11 2.361834197930616e+39
1310.45 2.39619407193124e+39
1310.79 2.3970360193094604e+39
1311.13 2.3405995574145504e+39
1311.47 2.398057901356867e+39
1311.81 2.2436349638941136e+39
1312.15 2.400903592368299e+39
1312.49 2.39054669622505e+39
1312.83 2.4018159770289497e+39
1313.17 2.4013873321865906e+39
1313.51 2.399993655326565e+39
1313.85 2.4031139870665434e+39
1314.19 2.403248214692353e+39
1314.53 2.3575606008809044e+39
1314.88 2.399495015257693e+39
1315.22 2.4033888790472294e+39
1315.56 2.38593287965125e+39
1315.9 2.391841387259179e+39
1316.24 2.3984822587705434e+39
1316.58 2.4014891231284895e+39
1316.92 2.394389046768038e+39
1317.26 2.398660535870384e+39
1317.6 2.3970265386760543e+39
1317.94 2.3922647974554354e+39
1318.29 2.337765553409834e+39
1318.63 2.3770014216521487e+39
1318.97 2.393689974105342e+39
1319.31 2.354161933747213e+39
1319.65 2.384650507215196e+39
1320.0 2.3896610417907825e+39
1320.34 2.301890463418611e+39
1320.68 2.3516515782598723e+39
1321.02 2.3866639493863842e+39
1321.36 2.1543166717356215e+39
1321.71 2.3845748973858273e+39
1322.05 2.3839611971026102e+39
1322.39 2.3830473158395e+39
1322.74 2.381658314320179e+39
1323.08 2.365554065161873e+39
1323.42 2.379064802410893e+39
1323.76 2.3762910679336e+39
1324.11 2.3753428468791477e+39
1324.45 2.335444797923798e+39
1324.79 2.368060974461021e+39
1325.14 2.373829134235471e+39
1325.48 2.3720436138799968e+39
1325.82 2.3196147130785575e+39
1326.17 2.3678944397609812e+39
1326.51 2.3260376830893726e+39
1326.85 2.351465262028688e+39
1327.2 2.3551790836700586e+39
1327.54 2.3554055144230557e+39
1327.89 2.356899067328202e+39
1328.23 2.3526789517603867e+39
1328.58 2.3497837328186006e+39
1328.92 2.3481157755990925e+39
1329.27 2.3478733213736528e+39
1329.61 2.349071334969426e+39
1329.95 2.343191135191961e+39
1330.3 2.325802132001679e+39
1330.64 2.3417698253876062e+39
1330.99 2.323637959233945e+39
1331.33 2.283743820333528e+39
1331.68 2.1943190403430226e+39
1332.02 2.3341492817750464e+39
1332.37 2.32343724320326e+39
1332.71 2.3309327141841832e+39
1333.06 2.3270836116057002e+39
1333.41 2.326291874771014e+39
1333.75 2.325320900172063e+39
1334.1 2.320946039220315e+39
1334.44 2.142612671243124e+39
1334.79 2.3167317450307663e+39
1335.13 2.3158173825360726e+39
1335.48 2.3193560755133347e+39
1335.83 2.2180704428821552e+39
1336.17 2.2638674845765233e+39
1336.52 2.3158417588971445e+39
1336.86 2.2910497568311597e+39
1337.21 2.3167137309226143e+39
1337.56 2.313077638768427e+39
1337.91 2.3088091436188493e+39
1338.25 2.300666243444049e+39
1338.6 1.3854836861165182e+39
1338.94 2.3303812446445918e+39
1339.29 2.328813687203242e+39
1339.64 2.247514485982501e+39
1339.99 2.3292068908787847e+39
1340.33 2.3159537257446016e+39
1340.68 2.3299885602054634e+39
1341.03 2.3218688612835225e+39
1341.38 2.3297620847492157e+39
1341.72 2.328913380133611e+39
1342.07 2.3242733206719792e+39
1342.42 2.279560094768688e+39
1342.77 2.3017326689539535e+39
1343.11 2.2029599220598424e+39
1343.46 1.4137753574446618e+39
1343.81 2.3386983338712194e+39
1344.16 2.3341458653407063e+39
1344.51 2.3356835047777194e+39
1344.86 2.3312394095394787e+39
1345.21 2.3336179124695768e+39
1345.55 2.2464192813290708e+39
1345.9 2.3311148640920633e+39
1346.25 2.3257686921177833e+39
1346.6 2.3298574898812994e+39
1346.95 2.3298190159819822e+39
1347.3 2.263106566878832e+39
1347.65 2.3247048137691248e+39
1348.0 2.313932126846006e+39
1348.35 2.3287528951578962e+39
1348.7 2.3258204815797413e+39
1349.05 2.3239386463195777e+39
1349.4 2.3245152525337544e+39
1349.74 2.3238521046554244e+39
1350.09 2.3182283467353244e+39
1350.44 2.315975342027484e+39
1350.8 2.3209366765916952e+39
1351.15 2.3102607256114226e+39
1351.49 2.124990744576292e+39
1351.84 2.3157129874828454e+39
1352.2 2.3166160460312417e+39
1352.55 2.3142044969102695e+39
1352.9 2.3053103415383037e+39
1353.25 2.312954322671335e+39
1353.6 2.3102997320013097e+39
1353.95 2.3111576992481275e+39
1354.3 2.3082923553634704e+39
1354.65 2.3088835379882063e+39
1355.0 2.3068174190671567e+39
1355.35 2.294744818434224e+39
1355.7 2.298664318627182e+39
1356.06 2.2050543357176533e+39
1356.41 2.2973142864695327e+39
1356.76 2.299701730637222e+39
1357.11 2.1430020752990434e+39
1357.46 2.2946352034733754e+39
1357.81 2.2583809845810528e+39
1358.17 2.2925217228681972e+39
1358.52 2.2242133935925032e+39
1358.87 2.2853325972780118e+39
1359.22 2.224141162071569e+39
1359.57 2.2873638419090787e+39
1359.93 2.2831863049361054e+39
1360.28 2.28441075016327e+39
1360.63 2.280168860559504e+39
1360.98 2.281023692465544e+39
1361.34 2.237514064958791e+39
1361.69 2.1339709371750797e+39
1362.04 2.2787736954183572e+39
1362.4 2.2763163572205378e+39
1362.75 2.2691313404106207e+39
1363.1 1.9907953950705763e+39
1363.46 2.2337592785383303e+39
1363.81 2.2290680082680528e+39
1364.16 2.268664350559927e+39
1364.52 2.2669916538827897e+39
1364.87 2.1954158997354465e+39
1365.22 2.2595589044993564e+39
1365.58 1.9595812472815953e+39
1365.93 2.2493140354660756e+39
1366.29 2.2612035334445488e+39
1366.64 2.2609264270215767e+39
1366.99 2.2507953783043087e+39
1367.35 2.2557298236647854e+39
1367.7 2.2457731332550974e+39
1368.06 2.2288298676347414e+39
1368.41 2.2124613383856864e+39
1368.77 2.1973877420991134e+39
1369.12 2.1798441277538425e+39
1369.48 2.1567828293843965e+39
1369.83 2.1455820681535785e+39
1370.19 2.140553458669618e+39
1370.54 2.149684688179232e+39
1370.9 2.0943327349831475e+39
1371.25 1.9328775266451397e+39
1371.61 2.3249227562073755e+39
1371.96 2.1626335434061803e+39
1372.32 2.2951957748158657e+39
1372.67 2.2239965486075837e+39
1373.03 2.2594923521217984e+39
1373.39 2.2570834955764242e+39
1373.74 2.033536388644542e+39
1374.1 2.0094567510912403e+39
1374.45 2.2479308802487014e+39
1374.81 2.1396839769102592e+39
1375.17 2.246706275001018e+39
1375.52 2.2437813721809755e+39
1375.88 2.2426792659471446e+39
1376.23 2.1929907402239898e+39
1376.59 2.2356124506059614e+39
1376.95 2.2404549391540392e+39
1377.31 2.242053027248092e+39
1377.66 2.1948380140206343e+39
1378.02 2.217951704267255e+39
1378.38 2.2393999762073296e+39
1378.73 2.210437210205967e+39
1379.09 2.1453478153496576e+39
1379.45 2.235924909863402e+39
1379.81 2.2412313500182845e+39
1380.16 2.064871811809698e+39
1380.52 2.239198092912834e+39
1380.88 2.2391674650724752e+39
1381.24 2.230958738807478e+39
1381.6 2.1576275093381193e+39
1381.95 2.2400524197021983e+39
1382.31 2.2368303871669884e+39
1382.67 2.2380918003801627e+39
1383.03 2.2387866469325858e+39
1383.39 2.2371107739646273e+39
1383.75 2.2290624733848604e+39
1384.1 2.1532962053007885e+39
1384.46 2.232073371627045e+39
1384.82 2.228194651876102e+39
1385.18 2.2275002339292213e+39
1385.54 2.2251764223274845e+39
1385.9 2.2166323754525187e+39
1386.26 2.181337140441654e+39
1386.62 2.2244969523308044e+39
1386.98 2.214627740936871e+39
1387.34 2.1591835152053074e+39
1387.7 2.2205383374039294e+39
1388.06 2.1612096357042647e+39
1388.42 2.211746835306061e+39
1388.78 2.2213338455780125e+39
1389.14 2.2213763977525864e+39
1389.49 2.2212865660364366e+39
1389.85 2.2211777813464485e+39
1390.21 2.219815157384422e+39
1390.58 2.218227706777054e+39
1390.94 2.1598291829918206e+39
1391.3 2.220151339170619e+39
1391.66 2.220269278759982e+39
1392.02 2.2191599983772224e+39
1392.38 2.2098941723764484e+39
1392.74 2.217452030415058e+39
1393.1 2.1045870144329608e+39
1393.46 2.20439509061413e+39
1393.82 1.323646086328951e+39
1394.18 2.187128101904184e+39
1394.55 2.195806432096351e+39
1394.91 2.2160847921481316e+39
1395.27 2.207388084517046e+39
1395.63 2.2126412996494617e+39
1395.99 2.153938677684379e+39
1396.35 2.2075759561288477e+39
1396.72 2.206063657653779e+39
1397.08 2.1128095956093164e+39
1397.44 2.1876743812195178e+39
1397.8 2.1756799094786702e+39
1398.16 1.8438149067694442e+39
1398.53 2.2026713685182814e+39
1398.89 2.149720643770874e+39
1399.25 2.2011654578741288e+39
1399.61 2.1995560298287862e+39
1399.98 2.1051672232030482e+39
1400.34 2.1609212306454666e+39
1400.7 2.0990426906893818e+39
1401.07 2.153093233831297e+39
1401.43 2.194295778757525e+39
1401.79 2.192893283376498e+39
1402.16 2.1861454665264142e+39
1402.52 2.1776665627568585e+39
1402.88 1.3368223786664163e+39
1403.25 2.0678796573523257e+39
1403.61 2.192590770643483e+39
1403.97 2.1872470875742435e+39
1404.34 2.1762778627326874e+39
1404.7 2.1858515613808512e+39
1405.06 2.1890565853526465e+39
1405.43 2.1807881824010368e+39
1405.79 2.1852433464082046e+39
1406.16 2.1747347974795563e+39
1406.52 2.162482616017593e+39
1406.89 1.976328446320152e+39
1407.25 1.8093202457625214e+39
1407.62 2.1781708389333305e+39
1407.98 2.1754958562492206e+39
1408.35 2.1771821089941755e+39
1408.71 2.025436353741253e+39
1409.08 1.9264876558850723e+39
1409.44 1.6651500828061362e+39
1409.81 1.97079300335435e+39
1410.17 2.1594749129953663e+39
1410.54 2.168781451104137e+39
1410.9 2.167918443739926e+39
1411.27 2.158989677188474e+39
1411.64 2.0857304943933968e+39
1412.0 2.160604810472167e+39
1412.37 2.162633679921893e+39
1412.73 2.162171351763032e+39
1413.1 2.160865476088071e+39
1413.46 2.159456504354711e+39
1413.83 2.159324345952688e+39
1414.2 2.146353629743178e+39
1414.56 2.0797534571191706e+39
1414.93 2.1509742044902417e+39
1415.3 2.1293081914540632e+39
1415.67 2.152047351754563e+39
1416.03 2.152148851426178e+39
1416.4 2.1538009057796107e+39
1416.77 2.15272612018408e+39
1417.13 2.1409138517866913e+39
1417.5 2.1515545858801294e+39
1417.87 2.1479566936261152e+39
1418.23 2.12711635910377e+39
1418.6 2.1467569005129013e+39
1418.97 2.1477040067316625e+39
1419.34 2.1462777683208447e+39
1419.71 2.1341619212106877e+39
1420.07 2.0020475386710878e+39
1420.44 1.969498738448604e+39
1420.81 2.1346022773102906e+39
1421.18 1.9704171100178927e+39
1421.55 2.1397316558491203e+39
1421.92 2.138505609711774e+39
1422.28 2.138686189312408e+39
1422.65 2.1236550522367704e+39
1423.02 2.141743185582761e+39
1423.39 2.1431905087480872e+39
1423.76 2.1437993049993714e+39
1424.13 2.14302599584103e+39
1424.5 2.0664776746797556e+39
1424.87 2.1419728472574512e+39
1425.23 2.1439953554354034e+39
1425.6 2.143171940914384e+39
1425.97 2.1328492192946764e+39
1426.34 2.0281648839620294e+39
1426.71 2.1305234994440528e+39
1427.08 2.1415063362445598e+39
1427.45 1.958309893730648e+39
1427.82 1.925171381438256e+39
1428.19 2.00040237767772e+39
1428.56 2.0579523416844194e+39
1428.93 1.9565153075851467e+39
1429.3 2.1074203681341518e+39
1429.68 2.1283898918125722e+39
1430.05 2.1256858540249353e+39
1430.42 2.023098197580612e+39
1430.79 2.0494854051144907e+39
1431.16 2.128495237451322e+39
1431.53 2.123442579576206e+39
1431.9 2.0966616257332986e+39
1432.27 2.1291482514105318e+39
1432.64 2.128122391464742e+39
1433.01 2.1082751724123948e+39
1433.38 2.1258762578036746e+39
1433.76 2.1223159242312582e+39
1434.13 2.1237368753505323e+39
1434.5 2.080613333450176e+39
1434.87 2.1199813519120923e+39
1435.24 2.0221468827795024e+39
1435.61 2.119841303941266e+39
1435.99 2.1189727139281732e+39
1436.36 2.1195614104054864e+39
1436.73 2.1149818156496716e+39
1437.1 2.1077841184182573e+39
1437.48 2.1009022544177766e+39
1437.85 2.1129309775317584e+39
1438.22 2.115313657072849e+39
1438.59 2.1093285753835677e+39
1438.97 2.1002159601847307e+39
1439.34 2.1145765752178995e+39
1439.71 2.094222778713562e+39
1440.09 2.113258365196418e+39
1440.46 1.8408654997439455e+39
1440.83 1.9793450990780945e+39
1441.21 2.0767835597731668e+39
1441.58 2.1100400487179793e+39
1441.95 2.108948094289238e+39
1442.33 2.0947872019428527e+39
1442.7 2.084453633122997e+39
1443.07 2.09427909315621e+39
1443.45 2.0675144351069417e+39
1443.82 2.1059635516737025e+39
1444.2 2.0999300340527554e+39
1444.57 2.1041519892482178e+39
1444.95 2.035827905259903e+39
1445.32 2.10161580975624e+39
1445.69 2.0743669375471275e+39
1446.07 2.09946921082735e+39
1446.44 2.0780775321212278e+39
1446.82 2.090035844144523e+39
1447.19 2.0893245771009297e+39
1447.57 2.0716673901045536e+39
1447.94 2.0848373759368048e+39
1448.32 2.0948661354728652e+39
1448.69 2.084675230569879e+39
1449.07 2.0230306998924182e+39
1449.45 2.0800152914571473e+39
1449.82 2.0325377537153266e+39
1450.2 2.0750217378006166e+39
1450.57 2.084897554569113e+39
1450.95 2.075146320055845e+39
1451.33 2.0787521745408314e+39
1451.7 2.0825459017934072e+39
1452.08 2.077774317162345e+39
1452.45 2.0461629238554494e+39
1452.83 2.068159253707448e+39
1453.21 2.081506308578705e+39
1453.58 1.8416179210703524e+39
1453.96 2.0526422400010465e+39
1454.34 2.0527543373675253e+39
1454.71 1.8202822878396605e+39
1455.09 2.077124054859904e+39
1455.47 1.938546017388987e+39
1455.85 2.068996623027876e+39
1456.22 1.8362498166463515e+39
1456.6 2.065612207806985e+39
1456.98 2.070693423302264e+39
1457.36 2.0214490661438713e+39
1457.73 1.8517730638063864e+39
1458.11 2.06602101355405e+39
1458.49 2.0152628206833934e+39
1458.87 2.0633297372466834e+39
1459.24 1.8349048309987186e+39
1459.62 2.054283897096436e+39
1460.0 2.061376714979797e+39
1460.38 2.0434981860555932e+39
1460.76 1.8151442049304058e+39
1461.14 2.0544596666455608e+39
1461.52 2.0493818092205988e+39
1461.9 2.0554083730827876e+39
1462.27 2.0247498390543054e+39
1462.65 1.70324291775452e+39
1463.03 2.0515485423851924e+39
1463.41 2.0511479628523896e+39
1463.79 2.034895772916279e+39
1464.17 1.996077210227275e+39
1464.55 2.0354596136423538e+39
1464.93 1.9902041631444787e+39
1465.31 1.937370836452428e+39
1465.69 2.0427154445951827e+39
1466.07 2.043859400864916e+39
1466.45 2.0244208165749078e+39
1466.83 2.0153039710108778e+39
1467.21 2.0354025565773117e+39
1467.59 2.0376052902438185e+39
1467.97 2.0325900354071935e+39
1468.35 2.0322143495132285e+39
1468.73 2.029687718568108e+39
1469.11 2.0225949703042668e+39
1469.49 2.0305262617856178e+39
1469.87 1.9995777129133745e+39
1470.25 1.9947476083178496e+39
1470.64 2.0266532068577245e+39
1471.02 2.019632078140134e+39
1471.4 2.014734978215153e+39
1471.78 2.0151787714721644e+39
1472.16 1.9029142549907598e+39
1472.54 1.7755579298668095e+39
1472.92 2.0246523407440574e+39
1473.31 2.0241283594812362e+39
1473.69 2.025273297159089e+39
1474.07 2.0243202077363053e+39
1474.45 2.0234140958708937e+39
1474.83 2.0221823648240436e+39
1475.21 2.02067213697873e+39
1475.6 1.8476655503888778e+39
1475.98 2.0274913378093126e+39
1476.36 2.0153919333713602e+39
1476.74 2.0291306740146837e+39
1477.13 2.03227324426342e+39
1477.51 1.9839584960017082e+39
1477.89 2.021403704072556e+39
1478.28 1.9065364576979798e+39
1478.66 2.0252823225351362e+39
1479.04 2.02230204567303e+39
1479.43 1.7872613030818456e+39
1479.81 2.013902701270601e+39
1480.19 2.0093653463574626e+39
1480.58 2.009004516797296e+39
1480.96 2.008329273915392e+39
1481.34 2.0014736383896972e+39
1481.73 2.0023801402204276e+39
1482.11 2.006048668703295e+39
1482.5 2.0053403845356176e+39
1482.88 2.0044859487711525e+39
1483.27 1.923975913631348e+39
1483.65 2.0022325964065838e+39
1484.03 1.9831675810084925e+39
1484.42 1.977179044192269e+39
1484.8 1.9996816719561588e+39
1485.19 1.98690649932009e+39
1485.57 1.9979392466601243e+39
1485.96 1.973277562461169e+39
1486.34 1.9929338232850862e+39
1486.73 1.9816161385704047e+39
1487.11 1.9956492110398545e+39
1487.5 1.9948067572515562e+39
1487.89 1.9629870888237233e+39
1488.27 1.9930678247405904e+39
1488.66 1.9922721495368098e+39
1489.04 1.9842357630991522e+39
1489.43 1.985545446905426e+39
1489.81 1.8921885715288922e+39
1490.2 1.8691792342561372e+39
1490.59 1.9817448697116583e+39
1490.97 1.9874022736459218e+39
1491.36 1.9864876124560435e+39
1491.75 1.9840651337992492e+39
1492.13 1.981864334676727e+39
1492.52 1.9835536759620696e+39
1492.91 1.982503567078414e+39
1493.29 1.982265998461103e+39
1493.68 1.8082227240602202e+39
1494.07 1.9777978440033905e+39
1494.45 1.9586634116864343e+39
1494.84 1.9694717604000178e+39
1495.23 1.9315221399612157e+39
1495.62 1.9418335913324157e+39
1496.01 1.9755240221838563e+39
1496.39 1.9734689008316404e+39
1496.78 1.9726977775162948e+39
1497.17 1.9711097443923423e+39
1497.56 1.927218854416118e+39
1497.94 1.824017224198836e+39
1498.33 1.9677464109502454e+39
1498.72 1.869602603257364e+39
1499.11 1.910378670457416e+39
1499.5 1.9571296582537855e+39
1499.89 1.9564993920729197e+39
1500.28 1.926104374596938e+39
1500.66 1.954567570413337e+39
1501.05 1.9452707064816377e+39
1501.44 1.9295648633874802e+39
1501.83 1.4229469031591023e+39
1502.22 1.9391793810182756e+39
1502.61 1.9609533038494818e+39
1503.0 1.9558092530682185e+39
1503.39 1.95490527429474e+39
1503.78 1.9486996965400204e+39
1504.17 1.949728293787839e+39
1504.56 1.877989881408747e+39
1504.95 1.9535853023255627e+39
1505.34 1.9452771609405923e+39
1505.73 1.9116272866203508e+39
1506.12 1.946419414120768e+39
1506.51 1.9484514426047705e+39
1506.9 1.9367461419502408e+39
1507.29 1.945385903856112e+39
1507.68 1.9424005069140018e+39
1508.07 1.9416088984213578e+39
1508.46 1.940862091762687e+39
1508.85 1.9217529416799184e+39
1509.24 1.935309303780098e+39
1509.64 1.9341351955419172e+39
1510.03 1.934459147996061e+39
1510.42 1.933179809472638e+39
1510.81 1.9313570170241875e+39
1511.2 1.8766511653136268e+39
1511.59 1.912557651593596e+39
1511.98 1.9227619056154455e+39
1512.38 1.915349521766463e+39
1512.77 1.843142842680685e+39
1513.16 1.920171158277181e+39
1513.55 1.8941784073626195e+39
1513.94 1.9240741836593122e+39
1514.34 1.925636444652592e+39
1514.73 1.9257735185563035e+39
1515.12 1.9255558311718827e+39
1515.52 1.9109466971995094e+39
1515.91 1.922032441103388e+39
1516.3 1.915736374781474e+39
1516.69 1.812594943936733e+39
1517.09 1.9247205938799394e+39
1517.48 1.9251859596657297e+39
1517.87 1.914466032848528e+39
1518.27 1.9232447432878524e+39
1518.66 1.9162382615822546e+39
1519.05 1.7830127467829373e+39
1519.45 1.9198676756543688e+39
1519.84 1.919712579979338e+39
1520.23 1.91854112166942e+39
1520.63 1.747945633971648e+39
1521.02 1.9151752451954125e+39
1521.42 1.9129070673658587e+39
1521.81 1.9149902423646326e+39
1522.21 1.9141319264926546e+39
1522.6 1.9133504005029207e+39
1522.99 1.9124810117597698e+39
1523.39 1.909995562784205e+39
1523.79 1.9099304785752003e+39
1524.18 1.8956585132164127e+39
1524.57 1.9019654684108635e+39
1524.97 1.8862869212143857e+39
1525.36 1.8052203751760443e+39
1525.76 1.8925534614641443e+39
1526.16 1.8846915017353727e+39
1526.55 1.8998892131227185e+39
1526.95 1.8887752072645197e+39
1527.34 1.8874617607522502e+39
1527.74 1.8110066244405402e+39
1528.14 1.8839607725515378e+39
1528.53 1.878968801692777e+39
1528.93 1.885303470617546e+39
1529.32 1.896613617727853e+39
1529.72 1.8957036379603563e+39
1530.12 1.6793528763922345e+39
1530.51 1.8586575733421656e+39
1530.91 1.892989311170247e+39
1531.31 1.8415619431543858e+39
1531.7 1.8699851619633473e+39
1532.1 1.8615557647513433e+39
1532.5 1.8171626387161052e+39
1532.9 1.6659095059595095e+39
1533.29 1.69399719802884e+39
1533.69 1.8762038226096006e+39
1534.09 1.8796076525163627e+39
1534.48 1.881343414249403e+39
1534.88 1.8570559476969667e+39
1535.28 1.8811860872591756e+39
1535.68 1.8417402873215504e+39
1536.08 1.8829027690872083e+39
1536.47 1.8759797175576155e+39
1536.87 1.8773408960844512e+39
1537.27 1.7745867932327836e+39
1537.67 1.8887325011121485e+39
1538.07 1.870005006390122e+39
1538.47 1.8910551487081018e+39
1538.86 1.8238924638638052e+39
1539.26 1.8888562293685834e+39
1539.66 1.8925950233050664e+39
1540.06 1.866403775531901e+39
1540.46 1.8589282909302327e+39
1540.86 1.8283898184211483e+39
1541.26 1.766207410753718e+39
1541.66 1.7353531967754252e+39
1542.06 1.680210899454569e+39
1542.46 1.6940235966367552e+39
1542.86 1.6942006892684788e+39
1543.26 1.7054539367975192e+39
1543.66 1.6857954419690877e+39
1544.06 1.6870171539473118e+39
1544.46 1.536186217429363e+39
1544.86 1.5197703690292023e+39
1545.26 1.6911098707783273e+39
1545.66 1.680410628156212e+39
1546.06 1.693669859221387e+39
1546.46 1.6382673049666463e+39
1546.86 1.6902450491955685e+39
1547.26 1.6800940406197447e+39
1547.66 1.6607586286404235e+39
1548.06 1.2094514738370793e+39
1548.47 1.8267238139015276e+39
1548.87 1.8073938307631323e+39
1549.27 1.8066819090799548e+39
1549.67 1.805841329222641e+39
1550.07 1.8016750719808313e+39
1550.47 1.799999303517933e+39
1550.88 1.3733478295233737e+39
1551.28 2.0171785894581478e+39
1551.68 1.9881226563847016e+39
1552.08 1.928718772781814e+39
1552.48 1.940369316609089e+39
1552.89 1.9209299359800044e+39
1553.29 1.761475162148336e+39
1553.69 1.890389426150222e+39
1554.09 1.8643858207379914e+39
1554.5 1.8639828519625012e+39
1554.9 1.7843741779220763e+39
1555.3 1.8304998690510718e+39
1555.71 1.838675394295837e+39
1556.11 1.8074169033289796e+39
1556.51 1.7949459227958222e+39
1556.92 1.817425242908107e+39
1557.32 1.6977383594015284e+39
1557.72 1.8219005976209432e+39
1558.13 1.7898520935780193e+39
1558.53 1.822260569382345e+39
1558.93 1.812105691771787e+39
1559.34 1.7916579444689527e+39
1559.74 1.8231296997248677e+39
1560.15 1.762822347262468e+39
1560.55 1.776316849898017e+39
1560.96 1.824319184087478e+39
1561.36 1.7237018063098984e+39
1561.77 1.8246711715639478e+39
1562.17 1.821792575574441e+39
1562.57 1.8191694286408277e+39
1562.98 1.8243256995123565e+39
1563.39 1.823944009689075e+39
1563.79 1.800882721206167e+39
1564.19 1.7821705558951494e+39
1564.6 1.7428021771167778e+39
1565.01 1.823210540691195e+39
1565.41 1.821966404257156e+39
1565.82 1.8048407826737377e+39
1566.22 1.7166519235581533e+39
1566.63 1.73680306986121e+39
1567.04 1.7797085761913514e+39
1567.44 1.8226883314529577e+39
1567.85 1.8206847986510858e+39
1568.25 1.4905902499922654e+39
1568.66 1.737963369507109e+39
1569.07 1.8174520265647283e+39
1569.47 1.8137876932782024e+39
1569.88 1.8163886431224688e+39
1570.29 1.8058060328785913e+39
1570.69 1.8068603142708448e+39
1571.1 1.8119111210977555e+39
1571.51 1.811503580538242e+39
1571.92 1.773297075017145e+39
1572.32 1.7884581334021957e+39
1572.73 1.8010517801037218e+39
1573.14 1.8084379748199665e+39
1573.55 1.8080108629042704e+39
1573.95 1.8073729681627572e+39
1574.36 1.806738073169547e+39
1574.77 1.6512491563962935e+39
1575.18 1.6562276063355385e+39
1575.59 1.6928069292287963e+39
1575.99 1.7845312875803623e+39
1576.4 1.7378471342710668e+39
1576.81 1.7734501106120658e+39
1577.22 1.6860730147413848e+39
1577.63 1.794535426013852e+39
1578.04 1.6798943638572578e+39
1578.45 1.8000388644965254e+39
1578.86 1.796808375147021e+39
1579.27 1.786576497925146e+39
1579.68 1.6531849472890686e+39
1580.08 1.7977883527178896e+39
1580.49 1.7979115949121567e+39
1580.9 1.7366730955885315e+39
1581.31 1.7819593454905552e+39
1581.72 1.793814289246106e+39
1582.13 1.7959206293712342e+39
1582.54 1.7864331591643175e+39
1582.95 1.7929898503739782e+39
1583.36 1.7933878076565707e+39
1583.77 1.7644143842234222e+39
1584.18 1.7854881060185075e+39
1584.59 1.7737129153997146e+39
1585.01 1.6466861055871142e+39
1585.42 1.7917490294197293e+39
1585.83 1.6638092322176677e+39
1586.24 1.780122447711568e+39
1586.65 1.790260455547805e+39
1587.06 1.7892563033775156e+39
1587.47 1.7515756052299322e+39
1587.88 1.787249627373184e+39
1588.3 1.786132752723306e+39
1588.71 1.7831528165356357e+39
1589.12 1.783377953166423e+39
1589.53 1.7824946001401528e+39
1589.94 1.7664162539088754e+39
1590.35 1.7819597148671202e+39
1590.77 1.7799286139659496e+39
1591.18 1.7776138035858417e+39
1591.59 1.7617011716078652e+39
1592.0 1.5973756955654868e+39
1592.42 1.7764450376330547e+39
1592.83 1.776955713417463e+39
1593.24 1.7726436245883375e+39
1593.66 1.7602264811740577e+39
1594.07 1.7666262820170917e+39
1594.48 1.773580098443116e+39
1594.89 1.7339114301245007e+39
1595.31 1.76102326927259e+39
1595.72 1.764619859854032e+39
1596.14 1.7705545524764368e+39
1596.55 1.76898986987897e+39
1596.96 1.767100958675106e+39
1597.38 1.75626262558062e+39
1597.79 1.7647997819749517e+39
1598.2 1.7629963229921593e+39
1598.62 1.7419697573053888e+39
1599.03 1.7610597777538084e+39
1599.45 1.75983033021242e+39
1599.86 1.7454370986464894e+39
1600.28 1.753076297553434e+39
1600.69 1.7527668027481173e+39
1601.11 1.7509779201645707e+39
1601.52 1.7355371248012108e+39
1601.94 1.7040029953437668e+39
1602.35 1.7514732531398664e+39
1602.77 1.749886459680159e+39
1603.18 1.4604037645832447e+39
1603.6 1.7444527886744148e+39
1604.01 1.74688700057951e+39
1604.43 1.742555548414678e+39
1604.84 1.606002601949277e+39
1605.26 1.7431631015911953e+39
1605.68 1.7401223490362975e+39
1606.09 1.7378782255853792e+39
1606.51 1.7375250077588866e+39
1606.93 1.723863073309512e+39
1607.34 1.7391709294771202e+39
1607.76 1.7027619311425166e+39
1608.18 1.728723665053337e+39
1608.59 1.7361411136276033e+39
1609.01 1.479403455424435e+39
1609.43 1.7293144297879766e+39
1609.84 1.483303255350279e+39
1610.26 1.608302636429588e+39
1610.68 1.7332674607822108e+39
1611.09 1.7053028895175898e+39
1611.51 1.7316467832459242e+39
1611.93 1.695653376701149e+39
1612.35 1.729994943459351e+39
1612.77 1.669062403367983e+39
1613.18 1.7278993882441013e+39
1613.6 1.7148895904347186e+39
1614.02 1.490506462942568e+39
1614.44 1.7258440474355923e+39
1614.86 1.7193625824860184e+39
1615.28 1.5929911457510005e+39
1615.69 1.6928830204234167e+39
1616.11 1.6808261569134023e+39
1616.53 1.7197630973620492e+39
1616.95 1.7120420692939786e+39
1617.37 1.718344422777397e+39
1617.79 1.6996362374449933e+39
1618.21 1.7161756085604538e+39
1618.63 1.6935087594060132e+39
1619.05 1.713220049897339e+39
1619.47 1.7094201866234446e+39
1619.89 1.7110570385884306e+39
1620.31 1.620734572145452e+39
1620.73 1.6420655419592083e+39
1621.15 1.488329386471413e+39
1621.57 1.4562891155070603e+39
1621.99 1.7059493311753758e+39
1622.41 1.6937707549833293e+39
1622.83 1.7041315213399684e+39
1623.25 1.6924722904581907e+39
1623.67 1.654817107968243e+39
1624.09 1.6189685597156986e+39
1624.51 1.6996785957138965e+39
1624.93 1.552798752554663e+39
1625.35 1.673491532964992e+39
1625.78 1.695063444804547e+39
1626.2 1.6629243181772433e+39
1626.62 1.6958951791576714e+39
1627.04 1.6930723683911327e+39
1627.46 1.6115806090762135e+39
1627.88 1.6916812646599392e+39
1628.31 1.6804908338830233e+39
1628.73 1.693724010603577e+39
1629.15 1.517326823798044e+39
1629.57 1.6927998886110354e+39
1629.99 1.691383552574435e+39
1630.42 1.6662865391447735e+39
1630.84 1.6912435651154548e+39
1631.26 1.690055614625875e+39
1631.68 1.5145663646731938e+39
1632.11 1.5335121150501728e+39
1632.53 1.6730715024315777e+39
1632.95 1.6889694028888502e+39
1633.38 1.6887705750685292e+39
1633.8 1.6841389196622265e+39
1634.22 1.6836242053497734e+39
1634.65 1.6485950819879387e+39
1635.07 1.6858589174501428e+39
1635.49 1.682513062594143e+39
1635.92 1.6799921462008724e+39
1636.34 1.6814157202126865e+39
1636.77 1.6827983923086968e+39
1637.19 1.6781732609515862e+39
1637.61 1.6491550346040686e+39
1638.04 1.6540110474472867e+39
1638.46 1.592366572410231e+39
1638.89 1.670090210732619e+39
1639.31 1.6252663169218094e+39
1639.74 1.6524235294811737e+39
1640.16 1.376594192942907e+39
1640.59 1.387020008680675e+39
1641.01 1.6889906570612615e+39
1641.44 1.6825733173912297e+39
1641.86 1.4775850829387462e+39
1642.29 1.6758996668289532e+39
1642.71 1.6437682106774296e+39
1643.14 1.675158950677213e+39
1643.57 1.673599089531933e+39
1643.99 1.65113996049257e+39
1644.42 1.6712800359486664e+39
1644.84 1.6672534042951912e+39
1645.27 1.6519879630635116e+39
1645.7 1.6624634586510083e+39
1646.12 1.668493006386377e+39
1646.55 1.6672838708919212e+39
1646.98 1.6427620861853017e+39
1647.41 1.6645784597706517e+39
1647.83 1.6635313437620488e+39
1648.26 1.6618848029653846e+39
1648.69 1.657833074358997e+39
1649.11 1.6526747291265225e+39
1649.54 1.6546158515724887e+39
1649.97 1.6374080829132632e+39
1650.4 1.6559858984405494e+39
1650.82 1.653343324532843e+39
1651.25 1.6540653415960916e+39
1651.68 1.6320829672901046e+39
1652.11 1.650219665521915e+39
1652.54 1.6353143181626447e+39
1652.96 1.5021072096874294e+39
1653.39 1.5032567047106282e+39
1653.82 1.6460209640271677e+39
1654.25 1.6374858979386094e+39
1654.68 1.6255478896777074e+39
1655.11 1.6421467397871496e+39
1655.54 1.640416579366191e+39
1655.96 1.6405335551609995e+39
1656.39 1.6425450619839396e+39
1656.82 1.636739116705266e+39
1657.25 1.6414271947570612e+39
1657.68 1.6191004026139613e+39
1658.11 1.6335631607146026e+39
1658.54 1.6384329341494192e+39
1658.97 1.6049556414440615e+39
1659.4 1.6408066126410368e+39
1659.83 1.6372754919981328e+39
1660.26 1.6410662875393363e+39
1660.69 1.6397985049618257e+39
1661.12 1.640117066776483e+39
1661.55 1.5602680268062214e+39
1661.98 1.638036480141446e+39
1662.42 1.596164199829615e+39
1662.85 1.6411259974244732e+39
1663.28 1.6411424689764057e+39
1663.71 1.6408944363142686e+39
1664.14 1.6412305759490538e+39
1664.57 1.638486532733118e+39
1665.0 1.632736515801569e+39
1665.43 1.6397184682466546e+39
1665.86 1.6386734731526054e+39
1666.3 1.63692521490195e+39
1666.73 1.634902577030294e+39
1667.16 1.6323935539220873e+39
1667.59 1.6315027750550578e+39
1668.03 1.569582103265755e+39
1668.46 1.6023481699630036e+39
1668.89 1.6264087131297266e+39
1669.32 1.6245102238288416e+39
1669.76 1.5919625095922744e+39
1670.19 1.619076293979654e+39
1670.62 1.6114312789740322e+39
1671.05 1.471723626451366e+39
1671.49 1.6140297422857602e+39
1671.92 1.5955337692128432e+39
1672.35 1.5951460937797035e+39
1672.79 1.56378026383026e+39
1673.22 1.6110914262006326e+39
1673.65 1.437423174888078e+39
1674.09 1.612315009655219e+39
1674.52 1.6121459163909707e+39
1674.96 1.6125698480179257e+39
1675.39 1.5990695164311383e+39
1675.82 1.603489620950528e+39
1676.26 1.610774336120386e+39
1676.69 1.605511829668887e+39
1677.13 1.5405722034770974e+39
1677.56 1.6112423388307092e+39
1678.0 1.6110885552107122e+39
1678.43 1.610342369338576e+39
1678.87 1.6093361479881963e+39
1679.3 1.6090353030599077e+39
1679.74 1.608326133554615e+39
1680.17 1.6076922744066412e+39
1680.61 1.606829182023864e+39
1681.04 1.606525296376575e+39
1681.48 1.6060776322806386e+39
1681.92 1.5533005414731382e+39
1682.35 1.6051415448927012e+39
1682.79 1.6047681062728058e+39
1683.22 1.604279801526473e+39
1683.66 1.602762060934727e+39
1684.1 1.6033117901854063e+39
1684.53 1.6026762506263716e+39
1684.97 1.6024877673716332e+39
1685.41 1.6012665783692027e+39
1685.84 1.5863223321308175e+39
1686.28 1.5979218861901287e+39
1686.72 1.501620442155848e+39
1687.15 1.596218707384617e+39
1687.59 1.550911346297358e+39
1688.03 1.593975070977152e+39
1688.47 1.5935513093498576e+39
1688.9 1.5924953692505165e+39
1689.34 1.591375453717287e+39
1689.78 1.590292851174606e+39
1690.22 1.5757290193541758e+39
1690.66 1.5449909318929682e+39
1691.09 1.5871133298605642e+39
1691.53 1.5861063034864897e+39
1691.97 1.5847896192293307e+39
1692.41 1.5797832108716532e+39
1692.85 1.58257149635586e+39
1693.29 1.5820097430850254e+39
1693.72 1.5810379929513547e+39
1694.16 1.5800399204135187e+39
1694.6 1.5357615220886498e+39
1695.04 1.5553906146276452e+39
1695.48 1.5764316114538483e+39
1695.92 1.5722469652497548e+39
1696.36 1.575129859685431e+39
1696.8 1.5702251644434705e+39
1697.24 1.5729230290042104e+39
1697.68 1.5723288548450403e+39
1698.12 1.5690600899764647e+39
1698.56 1.570311229473958e+39
1699.0 1.558231091908125e+39
1699.44 1.5678624682079676e+39
1699.88 1.566621315513112e+39
1700.32 1.5379778030308152e+39
1700.76 1.50143340029754e+39
1701.2 1.5521798708113886e+39
1701.64 1.5592939375382704e+39
1702.08 1.561434974037878e+39
1702.53 1.5606747984294845e+39
1702.97 1.5608395724532976e+39
1703.41 1.5592198573821016e+39
1703.85 1.5589342025516726e+39
1704.29 1.5577873772098275e+39
1704.73 1.556677119333379e+39
1705.18 1.5560788670074037e+39
1705.62 1.5500364065619006e+39
1706.06 1.5530740372802295e+39
1706.5 1.535438362864878e+39
1706.94 1.546545072260539e+39
1707.39 1.4731449221744904e+39
1707.83 1.5507636057332027e+39
1708.27 1.548658619266879e+39
1708.71 1.5459155106944736e+39
1709.16 1.5481141326975118e+39
1709.6 1.5470578861576768e+39
1710.04 1.5414879101545453e+39
1710.49 1.5446007167963543e+39
1710.93 1.5323914880904708e+39
1711.37 1.3225228983950764e+39
1711.82 1.5412007712699525e+39
1712.26 1.5325428526189192e+39
1712.7 1.3927911762290872e+39
1713.15 1.5390117396078868e+39
1713.59 1.5382440805959067e+39
1714.04 1.5374504123032055e+39
1714.48 1.536683320568674e+39
1714.93 1.5350582450708743e+39
1715.37 1.5246942005883492e+39
1715.81 1.5322534939885936e+39
1716.26 1.5273215199188544e+39
1716.7 1.5277359803521646e+39
1717.15 1.445966132148577e+39
1717.59 1.5061073258775512e+39
1718.04 1.4748426838833125e+39
1718.48 1.0620952397532589e+39
1718.93 1.5361838776683024e+39
1719.38 1.508595906025773e+39
1719.82 1.5272165967283992e+39
1720.27 1.5271385116060495e+39
1720.71 1.5211857199645595e+39
1721.16 1.5249925246996187e+39
1721.6 1.4957930118511307e+39
1722.05 1.5223585440098687e+39
1722.5 1.387721717473979e+39
1722.94 1.5196239578407695e+39
1723.39 1.5224096983419388e+39
1723.84 1.5178782533312233e+39
1724.28 1.420727044666088e+39
1724.73 1.516442748754018e+39
1725.18 1.5192574572515133e+39
1725.62 1.3279295874768254e+39
1726.07 1.5192997249942325e+39
1726.52 1.5102377957197124e+39
1726.97 1.518019009870507e+39
1727.41 1.4461016488060388e+39
1727.86 1.51708773038002e+39
1728.31 1.492459553410592e+39
1728.76 1.5144831449647987e+39
1729.2 1.5158842971255373e+39
1729.65 1.5158210283425312e+39
1730.1 1.5133863084788407e+39
1730.55 1.5117210948366666e+39
1731.0 1.5144451396249918e+39
1731.45 1.4777651412118965e+39
1731.9 1.51379905498202e+39
1732.34 1.5126843882487794e+39
1732.79 1.4996150037816332e+39
1733.24 1.5126248134980367e+39
1733.69 1.511689704148503e+39
1734.14 1.5116946680929787e+39
1734.59 1.511281961482183e+39
1735.04 1.511948182943229e+39
1735.49 1.5108394191825684e+39
1735.94 1.5094186051007812e+39
1736.39 1.482146324913412e+39
1736.84 1.507656677267571e+39
1737.29 1.4846491050751598e+39
1737.74 1.505503420315224e+39
1738.19 1.497100323242981e+39
1738.64 1.4948239047082326e+39
1739.09 1.4868567784314556e+39
1739.54 1.496091696196283e+39
1739.99 1.500884458147474e+39
1740.44 1.5001900513119662e+39
1740.9 1.496365532611281e+39
1741.35 1.4983271923345262e+39
1741.8 1.497461272127719e+39
1742.25 1.479157806665833e+39
1742.7 1.4955928949777938e+39
1743.15 1.4947282730552782e+39
1743.6 1.4937131085868787e+39
1744.06 1.4926161825703692e+39
1744.51 1.491549826706427e+39
1744.96 1.4895578615541367e+39
1745.41 1.4607536553404343e+39
1745.86 1.4898295271224996e+39
1746.32 1.489866959082173e+39
1746.77 1.489556798299212e+39
1747.22 1.4817899293118682e+39
1747.68 1.4833632836950645e+39
1748.13 1.4820644140042173e+39
1748.58 1.4884924143446652e+39
1749.04 1.4825436423935778e+39
1749.49 1.4856578520929548e+39
1749.94 1.4878012497260396e+39
1750.4 1.485735889884595e+39
1750.85 1.487365582626536e+39
1751.3 1.42129372796649e+39
1751.76 1.360819518907301e+39
1752.21 1.486505904343372e+39
1752.67 1.4860838883037922e+39
1753.12 1.457536472650653e+39
1753.57 1.4765070840520253e+39
1754.03 1.482730486832284e+39
1754.48 1.4846644787898268e+39
1754.94 1.4843796680024035e+39
1755.39 1.4834476612601782e+39
1755.85 1.4819270733266365e+39
1756.3 1.4809055039006693e+39
1756.76 1.479591392415749e+39
1757.21 1.4781964654947793e+39
1757.67 1.4769862544408122e+39
1758.12 1.4738954073785938e+39
1758.58 1.4620115550429226e+39
1759.04 1.4728036999945926e+39
1759.49 1.4716510722404558e+39
1759.95 1.4702756287824836e+39
1760.4 1.4495012439258135e+39
1760.86 1.4560528642907687e+39
1761.32 1.458051866751443e+39
1761.77 1.464656588653843e+39
1762.23 1.4626538405513105e+39
1762.69 1.461292851207326e+39
1763.14 1.458075365169447e+39
1763.6 1.4569196218518612e+39
1764.06 1.4568376950281865e+39
1764.51 1.4557062931400257e+39
1764.97 1.4007778103550647e+39
1765.43 1.4541684077502386e+39
1765.89 1.4541865207553557e+39
1766.34 1.454228125001648e+39
1766.8 1.4542872185844797e+39
1767.26 1.4536161856307208e+39
1767.72 1.451641288104195e+39
1768.18 1.4524088052532208e+39
1768.64 1.452909064866795e+39
1769.09 1.4526385576454588e+39
1769.55 1.4428365189714018e+39
1770.01 1.4517662089057856e+39
1770.47 1.4434317049228686e+39
1770.93 1.450794151495113e+39
1771.39 1.4507258548594197e+39
1771.85 1.4502233893613074e+39
1772.31 1.4504890627153516e+39
1772.77 1.450156385323184e+39
1773.22 1.448995268071643e+39
1773.68 1.4492760732684714e+39
1774.14 1.44835578055204e+39
1774.6 1.4486363257012043e+39
1775.06 1.4498846940268118e+39
1775.52 1.4490305395284628e+39
1775.98 1.422890867060106e+39
1776.44 1.447190238890207e+39
1776.9 1.4450392284039384e+39
1777.36 1.4468837166929406e+39
1777.82 1.4245168832664232e+39
1778.29 1.445751309809693e+39
1778.75 1.4428120569835047e+39
1779.21 1.443359696452266e+39
1779.67 1.4443064261818637e+39
1780.13 1.44375689456263e+39
1780.59 1.44174600613486e+39
1781.05 1.440301460581393e+39
1781.52 1.4424837490692593e+39
1781.98 1.432271957226258e+39
1782.44 1.4412190929192958e+39
1782.9 1.4399402891418228e+39
1783.36 1.440717787418576e+39
1783.82 1.4402348359073448e+39
1784.29 1.4397947415997885e+39
1784.75 1.438079334958108e+39
1785.21 1.438484130977215e+39
1785.68 1.4380640139961012e+39
1786.14 1.4311344629141103e+39
1786.6 1.437350410251715e+39
1787.06 1.4364974864668545e+39
1787.53 1.4365078281790893e+39
1787.99 1.4358867959222258e+39
1788.45 1.4322617790202944e+39
1788.92 1.4339879982665354e+39
1789.38 1.43505223363305e+39
1789.84 1.4344648055922e+39
1790.31 1.4317032097957674e+39
1790.77 1.431679665486528e+39
1791.24 1.4329050763236818e+39
1791.7 1.428296303021399e+39
1792.17 1.3770188082209892e+39
1792.63 1.4319595775969746e+39
1793.09 1.4126729936683746e+39
1793.56 1.431077639907666e+39
1794.02 1.4305863464901274e+39
1794.49 1.429142796469231e+39
1794.95 1.4252350688717074e+39
1795.42 1.4291507585988398e+39
1795.89 1.4266241979914697e+39
1796.35 1.4274156525130894e+39
1796.81 1.417212661900712e+39
1797.28 1.4253862058108087e+39
1797.75 1.4244593783118173e+39
1798.21 1.4242169149287192e+39
1798.68 1.421685833679054e+39
1799.15 1.4228565647336883e+39
1799.61 1.4221230052911532e+39
1800.08 1.420445669919654e+39
1800.55 1.41837831210302e+39
1801.01 1.4181366842029645e+39
1801.48 1.3939767347555074e+39
1801.94 1.41700543066744e+39
1802.41 1.4177255937531757e+39
1802.88 1.4168301180587593e+39
1803.35 1.4135896450544187e+39
1803.81 1.4158806906060524e+39
1804.28 1.4138462464765233e+39
1804.75 1.4147108416175708e+39
1805.22 1.4113773862572156e+39
1805.68 1.3980295743862457e+39
1806.15 1.4108855352421392e+39
1806.62 1.4089876214937637e+39
1807.09 1.4091023811722538e+39
1807.56 1.3865894590981077e+39
1808.03 1.4067703762141838e+39
1808.49 1.4057054889206566e+39
1808.96 1.4050898188858187e+39
1809.43 1.3598900253729548e+39
1809.9 1.4028894353372708e+39
1810.37 1.4011771819198907e+39
1810.84 1.4010144767934357e+39
1811.31 1.3581325086395278e+39
1811.78 1.3974028406316247e+39
1812.25 1.385705861381319e+39
1812.72 1.3937357545703203e+39
1813.19 1.3946325083889982e+39
1813.66 1.394919297195294e+39
1814.13 1.3938573698856587e+39
1814.6 1.3929247005967173e+39
1815.07 1.385889946255846e+39
1815.54 1.3898241061864172e+39
1816.01 1.386822654422297e+39
1816.48 1.389991057294074e+39
1816.95 1.3895784691031004e+39
1817.42 1.374561380399996e+39
1817.89 1.3887535777246062e+39
1818.36 1.3883732426360072e+39
1818.83 1.3875775701133717e+39
1819.31 1.3767326007033803e+39
1819.78 1.3853854271497045e+39
1820.25 1.3864417405439525e+39
1820.72 1.38594252521058e+39
1821.19 1.3635507065479195e+39
1821.67 1.3321365994438902e+39
1822.14 1.3836772876508107e+39
1822.61 1.3837602603958418e+39
1823.08 1.372198328437065e+39
1823.55 1.3831297021643908e+39
1824.03 1.3827075169957707e+39
1824.5 1.3822491303092625e+39
1824.97 1.371078487822092e+39
1825.44 1.3032516944826144e+39
1825.92 1.3799891544414986e+39
1826.39 1.3789598913784587e+39
1826.86 1.3527754784441856e+39
1827.34 1.374126193232502e+39
1827.81 1.3764333165526304e+39
1828.29 1.3751371534088523e+39
1828.76 1.3726016582546277e+39
1829.23 1.3719332930985932e+39
1829.71 1.373927295248092e+39
1830.18 1.3660046350631223e+39
1830.66 1.3675489276004378e+39
1831.13 1.3715487226604416e+39
1831.61 1.370193441811932e+39
1832.08 1.3702512174581017e+39
1832.56 1.36911770088023e+39
1833.03 1.3670000399310394e+39
1833.51 1.3682923769684473e+39
1833.98 1.3675899132730195e+39
1834.46 1.3671184740318595e+39
1834.93 1.3647811608460547e+39
1835.41 1.3655045922521443e+39
1835.88 1.364205881359087e+39
1836.36 1.362950071660406e+39
1836.83 1.3603372329679881e+39
1837.31 1.3006681262462389e+39
1837.79 1.3587086850952333e+39
1838.26 1.3473574188166614e+39
1838.74 1.3562899867648728e+39
1839.22 1.3570959926287558e+39
1839.69 1.3561160909397306e+39
1840.17 1.30505031318588e+39
1840.65 1.3541835968490265e+39
1841.12 1.3532361171278725e+39
1841.6 1.3470499229578917e+39
1842.08 1.3497200839276585e+39
1842.56 1.3336861374302077e+39
1843.03 1.3482465249255698e+39
1843.51 1.3398280149953504e+39
1843.99 1.3396110072352438e+39
1844.47 1.342234101730066e+39
1844.94 1.337883404841068e+39
1845.42 1.3399354353069629e+39
1845.9 1.3334275865045212e+39
1846.38 1.3260043743764634e+39
1846.86 1.3404494335574336e+39
1847.34 1.3362750880948648e+39
1847.82 1.3405445960870673e+39
1848.29 1.3393491270803156e+39
1848.77 1.3386871966109799e+39
1849.25 1.3356552587663558e+39
1849.73 1.3359481562279457e+39
1850.21 1.3206106319159638e+39
1850.69 1.3315575202586589e+39
1851.17 1.330168873675771e+39
1851.65 1.3338157664846078e+39
1852.13 1.3245394257060631e+39
1852.61 1.3245974370790952e+39
1853.09 1.3310148730005351e+39
1853.57 1.3300313684205657e+39
1854.05 1.32193723846888e+39
1854.53 1.3280663320442653e+39
1855.01 1.313253826134011e+39
1855.49 1.3251271741076005e+39
1855.97 1.326711283646838e+39
1856.45 1.3264328321222191e+39
1856.94 1.326130120446688e+39
1857.42 1.3258162629603519e+39
1857.9 1.3242334314215684e+39
1858.38 1.3199447403874147e+39
1858.86 1.3241187881309385e+39
1859.34 1.3239090229022651e+39
1859.83 1.3104793756245294e+39
1860.31 1.3230351320807705e+39
1860.79 1.3216076961745869e+39
1861.27 1.3222200470196843e+39
1861.76 1.3214653189023286e+39
1862.24 1.3213471745305958e+39
1862.72 1.320894424576447e+39
1863.2 1.3192869599389461e+39
1863.69 1.3198272380744686e+39
1864.17 1.3192338377959281e+39
1864.65 1.3105586991765601e+39
1865.14 1.3091851250310836e+39
1865.62 1.3125497008913622e+39
1866.1 1.3177421945612098e+39
1866.58 1.3089864393376146e+39
1867.07 1.3175579682650176e+39
1867.55 1.3179059743135368e+39
1868.04 1.3178288502869757e+39
1868.52 1.3176610419891622e+39
1869.01 1.3177659754125083e+39
1869.49 1.3172948214582636e+39
1869.97 1.3112852045261687e+39
1870.46 1.3176095454075758e+39
1870.94 1.2955855879203887e+39
1871.43 1.3139706945153802e+39
1871.91 1.3174527693519691e+39
1872.4 1.317390797164082e+39
1872.88 1.3155701180581528e+39
1873.37 1.31747860257401e+39
1873.85 1.2983235810328197e+39
1874.34 1.3099433510562654e+39
1874.83 1.3169281601369486e+39
1875.31 1.3145934328306612e+39
1875.8 1.3143802583846638e+39
1876.29 1.2920951415223333e+39
1876.77 1.3124210771464737e+39
1877.26 1.3113419220151167e+39
1877.74 1.3102207247330936e+39
1878.23 1.3090825277036459e+39
1878.72 1.3080052695126919e+39
1879.2 1.306765732516727e+39
1879.69 1.3057198845573097e+39
1880.18 1.3047346745890394e+39
1880.67 1.2963858934526949e+39
1881.15 1.2922072503574052e+39
1881.64 1.2913800704863658e+39
1882.13 1.2925456555166804e+39
1882.62 1.2979957378718865e+39
1883.1 1.2928158668396897e+39
1883.59 1.2968932211805906e+39
1884.08 1.2954231911732516e+39
1884.57 1.2778180429618429e+39
1885.06 1.217436352597436e+39
1885.55 1.292895477349112e+39
1886.04 1.283809154319012e+39
1886.52 1.2881403927521337e+39
1887.01 1.2864711622671472e+39
1887.5 1.2660090598785894e+39
1887.99 1.2890016503500183e+39
1888.48 1.2881539492801473e+39
1888.97 1.287411089183571e+39
1889.46 1.271852230061301e+39
1889.95 1.2856596085775874e+39
1890.44 1.2835869056845653e+39
1890.93 1.278658265140839e+39
1891.42 1.2779787616841414e+39
1891.91 1.2765937589036257e+39
1892.4 1.2784440654352135e+39
1892.89 1.2682961681994009e+39
1893.38 1.2794978590043413e+39
1893.87 1.2734690105826282e+39
1894.36 1.2670015113666477e+39
1894.85 1.2765303339760073e+39
1895.34 1.2504054681393694e+39
1895.84 1.2754386021063125e+39
1896.33 1.2708938269670257e+39
1896.82 1.2511200314149439e+39
1897.31 1.2739684683583891e+39
1897.8 1.2757288432109794e+39
1898.29 1.2756398109825562e+39
1898.79 1.2533337125421986e+39
1899.28 1.1557300345644988e+39
1899.77 1.2747824382564902e+39
1900.26 1.2754273870162007e+39
1900.76 1.275217815520501e+39
1901.25 1.2747127011032942e+39
1901.74 1.2753112393755065e+39
1902.23 1.275645656224328e+39
1902.73 1.2759246105861547e+39
1903.22 1.2552460640126295e+39
1903.71 1.27269024546266e+39
1904.21 1.2731443724687104e+39
1904.7 1.2769429315699382e+39
1905.19 1.2754261454140602e+39
1905.69 1.2750295033787907e+39
1906.18 1.2741308985076017e+39
1906.68 1.2705417855934164e+39
1907.17 1.2711966883787057e+39
1907.66 1.2591988448522964e+39
1908.16 1.267560470661351e+39
1908.65 1.2665429358034717e+39
1909.15 1.2677224429783592e+39
1909.64 1.2669086530799906e+39
1910.14 1.2637741154460626e+39
1910.63 1.2648833424611314e+39
1911.13 1.2640507729145974e+39
1911.62 1.2463942301217787e+39
1912.12 1.2622034619095162e+39
1912.61 1.2612470761910377e+39
1913.11 1.2603001897323057e+39
1913.61 1.2507709224519003e+39
1914.1 1.219628669143305e+39
1914.6 1.257314385274795e+39
1915.09 1.2225802555315876e+39
1915.59 1.2552307015154765e+39
1916.09 1.2546704964984532e+39
1916.58 1.2502966118938854e+39
1917.08 1.2460891155414141e+39
1917.58 1.2524059093443289e+39
1918.07 1.2509453937854767e+39
1918.57 1.2420934557964405e+39
1919.07 1.2510081886064572e+39
1919.56 1.2418046232952599e+39
1920.06 1.250285133066736e+39
1920.56 1.247774959221854e+39
1921.06 1.246793194398704e+39
1921.56 1.233935781584432e+39
1922.05 1.246288847926043e+39
1922.55 1.2473743232678196e+39
1923.05 1.1885976547664239e+39
1923.55 1.244608939078601e+39
1924.05 1.241969528374682e+39
1924.55 1.2298409317232129e+39
1925.05 1.244047387885721e+39
1925.54 1.2437781500780283e+39
1926.04 1.2227871322621928e+39
1926.54 1.2436803556003114e+39
1927.04 1.2426263835761698e+39
1927.54 1.241317273285853e+39
1928.04 1.2380409993566856e+39
1928.54 1.2383039422331093e+39
1929.04 1.237113322649577e+39
1929.54 1.2405998155535263e+39
1930.04 1.2397494965642035e+39
1930.54 1.2391565274541978e+39
1931.04 1.2402190481553324e+39
1931.54 1.2130833043305338e+39
1932.04 1.2394895050269579e+39
1932.54 1.2390963627821791e+39
1933.04 1.2387330317383892e+39
1933.55 1.2382273647082428e+39
1934.05 1.2380347296712413e+39
1934.55 1.2376996199513571e+39
1935.05 1.2372506396818451e+39
1935.55 1.2369727035586847e+39
1936.05 1.2365239849553489e+39
1936.55 1.234624733954093e+39
1937.06 1.2241584923750046e+39
1937.56 1.2321684302399195e+39
1938.06 1.2317498121191506e+39
1938.56 1.2347383341997434e+39
1939.06 1.2323593323133286e+39
1939.57 1.233099196884361e+39
1940.07 1.225689164545813e+39
1940.57 1.2290871337497932e+39
1941.08 1.2332639540343392e+39
1941.58 1.2263892950276581e+39
1942.08 1.2327660273479622e+39
1942.58 1.2325171125814531e+39
1943.09 1.2321293353112843e+39
1943.59 1.2239638336298916e+39
1944.1 1.2317481312546607e+39
1944.6 1.2313859298407473e+39
1945.1 1.2309671276641335e+39
1945.61 1.2293053251944562e+39
1946.11 1.2283523130558808e+39
1946.62 1.2268993852046442e+39
1947.12 1.2264792295106742e+39
1947.63 1.2255920776325032e+39
1948.13 1.2221849892986113e+39
1948.64 1.2230168470405825e+39
1949.14 1.2227373882695242e+39
1949.65 1.2156496613702647e+39
1950.15 1.2209529783936165e+39
1950.66 1.2201238822834364e+39
1951.16 1.2184120521401264e+39
1951.67 1.2182570239858517e+39
1952.17 1.2172756538979543e+39
1952.68 1.1928222440226744e+39
1953.19 1.2110304856280638e+39
1953.69 1.2130900818566334e+39
1954.2 1.1895765013058516e+39
1954.7 1.2058417910679581e+39
1955.21 1.2077015785101032e+39
1955.72 1.2091186656893315e+39
1956.22 1.2099483952633836e+39
1956.73 1.2100020822537459e+39
1957.24 1.2091087844260875e+39
1957.75 1.209970060079199e+39
1958.25 1.210187055529019e+39
1958.76 1.202989201975559e+39
1959.27 1.1983599632893779e+39
1959.78 1.2094886074360124e+39
1960.29 1.1848579040297307e+39
1960.79 1.2067893019815709e+39
1961.3 1.2030562505855701e+39
1961.81 1.2080096768911919e+39
1962.32 1.2082446749181541e+39
1962.83 1.2069502342077632e+39
1963.33 1.2082993189655502e+39
1963.84 1.2080057417681985e+39
1964.35 1.2001166566830158e+39
1964.86 1.2030063658670417e+39
1965.37 1.1993677989858839e+39
1965.88 1.2073535581206192e+39
1966.39 1.2073551749365402e+39
1966.9 1.2069954404103272e+39
1967.41 1.2064135630054992e+39
1967.92 1.2057764367787724e+39
1968.43 1.2045015805847167e+39
1968.94 1.2054465429599557e+39
1969.45 1.2049486442793973e+39
1969.96 1.2045896267721157e+39
1970.47 1.2042584449890363e+39
1970.98 1.2038719126297369e+39
1971.49 1.2016856185385975e+39
1972.0 1.1996414007393927e+39
1972.52 1.2025588979633402e+39
1973.03 1.2026808646409499e+39
1973.54 1.2018615068398582e+39
1974.05 1.2023708261999536e+39
1974.56 1.202160389662833e+39
1975.07 1.2021990427696494e+39
1975.58 1.2008543100800578e+39
1976.1 1.1866047585257887e+39
1976.61 1.2002728649149126e+39
1977.12 1.198985331528737e+39
1977.63 1.1960180436732928e+39
1978.15 1.1965570582619207e+39
1978.66 1.1916574298758076e+39
1979.17 1.1656336303983325e+39
1979.69 1.1927421082604196e+39
1980.2 1.1924412980349426e+39
1980.71 1.1915639982110647e+39
1981.22 1.1905774292281146e+39
1981.74 1.1896021731133201e+39
1982.25 1.1804071583103241e+39
1982.77 1.1740477174891967e+39
1983.28 1.1868494918906766e+39
1983.79 1.1854560457736214e+39
1984.31 1.1657598314252664e+39
1984.82 1.1820577887358122e+39
1985.34 1.1839183890876287e+39
1985.85 1.1832820237527512e+39
1986.36 1.1823735830142371e+39
1986.88 1.1811743025404611e+39
1987.4 1.1681354680530141e+39
1987.91 1.1770624677193208e+39
1988.43 1.179637665498246e+39
1988.94 1.1789756426580322e+39
1989.46 1.1779147241774385e+39
1989.97 1.1628131996872205e+39
1990.49 1.176871022664441e+39
1991.0 1.1761016868452349e+39
1991.52 1.160469387197593e+39
1992.04 1.1586156648339942e+39
1992.55 1.1804731215358783e+39
1993.07 1.1728279306960098e+39
1993.58 1.1719821028651352e+39
1994.1 1.1467246518632388e+39
1994.62 1.1700577675382677e+39
1995.14 1.1684911975969876e+39
1995.65 1.1596904208325716e+39
1996.17 1.169015267388484e+39
1996.69 1.1687140964088063e+39
1997.2 1.1684358295622894e+39
1997.72 1.1682961279887039e+39
1998.24 1.1678067863661895e+39
1998.76 1.1678579578295831e+39
1999.28 1.1674416967358603e+39
1999.8 1.1658438240163593e+39
2000.31 1.1573780984967224e+39
2000.83 1.1659245163575541e+39
2001.35 1.1659921018897814e+39
2001.87 1.1565403313689156e+39
2002.39 1.1625883197159365e+39
2002.91 1.1648798366118582e+39
2003.43 1.1645182524810524e+39
2003.94 1.1641559970978663e+39
2004.46 1.1637678377837559e+39
2004.98 1.1632190907143871e+39
2005.5 1.161835947748646e+39
2006.02 1.1601941663793696e+39
2006.54 1.1615195503303122e+39
2007.06 1.1608132311448933e+39
2007.58 1.1601874251445992e+39
2008.1 1.1596420025718375e+39
2008.62 1.1580030396256344e+39
2009.14 1.150549850645781e+39
2009.67 1.1577985487307023e+39
2010.19 1.1296884779459868e+39
2010.71 1.1169773757057996e+39
2011.23 1.1552873895506608e+39
2011.75 1.1553555849621558e+39
2012.27 1.1505602207959047e+39
2012.79 1.1538314986561779e+39
2013.31 1.1440510923390164e+39
2013.84 1.1520185246836724e+39
2014.36 1.1517082532743671e+39
2014.88 1.1510004381451897e+39
2015.4 1.148361152232317e+39
2015.93 1.1503301651151967e+39
2016.45 1.1502321406586788e+39
2016.97 1.1501341074345655e+39
2017.49 1.1387318296850293e+39
2018.02 1.146213316620611e+39
2018.54 1.1497897007922e+39
2019.06 1.1479222654378426e+39
2019.58 1.1493247930901794e+39
2020.11 1.1490619941382158e+39
2020.63 1.148824672725423e+39
2021.16 1.1485619829670972e+39
2021.68 1.1482718786697185e+39
2022.2 1.1480611476564603e+39
2022.73 1.1453433538537786e+39
2023.25 1.1476144000492247e+39
2023.78 1.1472727206409579e+39
2024.3 1.1470885752696698e+39
2024.82 1.1467988280127217e+39
2025.35 1.1459643191108229e+39
2025.88 1.143958480496833e+39
2026.4 1.1443418464930988e+39
2026.93 1.1436016758291187e+39
2027.45 1.1424577302720284e+39
2027.98 1.1414292074635602e+39
2028.5 1.1406809251710363e+39
2029.03 1.140414832898246e+39
2029.55 1.139693039582265e+39
2030.08 1.1378798630810359e+39
2030.61 1.1381377961066643e+39
2031.13 1.1372596883235516e+39
2031.66 1.1365221848634332e+39
2032.19 1.1352069586346372e+39
2032.71 1.134686031254799e+39
2033.24 1.1337796515206778e+39
2033.77 1.1313359122096695e+39
2034.29 1.1317021352154657e+39
2034.82 1.1304073727383767e+39
2035.35 1.1202573262334388e+39
2035.88 1.1293552353117606e+39
2036.4 1.1298245201783022e+39
2036.93 1.1296234614427015e+39
2037.46 1.1269285382039188e+39
2037.99 1.119486899386659e+39
2038.52 1.1287860138866188e+39
2039.04 1.1284716028456193e+39
2039.57 1.1242578870936785e+39
2040.1 1.1179985347804202e+39
2040.63 1.1272143502400592e+39
2041.16 1.118334613462895e+39
2041.69 1.1266966630786295e+39
2042.22 1.1263989384617633e+39
2042.74 1.1259674416579764e+39
2043.28 1.1255962336202902e+39
2043.8 1.1252945062180435e+39
2044.33 1.124867467169676e+39
2044.86 1.1230432909828608e+39
2045.39 1.1234444995640235e+39
2045.92 1.1228385349159132e+39
2046.45 1.114622928355609e+39
2046.98 1.1219369916955014e+39
2047.52 1.1205568454941551e+39
2048.05 1.1208927196805009e+39
2048.58 1.120350818475446e+39
2049.11 1.1198861030686146e+39
2049.64 1.118828466194687e+39
2050.17 1.135541451796762e+39
2050.7 1.1360104071021722e+39
2051.23 1.1354851550659817e+39
2051.76 1.1321929463027995e+39
2052.3 1.1344995628005093e+39
2052.83 1.1331053150852942e+39
2053.36 1.132415108560705e+39
2053.89 1.1315168445130205e+39
2054.43 1.1305183481600797e+39
2054.96 1.1293874668064264e+39
2055.49 1.1289853403122672e+39
2056.02 1.1279338536207581e+39
2056.55 1.1201829312756409e+39
2057.09 1.1280425777798478e+39
2057.62 1.1234423509349335e+39
2058.16 1.1272423922562338e+39
2058.69 1.1259331150571735e+39
2059.22 1.1061088372768678e+39
2059.76 1.1253260792222621e+39
2060.29 1.1128156210837692e+39
2060.82 1.1246257765299262e+39
2061.36 1.1238843233213613e+39
2061.89 1.1232499647213243e+39
2062.43 1.1033415506930166e+39
2062.96 1.1219015653798162e+39
2063.5 1.1211876202278446e+39
2064.03 1.1205288802737555e+39
2064.56 1.118916827446007e+39
2065.1 1.1099701890762282e+39
2065.64 1.10742625187953e+39
2066.17 1.1186894320330708e+39
2066.71 1.118184585908909e+39
2067.24 1.1176601830863672e+39
2067.78 1.1172060961515914e+39
2068.31 1.116733331443115e+39
2068.85 1.0935103509055272e+39
2069.39 1.1157226978978698e+39
2069.92 1.1151217984901235e+39
2070.46 1.1146424465710177e+39
2071.0 1.1141888283394794e+39
2071.53 1.1134858223902272e+39
2072.07 1.1131605727505978e+39
2072.61 1.1126559373900906e+39
2073.14 1.112183983303348e+39
2073.68 1.1125476087847003e+39
2074.22 1.1121681902103093e+39
2074.76 1.1104071021585633e+39
2075.29 1.108817241763206e+39
2075.83 1.107060938811401e+39
2076.37 1.1054598699635471e+39
2076.91 1.1028446297194448e+39
2077.45 1.1021116193307294e+39
2077.98 1.09967111486582e+39
2078.52 1.1004843289010054e+39
2079.06 1.1009429250950758e+39
2079.6 1.0772726770829552e+39
2080.14 1.1001811249493377e+39
2080.68 1.1015521870859159e+39
2081.22 1.1013261616139386e+39
2081.76 1.1013283684447852e+39
2082.3 1.1013305536479615e+39
2082.84 1.1012059289132381e+39
2083.38 1.1009038376310819e+39
2083.92 1.1006271502062662e+39
2084.46 1.101034809107831e+39
2085.0 1.0808411439804129e+39
2085.54 1.098380158420757e+39
2086.08 1.0987869204263198e+39
2086.62 1.0954291022441998e+39
2087.16 1.0967963171840194e+39
2087.7 1.0919803527427218e+39
2088.24 1.095376890987509e+39
2088.78 1.0946171129189259e+39
2089.32 1.0912161921912595e+39
2089.87 1.0926295803672786e+39
2090.41 1.0924494213306398e+39
2090.95 1.0835766391848095e+39
2091.49 1.091032876550178e+39
2092.03 1.0821711486630876e+39
2092.57 1.0719486323089032e+39
2093.12 1.0888437738816446e+39
2093.66 1.0829126160972649e+39
2094.2 1.0849050645802415e+39
2094.75 1.0860779775144918e+39
2095.29 1.0855733995717568e+39
2095.83 1.083471197371284e+39
2096.38 1.0828707369664068e+39
2096.92 1.0847627904830034e+39
2097.46 1.084583351715895e+39
2098.0 1.0821839289302645e+39
2098.55 1.0791462235240316e+39
2099.09 1.0838481131786293e+39
2099.64 1.0834468844000262e+39
2100.18 1.0833423975927183e+39
2100.73 1.0827667807066034e+39
2101.27 1.0828392169591947e+39
2101.81 1.08241481698533e+39
2102.36 1.0824418607245918e+39
2102.9 1.0821670717342247e+39
2103.45 1.0702497836445127e+39
2103.99 1.081371372117613e+39
2104.54 1.06562815084833e+39
2105.08 1.0811236990854723e+39
2105.63 1.0787882000692934e+39
2106.18 1.0800080158121095e+39
2106.72 1.0794851110606836e+39
2107.27 1.078915497132269e+39
2107.81 1.0781447996542254e+39
2108.36 1.0769505289523173e+39
2108.91 1.0765540574252846e+39
2109.45 1.0766488679214357e+39
2110.0 1.0764754519710998e+39
2110.55 1.0760542076874494e+39
2111.09 1.075579035341891e+39
2111.64 1.0750837621582946e+39
2112.19 1.0746628926218313e+39
2112.74 1.0742173959051875e+39
2113.28 1.0734461672151767e+39
2113.83 1.0732975844703838e+39
2114.38 1.0723091486063581e+39
2114.93 1.0718397215679441e+39
2115.48 1.0719238005616964e+39
2116.02 1.0715990478288145e+39
2116.57 1.0714008333726603e+39
2117.12 1.0707833990969792e+39
2117.67 1.0708071636649097e+39
2118.22 1.0693525151377694e+39
2118.77 1.070287643160684e+39
2119.32 1.0686367771528655e+39
2119.87 1.0696451102434385e+39
2120.42 1.069250083534035e+39
2120.97 1.0667161354129385e+39
2121.51 1.0686787163661985e+39
2122.06 1.068259366955682e+39
2122.61 1.0682200107695251e+39
2123.17 1.0680182687293363e+39
2123.72 1.0680804411290485e+39
2124.26 1.0651887091176796e+39
2124.82 1.067638872877063e+39
2125.37 1.0672582319072511e+39
2125.92 1.0664355153931745e+39
2126.47 1.066521557206863e+39
2127.02 1.065061357408534e+39
2127.57 1.0643380030669014e+39
2128.12 1.0332953197941095e+39
2128.67 1.0629168872039926e+39
2129.23 1.0621172870366336e+39
2129.78 1.0601728613321548e+39
2130.33 1.0600852945742219e+39
2130.88 1.0602416461524736e+39
2131.43 1.0516684141458897e+39
2131.99 1.056856606675848e+39
2132.54 1.058034625418706e+39
2133.09 1.0575322421272897e+39
2133.65 1.0569893566681173e+39
2134.2 1.0561465720797001e+39
2134.75 1.0511088574637951e+39
2135.3 1.0550696256172229e+39
2135.86 1.0546972175118183e+39
2136.41 1.0543388987827205e+39
2136.97 1.0528980107513551e+39
2137.52 1.0534883185663859e+39
2138.07 1.0497190922773028e+39
2138.63 1.0523956061906837e+39
2139.18 1.0523066201864105e+39
2139.74 1.0515214480187956e+39
2140.29 1.051359677268843e+39
2140.84 1.0510283977702994e+39
2141.4 1.05021964617351e+39
2141.96 1.0498706075071983e+39
2142.51 1.0497569727899845e+39
2143.06 1.0483389255296337e+39
2143.62 1.0484726600550375e+39
2144.18 1.0443818243593217e+39
2144.73 1.0476354820478045e+39
2145.29 1.0470860411560273e+39
2145.84 1.0471845849101796e+39
2146.4 1.0472621022138477e+39
2146.96 1.0461104080705852e+39
2147.51 1.0465701855736142e+39
2148.07 1.0462861344575945e+39
2148.63 1.0448707447246078e+39
2149.18 9.72150200237672e+38
2149.74 1.0457682342753542e+39
2150.3 1.0400339341279351e+39
2150.85 1.0449386818516122e+39
2151.41 1.0451858818505954e+39
2151.97 1.045168311596455e+39
2152.53 1.0410915075283884e+39
2153.08 1.0449356190232514e+39
2153.64 1.0448697241637895e+39
2154.2 1.0447797060109542e+39
2154.76 1.0446655708367717e+39
2155.32 1.0441666219207022e+39
2155.88 1.04354769148174e+39
2156.44 1.0428570174564877e+39
2156.99 1.0420179431783193e+39
2157.55 1.0413281432711541e+39
2158.11 1.0407771377926644e+39
2158.67 1.0402969543412077e+39
2159.23 1.0380226001174472e+39
2159.79 1.0391690186477666e+39
2160.35 1.0336784700460416e+39
2160.91 1.0383999299562714e+39
2161.47 1.0307983838061658e+39
2162.03 1.0360547522650279e+39
2162.59 1.0367918742336502e+39
2163.15 1.0353337275834856e+39
2163.71 9.915600917485178e+38
2164.27 1.0353271804773873e+39
2164.83 1.0348945320029523e+39
2165.4 1.0344704561530695e+39
2165.96 9.084401192665627e+38
2166.52 1.0335809002388345e+39
2167.08 1.0331957261501226e+39
2167.64 1.0288704233028825e+39
2168.2 1.0322828704008631e+39
2168.76 1.0317078020886727e+39
2169.33 1.0314950021454858e+39
2169.89 1.030967639574489e+39
2170.45 1.0302032023894724e+39
2171.01 1.0301743057739905e+39
2171.58 1.029653139233678e+39
2172.14 1.0292447913045451e+39
2172.7 1.0289239919481284e+39
2173.27 1.0286112830187683e+39
2173.83 1.0281731615576128e+39
2174.39 1.0278297407115753e+39
2174.96 1.013768931451228e+39
2175.52 1.0271261067470617e+39
2176.08 1.0267116641353833e+39
2176.65 1.0263750855666665e+39
2177.21 1.025937025029868e+39
2177.78 1.0255531682567674e+39
2178.34 1.016933740409837e+39
2178.91 1.0248020988334597e+39
2179.47 1.0184555086956537e+39
2180.03 1.0238539154105154e+39
2180.6 1.023496790092918e+39
2181.17 1.0204575041743751e+39
2181.73 1.0226351327624625e+39
2182.3 1.0221603891638216e+39
2182.86 1.0180866288402382e+39
2183.43 1.0211815777954174e+39
2183.99 1.0209125895862146e+39
2184.56 1.0204381742743321e+39
2185.12 1.0201221712598389e+39
2185.69 1.019788767516701e+39
2186.26 1.0201128334071004e+39
2186.82 1.0202147231542812e+39
2187.39 8.955710920500784e+38
2187.96 1.0178142774321207e+39
2188.53 1.0198046850720466e+39
2189.09 1.0193291256337072e+39
2189.66 1.019513268257126e+39
2190.23 1.0195096077710978e+39
2190.79 1.0190106680015108e+39
2191.36 1.0189835095173458e+39
2191.93 1.0184637433528722e+39
2192.5 1.0188822170706528e+39
2193.07 1.018855006714557e+39
2193.64 1.0185463050339017e+39
2194.21 1.0185427708628208e+39
2194.77 1.0187715677610197e+39
2195.34 1.0185862204316556e+39
2195.91 1.0180490064224624e+39
2196.48 1.0163410784031683e+39
2197.05 1.0168811134466577e+39
2197.62 1.0163207453355464e+39
2198.19 1.0158306380620292e+39
2198.76 1.0153639301421464e+39
2199.33 1.0144299507535103e+39
2199.9 1.0142903707444416e+39
2200.47 1.0138003797254589e+39
2201.04 1.0123542360005465e+39
2201.61 1.0128703405577341e+39
2202.18 1.0123321239882473e+39
2202.75 1.0119802832296984e+39
2203.32 1.0115816723381518e+39
2203.89 1.0108802744274844e+39
2204.46 1.0106443694492297e+39
2205.03 1.0103849493723242e+39
2205.61 1.0099954700775047e+39
2206.18 1.009596112330466e+39
2206.75 1.0092895636780262e+39
2207.32 1.0089131093086423e+39
2207.89 1.0085597153569544e+39
2208.47 1.0081229663397298e+39
2209.04 1.0077711010558879e+39
2209.61 1.0037846062634896e+39
2210.18 1.0070685442397219e+39
2210.76 1.0061473337167366e+39
2211.33 1.0063749463820273e+39
2211.9 1.0059303738022792e+39
2212.48 1.005541664755524e+39
2213.05 1.0051894285237617e+39
2213.62 1.0048601519639453e+39
2214.2 1.0045171906115873e+39
2214.77 1.0035172058860276e+39
2215.34 8.795330087707481e+38
2215.92 1.0030059136304185e+39
2216.49 1.0027914768109976e+39
2217.07 1.0024017581036348e+39
2217.64 1.0019561528558176e+39
2218.22 1.0012433322437166e+39
2218.79 1.0010511603299636e+39
2219.37 1.0004996223439732e+39
2219.94 1.0001918366899291e+39
2220.52 9.997092192976221e+38
2221.09 9.993320463407831e+38
2221.67 9.98918238136172e+38
2222.25 9.983663572561646e+38
2222.82 9.978968831485935e+38
2223.4 9.974597935162177e+38
2223.97 9.967123145126072e+38
2224.55 9.959113141025049e+38
2225.13 9.95385911177832e+38
2225.7 9.95452927497879e+38
2226.28 9.956839663197907e+38
2226.86 9.958232923151266e+38
2227.43 9.952254271543281e+38
2228.01 9.961900330922059e+38
2228.59 9.962375390795616e+38
2229.17 9.964455989898535e+38
2229.74 9.966500716603128e+38
2230.32 9.96858131570605e+38
2230.9 9.965251557855301e+38
2231.48 9.97310068197559e+38
2232.06 9.976359726095239e+38
2232.64 9.978929571170107e+38
2233.21 9.979378664669701e+38
2233.79 9.984246157068481e+38
2234.37 9.982906821603519e+38
2234.95 9.989384165601075e+38
2235.53 9.983903464587934e+38
2236.11 9.97796534095083e+38
2236.69 9.961702533563269e+38
2237.27 9.966096942363621e+38
2237.85 9.960396011540195e+38
2238.43 9.953748108600452e+38
2239.01 9.949437357097054e+38
2239.59 9.947186557742497e+38
2240.17 9.943788301143729e+38
2240.75 9.939930369482298e+38
2241.33 9.936299653710885e+38
2241.91 9.932895909316058e+38
2242.49 9.928804388533236e+38
2243.07 9.92562563862485e+38
2243.66 9.922082745298114e+38
2244.24 9.91752974395728e+38
2244.82 9.905674329190371e+38
2245.4 9.910474449378212e+38
2245.98 9.90685744063538e+38
2246.56 9.903884134384917e+38
2247.15 9.90078581569593e+38
2247.73 9.89780664491101e+38
2248.31 9.894824568293292e+38
2248.89 9.892522921390616e+38
2249.48 9.888501830395435e+38
2250.06 9.885511124093638e+38
2250.64 9.88228999285337e+38
2251.23 9.879398810823878e+38
2251.81 9.875944663127778e+38
2252.39 9.872942617632326e+38
2252.98 9.864816893080618e+38
2253.56 8.784441895783702e+38
2254.15 9.860670283130926e+38
2254.73 9.847947251858665e+38
2255.31 9.852465532665096e+38
2255.9 9.850697540290571e+38
2256.48 9.849089004912643e+38
2257.07 9.848452335461238e+38
2257.65 9.848201643788265e+38
2258.24 9.841215062123202e+38
2258.82 9.845494526861198e+38
2259.41 9.844171945517091e+38
2260.0 9.844207938401787e+38
2260.58 9.843043224572729e+38
2261.17 9.840369893304344e+38
2261.75 9.839697787572122e+38
2262.34 9.820293533787713e+38
2262.93 9.835968557683648e+38
2263.51 9.834161374442406e+38
2264.1 9.832861007461889e+38
2264.69 9.829975220756169e+38
2265.27 9.829750274624153e+38
2265.86 9.805616747558838e+38
2266.45 9.82804866534835e+38
2267.03 9.827141806197295e+38
2267.62 9.826062313094872e+38
2268.21 9.820684481554978e+38
2268.8 9.823890735691597e+38
2269.39 9.822395733271054e+38
2269.97 9.821971499836905e+38
2270.56 9.82115274330368e+38
2271.15 9.82010670500638e+38
2271.74 9.819059548053025e+38
2272.33 9.818689501312425e+38
2272.92 9.818092167752252e+38
2273.51 9.817719702014905e+38
2274.09 9.814574991998561e+38
2274.68 9.81578221901382e+38
2275.27 9.814954180090847e+38
2275.86 9.81412498762451e+38
2276.45 9.8131718490188e+38
2277.04 9.810641615709286e+38
2277.63 9.80788489949221e+38
2278.22 9.807611461448593e+38
2278.81 9.808240065902337e+38
2279.41 9.79809256442329e+38
2280.0 9.807069588739838e+38
2280.59 9.80611356844895e+38
2281.18 9.805382124264607e+38
2281.77 9.804197933489615e+38
2282.36 9.80368978763659e+38
2282.95 9.802954655460626e+38
2283.54 9.802027174208585e+38
2284.14 9.80402017659732e+38
2284.73 9.80634841156283e+38
2285.32 9.805059751152782e+38
2285.91 9.801058296395585e+38
2286.5 9.797279614763971e+38
2287.1 9.793158642716823e+38
2287.69 9.510972448315834e+38
2288.28 9.785135883716319e+38
2288.88 9.780781237009888e+38
2289.47 9.776312771565356e+38
2290.06 9.771841946919728e+38
2290.66 9.76815445764725e+38
2291.25 9.762604789416216e+38
2291.84 9.758066615960263e+38
2292.44 9.752951523585446e+38
2293.03 9.747737529860457e+38
2293.63 9.74262081248527e+38
2294.22 9.737853865933222e+38
2294.81 9.732637618563507e+38
2295.41 9.731326825373573e+38
2296.0 9.73103538667261e+38
2296.6 9.724118556947421e+38
2297.2 9.726157128721095e+38
2297.79 8.813487932627039e+38
2298.39 9.731247978480183e+38
2298.98 9.730210597422775e+38
2299.58 9.728620496153756e+38
2300.17 9.728074292719783e+38
2300.77 9.726256535108507e+38
2301.37 9.724884916782794e+38
2301.96 9.723661235797842e+38
2302.56 9.722285948703891e+38
2303.16 9.720908824853874e+38
2303.75 9.716994410220622e+38
2304.35 9.717627616038939e+38
2304.95 9.716245105977238e+38
2305.54 9.7123266318284e+38
2306.14 9.708481549804231e+38
2306.74 9.165823911036544e+38
2307.34 9.698228456310144e+38
2307.94 9.6998088883195e+38
2308.53 9.696607174573495e+38
2309.13 9.693716287786824e+38
2309.73 9.690600155744538e+38
2310.33 9.687482059476694e+38
2310.93 9.684807996423705e+38
2311.53 9.681685845377291e+38
2312.13 9.679007471951042e+38
2312.73 9.67610408693482e+38
2313.32 9.672664263861447e+38
2313.93 9.667396865915006e+38
2314.52 9.675511447157056e+38
2315.12 9.680782082808695e+38
2315.72 9.669306994831762e+38
2316.32 9.653585601732373e+38
2316.93 9.644377637384039e+38
2317.52 9.632532354361108e+38
2318.13 9.620392822177705e+38
2318.73 9.612574869451481e+38
2319.33 9.595223467321783e+38
2319.93 9.56839039270543e+38
2320.53 9.569761610713436e+38
2321.13 9.557004678031778e+38
2321.73 9.543791215651428e+38
2322.33 9.517225706382778e+38
2322.94 9.487306450678695e+38
2323.54 9.46178938150634e+38
2324.14 9.432647060204193e+38
2324.74 9.404459793822334e+38
2325.35 9.4032125814226e+38
2325.95 9.421638678733292e+38
2326.55 9.439882671053116e+38
2327.16 9.458426147422428e+38
2327.76 9.475648672177454e+38
2328.36 9.492027417260969e+38
2328.97 9.51395614641153e+38
2329.57 9.532594092554765e+38
2330.17 9.544571577348109e+38
2330.78 9.556290957511963e+38
2331.38 9.568524324355598e+38
2331.98 9.577022419846265e+38
2332.59 9.592531590038628e+38
2333.19 9.599721886192254e+38
2333.8 9.616593474584978e+38
2334.4 9.628675367863726e+38
2335.01 9.640044144595913e+38
2335.61 9.625519626672131e+38
2336.22 9.610512183720669e+38
2336.82 9.595587467847993e+38
2337.43 9.579110811700812e+38
2338.03 9.57782485803037e+38
2338.64 9.57378904816235e+38
2339.25 9.570410260046369e+38
2339.85 9.566685183274159e+38
2340.46 9.563297517667558e+38
2341.07 9.558144490152533e+38
2341.67 9.556167547819579e+38
2342.28 9.55232665613137e+38
2342.89 9.548261757908194e+38
2343.5 9.54463244632446e+38
2344.1 9.541098063538338e+38
2344.71 9.53767985329788e+38
2345.32 9.538221349920844e+38
2345.93 9.539207691554578e+38
2346.53 9.539947214921997e+38
2347.14 9.54159225926716e+38
2347.75 9.539941755372865e+38
2348.36 9.529949067369076e+38
2348.97 9.5443294761904e+38
2349.58 9.524019010516084e+38
2350.19 9.546959304033645e+38
2350.79 9.548357034585577e+38
2351.4 9.549122001573701e+38
2352.01 9.550106643464764e+38
2352.62 9.551091103764742e+38
2353.23 9.55311521451786e+38
2353.84 9.559691887531558e+38
2354.45 9.563405757637596e+38
2355.06 9.570201417247374e+38
2355.67 9.56531732950613e+38
2356.28 9.561532272651703e+38
2356.89 9.556424149947707e+38
2357.5 9.551534490634028e+38
2358.12 9.546307095573151e+38
2358.73 9.541414179161499e+38
2359.34 9.536080435708526e+38
2359.95 9.531403893183466e+38
2360.56 9.526286775489882e+38
2361.17 9.520875515768733e+38
2361.78 9.51538052647982e+38
2362.4 9.509978310142847e+38
2363.01 9.504045100373664e+38
2363.62 9.498112217226324e+38
2364.24 9.492490887971609e+38
2364.85 9.486995314759418e+38
2365.46 9.486522246642774e+38
2366.07 9.490196816633756e+38
2366.69 9.491994645871358e+38
2367.3 9.495227295011767e+38
2367.91 9.497582898017797e+38
2368.53 9.500028079926974e+38
2369.14 9.501471662761439e+38
2369.76 9.502818569531045e+38
2370.37 9.503432296562942e+38
2370.98 9.505138139708842e+38
2371.6 9.503852506651252e+38
2372.21 9.507743021838706e+38
2372.83 9.508860718990855e+38
2373.44 9.5103397739909e+38
2374.06 9.511672336301878e+38
2374.67 9.508110674539706e+38
2375.29 9.509876418000012e+38
2375.91 9.502664932079339e+38
2376.52 9.495163854116316e+38
2377.14 9.490246050113199e+38
2377.75 9.488751060854852e+38
2378.37 9.485429085134851e+38
2378.99 9.482754522797311e+38
2379.6 9.479270344239633e+38
2380.22 9.477016597600327e+38
2380.83 9.473081239888099e+38
2381.45 9.470593626629955e+38
2382.07 9.46766197821509e+38
2382.69 9.464940516362146e+38
2383.3 9.461629786662626e+38
2383.92 9.458675147781434e+38
2384.54 9.455495108887205e+38
2385.16 9.457648109594311e+38
2385.78 9.4446179852937e+38
2386.4 8.729424833885659e+38
2387.01 9.360427910108742e+38
2387.63 9.453157921601476e+38
2388.25 9.454054721600672e+38
2388.87 9.454951352601899e+38
2389.49 9.45606554607336e+38
2390.11 9.456744107687334e+38
2390.73 9.458075782266597e+38
2391.35 9.459625203919118e+38
2391.97 9.460303259313983e+38
2392.59 9.462080635209648e+38
2393.21 9.466293498782703e+38
2393.83 9.471159728033264e+38
2394.45 9.474934823189181e+38
2395.07 9.479363483185811e+38
2395.69 9.474406121331698e+38
2396.31 9.470975049818484e+38
2396.93 9.466888532239657e+38
2397.55 9.462365297592579e+38
2398.17 9.45849486330861e+38
2398.79 9.401436787567216e+38
2399.42 9.45017925261607e+38
2400.04 9.446088156115743e+38
2400.66 9.441509651746962e+38
2401.28 9.438206436390292e+38
2401.91 9.434994615756707e+38
2402.53 9.431034950608646e+38
2403.15 9.426422191018399e+38
2403.77 9.424628823478493e+38
2404.4 9.420105507619953e+38
2405.02 9.409202247178626e+38
2405.64 9.413468553082496e+38
2406.27 9.418477077692455e+38
2406.89 9.418835834411478e+38
2407.51 9.418974176631382e+38
2408.14 9.419635856416736e+38
2408.76 9.4192909951119e+38
2409.39 9.418084573317169e+38
2410.01 9.415938651156957e+38
2410.64 9.41624612316045e+38
2411.26 9.414963667007323e+38
2411.89 9.414183071547346e+38
2412.51 9.412680103843298e+38
2413.14 9.41146215768909e+38
2413.76 9.410172252851946e+38
2414.39 9.366367306515348e+38
2415.01 9.408523442731502e+38
2415.64 9.409897520588956e+38
2416.26 9.412066656236647e+38
2416.89 9.412313457952391e+38
2417.52 9.41331698033598e+38
2418.14 9.413405759130557e+38
2418.77 9.4137572574493e+38
2419.4 9.406524024853753e+38
2420.02 9.413977143007717e+38
2420.65 9.414325901511718e+38
2421.28 9.414890532147798e+38
2421.91 9.414803898915631e+38
2422.53 9.415319931611059e+38
2423.16 9.404181473381082e+38
2423.79 9.416009280949254e+38
2424.42 9.41570215596387e+38
2425.05 9.419591341279527e+38
2425.68 9.415940449446572e+38
2426.3 9.412593654727527e+38
2426.93 9.41066590064323e+38
2427.56 9.40764888625221e+38
2428.19 9.404409808517659e+38
2428.82 9.401598325223021e+38
2429.45 9.398132001993014e+38
2430.08 9.39552583230167e+38
2430.71 9.392697675295307e+38
2431.34 9.389431540377621e+38
2431.97 9.385295676883812e+38
2432.6 9.383531643158415e+38
2433.23 9.377481186654206e+38
2433.86 9.369920645166693e+38
2434.49 9.363873570073878e+38
2435.12 9.358690541849355e+38
2435.75 9.36083413352924e+38
2436.39 9.36261005416397e+38
2437.02 9.364750953903178e+38
2437.65 9.367106247517167e+38
2438.28 9.368813158742358e+38
2438.91 9.362538730281993e+38
2439.54 9.371790988962005e+38
2440.18 9.374853218343088e+38
2440.81 9.369432314782049e+38
2441.44 9.377124272930782e+38
2442.07 9.381142661151105e+38
2442.71 9.383496170228493e+38
2443.34 9.385568620419696e+38
2443.97 9.386775215084278e+38
2444.61 9.389557263466083e+38
2445.24 9.389463616004493e+38
2445.88 9.387270181744566e+38
2446.51 9.384795778375457e+38
2447.14 9.382536354498224e+38
2447.78 9.374509371577007e+38
2448.41 9.377861566981205e+38
2449.05 9.374047623670263e+38
2449.68 9.374416598564676e+38
2450.32 9.373146720231297e+38
2450.95 9.37221361288e+38
2451.59 9.372447330737238e+38
2452.22 9.371938757802065e+38
2452.86 9.371302076669827e+38
2453.49 9.37078646501098e+38
2454.13 9.370358415973646e+38
2454.76 9.369620027647967e+38
2455.4 9.367674833733691e+38
2456.04 9.364216975476146e+38
2456.67 9.362390512235107e+38
2457.31 9.359705454736846e+38
2457.95 9.358017602619008e+38
2458.58 9.356224098739288e+38
2459.22 9.354312536351716e+38
2459.86 9.352181522941523e+38
2460.5 9.350477100671511e+38
2461.14 9.34833798927563e+38
2461.77 9.34093049062362e+38
2462.41 9.344807573488035e+38
2463.05 9.342871550887149e+38
2463.69 9.339641066555943e+38
2464.33 9.339202394639052e+38
2464.96 9.336723668862778e+38
2465.6 9.335733281971415e+38
2466.24 9.334292378675513e+38
2466.88 9.332847738394403e+38
2467.52 9.331614233968494e+38
2468.16 9.330162107139998e+38
2468.8 9.313253376207587e+38
2469.44 9.327031946405186e+38
2470.08 9.325783456989438e+38
2470.72 9.324745917319233e+38
2471.36 9.323060536954621e+38
2472.0 9.321800822500147e+38
2472.64 9.32032275922143e+38
2473.28 9.318411889262461e+38
2473.92 9.315906912788007e+38
2474.56 9.311330914627822e+38
2475.21 9.308516501926896e+38
2475.85 9.309942686639892e+38
2476.49 9.311582574496446e+38
2477.13 9.312792951753885e+38
2477.77 9.314002567229279e+38
2478.42 9.320835569320281e+38
2479.06 9.317108779948187e+38
2479.7 9.318101626811885e+38
2480.34 9.31952283217866e+38
2480.99 9.32098900167887e+38
2481.63 9.32197949668067e+38
2482.27 9.324690814127469e+38
2482.92 9.33274539599084e+38
2483.56 9.33874789039103e+38
2484.2 9.34431787590274e+38
2484.85 9.350002394668224e+38
2485.49 9.350398289100051e+38
2486.14 9.347891362360558e+38
2486.78 9.3448316639964e+38
2487.42 9.342197193908901e+38
2488.07 9.339674132216569e+38
2488.71 9.336169150435956e+38
2489.36 9.334065359400732e+38
2490.0 9.33119505021351e+38
2490.65 9.32735648139996e+38
2491.29 9.322788891638869e+38
2491.94 9.318524097205305e+38
2492.59 9.314043155447631e+38
2493.23 9.309471417158585e+38
2493.88 9.303487974903033e+38
2494.52 9.276459390975488e+38
2495.17 9.298709728657042e+38
2495.82 9.304284161363504e+38
2496.47 9.309215252411813e+38
2497.11 9.314914213963209e+38
2497.76 9.318556297857661e+38
2498.41 9.325846000744373e+38
2499.05 9.327183085927715e+38
2499.7 9.328589996310306e+38
