WAVE,FLUX
900.0,3.1792889455581946e+37
900.44,3.0558356981488196e+37
900.88,3.148473193387386e+37
901.32,3.1992634173021416e+37
901.77,3.101701499477677e+37
902.21,3.203096331154601e+37
902.65,3.1844908106622286e+37
903.09,3.206859995542646e+37
903.54,3.0327038318532665e+37
903.98,3.9351382982349283e+37
904.42,2.8400762494397844e+37
904.87,3.210258466326315e+37
905.31,3.918050235271012e+37
905.75,3.41979442513708e+37
906.2,3.2221073085611545e+37
906.64,3.5041283078565365e+37
907.09,3.7733752801114606e+37
907.53,3.2287914907042637e+37
907.98,3.2386200483018716e+37
908.42,3.234223288567979e+37
908.87,6.282897866916205e+37
909.31,5.064306709811258e+37
909.76,3.278460835871915e+37
910.21,3.248852540823802e+37
910.65,5.306888951974816e+37
911.1,3.250124518861813e+37
911.54,3.253419010304063e+37
911.99,9.116958963632723e+38
912.44,4.6708938748256e+38
912.89,8.677407642916232e+38
913.33,1.806633254579735e+38
913.78,9.330394357910952e+38
914.23,6.827630346182901e+38
914.68,9.389662881393547e+38
915.13,7.849825453440922e+38
915.58,4.627964298338253e+38
916.02,5.106813526091044e+38
916.47,5.114815822720116e+38
916.92,8.781526171690461e+38
917.37,7.216223904461506e+38
917.82,5.322185409024851e+38
918.27,9.151873320057391e+38
918.72,2.5002302191885446e+38
919.17,1.9627726602541235e+38
919.62,4.842727143081456e+38
920.08,8.33239788480802e+38
920.53,8.901844425577165e+38
920.98,2.5267949485381697e+37
921.43,5.5112485808082694e+38
921.88,1.986918255427128e+38
922.33,8.997254390546565e+38
922.78,8.887917198848171e+38
923.24,2.7554973646267858e+38
923.69,3.0982752660479535e+38
924.14,7.391626265110631e+38
924.6,9.151662592812773e+38
925.05,4.508997556964038e+38
925.5,6.269458038622595e+38
925.96,7.85977294105839e+38
926.41,1.9841294349449075e+38
926.87,9.118008652746568e+38
927.32,7.613423705369648e+38
927.78,8.958390714526718e+38
928.23,8.781728376130904e+38
928.68,2.9130638243966355e+38
929.14,1.2582588682447977e+38
929.6,3.3973477249134133e+38
930.05,1.0166699800054896e+38
930.51,7.362070974947316e+38
930.97,5.272177216463904e+38
931.42,7.777857821101659e+38
931.88,8.070863457558301e+38
932.34,7.991531212164012e+38
932.79,8.202004439081447e+38
933.25,7.399118793268552e+38
933.71,9.32631328557007e+38
934.16,9.419980418125406e+38
934.62,6.999870411480686e+38
935.08,7.571815097147008e+38
935.54,7.720581289706667e+38
936.0,8.071792703543252e+38
936.46,8.67201459275332e+38
936.92,2.794537874468801e+38
937.38,5.258961603824612e+38
937.84,3.543235348783835e+37
938.3,8.827749480928015e+38
938.76,8.51138038202376e+38
939.22,8.599634631959379e+38
939.68,8.406786148664797e+38
940.14,8.676408676948185e+38
940.6,8.67001801747369e+38
941.06,8.750845172563783e+38
941.52,8.230571650884672e+38
941.98,8.151170922765959e+38
942.45,4.923682046445421e+38
942.91,6.4824623040888494e+38
943.37,5.126134534734248e+38
943.83,6.911304060037074e+38
944.29,8.119326389545516e+38
944.76,5.539365221498539e+38
945.22,8.129428206074185e+38
945.68,6.1427098221672705e+38
946.15,8.789820372801011e+38
946.61,4.2072662838444635e+38
947.08,8.816170893599678e+38
947.54,9.096409435373666e+38
948.01,2.729040620567122e+38
948.47,7.05586072973328e+38
948.93,1.537517260647843e+38
949.4,4.415704473533157e+38
949.87,4.406055871794545e+37
950.33,1.6991432712765726e+38
950.8,6.064290537771016e+38
951.26,5.7047944377876624e+38
951.73,8.954266172927125e+38
952.2,8.980075747834056e+38
952.66,8.776876754363144e+38
953.13,8.966232578400856e+38
953.6,8.150607879273254e+38
954.07,5.6404012478619884e+38
954.53,8.482033824524035e+38
955.0,2.0609146194795734e+38
955.47,8.543778881322303e+38
955.94,8.374135811730013e+38
956.41,3.958494081996961e+38
956.88,5.3792285900960356e+38
957.35,7.468097856637073e+38
957.82,8.049149615138066e+38
958.28,7.388563327174058e+38
958.76,3.443737184354478e+38
959.23,8.03341124757969e+38
959.7,8.111104561609416e+38
960.17,7.880431530497135e+38
960.64,8.639328741891376e+38
961.11,8.42403184645451e+38
961.58,7.30398714214664e+38
962.05,6.292308396967012e+38
962.52,8.509224855481146e+38
962.99,7.746579817076099e+38
963.47,8.6746108280059e+38
963.94,3.007599472617021e+38
964.41,6.5282984415861145e+38
964.89,8.259999099997046e+38
965.36,8.404270070999432e+38
965.83,7.602212412388969e+38
966.31,7.498596762230628e+38
966.78,4.859370356034993e+38
967.25,2.119239304440159e+38
967.73,7.158301723205522e+38
968.2,8.046370017397997e+38
968.68,8.285715171938673e+38
969.15,8.292013490733303e+38
969.63,6.210263105631596e+38
970.1,8.215046007530336e+38
970.58,6.410619496207415e+38
971.05,7.806026117219912e+38
971.53,7.277965624790419e+38
972.01,3.393360498572433e+38
972.48,3.4370828435069833e+37
972.96,7.249866341602148e+38
973.44,5.3105560874300424e+38
973.91,6.906054479063232e+38
974.39,7.159950172866858e+38
974.87,7.192005320374818e+38
975.35,6.983288751125036e+38
975.83,7.258552126267118e+38
976.3,7.598362344618749e+38
976.78,7.274949785486089e+38
977.26,8.586180222335944e+38
977.74,4.863400106943773e+38
978.22,7.405425206516706e+38
978.7,7.960493645359314e+38
979.18,7.572686884758684e+38
979.66,4.1054427470345085e+38
980.14,7.733391558275225e+38
980.62,7.862850168614758e+38
981.1,1.5095934402900632e+38
981.58,7.964893992468294e+38
982.07,7.625353820801228e+38
982.55,7.739982878720118e+38
983.03,7.553878584206606e+38
983.51,1.5654889265797619e+38
983.99,6.029898474800475e+38
984.47,7.385161551366854e+38
984.96,5.741561221373465e+38
985.44,6.6802082275427375e+38
985.92,1.4955467727443873e+38
986.41,6.861040769696254e+38
986.89,7.230194825640328e+38
987.38,7.756039282306818e+38
987.86,7.799558144166468e+38
988.34,7.64891791007074e+38
988.83,2.225204861031114e+38
989.31,7.541365676685007e+38
989.8,3.8325691548182845e+38
990.28,1.861144100441146e+38
990.77,1.4197438627594373e+38
991.26,1.642328388673838e+38
991.74,6.23806649743014e+38
992.23,8.108303569083748e+38
992.72,7.578268702823075e+38
993.2,7.663903011391029e+38
993.69,8.047667043538998e+38
994.18,5.464620411879776e+38
994.66,1.901822582654885e+38
995.15,1.7247652755236844e+38
995.64,8.00681879584088e+38
996.13,6.824172558092275e+38
996.61,6.964661283938881e+38
997.1,1.4381361395680806e+38
997.59,1.5123419535711963e+38
998.08,7.474979397536371e+38
998.57,7.497906147750191e+38
999.06,6.093544681708101e+38
999.55,7.515709755412912e+38
1000.04,7.87027667504706e+38
1000.53,5.355253084204036e+38
1001.02,2.9504618261819254e+38
1001.51,7.629568911615336e+38
1002.01,6.2423770897623454e+38
1002.5,5.015682070143171e+38
1002.99,5.3064001919477715e+38
1003.48,7.917717458183074e+38
1003.97,7.677149537690237e+38
1004.46,7.894597632015726e+38
1004.96,7.833574895523671e+38
1005.45,4.03487421150822e+38
1005.94,2.2748878962044782e+38
1006.43,7.452294345120871e+38
1006.93,3.730010033190953e+38
1007.42,7.66407948131092e+38
1007.92,7.024088907158833e+38
1008.41,7.067568069833415e+38
1008.91,3.980063490023028e+38
1009.4,7.649446296850998e+38
1009.9,1.5829602159117542e+38
1010.39,2.370718561407984e+38
1010.89,7.748898994862634e+38
1011.38,7.368854816494532e+38
1011.88,7.640644613972835e+38
1012.37,2.001842936625112e+38
1012.87,4.105820889699118e+38
1013.37,7.566238032523686e+38
1013.86,7.494108904890257e+38
1014.36,7.465003230445394e+38
1014.86,7.180587851795398e+38
1015.36,7.512076466047564e+38
1015.85,5.471041385560253e+38
1016.35,4.654253135505086e+38
1016.85,7.458817824579037e+38
1017.35,4.42945200213935e+38
1017.85,6.677901363764539e+38
1018.35,1.4334415867835157e+38
1018.85,7.504296759387161e+38
1019.35,5.6918048318160004e+38
1019.85,1.7821735753211374e+38
1020.35,6.563265909897705e+38
1020.85,7.197969465490807e+38
1021.35,6.3493607065280514e+38
1021.85,7.183729982836342e+38
1022.35,7.581584853787206e+38
1022.85,2.2715902711338186e+38
1023.35,7.566586478684955e+38
1023.85,7.355632110249969e+38
1024.35,7.278468386209673e+38
1024.86,6.853304051260489e+38
1025.36,2.98517640311502e+38
1025.86,3.519086969729678e+37
1026.37,3.57684400576475e+38
1026.87,2.8894155120439878e+38
1027.37,5.669568410844284e+38
1027.88,6.072954118270242e+38
1028.38,5.038485348423055e+38
1028.89,6.060940212787165e+38
1029.39,5.335682758410059e+38
1029.9,2.177810061903568e+38
1030.4,4.7575131787886894e+38
1030.91,1.6368919013499182e+38
1031.41,4.232627019636587e+38
1031.92,5.616554792295674e+38
1032.42,4.713027784024193e+38
1032.93,6.6545700336626934e+38
1033.44,3.983914414451673e+38
1033.94,2.171600835131004e+38
1034.45,4.6155132281362804e+38
1034.96,5.06979034516635e+38
1035.46,1.6529130176383923e+38
1035.97,3.5997306012642806e+38
1036.48,4.6395942336910474e+38
1036.99,1.6263724165064917e+38
1037.5,2.821174826785681e+38
1038.01,4.666701256673249e+38
1038.51,7.155170714370349e+38
1039.02,6.333590784134785e+38
1039.53,5.0965935468433165e+38
1040.04,5.2168698245599706e+38
1040.55,5.120354149383056e+38
1041.06,7.366988637163599e+38
1041.57,6.476941880208264e+38
1042.08,7.240524042967051e+38
1042.59,6.903192752090401e+38
1043.11,7.426257431738834e+38
1043.62,7.351906920715644e+38
1044.13,7.384311352164289e+38
1044.64,7.007933950967694e+38
1045.15,6.538979863889612e+38
1045.67,7.021986658700705e+38
1046.18,6.606934480075964e+38
1046.69,7.250534109720202e+38
1047.2,7.26557516390702e+38
1047.72,7.306510285639906e+38
1048.23,7.220877876048657e+38
1048.75,7.346830156985446e+38
1049.26,7.221709258193756e+38
1049.78,6.571583038317452e+38
1050.29,7.09888269885623e+38
1050.81,6.299846968466913e+38
1051.32,4.7570750158101584e+38
1051.83,7.120000104319958e+38
1052.35,6.389545984037873e+38
1052.87,6.3369459077806015e+38
1053.38,7.048715793062598e+38
1053.9,7.163413152901351e+38
1054.42,7.198300951867313e+38
1054.93,7.243692401299059e+38
1055.45,2.1163134886889227e+38
1055.97,6.4872405189736516e+38
1056.49,7.07831686200929e+38
1057.01,7.045632716618316e+38
1057.52,5.417762963773444e+38
1058.04,7.114592005246801e+38
1058.56,4.24600009943002e+38
1059.08,5.0126802197557155e+38
1059.6,6.941286976659406e+38
1060.12,4.331317299250567e+38
1060.64,6.503093526352269e+38
1061.16,1.8146379953318915e+38
1061.68,1.408510211802179e+38
1062.2,5.4330036900131e+38
1062.72,1.39936175392842e+38
1063.24,3.0436169918032162e+38
1063.76,6.923090359218805e+38
1064.28,5.666305684096075e+38
1064.81,6.886681533319492e+38
1065.33,6.948323018020312e+38
1065.85,2.4063566762642424e+38
1066.37,6.0442163316228895e+38
1066.9,6.990367367619713e+38
1067.42,5.6691767844596015e+38
1067.94,5.291149103083263e+38
1068.47,6.007586047756754e+38
1068.99,1.4149790180737877e+38
1069.52,4.0694901347245136e+38
1070.04,6.3997056592643624e+38
1070.56,1.7706796660097438e+38
1071.09,6.71985651612203e+38
1071.61,6.728836875455141e+38
1072.14,5.024582714960726e+38
1072.67,6.19212906583879e+38
1073.19,6.2885424947157785e+38
1073.72,4.6370310074770675e+38
1074.24,5.74857232821366e+38
1074.77,6.5095355032352254e+38
1075.3,6.2175602155760334e+38
1075.82,6.709497570949221e+38
1076.35,6.548170817189256e+38
1076.88,6.7327114204025e+38
1077.41,6.802366072726664e+38
1077.94,4.749741781960078e+38
1078.47,6.7712679520118185e+38
1078.99,6.680823525793125e+38
1079.52,4.541297987008985e+38
1080.05,6.6626960293079005e+38
1080.58,6.687441562353396e+38
1081.11,6.6499748068525494e+38
1081.64,6.703783805272046e+38
1082.17,6.679746791043851e+38
1082.7,6.474108895090392e+38
1083.23,2.2878629219207733e+38
1083.77,5.920113049258311e+38
1084.3,6.239072035989534e+38
1084.83,3.496471559383862e+38
1085.36,6.055499881956071e+38
1085.89,5.94251107785473e+38
1086.43,5.0873310549717974e+38
1086.96,6.3397188721747884e+38
1087.49,6.381606185617117e+38
1088.02,2.9744042981251267e+38
1088.56,5.766735071135932e+38
1089.09,1.7663631668394857e+38
1089.63,1.4318911339186868e+38
1090.16,4.4922094798652186e+38
1090.69,6.286081392718622e+38
1091.23,6.4923212314320824e+38
1091.77,5.4869373318299354e+38
1092.3,5.973790666599198e+38
1092.84,6.341032805110192e+38
1093.37,3.203833956259949e+38
1093.91,6.611499965410499e+38
1094.44,6.4147539079700126e+38
1094.98,6.565079657854095e+38
1095.52,2.0663315175644693e+38
1096.06,5.07586426503731e+38
1096.59,1.311233390521337e+38
1097.13,6.503692510984676e+38
1097.67,1.4587806702223724e+38
1098.21,1.7637214632525806e+38
1098.74,6.446440818779121e+38
1099.28,6.460408799504501e+38
1099.82,5.658873686242704e+38
1100.36,6.4894815194554636e+38
1100.9,6.5261943059766155e+38
1101.44,4.914620637367673e+38
1101.98,6.436947988812101e+38
1102.52,6.4523809453014194e+38
1103.06,5.4783528389299464e+38
1103.6,5.861921523202216e+38
1104.15,2.103923768652144e+38
1104.69,5.774175770298635e+38
1105.23,6.3452684417325524e+38
1105.77,5.854637363205749e+38
1106.31,6.3452684417325524e+38
1106.85,5.769258518748565e+38
1107.4,5.4676411072916874e+38
1107.94,4.6601511170218235e+38
1108.48,9.946493427677966e+37
1109.03,5.656659013233407e+38
1109.57,5.9777809955092414e+38
1110.11,5.301515066784622e+38
1110.66,6.1898482213587096e+38
1111.2,5.092956889422217e+38
1111.75,6.1095609252751955e+38
1112.29,4.905237051183252e+38
1112.84,6.202688908830486e+38
1113.39,6.251726927756849e+38
1113.93,6.013814113981642e+38
1114.48,5.975303925980701e+38
1115.02,6.0821902403797446e+38
1115.57,6.1078730244087676e+38
1116.12,5.63481938500393e+38
1116.67,3.267608371225318e+38
1117.21,4.894631490651292e+38
1117.76,6.119134511337849e+38
1118.31,5.924340342660214e+38
1118.86,6.233902420976558e+38
1119.41,2.890879570354554e+38
1119.95,6.232897715593508e+38
1120.5,6.232754199472099e+38
1121.05,5.58110251740537e+38
1121.6,6.101266568089919e+38
1122.15,6.043381349957298e+38
1122.7,6.140305793662415e+38
1123.25,6.0085544342628924e+38
1123.8,1.6411565106993322e+38
1124.36,5.371678353527694e+38
1124.91,1.1892687302050927e+38
1125.46,5.603508047709787e+38
1126.01,5.837676170590408e+38
1126.56,5.676491606179864e+38
1127.11,5.2722986142282436e+38
1127.67,5.264049930621469e+38
1128.22,1.1833684873524389e+38
1128.77,9.694602349278782e+37
1129.33,5.2071489403399114e+38
1129.88,3.658389989427362e+38
1130.44,1.0054025907595414e+38
1130.99,5.8609767692243306e+38
1131.54,6.025873356077207e+38
1132.1,6.110827157024967e+38
1132.65,5.996667928345453e+38
1133.21,6.0208803947540846e+38
1133.77,5.966642263107652e+38
1134.32,5.482643405225369e+38
1134.88,4.529601543389748e+38
1135.43,5.616166827835453e+38
1135.99,6.0136756423885086e+38
1136.55,5.7315224783662136e+38
1137.1,5.734162549862246e+38
1137.66,5.9190226245687764e+38
1138.22,5.92065833693167e+38
1138.78,5.633003226593316e+38
1139.34,1.3284340537704607e+38
1139.9,2.4058026559494983e+38
1140.45,5.392373925201342e+38
1141.01,5.795621301763061e+38
1141.57,1.4499398963127578e+38
1142.13,5.916842377688072e+38
1142.69,5.927342188423532e+38
1143.25,5.7599670627249966e+38
1143.81,5.600025440780026e+38
1144.38,1.8660359226535286e+38
1144.94,1.5549985915571335e+38
1145.5,5.895084029766088e+38
1146.06,5.898071051442026e+38
1146.62,5.830287889547436e+38
1147.18,5.5349028189515844e+38
1147.75,5.768461521284723e+38
1148.31,5.618883141933403e+38
1148.87,5.499206143874948e+38
1149.44,5.867052845566989e+38
1150.0,5.084052188524907e+38
1150.0,5.084052188524907e+38
1150.3,5.4885800158887816e+38
1150.6,5.8313619671892465e+38
1150.89,3.5650038237213285e+38
1151.19,4.597905065490778e+38
1151.49,5.862326464381729e+38
1151.79,5.821434294254754e+38
1152.09,5.681460609640068e+38
1152.39,5.7117606481550325e+38
1152.69,4.9359414560613014e+38
1152.98,5.567753505150157e+38
1153.28,5.467892907267692e+38
1153.58,4.715741601928438e+38
1153.88,3.968350283099198e+38
1154.18,4.5969523281236825e+38
1154.48,5.558146633110985e+38
1154.78,5.46348808139682e+38
1155.08,4.477751623280829e+38
1155.38,4.7079300336190605e+38
1155.68,5.546767982263899e+38
1155.98,1.7870635632376243e+38
1156.28,5.517470248223037e+38
1156.57,5.132394134782913e+38
1156.88,5.325495229664587e+38
1157.18,5.116229293829421e+38
1157.47,5.3002944883579524e+38
1157.78,5.331384438407894e+38
1158.07,1.60154814958737e+38
1158.38,5.406796201354069e+38
1158.68,5.3774948111443945e+38
1158.97,4.5340885753405076e+38
1159.28,5.11740748479885e+38
1159.58,3.7603649845241904e+38
1159.88,5.6302800864795806e+38
1160.18,4.14954042634365e+38
1160.48,5.718077009225251e+38
1160.78,5.405675852694423e+38
1161.08,5.727037146136928e+38
1161.38,4.95233483129593e+38
1161.68,5.4536843737964725e+38
1161.98,5.2854260395411194e+38
1162.28,5.6191419070228714e+38
1162.58,5.703481011544195e+38
1162.89,5.6712657711541085e+38
1163.19,3.734564804593608e+38
1163.49,5.5636525437944915e+38
1163.79,3.0730526429160876e+38
1164.09,5.473687508316508e+38
1164.39,4.988155687818215e+38
1164.7,4.2752350796792934e+38
1165.0,3.351505990571333e+38
1165.3,5.357473110900055e+38
1165.6,4.108279666139712e+38
1165.9,3.4526296834916375e+38
1166.21,5.422130924700519e+38
1166.51,5.384309301907806e+38
1166.81,1.836453769579488e+38
1167.11,5.330156983096002e+38
1167.42,4.105253688762387e+38
1167.72,5.215788830770335e+38
1168.02,5.0743451031978346e+38
1168.32,5.3990829512255325e+38
1168.63,5.43951276175483e+38
1168.93,4.8276969474952534e+38
1169.23,5.433754339063375e+38
1169.54,5.453935531026347e+38
1169.84,5.472805325225739e+38
1170.14,3.912731079194386e+38
1170.44,4.004239081083838e+38
1170.75,5.051961125157827e+38
1171.05,2.7202573975045774e+38
1171.35,5.479235916246345e+38
1171.66,4.511386130024467e+38
1171.96,3.3926573563150427e+38
1172.27,5.463362281382993e+38
1172.57,5.0175302561332655e+38
1172.87,3.6332058098828026e+38
1173.18,5.403684694919993e+38
1173.48,4.40118880901499e+38
1173.79,5.067689528293076e+38
1174.09,4.969240315498972e+38
1174.4,5.042895863379731e+38
1174.7,4.696236936519259e+38
1175.0,1.7443755870915262e+38
1175.31,1.795146927103161e+38
1175.61,1.7786889211499093e+38
1175.92,1.747350384955456e+38
1176.22,1.938831200681692e+38
1176.53,3.294351988779375e+38
1176.83,5.0574313927039845e+38
1177.14,5.163331394954222e+38
1177.44,4.952106773100052e+38
1177.75,4.812270153706118e+38
1178.05,4.671754364525735e+38
1178.36,4.352412009826188e+38
1178.66,5.2569034415529866e+38
1178.97,5.216989948809801e+38
1179.27,5.0845204686009056e+38
1179.58,5.384309301907806e+38
1179.89,4.243947472664409e+38
1180.19,5.417887713812005e+38
1180.5,4.312906071707147e+38
1180.8,4.2060070857939364e+38
1181.11,5.4536843737964725e+38
1181.42,4.4030133272023856e+38
1181.72,3.9789639097592726e+38
1182.03,5.446907498774907e+38
1182.33,5.439137026502435e+38
1182.64,5.392001446071953e+38
1182.95,2.021482565197236e+38
1183.25,4.8740502239855966e+38
1183.56,5.10540265629511e+38
1183.87,4.497073647882244e+38
1184.17,4.754446885252135e+38
1184.48,1.6897015404165556e+38
1184.79,2.396900466888307e+38
1185.09,5.4363824275742674e+38
1185.4,3.907419144419024e+38
1185.71,5.228534764665992e+38
1186.02,5.314959995066439e+38
1186.32,5.4107815440952226e+38
1186.63,4.180420800599928e+38
1186.94,5.113167266636865e+38
1187.25,5.33457714525135e+38
1187.56,5.295171126909677e+38
1187.86,5.319367554750308e+38
1188.17,5.339246848676018e+38
1188.48,5.101994663290327e+38
1188.79,5.299806335675482e+38
1189.09,5.199361332280885e+38
1189.4,5.005413954024002e+38
1189.71,5.272055821494906e+38
1190.02,5.210027312436724e+38
1190.33,5.004261547549274e+38
1190.64,5.256177223669448e+38
1190.94,5.105049999754044e+38
1191.25,2.712189310764809e+38
1191.56,5.237692526326193e+38
1191.87,5.182150242117457e+38
1192.18,5.1695173827417634e+38
1192.49,5.103052072768493e+38
1192.8,4.5395206916253724e+38
1193.11,4.204070593878551e+38
1193.42,5.0542881750151615e+38
1193.73,4.6376716812406146e+38
1194.04,4.217839017715957e+38
1194.34,3.907779047595871e+38
1194.65,5.2280532209938776e+38
1194.96,5.246020700994099e+38
1195.27,4.79954424931941e+38
1195.58,5.106108042463319e+38
1195.89,5.069673610273544e+38
1196.2,3.786256221801217e+38
1196.51,4.9589530896198646e+38
1196.82,4.849533904983382e+38
1197.13,4.82291935436004e+38
1197.44,4.647185410131564e+38
1197.75,4.917450534853843e+38
1198.06,4.950510659764157e+38
1198.38,4.619659858374295e+38
1198.69,4.956441675254059e+38
1199.0,4.879215500083436e+38
1199.31,5.073994591962518e+38
1199.62,5.094716238225487e+38
1199.93,5.143159584095056e+38
1200.24,4.978173171841573e+38
1200.55,4.647720467923881e+38
1200.86,3.351737512399729e+38
1201.17,5.038717384590926e+38
1201.48,3.983730952637227e+38
1201.8,3.674260974276549e+38
1202.11,1.5399974439296852e+38
1202.42,4.866760785323615e+38
1202.73,5.0225006311999255e+38
1203.04,4.814375939992703e+38
1203.35,4.995166858816197e+38
1203.67,5.045334909360315e+38
1203.98,5.082062479302883e+38
1204.29,5.014873702858003e+38
1204.6,5.028402110521894e+38
1204.92,3.968989957143854e+38
1205.23,4.928219014228675e+38
1205.54,4.866648725305369e+38
1205.85,4.81304586252555e+38
1206.16,4.572987349813378e+38
1206.48,5.560578805159727e+37
1206.79,4.614131845341222e+38
1207.1,4.380160253625362e+38
1207.42,4.031345311935379e+38
1207.73,4.8554557438391405e+38
1208.04,4.331815989289253e+38
1208.35,4.416416258365341e+38
1208.67,4.4377210550442005e+38
1208.98,5.004376776256334e+38
1209.29,4.786521345604874e+38
1209.61,4.918469696798755e+38
1209.92,4.833258239730548e+38
1210.23,4.864856115887254e+38
1210.55,2.9760484689438814e+38
1210.86,4.804962471274802e+38
1211.18,3.792363866653363e+38
1211.49,4.759923796672479e+38
1211.8,4.533149061464097e+38
1212.12,4.549252055685054e+38
1212.43,4.7650778459658224e+38
1212.75,4.75061679731928e+38
1213.06,4.701538534495027e+38
1213.38,4.7667239298003824e+38
1213.69,3.821553993758966e+38
1214.0,4.243263484275811e+38
1214.32,4.7961195504393136e+38
1214.63,3.1700783781326808e+38
1214.95,4.822142054249997e+38
1215.26,2.378482716938626e+38
1215.58,7.934690657853434e+37
1215.89,4.4792984510138e+37
1216.21,4.8822498416042165e+38
1216.52,4.880676243853037e+38
1216.84,3.4853789183835354e+38
1217.15,2.940221168366084e+38
1217.47,4.87304026625238e+38
1217.79,2.4695623759442136e+38
1218.1,4.877979827601946e+38
1218.42,4.313104692945092e+38
1218.73,2.4798190960588486e+38
1219.05,4.8824746826954365e+38
1219.36,4.89158945387668e+38
1219.68,4.896435071743791e+38
1220.0,3.1135081006804372e+38
1220.31,4.861160944052158e+38
1220.63,4.7690294025201276e+38
1220.94,3.1145119388988463e+38
1221.26,2.270805827125953e+38
1221.58,4.812270153706118e+38
1221.9,3.310853771875174e+38
1222.21,3.912821174194162e+38
1222.53,4.543075978232408e+38
1222.84,4.666056572602672e+38
1223.16,2.479076907863336e+38
1223.48,4.662512401836323e+38
1223.8,2.2549140882435398e+38
1224.11,4.4791953125428675e+38
1224.43,4.749194979206024e+38
1224.75,4.778922636394614e+38
1225.06,4.744167346524161e+38
1225.38,4.674767327033898e+38
1225.7,4.546424673873613e+38
1226.02,1.868744812068794e+38
1226.34,4.889224732443735e+38
1226.65,4.875397159909641e+38
1226.97,4.827474628953879e+38
1227.29,4.3485052626193504e+38
1227.61,4.859370356034993e+38
1227.93,4.791483533693449e+38
1228.24,4.557534868368552e+38
1228.56,4.7087973462602405e+38
1228.88,4.8536672573082785e+38
1229.2,4.7295519480876845e+38
1229.52,3.586245365365805e+38
1229.84,3.378702864442e+38
1230.16,4.636390422219683e+38
1230.47,4.555646319631792e+38
1230.79,3.3431048683952153e+38
1231.11,4.8038562151462215e+38
1231.43,4.7487575823267075e+38
1231.75,4.804519938256102e+38
1232.07,4.807839929605151e+38
1232.39,4.623810213992594e+38
1232.71,4.795456987805734e+38
1233.03,3.968441658793216e+38
1233.35,4.5454826038195806e+38
1233.67,4.7650778459658224e+38
1233.99,4.718891588443982e+38
1234.31,4.774852936115943e+38
1234.63,4.5040167816808455e+38
1234.95,4.755979784906313e+38
1235.27,4.449180242705855e+38
1235.59,4.709773263969549e+38
1235.91,4.6704636894123296e+38
1236.23,3.4601107519178606e+38
1236.55,4.630309274186739e+38
1236.87,4.5447500176267474e+38
1237.19,4.067616496714665e+38
1237.51,4.53064464277553e+38
1237.83,4.516375054715073e+38
1238.15,4.541297987008985e+38
1238.47,4.0724897508306654e+38
1238.79,4.580575016326165e+38
1239.11,5.063490505791741e+38
1239.44,4.968210633313886e+38
1239.76,4.927197832116125e+38
1240.08,4.8822498416042165e+38
1240.4,4.769358846778934e+38
1240.72,4.74100048776317e+38
1241.04,4.696020671795644e+38
1241.36,4.6898613119768304e+38
1241.69,4.6228521087889235e+38
1242.01,4.621042896150692e+38
1242.33,4.37824439131844e+38
1242.65,4.7014302788159e+38
1242.97,5.0189168425329515e+38
1243.3,4.505468939194439e+38
1243.62,4.930716128255369e+38
1243.94,4.8054050450540985e+38
1244.26,4.83693220155258e+38
1244.58,4.8670969808602756e+38
1244.91,4.847747599736827e+38
1245.23,4.060037080255007e+38
1245.55,4.67422915553617e+38
1245.88,4.675197908845096e+38
1246.2,3.9101192264091695e+38
1246.52,4.201167527593795e+38
1246.84,4.5642560510858685e+38
1247.17,4.447951058599361e+38
1247.49,9.59135575945312e+37
1247.81,2.4500785039979497e+38
1248.14,4.427004872732429e+38
1248.46,3.8915265699309096e+38
1248.79,4.650075454165177e+38
1249.11,4.7058708062911176e+38
1249.43,4.7190002461892496e+38
1249.76,4.742310655607041e+38
1250.08,4.678105373607092e+38
1250.4,4.562784945900592e+38
1250.73,4.627538066703016e+38
1251.05,4.651360495022631e+38
1251.38,4.459950103591357e+38
1251.7,4.2784848647484704e+38
1252.03,4.6558609352295815e+38
1252.35,4.667023632110012e+38
1252.68,4.0332951115834655e+38
1253.0,4.6373513332947595e+38
1253.32,4.593460646485927e+38
1253.65,3.891974624275957e+38
1253.97,4.489934443336806e+38
1254.3,4.6250879964932566e+38
1254.62,4.580996922305411e+38
1254.95,3.753963105530788e+38
1255.27,3.018283294452484e+38
1255.6,4.645259712053705e+38
1255.93,4.644297162274077e+38
1256.25,4.6689583524474685e+38
1256.58,3.1576936953453404e+38
1256.9,4.4177384488965055e+38
1257.23,4.4941752117998406e+38
1257.55,4.483013018062852e+38
1257.88,4.13047501990161e+38
1258.2,4.667023632110012e+38
1258.53,1.9918654564317046e+38
1258.86,3.479124738767237e+38
1259.18,4.583107035184431e+38
1259.51,4.2790760001099026e+38
1259.84,4.355319302103491e+38
1260.16,4.6267922557980786e+38
1260.49,4.459333981275141e+38
1260.82,4.542134602065574e+38
1261.14,4.5931433524246806e+38
1261.47,4.5974816022857825e+38
1261.8,4.376833239543784e+38
1262.12,4.543808294580224e+38
1262.45,4.580575016326165e+38
1262.78,4.600128887313258e+38
1263.11,4.551347546146064e+38
1263.43,4.581418867145349e+38
1263.76,4.497073647882244e+38
1264.09,4.575725889525804e+38
1264.42,4.555121861657355e+38
1264.74,4.478267173164608e+38
1265.07,4.286669490903781e+38
1265.4,3.185444186283975e+38
1265.73,4.405650077739582e+38
1266.06,4.3813707038521566e+38
1266.38,4.474350482262727e+38
1266.71,3.931606098038706e+38
1267.04,4.425170412941884e+38
1267.37,4.4727023742386686e+38
1267.7,4.373105956051335e+38
1268.03,4.116423036949164e+38
1268.35,4.558269515401936e+38
1268.68,4.397542040455446e+38
1269.01,2.4602543026411334e+38
1269.34,4.549880601500499e+38
1269.67,4.3829851578464535e+38
1270.0,3.819530655331399e+38
1270.33,4.5340885753405076e+38
1270.66,3.633289468501297e+38
1270.99,4.538998090075602e+38
1271.32,4.536072633017893e+38
1271.65,4.550928370849526e+38
1271.97,4.452664775986728e+38
1272.31,4.5423437799105295e+38
1272.63,3.961047040334991e+38
1272.96,4.509932065341334e+38
1273.29,4.376127834226221e+38
1273.62,3.1132930345884387e+38
1273.95,4.5357593030432605e+38
1274.28,4.519183748930712e+38
1274.61,4.506921564903766e+38
1274.94,4.5278288255598015e+38
1275.28,4.536803820468853e+38
1275.61,4.537848578431087e+38
1275.94,4.370186790706164e+38
1276.27,4.535863743963276e+38
1276.6,4.5274118163178034e+38
1276.93,4.348104768927284e+38
1277.26,4.47249640342512e+38
1277.59,4.39511254027337e+38
1277.92,4.474865640553062e+38
1278.25,4.522827248686975e+38
1278.58,4.519600000304798e+38
1278.92,1.7404037083867205e+38
1279.25,4.498730736269467e+38
1279.58,4.444981932143755e+38
1279.91,4.2204620549766e+38
1280.24,4.460771732433811e+38
1280.57,4.462826466816439e+38
1280.91,4.492416358520391e+38
1281.24,4.463751406044498e+38
1281.57,4.0376623667555414e+38
1281.9,4.4242534681272075e+38
1282.23,4.409811239142784e+38
1282.57,4.428330233292077e+38
1282.9,4.421198357421517e+38
1283.23,4.403925869910079e+38
1283.56,3.3707768299072308e+38
1283.9,4.313700611542949e+38
1284.23,2.079026380147677e+38
1284.56,4.349206215345574e+38
1284.9,4.370790596032048e+38
1285.23,4.318769245044365e+38
1285.56,4.364655793905983e+38
1285.9,4.303977576376182e+38
1286.23,4.327329845164412e+38
1286.56,3.874092625198939e+38
1286.9,4.3717971236354375e+38
1287.23,4.391875294467788e+38
1287.56,3.443975077508031e+38
1287.9,4.2859786170943344e+38
1288.23,4.0268921657906454e+38
1288.56,4.362847170291673e+38
1288.9,4.340602337993631e+38
1289.23,3.75811443256982e+38
1289.57,4.237502817772884e+38
1289.9,4.30665418245441e+38
1290.23,4.314693992178143e+38
1290.57,4.337604991488244e+38
1290.9,4.030881212870633e+38
1291.24,1.7989123361391914e+38
1291.57,2.9405596933243553e+38
1291.91,4.329422800631163e+38
1292.24,4.0677101581240344e+38
1292.58,4.3237442751942914e+38
1292.91,4.332614012781449e+38
1293.25,2.6774415578697693e+38
1293.58,4.196236914896704e+38
1293.92,4.016335648467296e+38
1294.25,4.338404081452276e+38
1294.59,9.109404768448052e+37
1294.92,4.2764165340033005e+38
1295.26,4.221725580568273e+38
1295.59,4.22289224762851e+38
1295.93,3.544214516162008e+38
1296.27,2.317341290599041e+38
1296.6,2.736402635292455e+38
1296.94,4.172342964399323e+38
1297.28,4.178592303427339e+38
1297.61,4.132758235569164e+38
1297.95,4.123158215071072e+38
1298.28,4.206685068676616e+38
1298.62,3.213512547510951e+38
1298.96,1.1541705803317285e+38
1299.29,4.0281904917069185e+38
1299.63,4.0977928468150084e+38
1299.97,4.176764606031221e+38
1300.3,3.673245878697966e+38
1300.64,4.121070081026175e+38
1300.98,4.062749074069549e+38
1301.32,3.9625066128404545e+38
1301.65,4.179265867213047e+38
1301.99,4.174072614262789e+38
1302.33,4.183213207449744e+38
1302.67,4.192373817165219e+38
1303.0,4.133329236662029e+38
1303.34,9.706440574148871e+37
1303.68,4.1034580693449386e+38
1304.02,4.2247401298754365e+38
1304.35,4.174649323542304e+38
1304.69,4.004607902117075e+38
1305.03,4.200393715208921e+38
1305.37,2.7524535587712612e+38
1305.71,4.155372870099001e+38
1306.05,3.282010755886641e+38
1306.38,4.231944855742397e+38
1306.72,4.207944469702247e+38
1307.06,4.233211819064926e+38
1307.4,4.088462324039105e+38
1307.74,4.213373893545408e+38
1308.08,4.196816686498977e+38
1308.42,4.1840801956742864e+38
1308.76,2.520635218741711e+38
1309.09,4.1852364594930784e+38
1309.43,4.104025022190609e+38
1309.77,3.9625066128404545e+38
1310.11,3.530774651541121e+38
1310.45,4.146770496977038e+38
1310.79,4.145815777704303e+38
1311.13,4.072771078173027e+38
1311.47,4.026521292395391e+38
1311.81,3.9944776911482734e+38
1312.15,4.1149067699815874e+38
1312.49,2.378373186283727e+38
1312.83,4.119741819093251e+38
1313.17,4.1149067699815874e+38
1313.51,4.118034682794146e+38
1313.85,4.11310692835009e+38
1314.19,4.114054115264703e+38
1314.53,3.9625978539775074e+38
1314.88,4.0960004907361894e+38
1315.22,4.11282281480214e+38
1315.56,4.021610443342117e+38
1315.9,4.024574767387493e+38
1316.24,3.3030108477201192e+38
1316.58,4.126672463229367e+38
1316.92,4.151547392216501e+38
1317.26,4.009313349156834e+38
1317.6,4.1627468418708086e+38
1317.94,4.14954042634365e+38
1318.29,4.059476204148323e+38
1318.63,3.7652169058014226e+38
1318.97,4.143048334640411e+38
1319.31,3.7361990011578894e+38
1319.65,3.7962954113907394e+38
1320.0,4.137423720507892e+38
1320.34,4.059476204148323e+38
1320.68,4.097887203068584e+38
1321.02,4.113675214326915e+38
1321.36,3.895291830151113e+38
1321.71,4.112065274616062e+38
1322.05,4.120405896537047e+38
1322.39,4.129333885137503e+38
1322.74,4.106293617009739e+38
1323.08,3.8488412635104176e+38
1323.42,4.0820657910244814e+38
1323.76,3.691135599845302e+38
1324.11,3.933417086520778e+38
1324.45,3.74601920866327e+38
1324.79,3.673922577918644e+38
1325.14,3.972006952481431e+38
1325.48,4.039429194836651e+38
1325.82,3.864915471291631e+38
1326.17,3.948571440500914e+38
1326.51,4.0055301033312394e+38
1326.85,3.744208285650581e+38
1327.2,3.3293541930934747e+38
1327.54,3.1135797926791858e+38
1327.89,4.0389641651340656e+38
1328.23,3.997790208805153e+38
1328.58,3.969446930304332e+38
1328.92,3.954576670784615e+38
1329.27,4.0399873011553214e+38
1329.61,4.00285630471209e+38
1329.95,3.79804407264854e+38
1330.3,3.3829844379758947e+38
1330.64,3.960408646434094e+38
1330.99,4.027726755833301e+38
1331.33,3.9711839082053775e+38
1331.68,3.92075766349556e+38
1332.02,3.855582496484017e+38
1332.37,3.618261907324317e+38
1332.71,4.0261504531572e+38
1333.06,3.946389982098675e+38
1333.41,4.019110993304831e+38
1333.75,3.980155135426708e+38
1334.1,4.0100519599953624e+38
1334.44,5.645338659076968e+37
1334.79,2.9646265933010046e+38
1335.13,3.2878348913915014e+38
1335.48,3.983272335062566e+38
1335.83,6.907326738486602e+37
1336.17,3.3283577464636697e+38
1336.52,3.669103814824168e+38
1336.86,3.8368957552747416e+38
1337.21,3.986024832682155e+38
1337.56,3.989881525028857e+38
1337.91,3.95020832560629e+38
1338.25,3.986208400136113e+38
1338.6,2.5727050559416556e+38
1338.94,3.9796052946562995e+38
1339.29,3.981071705534986e+38
1339.64,3.6011399537080194e+38
1339.99,3.9791471520382256e+38
1340.33,3.7200604747559645e+38
1340.68,3.94284768233366e+38
1341.03,3.9555784300662706e+38
1341.38,3.686718684676581e+38
1341.72,3.946480852132255e+38
1342.07,3.8816824138717086e+38
1342.42,1.6138010734138506e+38
1342.77,3.922473335612211e+38
1343.11,3.7816384062150556e+38
1343.46,2.547827377602947e+38
1343.81,3.884364711416401e+38
1344.16,3.787128139894131e+38
1344.51,3.8549611000893015e+38
1344.86,2.690109759087351e+38
1345.21,3.828600044025156e+38
1345.55,3.648463450967053e+38
1345.9,3.802594362461993e+38
1346.25,3.78782581893476e+38
1346.6,3.619261808170967e+38
1346.95,3.822698093909181e+38
1347.3,2.967700022563335e+38
1347.65,3.784948721041429e+38
1348.0,3.3275914519968246e+38
1348.35,3.925906932440992e+38
1348.7,3.852742644682561e+38
1349.05,3.838663117987763e+38
1349.4,3.91606597620087e+38
1349.74,3.8528313583817474e+38
1350.09,3.8651824594154856e+38
1350.44,3.634628268409213e+38
1350.8,3.900856730798384e+38
1351.15,3.882397512057653e+38
1351.49,3.736887297840408e+38
1351.84,3.888749784054251e+38
1352.2,3.88785446940677e+38
1352.55,3.456925339304781e+38
1352.9,3.855848839886544e+38
1353.25,3.817684194975453e+38
1353.6,3.830275389176616e+38
1353.95,3.8645595158142565e+38
1354.3,3.279819925809038e+38
1354.65,3.756470650294784e+38
1355.0,3.861446303462903e+38
1355.35,3.177313002342045e+38
1355.7,3.849373037314304e+38
1356.06,2.3189960025050424e+38
1356.41,3.7262329340546496e+38
1356.76,3.84946167342452e+38
1357.11,2.6658149550782976e+38
1357.46,3.8415810464417405e+38
1357.81,3.2638485627976945e+38
1358.17,3.830716391312926e+38
1358.52,3.705100563019266e+38
1358.87,3.808026833442713e+38
1359.22,3.055483902313983e+38
1359.57,3.790530539428836e+38
1359.93,3.6606651102216654e+38
1360.28,3.723059697665692e+38
1360.63,3.673076723368884e+38
1360.98,3.679255942546246e+38
1361.34,3.578738784620936e+38
1361.69,3.0343802290885895e+38
1362.04,3.5799750506907935e+38
1362.4,3.594512514738718e+38
1362.75,3.7158656213185206e+38
1363.1,3.577420571367342e+38
1363.46,1.6370049777421294e+38
1363.81,3.514875932720553e+38
1364.16,3.764870132478415e+38
1364.52,3.757681788561764e+38
1364.87,3.334648021074411e+38
1365.22,2.947813476606496e+38
1365.58,3.5827788351023774e+38
1365.93,3.6909656206830855e+38
1366.29,3.703224150273964e+38
1366.64,3.748953036445315e+38
1366.99,2.6313583726986667e+38
1367.35,3.694792045829003e+38
1367.7,3.7320718825682954e+38
1368.06,3.721688324415854e+38
1368.41,3.6762920070712585e+38
1368.77,3.7365431336505625e+38
1369.12,3.66041224916786e+38
1369.48,2.895876255750967e+38
1369.83,3.723145425270231e+38
1370.19,3.664375746478333e+38
1370.54,3.696834427648706e+38
1370.9,3.6199285622424055e+38
1371.25,3.6029646406922074e+38
1371.61,2.928599608614822e+38
1371.96,3.538669476641776e+38
1372.32,3.635548979500781e+38
1372.67,3.649303637448865e+38
1373.03,2.3776613599629322e+38
1373.39,3.5772558288551336e+38
1373.74,3.44080451955842e+38
1374.1,2.846885497123645e+38
1374.45,3.2496007028988473e+38
1374.81,2.9156138192222185e+38
1375.17,3.610355769506667e+38
1375.52,3.1839042598016875e+38
1375.88,3.68340946719183e+38
1376.23,3.4969546481511084e+38
1376.59,3.674514791999376e+38
1376.95,2.5497640877992895e+38
1377.31,2.9474741165736338e+38
1377.66,3.3654256466378476e+38
1378.02,2.9159495109916358e+38
1378.38,3.6060355177219636e+38
1378.73,3.198379550268153e+38
1379.09,3.573962571310955e+38
1379.45,3.599564831360884e+38
1379.81,3.624682741747951e+38
1380.16,3.559590180060837e+38
1380.52,3.429019856494123e+38
1380.88,3.0411651144358486e+38
1381.24,3.156675939216687e+38
1381.6,2.6821928471247677e+38
1381.95,3.655863735788684e+38
1382.31,3.647455482522947e+38
1382.67,3.412636252628567e+38
1383.03,3.637139848039062e+38
1383.39,3.584511681180131e+38
1383.75,3.027331640533967e+38
1384.1,3.2152148570383713e+38
1384.46,3.431942476991965e+38
1384.82,3.425153189317692e+38
1385.18,3.5955886430140226e+38
1385.54,3.5061460269484114e+38
1385.9,1.889557011784518e+38
1386.26,2.9634663485486274e+38
1386.62,3.2210687912834542e+38
1386.98,3.438666043167963e+38
1387.34,2.8203954150582724e+38
1387.7,3.433207084260943e+38
1388.06,3.3384125166561714e+38
1388.42,3.4219999589868605e+38
1388.78,3.430757330733141e+38
1389.14,3.3494230136418428e+38
1389.49,3.460987254853535e+38
1389.85,3.48176936705536e+38
1390.21,3.149778396788816e+38
1390.58,3.541767104911817e+38
1390.94,3.5186818431911975e+38
1391.3,3.563280408248773e+38
1391.66,3.548378997207529e+38
1392.02,3.462501737471147e+38
1392.38,2.6909770878048947e+38
1392.74,3.446672348717878e+38
1393.1,3.052600703693194e+38
1393.46,3.479605430817151e+38
1393.82,1.9996316402796136e+38
1394.18,3.243022785203883e+38
1394.55,3.2499748485427818e+38
1394.91,3.347649647020635e+38
1395.27,1.9276136810375184e+38
1395.63,3.4201094143492115e+38
1395.99,2.5789326471023743e+38
1396.35,3.41979442513708e+38
1396.72,3.3538219286958444e+38
1397.08,3.3340338127809487e+38
1397.44,3.198084982190766e+38
1397.8,3.4219211654330454e+38
1398.16,1.827174392271893e+38
1398.53,3.307577279497082e+38
1398.89,2.8007864714294193e+38
1399.25,3.4981626621023145e+38
1399.61,3.4019662439043283e+38
1399.98,2.695690325435008e+38
1400.34,3.1426788298792463e+38
1400.7,2.6297229709422277e+38
1401.07,3.149923452784476e+38
1401.43,3.187571975946731e+38
1401.79,3.446910444632462e+38
1402.16,3.4799259290801826e+38
1402.52,3.3735721284744088e+38
1402.88,1.2369154095053346e+38
1403.25,1.3139535118503456e+38
1403.61,3.5186818431911975e+38
1403.97,3.4459581596487295e+38
1404.34,3.502273031842646e+38
1404.7,3.48401487051005e+38
1405.06,3.4562886087712885e+38
1405.43,3.344182731797749e+38
1405.79,3.3928917208772067e+38
1406.16,2.7961470028816507e+38
1406.52,3.3675185754651394e+38
1406.89,1.6401365241144428e+38
1407.25,3.2395150357326906e+38
1407.62,3.3996170603489497e+38
1407.98,3.3727954242099365e+38
1408.35,3.3998519056870972e+38
1408.71,2.4194686546912135e+38
1409.08,3.1737301674768177e+38
1409.44,3.0711427260678174e+38
1409.81,2.4447249229657262e+38
1410.17,2.8075661654453546e+38
1410.54,2.998126823820005e+38
1410.9,3.384153081212305e+38
1411.27,3.0543584277771207e+38
1411.64,3.048105538027007e+38
1412.0,3.0593558850050532e+38
1412.37,3.0361973718279626e+38
1412.73,3.400008478258609e+38
1413.1,3.4026713154671407e+38
1413.46,3.398130083204964e+38
1413.83,3.3844647875842253e+38
1414.2,2.9866202129228872e+38
1414.56,2.66360609502121e+38
1414.93,3.0036546672940345e+38
1415.3,3.3586132733846177e+38
1415.67,2.6518563816836972e+38
1416.03,3.0683860527015185e+38
1416.4,3.3804926810340465e+38
1416.77,3.371630703091862e+38
1417.13,1.7745980501517138e+38
1417.5,3.373183753986799e+38
1417.87,2.695876543557455e+38
1418.23,3.355444037523128e+38
1418.6,2.8827700407761306e+38
1418.97,3.2719751753770267e+38
1419.34,3.0584402465105636e+38
1419.71,3.1350177205199625e+38
1420.07,2.6340863026985543e+38
1420.44,2.0581641063997723e+38
1420.81,3.2903341122625947e+38
1421.18,2.085547088474471e+38
1421.55,3.2731054707504442e+38
1421.92,3.2235914855306417e+38
1422.28,2.7171273875625495e+38
1422.65,2.5756093914982294e+38
1423.02,3.2616698564703935e+38
1423.39,3.258892239058737e+38
1423.76,3.208484902035976e+38
1424.13,2.9652410244139058e+38
1424.5,1.5843458842674809e+38
1424.87,3.2884405887452853e+38
1425.23,3.295338254735941e+38
1425.6,3.2680598391904584e+38
1425.97,2.924893113712019e+38
1426.34,2.1562047577862472e+38
1426.71,3.0145327054443522e+38
1427.08,3.291622331003189e+38
1427.45,2.0332931614677046e+38
1427.82,2.095704278350819e+38
1428.19,2.295461430877638e+38
1428.56,2.4693349313180723e+38
1428.93,2.037558093951779e+38
1429.3,2.4674024975547666e+38
1429.68,3.272879380443456e+38
1430.05,3.257991898248406e+38
1430.42,2.2355788898381004e+38
1430.79,3.2124768004102884e+38
1431.16,3.263247395045241e+38
1431.53,3.0958506408356375e+38
1431.9,3.2615947546111176e+38
1432.27,3.319861760510572e+38
1432.64,3.293972734322401e+38
1433.01,3.252370400952974e+38
1433.38,3.2822374769884853e+38
1433.76,2.77370327945189e+38
1434.13,3.288743479264837e+38
1434.5,2.8223443482501428e+38
1434.87,3.270092217072165e+38
1435.24,2.4933887750386133e+38
1435.61,2.934810066159537e+38
1435.99,2.5115394255453104e+38
1436.36,3.2505735711766205e+38
1436.73,2.362163747287677e+38
1437.1,3.0663378228345387e+38
1437.48,3.0528115771626447e+38
1437.85,3.0257984773774613e+38
1438.22,2.8043356954101727e+38
1438.59,3.1025586496881936e+38
1438.97,3.168035211781702e+38
1439.34,3.080278609689921e+38
1439.71,2.377551867132049e+38
1440.09,3.2573168058794474e+38
1440.46,2.9400180720978733e+38
1440.83,2.8840979111706017e+38
1441.21,2.829501965812489e+38
1441.58,3.2497503559874384e+38
1441.95,3.2575418211246853e+38
1442.33,2.816761006505754e+38
1442.7,2.8449851248096896e+38
1443.07,3.2442177790638107e+38
1443.45,2.8764047681377672e+38
1443.82,3.247954973701394e+38
1444.2,3.1433301630539862e+38
1444.57,3.2423507946025558e+38
1444.95,2.3307194478661865e+38
1445.32,2.932783471228511e+38
1445.69,3.152898573291941e+38
1446.07,3.1689106932066552e+38
1446.44,2.997160497683331e+38
1446.82,2.721197103396571e+38
1447.19,2.2827586651535912e+38
1447.57,2.8706483807372872e+38
1447.94,3.205826392625795e+38
1448.32,3.147530882860891e+38
1448.69,3.1931549979106906e+38
1449.07,2.4940778190080788e+38
1449.45,2.9646265933010046e+38
1449.82,2.7995614200797782e+38
1450.2,3.0373161543519143e+38
1450.57,3.1944051694646286e+38
1450.95,2.986757755033496e+38
1451.33,3.1268712544185603e+38
1451.7,2.8020765783002555e+38
1452.08,3.0780098124934686e+38
1452.45,2.4027578234448444e+38
1452.83,3.1738032461558633e+38
1453.21,3.1614768061205446e+38
1453.58,2.996401459934428e+38
1453.96,2.8587751610191445e+38
1454.34,2.8330223452571368e+38
1454.71,3.0714963247951926e+38
1455.09,3.115803063620817e+38
1455.47,2.6002194347410756e+38
1455.85,3.0927869201982073e+38
1456.22,3.0498606737406486e+38
1456.6,2.6065136282905168e+38
1456.98,3.1403640714362435e+38
1457.36,2.3295927175294863e+38
1457.73,2.99653945249848e+38
1458.11,2.9003472646519086e+38
1458.49,2.3426639798030913e+38
1458.87,2.9760484689438814e+38
1459.24,2.074388040862424e+38
1459.62,2.868467938234512e+38
1460.0,3.0926444953765254e+38
1460.38,2.6747303152442583e+38
1460.76,2.955493441851786e+38
1461.14,3.07694688913786e+38
1461.52,2.9646265933010046e+38
1461.9,3.0846791643020194e+38
1462.27,2.394528442434217e+38
1462.65,2.8765372345227006e+38
1463.03,3.0917900841696553e+38
1463.41,3.0461409851274673e+38
1463.79,2.7746614480857603e+38
1464.17,2.7906797434340392e+38
1464.55,3.0898685219124377e+38
1464.93,3.0510547432613198e+38
1465.31,1.9801131137680993e+38
1465.69,2.672698685142125e+38
1466.07,3.0974192992165777e+38
1466.45,1.8382729641954514e+38
1466.83,2.125249878397131e+38
1467.21,3.0080842794465858e+38
1467.59,3.0609765323788587e+38
1467.97,3.0152269071712254e+38
1468.35,2.75949746856595e+38
1468.73,3.0552728442531766e+38
1469.11,3.0264952734428092e+38
1469.49,2.8916118776741075e+38
1469.87,1.225067447663788e+38
1470.25,2.6320249390324763e+38
1470.64,2.9930226264317302e+38
1471.02,2.078117023401272e+38
1471.4,3.0491584982124164e+38
1471.78,2.883566689630876e+38
1472.16,3.0013731979423105e+38
1472.54,2.762103829524268e+38
1472.92,2.4700742029521945e+38
1473.31,2.856866852036066e+38
1473.69,3.0595672251220647e+38
1474.07,3.060694619004271e+38
1474.45,3.059214999703988e+38
1474.83,3.0575248820586776e+38
1475.21,2.5507036286631664e+38
1475.6,2.9507335862734744e+38
1475.98,3.0043463639716656e+38
1476.36,2.824684845859699e+38
1476.74,2.9969534683214885e+38
1477.13,2.9896476030045486e+38
1477.51,2.7001009397815756e+38
1477.89,2.9288019160962752e+38
1478.28,2.175905349985843e+38
1478.66,2.9881335245684463e+38
1479.04,2.9938497434108333e+38
1479.43,2.7772821315084558e+38
1479.81,2.953792612651328e+38
1480.19,2.9488317911583238e+38
1480.58,3.0026865594784006e+38
1480.96,2.987789522785672e+38
1481.34,2.8992789340376293e+38
1481.73,2.9675633580735317e+38
1482.11,3.009123414391537e+38
1482.5,3.00884627664573e+38
1482.88,2.9827716043245977e+38
1483.27,2.6817605635550388e+38
1483.65,2.9317706986129057e+38
1484.03,2.74454275063358e+38
1484.42,2.67879820960349e+38
1484.8,2.8963430534742494e+38
1485.19,2.9680417113237767e+38
1485.57,2.977282193465546e+38
1485.96,2.8688642591016007e+38
1486.34,2.4429242465483807e+38
1486.73,2.9489675930077294e+38
1487.11,2.966743503287757e+38
1487.5,2.9637393064561106e+38
1487.89,2.5888089418181566e+38
1488.27,2.9604654702437522e+38
1488.66,2.941372312256446e+38
1489.04,2.8377229987107644e+38
1489.43,2.8387032827913004e+38
1489.81,2.2176346564850864e+38
1490.2,2.7820184125097952e+38
1490.59,2.934539772610852e+38
1490.97,2.6294807756594495e+38
1491.36,2.9228733668035116e+38
1491.75,2.4377546863464843e+38
1492.13,2.7225132370303906e+38
1492.52,2.9314331854667986e+38
1492.91,2.926509916077599e+38
1493.29,2.7809296338178815e+38
1493.68,1.1015646737133588e+38
1494.07,2.8932769024618588e+38
1494.45,2.6164955472842617e+38
1494.84,2.930825759716341e+38
1495.23,1.6180800376430776e+38
1495.62,2.4581025650893384e+38
1496.01,2.921258573514148e+38
1496.39,2.8787238108352687e+38
1496.78,2.9002137017998136e+38
1497.17,2.8896816493032832e+38
1497.56,2.1454579155290108e+38
1497.94,2.2734740425463242e+38
1498.33,2.7472614999306538e+38
1498.72,1.7054932307715574e+38
1499.11,2.3169678094130943e+38
1499.5,2.549940225346144e+38
1499.89,2.787404520323769e+38
1500.28,1.2771737975811513e+38
1500.66,2.8856921630438143e+38
1501.05,2.847934521726402e+38
1501.44,2.7403119210302946e+38
1501.83,1.2081476125135381e+38
1502.22,2.2120757764641237e+38
1502.61,2.8799835026085634e+38
1503.0,2.0932446987086218e+38
1503.39,2.8288505239107047e+38
1503.78,2.7444163626793035e+38
1504.17,2.3917732260204847e+38
1504.56,1.8729664584884504e+38
1504.95,2.5643068943546294e+38
1505.34,2.5911347575851108e+38
1505.73,2.156552324941393e+38
1506.12,2.3139288452721362e+38
1506.51,2.868798201821374e+38
1506.9,2.7117521927259574e+38
1507.29,2.8705822823766145e+38
1507.68,2.4650174612400644e+38
1508.07,2.859235978270488e+38
1508.46,2.859762717514776e+38
1508.85,2.313662459703539e+38
1509.24,2.2860725031727686e+38
1509.64,2.8455092387079625e+38
1510.03,2.753404386744007e+38
1510.42,2.8379190284415755e+38
1510.81,2.79151521955681e+38
1511.2,1.4345642373939339e+38
1511.59,1.2235733238584779e+38
1511.98,2.6769484003311454e+38
1512.38,1.4644346628935113e+38
1512.77,1.7822146118566467e+38
1513.16,2.1412629375661066e+38
1513.55,1.190967745995179e+38
1513.94,2.741321675243158e+38
1514.34,2.7974349727062285e+38
1514.73,2.798852424749079e+38
1515.12,2.769873912599657e+38
1515.52,1.3231832665516136e+38
1515.91,2.423650538923979e+38
1516.3,2.441518390986599e+38
1516.69,2.0088152653518075e+38
1517.09,2.360804367828178e+38
1517.48,2.8060796872954297e+38
1517.87,2.6753462655705816e+38
1518.27,2.771915583208349e+38
1518.66,1.826711656179303e+38
1519.05,2.750046263852349e+38
1519.45,2.7965977248530458e+38
1519.84,2.795760727580833e+38
1520.23,2.79196519491277e+38
1520.63,1.8576761269387402e+38
1521.02,2.768279903841156e+38
1521.42,2.719318016119457e+38
1521.81,2.774342021769336e+38
1522.21,2.76853488358481e+38
1522.6,2.7649036383857493e+38
1522.99,2.761467904830276e+38
1523.39,2.3901766533362017e+38
1523.79,2.732498926479996e+38
1524.18,2.5223770133908495e+38
1524.57,1.62693424265715e+38
1524.97,1.5851486676501422e+38
1525.36,1.3376423187226577e+38
1525.76,1.2875378353544342e+38
1526.16,2.2336750850011063e+38
1526.55,2.373613481531872e+38
1526.95,2.0696170807611933e+38
1527.34,2.109016609370214e+38
1527.74,1.5436185893035778e+38
1528.14,2.259591851905487e+38
1528.53,2.61198091891744e+38
1528.93,2.473375189196282e+38
1529.32,2.701966747786712e+38
1529.72,2.6323885918354703e+38
1530.12,1.3096944887846912e+38
1530.51,1.8039728621584584e+38
1530.91,2.688190240191241e+38
1531.31,9.032958188767743e+37
1531.7,1.079642569179121e+38
1532.1,2.1238801207693618e+38
1532.5,1.8188630483235825e+38
1532.9,1.448404948760308e+38
1533.29,1.4530481304093019e+38
1533.69,2.6804024115654466e+38
1534.09,2.4821041459952962e+38
1534.48,2.609456130460307e+38
1534.88,2.38847115071289e+38
1535.28,2.6749766783555818e+38
1535.68,1.9626822733140102e+38
1536.08,2.685282614029465e+38
1536.47,2.3658652207986755e+38
1536.87,2.5531127826593565e+38
1537.27,1.854300007209417e+38
1537.67,2.6269995597250335e+38
1538.07,2.189071767982387e+38
1538.47,2.6199922097727725e+38
1538.86,2.0155334029191905e+38
1539.26,2.4111820395324357e+38
1539.66,2.489086561069632e+38
1540.06,1.733524564087691e+38
1540.46,1.965893560052236e+38
1540.86,2.0532413410870586e+38
1541.26,2.3996615896555916e+38
1541.66,2.3961279219947285e+38
1542.06,1.6962505441982351e+38
1542.46,1.9055923470728218e+38
1542.86,2.0193425663437246e+38
1543.26,2.2909731535511384e+38
1543.66,1.0180989745125827e+38
1544.06,1.8773273186484798e+38
1544.46,1.3498950350559746e+38
1544.86,1.229504152914064e+38
1545.26,2.020737960667617e+38
1545.66,1.9206578251187782e+38
1546.06,2.171250842638056e+38
1546.46,1.2121043225676876e+38
1546.86,1.6018431928326079e+38
1547.26,1.2798232631246139e+38
1547.66,1.199692655176311e+38
1548.06,1.6574865006782707e+38
1548.47,2.6685786062272852e+38
1548.87,2.477365013539056e+38
1549.27,2.442474284716413e+38
1549.67,2.3400762022095472e+38
1550.07,1.7640057644764037e+38
1550.47,1.9587544674521932e+38
1550.88,1.7897814394089634e+38
1551.28,2.502188363146162e+38
1551.68,2.8049169055720773e+38
1552.08,1.0584735256607696e+38
1552.48,2.6921546240753074e+38
1552.89,2.2789248285460237e+38
1553.29,1.5541395049750276e+38
1553.69,2.6827487426766048e+38
1554.09,2.316487707762681e+38
1554.5,2.6715911737634195e+38
1554.9,1.7945683333688843e+38
1555.3,1.6746343685620596e+38
1555.71,2.6090956456750914e+38
1556.11,1.861315526041953e+38
1556.51,9.190518212218038e+37
1556.92,1.6177447533575486e+38
1557.32,1.9029614917027746e+38
1557.72,2.5315703468944205e+38
1558.13,2.5078410100331448e+38
1558.53,2.5205771796390994e+38
1558.93,2.200543712561796e+38
1559.34,2.1539221381935583e+38
1559.74,2.501497078460114e+38
1560.15,1.5689893655746334e+38
1560.55,1.6171861005959951e+38
1560.96,2.5303465200146797e+38
1561.36,1.2059241708615146e+38
1561.77,2.529414477605437e+38
1562.17,2.41368171266289e+38
1562.57,1.9340157209851047e+38
1562.98,2.525515277402284e+38
1563.39,2.5156487372558433e+38
1563.79,2.338783385561739e+38
1564.19,1.730015523147801e+38
1564.6,1.5945568222578266e+38
1565.01,2.500978740280795e+38
1565.41,2.4845629231087625e+38
1565.82,2.0377926900006243e+38
1566.22,1.6558462162500077e+38
1566.63,1.6154741014619083e+38
1567.04,1.8569491014904567e+38
1567.44,2.517213197242295e+38
1567.85,2.4912080580888594e+38
1568.25,1.1643941101974133e+38
1568.66,1.4162502515189928e+38
1569.07,2.3044113202541602e+38
1569.47,2.4036985417888375e+38
1569.88,2.554229991318494e+38
1570.29,2.275149817429497e+38
1570.69,2.1362397897274304e+38
1571.1,2.4216423331940312e+38
1571.51,2.366410044120334e+38
1571.92,2.514895825561674e+38
1572.32,2.5124070303529748e+38
1572.73,2.424264489448897e+38
1573.14,2.5355956614632037e+38
1573.55,2.5318618214798653e+38
1573.95,2.525864214335259e+38
1574.36,2.5265622328400344e+38
1574.77,1.3482486683107262e+38
1575.18,1.407407950357315e+38
1575.59,1.5605583076818262e+38
1575.99,2.509805114651501e+38
1576.4,1.8691751560067717e+38
1576.81,2.1676042806550895e+38
1577.22,1.6551600676257434e+38
1577.63,2.368808757644643e+38
1578.04,1.5548911797697429e+38
1578.45,2.5103252821333837e+38
1578.86,2.4205831177776152e+38
1579.27,2.140227795428851e+38
1579.68,2.472236420059689e+38
1580.08,2.3297000017090552e+38
1580.49,2.5103252821333837e+38
1580.9,1.609867007231202e+38
1581.31,2.3730669997483982e+38
1581.72,2.403532505910694e+38
1582.13,2.4535222456181163e+38
1582.54,2.199378625096775e+38
1582.95,2.4406752660198124e+38
1583.36,2.0285700068779394e+38
1583.77,1.890557975949496e+38
1584.18,2.1813231074119383e+38
1584.59,2.4352300826026973e+38
1585.01,1.3101167524627788e+38
1585.42,2.4032558049332477e+38
1585.83,1.5353238627895425e+38
1586.24,2.1586886097984168e+38
1586.65,2.4621244448789497e+38
1587.06,2.4656986648426865e+38
1587.47,1.7220668238435476e+38
1587.88,2.4603676041476174e+38
1588.3,2.418354704715912e+38
1588.71,1.9521806332137855e+38
1589.12,2.4319240073576046e+38
1589.53,2.4549350131433137e+38
1589.94,2.4106824156395517e+38
1590.35,2.4662664783110864e+38
1590.77,2.4219211511206314e+38
1591.18,2.3824840398415825e+38
1591.59,2.135354575884239e+38
1592.0,1.3972045781537453e+38
1592.42,2.3981149692793684e+38
1592.83,2.4132371370085905e+38
1593.24,2.32295073817422e+38
1593.66,2.3009649329173404e+38
1594.07,2.1619218955310745e+38
1594.48,2.3692451485351594e+38
1594.89,1.7111181581832267e+38
1595.31,2.1685527958512765e+38
1595.72,2.227204010704498e+38
1596.14,2.4401695308004545e+38
1596.55,2.4315880478474144e+38
1596.96,2.432428033658154e+38
1597.38,2.2193714757065616e+38
1597.79,2.423259924092547e+38
1598.2,2.4213077940515027e+38
1598.62,2.216409484843296e+38
1599.03,2.4320360041757353e+38
1599.45,2.432708093405893e+38
1599.86,2.42767194782506e+38
1600.28,1.98116204865449e+38
1600.69,2.2253073378615452e+38
1601.11,1.6417990498765702e+38
1601.52,2.0097868485317098e+38
1601.94,1.0481658355929946e+38
1602.35,2.4239854017510314e+38
1602.77,2.422367326576749e+38
1603.18,1.2986735638291695e+38
1603.6,2.239339805546914e+38
1604.01,2.4166290957374986e+38
1604.43,2.3386218337088517e+38
1604.84,1.4742800883909517e+38
1605.26,2.403366481501468e+38
1605.68,2.165309593203746e+38
1606.09,2.036573085430335e+38
1606.51,2.3657017982634583e+38
1606.93,2.079792462880777e+38
1607.34,2.3879762327702395e+38
1607.76,8.755077604547925e+37
1608.18,2.1094051403705772e+38
1608.59,2.2840731049618105e+38
1609.01,1.2576216350747314e+38
1609.43,2.2659483169369995e+38
1609.84,1.2321682106154315e+38
1610.26,1.4634571135358811e+38
1610.68,2.387041667554084e+38
1611.09,1.8662937428526376e+38
1611.51,2.3707731498486636e+38
1611.93,1.7440141329552622e+38
1612.35,2.3787017933812246e+38
1612.77,1.0419574878703247e+38
1613.18,2.375253682077558e+38
1613.6,2.0230191786782595e+38
1614.02,1.0936541367140068e+38
1614.44,2.3737774506056454e+38
1614.86,2.3707731498486636e+38
1615.28,1.4594190135057652e+38
1615.69,1.8418319400570888e+38
1616.11,1.7554562082829134e+38
1616.53,2.2810772859291973e+38
1616.95,2.358739609154555e+38
1617.37,2.3602608351125945e+38
1617.79,1.9038818776681892e+38
1618.21,2.356134073933845e+38
1618.63,1.839458524712735e+38
1619.05,2.276197803929571e+38
1619.47,1.9432111779497255e+38
1619.89,2.3453086212002592e+38
1620.31,1.6960162147125008e+38
1620.73,1.7625035483290958e+38
1621.15,1.213053625050724e+38
1621.57,1.2634265527918158e+38
1621.99,2.0744835721616926e+38
1622.41,1.9805235003938253e+38
1622.83,2.3236461851815966e+38
1623.25,2.2039411818101245e+38
1623.67,1.6133923746021292e+38
1624.09,1.6351213906006396e+38
1624.51,2.306269204896601e+38
1624.93,1.404106338920441e+38
1625.35,2.230899468399132e+38
1625.78,2.1764064283946583e+38
1626.2,1.7683979386719537e+38
1626.62,2.267409698848767e+38
1627.04,2.1951793062879436e+38
1627.46,1.5864631906883132e+38
1627.88,1.5973864641126822e+38
1628.31,1.0895320246459288e+38
1628.73,2.295461430877638e+38
1629.15,9.53213095125194e+37
1629.57,2.2372782468937386e+38
1629.99,2.28865325825798e+38
1630.42,1.8270061110409374e+38
1630.84,2.2945630725192944e+38
1631.26,2.0830994296064837e+38
1631.68,8.137481233200884e+37
1632.11,1.2566374548899132e+38
1632.53,1.8770679742098657e+38
1632.95,2.2912369267664534e+38
1633.38,2.297364998029226e+38
1633.8,2.1600310793980965e+38
1634.22,2.2366601494661887e+38
1634.65,1.919066392695775e+38
1635.07,2.0408918904477803e+38
1635.49,2.168353073955279e+38
1635.92,2.135600431817315e+38
1636.34,1.9249524230764523e+38
1636.77,2.2862304249211243e+38
1637.19,2.0848268904099416e+38
1637.61,2.2492099703900783e+38
1638.04,1.844378283465167e+38
1638.46,2.146001395289098e+38
1638.89,2.2465185033964867e+38
1639.31,1.3864365533013382e+38
1639.74,2.2663135740895872e+38
1640.16,1.1552873021362524e+38
1640.59,1.5688087393962937e+38
1641.01,2.2662092088956722e+38
1641.44,2.26934225635505e+38
1641.86,1.2970299362978947e+38
1642.29,2.116459683494966e+38
1642.71,1.738080951723826e+38
1643.14,2.2632368203740176e+38
1643.57,2.0350261768833743e+38
1643.99,2.204245688570875e+38
1644.42,1.8322722322582075e+38
1644.84,1.7288208834229624e+38
1645.27,1.8545135036767595e+38
1645.7,2.196342169227559e+38
1646.12,2.2033830286665886e+38
1646.55,2.248743908921929e+38
1646.98,1.7663631668394857e+38
1647.41,2.1233422432726263e+38
1647.83,2.2424873404840857e+38
1648.26,2.095897308737279e+38
1648.69,1.7640463826778216e+38
1649.11,2.0093241312822785e+38
1649.54,2.2114137215055664e+38
1649.97,1.867153400811291e+38
1650.4,2.1604787547657176e+38
1650.82,2.119776142595038e+38
1651.25,2.1724010298370155e+38
1651.68,1.6969928011830874e+38
1652.11,1.8132179094270553e+38
1652.54,2.214471013883781e+38
1652.96,1.1967956445144197e+38
1653.39,1.3489318219310076e+38
1653.82,2.04781160581557e+38
1654.25,1.980067520503649e+38
1654.68,2.1939160231381634e+38
1655.11,2.193006909449794e+38
1655.54,2.1382082456536807e+38
1655.96,2.1715508327495907e+38
1656.39,2.198416626822136e+38
1656.82,1.2995709656617062e+38
1657.25,2.1482261555675717e+38
1657.68,1.903005309514891e+38
1658.11,1.92415476237348e+38
1658.54,2.0245103435934343e+38
1658.97,1.6955086118732623e+38
1659.4,1.7882572728599486e+38
1659.83,2.195078216872693e+38
1660.26,2.177408931411488e+38
1660.69,2.0487548750900365e+38
1661.12,2.1332413828909873e+38
1661.55,1.5341576853404284e+38
1661.98,2.176907622194361e+38
1662.42,1.5657052218084901e+38
1662.85,2.1884165979226403e+38
1663.28,2.171300838111898e+38
1663.71,2.1801681963800985e+38
1664.14,2.1862005538990762e+38
1664.57,2.1089194878024294e+38
1665.0,1.9271698826809375e+38
1665.43,2.0964765065806566e+38
1665.86,2.17946550645592e+38
1666.3,2.1742025461617277e+38
1666.73,2.0741492318606327e+38
1667.16,2.1298057735431697e+38
1667.59,2.025676080921866e+38
1668.03,1.4578740310906246e+38
1668.46,1.6551600676257434e+38
1668.89,2.1639140164473748e+38
1669.32,1.9298342062928186e+38
1669.76,1.5662100268996188e+38
1670.19,2.027355922018532e+38
1670.62,1.973694814073259e+38
1671.05,1.2675643025935229e+38
1671.49,2.1504037068104432e+38
1671.92,1.7043940130345263e+38
1672.35,1.7745571889919997e+38
1672.79,1.5679420231528041e+38
1673.22,1.9332588190547375e+38
1673.65,1.206729695251449e+38
1674.09,2.142693242690715e+38
1674.52,2.0109441078951597e+38
1674.96,2.1434334305372157e+38
1675.39,2.0729078681561437e+38
1675.82,1.853062212293173e+38
1676.26,1.795560322550637e+38
1676.69,1.9274805308005967e+38
1677.13,1.4882298119600614e+38
1677.56,2.1368793390490713e+38
1678.0,2.1368793390490713e+38
1678.43,2.131817387135933e+38
1678.87,2.098649924392422e+38
1679.3,2.118946540934169e+38
1679.74,2.131621048540341e+38
1680.17,2.1270122934841427e+38
1680.61,2.003410750908887e+38
1681.04,2.11870260224077e+38
1681.48,1.9991712610841072e+38
1681.92,1.4483048999465945e+38
1682.35,2.113878394765046e+38
1682.79,2.1211920951278094e+38
1683.22,2.117190809026199e+38
1683.66,1.768479378281794e+38
1684.1,2.102422520825228e+38
1684.53,2.0778777851092126e+38
1684.97,2.111786455064327e+38
1685.41,2.1127105451123152e+38
1685.84,1.7922558226960717e+38
1686.28,1.7844730770783896e+38
1686.72,1.3738205234600555e+38
1687.15,1.831091303421652e+38
1687.59,1.563327617023908e+38
1688.03,1.9107769778021975e+38
1688.47,2.097345603472812e+38
1688.9,2.0970558644844593e+38
1689.34,2.0970558644844593e+38
1689.78,2.0774950611274462e+38
1690.22,1.773781005694327e+38
1690.66,1.5359957003698244e+38
1691.09,2.0624337170769316e+38
1691.53,2.083291298990006e+38
1691.97,2.0132142695918354e+38
1692.41,1.2849315711747894e+38
1692.85,2.042396229316491e+38
1693.29,2.0757258794786746e+38
1693.72,2.0777342553542423e+38
1694.16,2.0753913389575034e+38
1694.6,1.4894296669025438e+38
1695.04,8.764557609579188e+37
1695.48,1.882651783264882e+38
1695.92,1.855325014456381e+38
1696.36,2.0675689430124693e+38
1696.8,1.9737857081712936e+38
1697.24,2.064001459241984e+38
1697.68,2.0622912541235057e+38
1698.12,1.4765902621463647e+38
1698.56,2.050878819872382e+38
1699.0,1.5461086146949543e+38
1699.44,1.973104104454611e+38
1699.88,2.0507371550754104e+38
1700.32,1.5722803979939963e+38
1700.76,1.4564312874721706e+38
1701.2,2.012658074776576e+38
1701.64,1.2517857403407727e+38
1702.08,1.8791437332986958e+38
1702.53,1.8214195763575814e+38
1702.97,1.911305017940474e+38
1703.41,1.7574784157840385e+38
1703.85,2.0379803862870422e+38
1704.29,2.020784490414374e+38
1704.73,1.945404875709605e+38
1705.18,2.0334804433131444e+38
1705.62,1.897230072835637e+38
1706.06,1.6390416890588414e+38
1706.5,1.5795740851886475e+38
1706.94,2.0016124792063347e+38
1707.39,8.89323974018681e+37
1707.83,2.0198075906886496e+38
1708.27,1.934149322672564e+38
1708.71,1.4094186046947396e+38
1709.16,2.013167914153848e+38
1709.6,1.9897109957743935e+38
1710.04,1.870122261540624e+38
1710.49,1.759300394175243e+38
1710.93,1.5393947461204465e+38
1711.37,1.1193347841758047e+38
1711.82,1.5536028168946045e+38
1712.26,1.9087541750275043e+38
1712.7,1.0914152053956051e+38
1713.15,1.9643551056925908e+38
1713.59,1.775824322547345e+38
1714.04,1.9851804974165193e+38
1714.48,1.9877877047890815e+38
1714.93,1.9788368991126228e+38
1715.37,9.733073432910351e+37
1715.81,1.7362809487529352e+38
1716.26,1.799740956667232e+38
1716.7,1.9570864045416683e+38
1717.15,1.3195929906041772e+38
1717.59,1.963134249642176e+38
1718.04,1.7042762817334765e+38
1718.48,1.3214173356162779e+38
1718.93,1.4664930192239109e+38
1719.38,1.029200527194435e+38
1719.82,1.423246092052743e+38
1720.27,1.9734221568927736e+38
1720.71,1.2590413684495418e+38
1721.16,1.5883272979134836e+38
1721.6,1.2095671958399878e+38
1722.05,1.4620761743242118e+38
1722.5,1.1127561417305162e+38
1722.94,1.5716650658353912e+38
1723.39,1.8909498019028188e+38
1723.84,1.2562902810954357e+38
1724.28,1.0337844611848661e+38
1724.73,1.833158428670844e+38
1725.18,1.8621728909190818e+38
1725.62,1.1364491286770507e+38
1726.07,1.9498445997580413e+38
1726.52,1.4836450091742447e+38
1726.97,1.9248194566664e+38
1727.41,1.259012378284431e+38
1727.86,1.8405177069852018e+38
1728.31,1.551136437831099e+38
1728.76,1.477814760489733e+38
1729.2,1.7347224541224837e+38
1729.65,1.948767373487909e+38
1730.1,1.9415116461337773e+38
1730.55,1.3563132360907054e+38
1731.0,1.9353521532499537e+38
1731.45,1.1837772789399499e+38
1731.9,1.9367341034457576e+38
1732.34,1.726911175507554e+38
1732.79,1.6955866947282645e+38
1733.24,1.792008230507127e+38
1733.69,1.596540720883176e+38
1734.14,1.7081263803752852e+38
1734.59,1.9012096062943337e+38
1735.04,1.9371801042991165e+38
1735.49,1.9144322426269812e+38
1735.94,1.7785251053902004e+38
1736.39,1.5274253706836994e+38
1736.84,1.9311232828029843e+38
1737.29,1.580774785543607e+38
1737.74,1.9073921898168198e+38
1738.19,1.023128070228966e+38
1738.64,1.2105145112822575e+38
1739.09,1.6057576510496668e+38
1739.54,1.864919113298603e+38
1739.99,1.8332850631427322e+38
1740.44,1.9170348145110563e+38
1740.9,1.3693674486406534e+38
1741.35,1.7398828207582986e+38
1741.8,1.905680104864166e+38
1742.25,1.5869746884366716e+38
1742.7,1.8860360949212827e+38
1743.15,1.908842078429728e+38
1743.6,1.90007174573752e+38
1744.06,1.9026547952668137e+38
1744.51,1.901122054372348e+38
1744.96,1.655274405981761e+38
1745.41,1.6261102973696557e+38
1745.86,1.8973611333727458e+38
1746.32,1.8995905482234885e+38
1746.77,1.8544281021402546e+38
1747.22,1.0080916093643014e+38
1747.68,1.183640999389182e+38
1748.13,1.0696458240505504e+38
1748.58,1.7576402929826962e+38
1749.04,1.0898080210190638e+38
1749.49,1.7202834055304267e+38
1749.94,1.8260387946879815e+38
1750.4,1.3984920439360403e+38
1750.85,1.8882956818734754e+38
1751.3,1.3959504402020167e+38
1751.76,1.3387515911086984e+38
1752.21,1.884039483547847e+38
1752.67,1.8832587763257577e+38
1753.12,1.3293214114141566e+38
1753.57,1.5453256027737401e+38
1754.03,1.788998597092936e+38
1754.48,1.8472258608454847e+38
1754.94,1.7271100049493375e+38
1755.39,1.8778893545299284e+38
1755.85,1.8002383121800505e+38
1756.3,1.8742607048479215e+38
1756.76,1.8722765592368688e+38
1757.21,1.869476455727541e+38
1757.67,1.8660788902132078e+38
1758.12,1.494995894433382e+38
1758.58,1.149635060402048e+38
1759.04,1.7936594913993706e+38
1759.49,1.861787027863647e+38
1759.95,1.860158709580859e+38
1760.4,1.029200527194435e+38
1760.86,1.0399201658290664e+38
1761.32,1.6259605339733885e+38
1761.77,1.852550263013656e+38
1762.23,1.796718336331114e+38
1762.69,1.844887974431306e+38
1763.14,1.783897923632287e+38
1763.6,1.377621779059614e+38
1764.06,1.715734167553871e+38
1764.51,1.7925447234859147e+38
1764.97,1.342455813672846e+38
1765.43,1.838145985183495e+38
1765.89,1.816561058458639e+38
1766.34,1.7500884555789565e+38
1766.8,1.829784734295412e+38
1767.26,1.8204552178197757e+38
1767.72,1.806508461085974e+38
1768.18,1.764127621886488e+38
1768.64,1.7946096553075596e+38
1769.09,1.8237697164194284e+38
1769.55,9.303363714326248e+37
1770.01,1.7372407182337733e+38
1770.47,9.34350882233749e+37
1770.93,1.6639489576921596e+38
1771.39,1.6827903000914623e+38
1771.85,1.7758652128842233e+38
1772.31,1.813134409579127e+38
1772.77,1.775987889544277e+38
1773.22,1.6855436352834972e+38
1773.68,1.5782652703748744e+38
1774.14,1.8135519472744087e+38
1774.6,1.5935657976011631e+38
1775.06,1.8124248161049192e+38
1775.52,1.7270304704256777e+38
1775.98,7.335335800934721e+37
1776.44,1.7999067265690178e+38
1776.9,1.706946855913373e+38
1777.36,1.806508461085974e+38
1777.82,1.3242500560819607e+38
1778.29,1.804886929882491e+38
1778.75,1.2886055573805323e+38
1779.21,1.7227807087451853e+38
1779.67,1.800984603167497e+38
1780.13,1.761367586528164e+38
1780.59,1.711985176702857e+38
1781.05,1.451242539013618e+38
1781.52,1.7958911074507155e+38
1781.98,1.5734030945534922e+38
1782.44,1.6992215215176803e+38
1782.9,1.6103489706125406e+38
1783.36,1.7909357262044534e+38
1783.82,1.7902348204705345e+38
1784.29,1.78908098542003e+38
1784.75,1.7350020808815703e+38
1785.21,1.7388415131462056e+38
1785.68,1.785459485873572e+38
1786.14,1.7603944877305454e+38
1786.6,1.7829534310971468e+38
1787.06,1.6245010635096383e+38
1787.53,1.7645745044143465e+38
1787.99,1.5728959710650156e+38
1788.45,1.3108107669396816e+38
1788.92,1.4659528427397955e+38
1789.38,1.7755790002972037e+38
1789.84,1.708795139333928e+38
1790.31,1.2749700999437117e+38
1790.77,1.7022760934003543e+38
1791.24,1.623865294121849e+38
1791.7,1.1158093595328903e+38
1792.17,1.2359189750307992e+38
1792.63,1.744857642473692e+38
1793.09,1.3958861557887503e+38
1793.56,1.7479942512245094e+38
1794.02,1.698791189782167e+38
1794.49,1.7662004862714527e+38
1794.95,1.0503644150234816e+38
1795.42,1.7639651472102727e+38
1795.89,1.705807423171997e+38
1796.35,1.7610837104941475e+38
1796.81,1.6594722711948076e+38
1797.28,1.7528308167161417e+38
1797.75,1.5620322638251393e+38
1798.21,1.6985173990588023e+38
1798.68,1.704708002932953e+38
1799.15,1.7481552548591013e+38
1799.61,1.746787196522796e+38
1800.08,1.4392293270225031e+38
1800.55,1.721155068053832e+38
1801.01,1.6561131286369982e+38
1801.48,1.06167111103654e+38
1801.94,1.7032562843841416e+38
1802.41,1.743612605090204e+38
1802.88,1.7023544879166024e+38
1803.35,1.2140316248030383e+38
1803.81,1.7404838587849288e+38
1804.28,1.6687835113653923e+38
1804.75,1.7382010182494063e+38
1805.22,1.5821949718156919e+38
1805.68,1.598159055722824e+38
1806.15,1.6914922021000115e+38
1806.62,1.590559793245101e+38
1807.09,1.6307222617589797e+38
1807.56,1.7116304342219823e+38
1808.03,1.6015850270208706e+38
1808.49,1.702550490002495e+38
1808.96,1.7229790626220625e+38
1809.43,1.2714228139878264e+38
1809.9,1.6932457725640576e+38
1810.37,1.5440807191760804e+38
1810.84,1.7089131827974113e+38
1811.31,1.2645033958826232e+38
1811.78,1.314528480669216e+38
1812.25,1.4521116175877391e+38
1812.72,1.2563770655510487e+38
1813.19,1.4148812781618181e+38
1813.66,1.68189933942853e+38
1814.13,1.6437660258646032e+38
1814.6,1.7010614399399742e+38
1815.07,1.4605620092591146e+38
1815.54,1.5066764496037618e+38
1816.01,1.0830038487197457e+38
1816.48,1.5986375139674822e+38
1816.95,1.5318985320403206e+38
1817.42,1.4331115626574775e+38
1817.89,1.6786494016787839e+38
1818.36,1.6881848557004973e+38
1818.83,1.6912585299580958e+38
1819.31,9.879842015084188e+37
1819.78,1.338628293208592e+38
1820.25,1.6843409212131083e+38
1820.72,1.6876407369071763e+38
1821.19,1.3360108957057632e+38
1821.67,1.1569644110848633e+38
1822.14,1.4405223472245662e+38
1822.61,1.5922087270511634e+38
1823.08,8.5859825205063e+37
1823.55,1.6651754523949798e+38
1824.03,1.6671320471714369e+38
1824.5,1.6788426744586584e+38
1824.97,1.29963081449442e+38
1825.44,1.1369464239065645e+38
1825.92,1.6250996620779852e+38
1826.39,1.5829237673254404e+38
1826.86,1.2849907458229495e+38
1827.34,1.5636156191383975e+38
1827.81,1.6555793468807442e+38
1828.29,1.3493356663101846e+38
1828.76,1.6011794219508298e+38
1829.23,1.1510654010359776e+38
1829.71,1.652836899933595e+38
1830.18,1.3848731652379238e+38
1830.66,1.0185444812672823e+38
1831.13,1.6530272007683346e+38
1831.61,1.4134159893893801e+38
1832.08,1.6550076287699963e+38
1832.56,1.477848788823861e+38
1833.03,1.3746748904492497e+38
1833.51,1.6399477072882704e+38
1833.98,1.6223329914405183e+38
1834.46,1.641874659257883e+38
1834.93,1.2472399121752497e+38
1835.41,1.6376458915274237e+38
1835.88,1.6352343446860766e+38
1836.36,1.5483530716265453e+38
1836.83,1.2178954276469765e+38
1837.31,1.1475193036423201e+38
1837.79,1.2913976744718234e+38
1838.26,7.76551029863293e+37
1838.74,1.2563192085812207e+38
1839.22,1.6326007812996106e+38
1839.69,1.6301215921298861e+38
1840.17,1.1386755619502016e+38
1840.65,1.627121561166564e+38
1841.12,1.6270840957394048e+38
1841.6,9.53388699639527e+37
1842.08,1.5077175843774302e+38
1842.56,8.216748609764406e+37
1843.03,1.3497707108540153e+38
1843.51,8.510204572592405e+37
1843.99,8.432959216576892e+37
1844.47,1.016857274786693e+38
1844.94,8.593696266081744e+37
1845.42,9.68902329350116e+37
1845.9,1.587669127740644e+38
1846.38,1.3420849306652527e+38
1846.86,1.2627867024973126e+38
1847.34,9.579657894986529e+37
1847.82,1.5947771336421708e+38
1848.29,1.586097936092084e+38
1848.77,1.4685204543830478e+38
1849.25,1.1225611295178124e+38
1849.73,1.2987333713340502e+38
1850.21,7.1103339720483525e+37
1850.69,1.1280023385028189e+38
1851.17,9.75506123688692e+37
1851.65,1.597055467767091e+38
1852.13,1.4029106108466782e+38
1852.61,8.512948380644352e+37
1853.09,1.5934557217775743e+38
1853.57,1.588181014299817e+38
1854.05,9.148712920808509e+37
1854.53,1.5785923723744048e+38
1855.01,7.257549389499993e+37
1855.49,1.2049249575711029e+38
1855.97,1.5711585025308812e+38
1856.45,1.5855867209297389e+38
1856.94,1.5797195760383138e+38
1857.42,1.583543507446786e+38
1857.9,1.3571567154507346e+38
1858.38,1.5687003736706606e+38
1858.86,1.474008540973817e+38
1859.34,1.5787014214387278e+38
1859.83,7.361562438665404e+37
1860.31,1.5775022959374404e+38
1860.79,1.4168047362774418e+38
1861.27,1.5677615175472758e+38
1861.76,1.4618741949885496e+38
1862.24,1.5726062596039932e+38
1862.72,1.5643718771485487e+38
1863.2,1.3808293196456747e+38
1863.69,1.5693868163742085e+38
1864.17,1.555464128384584e+38
1864.65,1.4725837373992532e+38
1865.14,8.410464847993805e+37
1865.62,9.960244512900363e+37
1866.1,1.444874079298408e+38
1866.58,7.959577212414382e+37
1867.07,1.4372092377637481e+38
1867.55,1.5595525028269458e+38
1868.04,1.562751771926402e+38
1868.52,1.532568870740804e+38
1869.01,1.5437252223810847e+38
1869.49,1.548887946195999e+38
1869.97,8.67580935257004e+37
1870.46,1.545076545787124e+38
1870.94,1.2819763105687079e+38
1871.43,1.0114862886395225e+38
1871.91,1.5041113900012564e+38
1872.4,1.4902529836239389e+38
1872.88,1.5110540527328314e+38
1873.37,1.5119589495135565e+38
1873.85,1.2576216350747314e+38
1874.34,1.2234606337803036e+38
1874.83,1.5321101862639882e+38
1875.31,1.1888580422650156e+38
1875.8,1.5293961760937871e+38
1876.29,1.2660475000150185e+38
1876.77,1.5400683650658425e+38
1877.26,1.543227664366401e+38
1877.74,1.5426592230012105e+38
1878.23,1.5394656395007045e+38
1878.72,1.53893401871875e+38
1879.2,1.5063989351059611e+38
1879.69,1.5365616863502836e+38
1880.18,1.534687656150354e+38
1880.67,8.2072941717897865e+37
1881.15,7.53876143101991e+37
1881.64,1.1848135164266327e+38
1882.13,7.957561431286145e+37
1882.62,1.3516367767405115e+38
1883.1,1.1262116096749518e+38
1883.59,1.5237369530168732e+38
1884.08,1.512376776932478e+38
1884.57,6.684824346074934e+37
1885.06,6.922930951007544e+37
1885.55,1.517434661256833e+38
1886.04,8.924625478118561e+37
1886.52,9.920418646965468e+37
1887.01,9.247194661456594e+37
1887.5,7.03525753513913e+37
1887.99,1.5054280368352465e+38
1888.48,1.5052893881740842e+38
1888.97,1.5075787248508817e+38
1889.46,7.140029399278503e+37
1889.95,1.5045270487597541e+38
1890.44,1.4446412118796686e+38
1890.93,8.67660846094114e+37
1891.42,8.859720065523045e+37
1891.91,8.602605353531558e+37
1892.4,1.0433259272882047e+38
1892.89,7.116721977973922e+37
1893.38,1.4948237865778848e+38
1893.87,8.777078851745707e+37
1894.36,1.0575964880825173e+38
1894.85,1.448438299900699e+38
1895.34,6.441840982314269e+37
1895.84,1.3643003796971994e+38
1896.33,9.23953255464423e+37
1896.82,6.226586131343399e+37
1897.31,1.0995373843717736e+38
1897.8,1.4863462782069313e+38
1898.29,1.4846702288962606e+38
1898.79,8.143104348026888e+37
1899.28,5.95566141871984e+37
1899.77,1.3568442545433329e+38
1900.26,1.4828594868540737e+38
1900.76,1.4779168478427803e+38
1901.25,1.3191676726401533e+38
1901.74,1.4804031482434017e+38
1902.23,1.4465385099960205e+38
1902.73,1.467168519744723e+38
1903.22,7.947673180408378e+37
1903.71,9.389014288861977e+37
1904.21,1.0021667740568859e+38
1904.7,1.476148331578157e+38
1905.19,1.210849035016502e+38
1905.69,1.422034064686296e+38
1906.18,1.4731941987831725e+38
1906.68,1.0477073725917486e+38
1907.17,1.3455814767342183e+38
1907.66,6.95280421183197e+37
1908.16,1.458243334549303e+38
1908.65,1.1986434044000867e+38
1909.15,1.4096457944424081e+38
1909.64,1.4527135922294518e+38
1910.14,1.1858233560934024e+38
1910.63,1.4086075116012518e+38
1911.13,1.4590158168362086e+38
1911.62,6.474854297330008e+37
1912.12,1.4570686026964698e+38
1912.61,1.455660173575608e+38
1913.11,1.4531150472893953e+38
1913.61,7.350383523354671e+37
1914.1,7.519691088652604e+37
1914.6,1.4483048999465945e+38
1915.09,7.323859428179948e+37
1915.59,1.2472111937455834e+38
1916.09,1.2422814491513862e+38
1916.58,8.7120427934047e+37
1917.08,7.496007285874668e+37
1917.58,1.1578172081102693e+38
1918.07,1.047056217471584e+38
1918.57,7.067730808475871e+37
1919.07,1.203510822510832e+38
1919.56,7.293399450702195e+37
1920.06,1.2991521009957619e+38
1920.56,1.4270526619341347e+38
1921.06,1.0018206976844076e+38
1921.56,6.579910706402375e+37
1922.05,1.0817826206111181e+38
1922.55,1.4309353082382207e+38
1923.05,6.534464456368234e+37
1923.55,1.3939910967971629e+38
1924.05,9.353625981161922e+37
1924.55,6.486643049555928e+37
1925.05,1.4255747681521726e+38
1925.54,1.378605478426222e+38
1926.04,6.122376030026265e+37
1926.54,1.4219030965401364e+38
1927.04,1.3750231181978581e+38
1927.54,1.084326321022828e+38
1928.04,8.4707136345670335e+37
1928.54,8.99352611332997e+37
1929.04,9.752141632264138e+37
1929.54,1.2216308739634265e+38
1930.04,1.1493174483774887e+38
1930.54,1.1311755254720288e+38
1931.04,1.3933813713889594e+38
1931.54,5.928570654587064e+37
1932.04,1.4091265573924474e+38
1932.54,1.3793992959893022e+38
1933.04,1.4128302988662414e+38
1933.55,1.3534742572187144e+38
1934.05,1.4109772128638938e+38
1934.55,1.4102626369487421e+38
1935.05,1.4005544572422203e+38
1935.55,1.4083156323665226e+38
1936.05,1.3687369768084871e+38
1936.55,1.0763165047372729e+38
1937.06,9.055032220461097e+37
1937.56,1.2719498838656827e+38
1938.06,9.369793076748782e+37
1938.56,1.3997162352653855e+38
1939.06,1.0051942600951307e+38
1939.57,1.1536657513340257e+38
1940.07,7.221542974107288e+37
1940.57,8.415889023429116e+37
1941.08,1.3992006557264355e+38
1941.58,7.597662541811745e+37
1942.08,1.3976228744725615e+38
1942.58,1.3958861557887503e+38
1943.09,1.3563132360907054e+38
1943.59,7.266746330643898e+37
1944.1,1.390368756438005e+38
1944.6,1.3409420196302985e+38
1945.1,1.38503261383165e+38
1945.61,1.3020270292440886e+38
1946.11,1.388832912994091e+38
1946.62,1.3493356663101846e+38
1947.12,1.3614760312491837e+38
1947.63,1.3754031036205129e+38
1948.13,9.718069485458118e+37
1948.64,1.2048417271784606e+38
1949.14,1.3794310581975266e+38
1949.65,7.642052202363603e+37
1950.15,1.3638606520964073e+38
1950.66,1.376480299334721e+38
1951.16,1.1819524358201699e+38
1951.67,1.3731880013832725e+38
1952.17,1.349801790831023e+38
1952.68,5.877058314802922e+37
1953.19,8.611127110845375e+37
1953.69,1.3259587085797696e+38
1954.2,5.947986854124915e+37
1954.7,8.841582425787535e+37
1955.21,1.1436680799117147e+38
1955.72,1.2261115965412e+38
1956.22,1.3568442545433329e+38
1956.73,1.350174806380486e+38
1957.24,1.1273531950168809e+38
1957.75,1.2986137590784629e+38
1958.25,1.3591581698606362e+38
1958.76,7.286349517598539e+37
1959.27,6.4638311030704065e+37
1959.78,1.229957202433212e+38
1960.29,5.812995677253907e+37
1960.79,1.292349562088097e+38
1961.3,7.436010596829751e+37
1961.81,1.1050196476420262e+38
1962.32,1.1907209641546554e+38
1962.83,1.0235522092180372e+38
1963.33,1.3078260992971148e+38
1963.84,1.2916355806258575e+38
1964.35,7.066591716666214e+37
1964.86,7.981968324408332e+37
1965.37,7.028295292382525e+37
1965.88,1.3492735285371593e+38
1966.39,1.3499261178956858e+38
1966.9,1.306200964174271e+38
1967.41,1.3486212546573058e+38
1967.92,1.1811906485211414e+38
1968.43,1.2704278333790696e+38
1968.94,1.3453646121024278e+38
1969.45,1.2777032515362687e+38
1969.96,1.3139837670963515e+38
1970.47,1.3442189081115358e+38
1970.98,1.3428886400567133e+38
1971.49,1.22913617306016e+38
1972.0,1.2615660698092272e+38
1972.52,1.2425103069290002e+38
1973.03,1.33758071943579e+38
1973.54,1.3093628056608524e+38
1974.05,1.3333679136721789e+38
1974.56,1.313711494960055e+38
1975.07,1.3363801001635845e+38
1975.58,1.2912192736135256e+38
1976.1,6.733176515694737e+37
1976.61,1.3307608017014371e+38
1977.12,1.3136509977029731e+38
1977.63,1.2173907568243017e+38
1978.15,1.3291377715599041e+38
1978.66,8.420347212981665e+37
1979.17,1.2136403303186235e+38
1979.69,1.1374177464329379e+38
1980.2,1.3128345573536534e+38
1980.71,1.3231223331133737e+38
1981.22,1.3165276964260886e+38
1981.74,1.3196233757054753e+38
1982.25,1.2955971977420265e+38
1982.77,6.647984527476951e+37
1983.28,1.3156488789297856e+38
1983.79,1.1976502238593192e+38
1984.31,5.883151062888617e+37
1984.82,8.86604640352761e+37
1985.34,1.2913976744718234e+38
1985.85,1.2860563556131812e+38
1986.36,1.2412521106868148e+38
1986.88,1.1519934240465545e+38
1987.4,6.337383663615484e+37
1987.91,8.417827076608062e+37
1988.43,1.302356854095165e+38
1988.94,1.3013376653553925e+38
1989.46,1.2002452612936009e+38
1989.97,6.225439257425175e+37
1990.49,1.283571306121558e+38
1991.0,1.2991521009957619e+38
1991.52,6.222859563405281e+37
1992.04,5.9743408983915e+37
1992.55,1.2674475609830571e+38
1993.07,1.2855826422088603e+38
1993.58,1.2776149939707973e+38
1994.1,6.258784523715756e+37
1994.62,1.2915760999787922e+38
1995.14,1.0730253939699828e+38
1995.65,6.557374688960133e+37
1996.17,1.2888429491602169e+38
1996.69,1.2881902269748715e+38
1997.2,1.2812090567773449e+38
1997.72,1.2491080292324911e+38
1998.24,1.2106817615953393e+38
1998.76,1.2550181309153095e+38
1999.28,1.2597373327066044e+38
1999.8,1.0079523459817597e+38
2000.31,6.503243267338388e+37
2000.83,1.1690416923894861e+38
2001.35,1.2558275318984435e+38
2001.87,6.777195284635174e+37
2002.39,8.70302036962455e+37
2002.91,1.2730339915578106e+38
2003.43,1.2774384971286725e+38
2003.94,1.2752343427657907e+38
2004.46,1.2689660409204967e+38
2004.98,1.1996650315500923e+38
2005.5,1.0647312479073503e+38
2006.02,1.0376478725675547e+38
2006.54,1.2695797887759862e+38
2007.06,1.230552083281887e+38
2007.58,1.2407377613349518e+38
2008.1,1.2668056742874325e+38
2008.62,1.0334750585252065e+38
2009.14,6.870368000718126e+37
2009.67,1.2616532187160013e+38
2010.19,1.1061142822180718e+38
2010.71,1.0758209567823349e+38
2011.23,1.092773110674016e+38
2011.75,1.259418301346767e+38
2012.27,7.736953736858267e+37
2012.79,1.2126068018925953e+38
2013.31,6.424066086129006e+37
2013.84,1.2515551741225404e+38
2014.36,1.2453172387020045e+38
2014.88,1.2555673103846836e+38
2015.4,8.659643233600654e+37
2015.93,1.1917632799020408e+38
2016.45,1.1895973827019972e+38
2016.97,1.2222780143884263e+38
2017.49,1.1671858126735637e+38
2018.02,8.043220966988253e+37
2018.54,1.2364028571932692e+38
2019.06,1.1660575895514596e+38
2019.58,1.249338144628455e+38
2020.11,1.2490505070064486e+38
2020.63,1.2401094015619112e+38
2021.16,1.2459195485826558e+38
2021.68,1.2327925466104615e+38
2022.2,1.2424816974012857e+38
2022.73,9.69415590662156e+37
2023.25,1.2450018592639447e+38
2023.78,1.230552083281887e+38
2024.3,1.241852454428503e+38
2024.82,1.2409949093633875e+38
2025.35,1.2233479540807912e+38
2025.88,9.884392898272342e+37
2026.4,1.2016278904695157e+38
2026.93,1.2379696566316877e+38
2027.45,1.2354068356206914e+38
2027.98,1.2131932910500977e+38
2028.5,1.069719715118494e+38
2029.03,1.2317427082782241e+38
2029.55,1.2317710705287491e+38
2030.08,1.0213862334319225e+38
2030.61,1.2294475334590817e+38
2031.13,1.211044216551508e+38
2031.66,1.220646752406997e+38
2032.19,1.0766387333062685e+38
2032.71,1.172060419337671e+38
2033.24,1.2226439410408171e+38
2033.77,9.321375428329524e+37
2034.29,1.1653328792080123e+38
2034.82,1.0928234358942796e+38
2035.35,6.164530419598811e+37
2035.88,1.020704430766578e+38
2036.4,1.2088432783937248e+38
2036.93,1.2135564979101335e+38
2037.46,8.291440718516696e+37
2037.99,6.19269940826684e+37
2038.52,1.2137521158717692e+38
2039.04,1.1913242989522729e+38
2039.57,7.422154663961736e+37
2040.1,6.312334431365381e+37
2040.63,1.146330902058591e+38
2041.16,6.304055094075946e+37
2041.69,1.2092330262420489e+38
2042.22,1.2083423585955688e+38
2042.74,1.1826330182035727e+38
2043.28,1.2068408442822905e+38
2043.8,1.1856868409928757e+38
2044.33,1.2046475452860607e+38
2044.86,9.07862337821228e+37
2045.39,1.12134693416081e+38
2045.92,1.2010193375165157e+38
2046.45,6.414458504437519e+37
2046.98,1.1997479043369377e+38
2047.52,1.001590046499684e+38
2048.05,1.190364591770416e+38
2048.58,1.1973469162017565e+38
2049.11,1.1854684495204777e+38
2049.64,1.0606448803520036e+38
2050.17,9.745856220593886e+37
2050.7,1.2025966784562825e+38
2051.23,1.1749246082669586e+38
2051.76,1.1437734204856346e+38
2052.3,1.2007981219540188e+38
2052.83,1.0672594280459707e+38
2053.36,1.1610207991692264e+38
2053.89,1.1964925532810301e+38
2054.43,1.1966027593928097e+38
2054.96,1.1938231603058425e+38
2055.49,1.1917358388543526e+38
2056.02,1.1919553849288508e+38
2056.55,6.285791914637999e+37
2057.09,1.1908032190858732e+38
2057.62,7.208584604895765e+37
2058.16,1.1645013597971803e+38
2058.69,9.893956577386934e+37
2059.22,5.408041305529934e+37
2059.76,1.0110438691064086e+38
2060.29,5.748439963968034e+37
2060.82,1.1853592688693105e+38
2061.36,1.1535860616795945e+38
2061.89,1.1701189155825395e+38
2062.43,5.436006908550317e+37
2062.96,1.1831505228972325e+38
2063.5,1.1783111844644306e+38
2064.03,1.1348801502449332e+38
2064.56,1.1740592106860731e+38
2065.1,1.162197668875276e+38
2065.64,1.0880027673561371e+38
2066.17,1.1773890704621294e+38
2066.71,1.1748975549395303e+38
2067.24,1.1698225802917471e+38
2067.78,1.1734646196273074e+38
2068.31,1.1764676780809451e+38
2068.85,6.3042002519800285e+37
2069.39,1.169391681105609e+38
2069.92,1.1748705022350207e+38
2070.46,1.1401710246166812e+38
2071.0,1.1691224497179394e+38
2071.53,1.1240354285333808e+38
2072.07,1.1655743992630135e+38
2072.61,1.155074509950126e+38
2073.14,1.1669439587156766e+38
2073.68,1.1705231301397042e+38
2074.22,1.1691224497179394e+38
2074.76,1.1491322152202536e+38
2075.29,1.1662724050819665e+38
2075.83,1.0928737634321584e+38
2076.37,1.1427204512192315e+38
2076.91,9.711135189209413e+37
2077.45,1.157630605064033e+38
2077.98,9.822680091010094e+37
2078.52,1.0874267195462448e+38
2079.06,1.1054522806118854e+38
2079.6,6.50519021394995e+37
2080.14,1.1491586752719798e+38
2080.68,1.1549149415321071e+38
2081.22,1.1541440048779709e+38
2081.76,1.1259263940097724e+38
2082.3,1.153187695968515e+38
2082.84,1.152152588814134e+38
2083.38,1.124164845344141e+38
2083.92,1.1284959375277668e+38
2084.46,1.1507738910912903e+38
2085.0,5.282262749288113e+37
2085.54,8.681204762660951e+37
2086.08,1.1472551079758986e+38
2086.62,1.130186199753457e+38
2087.16,1.1429836026221273e+38
2087.7,6.950243175887948e+37
2088.24,1.1352199116489306e+38
2088.78,1.1307848987493675e+38
2089.32,7.570420445717581e+37
2089.87,9.952908236644294e+37
2090.41,1.1390689144820855e+38
2090.95,6.270901800897627e+37
2091.49,1.134749499860118e+38
2092.03,5.969115741933286e+37
2092.57,1.056476886404534e+38
2093.12,1.1326611380767822e+38
2093.66,6.572490998784145e+37
2094.2,7.928481186657706e+37
2094.75,1.0834029155889033e+38
2095.29,1.1259523197215485e+38
2095.83,8.141791940449494e+37
2096.38,7.904965884764858e+37
2096.92,1.0961752698740065e+38
2097.46,1.1262894083039164e+38
2098.0,7.842959998847438e+37
2098.55,8.05749417091448e+37
2099.09,1.1242166162404982e+38
2099.64,1.106521864854142e+38
2100.18,1.1176864862884627e+38
2100.73,1.0913398157080303e+38
2101.27,1.1162719196634538e+38
2101.81,1.0676772772823805e+38
2102.36,1.1195925502098788e+38
2102.9,1.1149875036336479e+38
2103.45,1.0097642715347985e+38
2103.99,1.0063985444885615e+38
2104.54,5.438385633857865e+37
2105.08,1.1164261489819034e+38
2105.63,8.115401296216349e+37
2106.18,1.088930093333431e+38
2106.72,1.0949896142440868e+38
2107.27,1.1132430692197728e+38
2107.81,1.0512596610990438e+38
2108.36,1.0499291656076411e+38
2108.91,9.628308565914014e+37
2109.45,1.0116726284615359e+38
2110.0,1.1090726611910445e+38
2110.55,1.1077710211803987e+38
2111.09,1.1054013738252212e+38
2111.64,1.0992842356786775e+38
2112.19,1.1042057389680808e+38
2112.74,1.0993854881612129e+38
2113.28,1.0837522197234973e+38
2113.83,1.0996639805786237e+38
2114.38,9.740023394297894e+37
2114.93,9.863021958170883e+37
2115.48,1.0133512323888503e+38
2116.02,1.1004238639695168e+38
2116.57,1.0996639805786237e+38
2117.12,9.912655199530134e+37
2117.67,1.096452949090369e+38
2118.22,8.85849613451014e+37
2118.77,1.093780055547947e+38
2119.32,8.381659231782734e+37
2119.87,1.095191337363932e+38
2120.42,1.058400411425241e+38
2120.97,9.184806261393402e+37
2121.51,1.065442459283354e+38
2122.06,1.0575721363037923e+38
2122.61,1.0892310174097471e+38
2123.17,1.0052174058148006e+38
2123.72,1.0829539756977709e+38
2124.26,7.215725442590224e+37
2124.82,1.0067925657099139e+38
2125.37,1.075152328935748e+38
2125.92,1.020563424978744e+38
2126.47,1.0856504082167654e+38
2127.02,1.0847008987498077e+38
2127.57,1.0821064856306266e+38
2128.12,9.236554561276235e+37
2128.67,1.0722597402590809e+38
2129.23,1.075276117547726e+38
2129.78,1.078152017721345e+38
2130.33,9.062123990047932e+37
2130.88,1.0768122809530325e+38
2131.43,1.0592293352397227e+38
2131.99,1.0741130670597916e+38
2132.54,1.0400638460342139e+38
2133.09,1.0730501015771943e+38
2133.65,1.0713466106489837e+38
2134.2,1.070163168730766e+38
2134.75,1.0683904565254961e+38
2135.3,1.0687595292492272e+38
2135.86,1.0662523466770799e+38
2136.41,1.0677018617432367e+38
2136.97,8.475200866625717e+37
2137.52,1.0556987321848309e+38
2138.07,6.794382617578028e+37
2138.63,9.945806371983422e+37
2139.18,1.0621112280901757e+38
2139.74,1.0350944977185314e+38
2140.29,1.0524948997993552e+38
2140.84,1.0609868469802018e+38
2141.4,1.0223744792745655e+38
2141.96,9.547067650817994e+37
2142.51,1.0554799795972455e+38
2143.06,1.0515259624532992e+38
2143.62,9.795576485168518e+37
2144.18,6.573247728334071e+37
2144.73,1.041261953341708e+38
2145.29,1.0171851236832077e+38
2145.84,1.0538529122315343e+38
2146.4,1.015991325565617e+38
2146.96,8.913740775071733e+37
2147.51,1.052301040929634e+38
2148.07,1.0503886008363629e+38
2148.63,8.116335670104649e+37
2149.18,1.0280636411166455e+38
2149.74,1.0486486449610307e+38
2150.3,1.0289161878641737e+38
2150.85,1.0483830722940092e+38
2151.41,1.0330705947670804e+38
2151.97,1.0474420383041066e+38
2152.53,6.453866831981826e+37
2153.08,1.0336654492014064e+38
2153.64,1.0447923884295033e+38
2154.2,1.044912681522945e+38
2154.76,1.0330230212034821e+38
2155.32,1.0330943823704502e+38
2155.88,1.0427495233546171e+38
2156.44,1.0348085300490038e+38
2156.99,1.0289872653313634e+38
2157.55,1.0398722768383096e+38
2158.11,1.0377912388221002e+38
2158.67,1.009834025988782e+38
2159.23,7.656142356275631e+37
2159.79,1.0193187195456049e+38
2160.35,1.0229396204309553e+38
2160.91,1.0336892505019633e+38
2161.47,1.0252741317142524e+38
2162.03,8.041369160123693e+37
2162.59,9.764724619202612e+37
2163.15,1.0305522124471554e+38
2163.71,9.134609789987033e+37
2164.27,1.029366428089507e+38
2164.83,1.0169275192248898e+38
2165.4,1.0277322859655951e+38
2165.96,9.716950715764382e+37
2166.52,1.0256755430316619e+38
2167.08,1.0191779051876107e+38
2167.64,6.262532605365464e+37
2168.2,1.0235050739821995e+38
2168.76,9.656505673696367e+37
2169.33,1.0198821715600785e+38
2169.89,1.0184272237503372e+38
2170.45,9.101437686226622e+37
2171.01,1.0192952491349253e+38
2171.58,9.813185309048912e+37
2172.14,1.017981768283546e+38
2172.7,1.0130945988722686e+38
2173.27,1.016459314611977e+38
2173.83,1.0109740310823095e+38
2174.39,9.814315158797451e+37
2174.96,9.9085475990409e+37
2175.52,9.989873756095471e+37
2176.08,1.0065375931906645e+38
2176.65,1.0100898335486506e+38
2177.21,1.0092528860766792e+38
2177.78,1.0056572757640326e+38
2178.34,1.0083237577615484e+38
2178.91,1.008068397464411e+38
2179.47,9.974933292078988e+37
2180.03,9.794223269743849e+37
2180.6,1.0027669229965806e+38
2181.17,6.6579418846548465e+37
2181.73,1.0035060612457036e+38
2182.3,1.0027438337007297e+38
2182.86,9.983435122259069e+37
2183.43,9.510207658428892e+37
2183.99,1.0002993808675956e+38
2184.56,9.69214716906758e+37
2185.12,9.984354672960834e+37
2185.69,8.699013403340035e+37
2186.26,9.189460175613037e+37
2186.82,9.9632264195441e+37
2187.39,9.516998481129367e+37
2187.96,9.946493427677966e+37
2188.53,9.604173566054498e+37
2189.09,9.887579763710364e+37
2189.66,9.90193337815012e+37
2190.23,9.935277458897688e+37
2190.79,9.063167365688715e+37
2191.36,9.461064429007838e+37
2191.93,8.452009956867163e+37
2192.5,9.914481346286949e+37
2193.07,9.894412221416944e+37
2193.64,9.819061948457354e+37
2194.21,9.716950715764382e+37
2194.77,9.892589771189238e+37
2195.34,9.843283645969469e+37
2195.91,9.8616594254534e+37
2196.48,9.47152696459422e+37
2197.05,9.848044446522106e+37
2197.62,9.847817689529466e+37
2198.19,9.827430926451559e+37
2198.76,9.825620813497856e+37
2199.33,8.7401724164524e+37
2199.9,9.757532354265771e+37
2200.47,9.80889306612707e+37
2201.04,9.755285858058882e+37
2201.61,9.711135189209413e+37
2202.18,9.482874434986997e+37
2202.75,9.688800198063569e+37
2203.32,9.74406113287256e+37
2203.89,8.742990369328659e+37
2204.46,9.232301949982653e+37
2205.03,9.706887582548965e+37
2205.61,9.731504773247064e+37
2206.18,9.695718545873466e+37
2206.75,9.67653785655305e+37
2207.32,9.613908844638168e+37
2207.89,9.6961650604947e+37
2208.47,9.62143831827173e+37
2209.04,9.64028781172183e+37
2209.61,6.128440867429322e+37
2210.18,9.66206600543864e+37
2210.76,8.814750009255246e+37
2211.33,9.516998481129367e+37
2211.9,9.544430062952556e+37
2212.48,9.62454040350409e+37
2213.05,9.390311518729696e+37
2213.62,9.608154987917217e+37
2214.2,9.599530659021615e+37
2214.77,9.538717788792863e+37
2215.34,8.984832806745911e+37
2215.92,8.785166564072746e+37
2216.49,9.383611093091048e+37
2217.07,9.430180380454906e+37
2217.64,9.522259222311952e+37
2218.22,8.495325038376978e+37
2218.79,9.429963245027181e+37
2219.37,9.001606000762762e+37
2219.94,9.505391304714157e+37
2220.52,9.476326159347936e+37
2221.09,9.300793455044592e+37
2221.67,9.47588976844913e+37
2222.25,9.478071923921864e+37
2222.82,9.428226341583085e+37
2223.4,9.458886189204705e+37
2223.97,9.448220061190273e+37
2224.55,9.442782793644735e+37
2225.13,9.41260859991687e+37
2225.7,9.295226995678655e+37
2226.28,9.418462219026969e+37
2226.86,9.420631149795286e+37
2227.43,7.77911156470183e+37
2228.01,9.236767243253167e+37
2228.59,8.935523472640282e+37
2229.17,9.135240808271414e+37
2229.74,9.390527741132323e+37
2230.32,9.305077615105698e+37
2230.9,9.36526347533399e+37
2231.48,9.38296291858792e+37
2232.06,9.368282966242152e+37
2232.64,9.34092747208506e+37
2233.21,8.7351426166051e+37
2233.79,9.327387078878628e+37
2234.37,8.47656701770384e+37
2234.95,9.33920696812595e+37
2235.53,9.34307854776241e+37
2236.11,9.336626806355564e+37
2236.69,7.44046366191921e+37
2237.27,9.319873121197036e+37
2237.85,9.30229268665054e+37
2238.43,8.962310788777181e+37
2239.01,8.918668051594672e+37
2239.59,9.286669716609753e+37
2240.17,9.22847627389051e+37
2240.75,9.271286461762146e+37
2241.33,9.261898130960092e+37
2241.91,9.25507622580929e+37
2242.49,9.224864590991266e+37
2243.07,9.236341884196277e+37
2243.66,9.230176378623015e+37
2244.24,9.076115208402129e+37
2244.82,7.593814778280091e+37
2245.4,9.185440747246802e+37
2245.98,9.19771609246368e+37
2246.56,9.097247284228183e+37
2247.15,9.179943325663912e+37
2247.73,9.170436331618313e+37
2248.31,8.936140738053918e+37
2248.89,9.137975724590289e+37
2249.48,9.123468984666246e+37
2250.06,9.139448710963647e+37
2250.64,9.10898527451483e+37
2251.23,9.123679062721571e+37
2251.81,8.921543553940722e+37
2252.39,9.086570489581407e+37
2252.98,8.077556417133267e+37
2253.56,8.820434921008822e+37
2254.15,9.084896835594973e+37
2254.73,9.067759645839114e+37
2255.31,9.069430142747768e+37
2255.9,9.043571988522405e+37
2256.48,8.947670855891347e+37
2257.07,9.045029757584947e+37
2257.65,9.035454432205222e+37
2258.24,7.7866382714574545e+37
2258.82,8.94581679839093e+37
2259.41,8.818201125697572e+37
2260.0,9.011560443397019e+37
2260.58,8.973461420605172e+37
2261.17,8.645497708105831e+37
2261.75,9.002642408611455e+37
2262.34,6.545306676856136e+37
2262.93,8.989799381034791e+37
2263.51,8.916614688795455e+37
2264.1,8.953647655495901e+37
2264.69,8.972221776728778e+37
2265.27,8.900614675270839e+37
2265.86,8.849933350369428e+37
2266.45,8.95282303204705e+37
2267.03,8.94375718508139e+37
2267.62,8.942521644713178e+37
2268.21,8.032486420168929e+37
2268.8,8.923187114369025e+37
2269.39,8.923803527587934e+37
2269.97,8.872377258893019e+37
2270.56,8.911688546689106e+37
2271.15,8.90594482051041e+37
2271.74,8.880961758716218e+37
2272.33,8.842600409180739e+37
2272.92,8.888121853060893e+37
2273.51,8.882393315994017e+37
2274.09,8.118578606386372e+37
2274.68,8.869313377494731e+37
2275.27,8.864209259526868e+37
2275.86,8.8029857736257e+37
2276.45,8.833239381258216e+37
2277.04,8.39672635534217e+37
2277.63,8.370280267512665e+37
2278.22,8.2881957565356345e+37
2278.81,8.828562584146575e+37
2279.41,8.709435355091825e+37
2280.0,8.808257453664491e+37
2280.59,8.758102023493643e+37
2281.18,8.799743231150306e+37
2281.77,8.778291533768284e+37
2282.36,8.793059258886802e+37
2282.95,8.78091958630367e+37
2283.54,8.7797065412273e+37
2284.14,8.754674427607898e+37
2284.73,8.749636282134074e+37
2285.32,8.707630662652353e+37
2285.91,8.753061905504812e+37
2286.5,8.7439970012386e+37
2287.1,8.664430051826429e+37
2287.69,7.735706787749398e+37
2288.28,8.681804459753695e+37
2288.88,8.70883374939023e+37
2289.47,8.699614330652727e+37
2290.06,8.558152085664927e+37
2290.66,8.67501031779615e+37
2291.25,8.568602574010131e+37
2291.84,8.66064026926459e+37
2292.44,8.531786910603609e+37
2293.03,8.640124490119324e+37
2293.63,8.557363887026762e+37
2294.22,8.61529196682054e+37
2294.81,8.56110847719863e+37
2295.41,8.59211339452086e+37
2296.0,8.585784823228715e+37
2296.6,7.239857196767878e+37
2297.2,8.386678599847067e+37
2297.79,5.084637545359193e+37
2298.39,8.590926432182073e+37
2298.98,8.433541764882533e+37
2299.58,8.474810578189012e+37
2300.17,8.567813412890744e+37
2300.77,8.484182463131502e+37
2301.37,8.541221802928615e+37
2301.96,8.546927105673466e+37
2302.56,8.53080470887689e+37
2303.16,8.468178423963513e+37
2303.75,7.886966569770722e+37
2304.35,8.519223264285448e+37
2304.95,8.513928526466965e+37
2305.54,8.5037405236053165e+37
2306.14,8.498846785730467e+37
2306.74,8.439952452855847e+37
2307.34,8.076626507614462e+37
2307.94,8.465643972126382e+37
2308.53,8.435095423779408e+37
2309.13,8.455319054743134e+37
2309.73,8.451620736386729e+37
2310.33,8.442284820113787e+37
2310.93,8.430629425722337e+37
2311.53,8.422868103835744e+37
2312.13,8.41569524265395e+37
2312.73,8.401367840178248e+37
2313.32,8.246506393114616e+37
2313.93,7.704243488881624e+37
2314.52,8.356799836577252e+37
2315.12,8.379150674384122e+37
2315.72,8.363537336059165e+37
2316.32,7.43960709619237e+37
2316.93,8.19256696619301e+37
2317.52,8.1487313485050395e+37
2318.13,8.258097383868966e+37
2318.73,8.266658555858757e+37
2319.33,8.276753097066605e+37
2319.93,6.164814313252632e+37
2320.53,8.243279016759808e+37
2321.13,8.241570917128607e+37
2321.73,8.23019262778028e+37
2322.33,7.840432134723892e+37
2322.94,7.393839176594822e+37
2323.54,8.181256331559854e+37
2324.14,8.16883266845465e+37
2324.74,8.068076361417754e+37
2325.35,8.144979582981313e+37
2325.95,8.144604501446555e+37
2326.55,8.083696505748419e+37
2327.16,8.130176988564409e+37
2327.76,7.840251604180718e+37
2328.36,7.298607347767361e+37
2328.97,8.149106620092503e+37
2329.57,8.150795556116031e+37
2330.17,8.137293862928192e+37
2330.78,8.066776045948473e+37
2331.38,8.064176043683737e+37
2331.98,7.201285016304205e+37
2332.59,8.141791940449494e+37
2333.19,7.116230389214827e+37
2333.8,8.046370017397997e+37
2334.4,8.126808010394225e+37
2335.01,7.990979195810977e+37
2335.61,8.125124044858523e+37
2336.22,8.132423749872181e+37
2336.82,8.126246649773761e+37
2337.43,7.47343049818137e+37
2338.03,8.111851656351895e+37
2338.64,7.766762051887348e+37
2339.25,7.878072986171553e+37
2339.85,7.96874629146575e+37
2340.46,8.0250916327207325e+37
2341.07,7.7093897129861245e+37
2341.67,8.039517779604466e+37
2342.28,8.056010062332998e+37
2342.89,8.053598968886425e+37
2343.5,8.042850571503039e+37
2344.1,7.892780042999228e+37
2344.71,7.925560764238063e+37
2345.32,8.021950909880543e+37
2345.93,7.969847290503511e+37
2346.53,8.020104000063811e+37
2347.14,8.003685224310324e+37
2347.75,7.433956235005281e+37
2348.36,7.978660760861085e+37
2348.97,7.723248344572212e+37
2349.58,7.996316951531626e+37
2350.19,7.994107792726827e+37
2350.79,7.985093393423059e+37
2351.4,7.981233191811925e+37
2352.01,7.9151654989858e+37
2352.62,7.975538209339856e+37
2353.23,7.784307798634941e+37
2353.84,7.967828908454515e+37
2354.45,7.441148985507533e+37
2355.06,7.8474760692468745e+37
2355.67,7.883879903950673e+37
2356.28,7.94236789570772e+37
2356.89,7.915712278133305e+37
2357.5,7.926655796562594e+37
2358.12,7.86393653655183e+37
2358.73,7.846211307478324e+37
2359.34,7.904055844321627e+37
2359.95,7.831951691169819e+37
2360.56,7.875715147737688e+37
2361.17,7.834116038397291e+37
2361.78,7.8664719788207e+37
2362.4,7.839890555564864e+37
2363.01,7.816997984849633e+37
2363.62,7.824201022674675e+37
2364.24,7.72573842701563e+37
2364.85,7.834657218652899e+37
2365.46,7.720581289706666e+37
2366.07,7.744261333399093e+37
2366.69,7.47205396819572e+37
2367.3,7.724849019708262e+37
2367.91,7.802432136953368e+37
2368.53,7.800456153174795e+37
2369.14,7.789148791692847e+37
2369.76,7.7613988153405155e+37
2370.37,7.784307798634941e+37
2370.98,7.687586226486002e+37
2371.6,7.257716502674241e+37
2372.21,7.768908384063068e+37
2372.83,7.75782538197452e+37
2373.44,7.747114950334905e+37
2374.06,7.750148070475435e+37
2374.67,6.796729719504505e+37
2375.29,7.740695790318242e+37
2375.91,7.5840292619553e+37
2376.52,7.697859851607683e+37
2377.14,7.2657424618838e+37
2377.75,7.711165069956785e+37
2378.37,7.70371131697605e+37
2378.99,7.683692921964257e+37
2379.6,7.682631453882602e+37
2380.22,7.678033453075659e+37
2380.83,7.620614627097553e+37
2381.45,7.528700139918603e+37
2382.07,7.658434458816688e+37
2382.69,7.262397234153625e+37
2383.3,7.616755239701814e+37
2383.92,7.50308730713049e+37
2384.54,7.626231772640962e+37
2385.16,7.3926475265622715e+37
2385.78,7.583680012542671e+37
2386.4,7.46672230886983e+37
2387.01,7.18455708792598e+37
2387.63,7.605013686927068e+37
2388.25,7.597662541811745e+37
2388.87,7.588745703539806e+37
2389.49,7.502050788913229e+37
2390.11,7.41054246025644e+37
2390.73,7.585077106699548e+37
2391.35,7.579490273865649e+37
2391.97,7.561883809164194e+37
2392.59,7.57251251920687e+37
2393.21,7.563973523567606e+37
2393.83,7.564496042394976e+37
2394.45,7.433613896551816e+37
2395.07,7.55353072325203e+37
2395.69,7.531821171741776e+37
2396.31,7.112298901382142e+37
2396.93,7.534596508410814e+37
2397.55,7.401845231567775e+37
2398.17,7.519171664735019e+37
2398.79,7.245861024214756e+37
2399.42,7.470505675022405e+37
2400.04,7.30348261801506e+37
2400.66,7.46947365781292e+37
2401.28,7.485141246454884e+37
2401.91,7.471537834820062e+37
2402.53,7.262898920109289e+37
2403.15,7.032180345276063e+37
2403.77,7.451607995054264e+37
2404.4,7.172821115355894e+37
2405.02,7.432929266938873e+37
2405.64,7.057648095250379e+37
2406.27,7.4307046561319515e+37
2406.89,7.41788335778862e+37
2407.51,7.345138681571144e+37
2408.14,7.350722028819547e+37
2408.76,7.297094994674174e+37
2409.39,7.386011848457734e+37
2410.01,7.0357435302984275e+37
2410.64,7.394349942551811e+37
2411.26,7.09937308923782e+37
2411.89,7.266746330643898e+37
2412.51,7.374625996453257e+37
2413.14,7.370721468559248e+37
2413.76,7.3649533441768e+37
2414.39,7.30230553056553e+37
2415.01,7.357664827328915e+37
2415.64,7.349029657371922e+37
2416.26,7.349029657371922e+37
2416.89,7.232859018584683e+37
2417.52,7.329257835836226e+37
2418.14,7.335335800934721e+37
2418.77,7.328245331389074e+37
2419.4,5.887894233481831e+37
2420.02,7.321836050587741e+37
2420.65,7.311390834834127e+37
2421.28,7.265240579509894e+37
2421.91,7.260892384201067e+37
2422.53,7.303146287955354e+37
2423.16,7.295414969885973e+37
2423.79,7.24936555587402e+37
2424.42,7.071149185711466e+37
2425.05,7.2451936864840805e+37
2425.68,7.27830079521103e+37
2426.3,7.25972216093284e+37
2426.93,7.259889324137693e+37
2427.56,7.256546791256384e+37
2428.19,7.249198634985096e+37
2428.82,7.240690764113813e+37
2429.45,7.123443762112478e+37
2430.08,7.181083886363945e+37
2430.71,7.163413152901351e+37
2431.34,7.214230263555004e+37
2431.97,7.020854939382696e+37
2432.6,7.199958612751855e+37
2433.23,7.191674123916182e+37
2433.86,7.017945641459651e+37
2434.49,7.171334826577254e+37
2435.12,7.145950442099236e+37
2435.75,7.091367620023227e+37
2436.39,7.163413152901351e+37
2437.02,7.147102326055064e+37
2437.65,7.151382378032467e+37
2438.28,7.123771816374484e+37
2438.91,5.661741020834857e+37
2439.54,7.141015898937378e+37
2440.18,7.115738834412426e+37
2440.81,7.077827926089994e+37
2441.44,7.094144004534117e+37
2442.07,7.102152608018702e+37
2442.71,7.124756069810117e+37
2443.34,7.120819871813806e+37
2443.97,7.102970320625201e+37
2444.61,7.112135136533237e+37
2445.24,6.935375820590972e+37
2445.88,7.060248707918853e+37
2446.51,7.028618964794676e+37
2447.14,7.047255220295124e+37
2447.78,7.078805831704248e+37
2448.41,7.039146436573609e+37
2449.05,6.695761871756904e+37
2449.68,7.068056297002469e+37
2450.32,6.778912059613931e+37
2450.95,7.030075675121183e+37
2451.59,7.050176668539814e+37
2452.22,7.041253822340922e+37
2452.86,7.038011951649075e+37
2453.49,7.0331519440082e+37
2454.13,7.027000751780163e+37
2454.76,7.011323406867315e+37
2455.4,6.9659443401290585e+37
2456.04,7.003094713299098e+37
2456.67,6.985057732966912e+37
2457.31,6.914169149562506e+37
2457.95,6.99213814259163e+37
2458.58,6.977984493137789e+37
2459.22,6.981037967606961e+37
2459.86,6.958730222458154e+37
2460.5,6.942405870103462e+37
2461.14,6.88588872044649e+37
2461.77,6.779068151629601e+37
2462.41,6.934098394811477e+37
2463.05,6.937132665299882e+37
2463.69,6.634833060133276e+37
2464.33,6.935056442085426e+37
2464.96,6.929310143326245e+37
2465.6,6.86752106148813e+37
2466.24,6.916239119521205e+37
2466.88,6.908599232290517e+37
2467.52,6.81741920958654e+37
2468.16,6.884937465475109e+37
2468.8,6.892075082173119e+37
2469.44,6.886681533319492e+37
2470.08,6.861198752817019e+37
2470.72,6.873849195903276e+37
2471.36,6.804402570983331e+37
2472.0,6.858987320121528e+37
2472.64,6.827473135994363e+37
2473.28,6.699771637887461e+37
2473.92,6.833449668682312e+37
2474.56,6.83581026622069e+37
2475.21,6.831561777595176e+37
2475.85,6.789378175387021e+37
2476.49,6.8243296922814355e+37
2477.13,6.816791330987987e+37
2477.77,6.816791330987987e+37
2478.42,6.800486769168136e+37
2479.06,6.79000352902436e+37
2479.7,6.804402570983331e+37
2480.34,6.79970387926275e+37
2480.99,6.740932835671386e+37
2481.63,6.744193153866372e+37
2482.27,6.675134178751369e+37
2482.92,6.698383370252636e+37
2483.56,6.763943948095985e+37
2484.2,6.757250203123111e+37
2484.85,6.746212236264009e+37
2485.49,6.7563167189920795e+37
2486.14,6.759428834360257e+37
2486.78,6.752739557641312e+37
2487.42,6.74543559458546e+37
2488.07,6.729766562843224e+37
2488.71,6.550282038331049e+37
2489.36,6.722951837079524e+37
2490.0,6.715834729333331e+37
2490.65,6.688827562253318e+37
2491.29,6.698383370252636e+37
2491.94,6.6902138494074455e+37
2492.59,6.688211526837877e+37
2493.23,6.672060873569615e+37
2493.88,6.516283940608427e+37
2494.52,6.663002864864109e+37
2495.17,6.661775607416517e+37
2495.82,6.658555132004819e+37
2496.47,6.651199890312118e+37
2497.11,6.647372253670801e+37
2497.76,6.542745086893339e+37
2498.41,6.64278199719404e+37
2499.05,6.6096733928208885e+37
2499.7,6.501746012622425e+37
2500.35,6.640335156617951e+37
2501.0,6.637277873288668e+37
2501.65,6.585670531543834e+37
2502.29,6.317569088028197e+37
2502.94,6.629335522615132e+37
2503.59,6.522438607626456e+37
2504.24,6.588097229217455e+37
2504.89,6.6182017178909725e+37
2505.54,6.590980094135022e+37
2506.19,6.606325986944794e+37
2506.84,6.543799737797194e+37
2507.49,6.590980094135022e+37
2508.14,6.528298441586114e+37
2508.79,6.572945026059476e+37
2509.44,6.567347547665495e+37
2510.09,6.386751225490162e+37
2510.74,6.5510362108327185e+37
2511.39,6.542293145683956e+37
2512.04,6.087093882251712e+37
2512.69,5.815271558582348e+37
2513.34,6.500698139431985e+37
2513.99,6.516884140178726e+37
2514.65,6.515983861552801e+37
2515.3,6.4815667806868355e+37
2515.95,6.503243267338388e+37
2516.6,6.477240161272912e+37
2517.25,6.503243267338388e+37
2517.91,6.469340352379839e+37
2518.56,6.490826491318416e+37
2519.21,6.491424346063004e+37
2519.86,6.429245358431021e+37
2520.52,6.476643612879756e+37
2521.17,6.444214681461749e+37
2521.82,6.408995992162425e+37
2522.48,6.433539918628276e+37
2523.13,6.445995529803033e+37
2523.78,6.413720055120273e+37
2524.44,6.433391782602597e+37
2525.09,6.2988316349350715e+37
2525.75,6.39263635054015e+37
2526.4,6.416526614874022e+37
2527.06,6.121389299124874e+37
2527.71,6.345852889467929e+37
2528.37,6.388074906075153e+37
2529.02,6.396464589538834e+37
2529.68,6.390428793418778e+37
2530.33,6.209262210148855e+37
2530.99,6.296511487016303e+37
2531.65,6.3582851380069195e+37
2532.3,6.371475243708035e+37
2532.96,6.366342509862463e+37
2533.61,6.3388430681444835e+37
2534.27,6.316696343892285e+37
2534.93,6.350384185040373e+37
2535.59,6.346291260596561e+37
2536.24,6.28651563483582e+37
2536.9,6.329217205371843e+37
2537.56,6.175185384073715e+37
2538.22,6.09761500302753e+37
2538.87,6.305216450900441e+37
2539.53,6.22974112415563e+37
2540.19,6.3088470701284025e+37
2540.85,5.914662933892058e+37
2541.51,6.222859563405281e+37
2542.17,6.292743069245281e+37
2542.82,6.234045963537049e+37
2543.48,6.255470782955486e+37
2544.14,6.146388392323616e+37
2544.8,6.269458038622595e+37
2545.46,6.2674373298529165e+37
2546.12,6.238497422681315e+37
2546.78,6.219994490430056e+37
2547.44,6.19754944040971e+37
2548.1,6.20154643653781e+37
2548.76,6.251151148943699e+37
2549.42,5.967329237728769e+37
2550.08,6.211693236200252e+37
2550.74,6.160840991566937e+37
2551.41,6.187710692681755e+37
2552.07,6.087514378323887e+37
2552.73,6.230888790580083e+37
2553.39,6.218132900407507e+37
2554.05,6.223862650699061e+37
2554.71,6.217560215576033e+37
2555.38,6.20383159159362e+37
2556.04,6.211121144456559e+37
2556.7,6.173621504255932e+37
2557.36,5.980947634316789e+37
2558.03,6.1922716465210575e+37
2558.69,6.1693583901991955e+37
2559.35,6.178172072972106e+37
2560.01,5.039645636126398e+37
2560.68,5.974753605494463e+37
2561.34,6.169500446561345e+37
2562.01,6.161834081842345e+37
2562.67,6.160273583272378e+37
2563.33,5.943468974669628e+37
2564.0,6.135641835574626e+37
2564.66,6.142002657272456e+37
2565.33,6.083871043850298e+37
2565.99,6.130557921498227e+37
2566.66,6.132675706897993e+37
2567.32,6.123221925964136e+37
2567.99,6.123644917759455e+37
2568.65,6.123785921517784e+37
2569.32,6.117303107826082e+37
2569.99,6.117021402093749e+37
2570.65,6.105623215284212e+37
2571.32,6.110123662546337e+37
2571.99,6.106044991361676e+37
2572.65,6.102812119212899e+37
2573.32,6.0908793927928e+37
2573.99,6.081630075753487e+37
2574.65,6.092843176833439e+37
2575.32,6.0840111317708905e+37
2575.99,6.051597015174345e+37
2576.65,6.072115166606946e+37
2577.32,6.023653751182714e+37
2577.99,6.063732021692274e+37
2578.66,5.990181754751317e+37
2579.33,6.0608006560880975e+37
2580.0,6.041850849812518e+37
2580.66,6.051875707932942e+37
2581.33,6.035176838350479e+37
2582.0,6.041850849812518e+37
2582.67,6.037261674601425e+37
2583.34,5.926932756272023e+37
2584.01,6.027538596467547e+37
2584.68,5.989767981946368e+37
2585.35,5.949904567628137e+37
2586.02,5.955935693379222e+37
2586.69,5.833510716121042e+37
2587.36,6.0048200890754775e+37
2588.03,5.995287303483972e+37
2588.7,5.899700973871356e+37
2589.37,5.991009386113586e+37
2590.04,5.986183148002366e+37
2590.72,5.963483198341276e+37
2591.39,5.971315250580908e+37
2592.06,5.969803001340571e+37
2592.73,5.962110213666517e+37
2593.4,5.930345555213237e+37
2594.07,5.948123813160388e+37
2594.75,5.943605829675885e+37
2595.42,5.948123813160388e+37
2596.09,5.929116721270438e+37
2596.76,5.891284553573576e+37
2597.44,5.931301491019524e+37
2598.11,5.926250432199897e+37
2598.78,5.917523618555541e+37
2599.46,5.877058314802922e+37
2600.13,5.594097094807911e+37
2600.8,5.903777750832831e+37
2601.48,5.898478489828734e+37
2602.15,5.892641228159725e+37
2602.83,5.887487526204494e+37
2603.5,5.881525712736877e+37
2604.18,5.876652356018381e+37
2604.85,5.8701608278167e+37
2605.53,5.863946508852034e+37
2606.2,5.842382677978893e+37
2606.88,5.856794688690187e+37
2607.55,5.853828571033406e+37
2608.23,5.826127706961598e+37
2608.91,5.135231184430745e+37
2609.58,5.827201018198775e+37
2610.26,5.850863955538545e+37
2610.94,5.840230661097477e+37
2611.61,5.83955831839836e+37
2612.29,5.843189888733434e+37
2612.97,5.838617168652741e+37
2613.64,5.832301947440211e+37
2614.32,5.821568339276204e+37
2615.0,5.823311205456384e+37
2615.68,5.811255898421217e+37
2616.35,5.815941105003946e+37
2617.03,5.80871408134435e+37
2617.71,5.772713447082429e+37
2618.39,5.688136372326505e+37
2619.07,5.799092017485401e+37
2619.75,5.787619883491245e+37
2620.43,5.789752514274973e+37
2621.1,5.780827364055528e+37
2621.78,5.783223813088187e+37
2622.46,5.711234599783825e+37
2623.14,5.770719966774627e+37
2623.82,5.769125678191377e+37
2624.5,5.614098136603039e+37
2625.18,5.763018317905499e+37
2625.86,5.737596460927174e+37
2626.54,5.683161530246592e+37
2627.22,5.741693427228272e+37
2627.91,5.746057928647221e+37
2628.59,5.722950637776591e+37
2629.27,5.668524133932213e+37
2629.95,5.733238386538431e+37
2630.63,5.729015536327072e+37
2631.31,5.587660358512576e+37
2632.0,5.637804345100482e+37
2632.68,5.716497264419234e+37
2633.36,5.712023690510214e+37
2634.04,5.692722316301598e+37
2634.73,5.641830054223089e+37
2635.41,5.700461278650091e+37
2636.09,5.647808985212298e+37
2636.77,5.692329090557029e+37
2637.46,5.691411669446826e+37
2638.14,5.688791280926264e+37
2638.82,5.685517491788756e+37
2639.51,5.682768964914825e+37
2640.19,5.678321785847461e+37
2640.88,5.678060295486609e+37
2641.56,5.568266337815489e+37
2642.25,5.432378228352987e+37
2642.93,5.667088567234484e+37
2643.61,5.666827594170555e+37
2644.3,5.662132133557537e+37
2644.99,5.660828529541682e+37
2645.67,5.6569195180060955e+37
2646.36,5.615261681642338e+37
2647.04,5.6474188618634815e+37
2647.73,5.640011636203959e+37
2648.42,5.63832362998383e+37
2649.1,5.634430158913917e+37
2649.79,5.629761542399944e+37
2650.48,5.625485375583447e+37
2651.16,5.617330801619559e+37
2651.85,5.616554792295674e+37
2652.54,5.608154892875553e+37
2653.22,5.607121927709586e+37
2653.91,5.603508047709787e+37
2654.6,5.598736135712378e+37
2655.29,5.582259223966235e+37
2655.98,5.545874020941676e+37
2656.67,5.561219027306448e+37
2657.35,5.577120140215241e+37
2658.04,5.570831209766401e+37
2658.73,5.563908765362354e+37
2659.42,5.558658580910045e+37
2660.11,5.554052747753108e+37
2660.8,5.548045319844247e+37
2661.49,5.444399682663314e+37
2662.18,5.536687348429415e+37
2662.87,5.530826053960662e+37
2663.56,5.525098183047206e+37
2664.25,5.517978449415972e+37
2664.94,5.510994784275687e+37
2665.63,5.5042734331257325e+37
2666.32,5.45946391734785e+37
2667.01,5.5022459573508e+37
2667.7,5.494523054718967e+37
2668.39,5.496041457309789e+37
2669.09,5.465878832105077e+37
2669.78,5.487442720707836e+37
2670.47,5.470663472462903e+37
2671.16,5.472679310676914e+37
2671.85,5.47721766293448e+37
2672.55,5.473057363028245e+37
2673.24,5.4702855854700515e+37
2673.93,5.4626075421269575e+37
2674.62,5.465375429243254e+37
2675.32,5.461475628733134e+37
2676.01,5.411529122830408e+37
2676.71,5.453056531321613e+37
2677.4,5.448789118901899e+37
2678.09,5.434880507105355e+37
2678.79,5.420632941523392e+37
2679.48,5.301270928614815e+37
2680.18,5.4318779108686175e+37
2680.87,5.425502900583864e+37
2681.56,5.420757757646394e+37
2682.26,5.4190105934303325e+37
2682.96,5.412775316927194e+37
2683.65,5.399331593909075e+37
2684.35,5.406173756768822e+37
2685.04,5.400574979097571e+37
2685.74,5.395106225151267e+37
2686.43,5.375514033737101e+37
2687.13,5.386665405020914e+37
2687.83,5.347859637039861e+37
2688.52,5.375514033737101e+37
2689.22,5.370441621267061e+37
2689.92,5.3585834693422635e+37
2690.61,5.360804876653503e+37
2691.31,5.355869665992721e+37
2692.01,5.350815790231039e+37
2692.71,5.345643593969735e+37
2693.41,5.279222909442333e+37
2694.1,5.334454313487348e+37
2694.8,5.33040245154832e+37
2695.5,5.326231024846038e+37
2696.2,5.321817778178938e+37
2696.9,5.317653069606573e+37
2697.6,5.307622176426432e+37
2698.3,5.297244271595779e+37
2699.0,5.269507172734758e+37
2699.69,5.301270928614815e+37
2700.39,5.29322067308233e+37
2701.09,5.294561532896298e+37
2701.79,5.291027271275375e+37
2702.49,5.284574198168642e+37
2703.2,5.283600833279843e+37
2703.9,5.279709166233965e+37
2704.6,5.182627557774271e+37
2705.3,5.271327510377315e+37
2706.0,5.26708103368413e+37
2706.7,5.261989776967697e+37
2707.4,5.242277420322771e+37
2708.1,5.251942951746175e+37
2708.8,5.247712090868222e+37
2709.51,5.2425188416784785e+37
2710.21,5.237451327225318e+37
2710.91,5.233111642276299e+37
2711.61,5.228414374589928e+37
2712.32,5.220354551033106e+37
2713.02,5.217350338155686e+37
2713.72,5.2142277907305045e+37
2714.43,5.209427520403071e+37
2715.13,5.156559104509101e+37
2715.83,5.200678415980836e+37
2716.54,5.196369200594023e+37
2717.24,5.191585371063533e+37
2717.95,5.188239311038154e+37
2718.65,5.177737155761248e+37
2719.35,5.17606831950566e+37
2720.06,5.172613155278132e+37
2720.76,5.170945970538936e+37
2721.47,5.111283853159639e+37
2722.18,5.159884732964949e+37
2722.88,5.139963085927136e+37
2723.59,5.150032859002326e+37
2724.29,5.150388622956552e+37
2725.0,5.146358070137281e+37
2725.71,5.059993978261424e+37
2726.41,5.140909989327864e+37
2727.12,5.1378331909129925e+37
2727.82,5.134876467479116e+37
2728.53,5.128731931970947e+37
2729.24,5.058013684529457e+37
2729.95,5.123892386646817e+37
2730.65,5.12082577314719e+37
2731.36,5.118232379909015e+37
2732.07,5.116818355403115e+37
2732.78,5.108812925746086e+37
2733.49,5.111519241899742e+37
2734.19,4.780903744600742e+37
2734.9,5.105637774189852e+37
2735.61,5.0989411554238765e+37
2736.32,5.084403394538461e+37
2737.03,5.087096780113219e+37
2737.74,5.025508362554088e+37
2738.45,5.073527281310859e+37
2739.16,5.06803960397498e+37
2739.87,5.061508843648665e+37
2740.58,5.052542787159219e+37
2741.29,5.049170079532764e+37
2742.0,5.042663634790231e+37
2742.71,4.996892426305968e+37
2743.42,5.030486640748226e+37
2744.13,4.982760350925733e+37
2744.84,5.017645790367066e+37
2745.55,5.013141925927807e+37
2746.27,5.0092187786078375e+37
2746.98,5.002303065420972e+37
2747.69,4.93650976003573e+37
2748.4,4.981842577081895e+37
2749.11,4.9941318043612915e+37
2749.83,4.979663541644881e+37
2750.54,4.986662776389731e+37
2751.25,4.9816131600353955e+37
2751.97,4.955072348996349e+37
2752.68,4.9741628544580955e+37
2753.39,4.9717582148980075e+37
2754.11,4.872367077363159e+37
2754.82,4.964094037748158e+37
2755.53,4.960551924912302e+37
2756.25,4.952106773100052e+37
2756.96,4.911566177243209e+37
2757.68,4.949712796022743e+37
2758.39,4.948117454289422e+37
2759.11,4.945042175733765e+37
2759.82,4.933441695717315e+37
2760.54,4.938328772495145e+37
2761.25,3.9085889509525396e+37
2761.97,4.9323058595596945e+37
2762.68,4.901736935554944e+37
2763.4,4.923795419719538e+37
2764.12,4.922661804443351e+37
2764.83,4.919715626029742e+37
2765.55,4.913941704334692e+37
2766.27,4.913036606186605e+37
2766.98,4.903656044425472e+37
2767.7,4.907948534495549e+37
2768.42,4.84741274076182e+37
2769.14,4.901736935554944e+37
2769.85,4.885623545417777e+37
2770.57,4.895420475619695e+37
2771.29,4.885623545417777e+37
2772.01,4.888999580508393e+37
2772.73,4.886636111087603e+37
2773.44,4.880676243853037e+37
2774.16,4.7878440930645235e+37
2774.88,4.878429126838004e+37
2775.6,4.871020978566204e+37
2776.32,4.868105706823034e+37
2777.04,4.865192179849546e+37
2777.76,4.857804132569893e+37
2778.48,4.803745603542555e+37
2779.2,4.853667257308279e+37
2779.92,4.848194114353562e+37
2780.64,4.843619288554862e+37
2781.36,4.84138923296956e+37
2782.08,4.836264000832352e+37
2782.8,4.832813100695274e+37
2783.52,4.829142267595883e+37
2784.25,4.824807604879575e+37
2784.97,4.820476832978538e+37
2785.69,4.81315668827798e+37
2786.41,4.805515694868179e+37
2787.13,4.797997308404451e+37
2787.86,4.790380380847729e+37
2788.58,4.782885674077692e+37
2789.3,4.774413176160288e+37
2790.02,4.767382522541075e+37
2790.75,4.758499193055609e+37
2791.47,4.607655491639802e+37
2792.2,4.744167346524162e+37
2792.92,4.645366674342844e+37
2793.64,4.729987575981332e+37
2794.37,4.722043679064433e+37
2795.09,4.682092614051348e+37
2795.81,4.713353359694625e+37
2796.54,3.998158435848015e+37
2797.26,4.696020671795644e+37
2797.99,4.707171266104132e+37
2798.72,3.400243350635826e+37
2799.44,4.702837797091712e+37
2800.17,4.693750493393208e+37
2800.89,4.698832890180845e+37
2801.62,4.696236936519259e+37
2802.34,4.651146296888012e+37
2803.07,4.692669841820924e+37
2803.8,4.641196969535773e+37
2804.52,4.68878155581857e+37
2805.25,4.68727031482292e+37
2805.98,4.685975353086258e+37
2806.7,4.68478861911383e+37
2807.43,4.677674524020824e+37
2808.16,4.680260216879349e+37
2808.89,4.678428536839477e+37
2809.61,4.669495917086632e+37
2810.34,4.623810213992594e+37
2811.07,4.67885945587609e+37
2811.8,4.6714316623128405e+37
2812.53,4.676705257529528e+37
2813.26,4.675520871229994e+37
2813.99,4.395821005810631e+37
2814.72,4.6733682100045925e+37
2815.45,4.671001427369869e+37
2816.18,4.650182527342152e+37
2816.91,4.663263970612659e+37
2817.64,4.658541835776896e+37
2818.37,4.655432134337531e+37
2819.1,4.646115479331692e+37
2819.83,4.635643184598599e+37
2820.56,4.63137556505433e+37
2821.29,4.639701065526224e+37
2822.02,4.636924237121542e+37
2822.75,4.6330821412117685e+37
2823.48,4.628923463064333e+37
2824.22,3.926991850494511e+37
2824.95,4.621681360922442e+37
2825.68,4.6172139593162155e+37
2826.41,4.612538455844998e+37
2827.14,4.606806808300962e+37
2827.88,4.603095656280272e+37
2828.61,4.598434449347135e+37
2829.34,4.591345766690407e+37
2830.08,4.589020523537652e+37
2830.81,4.58458469249323e+37
2831.54,4.577622762272748e+37
2832.28,4.5489378153395995e+37
2833.01,4.570145216403634e+37
2833.75,4.565622502022371e+37
2834.48,4.557115123224894e+37
2835.22,4.556590496157928e+37
2835.95,4.552919797400503e+37
2836.69,4.547262233387733e+37
2837.42,3.3206262749451974e+37
2838.16,4.517727170997341e+37
2838.89,4.53774409180917e+37
2839.63,4.529914447986721e+37
2840.36,4.4438562303062e+37
2841.1,4.521681832344942e+37
2841.83,4.487970566295224e+37
2842.57,4.519079692077428e+37
2843.31,4.5139838402467105e+37
2844.04,4.507648053379002e+37
2844.78,4.48962430036533e+37
2845.52,4.504327918884048e+37
2846.26,4.496659471166347e+37
2847.0,4.496659471166347e+37
2847.73,4.487143927703849e+37
2848.47,4.48962430036533e+37
2849.21,4.48115534964853e+37
2849.95,4.474556538461728e+37
2850.69,4.476617622444067e+37
2851.43,4.379454312099702e+37
2852.17,4.462107202145212e+37
2852.9,4.4683789784416045e+37
2853.64,4.46498495655147e+37
2854.38,4.451024655800606e+37
2855.12,4.434044016334401e+37
2855.86,4.43802761254267e+37
2856.6,4.42231831964746e+37
2857.34,4.446005544900599e+37
2858.08,4.44528899122317e+37
2858.82,4.445084282813495e+37
2859.57,4.285781245029584e+37
2860.31,4.437005836561164e+37
2861.05,4.437414518721241e+37
2861.79,4.432308696171859e+37
2862.53,4.432410755026124e+37
2863.27,4.428840093000517e+37
2864.01,4.427310689957681e+37
2864.76,4.421809210742705e+37
2865.5,4.421300160447905e+37
2866.24,4.416924746347766e+37
2866.99,4.413569807263926e+37
2867.73,4.409709700655612e+37
2868.47,4.405244321057911e+37
2869.22,4.401796897723937e+37
2869.96,4.369784300163451e+37
2870.7,4.3944041889180605e+37
2871.45,4.390560844552843e+37
2872.19,4.383691668523076e+37
2872.94,4.382783318568273e+37
2873.68,4.376631683565388e+37
2874.43,4.369683683319998e+37
2875.17,4.365359350000088e+37
2875.92,4.368174708649168e+37
2876.66,4.363449961541547e+37
2877.41,4.361742269270355e+37
2878.15,4.358529602532664e+37
2878.9,4.355319302103491e+37
2879.64,4.346903509148228e+37
2880.39,4.348805657096349e+37
2881.14,4.345602518895895e+37
2881.88,4.33570774266066e+37
2882.63,4.339203318627748e+37
2883.38,4.3361070944918275e+37
2884.12,4.295463173204865e+37
2884.87,4.329721876892856e+37
2885.62,4.300708427949125e+37
2886.37,4.302986663002851e+37
2887.12,4.318570362950163e+37
2887.86,4.315786975097428e+37
2888.61,4.312210969401297e+37
2889.36,4.308538717825134e+37
2890.11,4.280357073595393e+37
2890.86,4.2764165340033e+37
2891.61,4.29763967171477e+37
2892.36,4.294375337334879e+37
2893.11,4.27316831996466e+37
2893.86,4.287557920870606e+37
2894.61,4.281342775713186e+37
2895.36,4.272381245765256e+37
2896.11,4.24101686991951e+37
2896.86,4.271004214736809e+37
2897.61,4.267072285480325e+37
2898.36,4.268054928310411e+37
2899.11,4.2608868358278855e+37
2899.86,4.2195875280238003e+37
2900.61,4.2607887264122735e+37
2901.37,4.233699213642594e+37
2902.12,4.255102243812996e+37
2902.87,4.2522618491060924e+37
2903.62,4.2491298208112267e+37
2904.38,4.240430992257961e+37
2905.13,4.1702299212085236e+37
2905.88,4.2393570934136285e+37
2906.64,4.2165766553385984e+37
2907.39,4.2352592534265156e+37
2908.14,4.228340958280814e+37
2908.9,4.2298016277437473e+37
2909.65,4.2021349935453385e+37
2910.4,4.2236702047778787e+37
2911.16,4.219004610730813e+37
2911.91,4.205910240016789e+37
2912.67,4.2119188970410446e+37
2913.42,4.209204247768381e+37
2914.18,4.205329212180448e+37
2914.93,4.1985564819737814e+37
2915.69,4.198266465983646e+37
2916.44,4.1778226491695156e+37
2917.2,4.1912155814941235e+37
2917.96,4.187357106452529e+37
2918.71,4.1837911796360446e+37
2919.47,4.1807095838125925e+37
2920.23,4.1769569575786133e+37
2920.98,4.1732076997210715e+37
2921.74,4.169941861880372e+37
2922.5,4.166486701573187e+37
2923.25,4.162363456373689e+37
2924.01,4.154129203294015e+37
2924.77,3.962962839535366e+37
2925.53,4.1519297814714875e+37
2926.28,4.1448612782385637e+37
2927.04,4.1447658403793885e+37
2927.8,4.141140829626408e+37
2928.56,4.1372331894914267e+37
2929.32,4.0823477798790464e+37
2930.08,4.1308554682299323e+37
2930.84,4.1275277331510127e+37
2931.6,4.123822843217287e+37
2932.36,4.1206905339238175e+37
2933.12,4.0810319985294558e+37
2933.88,4.111213208688806e+37
2934.64,4.1091311240781515e+37
2935.4,3.5054195142677913e+37
2936.16,4.1034580693449385e+37
2936.92,4.100341228410049e+37
2937.68,4.095811867286028e+37
2938.45,4.0936433218313005e+37
2939.21,4.089968846717904e+37
2939.97,4.086109493203133e+37
2940.73,4.083287883422581e+37
2941.49,4.0758669618831264e+37
2942.25,4.0693027320932527e+37
2943.02,4.0734275842177747e+37
2943.78,4.0689279527203013e+37
2944.54,4.0663990946256594e+37
2945.31,4.044920590466248e+37
2946.07,4.0595696781184376e+37
2946.83,4.056299369455476e+37
2947.6,4.047995303855317e+37
2948.36,4.021610443342117e+37
2949.12,3.9514819275883293e+37
2949.89,4.0328307880525953e+37
2950.65,4.039708238357832e+37
2951.42,4.036082175650366e+37
2952.18,4.0337594885746356e+37
2952.95,4.0305099720874177e+37
2953.71,4.0275412764324287e+37
2954.48,4.023277606855181e+37
2955.25,4.0213326499292157e+37
2956.01,4.009221032368136e+37
2956.78,4.0101442959170963e+37
2957.54,4.0102366339649023e+37
2958.31,4.008851786469467e+37
2959.08,3.9110196682966165e+37
2959.84,4.0025798067443804e+37
2960.61,3.9870345583002086e+37
2961.38,3.9964096594103744e+37
2962.15,3.9930063422316425e+37
2962.91,3.9829054790171823e+37
2963.68,3.9870345583002086e+37
2964.45,3.984464850590107e+37
2965.22,3.9808883746291087e+37
2965.99,3.9741110629145544e+37
2966.75,3.9749347138555185e+37
2967.52,3.961047040334991e+37
2968.29,3.968167538022985e+37
2969.06,3.965701303005795e+37
2969.83,3.9601350805454687e+37
2970.6,3.959496833623277e+37
2971.37,3.945208862046645e+37
2972.14,3.9534841318164934e+37
2972.91,3.9498445147284803e+37
2973.68,3.9410323519015684e+37
2974.45,3.9438464704697237e+37
2975.22,3.9409416073228344e+37
2976.0,3.9314250450557863e+37
2976.77,3.933598231242774e+37
2977.54,3.925997330829493e+37
2978.31,3.8941260033297095e+37
2979.08,3.9251838202617628e+37
2979.85,3.92102850919463e+37
2980.63,3.918140452750357e+37
2981.4,3.914713648482059e+37
2982.17,3.912460806641679e+37
2982.94,3.810307275506431e+37
2983.72,3.9058899256742773e+37
2984.49,3.890720202090468e+37
2985.26,3.899509655259698e+37
2986.04,3.8858855026934635e+37
2986.81,3.8937673575868033e+37
2987.59,3.8909889728035443e+37
2988.36,3.8869593608894367e+37
2989.14,3.8845435971409637e+37
2989.91,3.8812355443930297e+37
2990.69,3.8784661016434464e+37
2991.46,3.875430920490238e+37
2992.24,3.8723089503512455e+37
2993.01,3.869367682073361e+37
2993.79,3.858157920224054e+37
2994.56,3.863580807280745e+37
2995.34,3.8606461685901863e+37
2996.11,3.8538960821182113e+37
2996.89,3.8445011929352283e+37
2997.67,3.8412272400453483e+37
2998.45,3.848309563168722e+37
