WAVE FLUX
900.0 7.854345477051424e+37
900.44 7.787534792924711e+37
900.88 7.849463963943168e+37
901.32 7.866109722739774e+37
901.77 7.669375468819219e+37
902.21 7.868283509484092e+37
902.65 7.86339333382232e+37
903.09 7.868645865673902e+37
903.54 7.771592133398539e+37
903.98 5.865161835998989e+37
904.42 6.864201123378466e+37
904.87 7.859953921102134e+37
905.31 7.926655796562594e+37
905.75 7.913160965225533e+37
906.2 7.850729250020251e+37
906.64 7.963793677706677e+37
907.09 8.005344021148616e+37
907.53 7.885877020336755e+37
907.98 7.888601176185516e+37
908.42 7.88896446806e+37
908.87 8.553620934721579e+37
909.31 8.153423485713612e+37
909.76 7.906604221612067e+37
910.21 7.901690229445264e+37
910.65 8.564854705954173e+37
911.1 7.90150828839857e+37
911.54 7.919723146177914e+37
911.99 8.458434683285815e+38
912.44 6.935535515359243e+38
912.89 8.224320001128419e+38
913.33 5.088619759560793e+38
913.78 8.462525688072731e+38
914.23 6.6631562879412115e+38
914.68 8.442673610649489e+38
915.13 8.0695626928984e+38
915.58 6.783908787244045e+38
916.02 6.961294385721722e+38
916.47 7.085002372298716e+38
916.92 8.191057978574519e+38
917.37 7.789507503510313e+38
917.82 7.035095544212932e+38
918.27 8.340844026906765e+38
918.72 3.6510686588989e+38
919.17 4.8622803966013486e+38
919.62 6.5434983916214554e+38
920.08 8.079044495065559e+38
920.53 8.199738454574785e+38
920.98 5.383937379843618e+37
921.43 4.403114711498158e+38
921.88 3.506307494657819e+38
922.33 8.300992089571836e+38
922.78 8.245367174849477e+38
923.24 3.342027352398792e+38
923.69 3.5605738670702174e+38
924.14 6.101126082852796e+38
924.6 8.25429526501987e+38
925.05 6.5635681664222635e+38
925.5 7.413785216417364e+38
925.96 7.962876864853351e+38
926.41 2.5740086379990256e+38
926.87 8.27237093404507e+38
927.32 7.964343816085788e+38
927.78 8.271228142708237e+38
928.23 8.076626507614462e+38
928.68 5.8827446832464844e+38
929.14 3.519411104544295e+38
929.6 6.251151148943699e+38
930.05 3.724860391956646e+38
930.51 7.196477965692681e+38
930.97 5.344658980718547e+38
931.42 7.741587022157525e+38
931.88 7.87027667504706e+38
932.34 7.89896155357829e+38
932.79 7.90150828839857e+38
933.25 7.461738071756516e+38
933.71 8.175606871377563e+38
934.16 8.220722720714358e+38
934.62 7.555966086379126e+38
935.08 7.673614893618154e+38
935.54 7.726983769285087e+38
936.0 7.805846378895574e+38
936.46 7.938528348712255e+38
936.92 5.542810104367532e+38
937.38 4.56541225217733e+38
937.84 6.032814894262078e+37
938.3 8.050447089333396e+38
938.76 7.709744751677701e+38
939.22 7.892053124568829e+38
939.68 7.959393938486124e+38
940.14 8.009953594214974e+38
940.6 8.046740574963417e+38
941.06 8.059349691127487e+38
941.52 7.954996629979623e+38
941.98 7.800276543102143e+38
942.45 5.628983815824381e+38
942.91 7.28618174513223e+38
943.37 6.92867195966642e+38
943.83 7.440463661919211e+38
944.29 7.584727809032998e+38
944.76 6.743106205962937e+38
945.22 7.751218866966627e+38
945.68 7.11197137545523e+38
946.15 7.988219685952714e+38
946.61 6.394844670256322e+38
947.08 8.014565821528769e+38
947.54 8.068076361417755e+38
948.01 5.279101352242126e+38
948.47 7.42728347799347e+38
948.93 3.3596187779403766e+38
949.4 3.95029928356149e+38
949.87 7.853260434076535e+37
950.33 4.564150956416348e+38
950.8 7.09839234234832e+38
951.26 6.894614684251442e+38
951.73 8.029527687862485e+38
952.2 8.042665380156772e+38
952.66 7.988403623625978e+38
953.13 8.039147554653274e+38
953.6 7.80368984178463e+38
954.07 7.033475840082575e+38
954.53 7.9522495459132e+38
955.0 5.134403549657804e+38
955.47 7.916805949745206e+38
955.94 7.811240329338566e+38
956.41 6.299992029474207e+38
956.88 6.940647689943378e+38
957.35 7.512076466047564e+38
957.82 7.564321865442106e+38
958.28 7.314758630147198e+38
958.76 3.426099724881348e+38
959.23 7.494799169615595e+38
959.7 7.445433688308029e+38
960.17 7.562754453328265e+38
960.64 7.844585484718549e+38
961.11 7.880975910224226e+38
961.58 7.513460369128835e+38
962.05 7.226699561610145e+38
962.52 7.740517556262954e+38
962.99 7.613949640212546e+38
963.47 7.892053124568829e+38
963.94 5.528406895630974e+38
964.41 7.281150367067433e+38
964.89 7.740695790318242e+38
965.36 7.6805089576106e+38
965.83 7.579141233476334e+38
966.31 7.628163622519923e+38
966.78 6.579153209793014e+38
967.25 5.021344290825306e+38
967.73 7.398266987271626e+38
968.2 7.41720017694512e+38
968.68 7.625880579775644e+38
969.15 7.611846118805265e+38
969.63 6.7757909739545915e+38
970.1 7.54709818428296e+38
970.58 6.717226613834444e+38
971.05 7.398096637840132e+38
971.53 7.211240834873834e+38
972.01 4.558689366873939e+38
972.48 7.109024320754627e+37
972.96 7.28567845091154e+38
973.44 6.626283303638307e+38
973.91 7.135098944815658e+38
974.39 7.195152447550225e+38
974.87 7.172490802342204e+38
975.35 7.14430521562394e+38
975.83 7.164072958019641e+38
976.3 7.327570406132719e+38
976.78 7.256546791256385e+38
977.26 7.458646080929041e+38
977.74 6.339280955034984e+38
978.22 6.692370867193986e+38
978.7 7.340066591560363e+38
979.18 7.160774540047095e+38
979.66 6.074212763107982e+38
980.14 7.309707518686027e+38
980.62 7.37683381838239e+38
981.1 4.275530412656475e+38
981.58 7.438579347484564e+38
982.07 7.37106091064268e+38
982.55 7.350722028819547e+38
983.03 7.292727734722261e+38
983.51 3.7692938856779064e+38
983.99 6.6502810565613245e+38
984.47 7.14973590095157e+38
984.96 6.677593842122898e+38
985.44 6.945443775834068e+38
985.92 2.3588482356289946e+38
986.41 7.04449718631321e+38
986.89 6.6852861333309014e+38
987.38 7.378022919340783e+38
987.86 7.501705314661873e+38
988.34 7.452122751677811e+38
988.83 4.916431584090688e+38
989.31 7.348183617767931e+38
989.8 3.192493340472822e+38
990.28 4.550718797678651e+38
990.77 3.7246888597461185e+38
991.26 3.184710795092234e+38
991.74 6.814280394811782e+38
992.23 7.379212211975175e+38
992.72 7.18075319284435e+38
993.2 7.366988637163599e+38
993.69 7.43104686060686e+38
994.18 6.6939120199584464e+38
994.66 4.475071720476525e+38
995.15 3.486904074473111e+38
995.64 7.406960011493975e+38
996.13 6.8000170244088995e+38
996.61 7.112790218554298e+38
997.1 3.481368536617353e+38
997.59 3.189701186914832e+38
998.08 7.264069655451866e+38
998.57 7.260056491191547e+38
999.06 6.869735245580375e+38
999.55 7.215227015150279e+38
1000.04 7.378192806552628e+38
1000.53 6.579759200103664e+38
1001.02 5.440514849327504e+38
1001.51 7.263902395992554e+38
1002.01 6.4760471194283125e+38
1002.5 6.600700081535631e+38
1002.99 6.585670531543835e+38
1003.48 7.352414789995087e+38
1003.97 7.32251044766611e+38
1004.46 7.346999325949004e+38
1004.96 7.325039989987424e+38
1005.45 6.0091078680638796e+38
1005.94 3.0878059519219207e+38
1006.43 7.197637994379462e+38
1006.93 5.855715926599506e+38
1007.42 7.213565838990889e+38
1007.92 6.643393848202475e+38
1008.41 7.146279532856143e+38
1008.91 6.012152665282091e+38
1009.4 7.238690363698057e+38
1009.9 2.7615314907106777e+38
1010.39 2.2480708795116043e+38
1010.89 7.17397733070148e+38
1011.38 6.752273111028797e+38
1011.88 7.117213600691937e+38
1012.37 4.6071250462328276e+38
1012.87 5.417263992342789e+38
1013.37 7.075546671654333e+38
1013.86 7.072126168559781e+38
1014.36 7.003094713299098e+38
1014.86 6.824172558092275e+38
1015.36 7.00035396209965e+38
1015.85 5.8799008116240364e+38
1016.35 6.1574373255706584e+38
1016.85 6.964180198797621e+38
1017.35 5.792419407869172e+38
1017.85 6.271334994409552e+38
1018.35 3.616096403060585e+38
1018.85 6.852199518175482e+38
1019.35 6.402506086502447e+38
1019.85 4.242188868096399e+38
1020.35 6.46978725401484e+38
1020.85 6.7986079848085256e+38
1021.35 6.109279576075335e+38
1021.85 6.6932955162687106e+38
1022.35 6.789378175387022e+38
1022.85 4.633722269381667e+38
1023.35 6.749941361219544e+38
1023.85 6.5367217702372456e+38
1024.35 6.616525643173714e+38
1024.86 6.529350763778193e+38
1025.36 2.9563101877012146e+38
1025.86 7.545708085457694e+37
1026.37 5.485168837277966e+38
1026.87 5.117643155549104e+38
1027.37 5.9190226245687764e+38
1027.88 5.992802979701374e+38
1028.38 5.663827267588123e+38
1028.89 5.826127706961597e+38
1029.39 5.589075804739282e+38
1029.9 4.079528767700785e+38
1030.4 5.095302822874461e+38
1030.91 2.832109233938345e+38
1031.41 4.839940247459166e+38
1031.92 6.095228622960216e+38
1032.42 5.8862675729247665e+38
1032.93 6.589159190612129e+38
1033.44 5.486810991883379e+38
1033.94 3.9904327856110314e+38
1034.45 5.693902156527056e+38
1034.96 5.487190020450381e+38
1035.46 1.8762469531578753e+38
1035.97 4.927197832116125e+38
1036.48 5.1722558561606245e+38
1036.99 1.6417990498765702e+38
1037.5 4.419671593284896e+38
1038.01 4.990453347418938e+38
1038.51 6.7767271487392335e+38
1039.02 6.287528983102996e+38
1039.53 5.544980203697381e+38
1040.04 6.132534498447148e+38
1040.55 6.170068704720556e+38
1041.06 6.825272573400968e+38
1041.57 6.36033513737066e+38
1042.08 6.808477396744817e+38
1042.59 6.734571994352739e+38
1043.11 6.857881871075629e+38
1043.62 6.832033701464028e+38
1044.13 6.871317242704517e+38
1044.64 6.809418087637494e+38
1045.15 6.680977359210833e+38
1045.67 6.7948519731127846e+38
1046.18 6.685132200701254e+38
1046.69 6.815378815563632e+38
1047.2 6.81647741337426e+38
1047.72 6.831719081929362e+38
1048.23 6.76363246413814e+38
1048.75 6.844472769404079e+38
1049.26 6.797512266977382e+38
1049.78 6.6028282388412095e+38
1050.29 6.691446345855318e+38
1050.81 6.590980094135022e+38
1051.32 6.080789925545163e+38
1051.83 6.757872597528462e+38
1052.35 6.58658043840409e+38
1052.87 6.405602721285123e+38
1053.38 6.704864414642514e+38
1053.9 6.74900888677259e+38
1054.42 6.753206036476041e+38
1054.93 6.761141108805089e+38
1055.45 4.5490425597094936e+38
1055.97 6.4954613061894684e+38
1056.49 6.705018801628409e+38
1057.01 6.633916487387445e+38
1057.52 6.234045963537049e+38
1058.04 6.674058360942595e+38
1058.56 5.780161860020146e+38
1059.08 6.0493679350791185e+38
1059.6 6.561150503924787e+38
1060.12 5.5978337987884854e+38
1060.64 6.353748204735691e+38
1061.16 4.2064913481306375e+38
1061.68 3.5700968675679e+38
1062.2 6.1078730244087676e+38
1062.72 1.4874418621960614e+38
1063.24 5.058013684529457e+38
1063.76 6.51838488097871e+38
1064.28 6.195266599357646e+38
1064.81 6.445401859014368e+38
1065.33 6.502494596885952e+38
1065.85 4.577517359826872e+38
1066.37 6.288108112592896e+38
1066.9 6.5104348909259855e+38
1067.42 6.1666599407103006e+38
1067.94 5.947712945514679e+38
1068.47 6.282029912455536e+38
1068.99 3.6146811972180614e+38
1069.52 5.5982204968041834e+38
1070.04 6.248992450641738e+38
1070.56 4.015780809519493e+38
1071.09 6.34351542146937e+38
1071.61 6.370595052675919e+38
1072.14 5.8597623092700286e+38
1072.67 6.144831805409836e+38
1073.19 6.1439829241629116e+38
1073.72 5.6485893127607904e+38
1074.24 6.006479511429313e+38
1074.77 6.264551732783801e+38
1075.3 6.108857576568491e+38
1075.82 6.38601596590767e+38
1076.35 6.330674729287835e+38
1076.88 6.345852889467929e+38
1077.41 6.387192421873235e+38
1077.94 5.328807108652882e+38
1078.47 6.356089443325449e+38
1078.99 6.275379577180907e+38
1079.52 5.688660293174275e+38
1080.05 6.2853577225117925e+38
1080.58 6.277547390847578e+38
1081.11 6.225869310387384e+38
1081.64 6.2227162784182065e+38
1082.17 6.234189509402767e+38
1082.7 6.142992710922306e+38
1083.23 4.349106072324507e+38
1083.77 5.908401503734139e+38
1084.3 5.9980488711442576e+38
1084.83 4.849533904983382e+38
1085.36 5.909898198965728e+38
1085.89 5.901739010334926e+38
1086.43 5.759701812546675e+38
1086.96 6.079949891399863e+38
1087.49 6.098036225898182e+38
1088.02 4.90026988850419e+38
1088.56 5.8277377479637245e+38
1089.09 4.0289325801639e+38
1089.63 3.601886304845282e+38
1090.16 5.5989939729765596e+38
1090.69 6.0287878287507115e+38
1091.23 6.070577389557401e+38
1091.77 5.917796136863879e+38
1092.3 5.935400104385977e+38
1092.84 6.073653333200698e+38
1093.37 5.07586426503731e+38
1093.91 6.21512689340689e+38
1094.44 6.178456594861748e+38
1094.98 6.184149785091479e+38
1095.52 4.3717971236354375e+38
1096.06 5.8119249824961455e+38
1096.59 3.4422309092675705e+38
1097.13 6.157295546968937e+38
1097.67 3.6281898162836995e+38
1098.21 4.0084825745780355e+38
1098.74 6.1274531590704115e+38
1099.28 6.123080935192036e+38
1099.82 5.915343923827344e+38
1100.36 6.114345844566911e+38
1100.9 6.120543656356269e+38
1101.44 5.684601168490082e+38
1101.98 6.0679221464318294e+38
1102.52 6.076171173595925e+38
1103.06 5.634689639986463e+38
1103.6 5.921067335646578e+38
1104.15 4.269725940480352e+38
1104.69 5.888029808817649e+38
1105.23 6.008277736476738e+38
1105.77 5.895355514669379e+38
1106.31 5.991423244674658e+38
1106.85 5.833107765394248e+38
1107.4 5.7679302508106914e+38
1107.94 4.519600000304798e+38
1108.48 2.3188892112515032e+38
1109.03 5.795621301763061e+38
1109.57 5.849382210864083e+38
1110.11 5.605443765091935e+38
1110.66 5.891555863500492e+38
1111.2 5.619788871883996e+38
1111.75 5.83458538748413e+38
1112.29 5.456070834530899e+38
1112.84 5.877193640629618e+38
1113.39 5.890606333416211e+38
1113.93 5.765805658165065e+38
1114.48 5.836197765752543e+38
1115.02 5.7282240982526775e+38
1115.57 5.783490146519513e+38
1116.12 5.576734899710289e+38
1116.67 4.88472366318684e+38
1117.21 5.4885800158887816e+38
1117.76 5.8143343230844476e+38
1118.31 5.674792681823355e+38
1118.86 5.83458538748413e+38
1119.41 4.693534343171971e+38
1119.95 5.825054593417448e+38
1120.5 5.81500376159661e+38
1121.05 5.562883949883733e+38
1121.6 5.737728575489041e+38
1122.15 5.7782988562822226e+38
1122.7 5.769524209039511e+38
1123.25 5.689577270779277e+38
1123.8 1.8524222977948997e+38
1124.36 5.4211322232600244e+38
1124.91 2.7148760106825248e+38
1125.46 5.4942700284075895e+38
1126.01 5.60647642110045e+38
1126.56 5.522554367084718e+38
1127.11 5.5148029597527684e+38
1127.67 5.5188679141409214e+38
1128.22 1.6030239094535569e+38
1128.77 2.421976918558043e+38
1129.33 5.503639766705528e+38
1129.88 4.9906831715804865e+38
1130.44 2.9513451380032554e+38
1130.99 5.580588502538559e+38
1131.54 5.713733761118406e+38
1132.1 5.741561221373465e+38
1132.65 5.705319892970619e+38
1133.21 5.711103095261364e+38
1133.77 5.6866958387845605e+38
1134.32 5.42475339143329e+38
1134.88 5.187761478543565e+38
1135.43 5.638193804279069e+38
1135.99 5.7054512643284866e+38
1136.55 5.641700147780856e+38
1137.1 5.603766104733697e+38
1137.66 5.6614802940288704e+38
1138.22 5.652883041846747e+38
1138.78 5.5804600062190226e+38
1139.34 2.8794530389011024e+38
1139.9 3.681120210671445e+38
1140.45 5.431877910868617e+38
1141.01 5.602346938154929e+38
1141.57 2.4998272621657288e+38
1142.13 5.6007991663318536e+38
1142.69 5.603250002569568e+38
1143.25 5.5192491571981485e+38
1143.81 5.490981746498388e+38
1144.38 3.5926921082528845e+38
1144.94 3.0177273573281597e+38
1145.5 5.56877921771663e+38
1146.06 5.561475136804156e+38
1146.62 5.5389825889208114e+38
1147.18 5.4875690752005636e+38
1147.75 5.513914150168256e+38
1148.31 5.4312525788111566e+38
1148.87 5.460972631402653e+38
1149.44 5.5305713558728805e+38
1150.0 5.333471761188056e+38
1150.0 5.333471761188056e+38
1150.3 5.419135372197048e+38
1150.6 5.512010040536361e+38
1150.89 4.88708620763355e+38
1151.19 5.172970479077841e+38
1151.49 5.5187408389740906e+38
1151.79 5.509599112245942e+38
1152.09 5.414271128662426e+38
1152.39 5.4752001530376615e+38
1152.69 5.147069114895885e+38
1152.98 5.447660068839955e+38
1153.28 5.389643008998596e+38
1153.58 5.2363660687180805e+38
1153.88 4.959752442840592e+38
1154.18 5.100350239594458e+38
1154.48 5.4153932587285365e+38
1154.78 5.402813794040382e+38
1155.08 5.099175975748738e+38
1155.38 5.1797643231583414e+38
1155.68 5.386913475842242e+38
1155.98 3.4633788460827684e+38
1156.28 5.367227449787347e+38
1156.57 5.2195131971001785e+38
1156.88 5.305667136307801e+38
1157.18 5.341337249716292e+38
1157.47 5.281897876106675e+38
1157.78 5.276913801191403e+38
1158.07 3.1332857243156015e+38
1158.38 5.307988826641046e+38
1158.68 5.290905442272735e+38
1158.97 5.100115365194076e+38
1159.28 5.230461382933499e+38
1159.58 4.847747599736827e+38
1159.88 5.397964200837603e+38
1160.18 4.963065421929394e+38
1160.48 5.428876973469573e+38
1160.78 5.435381101151705e+38
1161.08 5.434254829381038e+38
1161.38 5.264292354661417e+38
1161.68 5.365250454319065e+38
1161.98 5.331507199484508e+38
1162.28 5.404182415593537e+38
1162.58 5.425377975201167e+38
1162.89 5.407667744173632e+38
1163.19 4.301500720688953e+38
1163.49 5.363397682442345e+38
1163.79 4.570566161718493e+38
1164.09 5.321450172727274e+38
1164.39 5.140554880111923e+38
1164.7 4.986318321825779e+38
1165.0 4.17705313667412e+38
1165.3 5.263807517745303e+38
1165.6 4.6888895202467334e+38
1165.9 4.056112574267418e+38
1166.21 5.286278018225183e+38
1166.51 5.274241358664222e+38
1166.81 3.655190362823352e+38
1167.11 5.2648984636062534e+38
1167.42 4.58416245608343e+38
1167.72 5.2369689623453466e+38
1168.02 5.189195108067293e+38
1168.32 5.250371091093724e+38
1168.63 5.221797187599889e+38
1168.93 4.37693402101382e+38
1169.23 5.259809316601918e+38
1169.54 5.248316290829672e+38
1169.84 5.266959756057639e+38
1170.14 4.8390487796276796e+38
1170.44 4.441094352502018e+38
1170.75 5.091080920351641e+38
1171.05 3.1104985268902968e+38
1171.35 5.2559351733364874e+38
1171.66 4.9989638941542864e+38
1171.96 3.819882463306524e+38
1172.27 5.245175210499947e+38
1172.57 5.115404721552567e+38
1172.87 4.6558609352295815e+38
1173.18 5.2138676170751034e+38
1173.48 4.7309678854533186e+38
1173.79 5.115640300070042e+38
1174.09 5.028633682328808e+38
1174.4 5.075396782190409e+38
1174.7 4.914733801992653e+38
1175.0 1.6443717232149358e+38
1175.31 1.7430104866195086e+38
1175.61 1.7607998802118256e+38
1175.92 1.6297087601094839e+38
1176.22 2.8698553008501062e+38
1176.53 4.039150170590515e+38
1176.83 4.9962021277904164e+38
1177.14 5.007719563180337e+38
1177.44 4.985055525309798e+38
1177.75 4.870908820454512e+38
1178.05 4.912697237362575e+38
1178.36 4.681230220150662e+38
1178.66 5.120943685875634e+38
1178.97 5.0943643198505335e+38
1179.27 5.090846472809357e+38
1179.58 5.161548351407654e+38
1179.89 4.8688904159956485e+38
1180.19 5.1711841068844295e+38
1180.5 4.642158876787643e+38
1180.8 4.864072056914589e+38
1181.11 5.180122140960288e+38
1181.42 4.680583528968175e+38
1181.72 4.649433066875442e+38
1182.03 5.1851341863575525e+38
1182.33 5.1839404025340455e+38
1182.64 5.145528642066785e+38
1182.95 2.5159383786927153e+38
1183.25 5.010833820256034e+38
1183.56 5.059178469316086e+38
1183.87 4.955642855622933e+38
1184.17 4.888324186910806e+38
1184.48 2.1115433406588267e+38
1184.79 3.885796027903303e+38
1185.09 5.183224264170582e+38
1185.4 4.3121116782174416e+38
1185.71 5.119528912311617e+38
1186.02 5.116229293829421e+38
1186.32 5.136413751250947e+38
1186.63 4.5590042808559755e+38
1186.94 5.021922427730465e+38
1187.25 5.086745388053608e+38
1187.56 5.062091604935049e+38
1187.86 5.055801332194076e+38
1188.17 5.05440455564115e+38
1188.48 4.98562948407584e+38
1188.79 5.0234258952238764e+38
1189.09 4.974621012886282e+38
1189.4 4.864408066714135e+38
1189.71 4.989878833316991e+38
1190.02 4.959524043058944e+38
1190.33 4.823918924327141e+38
1190.64 4.9628368695829335e+38
1190.94 4.923682046445421e+38
1191.25 3.066761482324866e+38
1191.56 4.937873956551898e+38
1191.87 4.8670969808602756e+38
1192.18 4.903091522657109e+38
1192.49 4.8828119637472435e+38
1192.8 4.7358724812533946e+38
1193.11 4.407070520462769e+38
1193.42 4.839160204126374e+38
1193.73 4.619872606471447e+38
1194.04 4.288841533680823e+38
1194.34 4.147534430690177e+38
1194.65 4.841277757146171e+38
1194.96 4.841835161932105e+38
1195.27 4.7006725588532425e+38
1195.58 4.750398028368267e+38
1195.89 4.7315125896147735e+38
1196.2 3.9586763815838036e+38
1196.51 4.6651971323778576e+38
1196.82 4.624129626518757e+38
1197.13 4.5862740270803455e+38
1197.44 4.5004920617293935e+38
1197.75 4.6242361022640196e+38
1198.06 4.636390422219683e+38
1198.38 4.4610798822715886e+38
1198.69 4.6343624859945754e+38
1199.0 4.634896067408207e+38
1199.31 4.697751068478175e+38
1199.62 4.678859455876091e+38
1199.93 4.713570422636319e+38
1200.24 4.5962114466599924e+38
1200.55 4.559529185836172e+38
1200.86 3.852920074123665e+38
1201.17 4.644297162274077e+38
1201.48 4.363952351202584e+38
1201.8 3.945118021301383e+38
1202.11 1.8398397600936187e+38
1202.42 4.582895980165421e+38
1202.73 4.605746173947346e+38
1203.04 4.515023343109399e+38
1203.35 4.564991781533148e+38
1203.67 4.5952590602296655e+38
1203.98 4.606912885169002e+38
1204.29 4.530957619429745e+38
1204.6 4.576041980389781e+38
1204.92 4.299124280239343e+38
1205.23 4.518767535893029e+38
1205.54 4.479401591859685e+38
1205.85 4.4664245296629885e+38
1206.16 4.374113016847455e+38
1206.48 8.549682753579825e+37
1206.79 4.398149625309821e+38
1207.1 4.321853088981397e+38
1207.42 4.221531167397073e+38
1207.73 4.433737734003505e+38
1208.04 4.309828611884546e+38
1208.35 4.237502817772884e+38
1208.67 4.239259479733018e+38
1208.98 4.4741444355526734e+38
1209.29 4.3774379631739415e+38
1209.61 4.4178401722545665e+38
1209.92 4.410623631214377e+38
1210.23 4.397440784473689e+38
1210.55 3.802506805499069e+38
1210.86 4.361240134039685e+38
1211.18 4.0930778031715336e+38
1211.49 4.322848347010028e+38
1211.8 4.258238674373483e+38
1212.12 4.252555595093984e+38
1212.43 4.314197273268754e+38
1212.75 4.290323102911265e+38
1213.06 4.255494171261531e+38
1213.38 4.2949686681978844e+38
1213.69 3.87828749579145e+38
1214.0 4.052938371858958e+38
1214.32 4.2809484676299035e+38
1214.63 3.813993951712708e+38
1214.95 4.272086130317233e+38
1215.26 2.094594698581404e+38
1215.58 1.0013825058370956e+38
1215.89 7.935238785797717e+37
1216.21 4.311317431047018e+38
1216.52 4.318669802852443e+38
1216.84 3.565168001994857e+38
1217.15 3.033122844315021e+38
1217.47 4.340402450471493e+38
1217.79 2.465868995155318e+38
1218.1 4.3580278371527024e+38
1218.42 4.1233480978961536e+38
1218.73 2.4958587307271895e+38
1219.05 4.3799585444358325e+38
1219.36 4.3897521478428356e+38
1219.68 4.397744559413537e+38
1220.0 3.251771347361395e+38
1220.31 4.3888425420889185e+38
1220.63 4.385105031550339e+38
1220.94 3.479525310863599e+38
1221.26 2.3261086698809287e+38
1221.58 4.398048355338067e+38
1221.9 3.8842752716432875e+38
1222.21 3.9863001870332054e+38
1222.53 4.308439511197093e+38
1222.84 4.355519876587851e+38
1223.16 2.7118146338465588e+38
1223.48 4.3744151803065454e+38
1223.8 2.5215059656676417e+38
1224.11 4.344702061439005e+38
1224.43 4.437414518721241e+38
1224.75 4.4521521735181825e+38
1225.06 4.462518196332968e+38
1225.38 4.459025952035692e+38
1225.7 4.40849142115633e+38
1226.02 3.3458001785330343e+38
1226.34 4.5363859846372666e+38
1226.65 4.5384755486891695e+38
1226.97 4.482393709707341e+38
1227.29 4.319863260292196e+38
1227.61 4.5387890663018106e+38
1227.93 4.540670626843648e+38
1228.24 4.431288236867918e+38
1228.56 4.463443071670695e+38
1228.88 4.5674100166846855e+38
1229.2 4.5059876803358406e+38
1229.52 3.9520278827035855e+38
1229.84 3.713556193143763e+38
1230.16 4.5395206916253724e+38
1230.47 4.227075452764373e+38
1230.79 3.8793592542904615e+38
1231.11 4.584479129744908e+38
1231.43 4.5408797372684995e+38
1231.75 4.607443306148625e+38
1232.07 4.613069524529664e+38
1232.39 4.561734446788482e+38
1232.71 4.61785189506425e+38
1233.03 4.429350011412104e+38
1233.35 4.529184370881923e+38
1233.67 4.6250879964932566e+38
1233.99 4.6245555442105184e+38
1234.31 4.642800259041531e+38
1234.63 4.494692652627974e+38
1234.95 4.651039201519678e+38
1235.27 4.559529185836172e+38
1235.59 4.644404102399433e+38
1235.91 4.63137556505433e+38
1236.23 4.306852515775585e+38
1236.55 4.6202981320591155e+38
1236.87 4.600552594353443e+38
1237.19 4.345902712851535e+38
1237.51 4.560264154341461e+38
1237.83 4.5248063785554815e+38
1238.15 4.477854728509206e+38
1238.47 4.314495297751879e+38
1238.79 3.746709314461482e+38
1239.11 4.751820206651425e+38
1239.44 4.703270964407813e+38
1239.76 4.6895373590235164e+38
1240.08 4.670356149249792e+38
1240.4 4.639487404315737e+38
1240.72 4.627857736749017e+38
1241.04 4.616788717778273e+38
1241.36 4.609990177075885e+38
1241.69 4.578782349371894e+38
1242.01 4.540984296092227e+38
1242.33 4.490244607732938e+38
1242.65 4.404230092839231e+38
1242.97 4.7377266515215986e+38
1243.3 4.4816712914233474e+38
1243.62 4.678643991396607e+38
1243.94 4.654253135505086e+38
1244.26 4.6449388399634295e+38
1244.58 4.666916171156733e+38
1244.91 4.6548961887579145e+38
1245.23 4.440787583168046e+38
1245.55 4.5749884290840815e+38
1245.88 4.577622762272748e+38
1246.2 4.250695546488161e+38
1246.52 4.3652588350436335e+38
1246.84 4.5204326180763765e+38
1247.17 4.490554793555135e+38
1247.49 1.4539182902642932e+38
1247.81 3.4105152829501144e+38
1248.14 4.288051572634654e+38
1248.46 4.279667217145414e+38
1248.79 4.54318058762696e+38
1249.11 4.574356414733669e+38
1249.43 4.5711976523899255e+38
1249.76 4.589020523537652e+38
1250.08 4.523347988392581e+38
1250.4 4.391369690244082e+38
1250.73 4.45563903437206e+38
1251.05 4.521681832344943e+38
1251.38 4.525014758387879e+38
1251.7 4.4678645669128565e+38
1252.03 4.555016977307973e+38
1252.35 4.556800339736737e+38
1252.68 4.407577932415343e+38
1253.0 4.544226814063227e+38
1253.32 4.542552967388702e+38
1253.65 4.168501863678046e+38
1253.97 4.4668359215096166e+38
1254.3 4.530540322028377e+38
1254.62 4.5135681061162614e+38
1254.95 4.0812199413258355e+38
1255.27 3.419164533740873e+38
1255.6 4.520328532467075e+38
1255.93 4.515751137542239e+38
1256.25 4.519287808180095e+38
1256.58 3.597162025433243e+38
1256.9 4.408389913058741e+38
1257.23 4.4182470891104314e+38
1257.55 4.4276165283086974e+38
1257.88 4.247662476779562e+38
1258.2 4.4885906451751716e+38
1258.53 3.4850579179047e+38
1258.86 3.7922765452535986e+38
1259.18 4.4109283168244695e+38
1259.51 4.336806048708396e+38
1259.84 4.40068213259509e+38
1260.16 4.4461079191400915e+38
1260.49 4.35943292580459e+38
1260.82 4.3633494905498796e+38
1261.14 4.417128157933003e+38
1261.47 4.416314567793731e+38
1261.8 4.3317162466883296e+38
1262.12 4.390459749317284e+38
1262.45 4.405650077739582e+38
1262.78 4.405548635065516e+38
1263.11 4.388943600086476e+38
1263.43 4.3877310576802544e+38
1263.76 4.365962488344319e+38
1264.09 4.380160253625362e+38
1264.42 4.350508284475676e+38
1264.74 4.294869774028186e+38
1265.07 4.243068079270329e+38
1265.4 3.987309982403043e+38
1265.73 4.276810424660917e+38
1266.06 4.3229478854175934e+38
1266.38 4.266188100366329e+38
1266.71 4.0712708902193345e+38
1267.04 4.315985729008931e+38
1267.37 4.30358118364672e+38
1267.7 4.344201887921835e+38
1268.03 4.274250783748515e+38
1268.35 4.3774379631739415e+38
1268.68 4.315985729008931e+38
1269.01 3.583273848484116e+38
1269.34 4.3700861645950586e+38
1269.67 4.325138310350115e+38
1270.0 4.053031695288121e+38
1270.33 4.3573254626636225e+38
1270.66 4.024667437713076e+38
1270.99 4.3758255524653475e+38
1271.32 4.379655998068011e+38
1271.65 4.3927855287721695e+38
1271.97 4.346303003717401e+38
1272.31 4.3908641442268626e+38
1272.63 4.1207854174221926e+38
1272.96 4.380967183280483e+38
1273.29 4.353614791870458e+38
1273.62 3.5221674561537764e+38
1273.95 4.395213742644706e+38
1274.28 4.382278761036722e+38
1274.61 4.394303005187246e+38
1274.94 4.402709188321595e+38
1275.28 4.402911945241118e+38
1275.61 4.4033174870931435e+38
1275.94 4.326632418208309e+38
1276.27 4.400175514505038e+38
1276.6 4.392178684943856e+38
1276.93 4.230775687699709e+38
1277.26 4.341701883922829e+38
1277.59 4.3008074565603456e+38
1277.92 4.3713944847824824e+38
1278.25 4.385105031550339e+38
1278.58 4.387630027602124e+38
1278.92 3.093641606879107e+38
1279.25 4.375624042891516e+38
1279.58 4.366867352112545e+38
1279.91 4.3107218416749e+38
1280.24 4.364655793905983e+38
1280.57 4.3570244796796324e+38
1280.91 4.3691806338528765e+38
1281.24 4.337105635004414e+38
1281.57 4.184658287647711e+38
1281.9 4.3546173641435e+38
1282.23 4.316880234887254e+38
1282.57 4.344501985121972e+38
1282.9 4.3358075771702334e+38
1283.23 4.327329845164412e+38
1283.56 4.065650105217283e+38
1283.9 4.240626275818303e+38
1284.23 3.4458788144433646e+38
1284.56 4.2947708821355145e+38
1284.9 4.312608157000005e+38
1285.23 4.290224315708429e+38
1285.56 4.296947029863578e+38
1285.9 4.208332053559178e+38
1286.23 4.280061407215731e+38
1286.56 4.178688520178577e+38
1286.9 4.297936552399866e+38
1287.23 4.294078702641308e+38
1287.56 4.00350154091856e+38
1287.9 4.280061407215731e+38
1288.23 4.082911816028974e+38
1288.56 4.2655987454110584e+38
1288.9 4.243361190153164e+38
1289.23 3.9843731059527105e+38
1289.57 4.21715923717398e+38
1289.9 4.227854180559582e+38
1290.23 4.223767459498104e+38
1290.57 4.229022541248549e+38
1290.9 4.164856093407398e+38
1291.24 3.262270733602683e+38
1291.57 3.667752315994944e+38
1291.91 4.205716555152167e+38
1292.24 4.121544564065894e+38
1292.58 4.192470351251191e+38
1292.91 4.191505110409521e+38
1293.25 3.638647628798037e+38
1293.58 4.14954042634365e+38
1293.92 4.0416620828172e+38
1294.25 4.171286309003726e+38
1294.59 1.3351498152588108e+38
1294.92 4.1358044865136585e+38
1295.26 4.1000579966549555e+38
1295.59 4.105820889699118e+38
1295.93 3.925364585819041e+38
1296.27 2.8011089424508865e+38
1296.6 3.609857014877712e+38
1296.94 4.07765050779392e+38
1297.28 4.081501871749155e+38
1297.61 4.027355805573002e+38
1297.95 4.063684664324642e+38
1298.28 4.0931720508559e+38
1298.62 3.8273660480981556e+38
1298.96 1.4174899877660529e+38
1299.29 4.0425928170540726e+38
1299.63 4.054525162436135e+38
1299.97 4.076430102613107e+38
1300.3 3.895202138774753e+38
1300.64 4.014024325135285e+38
1300.98 3.974477108926978e+38
1301.32 4.011529589906582e+38
1301.65 4.071364635775259e+38
1301.99 4.070989666502706e+38
1302.33 4.070895929580735e+38
1302.67 4.07370897634561e+38
1303.0 4.0500464111264e+38
1303.34 1.3262335190017008e+38
1303.68 4.041569021179958e+38
1304.02 4.075491577950177e+38
1304.35 4.015595880237112e+38
1304.69 4.015873277354381e+38
1305.03 4.0601305671398534e+38
1305.37 3.623013897953337e+38
1305.71 4.03236651797587e+38
1306.05 3.60006216397397e+38
1306.38 4.078119991682767e+38
1306.72 4.057420321248815e+38
1307.06 4.081125968845726e+38
1307.4 3.9090389697898795e+38
1307.74 4.075022396651225e+38
1308.08 4.073052424949465e+38
1308.42 4.066024582675353e+38
1308.76 3.1142250949582133e+38
1309.09 4.067148222015758e+38
1309.43 3.9931902312034005e+38
1309.77 3.958402935351726e+38
1310.11 3.857358466741132e+38
1310.45 4.063591095604626e+38
1310.79 4.064058960750645e+38
1311.13 3.996869789562465e+38
1311.47 4.017538062518289e+38
1311.81 3.886780363917403e+38
1312.15 4.062936174886755e+38
1312.49 3.490920832932784e+38
1312.83 4.06742918036557e+38
1313.17 4.0677101581240344e+38
1313.51 4.068272171872017e+38
1313.85 4.0697712548535124e+38
1314.19 4.0719271544428646e+38
1314.53 3.985565951029995e+38
1314.88 4.0677101581240344e+38
1315.22 4.070989666502706e+38
1315.56 4.031159665897677e+38
1315.9 4.013931899873606e+38
1316.24 3.869634977755664e+38
1316.58 4.069115338091937e+38
1316.92 4.0648076570323814e+38
1317.26 4.033759488574636e+38
1317.6 4.0724897508306654e+38
1317.94 4.057980913305159e+38
1318.29 3.998802914786461e+38
1318.63 3.8726656196107885e+38
1318.97 4.056205970786135e+38
1319.31 3.908948961877512e+38
1319.65 3.898432329768348e+38
1320.0 4.04771568790377e+38
1320.34 3.951208978314299e+38
1320.68 4.000460623410752e+38
1321.02 4.038127246574488e+38
1321.36 3.7922765452535986e+38
1321.71 4.0294892362214175e+38
1322.05 4.030231563938082e+38
1322.39 4.027819498736869e+38
1322.74 4.019296084467878e+38
1323.08 3.8906306159785216e+38
1323.42 4.00746741720082e+38
1323.76 3.9075990918639085e+38
1324.11 3.966797218169484e+38
1324.45 3.809166883819936e+38
1324.79 3.865360461744358e+38
1325.14 3.963784179960964e+38
1325.48 3.978505840979113e+38
1325.82 3.886959360889436e+38
1326.17 3.926268538484461e+38
1326.51 3.916516855912109e+38
1326.85 3.8065365131573866e+38
1327.2 3.763396702123152e+38
1327.54 3.707148643110438e+38
1327.89 3.943755661094325e+38
1328.23 3.9179600198690415e+38
1328.58 3.899689238450823e+38
1328.92 3.896816899571022e+38
1329.27 3.92681101000065e+38
1329.61 3.88087808585053e+38
1329.95 3.8368957552747416e+38
1330.3 3.735596845558538e+38
1330.64 3.890451449942836e+38
1330.99 3.8951124494635256e+38
1331.33 3.825603886680407e+38
1331.68 3.733962912374334e+38
1332.02 3.882486908593193e+38
1332.37 3.693005887357727e+38
1332.71 3.876412630852234e+38
1333.06 3.8376026026933895e+38
1333.41 3.8572696488026865e+38
1333.75 3.854694818007612e+38
1334.1 3.853008791908299e+38
1334.44 1.5090721352186354e+38
1334.79 3.5771734604439595e+38
1335.13 3.666823449334777e+38
1335.48 3.838486345088635e+38
1335.83 1.9641741902328416e+38
1336.17 3.507922580790385e+38
1336.52 3.71406927533339e+38
1336.86 3.773375280111461e+38
1337.21 3.84662632995103e+38
1337.56 3.851678239608674e+38
1337.91 3.8345111062955724e+38
1338.25 3.8545173068384765e+38
1338.6 2.0934857062838364e+38
1338.94 3.8567367841169006e+38
1339.29 3.858690981260613e+38
1339.64 3.611187180360261e+38
1339.99 3.862424471291507e+38
1340.33 3.773375280111461e+38
1340.68 3.859757324294353e+38
1341.03 3.852565223412259e+38
1341.38 3.8108337252754364e+38
1341.72 3.856381581889764e+38
1342.07 3.842200286052799e+38
1342.42 2.7626762869574428e+38
1342.77 3.849904884590595e+38
1343.11 3.694026443582856e+38
1343.46 2.1513446952611367e+38
1343.81 3.841050349066754e+38
1344.16 3.803995548089079e+38
1344.51 3.835129206275012e+38
1344.86 3.521924161848554e+38
1345.21 3.828952687360318e+38
1345.55 3.6762920070712585e+38
1345.9 3.813115848250157e+38
1346.25 3.797257075427339e+38
1346.6 3.7921892258645225e+38
1346.95 3.811448008604441e+38
1347.3 3.3010340189949195e+38
1347.65 3.827101672149228e+38
1348.0 3.5657426854963176e+38
1348.35 3.854872337351628e+38
1348.7 3.843970092155024e+38
1349.05 3.811623536313424e+38
1349.4 3.845209441456246e+38
1349.74 3.828423734537102e+38
1350.09 3.794285446229759e+38
1350.44 3.733876935690755e+38
1350.8 3.83186323450967e+38
1351.15 3.818299582558706e+38
1351.49 3.616346202778458e+38
1351.84 3.820322268844082e+38
1352.2 3.820058379445445e+38
1352.55 3.683663916892047e+38
1352.9 3.7919272797604644e+38
1353.25 3.79524660110914e+38
1353.6 3.802857045447408e+38
1353.95 3.803294890748522e+38
1354.3 3.652834534018787e+38
1354.65 3.771551132463082e+38
1355.0 3.791054256752034e+38
1355.35 3.5359002110038446e+38
1355.7 3.780593645254192e+38
1356.06 2.9350803846043246e+38
1356.41 3.7131286787973696e+38
1356.76 3.7741573277318904e+38
1357.11 2.987789522785672e+38
1357.46 3.7660839788550134e+38
1357.81 3.6010570353508776e+38
1358.17 3.755605790537133e+38
1358.52 3.643929785442435e+38
1358.87 3.738780767603149e+38
1359.22 3.258742164980566e+38
1359.57 3.730353595632298e+38
1359.93 3.6567898261732374e+38
1360.28 3.7081731076632665e+38
1360.63 3.67739261856187e+38
1360.98 3.688247018402738e+38
1361.34 3.6061185507142186e+38
1361.69 3.3728730865886787e+38
1362.04 3.6205954391457375e+38
1362.4 3.662266969249189e+38
1362.75 3.6763766577975885e+38
1363.1 3.39742595263628e+38
1363.46 2.650330289727099e+38
1363.81 3.6021351229303824e+38
1364.16 3.6768846030896875e+38
1364.52 3.673076723368884e+38
1364.87 3.486181548940307e+38
1365.22 3.458438044481438e+38
1365.58 3.3713978071380516e+38
1365.93 3.645944051970497e+38
1366.29 3.644768927888928e+38
1366.64 3.6653883908101734e+38
1366.99 3.298526670854889e+38
1367.35 3.6451885715751495e+38
1367.7 3.65451711388642e+38
1368.06 3.64669968894228e+38
1368.41 3.6358838413568914e+38
1368.77 3.65670562644524e+38
1369.12 3.6404913208104726e+38
1369.48 3.420424432574314e+38
1369.83 3.651489027910149e+38
1370.19 3.618678499101279e+38
1370.54 3.638480066740557e+38
1370.9 3.508326468551638e+38
1371.25 3.446989813592263e+38
1371.61 3.3612436904705238e+38
1371.96 3.477923299146447e+38
1372.32 3.610189510307457e+38
1372.67 3.57486791478414e+38
1373.03 3.1703703665877133e+38
1373.39 3.565085911913036e+38
1373.74 3.34649360944669e+38
1374.1 3.1579845430764026e+38
1374.45 3.527767866188735e+38
1374.81 3.3411809763304103e+38
1375.17 3.593519451429878e+38
1375.52 3.4218423736935545e+38
1375.88 3.616762573989147e+38
1376.23 3.544949069267092e+38
1376.59 3.6104389019775404e+38
1376.95 3.3126839229277098e+38
1377.31 3.436528895850763e+38
1377.66 3.435816808618524e+38
1378.02 3.3497315211089604e+38
1378.38 3.598404655764055e+38
1378.73 3.3484205605892836e+38
1379.09 3.4991293737161075e+38
1379.45 3.550667459324628e+38
1379.81 3.597162025433243e+38
1380.16 3.430204402546959e+38
1380.52 3.4904385777102785e+38
1380.88 3.458358411919414e+38
1381.24 3.3632565758396733e+38
1381.6 2.9376496519615545e+38
1381.95 3.5977418661776165e+38
1382.31 3.590211221431868e+38
1382.67 3.530368179486001e+38
1383.03 3.586080216466172e+38
1383.39 3.582118923633326e+38
1383.75 3.4226303727358096e+38
1384.1 3.410907955636248e+38
1384.46 3.525575341664317e+38
1384.82 3.537366022747839e+38
1385.18 3.559508218411575e+38
1385.54 3.53223833847819e+38
1385.9 3.0139080605437075e+38
1386.26 3.1955086684798005e+38
1386.62 3.476642220849361e+38
1386.98 3.5327263689499314e+38
1387.34 3.087379385231501e+38
1387.7 3.528661507783697e+38
1388.06 3.430283386831553e+38
1388.42 3.5027569221683e+38
1388.78 3.5061460269484114e+38
1389.14 3.513419440407421e+38
1389.49 3.517871730026621e+38
1389.85 3.5198973627457554e+38
1390.21 3.4287829963749025e+38
1390.58 3.515523456432005e+38
1390.94 3.45907517099209e+38
1391.3 3.5067919424036706e+38
1391.66 3.49510317026269e+38
1392.02 3.475521664434266e+38
1392.38 3.2667056223914174e+38
1392.74 3.432890888764384e+38
1393.1 3.262871721430826e+38
1393.46 3.4514373933585365e+38
1393.82 1.831681672668311e+38
1394.18 3.3682165076063116e+38
1394.55 3.375436948550124e+38
1394.91 3.3977388815411348e+38
1395.27 2.975911420002718e+38
1395.63 3.455254171779577e+38
1395.99 2.9919201592409358e+38
1396.35 3.462422011340212e+38
1396.72 3.438982770600451e+38
1397.08 3.375436948550124e+38
1397.44 3.3245280379785042e+38
1397.8 3.433681432114218e+38
1398.16 2.1223646331536176e+38
1398.53 3.423733876264534e+38
1398.89 3.063726548946769e+38
1399.25 3.4683267062233426e+38
1399.61 3.4389035860074496e+38
1399.98 2.884562810296034e+38
1400.34 3.2235914855306417e+38
1400.7 2.854959816900388e+38
1401.07 3.230278746562269e+38
1401.43 3.3741159278808144e+38
1401.79 3.414050965148314e+38
1402.16 3.4426272335603216e+38
1402.52 3.4220787543549295e+38
1402.88 1.3299337275274732e+38
1403.25 2.269133251834204e+38
1403.61 3.4520732301828145e+38
1403.97 3.4257053032788785e+38
1404.34 3.435895922135032e+38
1404.7 3.429730535029945e+38
1405.06 3.4272832621823165e+38
1405.43 3.418770910535773e+38
1405.79 3.3924230079415945e+38
1406.16 3.1794353605961412e+38
1406.52 3.3751260736346716e+38
1406.89 2.56342136706427e+38
1407.25 3.0791440021277527e+38
1407.62 3.3875054297260103e+38
1407.98 3.3886756347273434e+38
1408.35 3.3898462439730276e+38
1408.71 2.6611539525726903e+38
1409.08 3.129608408837304e+38
1409.44 2.969477233770072e+38
1409.81 2.7369697660469143e+38
1410.17 3.0775845990962415e+38
1410.54 3.2655023452297728e+38
1410.9 3.383607664138352e+38
1411.27 3.222033117652774e+38
1411.64 3.187278403237886e+38
1412.0 3.3081104409333085e+38
1412.37 3.3085675048527117e+38
1412.73 3.379091874377206e+38
1413.1 3.382750757760896e+38
1413.46 3.379325301836765e+38
1413.83 3.3756701235276305e+38
1414.2 3.1819254481457623e+38
1414.56 2.879718258540455e+38
1414.93 3.3008059995187976e+38
1415.3 3.334878378355308e+38
1415.67 3.1663578817232106e+38
1416.03 3.2822374769884853e+38
1416.4 3.3593093598651322e+38
1416.77 3.3556758313915115e+38
1417.13 2.795374505642234e+38
1417.5 3.3519690502216392e+38
1417.87 3.1877921732234454e+38
1418.23 3.3242218517310705e+38
1418.6 3.222552489887922e+38
1418.97 3.3233799849464445e+38
1419.34 3.2695651829558087e+38
1419.71 3.2236657123222344e+38
1420.07 2.9514810555992255e+38
1420.44 2.801302442884936e+38
1420.81 3.299134337888642e+38
1421.18 2.3965693457248188e+38
1421.55 3.2973875968261175e+38
1421.92 3.2686618935094837e+38
1422.28 3.162641751796799e+38
1422.65 2.9899229724057326e+38
1423.02 3.2945037027882954e+38
1423.39 3.2962489161516982e+38
1423.76 3.3020983181717806e+38
1424.13 3.2305018940200797e+38
1424.5 2.2968889583006313e+38
1424.87 3.3079581003253678e+38
1425.23 3.3078819326522134e+38
1425.6 3.295717666413313e+38
1425.97 3.1360284937383524e+38
1426.34 2.5670835279104025e+38
1426.71 3.189554299128998e+38
1427.08 3.2986785771194506e+38
1427.45 2.324877101501638e+38
1427.82 2.3694088158447962e+38
1428.19 2.578517005769169e+38
1428.56 2.7600058336055112e+38
1428.93 2.4715534102580486e+38
1429.3 3.0257288065948726e+38
1429.68 3.2664799741550235e+38
1430.05 3.2582169601290367e+38
1430.42 2.6122215023296197e+38
1430.79 3.1846374652604325e+38
1431.16 3.2697157554638534e+38
1431.53 3.191611343821724e+38
1431.9 3.2573918092341263e+38
1432.27 3.2841274286796204e+38
1432.64 3.279064806301808e+38
1433.01 3.238247209852323e+38
1433.38 3.270092217072165e+38
1433.76 3.1521726751417784e+38
1434.13 3.2648256966121257e+38
1434.5 2.9831150283649028e+38
1434.87 3.25461783498048e+38
1435.24 2.6902955917046172e+38
1435.61 3.173437869586938e+38
1435.99 3.0640087415852347e+38
1436.36 3.2463848278803442e+38
1436.73 2.9818788868363914e+38
1437.1 3.1520275155679857e+38
1437.48 3.175703882559245e+38
1437.85 3.1751189501615547e+38
1438.22 3.1452125506099327e+38
1438.59 3.2005896758528267e+38
1438.97 3.1955822486331893e+38
1439.34 3.2092237680484293e+38
1439.71 2.87104500286445e+38
1440.09 3.24586161463572e+38
1440.46 3.0047614584338116e+38
1440.83 3.0244750067928934e+38
1441.21 2.9823595476631705e+38
1441.58 3.2397388212327383e+38
1441.95 3.2372034905236837e+38
1442.33 3.111716337106033e+38
1442.7 3.029563082913032e+38
1443.07 3.235117060961279e+38
1443.45 2.9804373691087412e+38
1443.82 3.235415039976244e+38
1444.2 3.1846374652604325e+38
1444.57 3.231915519267557e+38
1444.95 2.73161821486029e+38
1445.32 3.167087046513966e+38
1445.69 3.1919788128096917e+38
1446.07 3.2044979640873573e+38
1446.44 3.1692755485351855e+38
1446.82 3.0039313268529774e+38
1447.19 2.9308932452503125e+38
1447.57 3.0104401673206692e+38
1447.94 3.2052359119677223e+38
1448.32 3.1953615132557147e+38
1448.69 3.1997791191994213e+38
1449.07 2.758608055047224e+38
1449.45 3.0913629670890452e+38
1449.82 2.9495108629487337e+38
1450.2 3.131843125111662e+38
1450.57 3.1937432529771756e+38
1450.95 3.080207684470369e+38
1451.33 3.163297222369604e+38
1451.7 3.0639381909889774e+38
1452.08 3.128095474820532e+38
1452.45 2.6981742917116196e+38
1452.83 3.1673787594444863e+38
1453.21 3.1685458798812805e+38
1453.58 2.9514130960188603e+38
1453.96 2.9997150360274094e+38
1454.34 2.967700022563335e+38
1454.71 2.9644900703445906e+38
1455.09 3.153624638605522e+38
1455.47 2.7642034202175077e+38
1455.85 3.1149422543490823e+38
1456.22 2.961760931094874e+38
1456.6 2.99667745141752e+38
1456.98 3.1442712159653408e+38
1457.36 2.6214404711067343e+38
1457.73 2.946999078160832e+38
1458.11 3.0865264286273573e+38
1458.49 2.6228291394326097e+38
1458.87 3.1102836686851614e+38
1459.24 2.382593759812643e+38
1459.62 3.062880126960031e+38
1460.0 3.111143190564256e+38
1460.38 2.915143915668787e+38
1460.76 2.899679511895152e+38
1461.14 3.0987746892665466e+38
1461.52 3.039275015838344e+38
1461.9 3.0994169231267088e+38
1462.27 2.702837899361954e+38
1462.65 2.808342031830355e+38
1463.03 3.0979899174912384e+38
1463.41 3.0788604155444697e+38
1463.79 2.9380555312958675e+38
1464.17 2.9987481979941222e+38
1464.55 3.0867396456838566e+38
1464.93 3.032424522370714e+38
1465.31 2.688314038777266e+38
1465.69 2.991093575352039e+38
1466.07 3.081200786172526e+38
1466.45 2.649415056138956e+38
1466.83 2.641678733661392e+38
1467.21 3.0339610429247082e+38
1467.59 3.06027179762419e+38
1467.97 3.034100765211306e+38
1468.35 2.9839394073951986e+38
1468.73 3.0505630109694368e+38
1469.11 3.0335419146694854e+38
1469.49 3.016407417015039e+38
1469.87 2.2074455507717713e+38
1470.25 2.7931869222539795e+38
1470.64 3.0132141624575828e+38
1471.02 2.774150383630878e+38
1471.4 3.0335419146694854e+38
1471.78 2.94564224737736e+38
1472.16 2.9457100740774954e+38
1472.54 2.7751087067157774e+38
1472.92 2.8939431807935688e+38
1473.31 2.9785164294291668e+38
1473.69 3.039275015838344e+38
1474.07 3.038155511776072e+38
1474.45 3.030260745910644e+38
1474.83 3.034100765211306e+38
1475.21 2.9165538535780684e+38
1475.6 2.8926773831201008e+38
1475.98 3.0112720976090763e+38
1476.36 2.913734659360075e+38
1476.74 3.0046230872411117e+38
1477.13 3.0119655484668062e+38
1477.51 2.8310660385132287e+38
1477.89 2.9662653592670627e+38
1478.28 2.456687974699381e+38
1478.66 3.0049690271711817e+38
1479.04 3.0043463639716656e+38
1479.43 2.7800333124988302e+38
1479.81 2.979065142968399e+38
1480.19 2.9746097697917234e+38
1480.58 2.996332466035437e+38
1480.96 2.9886840098051967e+38
1481.34 2.9473383834997762e+38
1481.73 2.9711870943634195e+38
1482.11 2.995090847472534e+38
1482.5 2.994608134767992e+38
1482.88 2.9741988406515684e+38
1483.27 2.7777937729057076e+38
1483.65 2.9602609755970573e+38
1484.03 2.847344397833185e+38
1484.42 2.802141099240684e+38
1484.8 2.9523646725583913e+38
1485.19 2.9631934157803388e+38
1485.57 2.9746782635013905e+38
1485.96 2.9030198137678104e+38
1486.34 2.8378536836933666e+38
1486.73 2.9535205708260122e+38
1487.11 2.9673583731390012e+38
1487.5 2.9651727480021972e+38
1487.89 2.7337575785320414e+38
1488.27 2.961897328366887e+38
1488.66 2.956446333951438e+38
1489.04 2.896943332541337e+38
1489.43 2.9053603143031514e+38
1489.81 2.44799203264674e+38
1490.2 2.830935666106041e+38
1490.59 2.9422529028512113e+38
1490.97 2.8823717988870087e+38
1491.36 2.9400180720978733e+38
1491.75 2.8150751948852207e+38
1492.13 2.8431514862737647e+38
1492.52 2.9375143713105467e+38
1492.91 2.9339992601926175e+38
1493.29 2.917091152137696e+38
1493.68 1.7676651509282225e+38
1494.07 2.9127284648349933e+38
1494.45 2.7490965955338834e+38
1494.84 2.929341471040163e+38
1495.23 2.2432620019438825e+38
1495.62 2.7747892289097647e+38
1496.01 2.916755328939502e+38
1496.39 2.9016164185649604e+38
1496.78 2.9089080935198937e+38
1497.17 2.903354055515299e+38
1497.56 2.4302446738556185e+38
1497.94 2.467857051756196e+38
1498.33 2.883367506780245e+38
1498.72 2.2329551492737964e+38
1499.11 2.5361211741424935e+38
1499.5 2.744732343478521e+38
1499.89 2.8444611074479198e+38
1500.28 2.070522718044177e+38
1500.66 2.8904136531697415e+38
1501.05 2.881310089459261e+38
1501.44 2.8033027302501833e+38
1501.83 1.706946855913373e+38
1502.22 2.5414408131321522e+38
1502.61 2.8815754801471678e+38
1503.0 2.667227130113956e+38
1503.39 2.855485768374088e+38
1503.78 2.7984657757061896e+38
1504.17 2.7263399030456333e+38
1504.56 2.1476326607430476e+38
1504.95 2.794537874468801e+38
1505.34 2.7203200344670553e+38
1505.73 2.4125148762118627e+38
1506.12 2.6918446961612528e+38
1506.51 2.853973918981418e+38
1506.9 2.76853488358481e+38
1507.29 2.8488527353375875e+38
1507.68 2.7487801123104574e+38
1508.07 2.8403378421757774e+38
1508.46 2.836024641485603e+38
1508.85 2.5532303605553444e+38
1509.24 2.685653625160454e+38
1509.64 2.821434678556185e+38
1510.03 2.79936803990717e+38
1510.42 2.8126131311052865e+38
1510.81 2.7910010508084616e+38
1511.2 2.1640634994949925e+38
1511.59 2.185143687750538e+38
1511.98 2.7384196342643614e+38
1512.38 2.3284129175774894e+38
1512.77 2.1931079034756163e+38
1513.16 2.5535243289855723e+38
1513.55 2.081037949434242e+38
1513.94 2.7797132677593056e+38
1514.34 2.792350945805193e+38
1514.73 2.7940874844793514e+38
1515.12 2.7875328880014492e+38
1515.52 2.2222350848852928e+38
1515.91 2.7066369104350312e+38
1516.3 2.6430172644776563e+38
1516.69 2.217124086018786e+38
1517.09 2.6943871586935538e+38
1517.48 2.796275773174802e+38
1517.87 2.736465644017052e+38
1518.27 2.7866344383878062e+38
1518.66 2.4962610480468e+38
1519.05 2.6953179277784124e+38
1519.45 2.785800423040208e+38
1519.84 2.784325468857519e+38
1520.23 2.7816981392402956e+38
1520.63 2.0460205905020292e+38
1521.02 2.7635670121305926e+38
1521.42 2.7334428611765562e+38
1521.81 2.7710859730855445e+38
1522.21 2.765030969835663e+38
1522.6 2.765285650327701e+38
1522.99 2.7631852376108814e+38
1523.39 2.656439932030018e+38
1523.79 2.749223199025811e+38
1524.18 2.641070534678294e+38
1524.57 2.403532505910694e+38
1524.97 2.2984232173540515e+38
1525.36 1.943479661040928e+38
1525.76 2.2127889803918923e+38
1526.16 2.4676865841182636e+38
1526.55 2.6326310549503497e+38
1526.95 2.4809613579510013e+38
1527.34 2.4728626781870226e+38
1527.74 2.081085867655503e+38
1528.14 2.4697329731617707e+38
1528.53 2.6565622684266498e+38
1528.93 2.5914330901714907e+38
1529.32 2.7068862123877535e+38
1529.72 2.680957936042115e+38
1530.12 1.5483887241840344e+38
1530.51 2.3293245286947574e+38
1530.91 2.692712584246585e+38
1531.31 1.7401632793372504e+38
1531.7 2.0323102147253992e+38
1532.1 2.3622725314531744e+38
1532.5 2.065903350557637e+38
1532.9 1.6205409132761834e+38
1533.29 1.6566089372222861e+38
1533.69 2.6749150854504427e+38
1534.09 2.5816062273370973e+38
1534.48 2.6534444494952965e+38
1534.88 2.507898755871237e+38
1535.28 2.6605412697709994e+38
1535.68 2.223565873397253e+38
1536.08 2.668947309454936e+38
1536.47 2.5217962814816747e+38
1536.87 2.5977060151492973e+38
1537.27 2.0650472826885695e+38
1537.67 2.641435437262882e+38
1538.07 2.4121815979870144e+38
1538.47 2.6478903691178975e+38
1538.86 2.2536683209177493e+38
1539.26 2.5849372205346733e+38
1539.66 2.6462446926469756e+38
1540.06 2.2560566465556774e+38
1540.46 2.3633606486854963e+38
1540.86 2.555583055912193e+38
1541.26 2.6484391553394114e+38
1541.66 2.648317193017348e+38
1542.06 2.1419533104519303e+38
1542.46 2.364449267129721e+38
1542.86 2.48147554744511e+38
1543.26 2.6307525497929327e+38
1543.66 2.01432712037542e+38
1544.06 2.44799203264674e+38
1544.46 1.665022091130685e+38
1544.86 1.5479609476709204e+38
1545.26 2.537815233778218e+38
1545.66 2.4166847413194684e+38
1546.06 2.6061535499988763e+38
1546.46 1.817816327887524e+38
1546.86 2.3962934463646688e+38
1547.26 2.132602922377849e+38
1547.66 1.84285005529136e+38
1548.06 1.6121668990855727e+38
1548.47 2.6815753204962675e+38
1548.87 2.597586389120885e+38
1549.27 2.62536686699161e+38
1549.67 2.5983042279331126e+38
1550.07 2.3842950656486072e+38
1550.47 2.4160170788934958e+38
1550.88 1.5818306999000122e+38
1551.28 2.5386919154959704e+38
1551.68 2.616977567970071e+38
1552.08 1.797628728208325e+38
1552.48 2.594776762767229e+38
1552.89 2.5077255223458656e+38
1553.29 1.702236897496063e+38
1553.69 2.6027952170854416e+38
1554.09 2.4207503315109807e+38
1554.5 2.599022265118939e+38
1554.9 1.9745584770307884e+38
1555.3 2.305738227920788e+38
1555.71 2.575668697778937e+38
1556.11 2.208614911568304e+38
1556.51 1.778033748629368e+38
1556.92 2.2753069846393913e+38
1557.32 2.1458531598843793e+38
1557.72 2.5551711777851432e+38
1558.13 2.517097277959783e+38
1558.53 2.5348951472746238e+38
1558.93 2.383361941104557e+38
1559.34 2.3222020280147447e+38
1559.74 2.5336697131000374e+38
1560.15 2.0348387526771345e+38
1560.55 2.0057185910186345e+38
1560.96 2.5421431362049423e+38
1561.36 1.6687450866473956e+38
1561.77 2.539393478915329e+38
1562.17 2.4889719370367587e+38
1562.57 2.3482806526941073e+38
1562.98 2.5346616855549704e+38
1563.39 2.5286574459454176e+38
1563.79 2.449514417519282e+38
1564.19 2.0361979693546593e+38
1564.6 1.853104881118661e+38
1565.01 2.5207513009561687e+38
1565.41 2.5099784918349813e+38
1565.82 2.263184708020324e+38
1566.22 1.831049141471686e+38
1566.63 1.829405582428361e+38
1567.04 2.091991906501737e+38
1567.44 2.5240618923028e+38
1567.85 2.5140273613030285e+38
1568.25 1.3896646174785376e+38
1568.66 1.7858295297305026e+38
1569.07 2.4746854221850144e+38
1569.47 2.470187956692213e+38
1569.88 2.5404461875784392e+38
1570.29 2.405636474729318e+38
1570.69 2.417018641719537e+38
1571.1 2.4777072978076627e+38
1571.51 2.5013818829149534e+38
1571.92 2.4985037177201764e+38
1572.32 2.502706952024819e+38
1572.73 2.5032832879474034e+38
1573.14 2.530987498385628e+38
1573.55 2.5292397578780354e+38
1573.95 2.5266204097551755e+38
1574.36 2.5273186372333364e+38
1574.77 1.5753969487981746e+38
1575.18 1.634632013050373e+38
1575.59 1.760637712017802e+38
1575.99 2.5100362868909364e+38
1576.4 2.0751046328533395e+38
1576.81 2.318942606263552e+38
1577.22 1.8296583416093234e+38
1577.63 2.4597445104263537e+38
1578.04 1.7495243846388342e+38
1578.45 2.5137958214889415e+38
1578.86 2.4764524866430245e+38
1579.27 2.317501372393353e+38
1579.68 2.428790189537513e+38
1580.08 2.4781637503982908e+38
1580.49 2.513043464356277e+38
1580.9 1.8937820682092755e+38
1581.31 2.441349742696057e+38
1581.72 2.46609612054224e+38
1582.13 2.4970083808451096e+38
1582.54 2.395024718349397e+38
1582.95 2.47765024714558e+38
1583.36 2.3823743249231967e+38
1583.77 2.1216805738936255e+38
1584.18 2.350336255960756e+38
1584.59 2.4651877444951517e+38
1585.01 1.5614209424056922e+38
1585.42 2.4626914352580308e+38
1585.83 1.730453764520266e+38
1586.24 2.3368454996658688e+38
1586.65 2.4864515433461624e+38
1587.06 2.4878832719557524e+38
1587.47 2.0632411930580697e+38
1587.88 2.4905198069540595e+38
1588.3 2.4603109527421794e+38
1588.71 2.362163747287677e+38
1589.12 2.4749133596322708e+38
1589.53 2.4826757374002243e+38
1589.94 2.4527879278402514e+38
1590.35 2.4864515433461624e+38
1590.77 2.4670048313090852e+38
1591.18 2.4496836298250998e+38
1591.59 2.291711795088155e+38
1592.0 1.5814300976584818e+38
1592.42 2.4546523945741726e+38
1592.83 2.469789841519744e+38
1593.24 2.415015931094495e+38
1593.66 2.429964897703211e+38
1594.07 2.3341566549801976e+38
1594.48 2.4391022116715045e+38
1594.89 2.0878053205295934e+38
1595.31 2.3641770655174156e+38
1595.72 2.3637416081163113e+38
1596.14 2.463939273738554e+38
1596.55 2.4606508807424553e+38
1596.96 2.4597445104263537e+38
1597.38 2.351906216348374e+38
1597.79 2.452505556449212e+38
1598.2 2.4491760279719835e+38
1598.62 2.3472535253452813e+38
1599.03 2.4503605959481237e+38
1599.45 2.4473720730672548e+38
1599.86 2.4383722096838087e+38
1600.28 2.2909204025521618e+38
1600.69 2.376730831604934e+38
1601.11 2.22197925534332e+38
1601.52 2.197202072522064e+38
1601.94 1.713799453476145e+38
1602.35 2.4328761447318314e+38
1602.77 2.430468517970188e+38
1603.18 1.4563642178770656e+38
1603.6 2.341261911913438e+38
1604.01 2.42331572235674e+38
1604.43 2.4066891496908234e+38
1604.84 1.6387397942284193e+38
1605.26 2.4125148762118627e+38
1605.68 2.345470634976055e+38
1606.09 2.307278398044476e+38
1606.51 2.3908371748021783e+38
1606.93 2.2469841036401442e+38
1607.34 2.4000484005783566e+38
1607.76 1.6345191005710942e+38
1608.18 2.2632889339276194e+38
1608.59 2.3681543220143957e+38
1609.01 1.4149138573823037e+38
1609.43 2.335500690367188e+38
1609.84 1.403362928696098e+38
1610.26 1.6397211557896168e+38
1610.68 2.3952453184368344e+38
1611.09 2.0721920347698274e+38
1611.51 2.3929851304537337e+38
1611.93 1.9850890785811303e+38
1612.35 2.391112445949688e+38
1612.77 1.6769109476055663e+38
1613.18 2.388416154765372e+38
1613.6 2.197404451631355e+38
1614.02 1.35912687444752e+38
1614.44 2.385008877973965e+38
1614.86 2.3819903624952837e+38
1615.28 1.626035413947294e+38
1615.69 2.045643734291917e+38
1616.11 1.9641289639714434e+38
1616.53 2.3522853293940317e+38
1616.95 2.3674455541104205e+38
1617.37 2.3695179336656747e+38
1617.79 2.1194833049272393e+38
1618.21 2.3646126031401256e+38
1618.63 2.094739393054758e+38
1619.05 2.3277160439287417e+38
1619.47 2.265739624995131e+38
1619.89 2.353423035234739e+38
1620.31 1.868142497003188e+38
1620.73 1.9315235160837903e+38
1621.15 1.3886090776162244e+38
1621.57 1.3973976224344687e+38
1621.99 2.2923978897536477e+38
1622.41 2.1693518674112046e+38
1622.83 2.3269122181129852e+38
1623.25 2.254446844818358e+38
1623.67 1.9033558883359955e+38
1624.09 1.812800448637976e+38
1624.51 2.3235926818669257e+38
1624.93 1.5481391735203662e+38
1625.35 2.2686108247431674e+38
1625.78 2.2512306865301617e+38
1626.2 1.9692007839688076e+38
1626.62 2.3049419916630136e+38
1627.04 2.26725307714517e+38
1627.46 1.743130893677057e+38
1627.88 2.118751387732696e+38
1628.31 1.8513136360985236e+38
1628.73 2.3132895714272907e+38
1629.15 1.361381987064964e+38
1629.57 2.305313534359933e+38
1629.99 2.307012778092838e+38
1630.42 2.0190636031287873e+38
1630.84 2.309723536976741e+38
1631.26 2.268976511075897e+38
1631.68 1.2519298657964131e+38
1632.11 1.4839866703960903e+38
1632.53 2.0809421163016956e+38
1632.95 2.3072252716076553e+38
1633.38 2.3074909160249216e+38
1633.8 2.246621961779023e+38
1634.22 2.2759881680185364e+38
1634.65 2.0530049665489087e+38
1635.07 2.251075182394543e+38
1635.49 2.2534607599531907e+38
1635.92 2.23326366473919e+38
1636.34 2.1940675787225647e+38
1636.77 2.301388825362386e+38
1637.19 2.20541335428898e+38
1637.61 2.2646443075930435e+38
1638.04 2.0394356188085288e+38
1638.46 2.2002903801876355e+38
1638.89 2.290603922064248e+38
1639.31 1.847140794909607e+38
1639.74 2.2878629219207733e+38
1640.16 1.3173767668781674e+38
1640.59 1.6412320904899411e+38
1641.01 2.2842308885918605e+38
1641.44 2.285283058042838e+38
1641.86 1.436646767441195e+38
1642.29 2.2412484385357416e+38
1642.71 1.9393223384980845e+38
1643.14 2.2792921774337344e+38
1643.57 2.222849195969531e+38
1643.99 2.2509715189383405e+38
1644.42 2.175604758317111e+38
1644.84 2.109648008592501e+38
1645.27 2.0331058968707662e+38
1645.7 2.2427455312425354e+38
1646.12 2.2417645644790636e+38
1646.55 2.2629762706045217e+38
1646.98 1.980341095838468e+38
1647.41 2.233315088127469e+38
1647.83 2.2544987559729996e+38
1648.26 2.2218769317732233e+38
1648.69 2.1304924524803183e+38
1649.11 2.1322101185816735e+38
1649.54 2.2270501662155238e+38
1649.97 2.012982503075329e+38
1650.4 2.2058704353206167e+38
1650.82 2.201354572182336e+38
1651.25 2.2244364352099213e+38
1651.68 1.9470629822252886e+38
1652.11 2.130884939841596e+38
1652.54 2.2154910503269096e+38
1652.96 1.4077644699281108e+38
1653.39 1.4862778310073364e+38
1653.82 2.17851221808945e+38
1654.25 2.0985049597984623e+38
1654.68 2.1978598727848185e+38
1655.11 2.202216437913274e+38
1655.54 2.195583710505558e+38
1655.96 2.1929564141809792e+38
1656.39 2.2072422468856606e+38
1656.82 1.930011958777505e+38
1657.25 2.184640597744975e+38
1657.68 2.0435722655523627e+38
1658.11 2.0656655183357206e+38
1658.54 2.140474212444324e+38
1658.97 1.859430712541924e+38
1659.4 2.113586371844939e+38
1659.83 2.2076488733837245e+38
1660.26 2.2026728563707805e+38
1660.69 2.144519501929178e+38
1661.12 2.183081754692414e+38
1661.55 1.6954695717941698e+38
1661.98 2.2052610149932372e+38
1662.42 1.778566057915647e+38
1662.85 2.2116174096163822e+38
1663.28 2.2007463994617188e+38
1663.71 2.209123522499225e+38
1664.14 2.2125851843803896e+38
1664.57 2.1734016878748184e+38
1665.0 2.0818527092716573e+38
1665.43 2.1706509867362418e+38
1665.86 2.2060736128523943e+38
1666.3 2.2024192788839548e+38
1666.73 2.1783115789390424e+38
1667.16 2.1786627095799067e+38
1667.59 2.166107469703574e+38
1668.03 1.6692446769992595e+38
1668.46 1.8745628243283806e+38
1668.89 2.181624489154369e+38
1669.32 2.127698071764555e+38
1669.76 1.817607056095511e+38
1670.19 2.135551258366243e+38
1670.62 2.0735762024189778e+38
1671.05 1.4319570764606507e+38
1671.49 2.160777256555472e+38
1671.92 1.9335259270817305e+38
1672.35 1.9447778523419543e+38
1672.79 1.7399629471682213e+38
1673.22 2.1061049070426922e+38
1673.65 1.3797169509848927e+38
1674.09 2.1556586940012785e+38
1674.52 2.132602922377849e+38
1674.96 2.1587880233717444e+38
1675.39 2.127355154990749e+38
1675.82 2.018134004042444e+38
1676.26 2.0807983748775027e+38
1676.69 2.048660528613773e+38
1677.13 1.6479347052046746e+38
1677.56 2.1588874415233418e+38
1678.0 2.1586886097984168e+38
1678.43 2.1567012994438127e+38
1678.87 2.1448651854918123e+38
1679.3 2.151047496537869e+38
1679.74 2.1563040569713636e+38
1680.17 2.1558572466478288e+38
1680.61 2.1319155632152314e+38
1681.04 2.1523356542654043e+38
1681.48 2.1334869955197234e+38
1681.92 1.7096609807867645e+38
1682.35 2.1507503388712864e+38
1682.79 2.151988766702501e+38
1683.22 2.1499086150602365e+38
1683.66 2.073337486878195e+38
1684.1 2.1499086150602365e+38
1684.53 2.1424465702146494e+38
1684.97 2.1487703365683688e+38
1685.41 2.146841589360747e+38
1685.84 1.9641741902328416e+38
1686.28 2.074244752162087e+38
1686.72 1.5400683650658425e+38
1687.15 2.0695217735669415e+38
1687.59 1.743050621381194e+38
1688.03 2.0949805727229254e+38
1688.47 2.130149085341852e+38
1688.9 2.128286057697543e+38
1689.34 2.127110248275606e+38
1689.78 2.1206548983797138e+38
1690.22 1.9484532946110786e+38
1690.66 1.730613152541929e+38
1691.09 2.1154365318951544e+38
1691.53 2.1133430502282893e+38
1691.97 2.0879495459931283e+38
1692.41 1.8778461150273896e+38
1692.85 2.0943535633360816e+38
1693.29 2.105135233182807e+38
1693.72 2.104602102871712e+38
1694.16 2.10227729563854e+38
1694.6 1.7065538621217104e+38
1695.04 1.5836893639105898e+38
1695.48 2.054991358725222e+38
1695.92 2.0286634281301817e+38
1696.36 2.0917510708966783e+38
1696.8 2.0437604941818757e+38
1697.24 2.0873246409311727e+38
1697.68 2.085691157939474e+38
1698.12 1.9320128027435406e+38
1698.56 2.081037949434242e+38
1699.0 1.8792302730582865e+38
1699.44 2.0606299132700004e+38
1699.88 2.0709995284114357e+38
1700.32 1.7772560447002154e+38
1700.76 1.60764442942355e+38
1701.2 2.053477742840366e+38
1701.64 1.8257444957267574e+38
1702.08 2.0074743273625616e+38
1702.53 2.0166939712175545e+38
1702.97 2.0408918904477803e+38
1703.41 1.9988950844455163e+38
1703.85 2.0567902267374777e+38
1704.29 2.0480473824115497e+38
1704.73 2.035776046356125e+38
1705.18 2.0507371550754104e+38
1705.62 2.0142343593193464e+38
1706.06 1.956725929105252e+38
1706.5 1.812550018300122e+38
1706.94 2.0371358891202125e+38
1707.39 1.3125625233464721e+38
1707.83 2.0376988483400163e+38
1708.27 1.997330803998381e+38
1708.71 1.8698208577366442e+38
1709.16 2.0311406595815613e+38
1709.6 2.0083990163558773e+38
1710.04 1.9794293250203094e+38
1710.49 1.9693821624163022e+38
1710.93 1.8234337965627867e+38
1711.37 1.2511229769215858e+38
1711.82 1.9151376754674856e+38
1712.26 1.952540271298636e+38
1712.7 1.2990922742080905e+38
1713.15 1.9966410694979164e+38
1713.59 1.9647622264060228e+38
1714.04 2.002396142694341e+38
1714.48 2.002488358567839e+38
1714.93 1.997606764508745e+38
1715.37 1.620727495684005e+38
1715.81 1.949665020703734e+38
1716.26 1.9256173929192024e+38
1716.7 1.983763978456983e+38
1717.15 1.4732281207237345e+38
1717.59 1.9954920412558814e+38
1718.04 1.844208417770244e+38
1718.48 1.3805431963630778e+38
1718.93 1.8623872938378063e+38
1719.38 1.5681947659159636e+38
1719.82 1.8513988942052645e+38
1720.27 1.9847691458089116e+38
1720.71 1.7591383640826565e+38
1721.16 1.8974922029635393e+38
1721.6 1.5894980519851073e+38
1722.05 1.856008667377526e+38
1722.5 1.33204838399574e+38
1722.94 1.8513562646611243e+38
1723.39 1.9663915532091468e+38
1723.84 1.7691717664101188e+38
1724.28 1.3196841480070615e+38
1724.73 1.9161080700742697e+38
1725.18 1.921940772057097e+38
1725.62 1.2590413684495418e+38
1726.07 1.9676597414665015e+38
1726.52 1.8037651840625646e+38
1726.97 1.960198262928789e+38
1727.41 1.4686895337812101e+38
1727.86 1.9495303472668424e+38
1728.31 1.7111181581832267e+38
1728.76 1.8470132033507332e+38
1729.2 1.92823517043815e+38
1729.65 1.968792743536594e+38
1730.1 1.9615979546431793e+38
1730.55 1.804388290086572e+38
1731.0 1.9649884410384312e+38
1731.45 1.7171965212458287e+38
1731.9 1.965169431496905e+38
1732.34 1.9188454647302337e+38
1732.79 1.816351931176511e+38
1733.24 1.93624362110581e+38
1733.69 1.8896440311043784e+38
1734.14 1.9082268396158058e+38
1734.59 1.9490815029923537e+38
1735.04 1.964581273450797e+38
1735.49 1.957942799877074e+38
1735.94 1.930234172407191e+38
1736.39 1.690635562051378e+38
1736.84 1.9572666671621664e+38
1737.29 1.728462652395312e+38
1737.74 1.9462113456729727e+38
1738.19 1.6307222617589797e+38
1738.64 1.7012181207038281e+38
1739.09 1.795270935742851e+38
1739.54 1.9361098747543366e+38
1739.99 1.920127201061342e+38
1740.44 1.941824606058892e+38
1740.9 1.7907295489779355e+38
1741.35 1.9112170011183056e+38
1741.8 1.9359315606566968e+38
1742.25 1.7382810672076494e+38
1742.7 1.9209231921338617e+38
1743.15 1.931656945609888e+38
1743.6 1.926637459524068e+38
1744.06 1.927702452972089e+38
1744.51 1.9245535513996294e+38
1744.96 1.8697347512866652e+38
1745.41 1.716287344059063e+38
1745.86 1.9211001238460162e+38
1746.32 1.923534588129008e+38
1746.77 1.9035312019651616e+38
1747.22 1.6183781264551337e+38
1747.68 1.6976962916180569e+38
1748.13 1.6545122994423415e+38
1748.58 1.8932588691720545e+38
1749.04 1.6675543591256691e+38
1749.49 1.8419167615055362e+38
1749.94 1.9076996498921065e+38
1750.4 1.7970079564511434e+38
1750.85 1.920171414133074e+38
1751.3 1.5328159115659133e+38
1751.76 1.4631538688500194e+38
1752.21 1.919464127136281e+38
1752.67 1.9162845582768692e+38
1753.12 1.6036884449698784e+38
1753.57 1.7751293308556014e+38
1754.03 1.8892959778680655e+38
1754.48 1.911657125765223e+38
1754.94 1.8894264903184112e+38
1755.39 1.9157551424307894e+38
1755.85 1.9012971622483274e+38
1756.3 1.910029170652872e+38
1756.76 1.9073921898168198e+38
1757.21 1.904495715606115e+38
1757.67 1.9008156543947624e+38
1758.12 1.7919257073785483e+38
1758.58 1.6194964486701251e+38
1759.04 1.8694334099369258e+38
1759.49 1.8909498019028188e+38
1759.95 1.888339161988953e+38
1760.4 1.4822791507192988e+38
1760.86 1.5478540220099564e+38
1761.32 1.762057190275601e+38
1761.77 1.8774570043045802e+38
1762.23 1.849822254621658e+38
1762.69 1.8702083858365205e+38
1763.14 1.850418662986917e+38
1763.6 1.750209351582195e+38
1764.06 1.8285633039804006e+38
1764.51 1.854470802416881e+38
1764.97 1.4726854633935458e+38
1765.43 1.8573767290529784e+38
1765.89 1.8388233079503498e+38
1766.34 1.8401363311261382e+38
1766.8 1.8559231969877736e+38
1767.26 1.8495667098855582e+38
1767.72 1.849651887541552e+38
1768.18 1.831808205125985e+38
1768.64 1.837638156840486e+38
1769.09 1.852891546815679e+38
1769.55 1.5085857462390891e+38
1770.01 1.837553532424528e+38
1770.47 1.5264760685437998e+38
1770.93 1.8151812632293355e+38
1771.39 1.8240636970581815e+38
1771.85 1.8334961400359486e+38
1772.31 1.8490983028873335e+38
1772.77 1.8403058217507486e+38
1773.22 1.815515662773137e+38
1773.68 1.797173474622714e+38
1774.14 1.844038567719809e+38
1774.6 1.7821325397304893e+38
1775.06 1.8449304550358453e+38
1775.52 1.8323566134557044e+38
1775.98 1.3013077012932663e+38
1776.44 1.84026344763107e+38
1776.9 1.8134684320438524e+38
1777.36 1.840560086959456e+38
1777.82 1.5859153403301529e+38
1778.29 1.8383999519791402e+38
1778.75 1.6905966341771123e+38
1779.21 1.808881012188772e+38
1779.67 1.8351011188320402e+38
1780.13 1.8281002161427447e+38
1780.59 1.8033498995933688e+38
1781.05 1.72973670006209e+38
1781.52 1.8307540350030542e+38
1781.98 1.705218359893868e+38
1782.44 1.8093392314861136e+38
1782.9 1.7813940606504925e+38
1783.36 1.82641724877436e+38
1783.82 1.8257444957267574e+38
1784.29 1.8246938151510757e+38
1784.75 1.8035575298751188e+38
1785.21 1.803516001906419e+38
1785.68 1.8223844457496942e+38
1786.14 1.7990366048931065e+38
1786.6 1.8211679553254798e+38
1787.06 1.792420903159792e+38
1787.53 1.8181093488760827e+38
1787.99 1.763924530879349e+38
1788.45 1.679693339085988e+38
1788.92 1.7398828207582986e+38
1789.38 1.8181093488760827e+38
1789.84 1.806300491085299e+38
1790.31 1.6841470154605932e+38
1790.77 1.785582825305386e+38
1791.24 1.7867755458352674e+38
1791.7 1.6010688202148938e+38
1792.17 1.4219358374458268e+38
1792.63 1.8098809130350107e+38
1793.09 1.601769426926004e+38
1793.56 1.804305196848308e+38
1794.02 1.7983325287760785e+38
1794.49 1.8129256767818514e+38
1794.95 1.5870112302999908e+38
1795.42 1.811632069678219e+38
1795.89 1.785212832568401e+38
1796.35 1.8090892793000506e+38
1796.81 1.7429703527819215e+38
1797.28 1.8042221074365406e+38
1797.75 1.767258177841951e+38
1798.21 1.778033748629368e+38
1798.68 1.7797950722608337e+38
1799.15 1.797504556703727e+38
1799.61 1.796718336331114e+38
1800.08 1.729179188695474e+38
1800.55 1.7793853064784913e+38
1801.01 1.7547691879146904e+38
1801.48 1.4603602390986135e+38
1801.94 1.7748841046155074e+38
1802.41 1.7918431880502124e+38
1802.88 1.7849251134445153e+38
1803.35 1.6450912787083026e+38
1803.81 1.7892045750248107e+38
1804.28 1.767990796874493e+38
1804.75 1.7868578317846812e+38
1805.22 1.7371607171842676e+38
1805.68 1.6876407369071763e+38
1806.15 1.7643307362766894e+38
1806.62 1.7322477264475468e+38
1807.09 1.757518883685968e+38
1807.56 1.7580045711969365e+38
1808.03 1.7354415854310855e+38
1808.49 1.7601107685288556e+38
1808.96 1.7667292529053805e+38
1809.43 1.431660358934867e+38
1809.9 1.7559413257768587e+38
1810.37 1.724368179361577e+38
1810.84 1.75153975894289e+38
1811.31 1.4275785044217623e+38
1811.78 1.6555793468807442e+38
1812.25 1.6071632754877667e+38
1812.72 1.6132437825159219e+38
1813.19 1.6698982131454925e+38
1813.66 1.7386012999071047e+38
1814.13 1.7332451754569835e+38
1814.6 1.7384411761837607e+38
1815.07 1.6374196580144036e+38
1815.54 1.6935187135331133e+38
1816.01 1.5523870099580911e+38
1816.48 1.7140362399768284e+38
1816.95 1.6898182648953963e+38
1817.42 1.569314545104561e+38
1817.89 1.729338459318959e+38
1818.36 1.7289801210437925e+38
1818.83 1.7301350325140697e+38
1819.31 1.4592510013542554e+38
1819.78 1.6441445605581132e+38
1820.25 1.727666849182399e+38
1820.72 1.7281840795826233e+38
1821.19 1.5118196993608073e+38
1821.67 1.3428577192590742e+38
1822.14 1.6702058480974296e+38
1822.61 1.706200245069978e+38
1823.08 1.3781928738479352e+38
1823.55 1.720481471878095e+38
1824.03 1.7200457560115427e+38
1824.5 1.722185784114184e+38
1824.97 1.5601271690530407e+38
1825.44 1.2773796702663887e+38
1825.92 1.705925260244231e+38
1826.39 1.701139778518047e+38
1826.86 1.4686557163442713e+38
1827.34 1.6632594514584513e+38
1827.81 1.7052968899095875e+38
1828.29 1.636213607004007e+38
1828.76 1.6864365264568795e+38
1829.23 1.5671118694109435e+38
1829.71 1.7038054378466694e+38
1830.18 1.5833612057573922e+38
1830.66 1.5004792707957796e+38
1831.13 1.6974617624087042e+38
1831.61 1.6379853004060807e+38
1832.08 1.69644584350121e+38
1832.56 1.6575246661547331e+38
1833.03 1.6268967815430825e+38
1833.51 1.6850391667958091e+38
1833.98 1.6844572753807032e+38
1834.46 1.687329890625817e+38
1834.93 1.5861344577671762e+38
1835.41 1.6818218868850196e+38
1835.88 1.6767178972111353e+38
1836.36 1.6600837560057552e+38
1836.83 1.5700012565614965e+38
1837.31 1.2875378353544342e+38
1837.79 1.588254154422511e+38
1838.26 1.3222391135204659e+38
1838.74 1.5744903383841957e+38
1839.22 1.6665947139079907e+38
1839.69 1.664485437927086e+38
1840.17 1.3057198305888217e+38
1840.65 1.6604660484280906e+38
1841.12 1.6585172770621084e+38
1841.6 1.4385335661724514e+38
1842.08 1.6153625123185718e+38
1842.56 1.2712179013569876e+38
1843.03 1.5858423079113742e+38
1843.51 1.35912687444752e+38
1843.99 1.363923461646766e+38
1844.47 1.4591838019095413e+38
1844.94 1.3694935778520094e+38
1845.42 1.4370437824600023e+38
1845.9 1.608459018110266e+38
1846.38 1.5407777560885415e+38
1846.86 1.5439385106352774e+38
1847.34 1.4173920744084557e+38
1847.82 1.6264847662133347e+38
1848.29 1.6230802754482043e+38
1848.77 1.5978646910581936e+38
1849.25 1.4916948831398345e+38
1849.73 1.5501723991500796e+38
1850.21 1.2248982100319909e+38
1850.69 1.4832692726833877e+38
1851.17 1.423377183899057e+38
1851.65 1.6167020909213716e+38
1852.13 1.5076481530154765e+38
1852.61 1.3486212546573058e+38
1853.09 1.6115359568316898e+38
1853.57 1.6093110748769698e+38
1854.05 1.3563444667166584e+38
1854.53 1.6041685586078865e+38
1855.01 1.2289946716743388e+38
1855.49 1.506121471723512e+38
1855.97 1.5942998307756256e+38
1856.45 1.6027655533481214e+38
1856.94 1.6011056866113006e+38
1857.42 1.6016219053035414e+38
1857.9 1.5486026567692936e+38
1858.38 1.595695425436085e+38
1858.86 1.579355874037985e+38
1859.34 1.5989688381986861e+38
1859.83 1.241680898022503e+38
1860.31 1.5979382771409512e+38
1860.79 1.558296158321313e+38
1861.27 1.5919887704807926e+38
1861.76 1.5765581719256076e+38
1862.24 1.5950709295052937e+38
1862.72 1.594373252686694e+38
1863.2 1.548852282143656e+38
1863.69 1.5934924128739195e+38
1864.17 1.587267046903914e+38
1864.65 1.5421620085687445e+38
1865.14 1.3210522649519352e+38
1865.62 1.4110097021888957e+38
1866.1 1.569206144440314e+38
1866.58 1.296074601324667e+38
1867.07 1.5667149947468886e+38
1867.55 1.5933089658403919e+38
1868.04 1.5942631210880104e+38
1868.52 1.5892418758146297e+38
1869.01 1.5923920474077273e+38
1869.49 1.590266828287455e+38
1869.97 1.3551582083209022e+38
1870.46 1.5938226707616595e+38
1870.94 1.4023938546730303e+38
1871.43 1.4359853194707884e+38
1871.91 1.5906330429171102e+38
1872.4 1.5820856814337931e+38
1872.88 1.5857692788557854e+38
1873.37 1.5885833266595137e+38
1873.85 1.4121798162598742e+38
1874.34 1.4761823215408993e+38
1874.83 1.597901483675977e+38
1875.31 1.5053240491422015e+38
1875.8 1.5868285293972307e+38
1876.29 1.3991684383116466e+38
1876.77 1.5877422442895219e+38
1877.26 1.5875229047438992e+38
1877.74 1.5867919917407068e+38
1878.23 1.5837987650747757e+38
1878.72 1.581939972667802e+38
1879.2 1.5777565797587033e+38
1879.69 1.5755420549016436e+38
1880.18 1.5749254462516774e+38
1880.67 1.3158609535652622e+38
1881.15 1.2584906694428854e+38
1881.64 1.4176858347733069e+38
1882.13 1.2991521009957619e+38
1882.62 1.525492230238622e+38
1883.1 1.4308364661428433e+38
1883.59 1.5581526405504726e+38
1884.08 1.5513507500532762e+38
1884.57 1.1614486138403366e+38
1885.06 1.1031383935354035e+38
1885.55 1.5493873291640935e+38
1886.04 1.311807169050821e+38
1886.52 1.3951149736969487e+38
1887.01 1.3617582027829927e+38
1887.5 1.1124999496564516e+38
1887.99 1.5384025815203777e+38
1888.48 1.534652319068008e+38
1888.97 1.5361371773170762e+38
1889.46 1.1740592106860731e+38
1889.95 1.5324630082901244e+38
1890.44 1.5171202318192276e+38
1890.93 1.318469233563062e+38
1891.42 1.327700136790083e+38
1891.91 1.309905603608519e+38
1892.4 1.397719422175062e+38
1892.89 1.1894604331255915e+38
1893.38 1.5193226068580831e+38
1893.87 1.3168915167331896e+38
1894.36 1.3526642124099278e+38
1894.85 1.5050814391246833e+38
1895.34 1.0718894588140466e+38
1895.84 1.4706184154045498e+38
1896.33 1.3306382397463415e+38
1896.82 1.0750285545746405e+38
1897.31 1.4142624154826829e+38
1897.8 1.5147466476007975e+38
1898.29 1.5148164058680345e+38
1898.79 1.2012129345637851e+38
1899.28 8.739971168862272e+37
1899.77 1.4849779329366593e+38
1900.26 1.5159678812013405e+38
1900.76 1.5157584569655125e+38
1901.25 1.4808463526223142e+38
1901.74 1.5164217329808617e+38
1902.23 1.505878733187017e+38
1902.73 1.515025699945703e+38
1903.22 1.2672724687266827e+38
1903.71 1.3531314867684193e+38
1904.21 1.3747065438727864e+38
1904.7 1.5179588551413064e+38
1905.19 1.4525463520236581e+38
1905.69 1.4947893673844649e+38
1906.18 1.5140143797159231e+38
1906.68 1.3977516062246374e+38
1907.17 1.4830302171893663e+38
1907.66 1.1854684495204777e+38
1908.16 1.4975798914390295e+38
1908.65 1.4301118326988219e+38
1909.15 1.492588186655441e+38
1909.64 1.4988908208261868e+38
1910.14 1.4130905757967179e+38
1910.63 1.4918322796431479e+38
1911.13 1.4954779018561169e+38
1911.62 1.1207016207310938e+38
1912.12 1.4921071106166968e+38
1912.61 1.4900128025794192e+38
1913.11 1.4880927472410283e+38
1913.61 1.2109884471884572e+38
1914.1 1.0555042832017275e+38
1914.6 1.4816649247180792e+38
1915.09 1.0528342387607415e+38
1915.59 1.4334745933758212e+38
1916.09 1.4196457937150487e+38
1916.58 1.2942256417535867e+38
1917.08 1.2126068018925953e+38
1917.58 1.4060798999433415e+38
1918.07 1.3667843582393507e+38
1918.57 1.1730864002926886e+38
1919.07 1.4190248470583118e+38
1919.56 1.1890770581809637e+38
1920.06 1.4405886872577445e+38
1920.56 1.45633068423777e+38
1921.06 1.3420849306652527e+38
1921.56 1.1163747368415612e+38
1922.05 1.3737888904376804e+38
1922.55 1.4626486006686976e+38
1923.05 1.0358574645826897e+38
1923.55 1.4454730536097978e+38
1924.05 1.3118373748748885e+38
1924.55 1.1067257124887237e+38
1925.05 1.4569679554394135e+38
1925.54 1.444774274380092e+38
1926.04 1.0547511316213184e+38
1926.54 1.4555596236060285e+38
1927.04 1.4371430533563868e+38
1927.54 1.3700297566204626e+38
1928.04 1.2689660409204967e+38
1928.54 1.2979560885598593e+38
1929.04 1.3278835780140317e+38
1929.54 1.4049471899168613e+38
1930.04 1.3859258652769195e+38
1930.54 1.3855748763826847e+38
1931.04 1.4480714795894641e+38
1931.54 1.0203049649578986e+38
1932.04 1.4512091233039547e+38
1932.54 1.443843094191446e+38
1933.04 1.451543315027147e+38
1933.55 1.4421817649202919e+38
1934.05 1.4509752348790485e+38
1934.55 1.4505743709894708e+38
1935.05 1.448605067122287e+38
1935.55 1.449238957695258e+38
1936.05 1.444874079298408e+38
1936.55 1.3660921633727943e+38
1937.06 1.2743244035301745e+38
1937.56 1.3966256053060812e+38
1938.06 1.304457697955063e+38
1938.56 1.4459390941814123e+38
1939.06 1.347503804394722e+38
1939.57 1.3895046356363808e+38
1940.07 1.1827147144199608e+38
1940.57 1.2652897795045865e+38
1941.08 1.4443751236425276e+38
1941.58 1.2137800638688062e+38
1942.08 1.4433444945637186e+38
1942.58 1.4419493314163888e+38
1943.09 1.4348285182325787e+38
1943.59 1.1856868409928757e+38
1944.1 1.4406218584199911e+38
1944.6 1.4328805909796384e+38
1945.1 1.435786944470925e+38
1945.61 1.4195477314447724e+38
1946.11 1.4344321152293642e+38
1946.62 1.420267012089873e+38
1947.12 1.4248199913743274e+38
1947.63 1.4285978756976296e+38
1948.13 1.3124718578710006e+38
1948.64 1.3864365533013382e+38
1949.14 1.4221322987123202e+38
1949.65 1.2019876348698916e+38
1950.15 1.4168047362774418e+38
1950.66 1.4178164144774153e+38
1951.16 1.3726821934067645e+38
1951.67 1.4137089256941799e+38
1952.17 1.408023813612436e+38
1952.68 1.0090669919466507e+38
1953.19 1.2511229769215858e+38
1953.69 1.3935417995825074e+38
1954.2 1.0103457059087792e+38
1954.7 1.2469814701123675e+38
1955.21 1.3320177128013472e+38
1955.72 1.35912687444752e+38
1956.22 1.3993939757945398e+38
1956.73 1.3986530605513812e+38
1957.24 1.3453646121024278e+38
1957.75 1.38835330992904e+38
1958.25 1.4003609768587764e+38
1958.76 1.1638580103443399e+38
1959.27 1.0932764671821708e+38
1959.78 1.373440975260074e+38
1960.29 9.983665001994613e+37
1960.79 1.367287992972783e+38
1961.3 1.1833139924744523e+38
1961.81 1.341003773714325e+38
1962.32 1.3665326104438114e+38
1962.83 1.3170734645879585e+38
1963.33 1.392355068203575e+38
1963.84 1.393028494370755e+38
1964.35 1.1541440048779709e+38
1964.86 1.2191018771865438e+38
1965.37 1.1502440621368737e+38
1965.88 1.4018772888443276e+38
1966.39 1.4022646953737611e+38
1966.9 1.3936701554363848e+38
1967.41 1.4019095686334462e+38
1967.92 1.3634210662241784e+38
1968.43 1.374643237754574e+38
1968.94 1.4006834590155052e+38
1969.45 1.3871071169208127e+38
1969.96 1.3955326444281697e+38
1970.47 1.3996840059790755e+38
1970.98 1.399104005707503e+38
1971.49 1.3728718495608185e+38
1972.0 1.3583447232701722e+38
1972.52 1.3758782330702203e+38
1973.03 1.39543624777773e+38
1973.54 1.3828020031594233e+38
1974.05 1.3957897347194545e+38
1974.56 1.392739843282681e+38
1975.07 1.3959504402020167e+38
1975.58 1.3752130977849653e+38
1976.1 1.0780278980281825e+38
1976.61 1.392547442453479e+38
1977.12 1.3881934790480537e+38
1977.63 1.3509833604050759e+38
1978.15 1.3864365533013382e+38
1978.66 1.232451960497462e+38
1979.17 1.2862044268463472e+38
1979.69 1.3407567744405864e+38
1980.2 1.377146047514418e+38
1980.71 1.3770192135170385e+38
1981.22 1.3736307362509345e+38
1981.74 1.3727770182085458e+38
1982.25 1.3664696807404546e+38
1982.77 1.0629920096262662e+38
1983.28 1.36687877561904e+38
1983.79 1.339337411241745e+38
1984.31 1.0062131760992602e+38
1984.82 1.2402807408426334e+38
1985.34 1.3576255417327759e+38
1985.85 1.3558448629847102e+38
1986.36 1.3440022630821608e+38
1986.88 1.321691204819895e+38
1987.4 1.0507998448724982e+38
1987.91 1.212076413155576e+38
1988.43 1.3518857803693632e+38
1988.94 1.3508900410038469e+38
1989.46 1.3284034657981388e+38
1989.97 1.0295560618582998e+38
1990.49 1.337180393209539e+38
1991.0 1.3455195118440313e+38
1991.52 1.0263842993639404e+38
1992.04 1.0114629985751694e+38
1992.55 1.3369340981636311e+38
1993.07 1.3380119740216224e+38
1993.58 1.3364108718068368e+38
1994.1 9.729936366401468e+37
1994.62 1.3361031872565252e+38
1995.14 1.2850499231962654e+38
1995.65 1.0736185335917915e+38
1996.17 1.3341356829031041e+38
1996.69 1.3338592350644096e+38
1997.2 1.3324778548798532e+38
1997.72 1.331987042313155e+38
1998.24 1.3183478036510956e+38
1998.76 1.3261419091999217e+38
1999.28 1.3300255992678518e+38
1999.8 1.2633974616552664e+38
2000.31 1.072901864467217e+38
2000.83 1.3062911964567906e+38
2001.35 1.326661115092646e+38
2001.87 1.0775315621289534e+38
2002.39 1.2109047979592372e+38
2002.91 1.3284034657981388e+38
2003.43 1.3289235571266558e+38
2003.94 1.3281282057389557e+38
2004.46 1.3276695657166079e+38
2004.98 1.3121998990192095e+38
2005.5 1.2784978440331987e+38
2006.02 1.2695797887759862e+38
2006.54 1.3237013140881417e+38
2007.06 1.3152248321922376e+38
2007.58 1.3171947771235546e+38
2008.1 1.3191676726401533e+38
2008.62 1.2640085162128695e+38
2009.14 1.0848507660692204e+38
2009.67 1.3160427590326108e+38
2010.19 1.2045920704938252e+38
2010.71 1.1748975549395303e+38
2011.23 1.2748526762655138e+38
2011.75 1.3112635831335353e+38
2012.27 1.1523648427129198e+38
2012.79 1.2998403071148692e+38
2013.31 1.0539499801418582e+38
2013.84 1.3064115158630572e+38
2014.36 1.3039171575074785e+38
2014.88 1.3043976268412481e+38
2015.4 1.1947031258693595e+38
2015.93 1.2914571469019013e+38
2016.45 1.2910706250580441e+38
2016.97 1.299421355637492e+38
2017.49 1.253372033338723e+38
2018.02 1.1643404891016859e+38
2018.54 1.3010979721759011e+38
2019.06 1.2794991449569726e+38
2019.58 1.303466878241008e+38
2020.11 1.3035269064912576e+38
2020.63 1.3022668935779799e+38
2021.16 1.3032267928821307e+38
2021.68 1.3010680136328508e+38
2022.2 1.3027167583128266e+38
2022.73 1.232083098390516e+38
2023.25 1.303106766786183e+38
2023.78 1.3003791574991524e+38
2024.3 1.3025967791906353e+38
2024.82 1.3027167583128266e+38
2025.35 1.2990922742080905e+38
2025.88 1.2374851612821032e+38
2026.4 1.2874488984634433e+38
2026.93 1.296402918327897e+38
2027.45 1.2942852444193693e+38
2027.98 1.2892584900125684e+38
2028.5 1.2603466170069896e+38
2029.03 1.2889913412302894e+38
2029.55 1.2873896106157772e+38
2030.08 1.2370293388712197e+38
2030.61 1.283837331579162e+38
2031.13 1.2797937944442241e+38
2031.66 1.279351845653497e+38
2032.19 1.2497409485836088e+38
2032.71 1.2688783868793076e+38
2033.24 1.2749407430102473e+38
2033.77 1.199444065436998e+38
2034.29 1.2632811038073606e+38
2034.82 1.241852454428503e+38
2035.35 1.0121153231314949e+38
2035.88 1.2209278490697841e+38
2036.4 1.2662224230240412e+38
2036.93 1.266922356775226e+38
2037.46 1.1568578556317592e+38
2037.99 1.0159679317701496e+38
2038.52 1.2657560153646722e+38
2039.04 1.2620890535617654e+38
2039.57 1.1132943371381707e+38
2040.1 1.0264552019284108e+38
2040.63 1.2538627486543095e+38
2041.16 1.0247548914357788e+38
2041.69 1.2627867024973126e+38
2042.22 1.2621762385962249e+38
2042.74 1.2569557818156276e+38
2043.28 1.2611594544997238e+38
2043.8 1.2516128116954221e+38
2044.33 1.259853364146119e+38
2044.86 1.1835047355272738e+38
2045.39 1.2409091874327818e+38
2045.92 1.2566663903697625e+38
2046.45 1.0330705947670804e+38
2046.98 1.2540359881614112e+38
2047.52 1.2060352456973815e+38
2048.05 1.2500287452039682e+38
2048.58 1.249712172566114e+38
2049.11 1.245747430325666e+38
2049.64 1.2232634511165687e+38
2050.17 1.2039820163602203e+38
2050.7 1.2572741893787854e+38
2051.23 1.2506909289705006e+38
2051.76 1.223376123032732e+38
2052.3 1.2533431737133744e+38
2052.83 1.2230099772446465e+38
2053.36 1.2450591950385753e+38
2053.89 1.2484466835391277e+38
2054.43 1.2472973510183989e+38
2054.96 1.2451738745093704e+38
2055.49 1.2448012048446797e+38
2056.02 1.243855698082925e+38
2056.55 1.0172553907692029e+38
2057.09 1.2433975291118494e+38
2057.62 1.0875769634777322e+38
2058.16 1.2388251112043032e+38
2058.69 1.1934933403447344e+38
2059.22 9.094524557575619e+37
2059.76 1.2011576179375766e+38
2060.29 9.63451816737474e+37
2060.82 1.2394242811039186e+38
2061.36 1.2339001016315841e+38
2061.89 1.2364028571932692e+38
2062.43 9.16579205184253e+37
2062.96 1.2373996817879322e+38
2063.5 1.235947433444507e+38
2064.03 1.2295324636193334e+38
2064.56 1.2322249553650919e+38
2065.1 1.2120485043860748e+38
2065.64 1.2139198135073541e+38
2066.17 1.234582168471536e+38
2066.71 1.2337580518097885e+38
2067.24 1.2330480479603116e+38
2067.78 1.2344684644879744e+38
2068.31 1.2352646123396997e+38
2068.85 9.231026548435553e+37
2069.39 1.234582168471536e+38
2069.92 1.2354352822418175e+38
2070.46 1.2291644752923027e+38
2071.0 1.2342126688119293e+38
2071.53 1.2254342094191328e+38
2072.07 1.2333036022638725e+38
2072.61 1.2301271390389208e+38
2073.14 1.2350086516929131e+38
2073.68 1.2355775251730389e+38
2074.22 1.2343547709764747e+38
2074.76 1.224954619978063e+38
2075.29 1.2282308456346918e+38
2075.83 1.2127464164465906e+38
2076.37 1.218877331003915e+38
2076.91 1.1652255530259848e+38
2077.45 1.215094345892571e+38
2077.98 1.1784197159331388e+38
2078.52 1.198119123190029e+38
2079.06 1.2045365982562393e+38
2079.6 9.118848491054138e+37
2080.14 1.2111836511958613e+38
2080.68 1.2127184922498713e+38
2081.22 1.2124392856437386e+38
2081.76 1.2087597773424172e+38
2082.3 1.2128022667689816e+38
2082.84 1.2125788809106028e+38
2083.38 1.2070631730579032e+38
2083.92 1.2093444058487937e+38
2084.46 1.2128022667689816e+38
2085.0 8.92195441566495e+37
2085.54 1.1380464804179386e+38
2086.08 1.2092887147631161e+38
2086.62 1.2046198075705945e+38
2087.16 1.2060630160048901e+38
2087.7 1.0537558532611009e+38
2088.24 1.2001347197104476e+38
2088.78 1.2001070859054342e+38
2089.32 1.0856504082167654e+38
2089.87 1.1664872601865822e+38
2090.41 1.1972366415537584e+38
2090.95 9.799862900929071e+37
2091.49 1.1940155973729051e+38
2092.03 9.723665266381315e+37
2092.57 1.1427204512192315e+38
2093.12 1.1892413465958728e+38
2093.66 1.0157340234394016e+38
2094.2 1.0906615428167365e+38
2094.75 1.1776602055287293e+38
2095.29 1.1831505228972325e+38
2095.83 1.098423965998144e+38
2096.38 1.0862505266074064e+38
2096.92 1.1775517440102931e+38
2097.46 1.1820068679946923e+38
2098.0 1.085825408490976e+38
2098.55 1.0926473077622155e+38
2099.09 1.1807283743667503e+38
2099.64 1.1760884908306763e+38
2100.18 1.1789896701716466e+38
2100.73 1.174275500305409e+38
2101.27 1.178175534184821e+38
2101.81 1.1700111486105902e+38
2102.36 1.1779856500285485e+38
2102.9 1.1767927930277261e+38
2103.45 1.1039006777948762e+38
2103.99 1.1558726828019039e+38
2104.54 9.110034045570943e+37
2105.08 1.17576357046292e+38
2105.63 1.0904857631125858e+38
2106.18 1.1704422760590361e+38
2106.72 1.1707118113829422e+38
2107.27 1.1728973363417821e+38
2107.81 1.1593378101739257e+38
2108.36 1.1609673334166359e+38
2108.91 1.1365276345132004e+38
2109.45 1.14870893724234e+38
2110.0 1.1692032126250848e+38
2110.55 1.1683958345492879e+38
2111.09 1.1673739559614274e+38
2111.64 1.165628077183712e+38
2112.19 1.1658696584197138e+38
2112.74 1.164849989224612e+38
2113.28 1.1606733157849516e+38
2113.83 1.1633221573175343e+38
2114.38 1.1375225113033582e+38
2114.93 1.1405123700072384e+38
2115.48 1.1468589285211877e+38
2116.02 1.1616090849809185e+38
2116.57 1.1610207991692264e+38
2117.12 1.137627285823424e+38
2117.67 1.159311115741655e+38
2118.22 1.1093536075286352e+38
2118.77 1.1586706337312997e+38
2119.32 1.0928234358942796e+38
2119.87 1.158083836070159e+38
2120.42 1.1523913771994831e+38
2120.97 1.1097368308670794e+38
2121.51 1.1517016790779366e+38
2122.06 1.1509593888767386e+38
2122.61 1.1555267402038727e+38
2123.17 1.1401710246166812e+38
2123.72 1.1536391875042326e+38
2124.26 1.0410701634666075e+38
2124.82 1.1373391791121586e+38
2125.37 1.1509328873625455e+38
2125.92 1.1401185190095838e+38
2126.47 1.1497409505804905e+38
2127.02 1.1483651386908022e+38
2127.57 1.1466212865210972e+38
2128.12 1.0141448743412666e+38
2128.67 1.1431415225509072e+38
2129.23 1.1406174199161493e+38
2129.78 1.1403285559465882e+38
2130.33 1.0991323744394675e+38
2130.88 1.1381250965990486e+38
2131.43 1.1296138277614848e+38
2131.99 1.1340181356102761e+38
2132.54 1.1278465099851554e+38
2133.09 1.1325307431504598e+38
2133.65 1.1306807544074196e+38
2134.2 1.1294317701967376e+38
2134.75 1.1276907029945101e+38
2135.3 1.1269638882524451e+38
2135.86 1.1256412505761125e+38
2136.41 1.1255894140744303e+38
2136.97 1.0707793815138965e+38
2137.52 1.122535281890159e+38
2138.07 9.940769413466193e+37
2138.63 1.1065728232425129e+38
2139.18 1.12134693416081e+38
2139.74 1.1169918388159857e+38
2140.29 1.1173519724855301e+38
2140.84 1.119386332634503e+38
2141.4 1.1104525353336323e+38
2141.96 1.098879318992619e+38
2142.51 1.1167603856110102e+38
2143.06 1.1116805313223783e+38
2143.62 1.0993348607542329e+38
2144.18 9.762026898802121e+37
2144.73 1.1116805313223783e+38
2145.29 1.1059360120273186e+38
2145.84 1.1132174361459168e+38
2146.4 1.1055795578355325e+38
2146.96 1.0759200481174984e+38
2147.51 1.1125255662093623e+38
2148.07 1.11132222561479e+38
2148.63 1.0505579171206684e+38
2149.18 1.0801150066034497e+38
2149.74 1.1112966367695014e+38
2150.3 1.1050450919526347e+38
2150.85 1.1106571070911664e+38
2151.41 1.108408889015864e+38
2151.97 1.1105803882660185e+38
2152.53 9.729936366401468e+37
2153.08 1.1083068054856687e+38
2153.64 1.1097623837960961e+38
2154.2 1.109634625034552e+38
2154.76 1.1078730553607814e+38
2155.32 1.1072609912201877e+38
2155.88 1.1074904756364192e+38
2156.44 1.1059105472027533e+38
2156.99 1.1029352066485344e+38
2157.55 1.104104042544484e+38
2158.11 1.102808233849544e+38
2158.67 1.0965539407897633e+38
2159.23 1.0256519262514141e+38
2159.79 1.097336941925055e+38
2160.35 1.0947375125932112e+38
2160.91 1.0972611431925403e+38
2161.47 1.0918173716939827e+38
2162.03 1.0373134283232486e+38
2162.59 1.0848008079955168e+38
2163.15 1.0924460532267996e+38
2163.71 9.929559899258592e+37
2164.27 1.090460654039053e+38
2164.83 1.0872264265901497e+38
2165.4 1.088478863093492e+38
2165.96 1.0296983101106554e+38
2166.52 1.0868509767273776e+38
2167.08 1.0851255766025829e+38
2167.64 9.491393958587473e+37
2168.2 1.0844012262186199e+38
2168.76 1.0724325820386723e+38
2169.33 1.0823307566716224e+38
2169.89 1.0807867206959507e+38
2170.45 1.0606693028840722e+38
2171.01 1.080189620881882e+38
2171.58 1.0718647779313145e+38
2172.14 1.0787231523986301e+38
2172.7 1.0771098562914269e+38
2173.27 1.0770106553759273e+38
2173.83 1.0737421456088893e+38
2174.39 1.0683166572762944e+38
2174.96 1.0668663075619836e+38
2175.52 1.0701385275968744e+38
2176.08 1.0702863829113818e+38
2176.65 1.071543978165447e+38
2177.21 1.0700153304377507e+38
2177.78 1.0678002052476738e+38
2178.34 1.0676772772823805e+38
2178.91 1.0677018617432367e+38
2179.47 1.0634081880996921e+38
2180.03 1.0594976554434546e+38
2180.6 1.0642165291587902e+38
2181.17 9.59135575945312e+37
2181.73 1.0626004610277557e+38
2182.3 1.0616955571987327e+38
2182.86 1.059278115676471e+38
2183.43 1.0519134303041015e+38
2183.99 1.0586685216489436e+38
2184.56 1.052131443709607e+38
2185.12 1.0569635240343332e+38
2185.69 1.032808967276889e+38
2186.26 1.040303357158648e+38
2186.82 1.056598524802959e+38
2187.39 1.001566984302104e+38
2187.96 1.0552126768791078e+38
2188.53 1.0503886008363629e+38
2189.09 1.0526645556063037e+38
2189.66 1.0549211511191793e+38
2190.23 1.0558202809897833e+38
2190.79 1.0405189643285148e+38
2191.36 1.0486003540182275e+38
2191.93 1.023481507178273e+38
2192.5 1.0553098700341517e+38
2193.07 1.054484013485597e+38
2193.64 1.0535860215719273e+38
2194.21 1.0522768110816819e+38
2194.77 1.054775418443245e+38
2195.34 1.0539257123261149e+38
2195.91 1.0528099966356143e+38
2196.48 1.0438305420925592e+38
2197.05 1.0505579171206684e+38
2197.62 1.0496149309789632e+38
2198.19 1.0485520652992533e+38
2198.76 1.0472491101201308e+38
2199.33 1.026833431668082e+38
2199.9 1.0442632633165852e+38
2200.47 1.0441190029805575e+38
2201.04 1.039154206558582e+38
2201.61 1.040662727266464e+38
2202.18 1.033974908860392e+38
2202.75 1.0383888114598706e+38
2203.32 1.0376478725675547e+38
2203.89 1.0190605747492563e+38
2204.46 1.0282056831692126e+38
2205.03 1.0348561858402165e+38
2205.61 1.0340939564737795e+38
2206.18 1.0322146057313127e+38
2206.75 1.0306471341848696e+38
2207.32 1.0265733837537063e+38
2207.89 1.0295086501411962e+38
2208.47 1.0272354534765265e+38
2209.04 1.026053485481463e+38
2209.61 9.05628330581342e+37
2210.18 1.0249200757212766e+38
2210.76 1.0039914167818015e+38
2211.33 1.0206339254375857e+38
2211.9 1.0203519528198765e+38
2212.48 1.0203284586184121e+38
2213.05 1.015991325565617e+38
2213.62 1.018075532187247e+38
2214.2 1.017044604072031e+38
2214.77 1.0143317039379565e+38
2215.34 9.592460068660753e+37
2215.92 1.0004145512193564e+38
2216.49 1.0096480248186847e+38
2217.07 1.0056341199160995e+38
2217.64 1.0096712730912413e+38
2218.22 9.90079344156195e+37
2218.79 1.0059120252844057e+38
2219.37 9.983894887023233e+37
2219.94 1.0049396923504328e+38
2220.52 1.0030902289681604e+38
2221.09 9.965520801347683e+37
2221.67 1.0014055637868696e+38
2222.25 1.0005066970480581e+38
2222.82 9.985274308360412e+37
2223.4 9.980906794487707e+37
2223.97 9.969422463068974e+37
2224.55 9.957034226889938e+37
2225.13 9.937565404474287e+37
2225.7 9.923617127604967e+37
2226.28 9.952449898835094e+37
2226.86 9.954741798967381e+37
2227.43 9.599530659021615e+37
2228.01 9.933676210422502e+37
2228.59 9.865974758241834e+37
2229.17 9.921332393368075e+37
2229.74 9.961161927569707e+37
2230.32 9.954512585205531e+37
2230.9 9.958180638810385e+37
2231.48 9.965750268585996e+37
2232.06 9.967127182978166e+37
2232.64 9.964832431334125e+37
2233.21 9.84124400747958e+37
2233.79 9.968045231594045e+37
2234.37 9.792419273303361e+37
2234.95 9.973784951548916e+37
2235.53 9.964602985229717e+37
2236.11 9.954283376721624e+37
2236.69 9.491612508525933e+37
2237.27 9.932532619516074e+37
2237.85 9.920418646965468e+37
2238.43 9.848724748828832e+37
2239.01 9.823811033948732e+37
2239.59 9.887124434319415e+37
2240.17 9.86938293373989e+37
2240.75 9.865520423775245e+37
2241.33 9.854168859383574e+37
2241.91 9.84351029856086e+37
2242.49 9.826073310477178e+37
2243.07 9.819966359133118e+37
2243.66 9.809570663858838e+37
2244.24 9.770797216190906e+37
2244.82 9.429746114598975e+37
2245.4 9.774397574083307e+37
2245.98 9.76697328901481e+37
2246.56 9.739350600555385e+37
2247.15 9.74473425201835e+37
2247.73 9.733521667827158e+37
2248.31 9.684562360627504e+37
2248.89 9.713371518178607e+37
2249.48 9.699291238665749e+37
2250.06 9.692370341572757e+37
2250.64 9.679880591562702e+37
2251.23 9.671859966742007e+37
2251.81 9.631634640239782e+37
2252.39 9.645838805024735e+37
2252.98 9.420631149795286e+37
2253.56 9.221254321570735e+37
2254.15 9.619223155267029e+37
2254.73 9.605279351051444e+37
2255.31 9.601741287139253e+37
2255.9 9.593564505013998e+37
2256.48 9.560266527572397e+37
2257.07 9.586498309058707e+37
2257.65 9.582305218006731e+37
2258.24 9.332328120699862e+37
2258.82 9.564009525725838e+37
2259.41 9.5428918065578e+37
2260.0 9.567093095118687e+37
2260.58 9.56202775595795e+37
2261.17 9.491393958587473e+37
2261.75 9.556304949702955e+37
2262.34 8.861148198768481e+37
2262.93 9.547947008739452e+37
2263.51 9.535643365043861e+37
2264.1 9.52730349469507e+37
2264.69 9.536521670701412e+37
2265.27 9.508018104281829e+37
2265.86 9.435393130922927e+37
2266.45 9.52598733999376e+37
2267.03 9.519628488321536e+37
2267.62 9.518532563676801e+37
2268.21 9.317727388151346e+37
2268.8 9.508455974779093e+37
2269.39 9.508237037009799e+37
2269.97 9.497952646289292e+37
2270.56 9.50167124755569e+37
2271.15 9.49839005324441e+37
2271.74 9.492705333706368e+37
2272.33 9.483311147548837e+37
2272.92 9.486805572147026e+37
2273.51 9.483966254101624e+37
2274.09 9.353195240685185e+37
2274.68 9.476544362333506e+37
2275.27 9.473053717408433e+37
2275.86 9.460410904402442e+37
2276.45 9.459321797041563e+37
2277.04 9.387068780064866e+37
2277.63 9.360736063646365e+37
2278.22 9.365479120977466e+37
2278.81 9.446914831514378e+37
2279.41 9.401994655920901e+37
2280.0 9.438652563109947e+37
2280.59 9.412175143252705e+37
2281.18 9.429746114598975e+37
2281.77 9.42345150652221e+37
2282.36 9.42236665402433e+37
2282.95 9.417377940909128e+37
2283.54 9.414342626201645e+37
2284.14 9.407625053245968e+37
2284.73 9.399180721041947e+37
2285.32 9.389879088860423e+37
2285.91 9.38598811604205e+37
2286.5 9.374109019627661e+37
2287.1 9.352764520044326e+37
2287.69 8.500412475364642e+37
2288.28 9.324595473395824e+37
2288.88 9.32566906892241e+37
2289.47 9.313866313514155e+37
2290.06 9.267444631289928e+37
2290.66 9.29030559720986e+37
2291.25 9.263391092875085e+37
2291.84 9.266804481004394e+37
2292.44 9.235703882338343e+37
2293.03 9.242937151343882e+37
2293.63 9.216796527649461e+37
2294.22 9.219131293728701e+37
2294.81 9.202800342916099e+37
2295.41 9.197927880141674e+37
2296.0 9.191576370640866e+37
2296.6 8.86849652116224e+37
2297.2 9.132086152696483e+37
2297.79 6.396611875274681e+37
2298.39 9.162204901220067e+37
2298.98 9.092640070345336e+37
2299.58 9.099970826012867e+37
2300.17 9.141763883569368e+37
2300.77 9.10646871656147e+37
2301.37 9.125780109344597e+37
2301.96 9.12031839423308e+37
2302.56 9.113600770464232e+37
2303.16 9.085942833207566e+37
2303.75 8.931615115040736e+37
2304.35 9.091593301729354e+37
2304.95 9.084896835594973e+37
2305.54 9.074443480172138e+37
2306.14 9.066089456618875e+37
2306.74 8.893034968131738e+37
2307.34 8.96685196519778e+37
2307.94 9.034206224269215e+37
2308.53 9.018825830268452e+37
2309.13 9.016126574472086e+37
2309.73 9.005959715677718e+37
2310.33 8.996425750953942e+37
2310.93 8.98586728339826e+37
2311.53 8.977388089599048e+37
2312.13 8.96685196519778e+37
2312.73 8.951998484545328e+37
2313.32 8.917846649738039e+37
2313.93 8.78799902368659e+37
2314.52 8.924419983388631e+37
2315.12 8.913125056939133e+37
2315.72 8.875237836445115e+37
2316.32 8.642711178085312e+37
2316.93 8.762136207359944e+37
2317.52 8.749434816632896e+37
2318.13 8.725091698901472e+37
2318.73 8.69220579413528e+37
2319.33 8.656852144336378e+37
2319.93 8.048593618784354e+37
2320.53 8.581239042011958e+37
2321.13 8.549092182815856e+37
2321.73 8.513536454596681e+37
2322.33 8.403496044765915e+37
2322.94 8.27713426440922e+37
2323.54 8.403883048971367e+37
2324.14 8.3671971102753e+37
2324.74 8.319936276802909e+37
2325.35 8.32261873971604e+37
2325.95 8.342188520475605e+37
2326.55 8.354106356756159e+37
2327.16 8.370473002557343e+37
2327.76 8.341036084149015e+37
2328.36 8.24346882745895e+37
2328.97 8.443256830025014e+37
2329.57 8.462915410756313e+37
2330.17 8.47969047572738e+37
2330.78 8.485940845008214e+37
2331.38 8.509812672212585e+37
2331.98 8.306536925433303e+37
2332.59 8.558940356902215e+37
2333.19 8.351221448876466e+37
2333.8 8.58459873515397e+37
2334.4 8.611325391657415e+37
2335.01 8.611127110845375e+37
2335.61 8.615887110661387e+37
2336.22 8.61906190556016e+37
2336.82 8.609342788973903e+37
2337.43 8.457071454559178e+37
2338.03 8.58954185002955e+37
2338.64 8.482033824524035e+37
2339.25 8.529626216060836e+37
2339.85 8.536699615797292e+37
2340.46 8.538665489846155e+37
2341.07 8.468568406971196e+37
2341.67 8.520204132572326e+37
2342.28 8.5205965115076e+37
2342.89 8.510400529550228e+37
2343.5 8.501782690401483e+37
2344.1 8.426553840417355e+37
2344.71 8.432376708510736e+37
2345.32 8.47656701770384e+37
2345.93 8.458239922872044e+37
2346.53 8.477738179614215e+37
2347.14 8.477347774332619e+37
2347.75 8.357569561732985e+37
2348.36 8.474810578189012e+37
2348.97 8.376835749325343e+37
2349.58 8.47656701770384e+37
2350.19 8.477347774332619e+37
2350.79 8.476176666354863e+37
2351.4 8.477152578433708e+37
2352.01 8.4611618000071675e+37
2352.62 8.477347774332619e+37
2353.23 8.4411185559277055e+37
2353.84 8.477738179614215e+37
2354.45 8.3671971102753e+37
2355.06 8.454540326940976e+37
2355.67 8.440341135979594e+37
2356.28 8.45298308649059e+37
2356.89 8.438980823353202e+37
2357.5 8.429076589417078e+37
2358.12 8.412014255573946e+37
2358.73 8.406205448507676e+37
2359.34 8.39421328848508e+37
2359.95 8.356799836577252e+37
2360.56 8.36565595755809e+37
2361.17 8.346223301667084e+37
2361.78 8.3473764546837635e+37
2362.4 8.327027520750576e+37
2363.01 8.31706316881284e+37
2363.62 8.307875888905052e+37
2364.24 8.2790403644457325e+37
2364.85 8.290295292773894e+37
2365.46 8.234173241061233e+37
2366.07 8.270466369524869e+37
2366.69 8.216181036482021e+37
2367.3 8.236069447817588e+37
2367.91 8.272561414617939e+37
2368.53 8.269895085679258e+37
2369.14 8.265135921322176e+37
2369.76 8.260759909064864e+37
2370.37 8.260379495771817e+37
2370.98 8.256006001824756e+37
2371.6 8.143479360475437e+37
2372.21 8.251824826544052e+37
2372.83 8.247835680027929e+37
2373.44 8.242140244342391e+37
2374.06 8.241760688496849e+37
2374.67 8.024352528503753e+37
2375.29 8.2322774708724895e+37
2375.91 8.1558644647106395e+37
2376.52 8.205782471569618e+37
2377.14 8.087420042872796e+37
2377.75 8.186155688074021e+37
2378.37 8.174101007636263e+37
2378.99 8.161312359284832e+37
2379.6 8.14929426236698e+37
2380.22 8.136731777995713e+37
2380.83 8.120074241581207e+37
2381.45 8.052300986709073e+37
2382.07 8.1021447898176875e+37
2382.69 7.969296771971116e+37
2383.3 8.074581083484588e+37
2383.92 8.016411455985811e+37
2384.54 8.053969859365029e+37
2385.16 7.981416968613365e+37
2385.78 8.033226273579517e+37
2386.4 7.839529523575531e+37
2387.01 7.69732812065292e+37
2387.63 8.050447089333396e+37
2388.25 8.049891003356438e+37
2388.87 8.049149615138065e+37
2389.49 8.02232034287861e+37
2390.11 8.017888269562696e+37
2390.73 8.055082633287172e+37
2391.35 8.055639077901739e+37
2391.97 8.054526227109109e+37
2392.59 8.058050782117918e+37
2393.21 8.058050782117918e+37
2393.83 8.060092018850708e+37
2394.45 8.037851901581115e+37
2395.07 8.060463208352198e+37
2395.69 8.045814213045333e+37
2396.31 7.914072053994892e+37
2396.93 8.0302672687512075e+37
2397.55 7.99613283164935e+37
2398.17 8.00921588419866e+37
2398.79 7.782336404886488e+37
2399.42 7.978660760861085e+37
2400.04 7.893688785193125e+37
2400.66 7.956645335905532e+37
2401.28 7.9584776321423375e+37
2401.91 7.94712419355634e+37
2402.53 7.894415854280373e+37
2403.15 7.825642426520025e+37
2403.77 7.916988243037626e+37
2404.4 7.851633150658869e+37
2405.02 7.892234847899694e+37
2405.64 7.775529976191244e+37
2406.27 7.889327776665078e+37
2406.89 7.883698372997158e+37
2407.51 7.847837467196585e+37
2408.14 7.8708203532773595e+37
2408.76 7.855973322609944e+37
2409.39 7.86393653655183e+37
2410.01 7.8081832999568055e+37
2410.64 7.861763950754469e+37
2411.26 7.756217873767297e+37
2411.89 7.799917335363496e+37
2412.51 7.849283225436834e+37
2413.14 7.845488677989457e+37
2413.76 7.840432134723892e+37
2414.39 7.818438061724166e+37
2415.01 7.833755272328178e+37
2415.64 7.831230374979668e+37
2416.26 7.830148525253688e+37
2416.89 7.782157212031655e+37
2417.52 7.824020865862492e+37
2418.14 7.824381183635298e+37
2418.77 7.821499106010141e+37
2419.4 7.4751515172793325e+37
2420.02 7.818258037607407e+37
2420.65 7.814118626794435e+37
2421.28 7.806745111905354e+37
2421.91 7.807643948391424e+37
2422.53 7.810341078827672e+37
2423.16 7.8065653570256145e+37
2423.79 7.801893182650659e+37
2424.42 7.771413187936851e+37
2425.05 7.789328145536732e+37
2425.68 7.791301310408032e+37
2426.3 7.778574221271544e+37
2426.93 7.769087271848851e+37
2427.56 7.758897239198764e+37
2428.19 7.748006921249841e+37
2428.82 7.736419305486852e+37
2429.45 7.703888703526729e+37
2430.08 7.702292371602679e+37
2430.71 7.687586226486002e+37
2431.34 7.694315672279322e+37
2431.97 7.646276523594731e+37
2432.6 7.67255481777152e+37
2433.23 7.6610800452200185e+37
2433.86 7.62026369290539e+37
2434.49 7.639413186809559e+37
2435.12 7.625704989407841e+37
2435.75 7.605539040806283e+37
2436.39 7.631325887050964e+37
2437.02 7.628339269500498e+37
2437.65 7.630623048329315e+37
2438.28 7.628339269500498e+37
2438.91 7.269089230503051e+37
2439.54 7.63273175871081e+37
2440.18 7.62412485802401e+37
2440.81 7.5985373053917665e+37
2441.44 7.626056174186737e+37
2442.07 7.629568911615336e+37
2442.71 7.633434791660807e+37
2443.34 7.633434791660807e+37
2443.97 7.623949308082603e+37
2444.61 7.633259027352849e+37
2445.24 7.564844408332788e+37
2445.88 7.611670851589145e+37
2446.51 7.599587154634751e+37
2447.14 7.596088221136773e+37
2447.78 7.596612958445483e+37
2448.41 7.5840292619553e+37
2449.05 7.5209032173383515e+37
2449.68 7.5840292619553e+37
2450.32 7.507580541199413e+37
2450.95 7.561883809164194e+37
2451.59 7.563451040833435e+37
2452.22 7.556140070930981e+37
2452.86 7.549705309857816e+37
2453.49 7.543276028586588e+37
2454.13 7.536331613124717e+37
2454.76 7.526620170564885e+37
2455.4 7.506543402261682e+37
2456.04 7.515363652157388e+37
2456.67 7.50429675938716e+37
2457.31 7.486692572910862e+37
2457.95 7.496352497716059e+37
2458.58 7.48703735578399e+37
2459.22 7.483073311205445e+37
2459.86 7.470333662252684e+37
2460.5 7.464831344372682e+37
2461.14 7.4414916709726595e+37
2461.77 7.363257696224831e+37
2462.41 7.443890911154512e+37
2463.05 7.44046366191921e+37
2463.69 7.375305255889359e+37
2464.33 7.429849213887621e+37
2464.96 7.423009220287272e+37
2465.6 7.395712157608681e+37
2466.24 7.407812818369916e+37
2466.88 7.399800308678376e+37
2467.52 7.361392934377523e+37
2468.16 7.384991503695578e+37
2468.8 7.375814741524241e+37
2469.44 7.369194172613481e+37
2470.08 7.359867571408399e+37
2470.72 7.353769279599745e+37
2471.36 7.322847669498858e+37
2472.0 7.337025018892332e+37
2472.64 7.328076594247108e+37
2473.28 7.289537928556938e+37
2473.92 7.311222485776938e+37
2474.56 7.3076880508706215e+37
2475.21 7.30230553056553e+37
2475.85 7.291552380615294e+37
2476.49 7.303146287955354e+37
2477.13 7.3024736742998745e+37
2477.77 7.303987142146641e+37
2478.42 7.303987142146641e+37
2479.06 7.301969254711337e+37
2479.7 7.304996294969581e+37
2480.34 7.304996294969581e+37
2480.99 7.28534294074515e+37
2481.63 7.272437540721149e+37
2482.27 7.251201939344687e+37
2482.92 7.275117299323992e+37
2483.56 7.303146287955354e+37
2484.2 7.303987142146641e+37
2484.85 7.30230553056553e+37
2485.49 7.300288107712489e+37
2486.14 7.292223988336128e+37
2486.78 7.283497910987817e+37
2487.42 7.274614769381625e+37
2488.07 7.264069655451866e+37
2488.71 7.223039668731991e+37
2489.36 7.247696519929941e+37
2490.0 7.238690363698056e+37
2490.65 7.222540736060772e+37
2491.29 7.220212839245001e+37
2491.94 7.2109087526074145e+37
2492.59 7.202445819858446e+37
2493.23 7.188859569738504e+37
2493.88 7.130171895014035e+37
2494.52 7.1733166133987635e+37
2495.17 7.169848845774276e+37
2495.82 7.170674352646835e+37
2496.47 7.170344138492946e+37
2497.11 7.171334826577254e+37
2497.76 7.152370446271671e+37
2498.41 7.171004582008116e+37
2499.05 7.16638275455864e+37
2499.7 7.124920125270096e+37
