WAVE FLUX
900.0 2.2226444734206005e+39
900.44 2.223975507095407e+39
900.88 2.2090217909438726e+39
901.32 2.071476448580946e+39
901.77 2.2010504648164858e+39
902.21 2.2282812197402226e+39
902.65 2.1449639624582667e+39
903.09 2.1159236852409367e+39
903.54 2.2152359971759154e+39
903.98 2.1840873325185196e+39
904.42 2.1850933735369736e+39
904.87 2.0473872763416373e+39
905.31 2.2084623511244932e+39
905.75 2.143384076726759e+39
906.2 1.5763403774099796e+39
906.64 2.209988429899165e+39
907.09 2.200391709637404e+39
907.53 2.2060228167150424e+39
907.98 2.199378625096775e+39
908.42 2.1967467876721737e+39
908.87 2.157496003946751e+39
909.31 2.2068865101388192e+39
909.76 1.900771887000769e+39
910.21 2.194724440577846e+39
910.65 2.1971514806571257e+39
911.1 2.093630324148105e+39
911.54 2.2302831332496992e+39
911.99 4.534715026099081e+39
912.44 3.752148342231959e+39
912.89 3.5454388559124965e+39
913.33 2.75188321960173e+39
913.78 2.98545136068451e+39
914.23 1.4528473982578217e+39
914.68 2.5011515077388338e+39
915.13 2.370500220214363e+39
915.58 1.929301047057858e+39
916.02 1.9417351837901128e+39
916.47 1.8286054086912138e+39
916.92 1.9844035714927116e+39
917.37 1.9200829890076733e+39
917.82 1.9471974852167224e+39
918.27 2.365647326593659e+39
918.72 1.9689740844004448e+39
919.17 1.8307540350030543e+39
919.62 1.8484171953696708e+39
920.08 2.6753462655705816e+39
920.53 2.8168258655714846e+39
920.98 1.3541288783007927e+39
921.43 1.7779928083606546e+39
921.88 1.3761000163130076e+39
922.33 1.8783218043190265e+39
922.78 1.6085701303606457e+39
923.24 7.057485588768301e+38
923.69 6.0056497429379774e+38
924.14 8.958803273164472e+38
924.6 1.8723627827441253e+39
925.05 1.513840082402404e+39
925.5 1.646455510612785e+39
925.96 2.042866562574707e+39
926.41 1.2221373025318315e+39
926.87 2.4638258077543942e+39
927.32 2.6034545479024152e+39
927.78 3.0343103607061403e+39
928.23 3.110999920424548e+39
928.68 3.0787186320472607e+39
929.14 3.227973791876765e+39
929.6 3.540462510019644e+39
930.05 3.525007131852024e+39
930.51 4.0714583834897134e+39
930.97 3.938945755136245e+39
931.42 4.5211612844515983e+39
931.88 5.02007262390259e+39
932.34 5.450169386760648e+39
932.79 5.552006935978661e+39
933.25 4.9296944287128565e+39
933.71 4.8292534639860825e+39
934.16 3.819442708400472e+39
934.62 2.6994792901370538e+39
935.08 2.2539277990082087e+39
935.54 2.1356987821162713e+39
936.0 2.1150955912888083e+39
936.46 2.2615698200783888e+39
936.92 1.7665258623916717e+39
937.38 1.4763862777538505e+39
937.84 1.1844589120898999e+39
938.3 2.9599201825753566e+39
938.76 2.86220014905118e+39
939.22 3.353744704981173e+39
939.68 3.639150361272071e+39
940.14 3.835835728253335e+39
940.6 4.042592817054073e+39
941.06 4.1845619334391477e+39
941.52 4.178880960327531e+39
941.98 4.253926678031443e+39
942.45 3.8926019870267225e+39
942.91 4.60850433132629e+39
943.37 5.061042682924049e+39
943.83 5.620306497404434e+39
944.29 6.461003852547118e+39
944.76 7.375814741524241e+39
945.22 8.247076061270779e+39
945.68 7.242524950117118e+39
946.15 7.613599012947305e+39
946.61 6.897155222126118e+39
947.08 6.950243175887948e+39
947.54 6.647066137914155e+39
948.01 5.549067401694433e+39
948.47 5.619141907022872e+39
948.93 5.60118606919496e+39
949.4 3.637726132966449e+39
949.87 3.175338287184011e+39
950.33 5.0112953563605326e+39
950.8 4.7436211855137626e+39
951.26 3.943574048616169e+39
951.73 4.938556196176118e+39
952.2 4.658970923096224e+39
952.66 4.2414074999973516e+39
953.13 4.4518446403633046e+39
953.6 4.289927967747371e+39
954.07 3.632034791463531e+39
954.53 3.8507027932878144e+39
955.0 3.2407833579872344e+39
955.47 4.4242534681272074e+39
955.94 4.171862633314352e+39
956.41 3.911289841295574e+39
956.88 3.8921538604580274e+39
957.35 4.208719673115545e+39
957.82 4.192373817165219e+39
958.28 4.0378483122605794e+39
958.76 1.918580384743971e+39
959.23 4.147152446243384e+39
959.7 3.322079337439469e+39
960.17 4.132472764603954e+39
960.64 3.792363866653364e+39
961.11 4.1642807370192376e+39
961.58 3.932873702404431e+39
962.05 3.921660555255777e+39
962.52 3.8353941367655053e+39
962.99 4.02383348159536e+39
963.47 4.199426650155375e+39
963.94 2.946795513707371e+39
964.41 3.887675431214415e+39
964.89 4.0591957951516704e+39
965.36 3.8278067152648513e+39
965.83 3.998894991686309e+39
966.31 3.870704345145197e+39
966.78 3.356371309075034e+39
967.25 3.3143624500926067e+39
967.73 3.91579547328966e+39
968.2 3.2277508190480315e+39
968.68 4.0553654795315393e+39
969.15 4.0247601101724296e+39
969.63 3.549032692979923e+39
970.1 3.9524829029206575e+39
970.58 3.7269193947506683e+39
971.05 4.063965383412168e+39
971.53 3.5438880969739585e+39
972.01 2.0539033345886495e+39
972.48 1.4539517683555492e+39
972.96 4.0372905014337995e+39
973.44 3.23050189402008e+39
973.91 3.984189623015227e+39
974.39 4.015226047220295e+39
974.87 4.016520611818047e+39
975.35 3.9707267350794396e+39
975.83 3.968715798499758e+39
976.3 4.026428579383719e+39
976.78 3.491885543278757e+39
977.26 4.0556456239302895e+39
977.74 3.655022038962358e+39
978.22 2.547416749442807e+39
978.7 3.9934660805397416e+39
979.18 3.3273615980616377e+39
979.66 3.166066262814673e+39
980.14 3.936950913729909e+39
980.62 3.9531200192396116e+39
981.1 3.323150421918993e+39
981.58 3.798743762663504e+39
982.07 3.9079590116152904e+39
982.55 3.91020926126812e+39
983.03 3.888123042155209e+39
983.51 3.3698455785126836e+39
983.99 2.8920779880054573e+39
984.47 3.8784661016434467e+39
984.96 3.670286784810985e+39
985.44 3.694877122539312e+39
985.92 2.5851157878394225e+39
986.41 3.043476831288279e+39
986.89 2.2959900412610677e+39
987.38 3.122410509236595e+39
987.86 3.828335582837816e+39
988.34 3.803032177518808e+39
988.83 3.318409667974431e+39
989.31 3.4601107519178605e+39
989.8 2.0628611649878865e+39
990.28 3.10556054122217e+39
990.77 3.368759443719051e+39
991.26 2.5361211741424937e+39
991.74 3.644685004949156e+39
992.23 3.8211140464219363e+39
992.72 3.3798700286198915e+39
993.2 3.6711319968796263e+39
993.69 3.830539984365722e+39
994.18 3.5673030077161386e+39
994.66 2.1823278751645297e+39
995.15 2.6347535600618784e+39
995.64 3.8237544903665724e+39
996.13 2.5607076564040703e+39
996.61 3.7712906119387726e+39
997.1 3.0834009366839523e+39
997.59 2.811447642057115e+39
998.08 3.7365431336505627e+39
998.57 3.7014339155043803e+39
999.06 3.511478389454094e+39
999.55 3.742484410981142e+39
1000.04 3.7503344562367974e+39
1000.53 3.562624088191891e+39
1001.02 3.3902365369111225e+39
1001.51 3.765997262565061e+39
1002.01 3.7057831306300665e+39
1002.5 3.5771734604439593e+39
1002.99 3.535248934101237e+39
1003.48 3.760884534034069e+39
1003.97 3.698877938442232e+39
1004.46 3.64183277446764e+39
1004.96 3.7365431336505627e+39
1005.45 3.353667483044569e+39
1005.94 2.4587818577715943e+39
1006.43 3.6423359470162085e+39
1006.93 3.365270666627917e+39
1007.42 3.684597049519494e+39
1007.92 2.3630341608990247e+39
1008.41 3.644013690992436e+39
1008.91 3.330964467860767e+39
1009.4 3.67045581165569e+39
1009.9 3.1009159864810415e+39
1010.39 1.8435715607361974e+39
1010.89 3.5120444185150035e+39
1011.38 2.5613563257499857e+39
1011.88 3.644768927888928e+39
1012.37 3.195876586189681e+39
1012.87 1.968339464442052e+39
1013.37 3.666570162892669e+39
1013.86 3.602632810666902e+39
1014.36 3.639736970282021e+39
1014.86 2.7257749749177064e+39
1015.36 3.2775550888054027e+39
1015.85 3.3695352185576725e+39
1016.35 3.345646102288445e+39
1016.85 3.230650667555766e+39
1017.35 2.4228135842290333e+39
1017.85 2.2305399188659812e+39
1018.35 2.8466233013541165e+39
1018.85 2.6673499632908567e+39
1019.35 2.4832474604341315e+39
1019.85 1.2725650748860607e+39
1020.35 1.0275429881178133e+39
1020.85 9.393555377590375e+38
1021.35 7.480316952887582e+38
1021.85 7.921729342246493e+38
1022.35 8.483010410971955e+38
1022.85 4.4068675720381174e+38
1023.35 8.906765126117579e+38
1023.85 8.687803709641496e+38
1024.35 9.207251367445379e+38
1024.86 9.467820160680869e+38
1025.36 5.4849162417343016e+38
1025.86 2.7696825830966313e+38
1026.37 5.828274527165494e+38
1026.87 4.9841373287181526e+38
1027.37 7.185549739737347e+38
1027.88 7.819698346613488e+38
1028.38 6.403538131728325e+38
1028.89 8.175795123849899e+38
1029.39 8.383589402353536e+38
1029.9 5.684732062776196e+38
1030.4 8.27027593719164e+38
1030.91 6.816791330987986e+38
1031.41 9.234002759495649e+38
1031.92 1.3790182065304252e+39
1032.42 1.39331720528296e+39
1032.93 1.7856239403427102e+39
1033.44 1.7682757862890243e+39
1033.94 1.6814346776652453e+39
1034.45 2.143976397461973e+39
1034.96 2.4097944509956505e+39
1035.46 2.345092620240846e+39
1035.97 2.8638482382129614e+39
1036.48 3.198895109691417e+39
1036.99 3.44080451955842e+39
1037.5 4.1622676155166084e+39
1038.01 5.2509755972015114e+39
1038.51 5.731126572493878e+39
1039.02 5.2956588526539813e+39
1039.53 4.989304385354617e+39
1040.04 4.536177081152606e+39
1040.55 4.867321124120402e+39
1041.06 4.898464894873282e+39
1041.57 4.4366993496421136e+39
1042.08 4.559109257017547e+39
1042.59 4.38460020673716e+39
1043.11 4.305563512435744e+39
1043.62 3.7975193897133546e+39
1044.13 4.0859213252396865e+39
1044.64 3.9894221993841414e+39
1045.15 3.8058353877968754e+39
1045.67 3.66547279046851e+39
1046.18 3.673584212726699e+39
1046.69 3.5984875130471957e+39
1047.2 3.535574557556336e+39
1047.72 3.436291517043451e+39
1048.23 3.3533586130786536e+39
1048.75 3.428388265867112e+39
1049.26 3.4025146202702116e+39
1049.78 3.277479621179399e+39
1050.29 3.33848938733015e+39
1050.81 3.2178070584620214e+39
1051.32 3.097490620752768e+39
1051.83 3.362869388905588e+39
1052.35 3.235042570495728e+39
1052.87 3.2311714288877956e+39
1053.38 3.3451068913060215e+39
1053.9 3.358381276611938e+39
1054.42 3.3498086524155943e+39
1054.93 3.3361840368927154e+39
1055.45 2.723014788695174e+39
1055.97 2.549705377987403e+39
1056.49 3.3282811090766577e+39
1057.01 3.248254135186326e+39
1057.52 3.110641773939447e+39
1058.04 3.1935226446286335e+39
1058.56 3.015851825408284e+39
1059.08 3.059496776794276e+39
1059.6 3.2284197837440906e+39
1060.12 2.4993092699910262e+39
1060.64 2.8046585750746285e+39
1061.16 2.7126264992644427e+39
1061.68 2.809247480273365e+39
1062.2 2.6848498324882396e+39
1062.72 1.8502056379283937e+39
1063.24 2.932715942170931e+39
1063.76 3.3006539952850696e+39
1064.28 3.133213578576181e+39
1064.81 3.268812424418554e+39
1065.33 3.285110633598567e+39
1065.85 2.8645077395641594e+39
1066.37 3.139713352868869e+39
1066.9 3.2597928286768e+39
1067.42 3.101273013179023e+39
1067.94 2.669070221850847e+39
1068.47 3.123057641718122e+39
1068.99 2.7985302135038585e+39
1069.52 2.958829908529366e+39
1070.04 2.5863661044119824e+39
1070.56 2.8198109975760414e+39
1071.09 3.1702973669527307e+39
1071.61 3.195508668479801e+39
1072.14 2.848328005601244e+39
1072.67 3.152027515567986e+39
1073.19 3.164025682336304e+39
1073.72 2.994263387611079e+39
1074.24 3.092359665409123e+39
1074.77 3.177678825077851e+39
1075.3 3.078080687104565e+39
1075.82 3.0539364817136915e+39
1076.35 3.108493760708883e+39
1076.88 3.120469916239415e+39
1077.41 3.12816750270985e+39
1077.94 2.911052246050054e+39
1078.47 3.090793569431335e+39
1078.99 2.815853136378405e+39
1079.52 2.925297230543697e+39
1080.05 3.135595265317713e+39
1080.58 3.060130870144761e+39
1081.11 2.775364315444385e+39
1081.64 2.712064412707193e+39
1082.17 3.098560640887402e+39
1082.7 2.949646696071271e+39
1083.23 2.719067569208069e+39
1083.77 2.888883311056148e+39
1084.3 2.8573931548309766e+39
1084.83 2.2557969233866577e+39
1085.36 3.027261934449448e+39
1085.89 3.0031014246142405e+39
1086.43 2.93359394121411e+39
1086.96 3.078151563347579e+39
1087.49 3.072345127854366e+39
1088.02 2.793251238500111e+39
1088.56 2.8698553008501064e+39
1089.09 2.698236420185941e+39
1089.63 2.570099872052568e+39
1090.16 2.8801161338041045e+39
1090.69 2.9850389338266814e+39
1091.23 2.4761103757210117e+39
1091.77 2.946863366962798e+39
1092.3 2.8493775617416234e+39
1092.84 2.935485908956762e+39
1093.37 2.6472807400175767e+39
1093.91 3.0612584717197734e+39
1094.44 3.0244053664840396e+39
1094.98 3.030260745910644e+39
1095.52 2.6679027825936803e+39
1096.06 2.774150383630878e+39
1096.59 2.6522838448803668e+39
1097.13 3.040464940903592e+39
1097.67 2.654788941965042e+39
1098.21 2.6572352193215847e+39
1098.74 3.026564961874152e+39
1099.28 3.0157129434970706e+39
1099.82 2.836155248254164e+39
1100.36 3.007114743922787e+39
1100.9 3.014879786327057e+39
1101.44 2.8394223729994663e+39
1101.98 2.820200595773982e+39
1102.52 2.989372258964656e+39
1103.06 2.805239852154678e+39
1103.6 2.9073010155937197e+39
1104.15 2.6002793076954517e+39
1104.69 2.889348981559075e+39
1105.23 2.915278166098472e+39
1105.77 2.8781273070569036e+39
1106.31 2.953996660463956e+39
1106.85 2.813519956609973e+39
1107.4 2.805885856872471e+39
1107.94 1.830585424090002e+39
1108.48 2.047953068515778e+39
1109.03 2.855288525217782e+39
1109.57 2.89801080252975e+39
1110.11 2.7714688392075575e+39
1110.66 2.629117524558314e+39
1111.2 2.7959538585605264e+39
1111.75 2.8168258655714846e+39
1112.29 2.5827953747303943e+39
1112.84 2.907434904836192e+39
1113.39 2.914405648806806e+39
1113.93 2.854499688829282e+39
1114.48 2.8565379620175883e+39
1115.02 2.3436890988269988e+39
1115.57 2.8205253020577844e+39
1116.12 2.1292173677551833e+39
1116.67 2.576558455878059e+39
1117.21 2.6178815961117066e+39
1117.76 2.3772234188917207e+39
1118.31 2.7371588357505887e+39
1118.86 2.903755196410599e+39
1119.41 2.593522380263899e+39
1119.95 2.8931436652044783e+39
1120.5 2.8787238108352684e+39
1121.05 2.6865813772687112e+39
1121.6 2.851477834391007e+39
1122.15 2.8506244119813586e+39
1122.7 2.8616070691603886e+39
1123.25 2.8648375471900066e+39
1123.8 1.5942631210880105e+39
1124.36 2.7200694952705722e+39
1124.91 2.4420244057628045e+39
1125.46 2.76840739077742e+39
1126.01 2.816566438268842e+39
1126.56 2.7567666102900805e+39
1127.11 2.686210237972841e+39
1127.67 2.5425529142905502e+39
1128.22 1.415891582904607e+39
1128.77 1.5149559320403392e+39
1129.33 2.6558283345466696e+39
1129.88 2.6086751430327107e+39
1130.44 2.4167960363273035e+39
1130.99 2.5814873427142415e+39
1131.54 2.7699376920377684e+39
1132.1 2.822409335878594e+39
1132.65 2.7790092990185636e+39
1133.21 2.7065745885345447e+39
1133.77 2.712126861017008e+39
1134.32 2.5757280054251956e+39
1134.88 2.5860683551503168e+39
1135.43 2.7541018693395397e+39
1135.99 2.7878538330598955e+39
1136.55 2.736276622195712e+39
1137.1 2.757210984380565e+39
1137.66 2.7608956977873966e+39
1138.22 2.5802987975532692e+39
1138.78 2.735268726306697e+39
1139.34 2.3313635384292952e+39
1139.9 2.1888197562885938e+39
1140.45 2.6693160636242954e+39
1141.01 2.765030969835663e+39
1141.57 2.2787149414783063e+39
1142.13 2.710628498376733e+39
1142.69 2.746123091254716e+39
1143.25 2.7098796275090546e+39
1143.81 2.6685786062272854e+39
1144.38 2.3634694879715707e+39
1144.94 2.3288418665938724e+39
1145.5 2.7425843912568945e+39
1146.06 2.736339628018716e+39
1146.62 2.717690523442261e+39
1147.18 2.6812666104994384e+39
1147.75 2.7133761292256593e+39
1148.31 2.6734988399933048e+39
1148.87 2.5700406939973354e+39
1149.44 2.622527192450502e+39
1150.0 2.4618976852800292e+39
1150.0 2.4618976852800292e+39
1150.3 2.5987828973454072e+39
1150.6 2.6525281405001584e+39
1150.89 2.497525896151028e+39
1151.19 2.524352502395701e+39
1151.49 2.676516961998247e+39
1151.79 2.6661218860351472e+39
1152.09 2.6268180992917468e+39
1152.39 2.5858897220468212e+39
1152.69 2.148325087315982e+39
1152.98 2.7077589500666072e+39
1153.28 2.673683525129298e+39
1153.58 2.5680885824114452e+39
1153.88 2.4309162680545292e+39
1154.18 2.511712922534881e+39
1154.48 2.6405232753174147e+39
1154.78 2.594239095993786e+39
1155.08 2.5196487357249516e+39
1155.38 2.5364131726914488e+39
1155.68 2.6500861965275224e+39
1155.98 2.114024421354985e+39
1156.28 2.64752457481316e+39
1156.57 2.5628901974795948e+39
1156.88 2.563067241777343e+39
1157.18 2.5357708202560767e+39
1157.47 2.5888089418181567e+39
1157.78 2.5618281884802785e+39
1158.07 2.1722509708731324e+39
1158.38 2.6065136282905167e+39
1158.68 2.5816062273370973e+39
1158.97 2.3414775600353268e+39
1159.28 2.6142071611945994e+39
1159.58 2.3890211798415503e+39
1159.88 2.633783059762233e+39
1160.18 2.4043628000069347e+39
1160.48 2.3201710309339703e+39
1160.78 2.5957926596152535e+39
1161.08 2.6430172644776563e+39
1161.38 2.5401537247382135e+39
1161.68 2.5858301804210422e+39
1161.98 2.3499033478961444e+39
1162.28 2.5719350677896612e+39
1162.58 2.6277860331323975e+39
1162.89 2.614688760305286e+39
1163.19 2.2234634767623406e+39
1163.49 2.4929869206374055e+39
1163.79 2.3334043330420867e+39
1164.09 2.467118443696061e+39
1164.39 2.3278768424103395e+39
1164.7 2.4380353593830802e+39
1165.0 2.215440037347579e+39
1165.3 2.530987498385628e+39
1165.6 2.0495098033339575e+39
1165.9 2.1482261555675718e+39
1166.21 2.5766177840120327e+39
1166.51 2.5567602164323033e+39
1166.81 2.176807374201884e+39
1167.11 2.3577079071054228e+39
1167.42 2.23136183153324e+39
1167.72 2.154070931002839e+39
1168.02 2.558585886905653e+39
1168.32 2.5877957781379686e+39
1168.63 2.1988722577530907e+39
1168.93 1.696289602260089e+39
1169.23 2.5155908129699305e+39
1169.54 2.3501739060913783e+39
1169.84 2.5499989405656527e+39
1170.14 2.395852073452438e+39
1170.44 2.321881226109082e+39
1170.75 2.5224350939366418e+39
1171.05 2.1792146006601945e+39
1171.35 2.5696264857621393e+39
1171.66 2.422311550149964e+39
1171.96 2.2404228841787232e+39
1172.27 2.5802987975532692e+39
1172.57 2.4462452760512817e+39
1172.87 2.2836524018965395e+39
1173.18 2.5687391214672563e+39
1173.48 2.3639048952416748e+39
1173.79 2.4482175114287392e+39
1174.09 2.510325282133384e+39
1174.4 2.5502338149637514e+39
1174.7 2.4703585971248497e+39
1175.0 1.742569065228462e+39
1175.31 1.668706662814178e+39
1175.61 1.6101265080480174e+39
1175.92 1.7064359816286962e+39
1176.22 2.1107655626245562e+39
1176.53 2.2688197811445212e+39
1176.83 2.5177928737358615e+39
1177.14 2.540563182142735e+39
1177.44 2.4898890771184935e+39
1177.75 2.461727629286331e+39
1178.05 2.483133105295588e+39
1178.36 2.3265907655154996e+39
1178.66 2.5236550943776655e+39
1178.97 2.3228437648025663e+39
1179.27 2.5010363281074266e+39
1179.58 2.539218069886704e+39
1179.89 2.3645037112128645e+39
1180.19 2.5063400848544433e+39
1180.5 2.3393758378415818e+39
1180.8 2.4084631172634372e+39
1181.11 2.526096865740553e+39
1181.42 2.3343178983788505e+39
1181.72 2.2973120998542853e+39
1182.03 2.5274932242498834e+39
1182.33 2.5267949485381694e+39
1182.64 2.1583406983425826e+39
1182.95 1.7997409566672323e+39
1183.25 2.4146823073600126e+39
1183.56 2.4590649517901243e+39
1183.87 2.3666825028285622e+39
1184.17 2.3988329190195046e+39
1184.48 1.6304969847146623e+39
1184.79 2.232235445588942e+39
1185.09 2.4941926781809206e+39
1185.4 2.2435202818936627e+39
1185.71 2.4945947269429458e+39
1186.02 2.4399447932307295e+39
1186.32 2.5016122793103475e+39
1186.63 2.2757785514147562e+39
1186.94 2.447090325163647e+39
1187.25 2.4928147171495434e+39
1187.56 2.463769076721752e+39
1187.86 2.4853639806739703e+39
1188.17 2.4882843036796856e+39
1188.48 2.302342868906153e+39
1188.79 2.4733182382835377e+39
1189.09 2.4014856728369372e+39
1189.4 2.4195800779059885e+39
1189.71 2.477422057633276e+39
1190.02 2.4540307482428007e+39
1190.33 2.1262777763181368e+39
1190.64 2.4749703472744238e+39
1190.94 2.4475411373800493e+39
1191.25 2.1083853991201994e+39
1191.56 2.479933298578153e+39
1191.87 2.4418557225192075e+39
1192.18 2.4626347303449798e+39
1192.49 2.3998273581311164e+39
1192.8 2.3729577184907496e+39
1193.11 2.2612053274669935e+39
1193.42 2.406190456774977e+39
1193.73 2.341962840935895e+39
1194.04 2.3547239442877407e+39
1194.34 2.3184620954131388e+39
1194.65 2.444893804413554e+39
1194.96 2.4512635084654598e+39
1195.27 2.396900466888307e+39
1195.58 2.3300755352473306e+39
1195.89 2.4301887160482974e+39
1196.2 1.6411565106993323e+39
1196.51 2.383855902716191e+39
1196.82 2.3748708672691798e+39
1197.13 2.3071190224038246e+39
1197.44 2.358576678822152e+39
1197.75 2.259019605102543e+39
1198.06 2.3305047905574165e+39
1198.38 2.2231051256728852e+39
1198.69 2.387921248218498e+39
1199.0 2.4018727777908694e+39
1199.31 2.4734890949558348e+39
1199.62 2.349254135302073e+39
1199.93 2.42331572235674e+39
1200.24 2.2248462292862586e+39
1200.55 2.3093512835286628e+39
1200.86 2.0905473086920015e+39
1201.17 2.2270501662155237e+39
1201.48 2.2901292833062308e+39
1201.8 2.2516454167446133e+39
1202.11 1.9280131869388548e+39
1202.42 2.3628165274322533e+39
1202.73 2.3527728502494628e+39
1203.04 2.3381372451023573e+39
1203.35 2.072096608997326e+39
1203.67 2.3574364815761964e+39
1203.98 2.3681543220143957e+39
1204.29 2.234549604732757e+39
1204.6 2.368481517226133e+39
1204.92 2.2474498003813765e+39
1205.23 2.281392450172732e+39
1205.54 2.091991906501737e+39
1205.85 2.3085537995812097e+39
1206.16 2.294140437308552e+39
1206.48 1.6354602762660468e+39
1206.79 2.350282138091531e+39
1207.1 2.2752545943631314e+39
1207.42 2.206378414239732e+39
1207.73 2.343419287179816e+39
1208.04 2.25740768915598e+39
1208.35 2.2485885765608887e+39
1208.67 2.220189273009272e+39
1208.98 2.289443867614833e+39
1209.29 2.2957785825015543e+39
1209.61 2.0519179941163364e+39
1209.92 2.2734216944745924e+39
1210.23 2.1960893205460712e+39
1210.55 2.012241029507543e+39
1210.86 2.292186761828279e+39
1211.18 2.0324038082245776e+39
1211.49 1.9152258728475376e+39
1211.8 2.293242595938034e+39
1212.12 2.3099894690339948e+39
1212.43 2.295937174745275e+39
1212.75 2.0426784162755462e+39
1213.06 1.9745584770307884e+39
1213.38 2.287546863810242e+39
1213.69 1.9235345881290084e+39
1214.0 2.1102795968436347e+39
1214.32 2.2410936239255698e+39
1214.63 1.987101265789168e+39
1214.95 2.1334869955197235e+39
1215.26 1.4652779019300452e+39
1215.58 1.4525129062929604e+39
1215.89 1.6481244416208988e+39
1216.21 2.396900466888307e+39
1216.52 2.3775518671320487e+39
1216.84 2.0849229024470664e+39
1217.15 1.8567780780337237e+39
1217.47 2.3395913122416293e+39
1217.79 1.7254405488774677e+39
1218.1 2.3451466186156307e+39
1218.42 2.1361414145147265e+39
1218.73 2.0297848187937537e+39
1219.05 2.3177681999585497e+39
1219.36 2.3266979114468862e+39
1219.68 2.274835515577938e+39
1220.0 1.9558700660236246e+39
1220.31 1.9498894971060442e+39
1220.63 2.2673052831776036e+39
1220.94 1.720323016975734e+39
1221.26 1.9688834118807716e+39
1221.58 2.2955671432171776e+39
1221.9 1.9328582261997425e+39
1222.21 1.9112170011183055e+39
1222.53 2.0541871114228708e+39
1222.84 1.780860904967696e+39
1223.16 1.6342180387555598e+39
1223.48 1.888687038957002e+39
1223.8 1.3141350537766785e+39
1224.11 1.4690954037668536e+39
1224.43 1.3096341765133204e+39
1224.75 1.1188451921979462e+39
1225.06 1.0205164273783378e+39
1225.38 9.61235939048938e+38
1225.7 8.483596416811035e+38
1226.02 6.462194123064312e+38
1226.34 9.220405051772104e+38
1226.65 9.041906254423104e+38
1226.97 8.772835783786903e+38
1227.29 7.841334849795184e+38
1227.61 8.73916622483885e+38
1227.93 8.680605106992241e+38
1228.24 8.221669220877791e+38
1228.56 8.35449108643005e+38
1228.88 8.796096798496912e+38
1229.2 8.785975745079103e+38
1229.52 6.618201717890972e+38
1229.84 6.056197087277629e+38
1230.16 7.946026333613461e+38
1230.47 6.921018338743906e+38
1230.79 5.675054021701571e+38
1231.11 7.908242898011358e+38
1231.43 7.944928625335191e+38
1231.75 8.201815583124273e+38
1232.07 8.312851071713856e+38
1232.39 8.392087434776803e+38
1232.71 8.494738222381265e+38
1233.03 7.623422682511102e+38
1233.35 8.182386691972806e+38
1233.67 8.711240421561262e+38
1233.99 8.814141128926328e+38
1234.31 9.112971246969076e+38
1234.63 8.854417585473573e+38
1234.95 9.580540254718638e+38
1235.27 9.725232662363547e+38
1235.59 1.0168572747866929e+39
1235.91 1.0487693820479704e+39
1236.23 9.702195020892002e+38
1236.55 1.136972603366846e+39
1236.87 1.1815442744023107e+39
1237.19 1.1520464765258303e+39
1237.51 1.2933914925729086e+39
1237.83 1.3535989225456089e+39
1238.15 1.4213138891343074e+39
1238.47 1.418208225758506e+39
1238.79 1.5312284865429816e+39
1239.11 1.766769933818159e+39
1239.44 1.8068828674300036e+39
1239.76 1.8511431316634327e+39
1240.08 1.8919950681720634e+39
1240.4 1.9389651350221932e+39
1240.72 2.0205518523941548e+39
1241.04 2.1005837428245384e+39
1241.36 2.1883662083484014e+39
1241.69 2.2877575643655294e+39
1242.01 2.403089799637187e+39
1242.33 2.5350118861981802e+39
1242.65 2.731995627933369e+39
1242.97 3.1413042363565163e+39
1243.3 3.369457633035297e+39
1243.62 3.3043801148945895e+39
1243.94 3.331194570681979e+39
1244.26 3.24586161463572e+39
1244.58 3.351120156395553e+39
1244.91 3.130112882768851e+39
1245.23 2.8581827908241904e+39
1245.55 3.1134364103323876e+39
1245.88 2.9388674582067694e+39
1246.2 2.9705030320108586e+39
1246.52 2.832239660391573e+39
1246.84 2.739933359098227e+39
1247.17 2.9304208791428427e+39
1247.49 2.1167033639479363e+39
1247.81 2.538341206473043e+39
1248.14 2.078117023401272e+39
1248.46 2.493675853555055e+39
1248.79 2.6322673686521524e+39
1249.11 2.6833047534400924e+39
1249.43 2.4197472223494212e+39
1249.76 2.5775078699705426e+39
1250.08 2.3678816938664752e+39
1250.4 1.9039257166731888e+39
1250.73 1.9761504245437315e+39
1251.05 2.1227067454855118e+39
1251.38 2.3502280214684406e+39
1251.7 2.2750450453209077e+39
1252.03 2.2074455507717712e+39
1252.35 2.1342240030918823e+39
1252.68 1.9392330314603314e+39
1253.0 2.0592543876155817e+39
1253.32 2.1961904565254388e+39
1253.65 1.679190621540825e+39
1253.97 1.8194913698658337e+39
1254.3 2.2851778192920178e+39
1254.62 2.2513343619217477e+39
1254.95 2.0659033505576368e+39
1255.27 1.9293898967002946e+39
1255.6 2.184992748585396e+39
1255.93 2.1612250865713928e+39
1256.25 2.158837731875264e+39
1256.58 1.9004655434589477e+39
1256.9 2.114511249512862e+39
1257.23 2.063811366436544e+39
1257.55 1.8158083129084054e+39
1257.88 1.840517706985202e+39
1258.2 2.112126862257944e+39
1258.53 1.760597172303052e+39
1258.86 1.5879250503936524e+39
1259.18 1.8840394835478473e+39
1259.51 1.9257060729191906e+39
1259.84 1.9217637629219466e+39
1260.16 1.8593022720549676e+39
1260.49 1.9480495532907654e+39
1260.82 1.8806154513503124e+39
1261.14 2.049651383345546e+39
1261.47 2.1501066380805194e+39
1261.8 1.7213532347611343e+39
1262.12 2.1351579115165266e+39
1262.45 2.1346171778934984e+39
1262.78 2.1256903452171098e+39
1263.11 2.0969592937166493e+39
1263.43 2.0772080644034337e+39
1263.76 2.089969748920226e+39
1264.09 2.058069326622371e+39
1264.42 1.714233587051579e+39
1264.74 1.8700792008799515e+39
1265.07 2.0088152653518076e+39
1265.4 1.8841262487702605e+39
1265.73 1.6657123280688187e+39
1266.06 1.7058074231719968e+39
1266.38 1.6098670072312022e+39
1266.71 1.8345941317004725e+39
1267.04 2.091510263017247e+39
1267.37 1.8653056254916878e+39
1267.7 2.0653325992224736e+39
1268.03 2.0379803862870422e+39
1268.35 2.0879014697316527e+39
1268.68 2.078117023401272e+39
1269.01 1.8717162032160268e+39
1269.34 1.8641463291647885e+39
1269.67 2.0394825790896985e+39
1270.0 1.9003342684841628e+39
1270.33 1.81497229479286e+39
1270.66 1.4517772950231345e+39
1270.99 1.8745628243283806e+39
1271.32 1.8953088913895518e+39
1271.65 1.9192431533825054e+39
1271.97 1.723653636644758e+39
1272.31 2.1472370886216963e+39
1272.63 1.7897402286427878e+39
1272.96 2.100341918104741e+39
1273.29 1.8902097543738573e+39
1273.62 1.7992023099187086e+39
1273.95 2.0121946964789785e+39
1274.28 1.843953648560794e+39
1274.61 2.0649046392026967e+39
1274.94 2.0488964029512285e+39
1275.28 2.028383177279582e+39
1275.61 2.0157654631358014e+39
1275.94 1.9178736837961055e+39
1276.27 1.9450465518921434e+39
1276.6 1.862387293837806e+39
1276.93 1.5199174461019005e+39
1277.26 1.9188896482885562e+39
1277.59 1.9922782787790147e+39
1277.92 2.015069362629072e+39
1278.25 1.7147862797487932e+39
1278.58 2.103826881612907e+39
1278.92 1.5956954254360848e+39
1279.25 2.097345603472812e+39
1279.58 2.0656655183357206e+39
1279.91 2.0317487442344357e+39
1280.24 2.062766168907924e+39
1280.57 2.009462935270105e+39
1280.91 2.0495098033339575e+39
1281.24 1.782912377549892e+39
1281.57 1.9152699730606862e+39
1281.9 1.8640175629457962e+39
1282.23 1.6799640954848022e+39
1282.57 2.0533831788730126e+39
1282.9 1.947601049942406e+39
1283.23 1.924509237426651e+39
1283.56 1.875253566026324e+39
1283.9 1.7320084241107907e+39
1284.23 1.509593440290063e+39
1284.56 1.7688866325922633e+39
1284.9 1.9201714141330743e+39
1285.23 1.7096609807867643e+39
1285.56 1.9906275025673618e+39
1285.9 1.565813380629242e+39
1286.23 1.7631935968238242e+39
1286.56 1.9811620486544897e+39
1286.9 1.9266374595240678e+39
1287.23 2.0826198334547508e+39
1287.56 1.6427822434771857e+39
1287.9 2.019575065131694e+39
1288.23 1.639117171456072e+39
1288.56 2.0238112232335378e+39
1288.9 1.9310343533370056e+39
1289.23 1.9529899120756883e+39
1289.57 2.0083990163558775e+39
1289.9 1.9246421824068086e+39
1290.23 2.0161368150580245e+39
1290.57 2.027495971641324e+39
1290.9 1.9781535510776135e+39
1291.24 1.653331727678691e+39
1291.57 1.8330740105492422e+39
1291.91 2.0118703951494465e+39
1292.24 1.9792470212375875e+39
1292.58 2.009462935270105e+39
1292.91 2.0053029836882694e+39
1293.25 1.7530729959714443e+39
1293.58 1.980569104157754e+39
1293.92 1.9109529749704405e+39
1294.25 1.9554197621429956e+39
1294.59 1.4325506960127637e+39
1294.92 1.9358424097664384e+39
1295.26 1.7040800809698772e+39
1295.59 1.8832587763257576e+39
1295.93 1.8710267644907028e+39
1296.27 1.4816649247180793e+39
1296.6 1.474381931569091e+39
1296.94 1.842086416121397e+39
1297.28 2.0341829038801768e+39
1297.61 1.6893903145561228e+39
1297.95 2.0120557037943232e+39
1298.28 2.014280739313391e+39
1298.62 1.8951343350283022e+39
1298.96 1.548032235548422e+39
1299.29 1.993379556709144e+39
1299.63 1.9772427874291186e+39
1299.97 1.976059421548991e+39
1300.3 1.902216743244499e+39
1300.64 1.6472518349479097e+39
1300.98 1.5153745876705766e+39
1301.32 1.9557799969524038e+39
1301.65 1.8602872092304666e+39
1301.99 2.027916178560156e+39
1302.33 1.9349065732494243e+39
1302.67 1.992186533086241e+39
1303.0 1.9766965305286868e+39
1303.34 1.3914576730339186e+39
1303.68 1.949440570143737e+39
1304.02 1.9430322098280096e+39
1304.35 1.9677503576327722e+39
1304.69 1.9246421824068086e+39
1305.03 1.9796572283620572e+39
1305.37 1.808256354701467e+39
1305.71 1.6075333811161172e+39
1306.05 1.2356913313095485e+39
1306.38 1.938831200681692e+39
1306.72 1.7273088572835528e+39
1307.06 1.939143728535225e+39
1307.4 1.3705030298613272e+39
1307.74 1.8587885988214043e+39
1308.08 1.905943402487781e+39
1308.42 1.8377651007717215e+39
1308.76 1.733724154967804e+39
1309.09 1.934995681041826e+39
1309.43 1.8709406025079443e+39
1309.77 1.825786535531365e+39
1310.11 1.5948138551654987e+39
1310.45 1.962365951801056e+39
1310.79 1.9468388312187983e+39
1311.13 1.5198124575504907e+39
1311.47 1.9278800091059962e+39
1311.81 1.3632954962860788e+39
1312.15 1.959205539265504e+39
1312.49 1.782009438627698e+39
1312.83 1.9525402712986362e+39
1313.17 1.9054168436139177e+39
1313.51 1.910029170652872e+39
1313.85 1.946928488524639e+39
1314.19 1.906777418316407e+39
1314.53 1.562104199725644e+39
1314.88 1.771903230746416e+39
1315.22 1.884299791202605e+39
1315.56 1.7263943260763726e+39
1315.9 1.797173474622714e+39
1316.24 1.8362846337256552e+39
1316.58 1.9245535513996294e+39
1316.92 1.7237330156558946e+39
1317.26 1.8740017840483964e+39
1317.6 1.8430197958707137e+39
1317.94 1.7564670210144168e+39
1318.29 1.475061065904949e+39
1318.63 1.8233078425687824e+39
1318.97 1.932502213347645e+39
1319.31 1.568880987372217e+39
1319.65 1.838907990843008e+39
1320.0 1.9191105813411793e+39
1320.34 1.4063065515120137e+39
1320.68 1.5432987342631573e+39
1321.02 1.9213213114037242e+39
1321.36 1.2814155799219595e+39
1321.71 1.9142559250210702e+39
1322.05 1.9148731076958256e+39
1322.39 1.9030491283359307e+39
1322.74 1.8998530044856452e+39
1323.08 1.765184072119293e+39
1323.42 1.8740449350308936e+39
1323.76 1.8173141160604587e+39
1324.11 1.807840036221064e+39
1324.45 1.5482817689743366e+39
1324.79 1.7848018194442285e+39
1325.14 1.876808665598535e+39
1325.48 1.9001592492898922e+39
1325.82 1.5393947461204465e+39
1326.17 1.8842564040960368e+39
1326.51 1.560953622755835e+39
1326.85 1.809589218206733e+39
1327.2 1.733404820588935e+39
1327.54 1.661575194370253e+39
1327.89 1.8034744748938953e+39
1328.23 1.836326916228703e+39
1328.58 1.8126752291442554e+39
1328.92 1.7559817582855753e+39
1329.27 1.765306010926797e+39
1329.61 1.873052713767473e+39
1329.95 1.8153902557255467e+39
1330.3 1.6107939879552467e+39
1330.64 1.8276372455831424e+39
1330.99 1.5962098997850436e+39
1331.33 1.6069042522491206e+39
1331.68 1.3461082935304025e+39
1332.02 1.7343230654992435e+39
1332.37 1.6987129593581117e+39
1332.71 1.8176489085264593e+39
1333.06 1.757437948813935e+39
1333.41 1.8004455842064387e+39
1333.75 1.813677227331764e+39
1334.1 1.73512193471897e+39
1334.44 1.4970627349838945e+39
1334.79 1.681047557593452e+39
1335.13 1.6968365095676217e+39
1335.48 1.7591383640826564e+39
1335.83 1.387937787909927e+39
1336.17 1.3301481047940755e+39
1336.52 1.581903547573161e+39
1336.86 1.4663579564452805e+39
1337.21 1.6539028668537627e+39
1337.56 1.5974232457187563e+39
1337.91 1.6356109146611818e+39
1338.25 1.5090721352186354e+39
1338.6 1.2074801499133918e+39
1338.94 1.8626446099253938e+39
1339.29 1.8235177707259055e+39
1339.64 1.3497085530469095e+39
1339.99 1.7882984494794124e+39
1340.33 1.5432987342631573e+39
1340.68 1.7780337486293678e+39
1341.03 1.6135781339566435e+39
1341.38 1.7228600475555808e+39
1341.72 1.7263148245101837e+39
1342.07 1.6499850149526158e+39
1342.42 1.3815926050115565e+39
1342.77 1.5157584569655126e+39
1343.11 1.347441750980113e+39
1343.46 1.235378389654545e+39
1343.81 1.9495752373788307e+39
1344.16 1.9411987366477774e+39
1344.51 1.939143728535225e+39
1344.86 1.808214718539543e+39
1345.21 1.894959794743547e+39
1345.55 1.3908810815855676e+39
1345.9 1.869562550282296e+39
1346.25 1.816686546385181e+39
1346.6 1.8196589589316737e+39
1346.95 1.8416199035246712e+39
1347.3 1.6098299391002554e+39
1347.65 1.7054932307715574e+39
1348.0 1.6815895506542674e+39
1348.35 1.8433168795057512e+39
1348.7 1.770801984452537e+39
1349.05 1.7992023099187086e+39
1349.4 1.7890397907822176e+39
1349.74 1.809297570390347e+39
1350.09 1.6696290790444493e+39
1350.44 1.739201895235638e+39
1350.8 1.8143455338143282e+39
1351.15 1.6097187398283768e+39
1351.49 1.2331616211126312e+39
1351.84 1.796015167498309e+39
1352.2 1.8243157181794245e+39
1352.55 1.7761105746788262e+39
1352.9 1.7030994159071198e+39
1353.25 1.8110481626183276e+39
1353.6 1.7997409566672323e+39
1353.95 1.8142619820386027e+39
1354.3 1.747108996253472e+39
1354.65 1.7975873367537276e+39
1355.0 1.7762332682884283e+39
1355.35 1.5629317007304225e+39
1355.7 1.739322039195956e+39
1356.06 1.466256667524563e+39
1356.41 1.7910594439346432e+39
1356.76 1.7850073141764063e+39
1357.11 1.2813565699124827e+39
1357.46 1.695079220440606e+39
1357.81 1.393830616879339e+39
1358.17 1.7004348611729118e+39
1358.52 1.3062911964567905e+39
1358.87 1.609199911445724e+39
1359.22 1.3484659978349199e+39
1359.57 1.5450409694945082e+39
1359.93 1.4462054705391095e+39
1360.28 1.391585836923807e+39
1360.63 1.316800552231777e+39
1360.98 1.2840442783857655e+39
1361.34 1.0620623171867833e+39
1361.69 8.847692084513497e+38
1362.04 1.1944555700163376e+39
1362.4 1.1654938870167379e+39
1362.75 1.1355597747710105e+39
1363.1 8.86849652116224e+38
1363.46 9.413475573131904e+38
1363.81 9.964602985229716e+38
1364.16 1.1258486204560809e+39
1364.52 1.1258486204560809e+39
1364.87 9.671859966742008e+38
1365.22 1.0415257221122318e+39
1365.58 9.463678978914693e+38
1365.93 1.1262894083039164e+39
1366.29 1.1801575795934604e+39
1366.64 1.2158779987609554e+39
1366.99 1.1297699004599892e+39
1367.35 1.2729167461935524e+39
1367.7 1.3069229969893846e+39
1368.06 1.34081851999356e+39
1368.41 1.3793675345123987e+39
1368.77 1.4348945960492276e+39
1369.12 1.479960076511689e+39
1369.48 1.4428460671164422e+39
1369.83 1.587449798295748e+39
1370.19 1.63964564557852e+39
1370.54 1.727666849182399e+39
1370.9 1.7124188506921587e+39
1371.25 1.8161010102171044e+39
1371.61 2.1359938601897916e+39
1371.96 1.786117394640819e+39
1372.32 2.2641229140006625e+39
1372.67 1.8840394835478473e+39
1373.03 2.059870888980746e+39
1373.39 2.10150293071262e+39
1373.74 1.6245758762708976e+39
1374.1 1.423213320977673e+39
1374.45 1.876376564182363e+39
1374.81 1.5436541328443023e+39
1375.17 1.9636315438203983e+39
1375.52 1.9545194653809278e+39
1375.88 1.9539344947766243e+39
1376.23 1.5949240248088327e+39
1376.59 1.7380409313916678e+39
1376.95 1.8420015868602456e+39
1377.31 1.8508874044540608e+39
1377.66 1.5377650991234522e+39
1378.02 1.5860248952646533e+39
1378.38 1.8360732358137484e+39
1378.73 1.7010222720037902e+39
1379.09 1.4766242622850515e+39
1379.45 1.710133442843426e+39
1379.81 1.7925859988287142e+39
1380.16 1.343692830750661e+39
1380.52 1.7052968899095874e+39
1380.88 1.707575834229944e+39
1381.24 1.6505169930185953e+39
1381.6 1.507474588598703e+39
1381.95 1.737400731385762e+39
1382.31 1.670590471485953e+39
1382.67 1.7026288971554366e+39
1383.03 1.7279453386206777e+39
1383.39 1.724209366496713e+39
1383.75 1.6365150364506835e+39
1384.1 1.2823601097488031e+39
1384.46 1.6742488141390445e+39
1384.82 1.5869746884366716e+39
1385.18 1.695664781179198e+39
1385.54 1.6916869535470432e+39
1385.9 1.5005483720109294e+39
1386.26 1.5143630345488965e+39
1386.62 1.678919989801207e+39
1386.98 1.601843192832608e+39
1387.34 1.4069219328094494e+39
1387.7 1.678301566743427e+39
1388.06 1.4000063322395282e+39
1388.42 1.591145885083693e+39
1388.78 1.6828290482161458e+39
1389.14 1.6663644812436163e+39
1389.49 1.6431983872258454e+39
1389.85 1.6583263441953604e+39
1390.21 1.619123588760757e+39
1390.58 1.6585172770621083e+39
1390.94 1.2927960009064168e+39
1391.3 1.6684761383934335e+39
1391.66 1.6344438299179775e+39
1392.02 1.5799742172717073e+39
1392.38 1.4756385760433687e+39
1392.74 1.609385188097294e+39
1393.1 1.2983745676148182e+39
1393.46 1.548852282143656e+39
1393.82 1.1278465099851554e+39
1394.18 1.3945047567100663e+39
1394.55 1.4585119776406274e+39
1394.91 1.6503269811655946e+39
1395.27 1.5614928501531314e+39
1395.63 1.6834879028622864e+39
1395.99 1.466965836924138e+39
1396.35 1.678417503712758e+39
1396.72 1.6746343685620597e+39
1397.08 1.2311756003899677e+39
1397.44 1.5263706269544744e+39
1397.8 1.439262466883987e+39
1398.16 1.142010245018346e+39
1398.53 1.674672928887345e+39
1398.89 1.460999273580624e+39
1399.25 1.6712060531479098e+39
1399.61 1.6595869074375564e+39
1399.98 1.3971080660141815e+39
1400.34 1.4673036571824304e+39
1400.7 1.3912654493308472e+39
1401.07 1.4238033157952886e+39
1401.43 1.6126124188098562e+39
1401.79 1.6414966471683205e+39
1402.16 1.5709776266358213e+39
1402.52 1.5711223256859318e+39
1402.88 1.0472732241996572e+39
1403.25 1.1116549342268727e+39
1403.61 1.6705135397230663e+39
1403.97 1.622930791114418e+39
1404.34 1.5152001337663438e+39
1404.7 1.6019169621363358e+39
1405.06 1.6608101868785704e+39
1405.43 1.5788468319093908e+39
1405.79 1.6318866890933827e+39
1406.16 1.5781925902467248e+39
1406.52 1.442148557840284e+39
1406.89 1.0113698436802749e+39
1407.25 1.0467428426911897e+39
1407.62 1.507891176771737e+39
1407.98 1.6232671502277033e+39
1408.35 1.6410809343892212e+39
1408.71 1.3006187182559121e+39
1409.08 1.1662186974895548e+39
1409.44 1.0862505266074063e+39
1409.81 1.1078475459346405e+39
1410.17 1.540103826858717e+39
1410.54 1.6356109146611818e+39
1410.9 1.638362503885108e+39
1411.27 1.5785923723744047e+39
1411.64 1.3197753117071151e+39
1412.0 1.5178190524022997e+39
1412.37 1.5957689116181423e+39
1412.73 1.6341427819665327e+39
1413.1 1.630759810958972e+39
1413.46 1.5741640863719983e+39
1413.83 1.6267469457123083e+39
1414.2 1.5457882436934164e+39
1414.56 1.374959797501195e+39
1414.93 1.5425881825543583e+39
1415.3 1.415891582904607e+39
1415.67 1.542197518570072e+39
1416.03 1.5830331156022352e+39
1416.4 1.615213738784331e+39
1416.77 1.5941162907900277e+39
1417.13 1.468148548220273e+39
1417.5 1.5822314036206756e+39
1417.87 1.5605223749125474e+39
1418.23 1.443178332953066e+39
1418.6 1.503107355365669e+39
1418.97 1.604537974597824e+39
1419.34 1.5785923723744047e+39
1419.71 1.6057206775390273e+39
1420.07 1.162518840327992e+39
1420.44 1.1189482463941459e+39
1420.81 1.5394656395007045e+39
1421.18 1.2916355806258575e+39
1421.55 1.5984902807915796e+39
1421.92 1.5677615175472757e+39
1422.28 1.5381900580302526e+39
1422.65 1.4980282382062222e+39
1423.02 1.5530305538859824e+39
1423.39 1.5994107106601407e+39
1423.76 1.5995948602234152e+39
1424.13 1.5345816473442186e+39
1424.5 1.3049083194976235e+39
1424.87 1.552208295086553e+39
1425.23 1.5967613063721784e+39
1425.6 1.589644456908014e+39
1425.97 1.5328159115659134e+39
1426.34 1.3070433745893106e+39
1426.71 1.5535670442796016e+39
1427.08 1.5880713104310602e+39
1427.45 1.2735617293512933e+39
1427.82 1.2943448498300408e+39
1428.19 1.3486212546573059e+39
1428.56 1.3993939757945398e+39
1428.93 1.1112454608464871e+39
1429.3 1.3646459794116835e+39
1429.68 1.566787146300087e+39
1430.05 1.5686642534255424e+39
1430.42 1.2515839925771825e+39
1430.79 1.2016832287530733e+39
1431.16 1.567978126767764e+39
1431.53 1.5173997214348016e+39
1431.9 1.3461702855356127e+39
1432.27 1.584199967338702e+39
1432.64 1.5792467797672394e+39
1433.01 1.3879697467264795e+39
1433.38 1.5779745699434323e+39
1433.76 1.5250005488989066e+39
1434.13 1.5747803969373485e+39
1434.5 1.41370892569418e+39
1434.87 1.5626438245867826e+39
1435.24 1.3115353479299895e+39
1435.61 1.5330276925389763e+39
1435.99 1.5227198177923657e+39
1436.36 1.562104199725644e+39
1436.73 1.4797556265942733e+39
1437.1 1.4972006259073776e+39
1437.48 1.3834070991748587e+39
1437.85 1.5184482661412104e+39
1438.22 1.5183084183278605e+39
1438.59 1.5543542321148986e+39
1438.97 1.372808627931456e+39
1439.34 1.5251761311825822e+39
1439.71 1.4313637028922742e+39
1440.09 1.5451477008299513e+39
1440.46 1.0445037415039154e+39
1440.83 1.1911597227867388e+39
1441.21 1.3997484652938337e+39
1441.58 1.5229302038421718e+39
1441.95 1.5440451658129302e+39
1442.33 1.4591166055594046e+39
1442.7 1.431067108320132e+39
1443.07 1.340911143654735e+39
1443.45 1.3956933203104372e+39
1443.82 1.5493159788836617e+39
1444.2 1.5231756909725215e+39
1444.57 1.5462866272744086e+39
1444.95 1.3139535118503456e+39
1445.32 1.5146420162231574e+39
1445.69 1.3013676301074746e+39
1446.07 1.532992393678265e+39
1446.44 1.2990324501755023e+39
1446.82 1.3778755697436525e+39
1447.19 1.4572699180691576e+39
1447.57 1.41543522694515e+39
1447.94 1.42295117954038e+39
1448.32 1.5244739233195594e+39
1448.69 1.4823132818510182e+39
1449.07 1.331588390225609e+39
1449.45 1.5094544079987566e+39
1449.82 1.198229479121333e+39
1450.2 1.3861811857710876e+39
1450.57 1.468013332968809e+39
1450.95 1.5026920888287384e+39
1451.33 1.4435771529594523e+39
1451.7 1.4862778310073366e+39
1452.08 1.4777126801883628e+39
1452.45 1.3881934790480538e+39
1452.83 1.2867672530296633e+39
1453.21 1.511889322833993e+39
1453.58 9.93390494440357e+38
1453.96 1.2647072261758234e+39
1454.34 1.3756881615976474e+39
1454.71 1.0834278621501318e+39
1455.09 1.4936195862397812e+39
1455.47 1.0607914239800677e+39
1455.85 1.4840208408453318e+39
1456.22 1.0908122336864649e+39
1456.6 1.4350928477580604e+39
1456.98 1.5153745876705766e+39
1457.36 1.3699666658713034e+39
1457.73 1.1096090750472374e+39
1458.11 1.5093153885122075e+39
1458.49 1.3630130062078357e+39
1458.87 1.470516832191942e+39
1459.24 9.299294465066756e+38
1459.62 1.4265927086477424e+39
1460.0 1.506017436131336e+39
1460.38 1.4352911268582714e+39
1460.76 1.0840766744032967e+39
1461.14 1.4593854095279868e+39
1461.52 1.456632514790424e+39
1461.9 1.4972351006226915e+39
1462.27 1.376226765645297e+39
1462.65 1.0456347309904606e+39
1463.03 1.44042284290287e+39
1463.41 1.4880584830337567e+39
1463.79 1.3502369856598456e+39
1464.17 1.2300138453598583e+39
1464.55 1.3951792225951492e+39
1464.93 1.1917632799020407e+39
1465.31 1.0050091135227821e+39
1465.69 1.431198920541862e+39
1466.07 1.4920727539763323e+39
1466.45 1.3402320520302585e+39
1466.83 1.3274250224685389e+39
1467.21 1.452211929369274e+39
1467.59 1.4882640801123972e+39
1467.97 1.458847851101759e+39
1468.35 1.475095030832186e+39
1468.73 1.469230718685311e+39
1469.11 1.3920986105429973e+39
1469.49 1.4610665566328234e+39
1469.87 1.3257755332679921e+39
1470.25 1.3395533043252185e+39
1470.64 1.4742121968471383e+39
1471.02 1.391009192366975e+39
1471.4 1.345302657198996e+39
1471.78 1.4362167916120668e+39
1472.16 1.09347787469958e+39
1472.54 9.822001587742459e+38
1472.92 1.4081859276764882e+39
1473.31 1.4262642613526275e+39
1473.69 1.4735673830922064e+39
1474.07 1.4724820184316765e+39
1474.45 1.4703136868168262e+39
1474.83 1.422852888950026e+39
1475.21 1.438434199226162e+39
1475.6 1.0842014905276639e+39
1475.98 1.4572363635755845e+39
1476.36 1.3877460504633658e+39
1476.74 1.4589822221422937e+39
1477.13 1.4584783945478812e+39
1477.51 1.197898441817552e+39
1477.89 1.3353035389107673e+39
1478.28 1.1599519517932655e+39
1478.66 1.4544205425824348e+39
1479.04 1.456498360155992e+39
1479.43 1.033951100982367e+39
1479.81 1.443444200712909e+39
1480.19 1.4382686029016105e+39
1480.58 1.452412573721394e+39
1480.96 1.4503071899246645e+39
1481.34 1.4121147844734294e+39
1481.73 1.373029916372476e+39
1482.11 1.4524794613323464e+39
1482.5 1.4491054840012175e+39
1482.88 1.4275127635158495e+39
1483.27 1.1469381534656538e+39
1483.65 1.441584154451259e+39
1484.03 1.3551582083209022e+39
1484.42 1.3151339828173164e+39
1484.8 1.4308694127493387e+39
1485.19 1.3329074642313394e+39
1485.57 1.434564237393934e+39
1485.96 1.2845470023787498e+39
1486.34 1.3717974777203945e+39
1486.73 1.2450591950385753e+39
1487.11 1.442115351524865e+39
1487.5 1.441385005997211e+39
1487.89 1.3082176374094081e+39
1488.27 1.4392956075085295e+39
1488.66 1.436481376890487e+39
1489.04 1.3962719066782195e+39
1489.43 1.400167523203789e+39
1489.81 1.2001347197104476e+39
1490.2 1.07480579663161e+39
1490.59 1.2867672530296633e+39
1490.97 1.403169060334762e+39
1491.36 1.4315614667565152e+39
1491.75 1.3946653142455746e+39
1492.13 1.3933492879666013e+39
1492.52 1.421019376996005e+39
1492.91 1.4228201269286874e+39
1493.29 1.42370496634348e+39
1493.68 1.0959481300950123e+39
1494.07 1.4041710018958466e+39
1494.45 1.2794991449569726e+39
1494.84 1.2805307150549782e+39
1495.23 1.2556251327275227e+39
1495.62 1.1724113118028868e+39
1496.01 1.4209539381421178e+39
1496.39 1.417294167814217e+39
1496.78 1.414490386023307e+39
1497.17 1.3944084310611427e+39
1497.56 1.2769385551406361e+39
1497.94 1.0016131092283134e+39
1498.33 1.390336742382871e+39
1498.72 1.158270512174471e+39
1499.11 1.2385113759123761e+39
1499.5 1.3337978099909712e+39
1499.89 1.3378271336046875e+39
1500.28 1.2582009246167486e+39
1500.66 1.368043793056931e+39
1501.05 1.3673509603616563e+39
1501.44 1.2424530885323022e+39
1501.83 9.279829565802893e+38
1502.22 1.2390818628280952e+39
1502.61 1.4056267063870276e+39
1503.0 1.3271194067483088e+39
1503.39 1.2940766470971057e+39
1503.78 1.3628560925691965e+39
1504.17 1.318438875036563e+39
1504.56 1.2530546140054841e+39
1504.95 1.3873946006030708e+39
1505.34 1.3584385576403952e+39
1505.73 1.2702815783888178e+39
1506.12 1.3364724172189897e+39
1506.51 1.390400771230321e+39
1506.9 1.3409420196302985e+39
1507.29 1.3944084310611427e+39
1507.68 1.3485902018628352e+39
1508.07 1.3804478351112437e+39
1508.46 1.3918422001193157e+39
1508.85 1.3010380557796135e+39
1509.24 1.3291377715599042e+39
1509.64 1.3151945483699594e+39
1510.03 1.375529788761815e+39
1510.42 1.3852558727052033e+39
1510.81 1.374959797501195e+39
1511.2 1.0782761517051378e+39
1511.59 1.263106587128536e+39
1511.98 1.3420540283734713e+39
1512.38 1.2719498838656826e+39
1512.77 1.1494497760559281e+39
1513.16 1.3242195644486366e+39
1513.55 1.1953084784165435e+39
1513.94 1.3170128125100186e+39
1514.34 1.3559073033858386e+39
1514.73 1.3709764665932328e+39
1515.12 1.3667214169428686e+39
1515.52 1.2458621731881927e+39
1515.91 1.2818582416243802e+39
1516.3 1.291992522036896e+39
1516.69 1.0816082719048134e+39
1517.09 1.3227872493572565e+39
1517.48 1.3661865329356825e+39
1517.87 1.2675934896762353e+39
1518.27 1.3636094428178196e+39
1518.66 1.2679145919456717e+39
1519.05 9.950845882712827e+38
1519.45 1.3214781905346734e+39
1519.84 1.3339206629666425e+39
1520.23 1.3612879493768618e+39
1520.63 1.1082302490079967e+39
1521.02 1.3464802883878391e+39
1521.42 1.3264167575909384e+39
1521.81 1.3571254661223008e+39
1522.21 1.3547838159967919e+39
1522.6 1.3540976986900832e+39
1522.99 1.3534430926810166e+39
1523.39 1.3020570098695222e+39
1523.79 1.3436618914360381e+39
1524.18 1.2758511223468878e+39
1524.57 1.2478718849569693e+39
1524.97 1.1138071461967177e+39
1525.36 1.0994614336433296e+39
1525.76 1.236716058362742e+39
1526.16 1.2592443182969822e+39
1526.55 1.3174071009484624e+39
1526.95 1.2473547925067653e+39
1527.34 1.2406234904264641e+39
1527.74 1.0755237375308385e+39
1528.14 1.2238269144863138e+39
1528.53 1.0890805449780308e+39
1528.93 1.0569878617990816e+39
1529.32 9.974014609078347e+38
1529.72 8.8542137073215e+38
1530.12 6.604348771279743e+38
1530.51 6.1480869368498935e+38
1530.91 7.266746330643899e+38
1531.31 5.080541462392017e+38
1531.7 5.3294206455608396e+38
1532.1 5.4852951394119905e+38
1532.5 5.099763073873526e+38
1532.9 4.726177191981982e+38
1533.29 4.4610798822715886e+38
1533.69 6.1722001390183356e+38
1534.09 6.0730939548164396e+38
1534.48 6.2818852650366125e+38
1534.88 5.459715340741671e+38
1535.28 6.270901800897627e+38
1535.68 5.068739827890247e+38
1536.08 6.270179878205293e+38
1536.47 5.730466790144116e+38
1536.87 5.974891180864258e+38
1537.27 4.6823082373493544e+38
1537.67 6.3493607065280514e+38
1538.07 5.5895906013514236e+38
1538.47 6.51838488097871e+38
1538.86 5.367227449787347e+38
1539.26 6.5699187698873866e+38
1539.66 6.98537941417002e+38
1540.06 6.090318427902883e+38
1540.46 6.519585722445443e+38
1540.86 7.165887735473111e+38
1541.26 7.78699686765853e+38
1541.66 7.981416968613365e+38
1542.06 7.065452808441668e+38
1542.46 7.632028790509559e+38
1542.86 8.210318407754657e+38
1543.26 8.90163945539417e+38
1543.66 8.104197196287508e+38
1544.06 9.136502975615153e+38
1544.46 8.44850761773249e+38
1544.86 8.744802390213463e+38
1545.26 1.0410941352689913e+39
1545.66 1.0369790918736705e+39
1546.06 1.1367370099239276e+39
1546.46 1.0270462471402258e+39
1546.86 1.1458558861037997e+39
1547.26 1.1418261895482246e+39
1547.66 1.1344360002997515e+39
1548.06 1.187216708235982e+39
1548.47 1.449539318458279e+39
1548.87 1.4516770132640393e+39
1549.27 1.498683755710472e+39
1549.67 1.524333520548206e+39
1550.07 1.478904055907763e+39
1550.47 1.5238773008397714e+39
1550.88 1.5597320632803217e+39
1551.28 1.896138253695668e+39
1551.68 1.9091937325224642e+39
1552.08 1.747954002632851e+39
1552.48 1.8425530468934325e+39
1552.89 1.7770514423145466e+39
1553.29 1.5813572717880054e+39
1553.69 1.7644119885806246e+39
1554.09 1.6533697974868958e+39
1554.5 1.712182287626628e+39
1554.9 1.558116763173089e+39
1555.3 1.4806758736992242e+39
1555.71 1.6397211557896168e+39
1556.11 1.528973646690698e+39
1556.51 1.4874418621960614e+39
1556.92 1.492347629250995e+39
1557.32 1.2473547925067653e+39
1557.72 1.542090991018961e+39
1558.13 1.345488530469028e+39
1558.53 1.49489262734234e+39
1558.93 1.4298154975281885e+39
1559.34 1.3601600036536053e+39
1559.74 1.454688481424594e+39
1560.15 1.2468953346590784e+39
1560.55 1.2873599677157828e+39
1560.96 1.4153374555205e+39
1561.36 1.1635096778075419e+39
1561.77 1.3613819870649638e+39
1562.17 1.3525084901516445e+39
1562.57 1.2920817728011038e+39
1562.98 1.349584246019787e+39
1563.39 1.3332758110608965e+39
1563.79 1.1647963471353438e+39
1564.19 1.1993059822846033e+39
1564.6 1.1696340423640767e+39
1565.01 1.2849019848726142e+39
1565.41 1.2786744872396382e+39
1565.82 1.2049249575711029e+39
1566.22 1.1464628858783661e+39
1566.63 1.137653480961311e+39
1567.04 1.1393574593637558e+39
1567.44 1.2577664324512607e+39
1567.85 1.2447438809506633e+39
1568.25 1.0885039265340942e+39
1568.66 1.0926976271889074e+39
1569.07 1.2401379564648866e+39
1569.47 1.2103194151187732e+39
1569.88 1.2356344269310521e+39
1570.29 1.0463090939804563e+39
1570.69 1.1674814800277715e+39
1571.1 1.2230381384142934e+39
1571.51 1.2228128672123093e+39
1571.92 1.0552126768791079e+39
1572.32 1.075399920412215e+39
1572.73 1.1255894140744304e+39
1573.14 1.2332468078418304e+39
1573.55 1.2338148697760277e+39
1573.95 1.2303820879720368e+39
1574.36 1.2314024122062235e+39
1574.77 1.0727042468418721e+39
1575.18 1.0788721938048139e+39
1575.59 1.090033888235078e+39
1575.99 1.0465018489910936e+39
1576.4 1.0122318539221932e+39
1576.81 1.1404598486809668e+39
1577.22 1.0761430369937539e+39
1577.63 1.1933559422554678e+39
1578.04 1.0503402297674755e+39
1578.45 1.2167742209183893e+39
1578.86 1.2009916833426786e+39
1579.27 1.1349062821269577e+39
1579.68 8.89897527245639e+38
1580.08 1.210598133550478e+39
1580.49 1.2179234710483912e+39
1580.9 1.0908624686029266e+39
1581.31 1.1216051635629036e+39
1581.72 1.1918181638930526e+39
1582.13 1.2058131062555473e+39
1582.54 1.1614753574908867e+39
1582.95 1.1634025195408554e+39
1583.36 1.1377320699940428e+39
1583.77 1.1220959632680045e+39
1584.18 1.162625917201086e+39
1584.59 1.0857504049195558e+39
1585.01 1.052155670210313e+39
1585.42 1.1900083260453185e+39
1585.83 9.777548975502384e+38
1586.24 1.093704502507953e+39
1586.65 1.2076469809850186e+39
1587.06 1.2065629908987957e+39
1587.47 1.0945106707335921e+39
1587.88 1.2044533946895618e+39
1588.3 1.1918181638930526e+39
1588.71 1.1427467636329172e+39
1589.12 1.1982570696923548e+39
1589.53 1.1689340246288906e+39
1589.94 1.09347787469958e+39
1590.35 1.1987262066129715e+39
1590.77 1.1877635676442559e+39
1591.18 1.1755740750379385e+39
1591.59 1.0611823059819159e+39
1592.0 1.054119870498933e+39
1592.42 1.166406684884305e+39
1592.83 1.190254960188649e+39
1593.24 1.1670783158379353e+39
1593.66 1.0593512905437556e+39
1594.07 1.1559259139317608e+39
1594.48 1.1887759216972114e+39
1594.89 9.87574801170388e+38
1595.31 1.1202372250234918e+39
1595.72 1.1424047495078642e+39
1596.14 1.1856322393532361e+39
1596.55 1.1834229847400459e+39
1596.96 1.1682613257508134e+39
1597.38 1.0999425435427421e+39
1597.79 1.1807011874042074e+39
1598.2 1.1799673759949579e+39
1598.62 1.0456828853581315e+39
1599.03 1.1805924458138877e+39
1599.45 1.179206868098839e+39
1599.86 1.0823307566716223e+39
1600.28 1.1250193700806022e+39
1600.69 1.1475721500760116e+39
1601.11 1.1075669810105918e+39
1601.52 1.1023766356613966e+39
1601.94 1.0229631747573513e+39
1602.35 1.1721683750631217e+39
1602.77 1.1571242626671435e+39
1603.18 7.738557252493505e+38
1603.6 1.1478628489670462e+39
1604.01 1.1704692267986768e+39
1604.43 1.122380208622107e+39
1604.84 9.96827475696018e+38
1605.26 1.1623850081045532e+39
1605.68 1.1639116092205878e+39
1606.09 1.117197615268672e+39
1606.51 1.1472022761422182e+39
1606.93 1.0592293352397227e+39
1607.34 1.163188232614114e+39
1607.76 1.0315018233567814e+39
1608.18 1.1067766802648413e+39
1608.59 1.1569644110848634e+39
1609.01 9.576349769692714e+38
1609.43 1.0925466758604505e+39
1609.84 1.0151027399079594e+39
1610.26 1.0295560618582996e+39
1610.68 1.15627197603475e+39
1611.09 1.06284516199706e+39
1611.51 1.1545161169214215e+39
1611.93 1.057304303742185e+39
1612.35 1.1519403740103793e+39
1612.77 8.977388089599049e+38
1613.18 1.147651424289779e+39
1613.6 1.0887545926834744e+39
1614.02 9.125569982911294e+38
1614.44 1.1454601898397349e+39
1614.86 1.0279926274489526e+39
1615.28 1.008068397464411e+39
1615.69 1.0605227761264957e+39
1616.11 1.0436142487267324e+39
1616.53 1.1339398031181823e+39
1616.95 1.0716180003577778e+39
1617.37 1.1412742011018141e+39
1617.79 1.069251824547716e+39
1618.21 1.1391476012928595e+39
1618.63 1.0567201772063285e+39
1619.05 1.1212952954151536e+39
1619.47 1.0666943628875366e+39
1619.89 1.1148078033638333e+39
1620.31 1.0086953063997021e+39
1620.73 1.0252269171827791e+39
1621.15 9.9515332865363e+38
1621.57 9.918134649121177e+38
1621.99 1.1068276503881658e+39
1622.41 1.0727042468418721e+39
1622.83 1.1288857735346677e+39
1623.25 1.0797171508216227e+39
1623.67 9.958409937033263e+38
1624.09 9.803248238256935e+38
1624.51 1.128573893957941e+39
1624.93 1.0000690799387045e+39
1625.35 1.0035291680927109e+39
1625.78 1.1145254757386766e+39
1626.2 1.0347847029763795e+39
1626.62 1.1174806197907002e+39
1627.04 1.1027574488229295e+39
1627.46 1.0124416431570077e+39
1627.88 1.0665224459250806e+39
1628.31 1.0208924687895287e+39
1628.73 1.117635016108779e+39
1629.15 8.984212177919351e+38
1629.57 1.1113734050730338e+39
1629.99 1.0956201223921973e+39
1630.42 1.0387953573854096e+39
1630.84 1.1067257124887237e+39
1631.26 1.1147051304989869e+39
1631.68 8.575313378969913e+38
1632.11 9.78453069492683e+38
1632.53 1.0464777526729504e+39
1632.95 1.111117531349198e+39
1633.38 1.112243816565983e+39
1633.8 1.0827794382065476e+39
1634.22 1.1003225158534394e+39
1634.65 9.640065838447256e+38
1635.07 1.0806125324968111e+39
1635.49 1.0747068079180749e+39
1635.92 1.076291721919215e+39
1636.34 1.0580592784309656e+39
1636.77 1.1019959540053584e+39
1637.19 1.0715933257255182e+39
1637.61 9.478944926809376e+38
1638.04 9.991714128346081e+38
1638.46 8.036556457326596e+38
1638.89 1.0803388649021873e+39
1639.31 8.34142021190075e+38
1639.74 1.0254630115847436e+39
1640.16 8.019919332470807e+38
1640.59 9.6163442057956e+38
1641.01 1.1221734775883677e+39
1641.44 1.1173262448017877e+39
1641.86 9.816123188980611e+38
1642.29 1.0865256917231245e+39
1642.71 1.0201640143544938e+39
1643.14 1.101818347557193e+39
1643.57 1.0634571609841576e+39
1643.99 9.222528372941383e+38
1644.42 1.0570365390097863e+39
1644.84 1.040495005769796e+39
1645.27 1.0266442993801317e+39
1645.7 1.0176536626205251e+39
1646.12 1.0824802965211858e+39
1646.55 1.0824304476091255e+39
1646.98 1.0137012919547607e+39
1647.41 1.0772090663440894e+39
1647.83 1.0855254252891869e+39
1648.26 1.0660068612648435e+39
1648.69 9.942600739529619e+38
1649.11 1.0432538593755459e+39
1649.54 1.0303149463482885e+39
1649.97 1.0165529382860553e+39
1650.4 1.0712232744121648e+39
1650.82 1.0640205112839874e+39
1651.25 1.0738163196504746e+39
1651.68 9.953366595561052e+38
1652.11 1.0366448631840431e+39
1652.54 9.458232815061742e+38
1652.96 9.448002510388332e+38
1653.39 9.518970918393963e+38
1653.82 1.0579618320577288e+39
1654.25 1.0250144786961554e+39
1654.68 9.445392291451278e+38
1655.11 1.0659086829258851e+39
1655.54 1.0316918505161505e+39
1655.96 1.049929165607641e+39
1656.39 1.0663014505429217e+39
1656.82 9.923388630506909e+38
1657.25 1.0525191346690433e+39
1657.68 9.207251367445379e+38
1658.11 9.985964090497417e+38
1658.54 1.03245230929328e+39
1658.97 9.798960341764968e+38
1659.4 1.0043382430235852e+39
1659.83 1.0147288311188473e+39
1660.26 1.0489867438364819e+39
1660.69 1.0301251728006811e+39
1661.12 1.0313355783043773e+39
1661.55 9.599530659021615e+38
1661.98 1.0015669843021038e+39
1662.42 9.609925038495537e+38
1662.85 1.0540955987713819e+39
1663.28 1.0444556414365754e+39
1663.71 1.051574388128452e+39
1664.14 1.0537073271280793e+39
1664.57 1.0298168653340728e+39
1665.0 1.006723021345307e+39
1665.43 1.0394892442953359e+39
1665.86 1.0504369741328716e+39
1666.3 1.0495182623230359e+39
1666.73 1.0370029694745481e+39
1667.16 1.037337313622613e+39
1667.59 1.0463331864150447e+39
1668.03 9.442782793644736e+38
1668.46 9.678320504881546e+38
1668.89 1.0386279368489498e+39
1669.32 1.0328565309827129e+39
1669.76 9.56907591469905e+38
1670.19 1.0189432578182736e+39
1670.62 1.003367431336303e+39
1671.05 9.18417181936707e+38
1671.49 1.0377673430708593e+39
1671.92 9.688354022599132e+38
1672.35 9.709570065288275e+38
1672.79 9.47588976844913e+38
1673.22 1.0184741251371457e+39
1673.65 9.111292730231297e+38
1674.09 1.0345226413843649e+39
1674.52 1.013584591998495e+39
1674.96 1.0318819126830233e+39
1675.39 8.986074193020846e+38
1675.82 9.616787065009062e+38
1676.26 9.924074137585245e+38
1676.69 9.891678671957894e+38
1677.13 9.270219126904037e+38
1677.56 1.0023513970027294e+39
1678.0 1.0286792984305048e+39
1678.43 1.0266915791859705e+39
1678.87 1.0191075053036277e+39
1679.3 1.0202814718383406e+39
1679.74 1.0255810791733284e+39
1680.17 1.0247548914357788e+39
1680.61 1.0094388144528426e+39
1681.04 1.0205634249787442e+39
1681.48 1.0096712730912414e+39
1681.92 9.22975132307967e+38
1682.35 1.0201405244804058e+39
1682.79 1.0201405244804058e+39
1683.22 1.0182865325485312e+39
1683.66 9.85916193765569e+38
1684.1 1.0176770952318433e+39
1684.53 1.0054025907595415e+39
1684.97 1.0162018939664657e+39
1685.41 1.0045463962749204e+39
1685.84 9.585394686184663e+38
1686.28 9.84328364596947e+38
1686.72 9.042322659182162e+38
1687.15 9.806860553750058e+38
1687.59 9.225077003793738e+38
1688.03 9.884620497449983e+38
1688.47 1.0084166320886414e+39
1688.9 1.0081380347675178e+39
1689.34 1.0089740577219597e+39
1689.78 1.0055878098197682e+39
1690.22 9.518751738512087e+38
1690.66 9.225077003793738e+38
1691.09 1.0039451823330035e+39
1691.53 1.0016823006004881e+39
1691.97 9.981826112311154e+38
1692.41 9.395502230761628e+38
1692.85 9.960015172435463e+38
1693.29 1.0016823006004881e+39
1693.72 1.0007831854613185e+39
1694.16 1.0002533164394199e+39
1694.6 9.154824011018231e+38
1695.04 8.746614786647085e+38
1695.48 9.774847712090963e+38
1695.92 9.57965789498653e+38
1696.36 9.957492775819944e+38
1696.8 9.429528989170476e+38
1697.24 9.643840079314738e+38
1697.68 9.941227213356613e+38
1698.12 9.40632543159013e+38
1698.56 9.92270317078025e+38
1699.0 9.272994453149051e+38
1699.44 9.793321229985053e+38
1699.88 9.2187067468186e+38
1700.32 9.16452583834288e+38
1700.76 8.805012969387968e+38
1701.2 8.98483280674591e+38
1701.64 9.237830726599139e+38
1702.08 9.652281961739368e+38
1702.53 9.476107961386465e+38
1702.97 9.677206311195054e+38
1703.41 9.508237037009799e+38
1703.85 9.766523513629388e+38
1704.29 9.75506123688692e+38
1704.73 9.641619758707745e+38
1705.18 9.74967188009796e+38
1705.62 8.9373753968064e+38
1706.06 9.46803816780648e+38
1706.5 9.005544985455535e+38
1706.94 8.958184442332293e+38
1707.39 8.288004915972747e+38
1707.83 9.631634640239781e+38
1708.27 9.451919191349497e+38
1708.71 9.058368832203163e+38
1709.16 9.565771443660484e+38
1709.6 9.439521935172952e+38
1710.04 9.14660659431854e+38
1710.49 9.275770610273796e+38
1710.93 8.72770382442414e+38
1711.37 8.227161071230751e+38
1711.82 9.018825830268452e+38
1712.26 8.751852708843426e+38
1712.7 8.130176988564409e+38
1713.15 9.164736861778082e+38
1713.59 9.073189886072311e+38
1714.04 9.234640643840271e+38
1714.48 9.239745305192935e+38
1714.93 9.198563272435842e+38
1715.37 8.418796270555413e+38
1715.81 8.924009008123428e+38
1716.26 8.85054470322281e+38
1716.7 8.954884733085493e+38
1717.15 7.992635359272353e+38
1717.59 8.682604120320144e+38
1718.04 7.818798122393421e+38
1718.48 7.005997854751765e+38
1718.93 9.82810980477742e+38
1719.38 9.071936465150948e+38
1719.82 9.529497489978821e+38
1720.27 9.580540254718638e+38
1720.71 9.111502527914777e+38
1721.16 9.431048972165116e+38
1721.6 8.779706541227299e+38
1722.05 8.95117401298374e+38
1722.5 8.425971774803763e+38
1722.94 9.095362232818478e+38
1723.39 9.535423801269135e+38
1723.84 9.036910892766821e+38
1724.28 8.43393015277639e+38
1724.73 9.332328120699862e+38
1725.18 9.353195240685186e+38
1725.62 8.425195749861366e+38
1726.07 9.457797257373202e+38
1726.52 8.883415998185217e+38
1726.97 9.43300359603879e+38
1727.41 8.394406574614276e+38
1727.86 9.439521935172952e+38
1728.31 8.797919825908627e+38
1728.76 9.027967770629213e+38
1729.2 9.249111180764588e+38
1729.65 9.41911284581975e+38
1730.1 9.293942901315869e+38
1730.55 8.829172460708736e+38
1731.0 9.312794076751632e+38
1731.45 7.409348118189609e+38
1731.9 9.337701787120284e+38
1732.34 9.119058462717443e+38
1732.79 8.787391991186467e+38
1733.24 9.201740892359939e+38
1733.69 9.032750199613687e+38
1734.14 9.092849438530652e+38
1734.59 9.213401559737682e+38
1735.04 9.32974985936254e+38
1735.49 9.29672533000505e+38
1735.94 9.17466044618066e+38
1736.39 8.651272664305627e+38
1736.84 9.300793455044592e+38
1737.29 8.688203807000245e+38
1737.74 9.22167898580369e+38
1738.19 8.558940356902214e+38
1738.64 8.511772354600946e+38
1739.09 8.187286725404847e+38
1739.54 8.63316417752216e+38
1739.99 9.113181083302424e+38
1740.44 9.237192621899017e+38
1740.9 8.781121776776952e+38
1741.35 9.068386046119487e+38
1741.8 9.205979426525248e+38
1742.25 8.648285136542156e+38
1742.7 9.079877723028792e+38
1743.15 9.188190692467111e+38
1743.6 9.166003104433712e+38
1744.06 9.150819732354067e+38
1744.51 9.132296429171869e+38
1744.96 8.895697372656056e+38
1745.41 8.415113927099813e+38
1745.86 9.065671957383548e+38
1746.32 9.177829808935164e+38
1746.77 9.050446385993705e+38
1747.22 8.453177725859836e+38
1747.68 8.506090518593942e+38
1748.13 8.1995496507931e+38
1748.58 9.051488417123241e+38
1749.04 8.422674162363162e+38
1749.49 8.806635062112136e+38
1749.94 9.021941360357383e+38
1750.4 8.674011627814471e+38
1750.85 9.086152047181375e+38
1751.3 8.351413745070438e+38
1751.76 8.312276860137863e+38
1752.21 9.064628293407442e+38
1752.67 9.04148986883975e+38
1753.12 8.24840544001115e+38
1753.57 8.51255635391041e+38
1754.03 8.840157445917962e+38
1754.48 9.015711376059534e+38
1754.94 8.865025720969785e+38
1755.39 9.019033498798363e+38
1755.85 9.00036246883736e+38
1756.3 9.003264310597219e+38
1756.76 8.994354485843796e+38
1757.21 8.983177891807097e+38
1757.67 8.960247378023216e+38
1758.12 8.601020841007258e+38
1758.58 8.07644053855761e+38
1759.04 8.844433074657946e+38
1759.49 8.948907107698519e+38
1759.95 8.939433540485694e+38
1760.4 8.23986317143476e+38
1760.86 7.907878718352808e+38
1761.32 8.476176666354862e+38
1761.77 8.90204940047968e+38
1762.23 8.735343753012422e+38
1762.69 8.729713683881167e+38
1763.14 8.808865927549484e+38
1763.6 8.489263227372919e+38
1764.06 8.697411133432235e+38
1764.51 8.815358931645437e+38
1764.97 8.066033102631953e+38
1765.43 8.82185672172676e+38
1765.89 8.735544894051277e+38
1766.34 8.776068411366212e+38
1766.8 8.842396803126073e+38
1767.26 8.809677291448406e+38
1767.72 8.658646312718084e+38
1768.18 8.72770382442414e+38
1768.64 8.748427558707357e+38
1769.09 8.804404761646703e+38
1769.55 8.024722072102991e+38
1770.01 8.615887110661388e+38
1770.47 8.044517485521388e+38
1770.93 8.499629594496218e+38
1771.39 8.619657309828287e+38
1771.85 8.66423054824862e+38
1772.31 8.759513776525812e+38
1772.77 8.75346500818374e+38
1773.22 8.543582155808374e+38
1773.68 8.495911894909765e+38
1774.14 8.46583890302665e+38
1774.6 8.3951797636381e+38
1775.06 8.674810570601377e+38
1775.52 8.685203525874674e+38
1775.98 7.81555817322276e+38
1776.44 8.543385434824027e+38
1776.9 8.351798350742125e+38
1777.36 8.6900044731436e+38
1777.82 7.728229312296181e+38
1778.29 8.676808249534346e+38
1778.75 8.141791940449494e+38
1779.21 8.542205204036648e+38
1779.67 8.651671079308832e+38
1780.13 8.599832648144125e+38
1780.59 8.500803942839431e+38
1781.05 8.222615830017355e+38
1781.52 8.62918937379669e+38
1781.98 8.213722005261897e+38
1782.44 8.420347212981664e+38
1782.9 8.361996857435327e+38
1783.36 8.59745675482618e+38
1783.82 8.596862884065098e+38
1784.29 8.589739633816727e+38
1784.75 8.454929681876621e+38
1785.21 8.422286292814885e+38
1785.68 8.514320616393243e+38
1786.14 7.932681179302041e+38
1786.6 8.522558677252756e+38
1787.06 8.37953655741802e+38
1787.53 8.531001140175843e+38
1787.99 8.315339780279899e+38
1788.45 8.016780633876855e+38
1788.92 8.191246586825977e+38
1789.38 8.520792707751553e+38
1789.84 8.442479213143648e+38
1790.31 8.08090497799541e+38
1790.77 8.360649171397079e+38
1791.24 8.29468695095258e+38
1791.7 7.854345477051425e+38
1792.17 7.694315672279321e+38
1792.63 8.439758118006121e+38
1793.09 7.87680329316009e+38
1793.56 8.410464847993805e+38
1794.02 8.441701667880147e+38
1794.49 8.23720738146553e+38
1794.95 7.878617202970547e+38
1795.42 8.437620729965631e+38
1795.89 8.26018929569463e+38
1796.35 8.42403184645451e+38
1796.81 8.000368661726304e+38
1797.28 8.259428539179827e+38
1797.75 8.221669220877791e+38
1798.21 8.278468488349991e+38
1798.68 8.193321564245762e+38
1799.15 8.38262426151336e+38
1799.61 8.347760874427076e+38
1800.08 8.07737042666457e+38
1800.55 8.095245054580878e+38
1801.01 8.15605226259203e+38
1801.48 7.525580401386843e+38
1801.94 8.045628953459613e+38
1802.41 8.329136893713083e+38
1802.88 8.312276860137863e+38
1803.35 7.887329786367065e+38
1803.81 8.31993627680291e+38
1804.28 8.179372744536982e+38
1804.75 8.307684595195587e+38
1805.22 8.138230757436475e+38
1805.68 7.838085561868091e+38
1806.15 8.194264909552868e+38
1806.62 8.066404565736762e+38
1807.09 8.159057616861975e+38
1807.56 7.223372309660606e+38
1808.03 8.065290227739758e+38
1808.49 8.140479744390162e+38
1808.96 8.247455861903919e+38
1809.43 7.539976633729411e+38
1809.9 8.184270973062491e+38
1810.37 7.865385260623401e+38
1810.84 8.21618103648202e+38
1811.31 7.450063938515315e+38
1811.78 7.888237901040857e+38
1812.25 7.745509661448938e+38
1812.72 7.716315917488287e+38
1813.19 7.859049062554431e+38
1813.66 8.14216689245805e+38
1814.13 8.146855249774127e+38
1814.6 8.154737768225562e+38
1815.07 7.791839533024984e+38
1815.54 7.766762051887349e+38
1816.01 7.67043510539222e+38
1816.48 8.052115577761459e+38
1816.95 7.940356472878287e+38
1817.42 7.641172429234306e+38
1817.89 8.120635175812092e+38
1818.36 8.107556801117135e+38
1818.83 7.940539308447784e+38
1819.31 7.36190145895021e+38
1819.78 7.791480713816063e+38
1820.25 8.101025514467454e+38
1820.72 8.101398589069486e+38
1821.19 7.495489497919592e+38
1821.67 7.321498875340691e+38
1822.14 7.830869741797207e+38
1822.61 8.069005286507932e+38
1823.08 7.40406120241501e+38
1823.55 8.045999476896992e+38
1824.03 8.044332255793449e+38
1824.5 8.053413530052011e+38
1824.97 7.375475080523848e+38
1825.44 7.282491728071108e+38
1825.92 8.003500934769251e+38
1826.39 7.989691305935181e+38
1826.86 7.147102326055063e+38
1827.34 7.768014006916814e+38
1827.81 7.980130619862291e+38
1828.29 7.791301310408033e+38
1828.76 7.814118626794436e+38
1829.23 7.566238032523686e+38
1829.71 7.984909531969783e+38
1830.18 7.535984560219292e+38
1830.66 7.457615702069855e+38
1831.13 7.924648352858194e+38
1831.61 7.753003856564884e+38
1832.08 7.954080829865547e+38
1832.56 7.784487041009559e+38
1833.03 7.46156626086612e+38
1833.51 7.918629071568269e+38
1833.98 7.900416730090702e+38
1834.46 7.927750980181882e+38
1834.93 7.580013864589055e+38
1835.41 7.883335323629729e+38
1835.88 7.74979117118511e+38
1836.36 7.895870193366903e+38
1836.83 7.530433886787166e+38
1837.31 7.032828062849449e+38
1837.79 7.58071204181808e+38
1838.26 7.171499954564974e+38
1838.74 7.540497494853103e+38
1839.22 7.860677882950485e+38
1839.69 7.861401911481255e+38
1840.17 6.793913294464194e+38
1840.65 7.842418245075774e+38
1841.12 7.843140591754295e+38
1841.6 7.308192865513248e+38
1842.08 7.667962847760308e+38
1842.56 7.161928813557779e+38
1843.03 7.557358074971918e+38
1843.51 7.195980867775416e+38
1843.99 7.24736275885584e+38
1844.47 7.101498505712661e+38
1844.94 7.249198634985096e+38
1845.42 7.301296749459633e+38
1845.9 7.345138681571143e+38
1846.38 6.924844091818385e+38
1846.86 7.311054140595964e+38
1847.34 7.254374970183947e+38
1847.82 7.740517556262954e+38
1848.29 7.718270587161944e+38
1848.77 7.583330779213202e+38
1849.25 7.351737638751841e+38
1849.73 7.452637543860594e+38
1850.21 7.134441808179714e+38
1850.69 7.237357070460783e+38
1851.17 7.243859195400689e+38
1851.65 7.711342628138319e+38
1852.13 7.371230637546384e+38
1852.61 7.168033065160566e+38
1853.09 7.661785689263936e+38
1853.57 7.689533618456627e+38
1854.05 7.025059387940259e+38
1854.53 7.556140070930982e+38
1855.01 6.936813205890512e+38
1855.49 7.331452075405952e+38
1855.97 7.603262769401822e+38
1856.45 7.659845324519822e+38
1856.94 7.643284054920212e+38
1857.42 7.646980804121128e+38
1857.9 7.250534109720202e+38
1858.38 7.192170924323726e+38
1858.86 7.515709755412912e+38
1859.34 7.626582981679807e+38
1859.83 7.049527353174377e+38
1860.31 7.614826279021888e+38
1860.79 7.423522001309213e+38
1861.27 7.544318242674635e+38
1861.76 7.470333662252684e+38
1862.24 7.58926993362785e+38
1862.72 7.512595399829382e+38
1863.2 7.3605454714806e+38
1863.69 7.557706112186737e+38
1864.17 7.520903217338352e+38
1864.65 7.152699832687385e+38
1865.14 6.922612145596112e+38
1865.62 6.999548062957856e+38
1866.1 7.482556416666829e+38
1866.58 6.974450559627398e+38
1867.07 7.441148985507534e+38
1867.55 7.528873496641612e+38
1868.04 7.525060570663997e+38
1868.52 7.49704296909345e+38
1869.01 7.516228940182014e+38
1869.49 7.42574446176658e+38
1869.97 7.001804814387542e+38
1870.46 7.477389434625986e+38
1870.94 7.018915273458926e+38
1871.43 7.034609593813381e+38
1871.91 7.424376715064461e+38
1872.4 7.432929266938873e+38
1872.88 7.415492500100253e+38
1873.37 7.455727043841823e+38
1873.85 6.872266615842481e+38
1874.34 7.023603717044575e+38
1874.83 7.445090821310476e+38
1875.31 7.107387595854051e+38
1875.8 7.397244949516424e+38
1876.29 6.959851927647847e+38
1876.77 7.387712736350124e+38
1877.26 7.416004761867624e+38
1877.74 7.420104130143998e+38
1878.23 7.407812818369916e+38
1878.72 7.407471683837557e+38
1879.2 7.398437340625728e+38
1879.69 7.393498685557631e+38
1880.18 7.38992447619868e+38
1880.67 6.872899604138786e+38
1881.15 6.838171679221502e+38
1881.64 6.776883190444781e+38
1882.13 6.839431433019257e+38
1882.62 7.088265887862517e+38
1883.1 6.893820958093149e+38
1883.59 7.347337675562242e+38
1884.08 7.311222485776938e+38
1884.57 6.759273194551483e+38
1885.06 5.8158071895527676e+38
1885.55 7.288866568219959e+38
1886.04 6.823858300568304e+38
1886.52 6.909076477901905e+38
1887.01 6.861672724006304e+38
1887.5 6.700234457701541e+38
1887.99 7.289370082675717e+38
1888.48 7.272772456558218e+38
1888.97 7.289705778303117e+38
1889.46 6.742950941992244e+38
1889.95 7.239023725384406e+38
1890.44 7.023927173396836e+38
1890.93 6.756627866039652e+38
1891.42 6.78593975974246e+38
1891.91 6.788909197955868e+38
1892.4 6.886681533319492e+38
1892.89 6.631167528802623e+38
1893.38 7.231859831206374e+38
1893.87 6.7113517297895765e+38
1894.36 6.6729827165211905e+38
1894.85 7.163413152901351e+38
1895.34 6.6424760928217596e+38
1895.84 7.018268837241788e+38
1896.33 6.550131214249671e+38
1896.82 6.622774989046474e+38
1897.31 6.8551979507898e+38
1897.8 7.192170924323726e+38
1898.29 7.176951311751559e+38
1898.79 6.448816212881183e+38
1899.28 5.8218364385788784e+38
1899.77 7.144634230613505e+38
1900.26 7.16357809848381e+38
1900.76 7.049040405895213e+38
1901.25 6.989562618161032e+38
1901.74 7.023118560445019e+38
1902.23 7.085981269167699e+38
1902.73 7.121967704873824e+38
1903.22 6.129287601313326e+38
1903.71 6.714288529259496e+38
1904.21 6.716144012073458e+38
1904.7 7.113936757282813e+38
1905.19 6.863726977539573e+38
1905.69 7.010354823650722e+38
1906.18 7.102479681764251e+38
1906.68 6.7113517297895765e+38
1907.17 6.95953142200187e+38
1907.66 6.588097229217454e+38
1908.16 6.938889955046439e+38
1908.65 7.042875317623972e+38
1909.15 7.068056297002468e+38
1909.64 7.05277452812586e+38
1910.14 6.716607962890142e+38
1910.63 7.01988503942718e+38
1911.13 7.047904326379752e+38
1911.62 6.511634267815649e+38
1912.12 7.039470608710923e+38
1912.61 7.032342269076552e+38
1913.11 7.026191784989927e+38
1913.61 6.5185349740652284e+38
1914.1 6.313933449447961e+38
1914.6 6.996325394056263e+38
1915.09 6.558280686335218e+38
1915.59 6.835495472772793e+38
1916.09 6.822915614824289e+38
1916.58 6.563265909897705e+38
1917.08 6.49920147068602e+38
1917.58 6.723725890070816e+38
1918.07 6.627046226612711e+38
1918.57 6.469936228086761e+38
1919.07 6.7776634528700254e+38
1919.56 6.368101838354628e+38
1920.06 6.819303192397689e+38
1920.56 6.783127805839498e+38
1921.06 6.584912371848162e+38
1921.56 6.412686368894495e+38
1922.05 6.582941565091074e+38
1922.55 6.926757761322717e+38
1923.05 5.919431510288872e+38
1923.55 6.857566061216172e+38
1924.05 6.523640195886013e+38
1924.55 6.3827818291964165e+38
1925.05 6.89810816515945e+38
1925.54 6.887474437473815e+38
1926.04 6.366635697520497e+38
1926.54 6.88715726485769e+38
1927.04 6.818675140286009e+38
1927.54 6.587035438976939e+38
1928.04 6.4617477459260996e+38
1928.54 6.449410198157943e+38
1929.04 6.288252903299829e+38
1929.54 6.6554894599985055e+38
1930.04 6.608303794550385e+38
1930.54 6.5617548360485885e+38
1931.04 6.816006564058716e+38
1931.54 6.30870180522861e+38
1932.04 6.827944777420104e+38
1932.54 6.768929642749755e+38
1933.04 6.824329692281435e+38
1933.55 6.742174675762461e+38
1934.05 6.811927232143519e+38
1934.55 6.808947725946055e+38
1935.05 6.801113145991779e+38
1935.55 6.728836875455141e+38
1936.05 6.790316227442586e+38
1936.55 6.51088463136919e+38
1937.06 6.106185589862057e+38
1937.56 6.531756708660118e+38
1938.06 6.40162160869699e+38
1938.56 6.762075259496247e+38
1939.06 6.441247694155948e+38
1939.57 6.598116812651475e+38
1940.07 6.257919900406552e+38
1940.57 6.323972897228494e+38
1941.08 6.743727297598014e+38
1941.58 6.232754199472099e+38
1942.08 6.733176515694736e+38
1942.58 6.721713537640188e+38
1943.09 6.6820542923202465e+38
1943.59 6.2466906607750274e+38
1944.1 6.709497570949221e+38
1944.6 6.697920678302841e+38
1945.1 6.686517721976429e+38
1945.61 6.603284361811224e+38
1946.11 6.666993013218703e+38
1946.62 6.618506504361236e+38
1947.12 6.6626960293079005e+38
1947.63 6.662389207881666e+38
1948.13 6.337237741644013e+38
1948.64 6.490677036235839e+38
1949.14 6.647831453738521e+38
1949.65 6.2141252140373575e+38
1950.15 6.632541865676535e+38
1950.66 6.647372253670801e+38
1951.16 6.379990029259371e+38
1951.67 6.5853672571910756e+38
1952.17 6.618049329919182e+38
1952.68 6.118007428916579e+38
1953.19 6.234189509402767e+38
1953.69 6.535668260075037e+38
1954.2 6.1078730244087676e+38
1954.7 6.1768918866023524e+38
1955.21 6.387192421873235e+38
1955.72 6.522889177285568e+38
1956.22 6.5818806057784675e+38
1956.73 6.558733731963037e+38
1957.24 6.364876774081947e+38
1957.75 6.571583038317452e+38
1958.25 6.562510329480945e+38
1958.76 6.1281586487959135e+38
1959.27 6.0546633415179705e+38
1959.78 6.427765140401758e+38
1960.29 6.052990607319053e+38
1960.79 6.411357588539076e+38
1961.3 6.094667257509844e+38
1961.81 6.310881129972894e+38
1962.32 6.388074906075153e+38
1962.83 6.215699354110687e+38
1963.33 6.463831103070406e+38
1963.84 6.474556126136031e+38
1964.35 6.063313168390355e+38
1964.86 6.103093170568506e+38
1965.37 6.042129093733278e+38
1965.88 6.489332095341652e+38
1966.39 6.4974059230307496e+38
1966.9 6.4440662996434015e+38
1967.41 6.426581211353561e+38
1967.92 6.311462410374057e+38
1968.43 6.340740796481777e+38
1968.94 6.4748542973300085e+38
1969.45 6.3961700282411876e+38
1969.96 6.427617137343835e+38
1970.47 6.461598960398671e+38
1970.98 6.455501702548194e+38
1971.49 6.197692145902253e+38
1972.0 6.245108672082426e+38
1972.52 6.374410092213312e+38
1973.03 6.432206817184059e+38
1973.54 6.3889575122050865e+38
1974.05 6.4359105589874604e+38
1974.56 6.4097338975705145e+38
1975.07 6.435021466502358e+38
1975.58 6.381312308558502e+38
1976.1 5.9732404854828816e+38
1976.61 6.4045703433135415e+38
1977.12 6.378814899901366e+38
1977.63 6.1201208787810985e+38
1978.15 6.384839726633239e+38
1978.66 6.011045287830186e+38
1979.17 5.6986239632033614e+38
1979.69 6.200832498217355e+38
1980.2 6.3386971125692636e+38
1980.71 6.362971822057373e+38
1981.22 6.358138734766755e+38
1981.74 6.34921450877815e+38
1982.25 5.970627817079518e+38
1982.77 5.903505878080162e+38
1983.28 6.3382592660076746e+38
1983.79 6.206117588686765e+38
1984.31 5.8558507609937996e+38
1984.82 5.987837420067671e+38
1985.34 6.2931777715507876e+38
1985.85 6.282319217285567e+38
1986.36 6.2281634279719314e+38
1986.88 6.153468758471824e+38
1987.4 5.829348233897992e+38
1987.91 5.942100597909748e+38
1988.43 6.3233904646220745e+38
1988.94 6.2439583865002396e+38
1989.46 6.193555020409612e+38
1989.97 5.836063383879978e+38
1990.49 6.23993405519026e+38
1991.0 6.292308396967012e+38
1991.52 5.8421136325087135e+38
1992.04 5.83431670108418e+38
1992.55 6.505939194764635e+38
1993.07 6.2696023998908635e+38
1993.58 6.263830541128095e+38
1994.1 5.806574466147715e+38
1994.62 6.237922862294501e+38
1995.14 6.034621003619166e+38
1995.65 5.786687104557617e+38
1996.17 6.218132900407507e+38
1996.69 6.213266760213614e+38
1997.2 6.195123949714834e+38
1997.72 6.168222057049594e+38
1998.24 6.07197535259792e+38
1998.76 6.148511646318641e+38
1999.28 6.17376365878104e+38
1999.8 5.924340342660214e+38
2000.31 5.752279764767236e+38
2000.83 6.060102920791601e+38
2001.35 6.138892098767563e+38
2001.87 5.744602726338703e+38
2002.39 5.819156001060339e+38
2002.91 6.156444943911523e+38
2003.43 6.149785950766314e+38
2003.94 6.1452562900142026e+38
2004.46 6.138326711947645e+38
2004.98 6.041989970171148e+38
2005.5 5.860167101291176e+38
2006.02 5.762620236452881e+38
2006.54 6.1212483505500795e+38
2007.06 6.072534627950362e+38
2007.58 6.076031266194962e+38
2008.1 6.089897738140416e+38
2008.62 5.894948292002701e+38
2009.14 5.691935891974501e+38
2009.67 6.094667257509844e+38
2010.19 5.734030517410209e+38
2010.71 5.6452086718470526e+38
2011.23 5.909898198965728e+38
2011.75 6.072814284943863e+38
2012.27 5.711892167818382e+38
2012.79 6.014091066733273e+38
2013.31 5.637804345100482e+38
2013.84 6.0426856200170935e+38
2014.36 6.040738002256586e+38
2014.88 6.047418163542009e+38
2015.4 5.738257064157872e+38
2015.93 5.972827882898839e+38
2016.45 5.967329237728769e+38
2016.97 5.9901817547513175e+38
2017.49 5.639622051458328e+38
2018.02 5.561603195975886e+38
2018.54 6.007862713688732e+38
2019.06 5.840499619851622e+38
2019.58 6.0056497429379774e+38
2020.11 6.004958356759514e+38
2020.63 5.999844572219181e+38
2021.16 5.983427043451502e+38
2021.68 5.976679948969775e+38
2022.2 5.980396794049741e+38
2022.73 5.568266337815489e+38
2023.25 5.978744577621372e+38
2023.78 5.941826960365291e+38
2024.3 5.966642263107652e+38
2024.82 5.961835654666514e+38
2025.35 5.935400104385977e+38
2025.88 5.734030517410209e+38
2026.4 5.873811429585202e+38
2026.93 5.9462066736120654e+38
2027.45 5.764345454698895e+38
2027.98 5.798290898656092e+38
2028.5 5.789752514274973e+38
2029.03 5.927069230513396e+38
2029.55 5.921612711217009e+38
2030.08 5.700198768751393e+38
2030.61 5.914662933892058e+38
2031.13 5.887487526204494e+38
2031.66 5.897663641199192e+38
2032.19 5.751617547206492e+38
2032.71 5.8349884402849675e+38
2033.24 5.888572141379178e+38
2033.77 5.643259222524236e+38
2034.29 5.821300252319675e+38
2034.82 5.750028536087591e+38
2035.35 5.473687508316508e+38
2035.88 5.6392324936234206e+38
2036.4 5.853289438325602e+38
2036.93 5.852615592265738e+38
2037.46 5.555331762905738e+38
2037.99 5.452428761125629e+38
2038.52 5.846285229943732e+38
2039.04 5.815271558582348e+38
2039.57 5.471041385560253e+38
2040.1 5.312023651045947e+38
2040.63 5.7594365745833885e+38
2041.16 5.425752759979054e+38
2041.69 5.820228027943635e+38
2042.22 5.812192637695603e+38
2042.74 5.784555602904462e+38
2043.28 5.807777902701728e+38
2043.8 5.7546643793578e+38
2044.33 5.795220968253795e+38
2044.86 5.547917572850467e+38
2045.39 5.6986239632033614e+38
2045.92 5.7630183179054984e+38
2046.45 5.400326279155343e+38
2046.98 5.77643645300896e+38
2047.52 5.588046353747552e+38
2048.05 5.756387215772508e+38
2048.58 5.763283720817959e+38
2049.11 5.743015653218775e+38
2049.64 5.635338394949539e+38
2050.17 5.658352508716481e+38
2050.7 5.854232953152279e+38
2051.23 5.8206300889389565e+38
2051.76 5.700067518335312e+38
2052.3 5.8421136325087135e+38
2052.83 5.712681349397334e+38
2053.36 5.789352586153278e+38
2053.89 5.8227748833723866e+38
2054.43 5.8207641154427765e+38
2054.96 5.810586891372912e+38
2055.49 5.809650410893304e+38
2056.02 5.7054512643284866e+38
2056.55 5.425377975201167e+38
2057.09 5.798023883640635e+38
2057.62 5.455568334977436e+38
2058.16 5.761956828469774e+38
2058.69 5.602346938154929e+38
2059.22 5.346997733371367e+38
2059.76 5.610867331922589e+38
2060.29 5.373533985940764e+38
2060.82 5.77045422141827e+38
2061.36 5.7271690175586936e+38
2061.89 5.739182036462141e+38
2062.43 5.297488224326821e+38
2062.96 5.753604428632699e+38
2063.5 5.743941392578795e+38
2064.03 5.6898392915286546e+38
2064.56 5.6683936128431566e+38
2065.1 5.345643593969736e+38
2065.64 5.062674433318168e+38
2066.17 5.7145231971404495e+38
2066.71 5.701642722807478e+38
2067.24 5.7092623498511486e+38
2067.78 5.7101826483829806e+38
2068.31 5.708867981600908e+38
2068.85 5.365621085491496e+38
2069.39 5.690494396195519e+38
2069.92 5.698230329801548e+38
2070.46 5.660698185648518e+38
2071.0 5.675446054085442e+38
2071.53 5.6148738065039515e+38
2072.07 5.66252327329826e+38
2072.61 5.642219791497323e+38
2073.14 5.6716575418458636e+38
2073.68 5.667610549418487e+38
2074.22 5.6634360377737764e+38
2074.76 5.583673301996768e+38
2075.29 5.6545754068762315e+38
2075.83 5.585602167517239e+38
2076.37 5.6147445207452064e+38
2076.91 5.4612241242769225e+38
2077.45 5.594354718431536e+38
2077.98 5.435381101151705e+38
2078.52 5.553157612360036e+38
2079.06 5.564421243897849e+38
2079.6 5.303102238964887e+38
2080.14 5.447910948633947e+38
2080.68 5.611125727861865e+38
2081.22 5.5829019423070124e+38
2081.76 5.568650993312796e+38
2082.3 5.596673865001483e+38
2082.84 5.593710681616986e+38
2083.38 5.464117124917401e+38
2083.92 5.415019189534929e+38
2084.46 5.572242392893068e+38
2085.0 5.1797643231583414e+38
2085.54 5.3391239093893595e+38
2086.08 5.5624996927459145e+38
2086.62 5.340968295953873e+38
2087.16 5.549195175164307e+38
2087.7 5.217951042390036e+38
2088.24 5.5173432052381925e+38
2088.78 5.5457463239434144e+38
2089.32 5.251096506774905e+38
2089.87 5.397342773015462e+38
2090.41 5.5331188646453796e+38
2090.95 5.176545074970818e+38
2091.49 5.5233173888728066e+38
2092.03 5.128613839913659e+38
2092.57 4.886523593428336e+38
2093.12 5.507569674779602e+38
2093.66 5.170707845159857e+38
2094.2 5.219993954170715e+38
2094.75 5.4440236098460395e+38
2095.29 5.4847899483245285e+38
2095.83 5.240225787620887e+38
2096.38 5.221797187599889e+38
2096.92 5.448914583352396e+38
2097.46 5.4767132157758346e+38
2098.0 5.20690914779085e+38
2098.55 4.9388973513353574e+38
2099.09 5.464242942312254e+38
2099.64 5.4298771016771836e+38
2100.18 5.4501693867606486e+38
2100.73 5.331752730118022e+38
2101.27 5.440514849327504e+38
2101.81 5.3778662881562435e+38
2102.36 5.437258739514408e+38
2102.9 5.433379001574988e+38
2103.45 4.9966623162042564e+38
2103.99 5.308355502183834e+38
2104.54 4.8114945699060994e+38
2105.08 5.408041305529934e+38
2105.63 5.167256259192518e+38
2106.18 5.375885373916968e+38
2106.72 5.380715131247462e+38
2107.27 5.401445519093765e+38
2107.81 5.318510243092895e+38
2108.36 5.21614913714306e+38
2108.91 5.070490810972076e+38
2109.45 5.286643193986657e+38
2110.0 5.381086830718915e+38
2110.55 5.374276418380135e+38
2111.09 5.370194308985292e+38
2111.64 5.360187726710399e+38
2112.19 5.358336703135997e+38
2112.74 5.356362982536537e+38
2113.28 5.307744390350532e+38
2113.83 5.347120853961523e+38
2114.38 5.2189123130264735e+38
2114.93 5.162499231327463e+38
2115.48 5.2332321405121085e+38
2116.02 5.329175222321316e+38
2116.57 5.331507199484508e+38
2117.12 5.220955601160157e+38
2117.67 5.309700195898822e+38
2118.22 5.136768574398044e+38
2118.77 5.313124589899779e+38
2119.32 5.09729771590409e+38
2119.87 5.305178488808956e+38
2120.42 5.2615051521170606e+38
2120.97 5.072475989699781e+38
2121.51 5.263565116032406e+38
2122.06 5.234919407176863e+38
2122.61 5.286034581731324e+38
2123.17 5.193737549109501e+38
2123.72 5.266232148938961e+38
2124.26 4.999079000876882e+38
2124.82 5.189792570624386e+38
2125.37 5.2496457756254144e+38
2125.92 5.1887171875446836e+38
2126.47 5.2905399720958356e+38
2127.02 5.253394317716584e+38
2127.57 5.2327501642157e+38
2128.12 4.7568559494540415e+38
2128.67 5.235401583277133e+38
2129.23 5.2123071520377514e+38
2129.78 5.1390163569363954e+38
2130.33 5.043360352643528e+38
2130.88 5.220354551033107e+38
2131.43 4.822697255829894e+38
2131.99 4.99861858988849e+38
2132.54 5.1709459705389355e+38
2133.09 5.2101472791301616e+38
2133.65 5.181672970421101e+38
2134.2 5.174995780244325e+38
2134.75 4.855902968434879e+38
2135.3 5.1851341863575525e+38
2135.86 5.171898581723698e+38
2136.41 5.181195742681067e+38
2136.97 4.990568258176697e+38
2137.52 5.159765923596084e+38
2138.07 4.880788626870553e+38
2138.63 5.066289467363867e+38
2139.18 5.151337446989063e+38
2139.74 5.102229624237576e+38
2140.29 5.140909989327864e+38
2140.84 5.148017327396177e+38
2141.4 5.0717752496504224e+38
2141.96 5.035353905790954e+38
2142.51 5.132985057509748e+38
2143.06 5.084169254500524e+38
2143.62 5.0303708108462405e+38
2144.18 4.836041287772596e+38
2144.73 5.104814908926692e+38
2145.29 5.077383881684857e+38
2145.84 5.1143447524673814e+38
2146.4 5.084403394538461e+38
2146.96 4.9616942657156704e+38
2147.51 5.10599047133434e+38
2148.07 5.0833498492750494e+38
2148.63 4.874835891378314e+38
2149.18 4.4849747257464384e+38
2149.74 5.083701006771051e+38
2150.3 4.739472416085577e+38
2150.85 4.997812972689754e+38
2151.41 5.0487050551979876e+38
2151.97 5.069907082747024e+38
2152.53 4.783766795329803e+38
2153.08 5.047658907029851e+38
2153.64 5.059178469316086e+38
2154.2 5.0555685092994586e+38
2154.76 5.042083110102817e+38
2155.32 5.046729179531192e+38
2155.88 5.043708747667552e+38
2156.44 5.0395295953332605e+38
2156.99 5.0218067950245014e+38
2157.55 5.0314133759849994e+38
2158.11 5.026549919930345e+38
2158.67 4.992292237091755e+38
2159.23 4.802750213713204e+38
2159.79 4.98092497228276e+38
2160.35 4.797224024929901e+38
2160.91 5.00702776894387e+38
2161.47 4.714655887299291e+38
2162.03 4.803524387975934e+38
2162.59 4.928559455296101e+38
2163.15 4.8896750674215e+38
2163.71 4.3014016761148496e+38
2164.27 4.966494970453976e+38
2164.83 4.9660375604274915e+38
2165.4 4.974391928397445e+38
2165.96 4.063778235199249e+38
2166.52 4.9679818440271404e+38
2167.08 4.954844164736024e+38
2167.64 4.6758438559251905e+38
2168.2 4.9540456025724215e+38
2168.76 4.894068007813272e+38
2169.33 4.947206061315339e+38
2169.89 4.927197832116125e+38
2170.45 4.832368002657013e+38
2171.01 4.936737099946074e+38
2171.58 4.8931665701982164e+38
2172.14 4.928672940877919e+38
2172.7 4.923001861619065e+38
2173.27 4.920621954612074e+38
2173.83 4.904220631190547e+38
2174.39 4.872703660182209e+38
2174.96 4.411131452257564e+38
2175.52 4.877193653507337e+38
2176.08 4.862504318044546e+38
2176.65 4.894406089731267e+38
2177.21 4.884048860288257e+38
2177.78 4.868778306941487e+38
2178.34 4.3968332975425295e+38
2178.91 4.882025010867073e+38
2179.47 4.639487404315737e+38
2180.03 4.829475864447724e+38
2180.6 4.858139709381609e+38
2181.17 4.604473735051475e+38
2181.73 4.857580427573332e+38
2182.3 4.858475309374951e+38
2182.86 4.5822628734218416e+38
2183.43 4.7953465695991985e+38
2183.99 4.845738792811584e+38
2184.56 4.807950635485165e+38
2185.12 4.837266336532581e+38
2185.69 4.7180224165460016e+38
2186.26 4.742856665728423e+38
2186.82 4.8230304074607175e+38
2187.39 3.967893436187627e+38
2187.96 4.5062989536886014e+38
2188.53 4.7752927365769315e+38
2189.09 4.746024764365569e+38
2189.66 4.742310655607041e+38
2190.23 4.8038562151462215e+38
2190.79 4.619553487999654e+38
2191.36 4.7479922347187326e+38
2191.93 4.6595073378239745e+38
2192.5 4.7919248659595425e+38
2193.07 4.759923796672479e+38
2193.64 4.7754026930215025e+38
2194.21 4.757184552771378e+38
2194.77 4.769578488928008e+38
2195.34 4.768150995746075e+38
2195.91 4.768150995746075e+38
2196.48 4.663800879624222e+38
2197.05 4.761129563620562e+38
2197.62 4.751163763775616e+38
2198.19 4.743402738715161e+38
2198.76 4.727047866183551e+38
2199.33 4.645687575987966e+38
2199.9 4.734564092097015e+38
2200.47 4.740018099423747e+38
2201.04 4.6893214028198194e+38
2201.61 4.7225873557295894e+38
2202.18 4.675090259674307e+38
2202.75 4.710532450910783e+38
2203.32 4.710423988141462e+38
2203.89 4.6144505892861966e+38
2204.46 4.6583273069369286e+38
2205.03 4.70868892344272e+38
2205.61 4.70868892344272e+38
2206.18 4.693102072590607e+38
2206.75 4.680906863391458e+38
2207.32 4.6630492243153524e+38
2207.89 4.6950476037772865e+38
2208.47 4.6844650165576225e+38
2209.04 4.673368210004593e+38
2209.61 4.4102174164725975e+38
2210.18 4.680475755790404e+38
2210.76 4.566884204442534e+38
2211.33 4.6605803525682574e+38
2211.9 4.659829216305264e+38
2212.48 4.6433348119455325e+38
2213.05 4.6370310074770675e+38
2213.62 4.6595073378239745e+38
2214.2 4.656825881648942e+38
2214.77 4.563100142804977e+38
2215.34 3.767731967796448e+38
2215.92 4.570881896148714e+38
2216.49 4.621894202115371e+38
2217.07 4.5994933999200245e+38
2217.64 4.634789346210928e+38
2218.22 4.540670626843648e+38
2218.79 4.616044639323979e+38
2219.37 4.573829802803923e+38
2219.94 4.617213959316216e+38
2220.52 4.576041980389781e+38
2221.09 4.559529185836172e+38
2221.67 4.609777884070946e+38
2222.25 4.611370319934705e+38
2222.82 4.6024597590411464e+38
2223.4 4.601823949648402e+38
2223.97 4.5998111326421625e+38
2224.55 4.596634792873944e+38
2225.13 4.577517359826872e+38
2225.7 4.572355611903114e+38
2226.28 4.588280920426786e+38
2226.86 4.585851635084245e+38
2227.43 4.451434629201113e+38
2228.01 4.561104263416911e+38
2228.59 4.52908008375846e+38
2229.17 4.540147892910313e+38
2229.74 4.5669893620481404e+38
2230.32 4.562049571124452e+38
2230.9 4.482909794061836e+38
2231.48 4.564045864166769e+38
2232.06 4.560054151251693e+38
2232.64 4.553129471933494e+38
2233.21 4.488693999984124e+38
2233.79 4.533566599150311e+38
2234.37 4.462107202145213e+38
2234.95 4.545587268629373e+38
2235.53 4.541820853359418e+38
2236.11 4.539729749092531e+38
2236.69 4.374818097388652e+38
2237.27 4.533044683051311e+38
2237.85 4.528767236795335e+38
2238.43 4.489417550286228e+38
2239.01 4.4803299663509065e+38
2239.59 4.5197040691388325e+38
2240.17 4.459025952035692e+38
2240.75 4.51398384024671e+38
2241.33 4.510035911560303e+38
2241.91 4.507751847006046e+38
2242.49 4.490865000805023e+38
2243.07 4.498730736269467e+38
2243.66 4.4974878627470566e+38
2244.24 4.476617622444067e+38
2244.82 4.360637648067746e+38
2245.4 4.484561663331062e+38
2245.98 4.484251891485336e+38
2246.56 4.47074603442619e+38
2247.15 4.475483908795611e+38
2247.73 4.4731143443227784e+38
2248.31 4.432002533708493e+38
2248.89 4.463751406044498e+38
2249.48 4.458512617251846e+38
2250.06 4.460360899093844e+38
2250.64 4.4536901579873524e+38
2251.23 4.451537128451403e+38
2251.81 4.428432200537867e+38
2252.39 4.440071870458905e+38
2252.98 4.346403082194613e+38
2253.56 3.718861462213192e+38
2254.15 4.437312344652386e+38
2254.73 4.323943395561444e+38
2255.31 4.4353714842789685e+38
2255.9 4.424660975696655e+38
2256.48 4.399061159995198e+38
2257.07 4.421809210742705e+38
2257.65 4.418552301348529e+38
2258.24 4.317476675131541e+38
2258.82 4.4060558717945444e+38
2259.41 4.3903586564094294e+38
2260.0 4.407780913553981e+38
2260.58 4.4007834632124324e+38
2261.17 4.36716901504156e+38
2261.75 4.4022023368715615e+38
2262.34 4.2064913481306375e+38
2262.93 4.39511254027337e+38
2263.51 4.3827833185682724e+38
2264.1 4.383187006419891e+38
2264.69 4.362545805894878e+38
2265.27 4.35812818560729e+38
2265.86 4.2867681962528084e+38
2266.45 4.377538758568414e+38
2267.03 4.371293830863585e+38
2267.62 4.3717971236354375e+38
2268.21 4.273857128831752e+38
2268.8 4.36154140824082e+38
2269.39 4.363650910465233e+38
2269.97 4.356221960027386e+38
2270.56 4.3580278371527024e+38
2271.15 4.354316568221868e+38
2271.74 4.349506658244343e+38
2272.33 4.342601719580531e+38
2272.92 4.346703331453116e+38
2273.51 4.343601755707991e+38
2274.09 4.269627627539178e+38
2274.68 4.335108783875293e+38
2275.27 4.334709523987698e+38
2275.86 4.325038721506661e+38
2276.45 4.320460112685213e+38
2277.04 4.27631806700736e+38
2277.63 4.264714865631049e+38
2278.22 4.265500527500968e+38
2278.81 4.317377262701727e+38
2279.41 4.1875499458138256e+38
2280.0 4.310622584779154e+38
2280.59 4.284202595684323e+38
2281.18 4.302986663002851e+38
2281.77 4.300708427949125e+38
2282.36 4.2999162811415005e+38
2282.95 4.260298213218786e+38
2283.54 4.2946719925199556e+38
2284.14 4.289631640256667e+38
2284.73 4.277893811049766e+38
2285.32 4.2795686753005205e+38
2285.91 4.283117611581341e+38
2286.5 4.271692674763238e+38
2287.1 4.2690377974284905e+38
2287.69 3.777287139375577e+38
2288.28 4.253241081314598e+38
2288.88 4.267760111703559e+38
2289.47 4.263340305553277e+38
2290.06 4.239845195532881e+38
2290.66 4.258728950440218e+38
2291.25 4.244142918168386e+38
2291.84 4.253632837335768e+38
2292.44 4.2369174255620465e+38
2293.03 4.246684528944415e+38
2293.63 4.235649353183859e+38
2294.22 4.240528632914024e+38
2294.81 4.227659485162421e+38
2295.41 4.223864716457659e+38
2296.0 4.232042300995695e+38
2296.6 4.111591882857052e+38
2297.2 4.1527902860767156e+38
2297.79 3.685445557027802e+38
2298.39 4.219490369548946e+38
2298.98 4.174553199795935e+38
2299.58 4.184561933439147e+38
2300.17 4.211337039135399e+38
2300.77 4.1807095838125926e+38
2301.37 4.204264202942179e+38
2301.96 4.2035866102255084e+38
2302.56 4.1959470591310514e+38
2303.16 4.175129975475314e+38
2303.75 4.102513321979188e+38
2304.35 4.1904436021566336e+38
2304.95 4.187935651179182e+38
2305.54 4.182539007479233e+38
2306.14 4.181383488891014e+38
2306.74 3.741278170980321e+38
2307.34 4.129904413106192e+38
2307.94 4.169845846526065e+38
2308.53 4.15872305475192e+38
2309.13 4.164951993867071e+38
2309.73 4.164184852015647e+38
2310.33 4.161788444332274e+38
2310.93 4.1561383885738546e+38
2311.53 4.155468552196874e+38
2312.13 4.152216596526229e+38
2312.73 4.140950127434683e+38
2313.32 4.127527733151013e+38
2313.93 4.07474091379873e+38
2314.52 4.136375908490651e+38
2315.12 4.120216149202293e+38
2315.72 4.1317116050966506e+38
2316.32 4.046504241953084e+38
2316.93 4.099397198640827e+38
2317.52 4.092700834134451e+38
2318.13 4.115096272804762e+38
2318.73 4.136661649084868e+38
2319.33 4.0997747844642096e+38
2319.93 3.949298861235756e+38
2320.53 4.102041029866064e+38
2321.13 4.104592053369055e+38
2321.73 4.103080144294104e+38
2322.33 4.056486173245969e+38
2322.94 4.0205919613021204e+38
2323.54 4.092135445675177e+38
2324.14 4.077274959597886e+38
2324.74 4.07361517680987e+38
2325.35 4.0830058296301404e+38
2325.95 4.0742718189182084e+38
2326.55 4.068272171872017e+38
2327.16 4.034781306165757e+38
2327.76 4.040824605218897e+38
2328.36 3.9917193565171804e+38
2328.97 4.069021644327475e+38
2329.57 4.066024582675353e+38
2330.17 4.059382732330567e+38
2330.78 4.050792525963353e+38
2331.38 4.048834267610545e+38
2331.98 3.947935057267086e+38
2332.59 4.052098557687416e+38
2333.19 3.9576738377388424e+38
2333.8 4.03719754045478e+38
2334.4 4.038034266328922e+38
2335.01 4.0251308213493366e+38
2335.61 4.029767593090866e+38
2336.22 4.039429194836651e+38
2336.82 4.037011624918201e+38
2337.43 3.9612294574926165e+38
2338.03 4.0307883994692375e+38
2338.64 3.9704524564671825e+38
2339.25 4.001105473447832e+38
2339.85 4.00875948030852e+38
2340.46 4.005253420670444e+38
2341.07 3.97347056351169e+38
2341.67 3.999815877302776e+38
2342.28 4.010790706903633e+38
2342.89 4.0063602659981704e+38
2343.5 4.003040647301828e+38
2344.1 3.968441658793216e+38
2344.71 3.9680761686406935e+38
2345.32 3.9952135689058854e+38
2345.93 3.97347056351169e+38
2346.53 3.992362797515014e+38
2347.14 3.987126364220515e+38
2347.75 3.928529330982382e+38
2348.36 3.842554182074168e+38
2348.97 3.9356819952383645e+38
2349.58 3.793062510239339e+38
2350.19 3.977589861615033e+38
2350.79 3.980980039026677e+38
2351.4 3.971915494694373e+38
2352.01 3.94984451472848e+38
2352.62 3.966705880339675e+38
2353.23 3.944936346085729e+38
2353.84 3.962415373804346e+38
2354.45 3.90229412428912e+38
2355.06 3.94066938612325e+38
2355.67 3.929434012441143e+38
2356.28 3.951572914869636e+38
2356.89 3.945663097149758e+38
2357.5 3.94602652288704e+38
2358.12 3.936950913729909e+38
2358.73 3.929614973731511e+38
2359.34 3.937041566418469e+38
2359.95 3.9099391629104725e+38
2360.56 3.923286284420796e+38
2361.17 3.914262976360798e+38
2361.78 3.923918694421644e+38
2362.4 3.911109723889311e+38
2363.01 3.915615148396088e+38
2363.62 3.912731079194386e+38
2364.24 3.893767357586803e+38
2364.85 3.912370719939577e+38
2365.46 3.8611795734146445e+38
2366.07 3.8975347858889845e+38
2366.69 3.8659835344532226e+38
2367.3 3.872576449216181e+38
2367.91 3.898701633234668e+38
2368.53 3.896816899571022e+38
2369.14 3.891168163593642e+38
2369.76 3.887496401266884e+38
2370.37 3.8884811680135105e+38
2370.98 3.872933143114414e+38
2371.6 3.8266610861488856e+38
2372.21 3.881324914172967e+38
2372.83 3.877126758218796e+38
2373.44 3.870436975596227e+38
2374.06 3.873289869866882e+38
2374.67 3.7847744217248e+38
2375.29 3.868298683966399e+38
2375.91 3.832657404000353e+38
2376.52 3.860912861790809e+38
2377.14 3.798831232978167e+38
2377.75 3.85753610875353e+38
2378.37 3.855138631696342e+38
2378.99 3.850968799600681e+38
2379.6 3.848309563168722e+38
2380.22 3.844501192935229e+38
2380.83 3.8371608077983315e+38
2381.45 3.808728362519551e+38
2382.07 3.83901668820891e+38
2382.69 3.801718883549696e+38
2383.3 3.829569891356334e+38
2383.92 3.797869170282569e+38
2384.54 3.8281592855283696e+38
2385.16 3.658305752854608e+38
2385.78 3.794634928928054e+38
2386.4 3.3543625444895964e+38
2387.01 3.643594182561555e+38
2387.63 3.816190095157402e+38
2388.25 3.811096977435529e+38
2388.87 3.8062735760120636e+38
2389.49 3.780245455746361e+38
2390.11 3.7857331673053184e+38
2390.73 3.799881033867006e+38
2391.35 3.800756089549988e+38
2391.97 3.7967325012123274e+38
2392.59 3.796819925215389e+38
2393.21 3.7928005038130794e+38
2393.83 3.792101908485964e+38
2394.45 3.775721909254145e+38
2395.07 3.7860818622733395e+38
2395.69 3.768252535162988e+38
2396.31 3.7482625173763656e+38
2396.93 3.7785919934618285e+38
2397.55 3.759932081426742e+38
2398.17 3.772506528367047e+38
2398.79 3.6500599707086215e+38
2399.42 3.7558652275549414e+38
2400.04 3.724774624863994e+38
2400.66 3.751370855119544e+38
2401.28 3.760971132597679e+38
2401.91 3.7558652275549414e+38
2402.53 3.731040815452086e+38
2403.15 3.700922578833646e+38
2403.77 3.748694076888323e+38
2404.4 3.7182621008696935e+38
2405.02 3.659569505128134e+38
2405.64 3.657463493797805e+38
2406.27 3.740675196781431e+38
2406.89 3.736371063442285e+38
2407.51 3.700240906487115e+38
2408.14 3.726661957171095e+38
2408.76 3.715181196615349e+38
2409.39 3.71971786030243e+38
2410.01 3.688162094354401e+38
2410.64 3.722716806986239e+38
2411.26 3.6876525911269256e+38
2411.89 3.687737503443383e+38
2412.51 3.715181196615349e+38
2413.14 3.712957686839697e+38
2413.76 3.7082584924875185e+38
2414.39 3.561475818964573e+38
2415.01 3.705612476939661e+38
2415.64 3.702627309164309e+38
2416.26 3.70160437676049e+38
2416.89 3.638228738122335e+38
2417.52 3.693516130221498e+38
2418.14 3.6945368274514214e+38
2418.77 3.690455730160828e+38
2419.4 3.57297518537687e+38
2420.02 3.6870582596537496e+38
2420.65 3.6812049725724915e+38
2421.28 3.6763766577975885e+38
2421.91 3.6126842024092036e+38
2422.53 3.674684013555491e+38
2423.16 3.550503948810333e+38
2423.79 3.665979229231662e+38
2424.42 3.6464477925522816e+38
2425.05 3.650312116627666e+38
2425.68 3.665557192070304e+38
2426.3 3.66041224916786e+38
2426.93 3.659148205871116e+38
2427.56 3.658305752854608e+38
2428.19 3.655358694436124e+38
2428.82 3.648211432744958e+38
2429.45 3.6332058098828026e+38
2430.08 3.630947755174392e+38
2430.71 3.626519357793342e+38
2431.34 3.642923069523298e+38
2431.97 3.612933766412405e+38
2432.6 3.6378098956704276e+38
2433.23 3.634628268409213e+38
2433.86 3.614265065620936e+38
2434.49 3.6296938867960376e+38
2435.12 3.623431036854993e+38
2435.75 3.6030476029740316e+38
2436.39 3.622680221408233e+38
2437.02 3.615513604152806e+38
2437.65 3.616096403060585e+38
2438.28 3.612185126117516e+38
2438.91 3.4963910510778195e+38
2439.54 3.611686118771063e+38
2440.18 3.597907552128431e+38
2440.81 3.549686509178677e+38
2441.44 3.5834388681427515e+38
2442.07 3.597327684680789e+38
2442.71 3.600808291734798e+38
2443.34 3.5977418661776165e+38
2443.97 3.59169954787146e+38
2444.61 3.59169954787146e+38
2445.24 3.5586067648166164e+38
2445.88 3.575114866440511e+38
2446.51 3.568124504163528e+38
2447.14 3.567220868474501e+38
2447.78 3.56656382262493e+38
2448.41 3.563362456756857e+38
2449.05 3.536063048975674e+38
2449.68 3.570672345572655e+38
2450.32 3.511397535606997e+38
2450.95 3.525494163226694e+38
2451.59 3.567220868474501e+38
2452.22 3.563690669682389e+38
2452.86 3.5618038581162824e+38
2453.49 3.560491882771044e+38
2454.13 3.557869381684223e+38
2454.76 3.550503948810333e+38
2455.4 3.535737380530867e+38
2456.04 3.5263060317234595e+38
2456.67 3.540625558097887e+38
2457.31 3.53549314888091e+38
2457.95 3.543561707848785e+38
2458.58 3.535411742079908e+38
2459.22 3.538913927712318e+38
2459.86 3.5263060317234595e+38
2460.5 3.529636647704398e+38
2461.14 3.513014966329808e+38
2461.77 3.486181548940307e+38
2462.41 3.518033737737043e+38
2463.05 3.5206268760203035e+38
2463.69 3.491563943545276e+38
2464.33 3.5198973627457554e+38
2464.96 3.517952732949212e+38
2465.6 3.496310544625584e+38
2466.24 3.513014966329808e+38
2466.88 3.510265777207793e+38
2467.52 3.484977672404495e+38
2468.16 3.503563554619093e+38
2468.8 3.445640789788808e+38
2469.44 3.496310544625584e+38
2470.08 3.494378945785513e+38
2470.72 3.495586069966933e+38
2471.36 3.473681534332487e+38
2472.0 3.489072549674088e+38
2472.64 3.48529866549205e+38
2473.28 3.460509134822071e+38
2473.92 3.477843217925019e+38
2474.56 3.4809677523239996e+38
2475.21 3.478323732913998e+38
2475.85 3.464575261359871e+38
2476.49 3.475601692199334e+38
2477.13 3.471362758876989e+38
2477.77 3.471122973914715e+38
2478.42 3.40510101400173e+38
2479.06 3.46305987179222e+38
2479.7 3.464016882806541e+38
2480.34 3.462581465437923e+38
2480.99 3.4416761319080545e+38
2481.63 3.434946680155911e+38
2482.27 3.4262575062374925e+38
2482.92 3.431310348048001e+38
2483.56 3.44413368207354e+38
2484.2 3.4479423836719e+38
2484.85 3.4423101704759035e+38
2485.49 3.443578598047998e+38
2486.14 3.441913882684287e+38
2486.78 3.440725293018637e+38
2487.42 3.438428516736843e+38
2488.07 3.435025773636739e+38
2488.71 3.41436542534387e+38
2489.36 3.430994327239258e+38
2490.0 3.4287829963749025e+38
2490.65 3.417196870812643e+38
2491.29 3.376136521806841e+38
2491.94 3.4200306643263505e+38
2492.59 3.419558202266071e+38
2493.23 3.412793413954569e+38
2493.88 3.3756701235276305e+38
2494.52 3.231097029272682e+38
2495.17 3.411222126336598e+38
2495.82 3.409337536104021e+38
2496.47 3.380025680970769e+38
2497.11 3.4042386643843335e+38
2497.76 3.331194570681979e+38
2498.41 3.3966437564581193e+38
2499.05 3.39117342331416e+38
2499.7 3.3693800492993186e+38
