WAVE FLUX
900.0 2.5111346458406508e+39
900.44 2.5086495727766116e+39
900.88 2.5077255223458657e+39
901.32 2.5008635686054402e+39
901.77 2.50316801014615e+39
902.21 2.5057053484973265e+39
902.65 2.5034562146034537e+39
903.09 2.5019579136939295e+39
903.54 2.500575662620315e+39
903.98 2.4425305254126635e+39
904.42 2.4905198069540596e+39
904.87 2.488513493687937e+39
905.31 2.493446188097825e+39
905.75 2.4925277377693467e+39
906.2 2.3839107936588154e+39
906.64 2.4906918519096664e+39
907.09 2.4889719370367585e+39
907.53 2.4875395819214716e+39
907.98 2.48702413589158e+39
908.42 2.4846773440943656e+39
908.87 2.4813041391072732e+39
909.31 2.4818755462825985e+39
909.76 2.453239789690525e+39
910.21 2.4785632153941828e+39
910.65 2.477536149762299e+39
911.1 2.4754832951068115e+39
911.54 2.574838534103971e+39
911.99 5.745264136241952e+39
912.44 5.725718598910098e+39
912.89 5.703612340559673e+39
913.33 5.684862960076203e+39
913.78 5.724268547583341e+39
914.23 4.7271567117361396e+39
914.68 5.710971593766778e+39
915.13 5.702955725720678e+39
915.58 5.696656068078163e+39
916.02 5.69206695515081e+39
916.47 5.67675302429824e+39
916.92 5.625485375583447e+39
917.37 5.662262510468952e+39
917.82 5.64572863872541e+39
918.27 5.640790886434459e+39
918.72 5.390635909377181e+39
919.17 5.565061908447055e+39
919.62 5.288956559692319e+39
920.08 5.603120984455627e+39
920.53 5.563268233566011e+39
920.98 1.773617641949549e+39
921.43 2.813131281312689e+39
921.88 3.8820399464989684e+39
922.33 5.061858492369336e+39
922.78 5.051030605234372e+39
923.24 1.808381268939582e+39
923.69 1.7483162733233872e+39
924.14 3.6668234493347774e+39
924.6 5.506808828468336e+39
925.05 5.527388619236053e+39
925.5 5.560450769575103e+39
925.96 5.548300822656337e+39
926.41 3.654012258563701e+39
926.87 5.458206974041215e+39
927.32 5.375018953397423e+39
927.78 5.3188776454544004e+39
928.23 5.155846748750542e+39
928.68 5.092136067911482e+39
929.14 4.9193757958513014e+39
929.6 5.07504619831019e+39
930.05 4.8750603910367276e+39
930.51 4.5120094441075674e+39
930.97 3.81610222514483e+39
931.42 4.349206215345574e+39
931.88 4.2411145240659906e+39
932.34 4.27356191143686e+39
932.79 4.508374658959781e+39
933.25 5.167494225616528e+39
933.71 6.610891051801846e+39
934.16 6.263686312760256e+39
934.62 5.943468974669629e+39
935.08 5.73389848799839e+39
935.54 5.615261681642337e+39
936.0 5.559042572704003e+39
936.46 5.49224623734427e+39
936.92 5.452554309382951e+39
937.38 2.850755691109679e+39
937.84 1.730892116906475e+39
938.3 5.3344543134873483e+39
938.76 5.0948335497526664e+39
939.22 5.2373307318402624e+39
939.68 5.1777371557612475e+39
940.14 5.146358070137281e+39
940.6 5.131448799916007e+39
941.06 5.0715416911466587e+39
941.52 4.959181463107529e+39
941.98 4.7767223678594305e+39
942.45 3.5954230638504606e+39
942.91 4.376833239543784e+39
943.37 4.325735891568503e+39
943.83 4.4288400930005174e+39
944.29 4.898239317422533e+39
944.76 6.095228622960216e+39
945.22 5.909489971760704e+39
945.68 5.678060295486608e+39
946.15 5.545618629885361e+39
946.61 5.450922407503307e+39
947.08 5.3920014460719535e+39
947.54 5.3429363438963205e+39
948.01 5.243605375373338e+39
948.47 5.251459252199725e+39
948.93 5.1007025714763807e+39
949.4 2.2791347349459823e+39
949.87 1.8244837516046284e+39
950.33 5.216389355219154e+39
950.8 5.24662470621597e+39
951.26 5.089322826925958e+39
951.73 5.246866327776201e+39
952.2 5.240949801579857e+39
952.66 5.2089477364921486e+39
953.13 5.229979661821542e+39
953.6 5.2225186553777105e+39
954.07 5.181792284224169e+39
954.53 5.2138676170751037e+39
955.0 5.1759491375003176e+39
955.47 5.209667428930148e+39
955.94 5.198643063584491e+39
956.41 5.181434351056796e+39
956.88 5.178810263183988e+39
957.35 5.156559104509101e+39
957.82 5.1273150067323694e+39
958.28 5.1031695762375654e+39
958.76 2.121143253437131e+39
959.23 5.095068180910857e+39
959.7 4.983793048599921e+39
960.17 5.1280234204127945e+39
960.64 5.135349428859776e+39
961.11 5.138424739870438e+39
961.58 5.13180328008457e+39
962.05 5.126134534734248e+39
962.52 5.124246344818731e+39
962.99 5.116347100718714e+39
963.47 5.1178788371527316e+39
963.94 5.001957530501363e+39
964.41 5.1015247738556354e+39
964.89 5.0944816232743994e+39
965.36 5.0829987160353113e+39
965.83 5.0811264150156695e+39
966.31 5.06314074433947e+39
966.78 5.0461481868075855e+39
967.25 5.0065666258805974e+39
967.73 5.038949431444704e+39
968.2 4.9184696967987557e+39
968.68 5.013141925927807e+39
969.15 5.008526777261494e+39
969.63 4.990683171580486e+39
970.1 5.016259555123556e+39
970.58 4.999079000876882e+39
971.05 5.0512632191459725e+39
971.53 5.025161224724705e+39
972.01 4.35812818560729e+39
972.48 1.6592430224642616e+39
972.96 5.0902604011871124e+39
973.44 4.897900970723695e+39
973.91 5.005413954024002e+39
974.39 4.9832193012490745e+39
974.87 4.9757665935898675e+39
975.35 4.970842467535872e+39
975.83 4.965351524374827e+39
976.3 4.962037019251336e+39
976.78 4.9048982211147854e+39
977.26 4.955300543765189e+39
977.74 4.940148455227058e+39
978.22 4.431084173201962e+39
978.7 4.954958255552612e+39
979.18 4.887536345636831e+39
979.66 4.919942192523826e+39
980.14 4.9694691627418046e+39
980.62 4.950966639644382e+39
981.1 4.875397159909641e+39
981.58 4.917676997034221e+39
982.07 4.906705585307397e+39
982.55 4.898916080940652e+39
983.03 4.891251566518277e+39
983.51 4.777712363310168e+39
983.99 4.732493215152139e+39
984.47 4.835039205916175e+39
984.96 4.815262862500463e+39
985.44 4.8056263472301726e+39
985.92 4.3665657100210193e+39
986.41 4.719543572446077e+39
986.89 4.118983004496795e+39
987.38 4.7638710791062085e+39
987.86 4.8519911494975744e+39
988.34 4.8292534639860825e+39
988.83 4.804409311369901e+39
989.31 4.789277481983018e+39
989.8 2.4280073662686638e+39
990.28 4.6862990599764195e+39
990.77 4.7038124796598273e+39
991.26 4.4651905814421416e+39
991.74 4.7869622208155066e+39
992.23 4.775182782664093e+39
992.72 4.729007469640434e+39
993.2 4.7735337777498165e+39
993.69 4.767711853033513e+39
994.18 4.756636893186071e+39
994.66 4.4189592837969276e+39
995.15 4.4229293277077645e+39
995.64 4.762225980441306e+39
996.13 4.474041415755965e+39
996.61 4.75061679731928e+39
997.1 4.580364077908248e+39
997.59 4.489314178817106e+39
998.08 4.7395815477272934e+39
998.57 4.729987575981332e+39
999.06 4.7108578542036805e+39
999.55 4.725089074746047e+39
1000.04 4.7343460623833754e+39
1000.53 4.7274832634320326e+39
1001.02 4.707821630771999e+39
1001.51 4.714547329585431e+39
1002.01 4.647399425856407e+39
1002.5 4.6942909124974694e+39
1002.99 4.688241770966002e+39
1003.48 4.683278665081373e+39
1003.97 4.6711089823907314e+39
1004.46 4.66090230517334e+39
1004.96 4.6533958693534905e+39
1005.45 4.626259607316532e+39
1005.94 4.009590312277175e+39
1006.43 4.6141318453412214e+39
1006.93 4.6001288873132576e+39
1007.42 4.6141318453412214e+39
1007.92 4.1078067101898965e+39
1008.41 4.614769355250059e+39
1008.91 4.607867686902707e+39
1009.4 4.6185962648372305e+39
1009.9 4.358830689490449e+39
1010.39 3.457084540265562e+39
1010.89 4.5915572108454263e+39
1011.38 4.2934854947230946e+39
1011.88 4.593460646485927e+39
1012.37 4.5504044560178236e+39
1012.87 3.716036747194547e+39
1013.37 4.5774119598080244e+39
1013.86 4.559004280855975e+39
1014.36 4.571513430443559e+39
1014.86 4.3661635529768047e+39
1015.36 4.5208489844808583e+39
1015.85 4.5504044560178236e+39
1016.35 4.542762164500535e+39
1016.85 4.5066102485440324e+39
1017.35 4.310920362323018e+39
1017.85 3.9436648538098016e+39
1018.35 4.440685331432333e+39
1018.85 4.412756872536703e+39
1019.35 4.5129445767109206e+39
1019.85 4.4729083545377426e+39
1020.35 4.3865188502655266e+39
1020.85 4.498212830566534e+39
1021.35 4.4501023536975734e+39
1021.85 4.463340298279087e+39
1022.35 4.4785765315863596e+39
1022.85 4.423845998088866e+39
1023.35 4.323744275194292e+39
1023.85 4.0099596261997825e+39
1024.35 3.786604964946555e+39
1024.86 3.386101717130309e+39
1025.36 1.3049083194976235e+39
1025.86 8.820028734322447e+38
1026.37 2.4752553051689754e+39
1026.87 2.3441208620791523e+39
1027.37 2.245742717375151e+39
1027.88 2.2269988870807785e+39
1028.38 2.2755165578082663e+39
1028.89 2.3701181715117723e+39
1029.39 2.4912654209346296e+39
1029.9 2.583925572102413e+39
1030.4 2.5971079400932516e+39
1030.91 2.552407428979993e+39
1031.41 2.603574444175749e+39
1031.92 2.767833745795419e+39
1032.42 2.9646265933010044e+39
1032.93 2.728726446240232e+39
1033.44 2.6008781130699944e+39
1033.94 2.5174450518227747e+39
1034.45 2.583449639258471e+39
1034.96 2.67842814551774e+39
1035.46 2.5220866307214745e+39
1035.97 3.191537855100745e+39
1036.48 3.531750375425636e+39
1036.99 3.381193302112214e+39
1037.5 4.743075087378855e+39
1038.01 6.16637596206415e+39
1038.51 5.98549400286946e+39
1039.02 5.646898739316989e+39
1039.53 5.352048002956762e+39
1040.04 5.1958906193435016e+39
1040.55 4.9991941102500203e+39
1041.06 4.8339260251608474e+39
1041.57 4.6698184855783656e+39
1042.08 4.583318099923107e+39
1042.59 4.4890040786905055e+39
1043.11 4.417026450969489e+39
1043.62 4.3648567983615807e+39
1044.13 4.331815989289253e+39
1044.64 4.309729375555939e+39
1045.15 4.2930900683055636e+39
1045.67 4.280061407215731e+39
1046.18 4.27474290338359e+39
1046.69 4.267072285480325e+39
1047.2 4.2651076784754753e+39
1047.72 4.262456893747272e+39
1048.23 4.2569642207317566e+39
1048.75 4.2574543500631467e+39
1049.26 4.255298203024997e+39
1049.78 4.252261849106092e+39
1050.29 4.2506955464881613e+39
1050.81 4.24600009943002e+39
1051.32 4.2319448557423967e+39
1051.83 4.232237198233632e+39
1052.35 4.224837409231881e+39
1052.87 4.211143104363196e+39
1053.38 4.215508797659632e+39
1053.9 4.210852218950017e+39
1054.42 4.206491348130637e+39
1054.93 4.2015544872425456e+39
1055.45 4.141331540600495e+39
1055.97 4.1180346827941464e+39
1056.49 4.188514275840265e+39
1057.01 4.18196120827496e+39
1057.52 4.17570683084477e+39
1058.04 4.166390765775971e+39
1058.56 4.164568405277299e+39
1059.08 4.163993088631909e+39
1059.6 4.159297643264859e+39
1060.12 4.07755661750211e+39
1060.64 4.0714583834897134e+39
1061.16 4.098925265264009e+39
1061.68 4.0635910956046255e+39
1062.2 4.0604110407105635e+39
1062.72 2.6316007409224876e+39
1063.24 4.108658070106261e+39
1063.76 4.124962455013842e+39
1064.28 4.119931544583794e+39
1064.81 4.1144330511022315e+39
1065.33 4.1099827584847676e+39
1065.85 4.082723795320679e+39
1066.37 4.101474351100196e+39
1066.9 4.0959061779252716e+39
1067.42 4.0888389026770026e+39
1067.94 3.9766740931386514e+39
1068.47 4.0833819056831857e+39
1068.99 4.013284982627382e+39
1069.52 4.068365848379105e+39
1070.04 3.9796969295095845e+39
1070.56 4.026799444239396e+39
1071.09 4.057607176662234e+39
1071.61 4.048741040829613e+39
1072.14 4.0086671762730424e+39
1072.67 4.0119914609052106e+39
1073.19 3.999263320488055e+39
1073.72 3.9944776911482734e+39
1074.24 3.997882262386382e+39
1074.77 4.003685913223208e+39
1075.3 4.0045156936741174e+39
1075.82 4.011529589906582e+39
1076.35 4.014486483367455e+39
1076.88 4.011067772079757e+39
1077.41 4.007836535588495e+39
1077.94 3.998894991686309e+39
1078.47 3.995673561345041e+39
1078.99 3.915344676625884e+39
1079.52 3.983639224898196e+39
1080.05 3.982813770285165e+39
1080.58 3.969629734300093e+39
1081.11 3.96268909721549e+39
1081.64 3.8944846821066307e+39
1082.17 3.9661578975241775e+39
1082.7 3.958311790805132e+39
1083.23 3.934413485731953e+39
1083.77 3.9383109232545643e+39
1084.3 3.9170579800904945e+39
1084.83 3.399695340325853e+39
1085.36 3.940941607322834e+39
1085.89 3.925093440604819e+39
1086.43 3.929886431293029e+39
1086.96 3.9270822738645255e+39
1087.49 3.9222927031988597e+39
1088.02 3.909579060788751e+39
1088.56 3.891885009280141e+39
1089.09 3.881414286010808e+39
1089.63 3.8516782396086737e+39
1090.16 3.8993300803385586e+39
1090.69 3.889376626980293e+39
1091.23 3.7977817221199626e+39
1091.77 3.88901841865097e+39
1092.3 3.8743602472800234e+39
1092.84 3.8741818305052546e+39
1093.37 3.857269648802687e+39
1093.91 3.8741818305052546e+39
1094.44 3.869813185135304e+39
1094.98 3.8655384722707285e+39
1095.52 3.841492591787578e+39
1096.06 3.8540735646782334e+39
1096.59 3.786604964946555e+39
1097.13 3.8474235591542513e+39
1097.67 3.7959457757634005e+39
1098.21 3.808377581827828e+39
1098.74 3.835482450995935e+39
1099.28 3.8312456609001997e+39
1099.82 3.818651277142553e+39
1100.36 3.8223460266168985e+39
1100.9 3.8173325894590623e+39
1101.44 3.8131158482501575e+39
1101.98 3.794460183555338e+39
1102.52 3.8046963345073127e+39
1103.06 3.781638406215055e+39
1103.6 3.7951592133327883e+39
1104.15 3.7712906119387726e+39
1104.69 3.787651387125928e+39
1105.23 3.7807677520345155e+39
1105.77 3.779288099941342e+39
1106.31 3.774678782856034e+39
1106.85 3.764783444138048e+39
1107.4 3.764783444138048e+39
1107.94 2.5727642953467956e+39
1108.48 3.4602700995756914e+39
1109.03 3.754049544720844e+39
1109.57 3.7504208118731535e+39
1110.11 3.7380060504017425e+39
1110.66 3.7136417019195656e+39
1111.2 3.7198891635847025e+39
1111.75 3.7050152509081904e+39
1112.29 3.6929208537336433e+39
1112.84 3.715523393207474e+39
1113.39 3.7175772347592703e+39
1113.93 3.715352290971728e+39
1114.48 3.710564626068491e+39
1115.02 3.616179667715953e+39
1115.57 3.697770896583043e+39
1116.12 3.562295973497679e+39
1116.67 3.674937860501906e+39
1117.21 3.674430184143657e+39
1117.76 3.650564279964875e+39
1118.31 3.6578003741482273e+39
1118.86 3.6731613000597186e+39
1119.41 3.6630259892130327e+39
1119.95 3.672738436079495e+39
1120.5 3.6653039930951276e+39
1121.05 3.6461119577651146e+39
1121.6 3.65577955738446e+39
1122.15 3.6502280660526656e+39
1122.7 3.6461119577651146e+39
1123.25 3.639653163205961e+39
1123.8 2.6122215023296197e+39
1124.36 3.6293595950295565e+39
1124.91 3.494861745427535e+39
1125.46 3.62476620411335e+39
1126.01 3.622096361399832e+39
1126.56 3.619761862209949e+39
1127.11 3.6225968070738083e+39
1127.67 3.6152638619468816e+39
1128.22 2.7524535587712614e+39
1128.77 2.916755328939502e+39
1129.33 3.606699835196253e+39
1129.88 3.597907552128431e+39
1130.44 3.4997739965370237e+39
1130.99 3.56549638122491e+39
1131.54 3.585915075171752e+39
1132.1 3.584594218561969e+39
1132.65 3.5802223551478585e+39
1133.21 3.564511334262439e+39
1133.77 3.572152572147435e+39
1134.32 3.551076268555184e+39
1134.88 3.5548395226311456e+39
1135.43 3.560491882771044e+39
1135.99 3.556313185689869e+39
1136.55 3.5521393928494205e+39
1137.1 3.547480362113287e+39
1137.66 3.543643302311844e+39
1138.22 3.538750958455752e+39
1138.78 3.5364701767145597e+39
1139.34 3.438270174897913e+39
1139.9 3.415387621027198e+39
1140.45 3.524439013616952e+39
1141.01 3.521032226501854e+39
1141.57 3.343104868395215e+39
1142.13 3.5116401027335235e+39
1142.69 3.509053583710547e+39
1143.25 3.5046931521287266e+39
1143.81 3.4987265447485197e+39
1144.38 3.455731565760915e+39
1144.94 3.4115363259744723e+39
1145.5 3.489634967049251e+39
1146.06 3.4856196881455224e+39
1146.62 3.481689197275909e+39
1147.18 3.4780834671212804e+39
1147.75 3.4744014691856074e+39
1148.31 3.469684611928058e+39
1148.87 3.456129444463663e+39
1149.44 3.456209025701281e+39
1150.0 3.444054378877784e+39
1150.0 3.444054378877784e+39
1150.3 3.456288608771288e+39
1150.6 3.454299581657316e+39
1150.89 3.4436578902883133e+39
1151.19 3.4477836037132955e+39
1151.49 3.448656983979678e+39
1151.79 3.446434269249866e+39
1152.09 3.4439750775080303e+39
1152.39 3.4405668454116866e+39
1152.69 3.3989126216619663e+39
1152.98 3.439378720915836e+39
1153.28 3.436687157499039e+39
1153.58 3.434313997868239e+39
1153.88 3.429256732975626e+39
1154.18 3.423891548666759e+39
1154.48 3.4266519914183374e+39
1154.78 3.4252320572924083e+39
1155.08 3.4207394798149475e+39
1155.38 3.4199519161166986e+39
1155.68 3.4192432638201104e+39
1155.98 3.351583162737161e+39
1156.28 3.414679914503614e+39
1156.57 3.409102035544369e+39
1156.88 3.408238672659118e+39
1157.18 3.406747924460857e+39
1157.47 3.402122913846955e+39
1157.78 3.3984430769656276e+39
1158.07 3.336030403477672e+39
1158.38 3.3965655467457224e+39
1158.68 3.393673053017831e+39
1158.97 3.381894068396995e+39
1159.28 3.394220092571599e+39
1159.58 3.3844647875842257e+39
1159.88 3.3911734233141604e+39
1160.18 3.3840751591050786e+39
1160.48 3.3246045889468655e+39
1160.78 3.387037460882619e+39
1161.08 3.384932400975112e+39
1161.38 3.3829065427773633e+39
1161.68 3.3800256809707694e+39
1161.98 3.343027891447136e+39
1162.28 3.3769917526895953e+39
1162.58 3.375281507513318e+39
1162.89 3.372873086588679e+39
1163.19 3.30780576673281e+39
1163.49 3.366510706569037e+39
1163.79 3.35706693089918e+39
1164.09 3.351351651570493e+39
1164.39 3.33042762308747e+39
1164.7 3.3510429948907174e+39
1165.0 3.2979950540154077e+39
1165.3 3.347110113130924e+39
1165.6 3.2835981325367885e+39
1165.9 3.237352572686401e+39
1166.21 3.347033043959684e+39
1166.51 3.345569066826967e+39
1166.81 3.30628281658216e+39
1167.11 3.3421043063083976e+39
1167.42 3.305369383080252e+39
1167.72 3.0910070812616085e+39
1168.02 3.339642659866238e+39
1168.32 3.337951329780876e+39
1168.63 3.2576168296606446e+39
1168.93 2.3902316898211242e+39
1169.23 3.3315781107079225e+39
1169.54 3.317798450620667e+39
1169.84 3.327744696774897e+39
1170.14 3.322002844616503e+39
1170.44 3.281557360664319e+39
1170.75 3.318638903510891e+39
1171.05 3.105989619905633e+39
1171.35 3.318638903510891e+39
1171.66 3.311692465564105e+39
1171.96 3.21647366538201e+39
1172.27 3.31184497814988e+39
1172.57 3.3005019980512346e+39
1172.87 3.3017181719370134e+39
1173.18 3.304836663414803e+39
1173.48 3.290561408341387e+39
1173.79 3.294427844910526e+39
1174.09 3.296248916151698e+39
1174.4 3.294579562412831e+39
1174.7 3.283900577029101e+39
1175.0 2.1185074715058813e+39
1175.31 2.0436663777000572e+39
1175.61 2.010573712416818e+39
1175.92 2.1259840404784545e+39
1176.22 3.1450677115543395e+39
1176.53 3.229832497887479e+39
1176.83 3.272050516257076e+39
1177.14 3.271221861982446e+39
1177.44 3.269188782021049e+39
1177.75 3.266780841934075e+39
1178.05 3.266856063208799e+39
1178.36 3.2502741960736296e+39
1178.66 3.268887692472733e+39
1178.97 3.25169647342109e+39
1179.27 3.2658031229617257e+39
1179.58 3.264149188203642e+39
1179.89 3.258742164980566e+39
1180.19 3.260468434211769e+39
1180.5 3.2358620599610575e+39
1180.8 3.2550675081126806e+39
1181.11 3.2552174129627523e+39
1181.42 3.231320233257412e+39
1181.72 3.235564039775926e+39
1182.03 3.249226600327489e+39
1182.33 3.247506283134261e+39
1182.64 3.2042028325091306e+39
1182.95 2.6897381323612335e+39
1183.25 3.2372034905236837e+39
1183.56 3.23727803074683e+39
1183.87 3.238098086490991e+39
1184.17 3.2299068683852936e+39
1184.48 2.3305584530311422e+39
1184.79 3.207598487363526e+39
1185.09 3.2299812405956246e+39
1185.4 3.182951345066487e+39
1185.71 3.2267847814206255e+39
1186.02 3.221513829123794e+39
1186.32 3.22195892845263e+39
1186.63 3.1933755808622204e+39
1186.94 3.212106971640182e+39
1187.25 3.2146966673945965e+39
1187.56 3.21240283125e+39
1187.86 3.209593264858399e+39
1188.17 3.207746206134071e+39
1188.48 3.1884528563250263e+39
1188.79 3.2041290538618003e+39
1189.09 3.2003685945865334e+39
1189.4 3.1996317673183406e+39
1189.71 3.199410752219739e+39
1190.02 3.196759761533633e+39
1190.33 3.1846374652604326e+39
1190.64 3.19381679247985e+39
1190.94 3.191684834234811e+39
1191.25 3.0214123496327e+39
1191.56 3.187938979858514e+39
1191.87 3.186031020835637e+39
1192.18 3.183684331083242e+39
1192.49 3.178922937461088e+39
1192.8 3.1798014276915376e+39
1193.11 3.1571847762702874e+39
1193.42 3.175630760116881e+39
1193.73 3.1628602268951055e+39
1194.04 3.1717576790677103e+39
1194.34 3.1704433679036454e+39
1194.65 3.1686188391863186e+39
1194.96 3.166430790647201e+39
1195.27 3.160385059264573e+39
1195.58 3.15398773396067e+39
1195.89 3.1521000945193024e+39
1196.2 2.907635750261205e+39
1196.51 3.1400748465358593e+39
1196.82 3.138123275068949e+39
1197.13 3.124424250770417e+39
1197.44 3.1309778844193505e+39
1197.75 3.112217926943919e+39
1198.06 3.12874378553467e+39
1198.38 3.1117163371060325e+39
1198.69 3.128527667035196e+39
1199.0 3.134007273083848e+39
1199.31 3.144560827383432e+39
1199.62 3.132780739023632e+39
1199.93 3.1329971513250064e+39
1200.24 3.1054890338713834e+39
1200.55 3.122554304865436e+39
1200.86 3.1102836686851614e+39
1201.17 3.119966996445185e+39
1201.48 3.11630531221428e+39
1201.8 3.1143685136261167e+39
1202.11 2.833413768796298e+39
1202.42 3.112146266302876e+39
1202.73 3.111143190564256e+39
1203.04 3.10820747103742e+39
1203.35 3.098703338163926e+39
1203.67 3.106704882789958e+39
1203.98 3.1051315218140223e+39
1204.29 3.094995343860418e+39
1204.6 3.10205861661639e+39
1204.92 3.099416923126709e+39
1205.23 3.0960645020081444e+39
1205.54 3.0751053580993756e+39
1205.85 3.090793569431335e+39
1206.16 3.090153122426529e+39
1206.48 2.3294318005234898e+39
1206.79 3.0867396456838565e+39
1207.1 3.084110997732891e+39
1207.42 3.077938939514301e+39
1207.73 3.0793567092066823e+39
1208.04 3.07553022895319e+39
1208.35 3.0689513223619184e+39
1208.67 3.063021181050331e+39
1208.98 3.069728738183652e+39
1209.29 3.0659848179674635e+39
1209.61 3.0570321069876746e+39
1209.92 3.0585810961321045e+39
1210.23 3.0523195617254625e+39
1210.55 3.040114914590667e+39
1210.86 3.051687086965468e+39
1211.18 3.0467021567175536e+39
1211.49 2.8409265139313795e+39
1211.8 3.044878726938422e+39
1212.12 3.0425659452558716e+39
1212.43 3.039904918145304e+39
1212.75 3.0205776178761205e+39
1213.06 2.951209226666378e+39
1213.38 3.031586748258746e+39
1213.69 3.006283962194919e+39
1214.0 3.0118961961955094e+39
1214.32 3.0148103669537263e+39
1214.63 2.9970914863070515e+39
1214.95 2.9561059800813067e+39
1215.26 1.8464178925990637e+39
1215.58 1.8090892793000506e+39
1215.89 1.9946651503855814e+39
1216.21 3.051827625585358e+39
1216.52 3.042145628271575e+39
1216.84 2.9928158828940353e+39
1217.15 2.933458847331232e+39
1217.47 3.0276104809231156e+39
1217.79 2.7950526947841997e+39
1218.1 3.020855836168195e+39
1218.42 2.992884795819775e+39
1218.73 2.8237094027396964e+39
1219.05 3.017171522601757e+39
1219.36 3.016129608418692e+39
1219.68 3.012797900291835e+39
1220.0 2.937243828697623e+39
1220.31 2.9712555092622136e+39
1220.63 3.006630093351292e+39
1220.94 2.844657602646869e+39
1221.26 2.75162977346238e+39
1221.58 3.0017878816180144e+39
1221.9 2.9918512685265185e+39
1222.21 2.977076537200838e+39
1222.53 2.9899229724057324e+39
1222.84 2.837330979870612e+39
1223.16 2.837265648662566e+39
1223.48 2.986895303478299e+39
1223.8 2.790744001949626e+39
1224.11 2.987514349873411e+39
1224.43 2.98620762459326e+39
1224.75 2.984901470868892e+39
1225.06 2.9842142510279254e+39
1225.38 2.9823595476631706e+39
1225.7 2.923883065858824e+39
1226.02 2.9618291289456903e+39
1226.34 2.979888402819441e+39
1226.65 2.978173534791703e+39
1226.97 2.976322585760848e+39
1227.29 2.964831389524351e+39
1227.61 2.9715291846109494e+39
1227.93 2.927857934067837e+39
1228.24 2.9570590696717835e+39
1228.56 2.735079787162693e+39
1228.88 2.932783471228511e+39
1229.2 2.91118630804705e+39
1229.52 2.852922669792296e+39
1229.84 2.7962757731748016e+39
1230.16 2.819681143470709e+39
1230.47 2.498273607620701e+39
1230.79 2.6911010147329504e+39
1231.11 2.6823781328422406e+39
1231.43 2.6137858347396513e+39
1231.75 2.539218069886704e+39
1232.07 2.4444997658481984e+39
1232.39 2.3755271590058838e+39
1232.71 2.3429876531506326e+39
1233.03 2.315687759407232e+39
1233.35 2.288284400663899e+39
1233.67 2.270910404006835e+39
1233.99 2.2534607599531907e+39
1234.31 2.237948045196383e+39
1234.63 2.1928049353504543e+39
1234.95 2.1953814990849997e+39
1235.27 2.1722009535219272e+39
1235.59 2.155956529829062e+39
1235.91 2.1275021125544235e+39
1236.23 2.0942088955139452e+39
1236.55 2.0768732850014963e+39
1236.87 2.0790263801476773e+39
1237.19 2.0945464693113625e+39
1237.51 2.1487703365683688e+39
1237.83 2.2075472097369097e+39
1238.15 2.2749926610759167e+39
1238.47 2.3452006182337497e+39
1238.79 2.0738626973480866e+39
1239.11 2.8492463460770444e+39
1239.44 2.765476676090881e+39
1239.76 2.6953799904817227e+39
1240.08 2.5883321095071586e+39
1240.4 2.5702182322509445e+39
1240.72 2.537932107179824e+39
1241.04 2.524294377700497e+39
1241.36 2.542084601869931e+39
1241.69 2.5977060151492975e+39
1242.01 2.6809579360421153e+39
1242.33 2.799819281090236e+39
1242.65 2.863650417417655e+39
1242.97 3.6863791409739833e+39
1243.3 3.612101953438868e+39
1243.62 3.5169808209674875e+39
1243.94 3.431942476991965e+39
1244.26 3.337951329780876e+39
1244.58 3.28768348448557e+39
1244.91 3.2238141710328706e+39
1245.23 3.1553678776155034e+39
1245.55 3.123848763560025e+39
1245.88 3.081981304984817e+39
1246.2 3.039904918145304e+39
1246.52 3.0183527937938466e+39
1246.84 2.942794935786698e+39
1247.17 2.973308688916602e+39
1247.49 2.3298072908293574e+39
1247.81 2.891745044388441e+39
1248.14 2.6097565724941597e+39
1248.46 2.904958951667984e+39
1248.79 2.904490765337901e+39
1249.11 2.896209675018648e+39
1249.43 2.866421152451245e+39
1249.76 2.883234725856893e+39
1250.08 2.8672793041027607e+39
1250.4 2.6686400532279185e+39
1250.73 2.717377655768419e+39
1251.05 2.8053690411986545e+39
1251.38 2.8599602697479645e+39
1251.7 2.855420019141401e+39
1252.03 2.852462870044002e+39
1252.35 2.8461645168622306e+39
1252.68 2.821629583090792e+39
1253.0 2.8089887509336135e+39
1253.32 2.8424314516591357e+39
1253.65 2.56200515941451e+39
1253.97 2.760641421606355e+39
1254.3 2.84446110744792e+39
1254.62 2.842235110231937e+39
1254.95 2.8188372375328793e+39
1255.27 2.7652856503277014e+39
1255.6 2.834588363929094e+39
1255.93 2.8352411271695325e+39
1256.25 2.833739996390434e+39
1256.58 2.762294635487507e+39
1256.9 2.829241371051632e+39
1257.23 2.823969487963978e+39
1257.55 2.8059504655257445e+39
1257.88 2.8027218545634635e+39
1258.2 2.824229597144097e+39
1258.53 2.8110592530408896e+39
1258.86 2.6815753204962674e+39
1259.18 2.815853136378405e+39
1259.51 2.8133256122491234e+39
1259.84 2.8098297084229803e+39
1260.16 2.7924152428020334e+39
1260.49 2.803690047589156e+39
1260.82 2.757147497982398e+39
1261.14 2.801237941255061e+39
1261.47 2.808148045135524e+39
1261.8 2.736843726833436e+39
1262.12 2.8049814919141657e+39
1262.45 2.802915466417337e+39
1262.78 2.801302442884936e+39
1263.11 2.7992391272131524e+39
1263.43 2.794666570657189e+39
1263.76 2.795760727580833e+39
1264.09 2.7936371670782956e+39
1264.42 2.7657950816879087e+39
1264.74 2.786698603755729e+39
1265.07 2.787661261590816e+39
1265.4 2.781890298777203e+39
1265.73 2.7262143533441654e+39
1266.06 2.6203542000779463e+39
1266.38 2.6583367794218715e+39
1266.71 2.77370327945189e+39
1267.04 2.77734608152903e+39
1267.37 2.7586715750763925e+39
1267.7 2.775236508137277e+39
1268.03 2.775108706715777e+39
1268.35 2.77370327945189e+39
1268.68 2.770830758388684e+39
1269.01 2.760196494639275e+39
1269.34 2.7554339176857173e+39
1269.67 2.767260219679076e+39
1270.0 2.752136689085407e+39
1270.33 2.7185667445809762e+39
1270.66 2.641800390264065e+39
1270.99 2.749349808348179e+39
1271.32 2.75562426289181e+39
1271.65 2.7496030444853106e+39
1271.97 2.677688170707267e+39
1272.31 2.758036440597258e+39
1272.63 2.740690535266194e+39
1272.96 2.7528972376239485e+39
1273.29 2.727156117051168e+39
1273.62 2.6961248543980768e+39
1273.95 2.743405468551403e+39
1274.28 2.7262143533441654e+39
1274.61 2.7447955440039443e+39
1274.94 2.7432159673605245e+39
1275.28 2.7410692018131965e+39
1275.61 2.739617930770701e+39
1275.94 2.7372848894757034e+39
1276.27 2.7338834756198653e+39
1276.6 2.7247082078185755e+39
1276.93 2.4100719048058806e+39
1277.26 2.713875997617999e+39
1277.59 2.729857643115811e+39
1277.92 2.726779372535087e+39
1278.25 2.5522898889805324e+39
1278.58 2.727846950528481e+39
1278.92 2.6708530878171312e+39
1279.25 2.7242690721345737e+39
1279.58 2.7223878635493474e+39
1279.91 2.7210717905243257e+39
1280.24 2.7190049610843375e+39
1280.57 2.7130637582361715e+39
1280.91 2.7158138575883398e+39
1281.24 2.679908708667691e+39
1281.57 2.7039583641088573e+39
1281.9 2.6924025920986895e+39
1282.23 2.6588265082573972e+39
1282.57 2.7080083553677582e+39
1282.9 2.6964352751119264e+39
1283.23 2.700909298343567e+39
1283.56 2.700225286888217e+39
1283.9 2.6602962361487143e+39
1284.23 2.589524354996968e+39
1284.56 2.6875094498664938e+39
1284.9 2.6902336460725234e+39
1285.23 2.670730093319099e+39
1285.56 2.6892427099185357e+39
1285.9 2.5604128610103156e+39
1286.23 2.6090956456750916e+39
1286.56 2.687818878638141e+39
1286.9 2.6813283496555302e+39
1287.23 2.6878807686674758e+39
1287.56 2.6521006379308603e+39
1287.9 2.6826869708151753e+39
1288.23 2.604233972383712e+39
1288.56 2.6805258515004955e+39
1288.9 2.6631768070405406e+39
1289.23 2.6701152057833104e+39
1289.57 2.674607142197372e+39
1289.9 2.6717142079165848e+39
1290.23 2.6725140680341623e+39
1290.57 2.6708530878171312e+39
1290.9 2.669131680171435e+39
1291.24 2.6343895805489753e+39
1291.57 2.6498421258087254e+39
1291.91 2.664833013445532e+39
1292.24 2.660602531702947e+39
1292.58 2.661644200398531e+39
1292.91 2.6599287280284524e+39
1293.25 2.6448436268543807e+39
1293.58 2.6563787659443226e+39
1293.92 2.6487440857182276e+39
1294.25 2.6519785069951748e+39
1294.59 2.276145393141638e+39
1294.92 2.64782939989094e+39
1295.26 2.595075514679131e+39
1295.59 2.632752294882426e+39
1295.93 2.6433824360314415e+39
1296.27 2.4601410063522562e+39
1296.6 2.5140852495887217e+39
1296.94 2.5805958825318727e+39
1297.28 2.639307549363859e+39
1297.61 2.5503512602753242e+39
1297.95 2.6361492807946428e+39
1298.28 2.6351782663872282e+39
1298.62 2.633661772362773e+39
1298.96 2.0972007289750376e+39
1299.29 2.6303285567513317e+39
1299.63 2.628693795030407e+39
1299.97 2.6276650218998605e+39
1300.3 2.6205955547333378e+39
1300.64 2.5591161644041742e+39
1300.98 2.4809613579510012e+39
1301.32 2.6174596774555508e+39
1301.65 2.6097565724941597e+39
1301.99 2.6186050434716774e+39
1302.33 2.616194329441924e+39
1302.67 2.6145683522105646e+39
1303.0 2.6111390514519308e+39
1303.34 2.1800677982360885e+39
1303.68 2.6095162160999103e+39
1304.02 2.6085550118689223e+39
1304.35 2.607113869335665e+39
1304.69 2.6051335982831668e+39
1305.03 2.6038142532873343e+39
1305.37 2.5952547823366187e+39
1305.71 2.5459507604705987e+39
1306.05 2.296994736381752e+39
1306.38 2.5974667686013278e+39
1306.72 2.5768551102091236e+39
1307.06 2.594059898495045e+39
1307.4 2.344714666429504e+39
1307.74 2.5895839816851974e+39
1308.08 2.5866043285039537e+39
1308.42 2.5801799731383934e+39
1308.76 2.5346033234847847e+39
1309.09 2.5831522257478946e+39
1309.43 2.5760838799821354e+39
1309.77 2.569034875512355e+39
1310.11 2.5321533296244522e+39
1310.45 2.5772704836548246e+39
1310.79 2.5759059365579297e+39
1311.13 2.4834761865105706e+39
1311.47 2.5727050559416556e+39
1311.81 2.316701073990998e+39
1312.15 2.571165310088395e+39
1312.49 2.5644249877704236e+39
1312.83 2.5680885824114452e+39
1313.17 2.5660197812812216e+39
1313.51 2.5611204269779606e+39
1313.85 2.5636574777704687e+39
1314.19 2.5618871774334062e+39
1314.53 2.4832474604341315e+39
1314.88 2.5542888053146105e+39
1315.22 2.5569957135956018e+39
1315.56 2.5288321254467883e+39
1315.9 2.537815233778218e+39
1316.24 2.5515847626436432e+39
1316.58 2.551761025962646e+39
1316.92 2.545774898496655e+39
1317.26 2.547827377602947e+39
1317.6 2.5429042052226118e+39
1317.94 2.5412067485621566e+39
1318.29 2.4529008854995518e+39
1318.63 2.5294727201966967e+39
1318.97 2.5410312142816277e+39
1319.31 2.478277876684355e+39
1319.65 2.5317452276187683e+39
1320.0 2.5361211741424937e+39
1320.34 2.398722451224745e+39
1320.68 2.45900833037898e+39
1321.02 2.5316286391269354e+39
1321.36 2.1614241519252205e+39
1321.71 2.5286574459454176e+39
1322.05 2.5271440622764583e+39
1322.39 2.5256315843569232e+39
1322.74 2.523945657633487e+39
1323.08 2.5133906781255747e+39
1323.42 2.5204030703495304e+39
1323.76 2.517676927758875e+39
1324.11 2.5135643029995188e+39
1324.45 2.4719518097071232e+39
1324.79 2.5100362868909365e+39
1325.14 2.5131013299866863e+39
1325.48 2.5116550888733668e+39
1325.82 2.4289020420346768e+39
1326.17 2.5084185282523844e+39
1326.51 2.441743273496748e+39
1326.85 2.4948819443077647e+39
1327.2 2.496031144495323e+39
1327.54 2.5002302191885443e+39
1327.89 2.4997697021785076e+39
1328.23 2.496318527243344e+39
1328.58 2.493503602479077e+39
1328.92 2.4897744161292414e+39
1329.27 2.480447275002708e+39
1329.61 2.4929869206374055e+39
1329.95 2.4886854000475054e+39
1330.3 2.4713826872935357e+39
1330.64 2.4863942913427033e+39
1330.99 2.391938449568294e+39
1331.33 2.3993853343081952e+39
1331.68 2.2504532732594258e+39
1332.02 2.4819898435070755e+39
1332.37 2.470586136038438e+39
1332.71 2.4797619967714143e+39
1333.06 2.4769657416549215e+39
1333.41 2.4750273362288213e+39
1333.75 2.475084326495453e+39
1334.1 2.470301715670905e+39
1334.44 2.3295390772923863e+39
1334.79 2.46944865101259e+39
1335.13 2.4639960086901723e+39
1335.48 2.4668344225383822e+39
1335.83 2.3818806703110563e+39
1336.17 2.382209762018894e+39
1336.52 2.4570839779302263e+39
1336.86 2.375034923203122e+39
1337.21 2.4526749753827237e+39
1337.56 2.447484781311483e+39
1337.91 2.451884453809504e+39
1338.25 2.4368567497465237e+39
1338.6 1.3194410755918218e+39
1338.94 2.454426323144826e+39
1339.29 2.451715089481442e+39
1339.64 2.3370607410024248e+39
1339.99 2.4478793010432624e+39
1340.33 2.4202487249609566e+39
1340.68 2.444724922965726e+39
1341.03 2.4296292088353257e+39
1341.38 2.4402257184272138e+39
1341.72 2.4377546863464843e+39
1342.07 2.4337165755123527e+39
1342.42 2.4063566762642424e+39
1342.77 2.414737908114968e+39
1343.11 2.2433653103555683e+39
1343.46 1.3059603752245152e+39
1343.81 2.4316440378759117e+39
1344.16 2.427560151974524e+39
1344.51 2.4281191827146535e+39
1344.86 2.424543609279771e+39
1345.21 2.4238737756683068e+39
1345.55 2.2857566924006423e+39
1345.9 2.42102904673618e+39
1346.25 2.4145711096907526e+39
1346.6 2.4184660766302137e+39
1346.95 2.4176865809257826e+39
1347.3 2.3676636139459395e+39
1347.65 2.4088513469391755e+39
1348.0 2.3981701885529143e+39
1348.35 2.413626136227414e+39
1348.7 2.4116817669744362e+39
1349.05 2.4083522059918706e+39
1349.4 2.4079640567616643e+39
1349.74 2.4069108241615266e+39
1350.09 2.375308374944452e+39
1350.44 2.3970108507756552e+39
1350.8 2.4027578234448445e+39
1351.15 2.363578332269995e+39
1351.49 2.1034878121103357e+39
1351.84 2.3957969075548503e+39
1352.2 2.3973420329395728e+39
1352.55 2.395135015853383e+39
1352.9 2.3801810872589162e+39
1353.25 2.392930030569188e+39
1353.6 2.391112445949688e+39
1353.95 2.3900665841680297e+39
1354.3 2.3877013226718315e+39
1354.65 2.3872065642461636e+39
1355.0 2.3834168206731643e+39
1355.35 2.3677726513954503e+39
1355.7 2.373449523784251e+39
1356.06 2.3144084165877238e+39
1356.41 2.3765666585258748e+39
1356.76 2.3782636606727844e+39
1357.11 2.2227468323381103e+39
1357.46 2.3749802366326533e+39
1357.81 2.3181418101625696e+39
1358.17 2.370500220214363e+39
1358.52 2.264279319472781e+39
1358.87 2.364449267129721e+39
1359.22 2.3244488827547123e+39
1359.57 2.3663010694197624e+39
1359.93 2.360641294872225e+39
1360.28 2.3633062309219987e+39
1360.63 2.3599347755516512e+39
1360.98 2.3599891156835878e+39
1361.34 2.2945630725192945e+39
1361.69 2.1148034002184026e+39
1362.04 2.3572736412575872e+39
1362.4 2.3552119705561865e+39
1362.75 2.348983682993269e+39
1363.1 1.9524053992533613e+39
1363.46 2.3210259710067312e+39
1363.81 2.28102476278837e+39
1364.16 2.3415853915447222e+39
1364.52 2.3372760021643534e+39
1364.87 2.2346010577312395e+39
1365.22 2.321881226109082e+39
1365.58 1.8988908421013678e+39
1365.93 2.2891803008211986e+39
1366.29 2.2978411364190213e+39
1366.64 2.2851252017340075e+39
1366.99 2.2622989815726578e+39
1367.35 2.2487956887601072e+39
1367.7 2.224077927310694e+39
1368.06 2.1885677736070487e+39
1368.41 2.140227795428851e+39
1368.77 2.0934375025490266e+39
1369.12 2.058164106399772e+39
1369.48 2.0356354247857894e+39
1369.83 2.0317487442344357e+39
1370.19 2.0446548169618216e+39
1370.54 2.0777820975042603e+39
1370.9 2.0392477884963814e+39
1371.25 1.8535743030490176e+39
1371.61 2.5159383786927152e+39
1371.96 2.2351671189147077e+39
1372.32 2.433548466133478e+39
1372.67 2.3115857044856038e+39
1373.03 2.3694088158447962e+39
1373.39 2.3539107918844076e+39
1373.74 2.014790989738266e+39
1374.1 1.9514166222113235e+39
1374.45 2.316381032017724e+39
1374.81 2.1396857778461296e+39
1375.17 2.312650474195935e+39
1375.52 2.3056320471962354e+39
1375.88 2.3010179152028386e+39
1376.23 2.2411968324774217e+39
1376.59 2.2901292833062308e+39
1376.95 2.2970476272490818e+39
1377.31 2.2962543921001757e+39
1377.66 2.2328009075239653e+39
1378.02 2.261465673337389e+39
1378.38 2.29160626028987e+39
1378.73 2.2699693854302032e+39
1379.09 2.1460508093662352e+39
1379.45 2.2830740617042966e+39
1379.81 2.286756909542155e+39
1380.16 2.027729409178839e+39
1380.52 2.2812348626082894e+39
1380.88 2.2820229092995257e+39
1381.24 2.2740499508958954e+39
1381.6 2.2156951139908826e+39
1381.95 2.2786624727318438e+39
1382.31 2.2754641627064243e+39
1382.67 2.2752545943631314e+39
1383.03 2.2745212571458222e+39
1383.39 2.2724796352708284e+39
1383.75 2.266678890119417e+39
1384.1 2.1425452357971897e+39
1384.46 2.265583118652165e+39
1384.82 2.2631325968665478e+39
1385.18 2.2619343714437866e+39
1385.54 2.2601642436679538e+39
1385.9 2.2542911185260682e+39
1386.26 2.228332528402145e+39
1386.62 2.2557449823409876e+39
1386.98 2.24719106805514e+39
1387.34 2.1972526655519366e+39
1387.7 2.2515417270287536e+39
1388.06 2.164860916832357e+39
1388.42 2.2337779519087486e+39
1388.78 2.2481744093853488e+39
1389.14 2.24719106805514e+39
1389.49 2.2466736927569998e+39
1389.85 2.2454324779840103e+39
1390.21 2.2443469775843985e+39
1390.58 2.2442436239663438e+39
1390.94 2.1493641457878088e+39
1391.3 2.2429004599663634e+39
1391.66 2.2414032638404972e+39
1392.02 2.2396492031461395e+39
1392.38 2.223821885615859e+39
1392.74 2.2344981529190096e+39
1393.1 2.0662839390707625e+39
1393.46 2.229769650699273e+39
1393.82 1.2972688800484829e+39
1394.18 2.1822776257866995e+39
1394.55 2.1977586599277612e+39
1394.91 2.2267937823487365e+39
1395.27 2.2245388766522213e+39
1395.63 2.226845056760753e+39
1395.99 2.1894750470462416e+39
1396.35 2.224077927310694e+39
1396.72 2.2227468323381103e+39
1397.08 2.0752479809541824e+39
1397.44 2.2054641363927432e+39
1397.8 2.17500369955009e+39
1398.16 1.945628861616363e+39
1398.53 2.2164605201452733e+39
1398.89 2.1808711128612598e+39
1399.25 2.213859217457008e+39
1399.61 2.2122285865231717e+39
1399.98 2.1507008165847288e+39
1400.34 2.174753307409299e+39
1400.7 2.144914573406416e+39
1401.07 2.1671052287823688e+39
1401.43 2.204702527598966e+39
1401.79 2.2040426793893924e+39
1402.16 2.2022164379132745e+39
1402.52 2.1962410262616883e+39
1402.88 1.48747611220495e+39
1403.25 2.0643816973815125e+39
1403.61 2.198062312482543e+39
1403.97 2.191744876472295e+39
1404.34 2.1724510517952015e+39
1404.7 2.1903826965967455e+39
1405.06 2.1923505616365776e+39
1405.43 2.18031880226547e+39
1405.79 2.1885173805519372e+39
1406.16 2.1800677982360885e+39
1406.52 2.1736519243957018e+39
1406.89 1.890035667638855e+39
1407.25 1.653217523513529e+39
1407.62 2.1808208970262352e+39
1407.98 2.1799674047154776e+39
1408.35 2.1796160637995146e+39
1408.71 2.081037949434242e+39
1409.08 1.8345941317004725e+39
1409.44 1.5235264555182484e+39
1409.81 1.935886984698358e+39
1410.17 2.1648110696414755e+39
1410.54 2.173001369360456e+39
1410.9 2.1716508386638138e+39
1411.27 2.164512010598343e+39
1411.64 2.0518235019764125e+39
1412.0 2.1659578454683726e+39
1412.37 2.1663069847622157e+39
1412.73 2.165309593203746e+39
1413.1 2.1639638429826053e+39
1413.46 2.1627683227346657e+39
1413.83 2.1614241519252205e+39
1414.2 2.1513446952611367e+39
1414.56 2.1098423233031214e+39
1414.93 2.152633030966568e+39
1415.3 2.114754705631167e+39
1415.67 2.152236537827813e+39
1416.03 2.1527321656637632e+39
1416.4 2.1521869813206892e+39
1416.77 2.1507998622981146e+39
1417.13 2.1431373247200292e+39
1417.5 2.146841589360747e+39
1417.87 2.146792157075437e+39
1418.23 2.1102310064196565e+39
1418.6 2.1429399435676687e+39
1418.97 2.1420519533184954e+39
1419.34 2.1406220762717182e+39
1419.71 2.1332905031545986e+39
1420.07 1.95069782617468e+39
1420.44 1.890819184229471e+39
1420.81 2.1245159698426217e+39
1421.18 2.0221808811282284e+39
1421.55 2.130394341936182e+39
1421.92 2.128041043814434e+39
1422.28 2.1280900443344344e+39
1422.65 2.1140730991265754e+39
1423.02 2.127208207578158e+39
1423.39 2.1269143432035602e+39
1423.76 2.126375697283056e+39
1424.13 2.1254945709169465e+39
1424.5 2.0687594739986918e+39
1424.87 2.1202642952881957e+39
1425.23 2.1224135029679275e+39
1425.6 2.120899061852451e+39
1425.97 2.112418683525421e+39
1426.34 2.0434311054568842e+39
1426.71 2.1081912185910414e+39
1427.08 2.116021129371361e+39
1427.45 1.9967330203343966e+39
1427.82 1.9583485916136267e+39
1428.19 2.0098331261168554e+39
1428.56 2.0546601599445845e+39
1428.93 1.9577624749852873e+39
1429.3 2.079265750684206e+39
1429.68 2.101212617407957e+39
1430.05 2.0989882140568122e+39
1430.42 2.037745768630141e+39
1430.79 1.9780624558376112e+39
1431.16 2.0991332120339805e+39
1431.53 2.0942088955139452e+39
1431.9 2.0504066419361288e+39
1432.27 2.097973508619262e+39
1432.64 2.0966696080952752e+39
1433.01 2.0708564737731617e+39
1433.38 2.0935821170833504e+39
1433.76 2.0907880057008367e+39
1434.13 2.0907398640821634e+39
1434.5 2.0633837216332187e+39
1434.87 2.0873246409311727e+39
1435.24 2.0250231853452422e+39
1435.61 2.0854030289610562e+39
1435.99 2.0843948909549447e+39
1436.36 2.0833392690971554e+39
1436.73 2.0801277128365184e+39
1437.1 2.074674647958873e+39
1437.48 2.059776030604912e+39
1437.85 2.0763473120933977e+39
1438.22 2.076968930753122e+39
1438.59 2.0711425929318815e+39
1438.97 2.0554172641766528e+39
1439.34 2.073814945444519e+39
1439.71 2.0577376317719033e+39
1440.09 2.071476448580946e+39
1440.46 1.701492346767174e+39
1440.83 1.892169335382866e+39
1441.21 2.0463975161380152e+39
1441.58 2.0666645976973065e+39
1441.95 2.0655703931134875e+39
1442.33 2.0461148154018507e+39
1442.7 2.047953068515778e+39
1443.07 2.0442782123133222e+39
1443.45 2.0324038082245776e+39
1443.82 2.0599183198068512e+39
1444.2 2.0552279619683876e+39
1444.57 2.0574059903800206e+39
1444.95 2.0139561017805423e+39
1445.32 2.0545655415261654e+39
1445.69 2.0107126027256325e+39
1446.07 2.0515872906636265e+39
1446.44 2.0262358732421436e+39
1446.82 2.0292240459990456e+39
1447.19 2.0435252111037665e+39
1447.57 2.031889097313117e+39
1447.94 2.0357760463561252e+39
1448.32 2.0452198540252163e+39
1448.69 2.0419730219691518e+39
1449.07 1.9983428456207628e+39
1449.45 2.0337613984257517e+39
1449.82 1.982439762872625e+39
1450.2 2.019389063959937e+39
1450.57 2.0338082280516643e+39
1450.95 2.028803568075449e+39
1451.33 2.0243238878866652e+39
1451.7 2.0313277431651206e+39
1452.08 2.0290838770091954e+39
1452.45 2.0046104961699446e+39
1452.83 2.0086765061018887e+39
1453.21 2.0289904363950123e+39
1453.58 1.6764862660739082e+39
1453.96 1.990489999640195e+39
1454.34 2.0080753267683636e+39
1454.71 1.6724378970467453e+39
1455.09 2.0228794382906888e+39
1455.47 1.8702945140986792e+39
1455.85 2.0178552077850586e+39
1456.22 1.6971100293417472e+39
1456.6 2.0144198857033965e+39
1456.98 2.0170190500783835e+39
1457.36 1.9827593201624148e+39
1457.73 1.7217892818335476e+39
1458.11 2.0128898039397443e+39
1458.49 1.97829020180367e+39
1458.87 2.0108515026289482e+39
1459.24 1.7023152902072033e+39
1459.62 2.0067810900181982e+39
1460.0 2.0077979200726095e+39
1460.38 1.9953542023099248e+39
1460.76 1.6752900148592503e+39
1461.14 1.9992633284429318e+39
1461.52 1.9984808910220487e+39
1461.9 2.0019351270219423e+39
1462.27 1.9797939829620162e+39
1462.65 1.5476758289879272e+39
1463.03 1.9984348748287668e+39
1463.41 1.9971008660282006e+39
1463.79 1.97628693689393e+39
1464.17 1.9210558893902302e+39
1464.55 1.9885659556555195e+39
1464.93 1.9044518634765253e+39
1465.31 1.8459502830459863e+39
1465.69 1.989481935016557e+39
1466.07 1.9891154926524554e+39
1466.45 1.9780169097907612e+39
1466.83 1.9669802532183793e+39
1467.21 1.9820289791759083e+39
1467.59 1.982713665967512e+39
1467.97 1.9791103044190686e+39
1468.35 1.9783813075320032e+39
1468.73 1.9775159724857154e+39
1469.11 1.9629082484691846e+39
1469.49 1.9742402414542185e+39
1469.87 1.954069472451756e+39
1470.25 1.951821061370585e+39
1470.64 1.97065227941232e+39
1471.02 1.965984094880974e+39
1471.4 1.950787661197898e+39
1471.78 1.962365951801056e+39
1472.16 1.7787298774473674e+39
1472.54 1.6088664672216865e+39
1472.92 1.966482110971845e+39
1473.31 1.9654409484425114e+39
1473.69 1.9658482942013403e+39
1474.07 1.9647622264060226e+39
1474.45 1.9636315438203983e+39
1474.83 1.9624563241736898e+39
1475.21 1.959476232212031e+39
1475.6 1.7009047736062872e+39
1475.98 1.9616431226252633e+39
1476.36 1.9526301911715418e+39
1476.74 1.959476232212031e+39
1477.13 1.96060452211938e+39
1477.51 1.9079632265454525e+39
1477.89 1.937804678047363e+39
1478.28 1.8559659316906275e+39
1478.66 1.954834522087767e+39
1479.04 1.9530798526557934e+39
1479.43 1.6233792854229423e+39
1479.81 1.9470629822252885e+39
1480.19 1.9448674147340252e+39
1480.58 1.9447778523419545e+39
1480.96 1.943748181226971e+39
1481.34 1.9391883794836936e+39
1481.73 1.9361098747543368e+39
1482.11 1.9406177528212662e+39
1482.5 1.939545624086554e+39
1482.88 1.9382509254380162e+39
1483.27 1.8349321075562084e+39
1483.65 1.93539671689317e+39
1484.03 1.9238003526110446e+39
1484.42 1.9196851263320646e+39
1484.8 1.9317459037479602e+39
1485.19 1.9136830049427474e+39
1485.57 1.9290345226792613e+39
1485.96 1.898628518757675e+39
1486.34 1.9254400451703187e+39
1486.73 1.9091497722182826e+39
1487.11 1.925927790786909e+39
1487.5 1.9248194566664e+39
1487.89 1.9049342924416274e+39
1488.27 1.9226047015327496e+39
1488.66 1.9214982797857072e+39
1489.04 1.915931598126086e+39
1489.43 1.9163728084740425e+39
1489.81 1.858317856358721e+39
1490.2 1.7456613641626355e+39
1490.59 1.9073482709942455e+39
1490.97 1.9148290166207345e+39
1491.36 1.9136830049427474e+39
1491.75 1.911789182922295e+39
1492.13 1.9086223275141406e+39
1492.52 1.9099851911122692e+39
1492.91 1.908754175027504e+39
1493.29 1.9081829015748994e+39
1493.68 1.79829112111609e+39
1494.07 1.9039695566876613e+39
1494.45 1.881525029434426e+39
1494.84 1.8887305280839135e+39
1495.23 1.869950024846885e+39
1495.62 1.8541719211267576e+39
1496.01 1.8997655150360428e+39
1496.39 1.898322520658157e+39
1496.78 1.8970553395351853e+39
1497.17 1.8957453526370893e+39
1497.56 1.8640175629457962e+39
1497.94 1.7541228261264404e+39
1498.33 1.8922129046935077e+39
1498.72 1.8332428506801335e+39
1499.11 1.8556668094335882e+39
1499.5 1.883215413189167e+39
1499.89 1.8817416604787227e+39
1500.28 1.863030650718255e+39
1500.66 1.8846035289230163e+39
1501.05 1.8849507176986724e+39
1501.44 1.8755558455499948e+39
1501.83 1.3110824378881084e+39
1502.22 1.8636313176536808e+39
1502.61 1.880095889881235e+39
1503.0 1.876808665598535e+39
1503.39 1.8759877579669292e+39
1503.78 1.8706821403657938e+39
1504.17 1.870552922684582e+39
1504.56 1.819742759253093e+39
1504.95 1.8711560149048778e+39
1505.34 1.8653056254916878e+39
1505.73 1.8425954737336892e+39
1506.12 1.8663367163488838e+39
1506.51 1.8670674171994142e+39
1506.9 1.8596019803265755e+39
1507.29 1.864532681195168e+39
1507.68 1.862387293837806e+39
1508.07 1.8612726681615247e+39
1508.46 1.8606299183619256e+39
1508.85 1.8461628181604707e+39
1509.24 1.8565643208626308e+39
1509.64 1.8561796199656555e+39
1510.03 1.8551968575711752e+39
1510.42 1.8540865353203483e+39
1510.81 1.8527635580226568e+39
1511.2 1.820455217819776e+39
1511.59 1.8420015868602456e+39
1511.98 1.846673002279897e+39
1512.38 1.8419167615055363e+39
1512.77 1.7951882623645735e+39
1513.16 1.84145029187423e+39
1513.55 1.8240636970581816e+39
1513.94 1.8372996825579885e+39
1514.34 1.841195903687634e+39
1514.73 1.8399668561114418e+39
1515.12 1.837976693477993e+39
1515.52 1.8281002161427446e+39
1515.91 1.8330318029462832e+39
1516.3 1.8265013603336945e+39
1516.69 1.760718794247798e+39
1517.09 1.8317238491830434e+39
1517.48 1.8312177950966546e+39
1517.87 1.8174815045845776e+39
1518.27 1.8286475143715053e+39
1518.66 1.8243577250848342e+39
1519.05 1.640476449186996e+39
1519.45 1.8247778473415315e+39
1519.84 1.823643739221704e+39
1520.23 1.8222585642397725e+39
1520.63 1.7173546881740297e+39
1521.02 1.8184861595520475e+39
1521.42 1.8155992722843232e+39
1521.81 1.8171467429526828e+39
1522.21 1.8158501239212847e+39
1522.6 1.8146379953318913e+39
1522.99 1.813343166409067e+39
1523.39 1.8102143361283226e+39
1523.79 1.8102560183336433e+39
1524.18 1.8011504876186335e+39
1524.57 1.804346742989132e+39
1524.97 1.787269318377669e+39
1525.36 1.7424888188051305e+39
1525.76 1.7973803937763258e+39
1526.16 1.7894105766721367e+39
1526.55 1.7993265987039948e+39
1526.95 1.7915544003254096e+39
1527.34 1.7883808055627456e+39
1527.74 1.745339831071086e+39
1528.14 1.786117394640819e+39
1528.53 1.7682350707031396e+39
1528.93 1.7801639421446348e+39
1529.32 1.793494296862711e+39
1529.72 1.7920907574361238e+39
1530.12 1.6478588167543583e+39
1530.51 1.7501690519865247e+39
1530.91 1.7889574043521922e+39
1531.31 1.75565832428223e+39
1531.7 1.7745571889919997e+39
1532.1 1.7662818246825402e+39
1532.5 1.735561469629432e+39
1532.9 1.6376081837713924e+39
1533.29 1.654436108089564e+39
1533.69 1.7710466466879297e+39
1534.09 1.7749249733028476e+39
1534.48 1.7756198849852924e+39
1534.88 1.7564670210144168e+39
1535.28 1.77374016334754e+39
1535.68 1.7447772906599392e+39
1536.08 1.770108958317411e+39
1536.47 1.7611648132635764e+39
1536.87 1.7575593525196874e+39
1537.27 1.6890402539834574e+39
1537.67 1.7499675679266293e+39
1538.07 1.7294579219137282e+39
1538.47 1.7350420312408044e+39
1538.86 1.686786047396255e+39
1539.26 1.7122611383504555e+39
1539.66 1.697891757378409e+39
1540.06 1.6627999393750873e+39
1540.46 1.6521519983081343e+39
1540.86 1.660580753320937e+39
1541.26 1.6601984344898646e+39
1541.66 1.6600073080838563e+39
1542.06 1.6294836230759223e+39
1542.46 1.6414588507463577e+39
1542.86 1.6387775280410712e+39
1543.26 1.6465692476585378e+39
1543.66 1.638475681866452e+39
1544.06 1.643501103435072e+39
1544.46 1.534616982799294e+39
1544.86 1.5263003366079193e+39
1545.26 1.664983753021593e+39
1545.66 1.6643704633174983e+39
1546.06 1.6782629228666292e+39
1546.46 1.6365904024885822e+39
1546.86 1.676447663995472e+39
1547.26 1.6605425174762498e+39
1547.66 1.620876777077411e+39
1548.06 1.1377582675446837e+39
1548.47 1.8280160309550746e+39
1548.87 1.796221953289208e+39
1549.27 1.7791394922942508e+39
1549.67 1.7591383640826564e+39
1550.07 1.7284626523953115e+39
1550.47 1.6502129845537722e+39
1550.88 1.2000518202042657e+39
1551.28 1.8153484553014023e+39
1551.68 1.7964287628885715e+39
1552.08 1.7621383378764627e+39
1552.48 1.773413458426365e+39
1552.89 1.765468609106812e+39
1553.29 1.6651754523949797e+39
1553.69 1.7535574548685372e+39
1554.09 1.7398828207582985e+39
1554.5 1.7432914493592653e+39
1554.9 1.6916869535470432e+39
1555.3 1.7186205481742248e+39
1555.71 1.729338459318959e+39
1556.11 1.7084803966265194e+39
1556.51 1.7020409315117356e+39
1556.92 1.7147862797487932e+39
1557.32 1.5947404129643774e+39
1557.72 1.7119457572412346e+39
1558.13 1.6667098421686727e+39
1558.53 1.706750347706285e+39
1558.93 1.6968365095676217e+39
1559.34 1.683914358023646e+39
1559.74 1.7007089609795625e+39
1560.15 1.662149181229575e+39
1560.55 1.6653671738398432e+39
1560.96 1.696094320944016e+39
1561.36 1.623192397734118e+39
1561.77 1.6932847614376634e+39
1562.17 1.689857174846813e+39
1562.57 1.6868248875274795e+39
1562.98 1.6893125170484024e+39
1563.39 1.68791277437844e+39
1563.79 1.6560749956619866e+39
1564.19 1.6572956864772084e+39
1564.6 1.6312855905524188e+39
1565.01 1.6827128065186418e+39
1565.41 1.68116368425569e+39
1565.82 1.66782315879442e+39
1566.22 1.609385188097294e+39
1566.63 1.6196829108225666e+39
1567.04 1.6485798981541104e+39
1567.44 1.676331863093121e+39
1567.85 1.674672928887345e+39
1568.25 1.4699751735533854e+39
1568.66 1.6196829108225666e+39
1569.07 1.6715139290350688e+39
1569.47 1.667976778058462e+39
1569.88 1.6699366644155138e+39
1570.29 1.6510871598508484e+39
1570.69 1.662991387313136e+39
1571.1 1.664983753021593e+39
1571.51 1.6649454157952854e+39
1571.92 1.6114988502722006e+39
1572.32 1.6361005852758888e+39
1572.73 1.6450912787083025e+39
1573.14 1.6601602074482924e+39
1573.55 1.6592812283866257e+39
1573.95 1.6581736137281937e+39
1574.36 1.656952276270529e+39
1574.77 1.5541395049750276e+39
1575.18 1.558045010896621e+39
1575.59 1.5797195760383137e+39
1575.99 1.6259979735293108e+39
1576.4 1.5956586836140852e+39
1576.81 1.6301591274987897e+39
1577.22 1.5733668660254707e+39
1577.63 1.6431227168860105e+39
1578.04 1.5668593011760383e+39
1578.45 1.6450533995178697e+39
1578.86 1.642139319514458e+39
1579.27 1.633954655155705e+39
1579.68 1.4695690605119473e+39
1580.08 1.6400609947753682e+39
1580.49 1.639117171456072e+39
1580.9 1.5975335956186295e+39
1581.31 1.621436704773596e+39
1581.72 1.6336913140048497e+39
1582.13 1.6341427819665327e+39
1582.54 1.6273838433130293e+39
1582.95 1.6292585171440693e+39
1583.36 1.6302342008295247e+39
1583.77 1.6094222459873787e+39
1584.18 1.622706590427223e+39
1584.59 1.5996316926802745e+39
1585.01 1.530276820748469e+39
1585.42 1.6247255121295775e+39
1585.83 1.530030189143466e+39
1586.24 1.607126269611801e+39
1586.65 1.621847441346394e+39
1587.06 1.6205782280392908e+39
1587.47 1.5946669741453427e+39
1587.88 1.618005524019328e+39
1588.3 1.6167020909213715e+39
1588.71 1.6146187816539024e+39
1589.12 1.613392374602129e+39
1589.53 1.6120926577656466e+39
1589.94 1.5913657251971244e+39
1590.35 1.6108681694678143e+39
1590.77 1.6089405599666e+39
1591.18 1.6070522604161222e+39
1591.59 1.595438250447524e+39
1592.0 1.490767787668055e+39
1592.42 1.6039100180216734e+39
1592.83 1.603651519103921e+39
1593.24 1.6001105918042625e+39
1593.66 1.5815029268827908e+39
1594.07 1.5938593703073884e+39
1594.48 1.5980118666125252e+39
1594.89 1.568736494747462e+39
1595.31 1.5884735950009632e+39
1595.72 1.5908528121738833e+39
1596.14 1.594520106652832e+39
1596.55 1.5931989077575e+39
1596.96 1.5914756566438515e+39
1597.38 1.579355874037985e+39
1597.79 1.589681060245706e+39
1598.2 1.5882907257469364e+39
1598.62 1.5640837357390412e+39
1599.03 1.5862805528773394e+39
1599.45 1.5850756705371324e+39
1599.86 1.5673283888730247e+39
1600.28 1.5795740851886475e+39
1600.69 1.5792831436868112e+39
1601.11 1.5782289298924063e+39
1601.52 1.5665346304001202e+39
1601.94 1.5477471037349256e+39
1602.35 1.5768486114228347e+39
1602.77 1.5755783335158166e+39
1603.18 1.3411272904143693e+39
1603.6 1.5705074467538468e+39
1604.01 1.57217179246294e+39
1604.43 1.5680864426006255e+39
1604.84 1.4780189422480394e+39
1605.26 1.5686642534255424e+39
1605.68 1.565741273918577e+39
1606.09 1.563975696393799e+39
1606.51 1.5635796159727314e+39
1606.93 1.549066278776238e+39
1607.34 1.5625358847036437e+39
1607.76 1.5391112052447415e+39
1608.18 1.5537816923256414e+39
1608.59 1.5581885187539473e+39
1609.01 1.3927719126719176e+39
1609.43 1.5535670442796016e+39
1609.84 1.3981378726283282e+39
1610.26 1.4738388492375708e+39
1610.68 1.5537459155919267e+39
1611.09 1.5339810690766387e+39
1611.51 1.5515293661905848e+39
1611.93 1.5266518207127315e+39
1612.35 1.5492089596236905e+39
1612.77 1.4992705145119974e+39
1613.18 1.5467495559064336e+39
1613.6 1.536031068385024e+39
1614.02 1.3926115731097736e+39
1614.44 1.543440883875665e+39
1614.86 1.533875109078123e+39
1615.28 1.4570686026964698e+39
1615.69 1.5199174461019005e+39
1616.11 1.512620562914291e+39
1616.53 1.5371632749710687e+39
1616.95 1.5274253706836993e+39
1617.37 1.5354299228678754e+39
1617.79 1.522229030028795e+39
1618.21 1.5332395027726833e+39
1618.63 1.5181336266733587e+39
1619.05 1.5306644650240275e+39
1619.47 1.5256678691324377e+39
1619.89 1.5274957128411562e+39
1620.31 1.4693322130532768e+39
1620.73 1.4825180851459514e+39
1621.15 1.3856705918102156e+39
1621.57 1.3680122930471575e+39
1621.99 1.523315987098894e+39
1622.41 1.5144676466544748e+39
1622.83 1.521142848553308e+39
1623.25 1.5133870032883518e+39
1623.67 1.4877501406689154e+39
1624.09 1.4641986429352694e+39
1624.51 1.5164217329808618e+39
1624.93 1.4225253026810865e+39
1625.35 1.4813579071700466e+39
1625.78 1.511332424813997e+39
1626.2 1.4898069639225297e+39
1626.62 1.5107061597333902e+39
1627.04 1.5080300650774962e+39
1627.46 1.4550234743918194e+39
1627.88 1.506398935105961e+39
1628.31 1.4995467157852745e+39
1628.73 1.5053587109084013e+39
1629.15 1.394761657639996e+39
1629.57 1.503730470352635e+39
1629.99 1.5018964819491567e+39
1630.42 1.485080515121244e+39
1630.84 1.5006865839882316e+39
1631.26 1.4992705145119974e+39
1631.68 1.379558114344263e+39
1632.11 1.3990073623646636e+39
1632.53 1.485661948035227e+39
1632.95 1.4958911747641046e+39
1633.38 1.4952368787221452e+39
1633.8 1.4915574992906485e+39
1634.22 1.4909050987787876e+39
1634.65 1.4623791956534295e+39
1635.07 1.491179758943578e+39
1635.49 1.48853825373876e+39
1635.92 1.4866200985285886e+39
1636.34 1.4876131201272063e+39
1636.77 1.487887173831264e+39
1637.19 1.4839183318579487e+39
1637.61 1.4376064082203227e+39
1638.04 1.4676753493204156e+39
1638.46 1.384586204025281e+39
1638.89 1.4771683709897147e+39
1639.31 1.438566690013265e+39
1639.74 1.4542196208383267e+39
1640.16 1.2366591067949075e+39
1640.59 1.2220528831935869e+39
1641.01 1.4929319073570747e+39
1641.44 1.4853883041951582e+39
1641.86 1.3560009693792454e+39
1642.29 1.477814760489733e+39
1642.71 1.4554925941516274e+39
1643.14 1.4745516858336008e+39
1643.57 1.472278601574826e+39
1643.99 1.4476714179262867e+39
1644.42 1.4688586326464782e+39
1644.84 1.4649405480654155e+39
1645.27 1.4538178606155946e+39
1645.7 1.4555931394908162e+39
1646.12 1.4639626610158848e+39
1646.55 1.4626149223277827e+39
1646.98 1.446138871849458e+39
1647.41 1.4599567823947653e+39
1647.83 1.4586127315586188e+39
1648.26 1.4569679554394136e+39
1648.69 1.4501736178473542e+39
1649.11 1.4502070097133486e+39
1649.54 1.4482715518778156e+39
1649.97 1.439560759978059e+39
1650.4 1.4506411739461098e+39
1650.82 1.4490387517640854e+39
1651.25 1.449238957695258e+39
1651.68 1.434134884847859e+39
1652.11 1.4463719806819188e+39
1652.54 1.4276113760100296e+39
1652.96 1.3517923986333243e+39
1653.39 1.3534430926810166e+39
1653.82 1.4426135265483042e+39
1654.25 1.4366798478363387e+39
1654.68 1.419286265171838e+39
1655.11 1.439560759978059e+39
1655.54 1.4371430533563867e+39
1655.96 1.435786944470925e+39
1656.39 1.4365144534773525e+39
1656.82 1.4327486238774932e+39
1657.25 1.4336066273453078e+39
1657.68 1.4099054847114366e+39
1658.11 1.4264284755467003e+39
1658.54 1.4285320878490156e+39
1658.97 1.4061446538066838e+39
1659.4 1.4272169669014272e+39
1659.83 1.422034064686296e+39
1660.26 1.4264284755467003e+39
1660.69 1.4244591524537288e+39
1661.12 1.4236066236852e+39
1661.55 1.373440975260074e+39
1661.98 1.4196457937150488e+39
1662.42 1.3928681252702516e+39
1662.85 1.421182987315713e+39
1663.28 1.4203651240480124e+39
1663.71 1.419286265171838e+39
1664.14 1.418338853578841e+39
1664.57 1.4152722783227416e+39
1665.0 1.4101652228216096e+39
1665.43 1.414327546173468e+39
1665.86 1.414197287791185e+39
1666.3 1.4131556525210483e+39
1666.73 1.4119522181090595e+39
1667.16 1.4103600578052597e+39
1667.59 1.4100028808958994e+39
1668.03 1.369777411055507e+39
1668.46 1.390849055733824e+39
1668.89 1.4067923564779767e+39
1669.32 1.405756175353238e+39
1669.76 1.3845543231167813e+39
1670.19 1.4023938546730304e+39
1670.62 1.3981378726283282e+39
1671.05 1.3121394713720904e+39
1671.49 1.400457713709222e+39
1671.92 1.388417247433947e+39
1672.35 1.3877140967975507e+39
1672.79 1.3668473024344532e+39
1673.22 1.3959504402020166e+39
1673.65 1.2881605656402163e+39
1674.09 1.3944405388714524e+39
1674.52 1.3925153782328003e+39
1674.96 1.3924512520063414e+39
1675.39 1.3744216892978263e+39
1675.82 1.3843630530808677e+39
1676.26 1.3888009343026292e+39
1676.69 1.3838212647924702e+39
1677.13 1.3418377322533638e+39
1677.56 1.3864365533013384e+39
1678.0 1.3854472660972273e+39
1678.43 1.3844268068234246e+39
1678.87 1.3830567481638984e+39
1679.3 1.382483637886072e+39
1679.74 1.3814653614899565e+39
1680.17 1.380511408547198e+39
1680.61 1.3794628211371338e+39
1681.04 1.378478510016478e+39
1681.48 1.3774631836206592e+39
1681.92 1.3432906752228577e+39
1682.35 1.3754664447326474e+39
1682.79 1.3744216892978263e+39
1683.22 1.3735042260107777e+39
1683.66 1.372050195429656e+39
1684.1 1.371481646040965e+39
1684.53 1.3704399173176315e+39
1684.97 1.3695251119700188e+39
1685.41 1.3685163802518117e+39
1685.84 1.3581883470565308e+39
1686.28 1.3661550756904112e+39
1686.72 1.3050285115303496e+39
1687.15 1.3635466477282294e+39
1687.59 1.3349346318766987e+39
1688.03 1.362134522467651e+39
1688.47 1.3614133344045427e+39
1688.9 1.3604105774634903e+39
1689.34 1.3593772579304207e+39
1689.78 1.3583760006733847e+39
1690.22 1.3485591497833732e+39
1690.66 1.3286787829061066e+39
1691.09 1.355376651621121e+39
1691.53 1.354347155679243e+39
1691.97 1.3531938022110779e+39
1692.41 1.3508900410038469e+39
1692.85 1.3510455769205818e+39
1693.29 1.3503302599480514e+39
1693.72 1.349397806944826e+39
1694.16 1.3483728523209308e+39
1694.6 1.3199880514985775e+39
1695.04 1.333705677684507e+39
1695.48 1.3451477824222912e+39
1695.92 1.3421776418099774e+39
1696.36 1.3433834696603644e+39
1696.8 1.3360416588476487e+39
1697.24 1.3412508184912241e+39
1697.68 1.3404480893244115e+39
1698.12 1.3387515911086985e+39
1698.56 1.3383817314742114e+39
1699.0 1.330423783485685e+39
1699.44 1.3361339525235485e+39
1699.88 1.3354572802618321e+39
1700.32 1.3164367570556029e+39
1700.76 1.2932425939458518e+39
1701.2 1.3162852053971467e+39
1701.64 1.3300868506205667e+39
1702.08 1.329688767243797e+39
1702.53 1.3293214114141566e+39
1702.97 1.3285258219134681e+39
1703.41 1.3273027677359163e+39
1703.85 1.3265694757545736e+39
1704.29 1.325378740230849e+39
1704.73 1.3245245123786007e+39
1705.18 1.3236098791988398e+39
1705.62 1.3198057010065814e+39
1706.06 1.3212043654699991e+39
1706.5 1.3092422144432461e+39
1706.94 1.3117165557515519e+39
1707.39 1.2714520899170698e+39
1707.83 1.3177408218245411e+39
1708.27 1.3156791732135105e+39
1708.71 1.3144679457894178e+39
1709.16 1.3148311968877717e+39
1709.6 1.3138324978325663e+39
1710.04 1.309905603608519e+39
1710.49 1.3116561503627003e+39
1710.93 1.3030767619894599e+39
1711.37 1.1797500379899358e+39
1711.82 1.3086695578133416e+39
1712.26 1.301607372964368e+39
1712.7 1.21890539701477e+39
1713.15 1.3054492708326196e+39
1713.59 1.3049383664679809e+39
1714.04 1.3038270892120745e+39
1714.48 1.3030467578836363e+39
1714.93 1.3017272609546815e+39
1715.37 1.2971494026713162e+39
1715.81 1.2996008897335561e+39
1716.26 1.2962536730175948e+39
1716.7 1.297119535046392e+39
1717.15 1.249136791338891e+39
1717.59 1.293719129900583e+39
1718.04 1.2798232631246138e+39
1718.48 8.337003810593257e+38
1718.93 1.2940468502241788e+39
1719.38 1.2801474633967153e+39
1719.82 1.291338204780489e+39
1720.27 1.2897335578987558e+39
1720.71 1.2868857741314936e+39
1721.16 1.2883385438931994e+39
1721.6 1.2696382564321612e+39
1722.05 1.2860267434121854e+39
1722.5 1.1896795600162579e+39
1722.94 1.2824191659740614e+39
1723.39 1.2839555828128055e+39
1723.84 1.2814450859457907e+39
1724.28 1.2215746170780106e+39
1724.73 1.2786156034592377e+39
1725.18 1.279616996610482e+39
1725.62 1.1661381407382717e+39
1726.07 1.2782034929152256e+39
1726.52 1.2721842072743455e+39
1726.97 1.2760567818249047e+39
1727.41 1.2252649211208466e+39
1727.86 1.2742950614642275e+39
1728.31 1.2581429836570406e+39
1728.76 1.2715692003752665e+39
1729.2 1.2715692003752665e+39
1729.65 1.2706911347976317e+39
1730.1 1.2684110009069168e+39
1730.55 1.2673308301243959e+39
1731.0 1.267856203665352e+39
1731.45 1.2318277969890116e+39
1731.9 1.2660475000150184e+39
1732.34 1.264678105551019e+39
1732.79 1.2554227661768648e+39
1733.24 1.2631647566759153e+39
1733.69 1.2620018745496265e+39
1734.14 1.2609561959936947e+39
1734.59 1.25979534709049e+39
1735.04 1.2595633055840529e+39
1735.49 1.258548626414484e+39
1735.94 1.2575058091756154e+39
1736.39 1.2401665120253504e+39
1736.84 1.2557407854019593e+39
1737.29 1.241109214482399e+39
1737.74 1.2538338777299533e+39
1738.19 1.2501150971130656e+39
1738.64 1.2463212503350042e+39
1739.09 1.2345253151706998e+39
1739.54 1.2357482383086487e+39
1739.99 1.249108029232491e+39
1740.44 1.2482167323412415e+39
1740.9 1.2459769266194144e+39
1741.35 1.2463212503350042e+39
1741.8 1.2454032651405013e+39
1742.25 1.2335876136095922e+39
1742.7 1.2434834229369254e+39
1743.15 1.2425961394648424e+39
1743.6 1.241680898022503e+39
1744.06 1.240709192621138e+39
1744.51 1.2397953410205146e+39
1744.96 1.2384258255322583e+39
1745.41 1.2191299483678253e+39
1745.86 1.2366021578497293e+39
1746.32 1.2361751243458595e+39
1746.77 1.2351508455036498e+39
1747.22 1.2309204870322015e+39
1747.68 1.2304387504658158e+39
1748.13 1.2295324636193333e+39
1748.58 1.2314874774093591e+39
1749.04 1.227269665875261e+39
1749.49 1.2274392311584035e+39
1749.94 1.228796597100964e+39
1750.4 1.2269871091232755e+39
1750.85 1.227071869317565e+39
1751.3 1.1852228071957051e+39
1751.76 1.1463572976069366e+39
1752.21 1.2243342534259955e+39
1752.67 1.2233197857774569e+39
1753.12 1.205230184871123e+39
1753.57 1.2159059957088183e+39
1754.03 1.2170264024040433e+39
1754.48 1.2196634236393174e+39
1754.94 1.2188492656392961e+39
1755.39 1.2178954276469767e+39
1755.85 1.2168862951268387e+39
1756.3 1.2160179899470882e+39
1756.76 1.2151503043435987e+39
1757.21 1.2141154900332648e+39
1757.67 1.2132491619522986e+39
1758.12 1.211546256408174e+39
1758.58 1.2042038184717626e+39
1759.04 1.2103472840740445e+39
1759.49 1.2094557957144715e+39
1759.95 1.2085371360695089e+39
1760.4 1.1970161227254151e+39
1760.86 1.2017939129657484e+39
1761.32 1.2005216597985824e+39
1761.77 1.2047030226330637e+39
1762.23 1.203067514403547e+39
1762.69 1.200383452590713e+39
1763.14 1.2010469923271407e+39
1763.6 1.2004387335644688e+39
1764.06 1.199968926424381e+39
1764.51 1.1991679150287041e+39
1764.97 1.165628077183712e+39
1765.43 1.1972917776081737e+39
1765.89 1.196051830323451e+39
1766.34 1.1956387999881127e+39
1766.8 1.1947306352421427e+39
1767.26 1.1936307542534709e+39
1767.72 1.1923122335661457e+39
1768.18 1.1917358388543526e+39
1768.64 1.191132295636307e+39
1769.09 1.190254960188649e+39
1769.55 1.1854684495204777e+39
1770.01 1.1885022274370262e+39
1770.47 1.183286745976557e+39
1770.93 1.1865061673991085e+39
1771.39 1.1858233560934024e+39
1771.85 1.184595285811749e+39
1772.31 1.184131679208759e+39
1772.77 1.183259500106009e+39
1773.22 1.1816803125447783e+39
1773.68 1.1811634509144846e+39
1774.14 1.1801847540388267e+39
1774.6 1.1787996548027316e+39
1775.06 1.1789625232437863e+39
1775.52 1.1779585262188403e+39
1775.98 1.1628401005359406e+39
1776.44 1.1742214241653282e+39
1776.9 1.173356544518799e+39
1777.36 1.1744377436682627e+39
1777.82 1.1603259363994186e+39
1778.29 1.1726813005662494e+39
1778.75 1.1706578993530226e+39
1779.21 1.169984208418449e+39
1779.67 1.1700111486105904e+39
1780.13 1.1691224497179394e+39
1780.59 1.167320197641872e+39
1781.05 1.1657085986998171e+39
1781.52 1.1664604011340555e+39
1781.98 1.159257728721083e+39
1782.44 1.1645818034797365e+39
1782.9 1.1631614495236297e+39
1783.36 1.1629204294588087e+39
1783.82 1.1620371164244408e+39
1784.29 1.161181211200944e+39
1784.75 1.1596047883056744e+39
1785.21 1.1593645052208466e+39
1785.68 1.158510568524719e+39
1786.14 1.154409786954159e+39
1786.6 1.1566181417421118e+39
1787.06 1.155952530415963e+39
1787.53 1.1549947229854581e+39
1787.99 1.154090855806169e+39
1788.45 1.1515956083180418e+39
1788.92 1.1515160616590851e+39
1789.38 1.1515690921545045e+39
1789.84 1.1506679057798917e+39
1790.31 1.148841194859313e+39
1790.77 1.147598574205478e+39
1791.24 1.1479950091688801e+39
1791.7 1.1451173636099185e+39
1792.17 1.1127817641825533e+39
1792.63 1.1454338149478211e+39
1793.09 1.1330524129414732e+39
1793.56 1.1435627490395549e+39
1794.02 1.1427993902779393e+39
1794.49 1.1388591095582252e+39
1794.95 1.1395148782877049e+39
1795.42 1.1402760430850721e+39
1795.89 1.1384134023961335e+39
1796.35 1.1385706908847826e+39
1796.81 1.1320093135419733e+39
1797.28 1.1365799747501478e+39
1797.75 1.1356382191706284e+39
1798.21 1.1349846813833438e+39
1798.68 1.1331306841326896e+39
1799.15 1.1333394337443955e+39
1799.61 1.1325307431504597e+39
1800.08 1.131357864119571e+39
1800.55 1.1294577766237126e+39
1801.01 1.1286518557733591e+39
1801.48 1.1147564657493451e+39
1801.94 1.1268600958223632e+39
1802.41 1.1275608802777343e+39
1802.88 1.1265747159265843e+39
1803.35 1.1246049739669315e+39
1803.81 1.1250970863497104e+39
1804.28 1.1235437805149162e+39
1804.75 1.1234920406030759e+39
1805.22 1.1212694769340722e+39
1805.68 1.1129867650393996e+39
1806.15 1.1204951988761936e+39
1806.62 1.1192059234143588e+39
1807.09 1.1193605581084079e+39
1807.56 1.0880528728889138e+39
1808.03 1.1176092819077912e+39
1808.49 1.116503271631843e+39
1808.96 1.1162205146254708e+39
1809.43 1.0886793867781849e+39
1809.9 1.1144741511255565e+39
1810.37 1.1123206503006559e+39
1810.84 1.1129355112848943e+39
1811.31 1.0870762310837598e+39
1811.78 1.1106315335606033e+39
1812.25 1.1029352066485344e+39
1812.72 1.1079240759752074e+39
1813.19 1.1078730553607812e+39
1813.66 1.1080006113024469e+39
1814.13 1.10721000114124e+39
1814.6 1.1064709088124373e+39
1815.07 1.1019198334508065e+39
1815.54 1.1042820174328457e+39
1816.01 1.1024274031505131e+39
1816.48 1.1031891961055743e+39
1816.95 1.1024781729776127e+39
1817.42 1.0925718329669638e+39
1817.89 1.1008546976161482e+39
1818.36 1.1000945167186644e+39
1818.83 1.0992589240151417e+39
1819.31 1.0932009489276272e+39
1819.78 1.0970590388355037e+39
1820.25 1.0969580006170026e+39
1820.72 1.0962005105329645e+39
1821.19 1.0822809146459682e+39
1821.67 1.06284516199706e+39
1822.14 1.0934023425327964e+39
1822.61 1.0928485993735014e+39
1823.08 1.0871513262431703e+39
1823.55 1.0914152053956052e+39
1824.03 1.0906866565159753e+39
1824.5 1.0898582096887584e+39
1824.97 1.0829539756977709e+39
1825.44 1.0424374375301553e+39
1825.92 1.0876020061510894e+39
1826.39 1.0867508786628455e+39
1826.86 1.0710752896702538e+39
1827.34 1.0831285413233813e+39
1827.81 1.0841016364785738e+39
1828.29 1.0832532482836099e+39
1828.76 1.0809858273051189e+39
1829.23 1.0808862694159357e+39
1829.71 1.0812098660850457e+39
1830.18 1.0757218745734003e+39
1830.66 1.0774571314563732e+39
1831.13 1.0786238028999105e+39
1831.61 1.0778045185876344e+39
1832.08 1.0773082855347561e+39
1832.56 1.0764404273876588e+39
1833.03 1.072210362010193e+39
1833.51 1.0749542967977251e+39
1833.98 1.0741625329335028e+39
1834.46 1.0734207839632735e+39
1834.93 1.0720128717525943e+39
1835.41 1.0718400976168567e+39
1835.88 1.0699660555453748e+39
1836.36 1.0701385275968743e+39
1836.83 1.068981034078356e+39
1837.31 1.0330943823704502e+39
1837.79 1.0672840028853994e+39
1838.26 1.0614022404002095e+39
1838.74 1.0656878147222859e+39
1839.22 1.0655896657672293e+39
1839.69 1.0648047994766924e+39
1840.17 1.0354997538672237e+39
1840.65 1.0632368007633303e+39
1841.12 1.0624047408163045e+39
1841.6 1.0593268983596932e+39
1842.08 1.0598392521904221e+39
1842.56 1.0510660297477442e+39
1843.03 1.0588391726063647e+39
1843.51 1.054484013485597e+39
1843.99 1.0542897882413222e+39
1844.47 1.053197937629225e+39
1844.94 1.0528099966356142e+39
1845.42 1.0533677067616161e+39
1845.9 1.048214106525024e+39
1846.38 1.0427495233546172e+39
1846.86 1.0518892093811284e+39
1847.34 1.0503644150234816e+39
1847.82 1.051574388128452e+39
1848.29 1.0507030670869938e+39
1848.77 1.050074228702734e+39
1849.25 1.048455494532382e+39
1849.73 1.0479003851985496e+39
1850.21 1.0397046827369475e+39
1850.69 1.044984864026919e+39
1851.17 1.0441190029805574e+39
1851.65 1.0454180637765104e+39
1852.13 1.0394174414021954e+39
1852.61 1.0405189643285149e+39
1853.09 1.0431337572500855e+39
1853.57 1.0423654309900748e+39
1854.05 1.0383888114598706e+39
1854.53 1.040878408917271e+39
1855.01 1.032999235243228e+39
1855.49 1.0385322800859786e+39
1855.97 1.0385801073661834e+39
1856.45 1.0378390319752912e+39
1856.94 1.037122365726366e+39
1857.42 1.0363346044310493e+39
1857.9 1.0351421666793452e+39
1858.38 1.028418783046151e+39
1858.86 1.0339987172866028e+39
1859.34 1.0333084954505009e+39
1859.83 1.0260062350602486e+39
1860.31 1.0317868772232438e+39
1860.79 1.0305522124471554e+39
1861.27 1.030409846231981e+39
1861.76 1.0295797685356268e+39
1862.24 1.0288924964661634e+39
1862.72 1.0281583336379141e+39
1863.2 1.0268807201839851e+39
1863.69 1.0266679390108781e+39
1864.17 1.0259353635082228e+39
1864.65 1.020328458618412e+39
1865.14 1.0196004066309473e+39
1865.62 1.0206809284491024e+39
1866.1 1.0228218569340413e+39
1866.58 1.0183099797323857e+39
1867.07 1.0212451334560758e+39
1867.55 1.020704430766578e+39
1868.04 1.0200230832227725e+39
1868.52 1.0192248411453895e+39
1869.01 1.0186382970011513e+39
1869.49 1.017583368023852e+39
1869.97 1.0143083483562327e+39
1870.46 1.0163656995605607e+39
1870.94 1.0029054699369734e+39
1871.43 1.0130945988722686e+39
1871.91 1.0142149314070069e+39
1872.4 1.0133979000122354e+39
1872.88 1.0119056015138402e+39
1873.37 1.0120221081580552e+39
1873.85 1.00016119394686e+39
1874.34 1.0061668393370203e+39
1874.83 1.0097177712423357e+39
1875.31 1.009043757588005e+39
1875.8 1.0081380347675178e+39
1876.29 9.9515332865363e+38
1876.77 1.0068852990025124e+39
1877.26 1.0061436717560875e+39
1877.74 1.005379440775896e+39
1878.23 1.0045926584112811e+39
1878.72 1.0038989500133314e+39
1879.2 1.0031826212472392e+39
1879.69 1.002397558053327e+39
1880.18 1.0016823006004881e+39
1880.67 9.978608870336287e+38
1881.15 9.955429471920672e+38
1881.64 9.936192573910476e+38
1882.13 9.95359578293505e+38
1882.62 9.999539493585051e+38
1883.1 9.943287573779105e+38
1883.59 9.964832431334125e+38
1884.08 9.954971018007134e+38
1884.57 9.864384679142058e+38
1885.06 9.466294251348356e+38
1885.55 9.93299004007938e+38
1886.04 9.883482553966129e+38
1886.52 9.908091304067681e+38
1887.01 9.89714652628798e+38
1887.5 9.772597229334418e+38
1887.99 9.898741886399042e+38
1888.48 9.890995402601918e+38
1888.97 9.884165304335144e+38
1889.46 9.80595735010799e+38
1889.95 9.868246744444406e+38
1890.44 9.840790811879929e+38
1890.93 9.833542519944863e+38
1891.42 9.825847059382815e+38
1891.91 9.817253376984549e+38
1892.4 9.822227750290705e+38
1892.89 9.772372209558151e+38
1893.38 9.819061948457355e+38
1893.87 9.788136113351743e+38
1894.36 9.740471949279619e+38
1894.85 9.795576485168518e+38
1895.34 9.646283022545965e+38
1895.84 9.77822440798629e+38
1896.33 9.747427193623615e+38
1896.82 9.633852661423558e+38
1897.31 9.754387404402924e+38
1897.8 9.754162803918545e+38
1898.29 9.747427193623615e+38
1898.79 9.618337232872182e+38
1899.28 8.992904884011806e+38
1899.77 9.723441373292001e+38
1900.26 9.719859784900052e+38
1900.76 9.706887582548965e+38
1901.25 9.703088667230248e+38
1901.74 9.698174630773283e+38
1902.23 9.690585105407058e+38
1902.73 9.683670420546578e+38
1903.22 9.460628740921658e+38
1903.71 9.654727043438191e+38
1904.21 9.647171518961695e+38
1904.7 9.656060985415497e+38
1905.19 9.64561670393529e+38
1905.69 9.637402557782713e+38
1906.18 9.634961863549335e+38
1906.68 9.617229944617415e+38
1907.17 9.618558705821362e+38
1907.66 9.579437317751464e+38
1908.16 9.594448145651212e+38
1908.65 9.586056844661886e+38
1909.15 9.592460068660752e+38
1909.64 9.585173976856464e+38
1910.14 9.561587418445798e+38
1910.63 9.570838765982995e+38
1911.13 9.564009525725839e+38
1911.62 9.472399364641094e+38
1912.12 9.54992586021429e+38
1912.61 9.542672075883304e+38
1913.11 9.535204242549837e+38
1913.61 9.49248675860481e+38
1914.1 9.285173002926134e+38
1914.6 9.513931057729707e+38
1915.09 9.307649058308083e+38
1915.59 9.497296573624283e+38
1916.09 9.491393958587472e+38
1916.58 9.467820160680869e+38
1917.08 9.444304913072584e+38
1917.58 9.467602158575e+38
1918.07 9.457143958448232e+38
1918.57 9.411958422406114e+38
1919.07 9.448872743652966e+38
1919.56 9.40112874008888e+38
1920.06 9.435610391379833e+38
1920.56 9.417811637176497e+38
1921.06 9.411958422406114e+38
1921.56 9.343293682573167e+38
1922.05 9.400695812079622e+38
1922.55 9.402860651510547e+38
1923.05 9.085315220189044e+38
1923.55 9.381234672126544e+38
1924.05 9.367204464891585e+38
1924.55 9.301864310104947e+38
1925.05 9.368282966242152e+38
1925.54 9.360951605040978e+38
1926.04 9.245065661318332e+38
1926.54 9.348027901901268e+38
1927.04 9.336626806355564e+38
1927.54 9.327387078878628e+38
1928.04 9.30872070269437e+38
1928.54 9.307863377315306e+38
1929.04 9.288166671554557e+38
1929.54 9.303149498926404e+38
1930.04 9.294156904723377e+38
1930.54 9.283462768373914e+38
1931.04 9.286028238348239e+38
1931.54 9.131455352320611e+38
1932.04 9.272780937019388e+38
1932.54 9.265737662123837e+38
1933.04 9.259126125747237e+38
1933.55 9.25166715773304e+38
1934.05 9.245491422129256e+38
1934.55 9.238681601435645e+38
1935.05 9.231451662706549e+38
1935.55 9.225077003793738e+38
1936.05 9.218494480695178e+38
1936.55 9.205979426525248e+38
1937.06 9.14407964264637e+38
1937.56 9.179520583384879e+38
1938.06 9.176350636758406e+38
1938.56 9.18438329517306e+38
1939.06 9.169380606892174e+38
1939.57 9.168113897649566e+38
1940.07 9.129773430998232e+38
1940.57 9.140080063520244e+38
1941.08 9.151030440190882e+38
1941.58 9.117588762598953e+38
1942.08 9.1377653173458e+38
1942.58 9.131034842943856e+38
1943.09 9.123679062721571e+38
1943.59 9.083014343336391e+38
1944.1 9.110663366164406e+38
1944.6 9.10437211603906e+38
1945.1 9.097247284228183e+38
1945.61 9.089918722591792e+38
1946.11 9.08364179741048e+38
1946.62 9.073398806395281e+38
1947.12 9.070056658426114e+38
1947.63 9.063793448734805e+38
1948.13 9.04627946095064e+38
1948.64 9.046904377381158e+38
1949.14 9.041906254423104e+38
1949.65 9.010108068515821e+38
1950.15 9.028799315482996e+38
1950.66 9.022564595513405e+38
1951.16 9.013220587076619e+38
1951.67 9.008863362067632e+38
1952.17 9.002642408611455e+38
1952.68 8.870947315882785e+38
1953.19 8.973254801399059e+38
1953.69 8.98028252410022e+38
1954.2 8.855844863991321e+38
1954.7 8.946228777965116e+38
1955.21 8.950761805678309e+38
1955.72 8.94828896044562e+38
1956.22 8.948701053869697e+38
1956.73 8.941903938537349e+38
1957.24 8.931820775446747e+38
1957.75 8.927914037390226e+38
1958.25 8.922570743729108e+38
1958.76 8.885257122861918e+38
1959.27 8.855233145028593e+38
1959.78 8.901024573162395e+38
1960.29 8.761732705366731e+38
1960.79 8.87360310778661e+38
1961.3 8.85768027443652e+38
1961.81 8.87278585637355e+38
1962.32 8.86870072819204e+38
1962.83 8.856864489503075e+38
1963.33 8.857272372577726e+38
1963.84 8.850952295253847e+38
1964.35 8.812314740279158e+38
1964.86 8.818201125697573e+38
1965.37 8.794476646813716e+38
1965.88 8.825107412614201e+38
1966.39 8.819216417064307e+38
1966.9 8.81170602816685e+38
1967.41 8.80116169649309e+38
1967.92 8.796906986261425e+38
1968.43 8.784357457591284e+38
1968.94 8.785975745079103e+38
1969.45 8.779504383340647e+38
1969.96 8.77344181074511e+38
1970.47 8.766979680949177e+38
1970.98 8.760724031675927e+38
1971.49 8.74641339071761e+38
1972.0 8.728909684563374e+38
1972.52 8.740574925534897e+38
1973.03 8.734740357683915e+38
1973.54 8.723685493605592e+38
1974.05 8.721877848378002e+38
1974.56 8.715654381367792e+38
1975.07 8.711039840147124e+38
1975.58 8.705826344165346e+38
1976.1 8.621642287791307e+38
1976.61 8.689204131010997e+38
1977.12 8.682404198273619e+38
1977.63 8.647886877463788e+38
1978.15 8.669818385229557e+38
1978.66 8.64808600471048e+38
1979.17 8.487504157061413e+38
1979.69 8.647886877463788e+38
1980.2 8.643308216043734e+38
1980.71 8.636941936906859e+38
1981.22 8.630381622721532e+38
1981.74 8.623429158784738e+38
1982.25 8.498455408384017e+38
1982.77 8.54456582867772e+38
1983.28 8.604982669656597e+38
1983.79 8.596071120194827e+38
1984.31 8.491218177531948e+38
1984.82 8.576300705241632e+38
1985.34 8.578275698828063e+38
1985.85 8.572746862576518e+38
1986.36 8.565051921292309e+38
1986.88 8.55677278568722e+38
1987.4 8.49200028364456e+38
1987.91 8.533555158698788e+38
1988.43 8.539451966218985e+38
1988.94 8.533948152485692e+38
1989.46 8.525895396087764e+38
1989.97 8.449285789876007e+38
1990.49 8.514516668127709e+38
1991.0 8.507657542696065e+38
1991.52 8.429076589417078e+38
1992.04 8.415501466340839e+38
1992.55 8.72850771267285e+38
1993.07 8.482619762900723e+38
1993.58 8.47851904411596e+38
1994.1 8.33623597952584e+38
1994.62 8.462720547171029e+38
1995.14 8.453177725859836e+38
1995.65 8.40891572579894e+38
1996.17 8.44422895184946e+38
1996.69 8.437232172118327e+38
1997.2 8.430629425722337e+38
1997.72 8.424613778058106e+38
1998.24 8.417051801785684e+38
1998.76 8.412595357003102e+38
1999.28 8.405818337354235e+38
1999.8 8.3951797636381e+38
2000.31 8.351990660220043e+38
2000.83 8.385326935902695e+38
2001.35 8.381080267271594e+38
2001.87 8.337387752647657e+38
2002.39 8.358146902126028e+38
2002.91 8.362381950488571e+38
2003.43 8.356030182312423e+38
2003.94 8.350260034320142e+38
2004.46 8.343533230768533e+38
2004.98 8.337195779410241e+38
2005.5 8.328561557191215e+38
2006.02 8.310363107996548e+38
2006.54 8.319170017641194e+38
2007.06 8.312659663447892e+38
2007.58 8.306345662554257e+38
2008.1 8.300036457551335e+38
2008.62 8.290486186075128e+38
2009.14 8.256006001824755e+38
2009.67 8.28190033755624e+38
2010.19 8.128866664463266e+38
2010.71 8.057865240777896e+38
2011.23 8.259999099997046e+38
2011.75 8.256956564359888e+38
2012.27 8.234742057244008e+38
2012.79 8.243848461969009e+38
2013.31 8.19898326553181e+38
2013.84 8.230761168982399e+38
2014.36 8.22545631141818e+38
2014.88 8.219397803541593e+38
2015.4 8.20502672587774e+38
2015.93 8.20691622062824e+38
2016.45 8.201060202779498e+38
2016.97 8.195397067291437e+38
2017.49 8.126620885878874e+38
2018.02 8.168832668454649e+38
2018.54 8.177489591176122e+38
2019.06 8.1611244402865e+38
2019.58 8.165071648062167e+38
2020.11 8.158869749780543e+38
2020.63 8.153235748361216e+38
2021.16 8.146667663659344e+38
2021.68 8.140479744390162e+38
2022.2 8.134296525244705e+38
2022.73 8.120074241581208e+38
2023.25 8.122505236452594e+38
2023.78 8.115961907640454e+38
2024.3 8.11017078994007e+38
2024.82 8.103823992807818e+38
2025.35 8.09841447325789e+38
2025.88 8.087047611991784e+38
2026.4 8.085744238964606e+38
2026.93 8.079602594964068e+38
2027.45 8.07365151649401e+38
2027.98 8.064547421265852e+38
2028.5 8.061576879425628e+38
2029.03 8.054711691564616e+38
2029.55 8.049149615138066e+38
2030.08 8.038222066863772e+38
2030.61 8.03711162215393e+38
2031.13 8.030637084740571e+38
2031.66 8.024722072102991e+38
2032.19 8.01714982876943e+38
2032.71 8.012536114409544e+38
2033.24 8.006634434147356e+38
2033.77 7.99484411117254e+38
2034.29 7.993923723711727e+38
2034.82 7.986196651052562e+38
2035.35 7.93505607227586e+38
2035.88 7.973151200415875e+38
2036.4 7.970214323986112e+38
2036.93 7.964527203990504e+38
2037.46 7.949320368519098e+38
2037.99 7.908060806085632e+38
2038.52 7.946026333613461e+38
2039.04 7.940173641518815e+38
2039.57 7.917899772463863e+38
2040.1 7.865566369897067e+38
2040.63 7.922094159764534e+38
2041.16 7.877166041709471e+38
2041.69 7.910246185944349e+38
2042.22 7.904419847926268e+38
2042.74 7.898234065835944e+38
2043.28 7.892234847899694e+38
2043.8 7.886784967745047e+38
2044.33 7.8800686315699e+38
2044.86 7.869008238551215e+38
2045.39 7.867015394222689e+38
2045.92 7.857420579668186e+38
2046.45 7.821319011411043e+38
2046.98 7.850006204432532e+38
2047.52 7.840612669423985e+38
2048.05 7.838446527359e+38
2048.58 7.831951691169818e+38
2049.11 7.826543438765086e+38
2049.64 7.820418600615786e+38
2050.17 7.976089159030363e+38
2050.7 7.97278403168836e+38
2051.23 7.967095078086474e+38
2051.76 7.946209299737829e+38
2052.3 7.954813461521828e+38
2052.83 7.946941206366005e+38
2053.36 7.942550777592474e+38
2053.89 7.93670064543878e+38
2054.43 7.930672209655684e+38
2054.96 7.924648352858194e+38
2055.49 7.918446740494813e+38
2056.02 7.897870347090407e+38
2056.55 7.87027667504706e+38
2057.09 7.901326351541305e+38
2057.62 7.878254387594258e+38
2058.16 7.889327776665078e+38
2058.69 7.879161457363876e+38
2059.22 7.77123424659536e+38
2059.76 7.868827050026636e+38
2060.29 7.806565357025614e+38
2060.82 7.859410993472452e+38
2061.36 7.853260434076534e+38
2061.89 7.847476069246874e+38
2062.43 7.743013206539868e+38
2062.96 7.835559268824133e+38
2063.5 7.829787941890972e+38
2064.03 7.824741518001733e+38
2064.56 7.813039140980535e+38
2065.1 7.761398815340516e+38
2065.64 7.580188402867841e+38
2066.17 7.800635767383298e+38
2066.71 7.794710681646568e+38
2067.24 7.788790096394292e+38
2067.78 7.783053217568307e+38
2068.31 7.777678731368713e+38
2068.85 7.651384027350574e+38
2069.39 7.766046739608369e+38
2069.92 7.759611892954096e+38
2070.46 7.754253593856416e+38
2071.0 7.748363738370527e+38
2071.53 7.740517556262954e+38
2072.07 7.73659744517547e+38
2072.61 7.730542996292675e+38
2073.14 7.724849019708261e+38
2073.68 7.718803764820884e+38
2074.22 7.713296037996025e+38
2074.76 7.706549991981494e+38
2075.29 7.700873687584506e+38
2075.83 7.695201564102795e+38
2076.37 7.689533618456627e+38
2076.91 7.679624757238594e+38
2077.45 7.677326312626304e+38
2077.98 7.663903011391029e+38
2078.52 7.664608915451714e+38
2079.06 7.660021701007068e+38
2079.6 7.524367518888848e+38
2080.14 7.635544279063041e+38
2080.68 7.642580114861318e+38
2081.22 7.636247571067665e+38
2081.76 7.630798751941039e+38
2082.3 7.625178242562234e+38
2082.84 7.61903555049374e+38
2083.38 7.612547228028148e+38
2083.92 7.607290482522737e+38
2084.46 7.602387461813968e+38
2085.0 7.493073626999303e+38
2085.54 7.585077106699548e+38
2086.08 7.584378527451827e+38
2086.62 7.528353438447538e+38
2087.16 7.573210005504512e+38
2087.7 7.550748412245257e+38
2088.24 7.56136147077727e+38
2088.78 7.555444156759892e+38
2089.32 7.539629412968573e+38
2089.87 7.541886633763577e+38
2090.41 7.537719984580736e+38
2090.95 7.497388228630914e+38
2091.49 7.526793479394155e+38
2092.03 7.485141246454884e+38
2092.57 7.308361144810048e+38
2093.12 7.50930942454062e+38
2093.66 7.48221184014382e+38
2094.2 7.488933945428761e+38
2094.75 7.491865983552069e+38
2095.29 7.486520187428333e+38
2095.83 7.474118858267356e+38
2096.38 7.46637846151752e+38
2096.92 7.469301668806122e+38
2097.46 7.463456398263817e+38
2098.0 7.449720858291769e+38
2098.55 7.384311352164289e+38
2099.09 7.446805314205239e+38
2099.64 7.439778401448616e+38
2100.18 7.435154543751586e+38
2100.73 7.428993870123928e+38
2101.27 7.423692936188197e+38
2101.81 7.417712556678581e+38
2102.36 7.412761034887545e+38
2102.9 7.407301122462531e+38
2103.45 7.323184906861604e+38
2103.99 7.39571215760868e+38
2104.54 7.285175191455863e+38
2105.08 7.383461250838889e+38
2105.63 7.372079330689331e+38
2106.18 7.37309789144563e+38
2106.72 7.36783684190009e+38
2107.27 7.36190145895021e+38
2107.81 7.355632110249969e+38
2108.36 7.347337675562242e+38
2108.91 7.343109425116051e+38
2109.45 7.338883607946172e+38
2110.0 7.333478110371239e+38
2110.55 7.328245331389075e+38
2111.09 7.322679056641219e+38
2111.64 7.316443109490725e+38
2112.19 7.311222485776938e+38
2112.74 7.30566914097783e+38
2113.28 7.29659094661895e+38
2113.83 7.294743068278411e+38
2114.38 7.285510693896933e+38
2114.93 7.282994802153299e+38
2115.48 7.279474013242645e+38
2116.02 7.271767755315566e+38
2116.57 7.266411692313792e+38
2117.12 7.25972216093284e+38
2117.67 7.255210209046533e+38
2118.22 7.250033277865762e+38
2118.77 7.244526410214652e+38
2119.32 7.234524637674337e+38
2119.87 7.233358664042344e+38
2120.42 7.227864461835251e+38
2120.97 7.210078613844898e+38
2121.51 7.21655623150535e+38
2122.06 7.210410657881135e+38
2122.61 7.204602094336806e+38
2123.17 7.199461274408431e+38
2123.72 7.194324122695064e+38
2124.26 7.178273476812076e+38
2124.82 7.182902972965213e+38
2125.37 7.177281830184146e+38
2125.92 7.171830221947386e+38
2126.47 7.17579461709549e+38
2127.02 7.160609659018328e+38
2127.57 7.155500229746261e+38
2128.12 6.978787909538946e+38
2128.67 7.14496326075512e+38
2129.23 7.138878655251909e+38
2129.78 7.122623692549484e+38
2130.33 7.124920125270096e+38
2130.88 7.122131696128471e+38
2131.43 7.063826115097711e+38
2131.99 7.09839234234832e+38
2132.54 7.105096814042412e+38
2133.09 7.100353971631987e+38
2133.65 7.093327308036201e+38
2134.2 7.087939468671296e+38
2134.75 6.989562618161032e+38
2135.3 7.077664954955606e+38
2135.86 7.07228901215743e+38
2136.41 7.06724260378999e+38
2136.97 7.058135637148081e+38
2137.52 7.056023198801048e+38
2138.07 7.038336071540225e+38
2138.63 7.043524020286192e+38
2139.18 7.04028110437013e+38
2139.74 7.030399429524877e+38
2140.29 7.027486176561372e+38
2140.84 7.024250644645043e+38
2141.4 7.01649144461182e+38
2141.96 7.012776532617967e+38
2142.51 7.007772589182913e+38
2143.06 6.997292038901634e+38
2143.62 6.99278217197201e+38
2144.18 6.978145169018298e+38
2144.73 6.986183681991933e+38
2145.29 6.980234292173321e+38
2145.84 6.97509295984616e+38
2146.4 6.969955414397345e+38
2146.96 6.961775271511191e+38
2147.51 6.958890454987707e+38
2148.07 6.954085083667569e+38
2148.63 6.94432439277692e+38
2149.18 6.1717737932631e+38
2149.74 6.937771628255268e+38
2150.3 6.899855569358582e+38
2150.85 6.924206319478275e+38
2151.41 6.920858978242018e+38
2151.97 6.916239119521204e+38
2152.53 6.893820958093149e+38
2153.08 6.90541843723072e+38
2153.64 6.900014446233542e+38
2154.2 6.894614684251442e+38
2154.76 6.889377779934397e+38
2155.32 6.883986341915495e+38
2155.88 6.878599123088053e+38
2156.44 6.873532650738154e+38
2156.99 6.867362932792504e+38
2157.55 6.861988722988927e+38
2158.11 6.856618718894484e+38
2158.67 6.851568436339754e+38
2159.23 6.839588918561042e+38
2159.79 6.840533907966223e+38
2160.35 6.782346914343694e+38
2160.91 6.829988933451463e+38
2161.47 6.752117635984634e+38
2162.03 6.814123492013694e+38
2162.59 6.814437301222842e+38
2163.15 6.796573220820999e+38
2163.71 6.417265387327002e+38
2164.27 6.797825311193732e+38
2164.83 6.792349118206007e+38
2165.4 6.786877336730533e+38
2165.96 5.5850877382365135e+38
2166.52 6.776883190444781e+38
2167.08 6.7715797876049706e+38
2167.64 6.752117635984634e+38
2168.2 6.760518413372586e+38
2168.76 6.7546056663349984e+38
2169.33 6.750718521673399e+38
2169.89 6.744659042316052e+38
2170.45 6.739380857210396e+38
2171.01 6.734261862992206e+38
2171.58 6.7285270082005125e+38
2172.14 6.723106640548617e+38
2172.7 6.7187734905050365e+38
2173.27 6.713515562721977e+38
2173.83 6.707643924361114e+38
2174.39 6.702549036389358e+38
2174.96 6.5349158567723456e+38
2175.52 6.6920626792224305e+38
2176.08 6.6869796262106996e+38
2176.65 6.6825158882210706e+38
2177.21 6.676210169975462e+38
2177.78 6.671292768390775e+38
2178.34 6.507287577548807e+38
2178.91 6.661468828376192e+38
2179.47 6.579759200103664e+38
2180.03 6.650587320373745e+38
2180.6 6.645841815849789e+38
2181.17 6.631167528802623e+38
2181.73 6.635444178983835e+38
2182.3 6.6297934767066855e+38
2182.86 6.579153209793014e+38
2183.43 6.619878217185511e+38
2183.99 6.615002307229587e+38
2184.56 6.6095212012187785e+38
2185.12 6.604348771279743e+38
2185.69 6.599484299627882e+38
2186.26 6.5937123929697996e+38
2186.82 6.588552334570228e+38
2187.39 5.41377247882686e+38
2187.96 6.55631785020899e+38
2188.53 6.57400454501072e+38
2189.09 6.5667427004575304e+38
2189.66 6.563719299904354e+38
2190.23 6.558733731963037e+38
2190.79 6.553148355817186e+38
2191.36 6.548623164427934e+38
2191.93 6.54184123569238e+38
2192.5 6.5383776293215604e+38
2193.07 6.535367288359063e+38
2193.64 6.527847498281168e+38
2194.21 6.522738983940969e+38
2194.77 6.518234791348066e+38
2195.34 6.512833865658944e+38
2195.91 6.5078869484852885e+38
2196.48 6.489332095341652e+38
2197.05 6.4974059230307496e+38
2197.62 6.491125411807653e+38
2198.19 6.486194983604142e+38
2198.76 6.481716025995504e+38
2199.33 6.47649448436637e+38
2199.9 6.471426157485831e+38
2200.47 6.466957398298037e+38
2201.04 6.457880435418186e+38
2201.61 6.4583265454027195e+38
2202.18 6.453569627274092e+38
2202.75 6.448964704071479e+38
2203.32 6.445105044124068e+38
2203.89 6.4403578643693055e+38
2204.46 6.4362069504463216e+38
2205.03 6.431762511424008e+38
2205.61 6.427025159189721e+38
2206.18 6.422734947768868e+38
2206.75 6.418595392098134e+38
2207.32 6.4143108077725796e+38
2207.89 6.4098814888468835e+38
2208.47 6.405012770640286e+38
2209.04 6.400589872353338e+38
2209.61 6.382193980336521e+38
2210.18 6.392047594087093e+38
2210.76 6.3851337661392e+38
2211.33 6.3836637040102394e+38
2211.9 6.378814899901366e+38
2212.48 6.374556870119745e+38
2213.05 6.37030168268704e+38
2213.62 6.3660493357059075e+38
2214.2 6.361653343112223e+38
2214.77 6.3503841850403735e+38
2215.34 5.209907348505676e+38
2215.92 6.348483570521115e+38
2216.49 6.344245787714181e+38
2217.07 6.340010833740766e+38
2217.64 6.336070486823023e+38
2218.22 6.331695195733632e+38
2218.79 6.326885865056968e+38
2219.37 6.322662499296856e+38
2219.94 6.3181509844413265e+38
2220.52 6.313788067431306e+38
2221.09 6.310881129972894e+38
2221.67 6.3055068235346144e+38
2222.25 6.300717384614881e+38
2222.82 6.296511487016302e+38
2223.4 6.292308396967012e+38
2223.97 6.288252903299829e+38
2224.55 6.283910632020988e+38
2225.13 6.279715953379881e+38
2225.7 6.275090591925755e+38
2226.28 6.271190593247382e+38
2226.86 6.266860104124894e+38
2227.43 6.262965220733874e+38
2228.01 6.258928639214433e+38
2228.59 6.254318588777835e+38
2229.17 6.2505754231592955e+38
2229.74 6.2459715253327595e+38
2230.32 6.242233355372894e+38
2230.9 6.234333058573688e+38
2231.48 6.234045963537049e+38
2232.06 6.230314930941912e+38
2232.64 6.226156028866662e+38
2233.21 6.221570117287583e+38
2233.79 6.218132900407507e+38
2234.37 6.212551472618601e+38
2234.95 6.209548163825191e+38
2235.53 6.205546010455538e+38
2236.11 6.200832498217355e+38
2236.69 6.195266599357646e+38
2237.27 6.193127199562378e+38
2237.85 6.1888506161013735e+38
2238.43 6.184292182041902e+38
2239.01 6.180021699487468e+38
2239.59 6.1760385763974744e+38
2240.17 6.1717737932631e+38
2240.75 6.1677959860809334e+38
2241.33 6.163536894760128e+38
2241.91 6.159706227235647e+38
2242.49 6.155310989287558e+38
2243.07 6.151202154352101e+38
2243.66 6.147237605921106e+38
2244.24 6.1427098221672705e+38
2244.82 6.138609398848347e+38
2245.4 6.134370461945854e+38
2245.98 6.13013445218602e+38
2246.56 6.126324544438627e+38
2247.15 6.12209409068261e+38
2247.73 6.118007428916579e+38
2248.31 6.113923495106725e+38
2248.89 6.110123662546337e+38
2249.48 6.105342047418422e+38
2250.06 6.101266568089919e+38
2250.64 6.0967726445724344e+38
2251.23 6.0932640700665316e+38
2251.81 6.08919665311138e+38
2252.39 6.084711619760252e+38
2252.98 6.078410130188349e+38
2253.56 5.091784327762308e+38
2254.15 6.072674454837327e+38
2254.73 6.03823484463898e+38
2255.31 6.064709458589552e+38
2255.9 6.060242461424635e+38
2256.48 6.055918195516642e+38
2257.07 6.052154413526209e+38
2257.65 6.0481144383676894e+38
2258.24 6.043798826370422e+38
2258.82 6.0397644287902046e+38
2259.41 6.036010686442601e+38
2260.0 6.0319814876543656e+38
2260.58 6.0279549784642306e+38
2261.17 6.023515053026267e+38
2261.75 6.019771409743063e+38
2262.34 6.009938114345861e+38
2262.93 6.011322113069725e+38
2263.51 6.0074477195684934e+38
2264.1 6.003575823176104e+38
2264.69 5.9995682755277614e+38
2265.27 5.995425351664983e+38
2265.86 5.9798460045146196e+38
2266.45 5.987837420067671e+38
2267.03 5.983840378224906e+38
2267.62 5.979708315057107e+38
2268.21 5.974478464258156e+38
2268.8 5.971865254368469e+38
2269.39 5.967466642144211e+38
2269.97 5.963620514197271e+38
2270.56 5.959639637787746e+38
2271.15 5.955524286126681e+38
2271.74 5.9515488141662246e+38
2272.33 5.947712945514679e+38
2272.92 5.943742687833283e+38
2273.51 5.939911850355438e+38
2274.09 5.9362201668607265e+38
2274.68 5.931984396649765e+38
2275.27 5.92788814195578e+38
2275.86 5.924613174897527e+38
2276.45 5.920249366468319e+38
2277.04 5.916433670812839e+38
2277.63 5.909762120097416e+38
2278.22 5.908265459328112e+38
2278.81 5.904049636105991e+38
2279.41 5.880984029145523e+38
2280.0 5.8965773514625895e+38
2280.59 5.892369868251069e+38
2281.18 5.8888433263920205e+38
2281.77 5.8849123657580215e+38
2282.36 5.881254864704837e+38
2282.95 5.8799008116240364e+38
2283.54 5.873270456472864e+38
2284.14 5.869485039478147e+38
2284.73 5.8655670010191125e+38
2285.32 5.861786549025066e+38
2285.91 5.857469015914005e+38
2286.5 5.853828571033406e+38
2287.1 5.849786285828573e+38
2287.69 5.689446264929504e+38
2288.28 5.8421136325087135e+38
2288.88 5.838213865196885e+38
2289.47 5.834048027057411e+38
2290.06 5.830287889547436e+38
2290.66 5.8262618600541124e+38
2291.25 5.8217023873842855e+38
2291.84 5.8179502068370575e+38
2292.44 5.813932696970204e+38
2293.03 5.809917961342455e+38
2293.63 5.806039685503387e+38
2294.22 5.802297599818693e+38
2294.81 5.798290898656092e+38
2295.41 5.7944203841927604e+38
2296.0 5.790552453401492e+38
2296.6 5.784688798752887e+38
2297.2 5.783090650971916e+38
2297.79 5.317163318213225e+38
2298.39 5.775372492089045e+38
2298.98 5.771517276275892e+38
2299.58 5.767531830065394e+38
2300.17 5.764080002892909e+38
2300.77 5.759834436108933e+38
2301.37 5.756387215772508e+38
2301.96 5.7525446731397556e+38
2302.56 5.748704695507027e+38
2303.16 5.744999563142921e+38
2303.75 5.740239330239718e+38
2304.35 5.737068033099347e+38
2304.95 5.7335024180027915e+38
2305.54 5.729279373317517e+38
2306.14 5.7253230939417985e+38
2306.74 5.184298508819216e+38
2307.34 5.712812890260952e+38
2307.94 5.7145231971404495e+38
2308.53 5.710314131711125e+38
2309.13 5.7067651442917504e+38
2309.73 5.702824411824049e+38
2310.33 5.6987551803799736e+38
2310.93 5.695213376903789e+38
2311.53 5.691280621358855e+38
2312.13 5.68735058152722e+38
2312.73 5.68381586606352e+38
2313.32 5.680021766750288e+38
2313.93 5.675315373615211e+38
2314.52 5.672571778710272e+38
2315.12 5.667219058273317e+38
2315.72 5.6646098082969835e+38
2316.32 5.659394911773362e+38
2316.93 5.655356669305001e+38
2317.52 5.649890098268353e+38
2318.13 5.648199135510811e+38
2318.73 5.656659013233407e+38
2319.33 5.640141503766236e+38
2319.93 5.6319656846167695e+38
2320.53 5.632225052193467e+38
2321.13 5.6282061966882005e+38
2321.73 5.624190208824043e+38
2322.33 5.619530077001289e+38
2322.94 5.6151323869525405e+38
2323.54 5.611771769773129e+38
2324.14 5.606992820442392e+38
2324.74 5.603508047709787e+38
2325.35 5.599767556016091e+38
2325.95 5.596673865001483e+38
2326.55 5.592937935307776e+38
2327.16 5.5897193079131934e+38
2327.76 5.5858593999259055e+38
2328.36 5.582130689177267e+38
2328.97 5.579560614821775e+38
2329.57 5.576092891335567e+38
2330.17 5.57249901004721e+38
2330.78 5.568907445073067e+38
2331.38 5.5654463425825765e+38
2331.98 5.561090976980336e+38
2332.59 5.5586585809100455e+38
2333.19 5.55392486243478e+38
2333.8 5.552006935978661e+38
2334.4 5.548428578474781e+38
2335.01 5.545235565352496e+38
2335.61 5.5411511897168755e+38
2336.22 5.5371973196642e+38
2336.82 5.533628507195527e+38
2337.43 5.528788797640367e+38
2338.03 5.525861556300826e+38
2338.64 5.522300049913423e+38
2339.25 5.5188679141409214e+38
2339.85 5.5149299442456255e+38
2340.46 5.511121681080963e+38
2341.07 5.506935628887308e+38
2341.67 5.503639766705528e+38
2342.28 5.499712662804326e+38
2342.89 5.495788361074998e+38
2343.5 5.4922462373442704e+38
2344.1 5.4888327801593655e+38
2344.71 5.485421444454352e+38
2345.32 5.481633558000534e+38
2345.93 5.478226696646368e+38
2346.53 5.474317726157017e+38
2347.14 5.471041385560253e+38
2347.75 5.46650815088685e+38
2348.36 5.419634515996095e+38
2348.97 5.4600924975427535e+38
2349.58 5.388898453732831e+38
2350.19 5.453307659637608e+38
2350.79 5.4500438934176565e+38
2351.4 5.446405843156902e+38
2352.01 5.4427702213922205e+38
2352.62 5.439137026502435e+38
2353.23 5.435506256867541e+38
2353.84 5.431877910868617e+38
2354.45 5.4278770294754186e+38
2355.06 5.425128133064968e+38
2355.67 5.421506714741627e+38
2356.28 5.418386742692265e+38
2356.89 5.414645146180124e+38
2357.5 5.411030725531281e+38
2358.12 5.407045199254085e+38
2358.73 5.403435851773356e+38
2359.34 5.399828913628735e+38
2359.95 5.396224383211925e+38
2360.56 5.392373925201342e+38
2361.17 5.388774371188966e+38
2361.78 5.385177219975295e+38
2362.4 5.381582469956398e+38
2363.01 5.3778662881562435e+38
2363.62 5.3741526725172e+38
2364.24 5.370317963702488e+38
2364.85 5.366856707654947e+38
2365.46 5.363150694538478e+38
2366.07 5.360311151014959e+38
2366.69 5.3566096578475185e+38
2367.3 5.35315723702293e+38
2367.91 5.349830224313923e+38
2368.53 5.346505279359154e+38
2369.14 5.342690298250218e+38
2369.76 5.339369790793491e+38
2370.37 5.335805618460376e+38
2370.98 5.332243825307661e+38
2371.6 5.327825596511358e+38
2372.21 5.3251273701922606e+38
2372.83 5.3215727050563345e+38
2373.44 5.318387781278729e+38
2374.06 5.314959995066439e+38
2374.67 5.310066989662807e+38
2375.29 5.307988826641046e+38
2375.91 5.3046898863141364e+38
2376.52 5.3006606323763234e+38
2377.14 5.296756399835719e+38
2377.75 5.293586328441976e+38
2378.37 5.28980910747486e+38
2378.99 5.286643193986657e+38
2379.6 5.283235867670029e+38
2380.22 5.279830737429767e+38
2380.83 5.2756988867633595e+38
2381.45 5.272541418142857e+38
2382.07 5.2687792137017705e+38
2382.69 5.265504642335978e+38
2383.3 5.261747458962929e+38
2383.92 5.258114027671452e+38
2384.54 5.2547250888600165e+38
2385.16 5.2699925346326724e+38
2385.78 5.242518841678479e+38
2386.4 4.617639240022155e+38
2387.01 5.203792849344551e+38
2387.63 5.237933736534867e+38
2388.25 5.2346783357799885e+38
2388.87 5.230822702885228e+38
2389.49 5.227812465789282e+38
2390.11 5.2246836568544095e+38
2390.73 5.220955601160157e+38
2391.35 5.2180711915361135e+38
2391.97 5.214467920323289e+38
2392.59 5.21134709800479e+38
2393.21 5.207748470027324e+38
2393.83 5.20451182955929e+38
2394.45 5.200678415980836e+38
2395.07 5.197805208847867e+38
2395.69 5.193737549109501e+38
2396.31 5.190987702114543e+38
2396.93 5.1876420272963854e+38
2397.55 5.1839404025340455e+38
2398.17 5.180599269813396e+38
2398.79 5.156796578299674e+38
2399.42 5.17404259858714e+38
2400.04 5.170588786582577e+38
2400.66 5.1668993301035866e+38
2401.28 5.1635691806273934e+38
2401.91 5.16000354506945e+38
2402.53 5.156559104509101e+38
2403.15 5.152523722840358e+38
2403.77 5.149677119622554e+38
2404.4 5.146239572227751e+38
2405.02 5.132275958401175e+38
2405.64 5.133694254590835e+38
2406.27 5.136295482315269e+38
2406.89 5.132985057509748e+38
2407.51 5.129676766326185e+38
2408.14 5.126488647793699e+38
2408.76 5.123420480450148e+38
2409.39 5.119646795178392e+38
2410.01 5.116464910320726e+38
2410.64 5.1129318020041655e+38
2411.26 5.109518783092977e+38
2411.89 5.106343192843042e+38
2412.51 5.103052072768493e+38
2413.14 5.099763073873526e+38
2413.76 5.096358845441046e+38
2414.39 5.061858492369336e+38
2415.01 5.0897915924680486e+38
2415.64 5.086394020266461e+38
2416.26 5.0833498492750494e+38
2416.89 5.079956577109565e+38
2417.52 5.0767993599113924e+38
2418.14 5.073410460372992e+38
2418.77 5.06979034516635e+38
2419.4 5.065006417972427e+38
2420.02 5.063373915956428e+38
2420.65 5.060227004961112e+38
2421.28 5.0570820497859616e+38
2421.91 5.053589947531695e+38
2422.53 5.050332827769633e+38
2423.16 5.044754077148838e+38
2423.79 5.0439410243873874e+38
2424.42 5.040690123511025e+38
2425.05 5.0372093404883096e+38
2425.68 5.034078690901216e+38
2426.3 5.030602473317242e+38
2426.93 5.02747592992955e+38
2427.56 5.02411995510163e+38
2428.19 5.020881829222361e+38
2428.82 5.0177613272612535e+38
2429.45 5.014411837190789e+38
2430.08 5.0110645829946524e+38
2430.71 5.0079501824988154e+38
2431.34 5.004376776256334e+38
2431.97 4.999769696874596e+38
2432.6 4.997812972689754e+38
2433.23 4.994476798680219e+38
2433.86 4.991027927667991e+38
2434.49 4.987925980048914e+38
2435.12 4.984481632619315e+38
2435.75 4.9813837535536964e+38
2436.39 4.9779439237735375e+38
2437.02 4.974850107925092e+38
2437.65 4.971872695179477e+38
2438.28 4.96843943313701e+38
2438.91 4.963408270184528e+38
2439.54 4.961922765442067e+38
2440.18 4.9590672750490325e+38
2440.81 4.952106773100052e+38
2441.44 4.950282685572467e+38
2442.07 4.949598825985853e+38
2442.71 4.94640873016934e+38
2443.34 4.943334513593858e+38
2443.97 4.939807213647608e+38
2444.61 4.936964450326048e+38
2445.24 4.933441695717314e+38
2445.88 4.93037553821548e+38
2446.51 4.9273112863451306e+38
2447.14 4.9242489389219075e+38
2447.78 4.919715626029743e+38
2448.41 4.917790232035293e+38
2449.05 4.9142811591264246e+38
2449.68 4.9111138261125666e+38
2450.32 4.907157530405359e+38
2450.95 4.9011726347194365e+38
2451.59 4.9018498035183104e+38
2452.22 4.898803280527885e+38
2452.86 4.8956459232549926e+38
2453.49 4.8924906009494134e+38
2454.13 4.889337312299741e+38
2454.76 4.88618605599509e+38
2455.4 4.8828119637472435e+38
2456.04 4.879777272864875e+38
2456.67 4.876632178158947e+38
2457.31 4.873376895575197e+38
2457.95 4.870235926015151e+38
2458.58 4.8670969808602756e+38
2459.22 4.863848063276091e+38
2459.86 4.8604893962386655e+38
2460.5 4.85746857893828e+38
2461.14 4.8540025483449055e+38
2461.77 4.848194114353563e+38
2462.41 4.847859224535484e+38
2463.05 4.844511598382754e+38
2463.69 4.8410548131998e+38
2464.33 4.8383802865115825e+38
2464.96 4.83515053808996e+38
2465.6 4.832145469010552e+38
2466.24 4.829031073766125e+38
2466.88 4.8258075661943984e+38
2467.52 4.822697255829894e+38
2468.16 4.819588950110377e+38
2468.8 4.802529043984923e+38
2469.44 4.81315668827798e+38
2470.08 4.810276047905018e+38
2470.72 4.807286438439686e+38
2471.36 4.8040774459944e+38
2472.0 4.800981141040914e+38
2472.64 4.797886831705545e+38
2473.28 4.7945737133389126e+38
2473.92 4.791704194745471e+38
2474.56 4.788726127775297e+38
2475.21 4.7854193352136506e+38
2475.85 4.782445174313599e+38
2476.49 4.7794728618687056e+38
2477.13 4.776392414964176e+38
2477.77 4.7732040451069566e+38
2478.42 4.777712363310168e+38
2479.06 4.767162981517661e+38
2479.7 4.763980772554447e+38
2480.34 4.761019935823156e+38
2480.99 4.758170498929197e+38
2481.63 4.754665840664191e+38
2482.27 4.7510543654465126e+38
2482.92 4.748976275730648e+38
2483.56 4.7461340468824944e+38
2484.2 4.742965875296264e+38
2484.85 4.739690681881965e+38
2485.49 4.736854010396319e+38
2486.14 4.733910033076859e+38
2486.78 4.730750021347303e+38
2487.42 4.727592119010129e+38
2488.07 4.724653898000338e+38
2488.71 4.72139134968378e+38
2489.36 4.718348337245266e+38
2490.0 4.715307286077145e+38
2490.65 4.7122681949151915e+38
2491.29 4.709339497797182e+38
2491.94 4.7061958875578905e+38
2492.59 4.703162668838472e+38
2493.23 4.700023181798014e+38
2493.88 4.696020671795644e+38
2494.52 4.643976356672089e+38
2495.17 4.690833305114779e+38
2495.82 4.688025874424966e+38
2496.47 4.684896491600092e+38
2497.11 4.682092614051348e+38
2497.76 4.679290414603565e+38
2498.41 4.676382213332948e+38
2499.05 4.6732606029637675e+38
2499.7 4.670356149249792e+38
