WAVE FLUX
900.0 2.317394649968489e+39
900.44 2.3086601148604923e+39
900.88 2.3064816299226418e+39
901.32 2.28738885112865e+39
901.77 2.2512306865301618e+39
902.21 2.3244488827547123e+39
902.65 2.2931897926837792e+39
903.09 2.316007705594701e+39
903.54 2.3211328606639596e+39
903.98 2.218911597108319e+39
904.42 2.288231711574995e+39
904.87 2.288231711574995e+39
905.31 2.3129167432486882e+39
905.75 2.2718518126838653e+39
906.2 1.928812447156436e+39
906.64 2.3184620954131388e+39
907.09 2.3135026430827625e+39
907.53 2.314994694287177e+39
907.98 2.3151013061874523e+39
908.42 2.3128102319489373e+39
908.87 2.302448898154922e+39
909.31 2.311479254481042e+39
909.76 2.2560566465556772e+39
910.21 2.3095639924377092e+39
910.65 2.309404458919281e+39
911.1 2.2954085765334467e+39
911.54 2.3912225632826843e+39
911.99 5.577890701064337e+39
912.44 5.386541373894304e+39
912.89 5.476839323209737e+39
913.33 5.454563474705523e+39
913.78 5.575964498530022e+39
914.23 3.657379278558156e+39
914.68 5.551751262497676e+39
915.13 5.557762703204205e+39
915.58 5.537452322895917e+39
916.02 5.535667546859197e+39
916.47 5.511121681080962e+39
916.92 5.2695071727347584e+39
917.37 5.32034750871954e+39
917.82 5.306155828814904e+39
918.27 5.283722494085708e+39
918.72 4.65146759778903e+39
919.17 4.787182673648581e+39
919.62 4.1918911800758456e+39
920.08 4.666164013762659e+39
920.53 4.3934936192091896e+39
920.98 1.3545030896339264e+39
921.43 1.8537023478482566e+39
921.88 2.3768402866248638e+39
922.33 3.5208700807091e+39
922.78 3.588558248704287e+39
923.24 2.3454166291406422e+39
923.69 2.395852073452438e+39
924.14 3.342181261989953e+39
924.6 6.123221925964136e+39
925.05 5.831764797316408e+39
925.5 5.645338659076968e+39
925.96 5.529807331981439e+39
926.41 3.6960684021981984e+39
926.87 5.2659896355702417e+39
927.32 5.0456834407865974e+39
927.78 4.8679936158372614e+39
928.23 4.3202611527254e+39
928.68 4.1027022540498496e+39
929.14 3.70373580494051e+39
929.6 3.556804542454435e+39
930.05 3.266479974155023e+39
930.51 3.1142968034666064e+39
930.97 2.7100668258276193e+39
931.42 3.438507690390788e+39
931.88 3.748694076888323e+39
932.34 4.1243926097548013e+39
932.79 4.590394388483403e+39
933.25 5.738917743447706e+39
933.71 7.693429882442043e+39
934.16 7.229362466614409e+39
934.62 6.812868399681493e+39
935.08 6.44421468146175e+39
935.54 6.239072035989534e+39
936.0 6.001226246551388e+39
936.46 5.854098156008864e+39
936.92 5.56672798150952e+39
937.38 3.103916288650454e+39
937.84 2.0620063577379654e+39
938.3 5.387285603494871e+39
938.76 4.7821148261145326e+39
939.22 4.9886151350933335e+39
939.68 4.704029103217641e+39
940.14 4.4805362979216665e+39
940.6 4.196526790685505e+39
941.06 4.036082175650366e+39
941.52 3.855848839886544e+39
941.98 3.595505852479062e+39
942.45 2.90101517118217e+39
942.91 3.8114480086044404e+39
943.37 4.14877612314642e+39
943.83 4.552186012570296e+39
944.29 5.506555236389106e+39
944.76 7.040929568085476e+39
945.22 7.009709175843842e+39
945.68 6.549226342687993e+39
946.15 6.475898004649537e+39
946.61 6.204974484866187e+39
947.08 6.061917199661747e+39
947.54 5.926113976811931e+39
948.01 5.546512550040093e+39
948.47 5.616942783556365e+39
948.93 5.417263992342789e+39
949.4 2.8419733427591453e+39
949.87 2.4016515673200165e+39
950.33 5.562499692745915e+39
950.8 5.572627323056016e+39
951.26 5.246745515605157e+39
951.73 5.696656068078163e+39
952.2 5.679367867720042e+39
952.66 5.629502288269454e+39
953.13 5.665783822088983e+39
953.6 5.658743387360859e+39
954.07 5.564677500866475e+39
954.53 5.549322951576216e+39
955.0 5.090846472809357e+39
955.47 5.962247497908105e+39
955.94 5.73971065900584e+39
956.41 5.715181143810564e+39
956.88 5.694426608447726e+39
957.35 5.671788138090529e+39
957.82 5.641050660436078e+39
958.28 5.591264017835161e+39
958.76 2.722638616285229e+39
959.23 5.605314696465417e+39
959.7 5.2496457756254146e+39
960.17 5.634430158913917e+39
960.64 5.549961877770304e+39
961.11 5.655096236502497e+39
961.58 5.651711701240737e+39
962.05 5.643259222524236e+39
962.52 5.552774027070606e+39
962.99 5.626910403508798e+39
963.47 5.654445206964787e+39
963.94 5.2658683830738323e+39
964.41 5.627169538275836e+39
964.89 5.627817427405367e+39
965.36 5.546895702787073e+39
965.83 5.575065831664702e+39
966.31 5.524462119226984e+39
966.78 5.358213324294256e+39
967.25 5.348598522191816e+39
967.73 5.398461394609907e+39
968.2 5.03755731060071e+39
968.68 5.3031022389648867e+39
969.15 5.2702352323459505e+39
969.63 5.0395295953332604e+39
970.1 5.226368167369403e+39
970.58 5.076098022607624e+39
971.05 5.2184316555741805e+39
971.53 4.99562695187385e+39
972.01 3.6150141369918824e+39
972.48 1.873052713767473e+39
972.96 5.046496774415024e+39
973.44 4.713570422636319e+39
973.91 4.987696282857723e+39
974.39 4.955186445067134e+39
974.87 4.936964450326048e+39
975.35 4.950966639644382e+39
975.83 4.904446484097316e+39
976.3 5.001151375172355e+39
976.78 4.8042986870308704e+39
977.26 5.1174074847988495e+39
977.74 5.09577213921998e+39
978.22 4.121639467229266e+39
978.7 5.1698744926856105e+39
979.18 4.928332491971539e+39
979.66 5.031992672203161e+39
980.14 5.2413118460708174e+39
980.62 5.219993954170715e+39
981.1 5.04463791873077e+39
981.58 5.1839404025340454e+39
982.07 5.194574748163997e+39
982.55 5.2012772006787174e+39
983.03 5.1710650373408594e+39
983.51 4.9922922370917547e+39
983.99 4.827919276275011e+39
984.47 5.1868059455744216e+39
984.96 5.1509816174946586e+39
985.44 5.153947614467004e+39
985.92 3.8342462368005565e+39
986.41 4.8642960608686125e+39
986.89 3.99282246172809e+39
987.38 4.960780372030749e+39
987.86 5.223119954670824e+39
988.34 5.0832328021667184e+39
988.83 5.094129721105596e+39
989.31 5.065939512572858e+39
989.8 2.847147717043456e+39
990.28 4.829920696097945e+39
990.77 4.955756964830351e+39
991.26 4.432614879784838e+39
991.74 5.1744000211326194e+39
992.23 5.143633308414084e+39
992.72 5.0744619456569784e+39
993.2 5.17714108105519e+39
993.69 5.20199583331974e+39
994.18 5.1468320890613263e+39
994.66 4.3693818466898526e+39
995.15 4.623597284566089e+39
995.64 5.191704913110689e+39
996.13 4.5077518470060466e+39
996.61 5.1627369786772004e+39
997.1 4.90681856767955e+39
997.59 4.574251087497359e+39
998.08 5.1816729704211007e+39
998.57 5.161667201818825e+39
999.06 5.1126963482147644e+39
999.55 5.2142277907305046e+39
1000.04 5.253757221873957e+39
1000.53 5.269143180646814e+39
1001.02 5.2222781550434117e+39
1001.51 5.270477941236215e+39
1002.01 5.010141595798771e+39
1002.5 5.2151883754554676e+39
1002.99 5.210867137302464e+39
1003.48 5.243605375373338e+39
1003.97 5.225285205416878e+39
1004.46 5.2334731453076955e+39
1004.96 5.233593651867601e+39
1005.45 5.1543036488522974e+39
1005.94 3.7950718275685283e+39
1006.43 5.1557280323587126e+39
1006.93 5.111990051901351e+39
1007.42 5.155490607775366e+39
1007.92 4.178303666466239e+39
1008.41 5.1601223599098156e+39
1008.91 5.168208190644729e+39
1009.4 5.220835385598773e+39
1009.9 4.6447249375501454e+39
1010.39 3.351351651570493e+39
1010.89 5.134048889875186e+39
1011.38 4.474659570119711e+39
1011.88 5.1785717756491886e+39
1012.37 5.0513795301188936e+39
1012.87 3.8039079588630344e+39
1013.37 5.1399630859271357e+39
1013.86 5.1325123138857093e+39
1014.36 5.199600777232194e+39
1014.86 4.708255257137208e+39
1015.36 5.0018423574988545e+39
1015.85 5.07715006489999e+39
1016.35 5.107519107191583e+39
1016.85 4.988155687818215e+39
1017.35 4.516687045627019e+39
1017.85 4.017353052313281e+39
1018.35 4.788836393538771e+39
1018.85 4.809057834497419e+39
1019.35 4.995857014294174e+39
1019.85 4.881462979320129e+39
1020.35 4.621574944001596e+39
1020.85 4.9163183803732006e+39
1021.35 4.695696293383599e+39
1021.85 4.684141436354393e+39
1022.35 4.4202822356611806e+39
1022.85 4.082441780492718e+39
1023.35 3.942121449840443e+39
1023.85 3.409887100677588e+39
1024.35 3.340719407004696e+39
1024.86 3.04957978412738e+39
1025.36 1.5477827423393025e+39
1025.86 1.2617984802724701e+39
1026.37 2.50120909954367e+39
1026.87 2.0884303694978243e+39
1027.37 2.0745791078604413e+39
1027.88 2.141509473763618e+39
1028.38 2.174502944094309e+39
1028.89 2.237072195441305e+39
1029.39 2.3231646996970123e+39
1029.9 2.3627077182154307e+39
1030.4 2.5025917007642048e+39
1030.91 2.5323865603053885e+39
1031.41 2.806338148688179e+39
1031.92 3.2254476681568205e+39
1032.42 2.928464744724164e+39
1032.93 2.6008781130699944e+39
1033.44 2.5535831267330675e+39
1033.94 2.3985015308962905e+39
1034.45 2.673745089676386e+39
1034.96 2.7533409879949806e+39
1035.46 2.3485510240588975e+39
1035.97 3.515766308576832e+39
1036.48 3.952846956814191e+39
1036.99 4.0504194513649474e+39
1037.5 5.985218367030965e+39
1038.01 6.585670531543834e+39
1038.51 6.97493235424444e+39
1039.02 6.544251783081975e+39
1039.53 6.072394804283092e+39
1040.04 6.013537173983863e+39
1040.55 5.922839989922713e+39
1041.06 5.734162549862246e+39
1041.57 5.410656957680294e+39
1042.08 5.410407793456484e+39
1042.59 5.30811104900759e+39
1043.11 5.233593651867601e+39
1043.62 5.0866282627610067e+39
1044.13 5.148610048913077e+39
1044.64 5.125544400657511e+39
1045.15 5.0883854253565424e+39
1045.67 5.0439410243873874e+39
1046.18 5.0148737028580036e+39
1046.69 4.987696282857723e+39
1047.2 4.992177286638289e+39
1047.72 4.96638061399777e+39
1048.23 4.9945918020825155e+39
1048.75 5.000345349769763e+39
1049.26 5.001151375172355e+39
1049.78 4.9993092222735984e+39
1050.29 4.994821816831332e+39
1050.81 4.9809249722827596e+39
1051.32 4.9534752798257245e+39
1051.83 4.968096237353537e+39
1052.35 4.9530190689018396e+39
1052.87 4.866760785323615e+39
1053.38 4.9325330058688087e+39
1053.9 4.9333281003320415e+39
1054.42 4.925269509864157e+39
1054.93 4.914507475348295e+39
1055.45 4.788836393538771e+39
1055.97 4.649754249426712e+39
1056.49 4.886973679610548e+39
1057.01 4.8665366678674494e+39
1057.52 4.831144194411361e+39
1058.04 4.823474645435072e+39
1058.56 4.8047411996705626e+39
1059.08 4.7971135660363e+39
1059.6 4.8113837824249193e+39
1060.12 4.547890504280078e+39
1060.64 4.5881752725705745e+39
1061.16 4.646864405023373e+39
1061.68 4.599599308388749e+39
1062.2 4.564571349614034e+39
1062.72 2.490749202869213e+39
1063.24 4.681230220150662e+39
1063.76 4.7314036437655454e+39
1064.28 4.7183483372452663e+39
1064.81 4.711617215974296e+39
1065.33 4.705979164218268e+39
1065.85 4.611901254125013e+39
1066.37 4.7038124796598273e+39
1066.9 4.7089057715742397e+39
1067.42 4.7028377970917125e+39
1067.94 4.486937291847498e+39
1068.47 4.7070628807281365e+39
1068.99 4.571197652389926e+39
1069.52 4.6870544630180635e+39
1070.04 4.4005808043108716e+39
1070.56 4.589020523537652e+39
1071.09 4.6940747373895857e+39
1071.61 4.705437399531834e+39
1072.14 4.6045797581979744e+39
1072.67 4.6091410637117023e+39
1073.19 4.6417313378436977e+39
1073.72 4.635322976771488e+39
1074.24 4.638632857861918e+39
1074.77 4.674444416700191e+39
1075.3 4.611264140431619e+39
1075.82 4.674444416700191e+39
1076.35 4.667131095537623e+39
1076.88 4.659185481576494e+39
1077.41 4.652753023363131e+39
1077.94 4.6011882280898287e+39
1078.47 4.621468529530987e+39
1078.99 4.459025952035692e+39
1079.52 4.5805750163261645e+39
1080.05 4.581946352848714e+39
1080.58 4.561104263416911e+39
1081.11 4.44590317301826e+39
1081.64 4.3792526354192325e+39
1082.17 4.52022444925448e+39
1082.7 4.467453080328849e+39
1083.23 4.382076954288567e+39
1083.77 4.3936959517263e+39
1084.3 4.3555198765878515e+39
1084.83 3.828423734537102e+39
1085.36 4.405954419776833e+39
1085.89 4.400479478359869e+39
1086.43 4.468893449197651e+39
1086.96 4.474041415755965e+39
1087.49 4.4902446077329385e+39
1088.02 4.465396215802408e+39
1088.56 4.424049728416865e+39
1089.09 4.427106809460312e+39
1089.63 4.3414019801402206e+39
1090.16 4.502461418013105e+39
1090.69 4.4699225684186976e+39
1091.23 4.269431008447986e+39
1091.77 4.5426575647404205e+39
1092.3 4.469407979187742e+39
1092.84 4.516375054715073e+39
1093.37 4.5045353556268105e+39
1093.91 4.58152435942771e+39
1094.44 4.5875414365162504e+39
1094.98 4.592931835226824e+39
1095.52 4.50422420409488e+39
1096.06 4.5328359334357317e+39
1096.59 4.430166002990002e+39
1097.13 4.55543652919635e+39
1097.67 4.439560717718733e+39
1098.21 4.463854188902248e+39
1098.74 4.536072633017893e+39
1099.28 4.5289757990361953e+39
1099.82 4.479195312542867e+39
1100.36 4.5130484922964e+39
1100.9 4.503187187539659e+39
1101.44 4.4885906451751714e+39
1101.98 4.4366993496421136e+39
1102.52 4.48136171923047e+39
1103.06 4.3873269513253217e+39
1103.6 4.451127145610801e+39
1104.15 4.390560844552843e+39
1104.69 4.437312344652385e+39
1105.23 4.432614879784838e+39
1105.77 4.4382319959731876e+39
1106.31 4.435780015902777e+39
1106.85 4.405751522749406e+39
1107.4 4.4156027993507383e+39
1107.94 3.0908647384026516e+39
1108.48 3.7637433397319584e+39
1109.03 4.4082884072983616e+39
1109.57 4.3836916685230755e+39
1110.11 4.32454081168485e+39
1110.66 4.260003932408255e+39
1111.2 4.3202611527254e+39
1111.75 4.2749397671022166e+39
1112.29 4.2339916773247654e+39
1112.84 4.325237901486642e+39
1113.39 4.339303233626787e+39
1113.93 4.30992785049825e+39
1114.48 4.329522490422931e+39
1115.02 4.037011624918201e+39
1115.57 4.2709058723626206e+39
1116.12 3.850436805349315e+39
1116.67 4.1184139852723097e+39
1117.21 3.9425753294715625e+39
1117.76 3.8129402518192514e+39
1118.31 4.3437017719860245e+39
1118.86 4.351009184085378e+39
1119.41 4.2822301016962753e+39
1119.95 4.2996192637063114e+39
1120.5 4.27297153782231e+39
1121.05 4.182250097898823e+39
1121.6 4.230386036802805e+39
1122.15 4.2438497532876274e+39
1122.7 4.227562140826024e+39
1123.25 4.203876993730813e+39
1123.8 2.5607076564040703e+39
1124.36 4.147247939056755e+39
1124.91 3.9487532831227065e+39
1125.46 4.1485850693445305e+39
1126.01 4.150496003347107e+39
1126.56 4.1175606038211816e+39
1127.11 4.0167055836868716e+39
1127.67 3.819178879757557e+39
1128.22 2.726591019794567e+39
1128.77 3.0659848179674635e+39
1129.33 4.2285356850616945e+39
1129.88 4.225518427448717e+39
1130.44 4.0926065973001266e+39
1130.99 4.160255467209286e+39
1131.54 4.2372101115581e+39
1132.1 4.251184954070212e+39
1132.65 4.2415051631385254e+39
1133.21 4.230093822180924e+39
1133.77 4.1987498370972555e+39
1134.32 4.1409501274346835e+39
1134.88 4.206685068676616e+39
1135.43 4.266482808378804e+39
1135.99 4.254710352460721e+39
1136.55 4.249619048122e+39
1137.1 4.241700496167472e+39
1137.66 4.2350642170209984e+39
1138.22 4.1927599668460764e+39
1138.78 4.214538252630326e+39
1139.34 3.9137222382997745e+39
1139.9 3.8095177372124073e+39
1140.45 4.1966234203983284e+39
1141.01 4.196526790685505e+39
1141.57 3.746191723195347e+39
1142.13 4.181287210086611e+39
1142.69 4.1764760953185556e+39
1143.25 4.1683099014931515e+39
1143.81 4.1483940243407915e+39
1144.38 3.990984122357997e+39
1144.94 3.8812355443930295e+39
1145.5 4.1463885828878323e+39
1146.06 4.14390699852908e+39
1146.62 4.140473410375521e+39
1147.18 4.134471475535024e+39
1147.75 4.1308554682299325e+39
1148.31 4.1280980115732785e+39
1148.87 4.116138694340527e+39
1149.44 4.1113078739611235e+39
1150.0 4.089121359417705e+39
1150.0 4.089121359417705e+39
1150.3 4.115285784355134e+39
1150.6 4.116138694340527e+39
1150.89 4.0708021948170447e+39
1151.19 4.109698860739374e+39
1151.49 4.114527790515014e+39
1151.79 4.111686556848764e+39
1152.09 4.106955526684831e+39
1152.39 4.0970380749963643e+39
1152.69 3.9267205928766453e+39
1152.98 4.1159491435131034e+39
1153.28 4.112159959508148e+39
1153.58 4.1062936170097396e+39
1153.88 4.033666608899256e+39
1154.18 4.0392431765309566e+39
1154.48 4.102135483938795e+39
1154.78 4.095811867286028e+39
1155.08 4.0759608132687307e+39
1155.38 4.082535783270858e+39
1155.68 4.0912875094314363e+39
1155.98 3.8816824138717086e+39
1156.28 4.089497998757733e+39
1156.57 4.057420321248815e+39
1156.88 4.0729586405312056e+39
1157.18 4.078965198904039e+39
1157.47 4.0649948526530193e+39
1157.78 4.063965383412168e+39
1158.07 3.8345111062955725e+39
1158.38 4.067616496714665e+39
1158.68 4.053778360085458e+39
1158.97 4.0296748053312187e+39
1159.28 4.0478088910748064e+39
1159.58 4.0325522195925096e+39
1159.88 4.0620942890585786e+39
1160.18 4.016335648467296e+39
1160.48 3.9930063422316425e+39
1160.78 4.0652756622482746e+39
1161.08 4.06284262340108e+39
1161.38 4.0629361748867554e+39
1161.68 4.061720173577259e+39
1161.98 4.0020268681051375e+39
1162.28 4.0513522022926187e+39
1162.58 4.066867283073124e+39
1162.89 4.0642461218917507e+39
1163.19 3.770682800695771e+39
1163.49 4.028468758859109e+39
1163.79 4.015965747318378e+39
1164.09 4.021240056389076e+39
1164.39 3.94430054871268e+39
1164.7 4.0129153624422985e+39
1165.0 3.746105464936235e+39
1165.3 4.0019347190919344e+39
1165.6 3.815487191705205e+39
1165.9 3.6184285382797075e+39
1166.21 3.9974220156757597e+39
1166.51 3.983822682488326e+39
1166.81 3.8141695966694045e+39
1167.11 3.915344676625884e+39
1167.42 3.776417486995974e+39
1167.72 3.749298343682147e+39
1168.02 3.962780342554385e+39
1168.32 3.9407601244337235e+39
1168.63 3.7430014900277844e+39
1168.93 2.811706597879538e+39
1169.23 3.903192764172762e+39
1169.54 3.8351292062750117e+39
1169.84 3.8988811792141464e+39
1170.14 3.880252612617089e+39
1170.44 3.669272787189837e+39
1170.75 3.842642661172569e+39
1171.05 3.2136605386403016e+39
1171.35 3.860468383357538e+39
1171.66 3.825251551766983e+39
1171.96 3.4237338762645345e+39
1172.27 3.833804828299159e+39
1172.57 3.798656294362958e+39
1172.87 3.7640033388911665e+39
1173.18 3.8060106570291674e+39
1173.48 3.6936011775524864e+39
1173.79 3.772159083675908e+39
1174.09 3.746968136911268e+39
1174.4 3.77415732773189e+39
1174.7 3.7112482002896104e+39
1175.0 2.5320950253106312e+39
1175.31 2.4940203914051956e+39
1175.61 2.4067445663944423e+39
1175.92 2.4686527231166486e+39
1176.22 3.383529754589618e+39
1176.53 3.694196563704423e+39
1176.83 3.8630470707364833e+39
1177.14 3.851589552460723e+39
1177.44 3.840431294788765e+39
1177.75 3.790181434741376e+39
1178.05 3.822874139715668e+39
1178.36 3.713043181834224e+39
1178.66 3.816365841252633e+39
1178.97 3.759499228166174e+39
1179.27 3.826837314462113e+39
1179.58 3.8329221637388963e+39
1179.89 3.8251634731090636e+39
1180.19 3.8399007562468674e+39
1180.5 3.71800526129414e+39
1180.8 3.846006377003472e+39
1181.11 3.854872337351628e+39
1181.42 3.736371063442285e+39
1181.72 3.77424423191645e+39
1182.03 3.8726656196107885e+39
1182.33 3.878108898164368e+39
1182.64 3.761490765855795e+39
1182.95 2.838834012918692e+39
1183.25 3.862958121814535e+39
1183.56 3.8739142207483385e+39
1183.87 3.855760056708078e+39
1184.17 3.8490185132820796e+39
1184.48 2.550292536943489e+39
1184.79 3.793062510239339e+39
1185.09 3.921118795251992e+39
1185.4 3.685700147380919e+39
1185.71 3.908948961877512e+39
1186.02 3.884096398275286e+39
1186.32 3.89502276221751e+39
1186.63 3.752753165832447e+39
1186.94 3.861001763618362e+39
1187.25 3.8739142207483385e+39
1187.56 3.8549611000893017e+39
1187.86 3.854783576657705e+39
1188.17 3.8502594902643934e+39
1188.48 3.8068871242726094e+39
1188.79 3.841315688589428e+39
1189.09 3.81610222514483e+39
1189.4 3.7912288452724126e+39
1189.71 3.8263967588953846e+39
1190.02 3.8139061322675626e+39
1190.33 3.7107355078190434e+39
1190.64 3.8114480086044404e+39
1190.94 3.804959162696889e+39
1191.25 3.238843771976296e+39
1191.56 3.7957709700253475e+39
1191.87 3.790181434741376e+39
1192.18 3.7765914014526744e+39
1192.49 3.7743311381020134e+39
1192.8 3.765823835975252e+39
1193.11 3.6442654192348477e+39
1193.42 3.7597589341423536e+39
1193.73 3.691475581654127e+39
1194.04 3.741708926343394e+39
1194.34 3.7329313228194596e+39
1194.65 3.7364570975558773e+39
1194.96 3.72734849690331e+39
1195.27 3.705271193134622e+39
1195.58 3.658811201386461e+39
1195.89 3.680781182583553e+39
1196.2 3.0523195617254625e+39
1196.51 3.6344608914458576e+39
1196.82 3.638312512399358e+39
1197.13 3.592526662476606e+39
1197.44 3.615929879501517e+39
1197.75 3.585089482765527e+39
1198.06 3.608610429725207e+39
1198.38 3.503724903398516e+39
1198.69 3.5785739814041616e+39
1199.0 3.5389139277123176e+39
1199.31 3.6368886119966705e+39
1199.62 3.604790252239904e+39
1199.93 3.5973276846807886e+39
1200.24 3.512448780847737e+39
1200.55 3.55238477442089e+39
1200.86 3.4789645228411765e+39
1201.17 3.503079552860687e+39
1201.48 3.529717921527349e+39
1201.8 3.5013860731895516e+39
1202.11 2.779649263232836e+39
1202.42 3.4977599444251075e+39
1202.73 3.503079552860687e+39
1203.04 3.479365076490936e+39
1203.35 3.382750757760896e+39
1203.67 3.482571166386529e+39
1203.98 3.477282701002097e+39
1204.29 3.442389433509258e+39
1204.6 3.452232207690567e+39
1204.92 3.446275558740897e+39
1205.23 3.424443459259109e+39
1205.54 3.358458607088846e+39
1205.85 3.4263363996403383e+39
1206.16 3.370854445805642e+39
1206.48 2.4200258220807622e+39
1206.79 3.4184560445987214e+39
1207.1 3.407924776732352e+39
1207.42 3.381816198304862e+39
1207.73 3.398051839269079e+39
1208.04 3.384542718663083e+39
1208.35 3.3337267510596185e+39
1208.67 3.319326705138053e+39
1208.98 3.363566357483632e+39
1209.29 3.349114534587949e+39
1209.61 3.274462340614426e+39
1209.92 3.325599911953117e+39
1210.23 3.305749949700436e+39
1210.55 3.2540183674343286e+39
1210.86 3.285110633598567e+39
1211.18 3.2399626221919277e+39
1211.49 3.085531610417644e+39
1211.8 3.2627214640949385e+39
1212.12 3.2514718619441676e+39
1212.43 3.2489273492793854e+39
1212.75 3.1730725350810714e+39
1213.06 3.096777479286437e+39
1213.38 3.2228493116098303e+39
1213.69 3.043546910738894e+39
1214.0 3.130473271077246e+39
1214.32 3.175996389166244e+39
1214.63 3.1157313204299527e+39
1214.95 3.095066609582331e+39
1215.26 2.1740023039284948e+39
1215.58 2.2698125869158283e+39
1215.89 2.468141190655192e+39
1216.21 3.475521664434266e+39
1216.52 3.443182164231667e+39
1216.84 3.2146226471205175e+39
1217.15 2.989509927814587e+39
1217.47 3.4068263686338646e+39
1217.79 2.745490845838087e+39
1218.1 3.414208191625735e+39
1218.42 3.343720747792837e+39
1218.73 2.8338052464164015e+39
1219.05 3.42105455607384e+39
1219.36 3.42105455607384e+39
1219.68 3.415308979726394e+39
1220.0 3.0846081377571194e+39
1220.31 3.34996292035706e+39
1220.63 3.4294146597206576e+39
1220.94 3.096848786044008e+39
1221.26 2.7801613407120745e+39
1221.58 3.4565273689765273e+39
1221.9 3.364418404137062e+39
1222.21 3.3347248050666774e+39
1222.53 3.4481011709427616e+39
1222.84 3.325370195583836e+39
1223.16 2.9713239257362885e+39
1223.48 3.490438577710278e+39
1223.8 2.919106903453897e+39
1224.11 3.527767866188735e+39
1224.43 3.529392837463522e+39
1224.75 3.505742390205324e+39
1225.06 3.535248934101237e+39
1225.38 3.549032692979923e+39
1225.7 3.398364825822822e+39
1226.02 3.4660913140420584e+39
1226.34 3.5613118107183834e+39
1226.65 3.5598360763322885e+39
1226.97 3.5544302801648344e+39
1227.29 3.487787364597855e+39
1227.61 3.5116401027335235e+39
1227.93 3.432021501297663e+39
1228.24 3.3732614253073234e+39
1228.56 3.1692755485351855e+39
1228.88 3.30323901950702e+39
1229.2 3.222478288728928e+39
1229.52 2.979545350236747e+39
1229.84 2.795245776853031e+39
1230.16 2.972418803596324e+39
1230.47 2.5509973061758472e+39
1230.79 2.6668586645214916e+39
1231.11 2.743405468551403e+39
1231.43 2.6625636585129725e+39
1231.75 2.5891070066197286e+39
1232.07 2.5368804402999362e+39
1232.39 2.4578195818632944e+39
1232.71 2.4039752937411828e+39
1233.03 2.305207373192829e+39
1233.35 2.1512456244578435e+39
1233.67 2.1386513981488248e+39
1233.99 2.139193153706164e+39
1234.31 2.1440257649112403e+39
1234.63 2.0965730551148197e+39
1234.95 2.1589868642534193e+39
1235.27 2.161772560415108e+39
1235.59 2.1867040031391747e+39
1235.91 2.1988722577530907e+39
1236.23 2.2127889803918923e+39
1236.55 2.243675264137218e+39
1236.87 2.2689765110758972e+39
1237.19 2.2291023001186677e+39
1237.51 2.2675663313717444e+39
1237.83 2.2912369267664534e+39
1238.15 2.3256802242915792e+39
1238.47 2.3631429851494347e+39
1238.79 2.141558784409249e+39
1239.11 2.6552168778726774e+39
1239.44 2.673683525129298e+39
1239.76 2.7048301578087955e+39
1240.08 2.7063253152821623e+39
1240.4 2.790358473049366e+39
1240.72 2.86470561958318e+39
1241.04 2.965445863082116e+39
1241.36 3.1136514863287736e+39
1241.69 3.297387596826118e+39
1242.01 3.4941375709762854e+39
1242.33 3.754741129897814e+39
1242.65 3.9150742235384986e+39
1242.97 4.747554948611175e+39
1243.3 4.79071130003073e+39
1243.62 4.685975353086258e+39
1243.94 4.562890009116121e+39
1244.26 4.429961991003636e+39
1244.58 4.3765309090568485e+39
1244.91 4.2470756810569843e+39
1245.23 4.1031746222936036e+39
1245.55 4.092983557657209e+39
1245.88 4.028283245288522e+39
1246.2 3.9121905527580944e+39
1246.52 3.834952596114848e+39
1246.84 3.7982189830692475e+39
1247.17 3.7808548084314725e+39
1247.49 2.8412536065120553e+39
1247.81 3.4933331086885764e+39
1248.14 3.112504586009033e+39
1248.46 3.612434655644618e+39
1248.79 3.617012419726008e+39
1249.11 3.614597967065855e+39
1249.43 3.5190059406905627e+39
1249.76 3.5817890134811006e+39
1250.08 3.514066695798362e+39
1250.4 3.150793929054072e+39
1250.73 3.219066881694274e+39
1251.05 3.3804926810340466e+39
1251.38 3.5214376236537904e+39
1251.7 3.5017085776162664e+39
1252.03 3.4762419806619536e+39
1252.35 3.4438164802464195e+39
1252.68 3.4239703875907915e+39
1253.0 3.4386660431679623e+39
1253.32 3.487787364597855e+39
1253.65 3.117884334916827e+39
1253.97 3.26587832172338e+39
1254.3 3.5045317587608285e+39
1254.62 3.496552069543699e+39
1254.95 3.367518575465139e+39
1255.27 3.176654627542833e+39
1255.6 3.481448699013178e+39
1255.93 3.481689197275909e+39
1256.25 3.478804314293162e+39
1256.58 3.228940185471153e+39
1256.9 3.4436578902883133e+39
1257.23 3.3919543597565943e+39
1257.55 3.374349011602294e+39
1257.88 3.3758255824612775e+39
1258.2 3.468166987553608e+39
1258.53 3.3809597456202796e+39
1258.86 3.1668682794473363e+39
1259.18 3.3962527259040747e+39
1259.51 3.4099656171336317e+39
1259.84 3.4143654253438697e+39
1260.16 3.3874274304289955e+39
1260.49 3.4227091826199145e+39
1260.82 3.3603924478205885e+39
1261.14 3.439537113806372e+39
1261.47 3.447386685805663e+39
1261.8 3.2550675081126806e+39
1262.12 3.4455614518910704e+39
1262.45 3.4429443258486745e+39
1262.78 3.439774716819365e+39
1263.11 3.4359750374732166e+39
1263.43 3.4265730907488064e+39
1263.76 3.4224727584115455e+39
1264.09 3.413815139007763e+39
1264.42 3.293972734322401e+39
1264.74 3.3710873042240845e+39
1265.07 3.40063484065397e+39
1265.4 3.3825170936874527e+39
1265.73 3.2260418723009094e+39
1266.06 3.252070860363466e+39
1266.38 3.104130706997418e+39
1266.71 3.3065112143964694e+39
1267.04 3.389534041973537e+39
1267.37 3.303086903231161e+39
1267.7 3.3945327261921765e+39
1268.03 3.3772250350728217e+39
1268.35 3.4117719946947586e+39
1268.68 3.39867784120502e+39
1269.01 3.340642484983208e+39
1269.34 3.3654256466378476e+39
1269.67 3.393047972912982e+39
1270.0 3.335723157872011e+39
1270.33 3.300805999518797e+39
1270.66 3.087592661210191e+39
1270.99 3.376758486420334e+39
1271.32 3.3704663841848016e+39
1271.65 3.3772250350728217e+39
1271.97 3.3145914060474494e+39
1272.31 3.438270174897913e+39
1272.63 3.2893493440021625e+39
1272.96 3.4168034741300696e+39
1273.29 3.360005590612446e+39
1273.62 3.159730192124542e+39
1273.95 3.3992256875003486e+39
1274.28 3.340180990047684e+39
1274.61 3.411929116219295e+39
1274.94 3.412557674679576e+39
1275.28 3.408317151158211e+39
1275.61 3.404317050778772e+39
1275.94 3.3281278395965097e+39
1276.27 3.3759810485542377e+39
1276.6 3.335108751549272e+39
1276.93 2.945913563548854e+39
1277.26 3.391017257602597e+39
1277.59 3.332498786949471e+39
1277.92 3.3897681907773376e+39
1278.25 3.2267847814206255e+39
1278.58 3.404865806080549e+39
1278.92 3.161695200744527e+39
1279.25 3.4003216450337626e+39
1279.58 3.3782361116338876e+39
1279.91 3.3925011222674124e+39
1280.24 3.38711545120015e+39
1280.57 3.371242552106299e+39
1280.91 3.384542718663083e+39
1281.24 3.258742164980566e+39
1281.57 3.3180276439342154e+39
1281.9 3.345183916125393e+39
1282.23 3.222923521311988e+39
1282.57 3.3782361116338876e+39
1282.9 3.346878910940905e+39
1283.23 3.3416426094287437e+39
1283.56 3.3294308551894433e+39
1283.9 3.199779119199421e+39
1284.23 3.099987909411186e+39
1284.56 3.268812424418554e+39
1284.9 3.326672131514774e+39
1285.23 3.2570168097301355e+39
1285.56 3.335415940563413e+39
1285.9 3.025937823755368e+39
1286.23 3.250648419260795e+39
1286.56 3.322538331366507e+39
1286.9 3.3044562019345356e+39
1287.23 3.327208370925562e+39
1287.56 3.1935961790516065e+39
1287.9 3.3068919124823555e+39
1288.23 3.096991404484888e+39
1288.56 3.291925514585529e+39
1288.9 3.247655839769037e+39
1289.23 3.2230719458427303e+39
1289.57 3.2742361565814254e+39
1289.9 3.2493762361876236e+39
1290.23 3.2657279259315674e+39
1290.57 3.2617449600589203e+39
1290.9 3.2536437562898216e+39
1291.24 3.153552024550737e+39
1291.57 3.154568773485899e+39
1291.91 3.237352572686401e+39
1292.24 3.218548071227514e+39
1292.58 3.225967590796841e+39
1292.91 3.219734046608429e+39
1293.25 3.156530572264695e+39
1293.58 3.200958178568974e+39
1293.92 3.16249611011531e+39
1294.25 3.18559088478776e+39
1294.59 2.578873265667364e+39
1294.92 3.1683999663108547e+39
1295.26 3.0746097496187806e+39
1295.59 3.135667465898128e+39
1295.93 3.158202696455068e+39
1296.27 2.6561952761374598e+39
1296.6 2.917494191014088e+39
1296.94 3.122338613905424e+39
1297.28 3.1765083405594267e+39
1297.61 3.0034471893463414e+39
1297.95 3.168472922256121e+39
1298.28 3.1732186638361445e+39
1298.62 3.169129601363102e+39
1298.96 2.5380489859637727e+39
1299.29 3.162714575152699e+39
1299.63 3.1553678776155034e+39
1299.97 3.164972931090177e+39
1300.3 3.1260793671239366e+39
1300.64 2.9901983671705927e+39
1300.98 2.850230610868212e+39
1301.32 3.150141049303518e+39
1301.65 3.149488304836953e+39
1301.99 3.177239842848755e+39
1302.33 3.15776640476677e+39
1302.67 3.163952828791394e+39
1303.0 3.1536246386055223e+39
1303.34 2.527900640858362e+39
1303.68 3.109639183113751e+39
1304.02 3.151882362678885e+39
1304.35 3.164827182056387e+39
1304.69 3.159584684522244e+39
1305.03 3.1528985732919407e+39
1305.37 3.1196796500983214e+39
1305.71 3.0115494587915406e+39
1306.05 2.5882725116439775e+39
1306.38 3.1628602268951055e+39
1306.72 3.099773777228657e+39
1307.06 3.1614768061205445e+39
1307.4 2.6820075742059805e+39
1307.74 3.1476758353523265e+39
1308.08 3.1531889793556014e+39
1308.42 3.132780739023632e+39
1308.76 2.9846952883013243e+39
1309.09 3.1531163753320736e+39
1309.43 3.138195533859559e+39
1309.77 3.1269432541188887e+39
1310.11 3.018630807162564e+39
1310.45 3.1744610299945e+39
1310.79 3.175045841187654e+39
1311.13 2.93474249043847e+39
1311.47 3.168035211781702e+39
1311.81 2.6971804306544434e+39
1312.15 3.1883794403301246e+39
1312.49 3.148545690496416e+39
1312.83 3.188966815625314e+39
1313.17 3.183464417556409e+39
1313.51 3.176727773560887e+39
1313.85 3.190582655697147e+39
1314.19 3.1880123857113746e+39
1314.53 2.997781671582363e+39
1314.88 3.153261585050866e+39
1315.22 3.1749727338970775e+39
1315.56 3.106919493772834e+39
1315.9 3.131049978679418e+39
1316.24 3.149560825320057e+39
1316.58 3.1870582414499714e+39
1316.92 3.1265112807838383e+39
1317.26 3.175923259988744e+39
1317.6 3.1672328996207567e+39
1317.94 3.12701525547709e+39
1318.29 2.9104490434582486e+39
1318.63 3.096349673219323e+39
1318.97 3.1696404458716564e+39
1319.31 2.990680369047242e+39
1319.65 3.1209010548715017e+39
1320.0 3.1551499200524743e+39
1320.34 2.786762770601086e+39
1320.68 2.9838019950713067e+39
1321.02 3.1481832216436627e+39
1321.36 2.5531715709305385e+39
1321.71 3.1432577860354795e+39
1322.05 3.141521237460616e+39
1322.39 3.1410149248677305e+39
1322.74 3.132203712632985e+39
1323.08 3.038015602765794e+39
1323.42 3.1275193114079604e+39
1323.76 3.1171664981649106e+39
1324.11 3.112217926943919e+39
1324.45 2.946591963315206e+39
1324.79 3.084395067934936e+39
1325.14 3.116161804355559e+39
1325.48 3.115516100768679e+39
1325.82 2.905895550746675e+39
1326.17 3.089157135297232e+39
1326.51 2.9322432823031034e+39
1326.85 3.046491705257341e+39
1327.2 3.0462111259231973e+39
1327.54 3.055906062176187e+39
1327.89 3.070364952150419e+39
1328.23 3.061187984450041e+39
1328.58 3.038085556465527e+39
1328.92 3.0392050347505624e+39
1329.27 3.051195252760035e+39
1329.61 3.067820887157998e+39
1329.95 3.038715212252116e+39
1330.3 2.930893245250312e+39
1330.64 3.043546910738894e+39
1330.99 2.9480849927648497e+39
1331.33 2.8447886069871385e+39
1331.68 2.614869382844579e+39
1332.02 3.0172409963433315e+39
1332.37 2.979133739268006e+39
1332.71 3.024892882321968e+39
1333.06 2.9961254938699696e+39
1333.41 3.014116261127791e+39
1333.75 3.014671533002343e+39
1334.1 2.994952921617673e+39
1334.44 2.7040206257678565e+39
1334.79 2.99295371033236e+39
1335.13 2.9698875105511165e+39
1335.48 2.9910935753520387e+39
1335.83 2.7825309264426103e+39
1336.17 2.737347918515187e+39
1336.52 2.924219709715249e+39
1336.86 2.8364817914909097e+39
1337.21 2.936838061496422e+39
1337.56 2.90830533522048e+39
1337.91 2.875279050131497e+39
1338.25 2.8160476553404666e+39
1338.6 1.978563531575874e+39
1338.94 3.0561171639795985e+39
1339.29 3.0313773408978467e+39
1339.64 2.6942630804364606e+39
1339.99 3.012104257800127e+39
1340.33 2.9260382564223826e+39
1340.68 3.0005440024431183e+39
1341.03 2.9482207602221265e+39
1341.38 2.984076826047308e+39
1341.72 2.966948445747116e+39
1342.07 2.926981651761496e+39
1342.42 2.7613407374617917e+39
1342.77 2.792350945805193e+39
1343.11 2.549705377987403e+39
1343.46 2.004287417170529e+39
1343.81 3.1009159864810415e+39
1344.16 3.0571024985636404e+39
1344.51 3.057876912883518e+39
1344.86 3.0371762839945836e+39
1345.21 3.035568237766077e+39
1345.55 2.685220783824163e+39
1345.9 3.0266346519101493e+39
1346.25 2.998886298631944e+39
1346.6 3.02036897097279e+39
1346.95 3.021621068612613e+39
1347.3 2.821304749679256e+39
1347.65 2.9923335368409103e+39
1348.0 2.9411014143303924e+39
1348.35 3.0204385183391326e+39
1348.7 2.9861388654132993e+39
1349.05 3.0030322764445887e+39
1349.4 3.0075994726170205e+39
1349.74 3.0108561037310184e+39
1350.09 2.977899247503832e+39
1350.44 2.9629887327003014e+39
1350.8 3.007807237404237e+39
1351.15 2.950733586273474e+39
1351.49 2.4770798127693333e+39
1351.84 2.9956426144135705e+39
1352.2 3.0034471893463414e+39
1352.55 2.982153540679422e+39
1352.9 2.951684943729634e+39
1353.25 2.996056506325259e+39
1353.6 2.981535605103947e+39
1353.95 2.9945391821613143e+39
1354.3 2.9878583199739094e+39
1354.65 2.989854127677712e+39
1355.0 2.977282193465546e+39
1355.35 2.9070332556055486e+39
1355.7 2.954676921646401e+39
1356.06 2.6889950329176116e+39
1356.41 2.952908568322213e+39
1356.76 2.967563358073532e+39
1357.11 2.5253408270127874e+39
1357.46 2.936161907390411e+39
1357.81 2.799561420079778e+39
1358.17 2.9491713075082956e+39
1358.52 2.6739297918232485e+39
1358.87 2.918905265657109e+39
1359.22 2.7257749749177064e+39
1359.57 2.9421851557544686e+39
1359.93 2.91420433574992e+39
1360.28 2.9312306962299744e+39
1360.63 2.917023984404956e+39
1360.98 2.92253687794162e+39
1361.34 2.7613407374617917e+39
1361.69 2.4866805645431343e+39
1362.04 2.897810621949609e+39
1362.4 2.912661397555685e+39
1362.75 2.8711772224174344e+39
1363.1 2.3558628295884284e+39
1363.46 2.784902531817277e+39
1363.81 2.7025889702555142e+39
1364.16 2.873690551167453e+39
1364.52 2.8545654168702897e+39
1364.87 2.6108985677325702e+39
1365.22 2.793315556227241e+39
1365.58 2.252578839097683e+39
1365.93 2.7101916318908418e+39
1366.29 2.730486288439981e+39
1366.64 2.7030246112383257e+39
1366.99 2.6314795540202098e+39
1367.35 2.6029150829948124e+39
1367.7 2.5280752680796835e+39
1368.06 2.4324280336581538e+39
1368.41 2.3426639798030913e+39
1368.77 2.3155811205004096e+39
1369.12 2.3244488827547123e+39
1369.48 2.35369399867228e+39
1369.83 2.437698555616726e+39
1370.19 2.5291232847646906e+39
1370.54 2.6396722083661993e+39
1370.9 2.6366956336270812e+39
1371.25 2.6850971276844687e+39
1371.61 3.2346701438948244e+39
1371.96 2.7868911087244645e+39
1372.32 3.181998715530291e+39
1372.67 2.907635750261205e+39
1373.03 3.030260745910644e+39
1373.39 2.948967593007729e+39
1373.74 2.4740587024435956e+39
1374.1 2.3512564504177086e+39
1374.45 2.896743225696911e+39
1374.81 2.5660788667504097e+39
1375.17 2.870317904152967e+39
1375.52 2.8289808002913345e+39
1375.88 2.845705806311709e+39
1376.23 2.6053135607524533e+39
1376.59 2.786698603755729e+39
1376.95 2.845967917572976e+39
1377.31 2.8441336456113086e+39
1377.66 2.6408881022901055e+39
1378.02 2.7255239333258216e+39
1378.38 2.809376853879687e+39
1378.73 2.723767289443477e+39
1379.09 2.5540535574552973e+39
1379.45 2.7978214793285826e+39
1379.81 2.829111082671552e+39
1380.16 2.4125704270593368e+39
1380.52 2.796147002881651e+39
1380.88 2.831391995799367e+39
1381.24 2.7734478237032605e+39
1381.6 2.6074140416912167e+39
1381.95 2.8291762261115687e+39
1382.31 2.803948288877773e+39
1382.67 2.8205253020577844e+39
1383.03 2.825400384967335e+39
1383.39 2.82195445390231e+39
1383.75 2.7941518214619327e+39
1384.1 2.5369972706517202e+39
1384.46 2.8095062334440206e+39
1384.82 2.780225357029654e+39
1385.18 2.787276158557503e+39
1385.54 2.7721070669669305e+39
1385.9 2.76401248240469e+39
1386.26 2.6273625181982572e+39
1386.62 2.7706393627913305e+39
1386.98 2.7108157484272514e+39
1387.34 2.56832512300386e+39
1387.7 2.7428370042473877e+39
1388.06 2.5537595280988973e+39
1388.42 2.7197563537232428e+39
1388.78 2.7421423745046957e+39
1389.14 2.7491598965510364e+39
1389.49 2.73911332097575e+39
1389.85 2.7364656440170515e+39
1390.21 2.7296062255136055e+39
1390.58 2.7066369104350313e+39
1390.94 2.4885707944883544e+39
1391.3 2.7046433212139928e+39
1391.66 2.7034603224438708e+39
1392.02 2.674976678355582e+39
1392.38 2.6469150299303506e+39
1392.74 2.6645875845572494e+39
1393.1 2.3675545815176735e+39
1393.46 2.576558455878059e+39
1393.82 1.8132596607930034e+39
1394.18 2.544368439951782e+39
1394.55 2.583568614250503e+39
1394.91 2.6813283496555302e+39
1395.27 2.675099868420585e+39
1395.63 2.6841080835452448e+39
1395.99 2.4985612485566517e+39
1396.35 2.67485349396356e+39
1396.72 2.660112475741943e+39
1397.08 2.3559713235792226e+39
1397.44 2.6012374624826983e+39
1397.8 2.5518197831080796e+39
1398.16 2.0295044130279768e+39
1398.53 2.67079158986008e+39
1398.89 2.495743794831559e+39
1399.25 2.668455716470589e+39
1399.61 2.6571128519351325e+39
1399.98 2.3993300870552456e+39
1400.34 2.526387710131916e+39
1400.7 2.3935361990843518e+39
1401.07 2.498273607620701e+39
1401.43 2.6563176012670557e+39
1401.79 2.641861220666347e+39
1402.16 2.5978854645215962e+39
1402.52 2.5826169677085678e+39
1402.88 1.7720664365808147e+39
1403.25 2.322095089121636e+39
1403.61 2.6823781328422406e+39
1403.97 2.65161214793233e+39
1404.34 2.615531772246189e+39
1404.7 2.6532000694841708e+39
1405.06 2.6715911737634195e+39
1405.43 2.6461228313813273e+39
1405.79 2.6648943741997112e+39
1406.16 2.6260319155785272e+39
1406.52 2.52988045588794e+39
1406.89 2.1687025993454558e+39
1407.25 1.992186533086241e+39
1407.62 2.6351782663872282e+39
1407.98 2.6522838448803668e+39
1408.35 2.670668598194068e+39
1408.71 2.2922395419865914e+39
1409.08 2.152236537827813e+39
1409.44 1.9557349639722234e+39
1409.81 2.1503046793402718e+39
1410.17 2.5981845743566177e+39
1410.54 2.634632227970257e+39
1410.9 2.6698078151049987e+39
1411.27 2.6199922097727725e+39
1411.64 2.419635791437577e+39
1412.0 2.6411921632717235e+39
1412.37 2.6693775276056647e+39
1412.73 2.670730093319099e+39
1413.1 2.6716526901317824e+39
1413.46 2.6548500714432227e+39
1413.83 2.6720218180891146e+39
1414.2 2.6180624392119015e+39
1414.56 2.437642426179371e+39
1414.93 2.6379101564719845e+39
1415.3 2.5633623427855692e+39
1415.67 2.6591326345932562e+39
1416.03 2.6532000694841708e+39
1416.4 2.6651398313456653e+39
1416.77 2.655522588610514e+39
1417.13 2.6320249390324762e+39
1417.5 2.6563176012670557e+39
1417.87 2.6382138745852266e+39
1418.23 2.5694489883835598e+39
1418.6 2.6231915217011753e+39
1418.97 2.650879581632242e+39
1419.34 2.649110048516262e+39
1419.71 2.6031548313741922e+39
1420.07 2.2515935712898158e+39
1420.44 2.233315088127469e+39
1420.81 2.61192077652661e+39
1421.18 2.2519565145442598e+39
1421.55 2.636817060744276e+39
1421.92 2.6167967998075385e+39
1422.28 2.6315401467737193e+39
1422.65 2.5631852781036696e+39
1423.02 2.621199038635253e+39
1423.39 2.6349962410084128e+39
1423.76 2.6363920902977707e+39
1424.13 2.6276650218998605e+39
1424.5 2.3946938563122464e+39
1424.87 2.6239768550548117e+39
1425.23 2.6365135034359135e+39
1425.6 2.633237310447683e+39
1425.97 2.5895839816851974e+39
1426.34 2.341854992044713e+39
1426.71 2.600458934830642e+39
1427.08 2.63402565131827e+39
1427.45 2.23326366473919e+39
1427.82 2.2382572505034914e+39
1428.19 2.3429337044872926e+39
1428.56 2.432932164420237e+39
1428.93 2.1769577479218654e+39
1429.3 2.5199388377051762e+39
1429.68 2.6199318829172345e+39
1430.05 2.605673522987231e+39
1430.42 2.2719564377352714e+39
1430.79 2.3565681298463256e+39
1431.16 2.6156522247090644e+39
1431.53 2.589882135721668e+39
1431.9 2.488513493687937e+39
1432.27 2.6140265843983774e+39
1432.64 2.6115599512614345e+39
1433.01 2.5256315843569232e+39
1433.38 2.6109586865859443e+39
1433.76 2.6028551493501232e+39
1434.13 2.6097565724941597e+39
1434.5 2.4703585971248497e+39
1434.87 2.598902578476371e+39
1435.24 2.339160383286508e+39
1435.61 2.6053735510047657e+39
1435.99 2.5984238870199852e+39
1436.36 2.6014171558071625e+39
1436.73 2.5886897255056785e+39
1437.1 2.556877962302691e+39
1437.48 2.5107877437322436e+39
1437.85 2.5805958825318727e+39
1438.22 2.5962708663369526e+39
1438.59 2.582379110849228e+39
1438.97 2.5224350939366418e+39
1439.34 2.5952547823366187e+39
1439.71 2.5197647725091417e+39
1440.09 2.5895839816851974e+39
1440.46 2.0393886596086138e+39
1440.83 2.257615613662857e+39
1441.21 2.4783920082262093e+39
1441.58 2.5844611013554084e+39
1441.95 2.5793483554344468e+39
1442.33 2.5404461875784393e+39
1442.7 2.5063977961320582e+39
1443.07 2.504609364297743e+39
1443.45 2.4625780267376334e+39
1443.82 2.5844611013554084e+39
1444.2 2.5625951508259767e+39
1444.57 2.5807147261005246e+39
1444.95 2.3816613010965553e+39
1445.32 2.5746606767022395e+39
1445.69 2.4594047076371153e+39
1446.07 2.560884549931973e+39
1446.44 2.4579893678893563e+39
1446.82 2.50380210375375e+39
1447.19 2.5323865603053885e+39
1447.57 2.4668344225383822e+39
1447.94 2.4941926781809206e+39
1448.32 2.557349000011966e+39
1448.69 2.4912654209346296e+39
1449.07 2.3628165274322533e+39
1449.45 2.506859534194581e+39
1449.82 2.3301291878369356e+39
1450.2 2.4827900714757125e+39
1450.57 2.5289485851514417e+39
1450.95 2.4974683891541484e+39
1451.33 2.5109611887956393e+39
1451.7 2.5258060548319607e+39
1452.08 2.5129277370926392e+39
1452.45 2.40242589311354e+39
1452.83 2.4619543732217948e+39
1453.21 2.5337863955889648e+39
1453.58 2.0000000199680918e+39
1453.96 2.3938669011741977e+39
1454.34 2.4353983081475347e+39
1454.71 2.0466802559334613e+39
1455.09 2.5272022525888303e+39
1455.47 2.1152904077634436e+39
1455.85 2.4959736719159352e+39
1456.22 2.0636688083217587e+39
1456.6 2.500518085400735e+39
1456.98 2.5188366278417556e+39
1457.36 2.3509316347725553e+39
1457.73 2.0892480235866254e+39
1458.11 2.509805114651501e+39
1458.49 2.3361461022189182e+39
1458.87 2.497698425086847e+39
1459.24 1.927702452972089e+39
1459.62 2.439663900375092e+39
1460.0 2.4972383744075666e+39
1460.38 2.4292376304338155e+39
1460.76 2.0259093089246576e+39
1461.14 2.4728626781870224e+39
1461.52 2.4569142544441273e+39
1461.9 2.481247005625812e+39
1462.27 2.362925341660041e+39
1462.65 1.9247751365707657e+39
1463.03 2.456292035291572e+39
1463.41 2.471041276741766e+39
1463.79 2.3913877487907845e+39
1464.17 2.2745212571458222e+39
1464.55 2.3791947891579843e+39
1464.93 2.2688720232520256e+39
1465.31 2.1203131167398477e+39
1465.69 2.454991540761783e+39
1466.07 2.4603676041476174e+39
1466.45 2.3963486236956167e+39
1466.83 2.3665190238394913e+39
1467.21 2.4412373169742927e+39
1467.59 2.4539177385525963e+39
1467.97 2.4382599210793495e+39
1468.35 2.4405066759682286e+39
1468.73 2.4229251614870137e+39
1469.11 2.4112375596898576e+39
1469.49 2.4455131362068476e+39
1469.87 2.362490114813757e+39
1470.25 2.327180129204207e+39
1470.64 2.4340528291098216e+39
1471.02 2.4166847413194686e+39
1471.4 2.3821549102435194e+39
1471.78 2.3868218230160603e+39
1472.16 2.1108627692091857e+39
1472.54 1.9220292827385392e+39
1472.92 2.4347254756862993e+39
1473.31 2.4271130200526748e+39
1473.69 2.4367445309299272e+39
1474.07 2.4341649239660745e+39
1474.45 2.4305244822203004e+39
1474.83 2.423148331418534e+39
1475.21 2.4245994371022086e+39
1475.6 2.0420200406768944e+39
1475.98 2.441911948972373e+39
1476.36 2.3919935266205803e+39
1476.74 2.4435430794202887e+39
1477.13 2.4503605959481238e+39
1477.51 2.266209208895672e+39
1477.89 2.4046949979503015e+39
1478.28 2.1414108558785838e+39
1478.66 2.434837601519785e+39
1479.04 2.4309162680545292e+39
1479.43 1.9545644703728966e+39
1479.81 2.4156276943313023e+39
1480.19 2.4027024985383177e+39
1480.58 2.4097944509956505e+39
1480.96 2.4085185748146e+39
1481.34 2.379687887110156e+39
1481.73 2.3866569529000453e+39
1482.11 2.405248763188e+39
1482.5 2.40408600344385e+39
1482.88 2.402094008636898e+39
1483.27 2.158837731875264e+39
1483.65 2.3953556261000246e+39
1484.03 2.331417220676649e+39
1484.42 2.2999055433587185e+39
1484.8 2.3878662649328462e+39
1485.19 2.3436351340124612e+39
1485.57 2.3917181540407486e+39
1485.96 2.3040929760558306e+39
1486.34 2.3816613010965553e+39
1486.73 2.3117986192019412e+39
1487.11 2.3897364070750756e+39
1487.5 2.3890761897204455e+39
1487.89 2.2795021176693337e+39
1488.27 2.3853933269683018e+39
1488.66 2.3841303700687794e+39
1489.04 2.3539649933074356e+39
1489.43 2.3586852977931998e+39
1489.81 2.1335852484891003e+39
1490.2 2.0748657413555947e+39
1490.59 2.3408306752508648e+39
1490.97 2.3755271590058838e+39
1491.36 2.3748708672691798e+39
1491.75 2.3690814925309083e+39
1492.13 2.346388924464113e+39
1492.52 2.3667369983344885e+39
1492.91 2.36532052291282e+39
1493.29 2.3675545815176735e+39
1493.68 2.002718916831759e+39
1494.07 2.352935379653705e+39
1494.45 2.2617781279493448e+39
1494.84 2.3136624597035392e+39
1495.23 2.2132985525483036e+39
1495.62 2.224077927310694e+39
1496.01 2.352989558616778e+39
1496.39 2.3422864174107922e+39
1496.78 2.348767343563743e+39
1497.17 2.3452546190953086e+39
1497.56 2.2062768090983757e+39
1497.94 1.9451809155887256e+39
1498.33 2.3392681080835137e+39
1498.72 2.0938713761226453e+39
1499.11 2.165409311691648e+39
1499.5 2.2909731535511385e+39
1499.89 2.2901820160888414e+39
1500.28 2.2320298585742843e+39
1500.66 2.2729506160663524e+39
1501.05 2.2168178001645748e+39
1501.44 2.1454085151036364e+39
1501.83 1.7550520460859184e+39
1502.22 2.22197925534332e+39
1502.61 2.3169144598719378e+39
1503.0 2.3039868710962195e+39
1503.39 2.2732123142409132e+39
1503.78 2.2681929696728905e+39
1504.17 2.2709626942532637e+39
1504.56 2.0871804586330593e+39
1504.95 2.2943517451824067e+39
1505.34 2.2530975742625716e+39
1505.73 2.156601981965461e+39
1506.12 2.276197803929571e+39
1506.51 2.2838627437421103e+39
1506.9 2.2398039179757757e+39
1507.29 2.2755165578082663e+39
1507.68 2.2669398661932776e+39
1508.07 2.261309462218347e+39
1508.46 2.262872059095573e+39
1508.85 2.185797877963598e+39
1509.24 2.2494171398243825e+39
1509.64 2.2221327495340816e+39
1510.03 2.2454324779840103e+39
1510.42 2.2413000457823122e+39
1510.81 2.2336750850011063e+39
1511.2 2.0558432578987487e+39
1511.59 2.2012531983921295e+39
1511.98 2.209123522499225e+39
1512.38 2.2053625733544686e+39
1512.77 2.003825966066189e+39
1513.16 2.1957353812937005e+39
1513.55 2.1350595861250088e+39
1513.94 2.2156951139908826e+39
1514.34 2.223565873397253e+39
1514.73 2.2262298417318986e+39
1515.12 2.226178581485605e+39
1515.52 2.1817249589882953e+39
1515.91 2.20693732616364e+39
1516.3 2.1843387993405268e+39
1516.69 1.9565006656749273e+39
1517.09 2.2256147966697924e+39
1517.48 2.2266912370665826e+39
1517.87 2.1829812223771747e+39
1518.27 2.2253585780465187e+39
1518.66 2.2075472097369097e+39
1519.05 1.8848639145089363e+39
1519.45 2.2141141120912546e+39
1519.84 2.2243339984851156e+39
1520.23 2.223156315149429e+39
1520.63 1.890688575578592e+39
1521.02 2.2141141120912546e+39
1521.42 2.2042456885708748e+39
1521.81 2.220189273009272e+39
1522.21 2.217328300097831e+39
1522.6 2.218758325419235e+39
1522.99 2.2179921257680586e+39
1523.39 2.2056164897201003e+39
1523.79 2.2129418397190237e+39
1524.18 2.1643624965697457e+39
1524.57 2.2009997843400604e+39
1524.97 2.128433079567954e+39
1525.36 1.9741947834160617e+39
1525.76 2.185948872747028e+39
1526.16 2.1292663953613204e+39
1526.55 2.1896262958482867e+39
1526.95 2.1478304741305377e+39
1527.34 2.136338169470584e+39
1527.74 1.9676597414665015e+39
1528.14 2.1199713901842336e+39
1528.53 2.0982633743935947e+39
1528.93 2.120410763015717e+39
1529.32 2.1787128757202568e+39
1529.72 2.171450831440704e+39
1530.12 1.8187374100548063e+39
1530.51 2.034229743211723e+39
1530.91 2.1663069847622157e+39
1531.31 2.047057303095503e+39
1531.7 2.1118350813042808e+39
1532.1 2.056316687806222e+39
1532.5 1.9590702068157316e+39
1532.9 1.7889574043521922e+39
1533.29 1.8045544880432962e+39
1533.69 2.1031487972548724e+39
1534.09 2.104117556116502e+39
1534.48 2.1169958175261647e+39
1534.88 2.0266091540628373e+39
1535.28 2.0972973108616082e+39
1535.68 1.951821061370585e+39
1536.08 2.0615316178864275e+39
1536.47 1.9883370267176772e+39
1536.87 1.9417798944097622e+39
1537.27 1.687757319025837e+39
1537.67 1.8847337172192765e+39
1538.07 1.7848018194442285e+39
1538.47 1.8281423101904137e+39
1538.86 1.6255113265380853e+39
1539.26 1.6971100293417472e+39
1539.66 1.6738633484829683e+39
1540.06 1.581976398601146e+39
1540.46 1.574816658013471e+39
1540.86 1.6194218698197388e+39
1541.26 1.5926854038812613e+39
1541.66 1.541451980220981e+39
1542.06 1.4012318491242237e+39
1542.46 1.4403233454544512e+39
1542.86 1.4590494123037026e+39
1543.26 1.497510926924339e+39
1543.66 1.4771683709897147e+39
1544.06 1.4854567104295864e+39
1544.46 1.3194714571951071e+39
1544.86 1.3302706216039949e+39
1545.26 1.5705797729599103e+39
1545.66 1.5722803979939963e+39
1546.06 1.640967576449624e+39
1546.46 1.5480678807183024e+39
1546.86 1.6987129593581117e+39
1547.26 1.7152601581735624e+39
1547.66 1.736440873502817e+39
1548.06 1.5371986698709766e+39
1548.47 2.0036875514529847e+39
1548.87 2.0151621621393543e+39
1549.27 2.051492813752809e+39
1549.67 2.0727169550779034e+39
1550.07 2.09493233456794e+39
1550.47 2.1452603206521808e+39
1550.88 2.0118703951494465e+39
1551.28 2.588153320034453e+39
1551.68 2.5406801820949535e+39
1552.08 2.4261631381514242e+39
1552.48 2.4362396102028538e+39
1552.89 2.3934259752069037e+39
1553.29 2.0729078681561438e+39
1553.69 2.3151013061874523e+39
1554.09 2.228127300842891e+39
1554.5 2.249624328340612e+39
1554.9 2.0325442065550393e+39
1555.3 2.144914573406416e+39
1555.71 2.1800677982360885e+39
1556.11 2.0736239488252205e+39
1556.51 2.102713001295807e+39
1556.92 2.1164109507708722e+39
1557.32 1.810422756753e+39
1557.72 2.10751172756373e+39
1558.13 1.9871927772913362e+39
1558.53 2.0904029037875743e+39
1558.93 2.038308896389131e+39
1559.34 1.9764234586743607e+39
1559.74 2.0669501376869715e+39
1560.15 1.8981913937130297e+39
1560.55 1.919817738062892e+39
1560.96 2.0617215007095965e+39
1561.36 1.8117155003392454e+39
1561.77 2.0473872763416373e+39
1562.17 2.042584349624109e+39
1562.57 2.0245569602035184e+39
1562.98 2.0542344113736206e+39
1563.39 2.0528631548880003e+39
1563.79 1.9654862049138163e+39
1564.19 1.9180061703926252e+39
1564.6 1.8448030161565672e+39
1565.01 2.0484246814307916e+39
1565.41 2.0463975161380152e+39
1565.82 1.9772883156509698e+39
1566.22 1.8140948900298135e+39
1566.63 1.8366652113045156e+39
1567.04 1.908490489108135e+39
1567.44 2.0497929731374395e+39
1567.85 2.0434311054568842e+39
1568.25 1.6569141239736515e+39
1568.66 1.8485874487251887e+39
1569.07 2.04263138240832e+39
1569.47 2.0284765899278053e+39
1569.88 2.0450785801222556e+39
1570.29 1.9876046312065845e+39
1570.69 2.0226931327888987e+39
1571.1 2.0294109530478403e+39
1571.51 2.0432899551120295e+39
1571.92 1.9165493210610728e+39
1572.32 1.952810043340751e+39
1572.73 2.0071507868052936e+39
1573.14 2.0413148737261438e+39
1573.55 2.0414088819147092e+39
1573.95 2.0410798721942537e+39
1574.36 2.0407979060670036e+39
1574.77 1.7636402427477796e+39
1575.18 1.7708427591444753e+39
1575.59 1.7928336708448165e+39
1575.99 1.95069782617468e+39
1576.4 1.853446267094525e+39
1576.81 1.9611011754760335e+39
1577.22 1.801482302359992e+39
1577.63 2.01465181771422e+39
1578.04 1.779426278810999e+39
1578.45 2.0298315568544826e+39
1578.86 2.0159047120904375e+39
1579.27 1.9640837387513742e+39
1579.68 1.7007089609795625e+39
1580.08 2.025349606824971e+39
1580.49 2.0240442365242937e+39
1580.9 1.85464161335589e+39
1581.31 1.9638124092982962e+39
1581.72 2.0074743273625617e+39
1582.13 2.0163225166728262e+39
1582.54 1.9833985892823993e+39
1582.95 2.0020273216643948e+39
1583.36 2.0040566783367288e+39
1583.77 1.907216520593907e+39
1584.18 1.9735584807744098e+39
1584.59 1.9420034629510678e+39
1585.01 1.7418469804387886e+39
1585.42 2.0050259599794097e+39
1585.83 1.7291393733316528e+39
1586.24 1.9480495532907654e+39
1586.65 2.0081678041839753e+39
1587.06 2.006503862115475e+39
1587.47 1.889818081766661e+39
1587.88 2.002718916831759e+39
1588.3 2.0017046589899645e+39
1588.71 1.9963192749148002e+39
1589.12 1.995767747714203e+39
1589.53 1.9850433707421425e+39
1589.94 1.9376708238656525e+39
1590.35 1.996227343131562e+39
1590.77 1.9892529006287642e+39
1591.18 1.9804322960161367e+39
1591.59 1.9108649743600767e+39
1592.0 1.6899739100768707e+39
1592.42 1.9813901514949022e+39
1592.83 1.990077547844328e+39
1593.24 1.9717870046216723e+39
1593.66 1.9240661538123374e+39
1594.07 1.9516413002858185e+39
1594.48 1.9748312912105475e+39
1594.89 1.8344251671177308e+39
1595.31 1.944509189911384e+39
1595.72 1.9512368983750646e+39
1596.14 1.9800219282889782e+39
1596.55 1.9780169097907612e+39
1596.96 1.9734675971403106e+39
1597.38 1.925395710785302e+39
1597.79 1.973194971348836e+39
1598.2 1.969336816238261e+39
1598.62 1.891951503877235e+39
1599.03 1.9692007839688075e+39
1599.45 1.9668443837289423e+39
1599.86 1.911877226095016e+39
1600.28 1.9352630290417783e+39
1600.69 1.9484084303324798e+39
1601.11 1.9524503555665983e+39
1601.52 1.892082199771155e+39
1601.94 1.827174392271893e+39
1602.35 1.954654483465761e+39
1602.77 1.9504283459259937e+39
1603.18 1.4832351195394434e+39
1603.6 1.9266818225017666e+39
1604.01 1.9493956831325726e+39
1604.43 1.930945427966286e+39
1604.84 1.6818218868850198e+39
1605.26 1.944598739930808e+39
1605.68 1.9313900957743916e+39
1606.09 1.9285903971994965e+39
1606.51 1.9259721374236617e+39
1606.93 1.8749081633675064e+39
1607.34 1.93624362110581e+39
1607.76 1.8660788902132077e+39
1608.18 1.8973174455211224e+39
1608.59 1.92437630162969e+39
1609.01 1.5741640863719983e+39
1609.43 1.9024357566475212e+39
1609.84 1.5950709295052936e+39
1610.26 1.685349591071378e+39
1610.68 1.9247751365707657e+39
1611.09 1.831428633973141e+39
1611.51 1.924021851061974e+39
1611.93 1.8113400926196138e+39
1612.35 1.9211001238460162e+39
1612.77 1.740724332127117e+39
1613.18 1.9154904893588397e+39
1613.6 1.863502587009225e+39
1614.02 1.5863170787573866e+39
1614.44 1.9124936418441966e+39
1614.86 1.8802690610867127e+39
1615.28 1.6663261122252326e+39
1615.69 1.8149305039924808e+39
1616.11 1.7845552569927567e+39
1616.53 1.901340941737401e+39
1616.95 1.8709406025079443e+39
1617.37 1.90226054390792e+39
1617.79 1.837849734930986e+39
1618.21 1.8981913937130297e+39
1618.63 1.8246097868303565e+39
1619.05 1.8896005209435247e+39
1619.47 1.8770679742098657e+39
1619.89 1.8877305314691775e+39
1620.31 1.7350020808815703e+39
1620.73 1.7593409040302586e+39
1621.15 1.586828529397231e+39
1621.57 1.5550343971351358e+39
1621.99 1.8849507176986724e+39
1622.41 1.8384422831897214e+39
1622.83 1.8771976419504683e+39
1623.25 1.835565980113438e+39
1623.67 1.752185168918702e+39
1624.09 1.695860013039831e+39
1624.51 1.87413123997674e+39
1624.93 1.6188626379027295e+39
1625.35 1.7885867123646478e+39
1625.78 1.8545135036767595e+39
1626.2 1.767258177841951e+39
1626.62 1.870552922684582e+39
1627.04 1.859816087241271e+39
1627.46 1.6864753585399944e+39
1627.88 1.862773281300845e+39
1628.31 1.8435715607361974e+39
1628.73 1.8686587551714084e+39
1629.15 1.5923187167324328e+39
1629.57 1.870466782522512e+39
1629.99 1.8655203891006014e+39
1630.42 1.7857472911350582e+39
1630.84 1.8690030065406594e+39
1631.26 1.870768290445657e+39
1631.68 1.5849661811705142e+39
1632.11 1.608755334501815e+39
1632.53 1.81159035578851e+39
1632.95 1.869132117153759e+39
1633.38 1.8696055990464817e+39
1633.8 1.8513562646611243e+39
1634.22 1.8538304014928223e+39
1634.65 1.7642088648364448e+39
1635.07 1.8644038882888448e+39
1635.49 1.8493537829061447e+39
1635.92 1.8400939609090803e+39
1636.34 1.8496944778405067e+39
1636.77 1.853488944763304e+39
1637.19 1.825786535531365e+39
1637.61 1.7475515676836812e+39
1638.04 1.7550116349843987e+39
1638.46 1.608496054674253e+39
1638.89 1.8141366615892482e+39
1639.31 1.668360888125545e+39
1639.74 1.779426278810999e+39
1640.16 1.4863120542131324e+39
1640.59 1.6871356407752894e+39
1641.01 1.898147686744145e+39
1641.44 1.8794033645338367e+39
1641.86 1.5760137420489992e+39
1642.29 1.8543000072094168e+39
1642.71 1.7555774750901513e+39
1643.14 1.8530622122931728e+39
1643.57 1.848630014514252e+39
1643.99 1.759786574003793e+39
1644.42 1.8448030161565672e+39
1644.84 1.8222585642397725e+39
1645.27 1.7768877773652958e+39
1645.7 1.8044298381407105e+39
1646.12 1.8348053593144524e+39
1646.55 1.8376381568404858e+39
1646.98 1.7579236139586823e+39
1647.41 1.8336650190481934e+39
1647.83 1.8318503845542384e+39
1648.26 1.829489831608715e+39
1648.69 1.8122578932975734e+39
1649.11 1.792008230507127e+39
1649.54 1.807382196598351e+39
1649.97 1.75190277279624e+39
1650.4 1.8129674214188166e+39
1650.82 1.8110481626183276e+39
1651.25 1.8176907619211365e+39
1651.68 1.7444559204057488e+39
1652.11 1.811381800746734e+39
1652.54 1.7525886709168e+39
1652.96 1.5701820200413524e+39
1653.39 1.565272661231234e+39
1653.82 1.8063420831699696e+39
1654.25 1.7744346111578257e+39
1654.68 1.7310914046974874e+39
1655.11 1.8011504876186335e+39
1655.54 1.7938660059674237e+39
1655.96 1.7932878250867867e+39
1656.39 1.8026441354130057e+39
1656.82 1.7929162357876208e+39
1657.25 1.7951055927934877e+39
1657.68 1.712339992705577e+39
1658.11 1.7612864744208963e+39
1658.54 1.7846785339604954e+39
1658.97 1.6915700999882495e+39
1659.4 1.7959738131969213e+39
1659.83 1.781024935872375e+39
1660.26 1.7956843597476588e+39
1660.69 1.7834872132422314e+39
1661.12 1.7883396270470142e+39
1661.55 1.6248377480683672e+39
1661.98 1.7762332682884283e+39
1662.42 1.677065403924437e+39
1662.85 1.79961663926013e+39
1663.28 1.7999067265690178e+39
1663.71 1.7992851681549344e+39
1664.14 1.79961663926013e+39
1664.57 1.7851717269970743e+39
1665.0 1.7626658883808797e+39
1665.43 1.7871870134790337e+39
1665.86 1.794568333368884e+39
1666.3 1.7920907574361238e+39
1666.73 1.7892045750248107e+39
1667.16 1.7821325397304892e+39
1667.59 1.7845963483691447e+39
1668.03 1.6333904046591924e+39
1668.46 1.697344509954024e+39
1668.89 1.7769696079556588e+39
1669.32 1.772148045135117e+39
1669.76 1.6792292867789202e+39
1670.19 1.7612459197680116e+39
1670.62 1.7398427589370785e+39
1671.05 1.524122940636424e+39
1671.49 1.7629906133441334e+39
1671.92 1.7023544879166025e+39
1672.35 1.7003957076640707e+39
1672.79 1.6331271544474428e+39
1673.22 1.7595434672974474e+39
1673.65 1.5015161232310883e+39
1674.09 1.7637214632525804e+39
1674.52 1.7636402427477796e+39
1674.96 1.765875170082239e+39
1675.39 1.7106060354642152e+39
1675.82 1.72587763133374e+39
1676.26 1.7623006442895717e+39
1676.69 1.7371207180410488e+39
1677.13 1.6056467330717653e+39
1677.56 1.758490392926895e+39
1678.0 1.76831650281246e+39
1678.43 1.766973352433276e+39
1678.87 1.763031208170535e+39
1679.3 1.7655499138129343e+39
1679.74 1.764615135711636e+39
1680.17 1.7637620749076455e+39
1680.61 1.7620977636088942e+39
1681.04 1.7618949062844024e+39
1681.48 1.7601918264916193e+39
1681.92 1.6272714315023124e+39
1682.35 1.758854847327862e+39
1682.79 1.758166496858559e+39
1683.22 1.756911962986167e+39
1683.66 1.7537997345195452e+39
1684.1 1.755375368398406e+39
1684.53 1.753153729825342e+39
1684.97 1.7536382110331048e+39
1685.41 1.7512977914974796e+39
1685.84 1.6996519622632967e+39
1686.28 1.7455005902132878e+39
1686.72 1.555822328473793e+39
1687.15 1.7332052664714064e+39
1687.59 1.6182663367157857e+39
1688.03 1.73852123620194e+39
1688.47 1.738241042267743e+39
1688.9 1.7363209285595006e+39
1689.34 1.734363000223362e+39
1689.78 1.732247726447547e+39
1690.22 1.679693339085988e+39
1690.66 1.6102006588212913e+39
1691.09 1.726632852743242e+39
1691.53 1.7246858489763185e+39
1691.97 1.7173942321823513e+39
1692.41 1.7121034405339265e+39
1692.85 1.7169592981663112e+39
1693.29 1.716524474298305e+39
1693.72 1.7150626929172472e+39
1694.16 1.7130892902220168e+39
1694.6 1.5930154945130527e+39
1695.04 1.6574483360805632e+39
1695.48 1.7064752742216142e+39
1695.92 1.6915700999882495e+39
1696.36 1.7041193193155253e+39
1696.8 1.6848063861121136e+39
1697.24 1.6944158293832274e+39
1697.68 1.6994562938635334e+39
1698.12 1.692349276205629e+39
1698.56 1.6961724307725387e+39
1699.0 1.655693714200547e+39
1699.44 1.690635562051378e+39
1699.88 1.668168822036427e+39
1700.32 1.601953848062183e+39
1700.76 1.5378359174539646e+39
1701.2 1.639758912199187e+39
1701.64 1.6748657438325164e+39
1702.08 1.678340211510016e+39
1702.53 1.675868739467914e+39
1702.97 1.679422626324405e+39
1703.41 1.6767565055119658e+39
1703.85 1.676447663995472e+39
1704.29 1.6730541594507936e+39
1704.73 1.67162939711483e+39
1705.18 1.671590906868647e+39
1705.62 1.6321121581456914e+39
1706.06 1.6650987699971957e+39
1706.5 1.6039100180216734e+39
1706.94 1.636213607004007e+39
1707.39 1.5015161232310883e+39
1707.83 1.6606189900460197e+39
1708.27 1.6472897647597716e+39
1708.71 1.6515814637572408e+39
1709.16 1.6547408945541723e+39
1709.6 1.6515814637572408e+39
1710.04 1.6358745652400432e+39
1710.49 1.647175977944207e+39
1710.93 1.6021751814540042e+39
1711.37 1.3708502008090657e+39
1711.82 1.6379475848349612e+39
1712.26 1.607126269611801e+39
1712.7 1.408737255122389e+39
1713.15 1.626971704633775e+39
1713.59 1.6265971236812883e+39
1714.04 1.6211380526024817e+39
1714.48 1.6169999258829075e+39
1714.93 1.6105343795620516e+39
1715.37 1.5878153642056188e+39
1715.81 1.595511724785963e+39
1716.26 1.5708691110939142e+39
1716.7 1.5670757857420922e+39
1717.15 1.396111164187569e+39
1717.59 1.4933788626067606e+39
1718.04 1.4322538554823677e+39
1718.48 1.2189895989248623e+39
1718.93 1.6688603634556948e+39
1719.38 1.5830331156022352e+39
1719.82 1.6316236812324147e+39
1720.27 1.616590416954458e+39
1720.71 1.6057576510496668e+39
1721.16 1.6184899239169097e+39
1721.6 1.5342283375395714e+39
1722.05 1.60479661640681e+39
1722.5 1.4420157371661307e+39
1722.94 1.593125539925769e+39
1723.39 1.6130209200459534e+39
1723.84 1.602839365129099e+39
1724.28 1.4298813444813635e+39
1724.73 1.593785972060933e+39
1725.18 1.603762299252564e+39
1725.62 1.3587513856919187e+39
1726.07 1.6085330920910223e+39
1726.52 1.578156251437759e+39
1726.97 1.605166177029051e+39
1727.41 1.4816649247180793e+39
1727.86 1.6071632754877667e+39
1728.31 1.531969080199239e+39
1728.76 1.6002579742231973e+39
1729.2 1.6064603095316368e+39
1729.65 1.6064603095316368e+39
1730.1 1.59988954362634e+39
1730.55 1.593749274205216e+39
1731.0 1.6055727920096933e+39
1731.45 1.5000647303251617e+39
1731.9 1.6055727920096933e+39
1732.34 1.6039469498398567e+39
1732.79 1.5563239471829636e+39
1733.24 1.6039100180216734e+39
1733.69 1.602359649307089e+39
1734.14 1.6007370608439232e+39
1734.59 1.599815867686535e+39
1735.04 1.604537974597824e+39
1735.49 1.602986998888919e+39
1735.94 1.6004053702172057e+39
1736.39 1.5194975354068923e+39
1736.84 1.5985638956844463e+39
1737.29 1.526019207589464e+39
1737.74 1.5951443869276146e+39
1738.19 1.5803380616672203e+39
1738.64 1.5628597267229914e+39
1739.09 1.532851206362927e+39
1739.54 1.5703989636896935e+39
1739.99 1.5846377584464966e+39
1740.44 1.5866093160772918e+39
1740.9 1.5759048786365788e+39
1741.35 1.5833247479380523e+39
1741.8 1.5823042697473375e+39
1742.25 1.5212479290080466e+39
1742.7 1.5792831436868112e+39
1743.15 1.5777565797587032e+39
1743.6 1.5752881279908768e+39
1744.06 1.574454084821774e+39
1744.51 1.5730408468093146e+39
1744.96 1.5698566607609135e+39
1745.41 1.4941355532681002e+39
1745.86 1.5685558976803018e+39
1746.32 1.5714117637710467e+39
1746.77 1.5693506803233707e+39
1747.22 1.557686299074814e+39
1747.68 1.5555357618042832e+39
1748.13 1.5496013997212595e+39
1748.58 1.5677976170058928e+39
1749.04 1.5591575425897624e+39
1749.49 1.549066278776238e+39
1749.94 1.5679059203691764e+39
1750.4 1.5645159677586536e+39
1750.85 1.5677254189198957e+39
1751.3 1.437838141671295e+39
1751.76 1.3994261984025813e+39
1752.21 1.5667510701081502e+39
1752.67 1.5653807901707277e+39
1753.12 1.482040254801222e+39
1753.57 1.5333807258530895e+39
1754.03 1.5506364911078853e+39
1754.48 1.5642998368200694e+39
1754.94 1.5644439207947094e+39
1755.39 1.5632556247842776e+39
1755.85 1.561097398518551e+39
1756.3 1.55969614953583e+39
1756.76 1.5579015162562482e+39
1757.21 1.5558581530192316e+39
1757.67 1.554246864836744e+39
1758.12 1.545930622608801e+39
1758.58 1.506017436131336e+39
1759.04 1.5434053452450976e+39
1759.49 1.5469276422812198e+39
1759.95 1.545112122898949e+39
1760.4 1.5131082527747253e+39
1760.86 1.5124116010956308e+39
1761.32 1.509350142183451e+39
1761.77 1.5375526636986915e+39
1762.23 1.527917833819608e+39
1762.69 1.5318632591791912e+39
1763.14 1.524509026032984e+39
1763.6 1.5264057733416168e+39
1764.06 1.528340071450512e+39
1764.51 1.526019207589464e+39
1764.97 1.4024584387838063e+39
1765.43 1.5237369530168734e+39
1765.89 1.5228250071840427e+39
1766.34 1.5216683234214807e+39
1766.8 1.5205825420363334e+39
1767.26 1.5178190524022997e+39
1767.72 1.508967895808886e+39
1768.18 1.5077523012574746e+39
1768.64 1.5115760424525703e+39
1769.09 1.5147117696718307e+39
1769.55 1.4917979293309276e+39
1770.01 1.5111932323636477e+39
1770.47 1.491179758943578e+39
1770.93 1.508967895808886e+39
1771.39 1.5079953418018018e+39
1771.85 1.503488117168996e+39
1772.31 1.5062255145024354e+39
1772.77 1.505254728004081e+39
1773.22 1.4988908208261866e+39
1773.68 1.501101296307107e+39
1774.14 1.489944186534025e+39
1774.6 1.4893953719118892e+39
1775.06 1.498649247639001e+39
1775.52 1.498821795942357e+39
1775.98 1.4609319936268522e+39
1776.44 1.4936195862397812e+39
1776.9 1.486140946064114e+39
1777.36 1.4964079265067875e+39
1777.82 1.422066808607674e+39
1778.29 1.4950647431239035e+39
1778.75 1.482586359198864e+39
1779.21 1.48860680503709e+39
1779.67 1.4931381777707028e+39
1780.13 1.4922445450892882e+39
1780.59 1.4840891841043194e+39
1781.05 1.4762163122863227e+39
1781.52 1.490493203384189e+39
1781.98 1.4541526530919128e+39
1782.44 1.486483182062814e+39
1782.9 1.4816649247180793e+39
1783.36 1.487989956986031e+39
1783.82 1.487373364544121e+39
1784.29 1.4867227941538717e+39
1784.75 1.4803349747287543e+39
1785.21 1.4849437404497874e+39
1785.68 1.4849779329366594e+39
1786.14 1.4514764705263324e+39
1786.6 1.484533492011846e+39
1787.06 1.4840550120814102e+39
1787.53 1.484294232766165e+39
1787.99 1.4823132818510182e+39
1788.45 1.470652278034825e+39
1788.92 1.4776446305714953e+39
1789.38 1.483371736833827e+39
1789.84 1.4829619226965087e+39
1790.31 1.4766242622850515e+39
1790.77 1.4741443084297742e+39
1791.24 1.481289689688138e+39
1791.7 1.4622445117545037e+39
1792.17 1.3600973674129016e+39
1792.63 1.4814261277935587e+39
1793.09 1.420267012089873e+39
1793.56 1.4780870091029938e+39
1794.02 1.480062312063035e+39
1794.49 1.4761823215408992e+39
1794.95 1.4716685195955392e+39
1795.42 1.479653412227277e+39
1795.89 1.4709232071485326e+39
1796.35 1.478121043705974e+39
1796.81 1.4468383110800962e+39
1797.28 1.4721430059488833e+39
1797.75 1.4747214596428932e+39
1798.21 1.4697382606423013e+39
1798.68 1.4660541106723156e+39
1799.15 1.4720752128190873e+39
1799.61 1.4712619387299335e+39
1800.08 1.469467549783704e+39
1800.55 1.4585119776406274e+39
1801.01 1.45834406990947e+39
1801.48 1.3988463049611673e+39
1801.94 1.458142606147472e+39
1802.41 1.467844331416661e+39
1802.88 1.4666956367178042e+39
1803.35 1.4621098402598525e+39
1803.81 1.4661553856003944e+39
1804.28 1.4601248758069737e+39
1804.75 1.4647044465747127e+39
1805.22 1.45388481294389e+39
1805.68 1.421608462311468e+39
1806.15 1.453315816420486e+39
1806.62 1.4459390941814125e+39
1807.09 1.452312248080317e+39
1807.56 1.386532328253458e+39
1808.03 1.4472381425155393e+39
1808.49 1.442347811790205e+39
1808.96 1.442879290257403e+39
1809.43 1.3342278449143025e+39
1809.9 1.4371099622956648e+39
1810.37 1.4313307449044822e+39
1810.84 1.4310341571616037e+39
1811.31 1.330730160154381e+39
1811.78 1.4242623697427162e+39
1812.25 1.3828656850113192e+39
1812.72 1.407213523194186e+39
1813.19 1.4111721600358635e+39
1813.66 1.4172289005086022e+39
1814.13 1.4147835450012494e+39
1814.6 1.4121472999923102e+39
1815.07 1.3859577777667083e+39
1815.54 1.4034275574354095e+39
1816.01 1.4025230258688588e+39
1816.48 1.40925634872167e+39
1816.95 1.4093537000638588e+39
1817.42 1.3606298674138217e+39
1817.89 1.409483512314658e+39
1818.36 1.4078617182114038e+39
1818.83 1.402587615928325e+39
1819.31 1.3763535266521913e+39
1819.78 1.4066304028455257e+39
1820.25 1.408899451329159e+39
1820.72 1.4089967780168973e+39
1821.19 1.3421467373834895e+39
1821.67 1.2943150467815887e+39
1822.14 1.4071487201087228e+39
1822.61 1.408412918724083e+39
1823.08 1.389536630531351e+39
1823.55 1.4083156323665224e+39
1824.03 1.408250778528225e+39
1824.5 1.4082183527290564e+39
1824.97 1.3658090937938443e+39
1825.44 1.267856203665352e+39
1825.92 1.404235667849184e+39
1826.39 1.403977021902807e+39
1826.86 1.3236098791988398e+39
1827.34 1.3866919678763593e+39
1827.81 1.3983310458573553e+39
1828.29 1.3967542452020424e+39
1828.76 1.389760615425133e+39
1829.23 1.3924512520063414e+39
1829.71 1.395147097776214e+39
1830.18 1.3644574596251115e+39
1830.66 1.3839487253107763e+39
1831.13 1.39024070464021e+39
1831.61 1.3839487253107763e+39
1832.08 1.3887050026461678e+39
1832.56 1.3867877604725022e+39
1833.03 1.3809883026476484e+39
1833.51 1.3832159876228422e+39
1833.98 1.3834070991748587e+39
1834.46 1.382260825807993e+39
1834.93 1.377907296866402e+39
1835.41 1.3787007124081695e+39
1835.88 1.3753714341583024e+39
1836.36 1.3739154268976072e+39
1836.83 1.3669417241623237e+39
1837.31 1.245345913521222e+39
1837.79 1.3657147503026056e+39
1838.26 1.3472245865317031e+39
1838.74 1.3607551918271225e+39
1839.22 1.3613819870649638e+39
1839.69 1.35912687444752e+39
1840.17 1.2395384415560592e+39
1840.65 1.3547214273329785e+39
1841.12 1.3526019213552193e+39
1841.6 1.3423012666322479e+39
1842.08 1.3420231267932552e+39
1842.56 1.3113239704435817e+39
1843.03 1.3415905793729333e+39
1843.51 1.3250125751411682e+39
1843.99 1.3284034657981388e+39
1844.47 1.3261113740055495e+39
1844.94 1.3236403567934806e+39
1845.42 1.3264167575909384e+39
1845.9 1.3028967477170674e+39
1846.38 1.2849315711747893e+39
1846.86 1.3235794023059417e+39
1847.34 1.3202312246797832e+39
1847.82 1.3272722058120963e+39
1848.29 1.3243110414549584e+39
1848.77 1.3250125751411682e+39
1849.25 1.3189550650674843e+39
1849.73 1.3202920249744937e+39
1850.21 1.3027467548200631e+39
1850.69 1.3095738670193684e+39
1851.17 1.3122905457077804e+39
1851.65 1.3181656797520612e+39
1852.13 1.28715248652629e+39
1852.61 1.3053290400483142e+39
1853.09 1.3145284806692158e+39
1853.57 1.3134090365327371e+39
1854.05 1.2913679392838106e+39
1854.53 1.3103882795738372e+39
1855.01 1.2825668184361893e+39
1855.49 1.3064716797220245e+39
1855.97 1.3093628056608523e+39
1856.45 1.309001065326104e+39
1856.94 1.3086996913904303e+39
1857.42 1.3082778844452403e+39
1857.9 1.3033468300333997e+39
1858.38 1.2891991188320507e+39
1858.86 1.3066521879236442e+39
1859.34 1.3071637632769338e+39
1859.83 1.2902088008386646e+39
1860.31 1.3064716797220245e+39
1860.79 1.3034968920205931e+39
1861.27 1.3037970678295057e+39
1861.76 1.3049684141302246e+39
1862.24 1.3051186628199337e+39
1862.72 1.3048782732190938e+39
1863.2 1.3012477752388397e+39
1863.69 1.304157370047933e+39
1864.17 1.303857111285898e+39
1864.65 1.280206417723518e+39
1865.14 1.2855530409153932e+39
1865.62 1.2909814441390144e+39
1866.1 1.3042774929124734e+39
1866.58 1.2921710297307702e+39
1867.07 1.304637927895598e+39
1867.55 1.3058400973679235e+39
1868.04 1.3062911964567905e+39
1868.52 1.3066521879236442e+39
1869.01 1.3071637632769338e+39
1869.49 1.305509390377524e+39
1869.97 1.2987931815932316e+39
1870.46 1.3083983868406595e+39
1870.94 1.2464073461305835e+39
1871.43 1.3038270892120745e+39
1871.91 1.3099659283798574e+39
1872.4 1.3083983868406595e+39
1872.88 1.3043375584937678e+39
1873.37 1.3114145566230602e+39
1873.85 1.2529103590658951e+39
1874.34 1.2890803846731323e+39
1874.83 1.310780584753863e+39
1875.31 1.3077357609909254e+39
1875.8 1.3061708881318405e+39
1876.29 1.2452598910442978e+39
1876.77 1.3038871340510344e+39
1877.26 1.3007385151835683e+39
1877.74 1.2988529946068407e+39
1878.23 1.2963133690798192e+39
1878.72 1.2938382913234017e+39
1879.2 1.2911598121376652e+39
1879.69 1.288842949160217e+39
1880.18 1.2862932777693151e+39
1880.67 1.2737083620046199e+39
1881.15 1.2674183772604385e+39
1881.64 1.2405377941516836e+39
1882.13 1.2661349584987164e+39
1882.62 1.263804798529334e+39
1883.1 1.2534586162019395e+39
1883.59 1.2685862504681909e+39
1884.08 1.2643287103495929e+39
1884.57 1.2443713399792687e+39
1885.06 1.130941133248503e+39
1885.55 1.2587514968348705e+39
1886.04 1.2405092300422315e+39
1886.52 1.2505757413836112e+39
1887.01 1.247584584914842e+39
1887.5 1.2189334636718564e+39
1887.99 1.2495970751218696e+39
1888.48 1.2465795555646091e+39
1888.97 1.2464073461305835e+39
1889.46 1.2277784320117289e+39
1889.95 1.2424816974012858e+39
1890.44 1.2364597969601018e+39
1890.93 1.2310338642198937e+39
1891.42 1.2297872893035112e+39
1891.91 1.2274957581254972e+39
1892.4 1.2285702652493819e+39
1892.89 1.216326027294572e+39
1893.38 1.2298722429340758e+39
1893.87 1.2201128470319242e+39
1894.36 1.1989746475730768e+39
1894.85 1.2240523724999144e+39
1895.34 1.1998307828486302e+39
1895.84 1.2172506076016392e+39
1896.33 1.213053625050724e+39
1896.82 1.2017939129657484e+39
1897.31 1.2240805576718555e+39
1897.8 1.228004617988783e+39
1898.29 1.2287117177708149e+39
1898.79 1.1716826525907914e+39
1899.28 1.0749542967977251e+39
1899.77 1.2300704908950478e+39
1900.26 1.2317994334323266e+39
1900.76 1.2314874774093591e+39
1901.25 1.232083098390516e+39
1901.74 1.2301837897915972e+39
1902.23 1.2327641608398512e+39
1902.73 1.2352930556859762e+39
1903.22 1.1887759216972114e+39
1903.71 1.231118903963777e+39
1904.21 1.2300704908950478e+39
1904.7 1.2384543416690167e+39
1905.19 1.2364028571932693e+39
1905.69 1.2320547289553664e+39
1906.18 1.2348380407279124e+39
1906.68 1.2292776907378881e+39
1907.17 1.2304670826912368e+39
1907.66 1.2165501034664016e+39
1908.16 1.2201128470319242e+39
1908.65 1.2215464896068197e+39
1909.15 1.2245598049034904e+39
1909.64 1.2230381384142934e+39
1910.14 1.2094000994991995e+39
1910.63 1.2196915077508329e+39
1911.13 1.2180356511115442e+39
1911.62 1.197650223859319e+39
1912.12 1.2147306787680664e+39
1912.61 1.2130815569642302e+39
1913.11 1.2113509939604248e+39
1913.61 1.198781411265992e+39
1914.1 1.1644477337625402e+39
1914.6 1.2057298145138665e+39
1915.09 1.1714398668373667e+39
1915.59 1.2019046073732856e+39
1916.09 1.198781411265992e+39
1916.58 1.1942905612796007e+39
1917.08 1.1890770581809638e+39
1917.58 1.1967405313072517e+39
1918.07 1.1939881044642682e+39
1918.57 1.1832050102469743e+39
1919.07 1.1936582389337204e+39
1919.56 1.1776059735208019e+39
1920.06 1.1911597227867388e+39
1920.56 1.1820068679946922e+39
1921.06 1.1856868409928757e+39
1921.56 1.1715477654051876e+39
1922.05 1.1847589550041495e+39
1922.55 1.1867794019965857e+39
1923.05 1.104256590692457e+39
1923.55 1.1769824849026706e+39
1924.05 1.1778229165381937e+39
1924.55 1.1651718936417819e+39
1925.05 1.1810818618518629e+39
1925.54 1.1805924458138877e+39
1926.04 1.1599786609815015e+39
1926.54 1.1815442744023107e+39
1927.04 1.178039899521628e+39
1927.54 1.1791797161698692e+39
1928.04 1.1758447921382795e+39
1928.54 1.1769553841914272e+39
1929.04 1.1706039898057865e+39
1929.54 1.179125414187502e+39
1930.04 1.1788539417829796e+39
1930.54 1.1799945460606741e+39
1931.04 1.1829053608727874e+39
1931.54 1.15765726080067e+39
1932.04 1.1834229847400459e+39
1932.54 1.1834229847400459e+39
1933.04 1.183695509326721e+39
1933.55 1.183695509326721e+39
1934.05 1.1841589451622041e+39
1934.55 1.1842952843470965e+39
1935.05 1.1843225540677326e+39
1935.55 1.1839408351126986e+39
1936.05 1.1836682540441767e+39
1936.55 1.1810818618518629e+39
1937.06 1.1541440048779709e+39
1937.56 1.1696879072425539e+39
1938.06 1.1768469875864457e+39
1938.56 1.1823335136876786e+39
1939.06 1.1788539417829796e+39
1939.57 1.1795870607572135e+39
1940.07 1.1694724626112614e+39
1940.57 1.1746000094473946e+39
1941.08 1.1808371284771288e+39
1941.58 1.1704153259399328e+39
1942.08 1.1802119291098957e+39
1942.58 1.1796957097438828e+39
1943.09 1.179125414187502e+39
1943.59 1.169283981111346e+39
1944.1 1.1790168177245757e+39
1944.6 1.1786368088612102e+39
1945.1 1.1766573175493283e+39
1945.61 1.1755470067561573e+39
1946.11 1.1735727046903403e+39
1946.62 1.1687187188550987e+39
1947.12 1.1691224497179394e+39
1947.63 1.1676696709754231e+39
1948.13 1.1618498332641773e+39
1948.64 1.1625991470582246e+39
1949.14 1.160994065985167e+39
1949.65 1.151091905601446e+39
1950.15 1.157603949941179e+39
1950.66 1.1556331730510881e+39
1951.16 1.152285242918969e+39
1951.67 1.1514895473271562e+39
1952.17 1.1493703776206934e+39
1952.68 1.1249934658505198e+39
1953.19 1.1399347684250985e+39
1953.69 1.1410902642583948e+39
1954.2 1.1192059234143588e+39
1954.7 1.128054286126336e+39
1955.21 1.1327654648272069e+39
1955.72 1.1322960701106699e+39
1956.22 1.1388591095582252e+39
1956.73 1.1390164596278668e+39
1957.24 1.1380988906019352e+39
1957.75 1.1402235326418068e+39
1958.25 1.1405386315774085e+39
1958.76 1.1312536670079739e+39
1959.27 1.125563496718751e+39
1959.78 1.1411165391352251e+39
1960.29 1.118639112278325e+39
1960.79 1.1322960701106699e+39
1961.3 1.1350108156723143e+39
1961.81 1.1416947395170953e+39
1962.32 1.1430625598593367e+39
1962.83 1.1414581675947392e+39
1963.33 1.1445901389829587e+39
1963.84 1.1451173636099185e+39
1964.35 1.1356905184475425e+39
1964.86 1.1393574593637558e+39
1965.37 1.1358997396415881e+39
1965.88 1.1469381534656538e+39
1966.39 1.1474136180756995e+39
1966.9 1.1475193036423201e+39
1967.41 1.1460142028806013e+39
1967.92 1.1461197595503833e+39
1968.43 1.1419576547139692e+39
1968.94 1.1481536214968887e+39
1969.45 1.147783560149065e+39
1969.96 1.1481271845871144e+39
1970.47 1.148259375223482e+39
1970.98 1.1483122557394952e+39
1971.49 1.1416158767623045e+39
1972.0 1.1339659133476647e+39
1972.52 1.1479157112219299e+39
1973.03 1.148021443035168e+39
1973.54 1.144827360019328e+39
1974.05 1.1487353875476185e+39
1974.56 1.1488676482099707e+39
1975.07 1.1495027113931878e+39
1975.58 1.144352967101442e+39
1976.1 1.1321917865911054e+39
1976.61 1.1463836937630879e+39
1977.12 1.1442475731517643e+39
1977.63 1.1325046659666305e+39
1978.15 1.1400135150490283e+39
1978.66 1.1323482154724064e+39
1979.17 1.0723091207819912e+39
1979.69 1.1330263237458728e+39
1980.2 1.1320093135419733e+39
1980.71 1.1300560897485375e+39
1981.22 1.1279244215529333e+39
1981.74 1.1260041729360563e+39
1982.25 1.101133562208467e+39
1982.77 1.1066237839776584e+39
1983.28 1.1199535223848856e+39
1983.79 1.1169918388159856e+39
1984.31 1.0970842998442105e+39
1984.82 1.1116549342268727e+39
1985.34 1.1143715089898016e+39
1985.85 1.1134994324231414e+39
1986.36 1.1121669881386133e+39
1986.88 1.1105803882660187e+39
1987.4 1.0956958077630956e+39
1987.91 1.1046889249132443e+39
1988.43 1.1087407254307082e+39
1988.94 1.1076179875294487e+39
1989.46 1.106037877189329e+39
1989.97 1.0898080210190639e+39
1990.49 1.1048415538713027e+39
1991.0 1.1040023554870247e+39
1991.52 1.0874517587600499e+39
1992.04 1.0859504259573674e+39
1992.55 1.1206500117025348e+39
1993.07 1.1002718452957333e+39
1993.58 1.0991323744394675e+39
1994.1 1.0752266003927289e+39
1994.62 1.0968569717040188e+39
1995.14 1.0946870992284879e+39
1995.65 1.084925707493644e+39
1996.17 1.0958724272949067e+39
1996.69 1.095796729723985e+39
1997.2 1.0952417739502144e+39
1997.72 1.0955192166966953e+39
1998.24 1.0949896142440869e+39
1998.76 1.0951661199417775e+39
1999.28 1.095191337363932e+39
1999.8 1.0931002660359748e+39
2000.31 1.0836274553203656e+39
2000.83 1.0942082880366763e+39
2001.35 1.0947375125932113e+39
2001.87 1.083727265693728e+39
2002.39 1.0900840873065996e+39
2002.91 1.0945862794636377e+39
2003.43 1.0944098672176584e+39
2003.94 1.094334270673318e+39
2004.46 1.0943090729856442e+39
2004.98 1.093704502507953e+39
2005.5 1.0907620010833532e+39
2006.02 1.0865507101897763e+39
2006.54 1.0917922319593643e+39
2007.06 1.0907620010833532e+39
2007.58 1.090033888235078e+39
2008.1 1.0893313439140192e+39
2008.62 1.0868760026840795e+39
2009.14 1.0780030758042915e+39
2009.67 1.0869260563262306e+39
2010.19 1.0383649019491694e+39
2010.71 1.022327398273947e+39
2011.23 1.0832283057429502e+39
2011.75 1.0836274553203656e+39
2012.27 1.0771098562914269e+39
2012.79 1.0817826206111181e+39
2013.31 1.0697197151184938e+39
2013.84 1.0792448874176156e+39
2014.36 1.0795928509462253e+39
2014.88 1.078797670527877e+39
2015.4 1.07512757292352e+39
2015.93 1.0782761517051378e+39
2016.45 1.0783009802169062e+39
2016.97 1.0784996288935986e+39
2017.49 1.0497841225523537e+39
2018.02 1.0700153304377508e+39
2018.54 1.0786734765054669e+39
2019.06 1.0730006869316608e+39
2019.58 1.0787231523986301e+39
2020.11 1.0786734765054669e+39
2020.63 1.0786983141660823e+39
2021.16 1.0787231523986301e+39
2021.68 1.0786734765054669e+39
2022.2 1.0787479912030884e+39
2022.73 1.0696458240505504e+39
2023.25 1.078847352140518e+39
2023.78 1.0787479912030884e+39
2024.3 1.078847352140518e+39
2024.82 1.078847352140518e+39
2025.35 1.0775563734957335e+39
2025.88 1.0736679766908704e+39
2026.4 1.071469961086229e+39
2026.93 1.0718154178706775e+39
2027.45 1.063971512456879e+39
2027.98 1.063898018446977e+39
2028.5 1.0656878147222859e+39
2029.03 1.0643145516374497e+39
2029.55 1.0624047408163045e+39
2030.08 1.0587416544055274e+39
2030.61 1.0585953939440172e+39
2031.13 1.0566471840836197e+39
2031.66 1.0547997058244201e+39
2032.19 1.0522041248852474e+39
2032.71 1.0508482371079307e+39
2033.24 1.0491316767222013e+39
2033.77 1.0448886217962966e+39
2034.29 1.0451292439943346e+39
2034.82 1.0425574594842305e+39
2035.35 1.0305047548566783e+39
2035.88 1.0408304757988222e+39
2036.4 1.041981480104326e+39
2036.93 1.0416696241485003e+39
2037.46 1.0380063253450605e+39
2037.99 1.0296034757588436e+39
2038.52 1.0409503127339406e+39
2039.04 1.0405189643285149e+39
2039.57 1.0350229983932445e+39
2040.1 1.025722778223595e+39
2040.63 1.0395610521485988e+39
2041.16 1.028300388773657e+39
2041.69 1.0392259912674755e+39
2042.22 1.0388671173050072e+39
2042.74 1.0385322800859786e+39
2043.28 1.0383409929889818e+39
2043.8 1.0380302265991521e+39
2044.33 1.0377434478698148e+39
2044.86 1.0350944977185313e+39
2045.39 1.0359051686802352e+39
2045.92 1.0352613486859916e+39
2046.45 1.0245661419938096e+39
2046.98 1.0335940485878846e+39
2047.52 1.0311931038706859e+39
2048.05 1.0315018233567814e+39
2048.58 1.0305047548566783e+39
2049.11 1.0294375366592637e+39
2049.64 1.0279452877290066e+39
2050.17 1.0420294662297023e+39
2050.7 1.0426534869969984e+39
2051.23 1.0415257221122318e+39
2051.76 1.0305996722231855e+39
2052.3 1.0395849892020101e+39
2052.83 1.0376717655678711e+39
2053.36 1.0373134283232487e+39
2053.89 1.0363823305022028e+39
2054.43 1.0354282265488178e+39
2054.96 1.0343797266720342e+39
2055.49 1.0338796806374178e+39
2056.02 1.0310031685753998e+39
2056.55 1.0229396204309552e+39
2057.09 1.0324285364740191e+39
2057.62 1.0262661393065367e+39
2058.16 1.031383074156586e+39
2058.69 1.0293901304003218e+39
2059.22 1.0103224421070118e+39
2059.76 1.0290109589115158e+39
2060.29 1.0158977536156e+39
2060.82 1.0290820429254837e+39
2061.36 1.0285135082787233e+39
2061.89 1.0281109862870919e+39
2062.43 1.0081612482708683e+39
2062.96 1.0272354534765265e+39
2063.5 1.0266915791859705e+39
2064.03 1.0261243651933477e+39
2064.56 1.022327398273947e+39
2065.1 9.986883874136492e+38
2065.64 9.974703613396179e+38
2066.17 1.0264552019284109e+39
2066.71 1.0269043652586013e+39
2067.24 1.0269989510017002e+39
2067.78 1.0279216186865577e+39
2068.31 1.028418783046151e+39
2068.85 1.0085327370272833e+39
2069.39 1.0293901304003218e+39
2069.92 1.0298880050200068e+39
2070.46 1.0302437771713109e+39
2071.0 1.0307895331848676e+39
2071.53 1.0309319518593567e+39
2072.07 1.0315968325609204e+39
2072.61 1.0323572213004506e+39
2073.14 1.0329040968789768e+39
2073.68 1.0333798763380294e+39
2074.22 1.0319294336954223e+39
2074.76 1.0252505241767187e+39
2075.29 1.0231987478533443e+39
2075.83 1.0182396398004819e+39
2076.37 1.0143550600574519e+39
2076.91 1.0065607698420618e+39
2077.45 1.0048240010525514e+39
2077.98 9.999539493585051e+38
2078.52 1.0011289034278789e+39
2079.06 1.0017745631986166e+39
2079.6 9.798734714962432e+38
2080.14 9.968963364769218e+38
2080.68 1.003321225622435e+39
2081.22 1.002928562954679e+39
2081.76 1.0041301329039324e+39
2082.3 1.004638922678141e+39
2082.84 1.0050091135227821e+39
2083.38 1.0031364240439942e+39
2083.92 9.998388320324408e+38
2084.46 1.0063753715724982e+39
2085.0 9.881207059992631e+38
2085.54 1.0030902289681603e+39
2086.08 1.0040376533598236e+39
2086.62 9.964144108870005e+38
2087.16 1.0012211150538805e+39
2087.7 9.932532619516074e+38
2088.24 9.984354672960833e+38
2088.78 9.97034072309786e+38
2089.32 9.91927658230458e+38
2089.87 9.93321875826061e+38
2090.41 9.928874013250351e+38
2090.95 9.81883585880371e+38
2091.49 9.901021418380566e+38
2092.03 9.787685363404684e+38
2092.57 9.481127785839314e+38
2093.12 9.858707916923859e+38
2093.66 9.771472182263694e+38
2094.2 9.791066494033662e+38
2094.75 9.815445138632078e+38
2095.29 9.810248308399014e+38
2095.83 9.782953742001207e+38
2096.38 9.773947456804795e+38
2096.92 9.80595735010799e+38
2097.46 9.804602700613055e+38
2098.0 9.772372209558151e+38
2098.55 9.685454382862933e+38
2099.09 9.80144257950876e+38
2099.64 9.793997752015332e+38
2100.18 9.798057865725805e+38
2100.73 9.752366186208785e+38
2101.27 9.795125392587565e+38
2101.81 9.789939320732497e+38
2102.36 9.79309573302653e+38
2102.9 9.791742860306762e+38
2103.45 9.412391869089686e+38
2103.99 9.78475599466579e+38
2104.54 9.555424822022136e+38
2105.08 9.782953742001207e+38
2105.63 9.751692539886025e+38
2106.18 9.775072788868437e+38
2106.72 9.76944742391245e+38
2107.27 9.764499780697647e+38
2107.81 9.74675388846259e+38
2108.36 9.71672697728169e+38
2108.91 9.711135189209412e+38
2109.45 9.737556711103187e+38
2110.0 9.739574859972411e+38
2110.55 9.734194058907349e+38
2111.09 9.728368212332816e+38
2111.64 9.722993602579225e+38
2112.19 9.717621962124222e+38
2112.74 9.712700565419052e+38
2113.28 9.699961265109993e+38
2113.83 9.701748228587223e+38
2114.38 9.676760669636387e+38
2114.93 9.67052384220554e+38
2115.48 9.689915726622611e+38
2116.02 9.682332664448166e+38
2116.57 9.682778562612427e+38
2117.12 9.673419012023523e+38
2117.67 9.677206311195054e+38
2118.22 9.662955955587763e+38
2118.77 9.670969196540917e+38
2119.32 9.648060097214739e+38
2119.87 9.665181189601297e+38
2120.42 9.661398596615786e+38
2120.97 9.605279351051444e+38
2121.51 9.65517167028735e+38
2122.06 9.649170935126327e+38
2122.61 9.650948541817258e+38
2123.17 9.643395974292455e+38
2123.72 9.644506275196136e+38
2124.26 9.602404574838824e+38
2124.82 9.634961863549335e+38
2125.37 9.630969333468561e+38
2125.92 9.619444648615561e+38
2126.47 9.632299992970354e+38
2127.02 9.60306790835827e+38
2127.57 9.594006315159316e+38
2128.12 9.074025596228667e+38
2128.67 9.574806368863697e+38
2129.23 9.564890444123501e+38
2129.78 9.507142423779025e+38
2130.33 9.529278067716312e+38
2130.88 9.542232629712636e+38
2131.43 9.284531628050368e+38
2131.99 9.433872447788895e+38
2132.54 9.507580253948783e+38
2133.09 9.5018900341402e+38
2133.65 9.494235500345486e+38
2134.2 9.478944926809376e+38
2134.75 9.359227412840129e+38
2135.3 9.45997524641149e+38
2135.86 9.448220061190273e+38
2136.41 9.436262202767309e+38
2136.97 9.407841674311897e+38
2137.52 9.412825335734676e+38
2138.07 9.35168780521806e+38
2138.63 9.376267736518378e+38
2139.18 9.377779134121643e+38
2139.74 9.358365435835369e+38
2140.29 9.346090885942057e+38
2140.84 9.342218058054596e+38
2141.4 9.314724191809537e+38
2141.96 9.31558214912207e+38
2142.51 9.307006130895039e+38
2143.06 9.264884295446652e+38
2143.62 9.27641137993884e+38
2144.18 9.220617361888559e+38
2144.73 9.25976574561246e+38
2145.29 9.254223841041611e+38
2145.84 9.263177797868416e+38
2146.4 9.280470615860487e+38
2146.96 9.256568088074617e+38
2147.51 9.267871422714234e+38
2148.07 9.258060190819112e+38
2148.63 9.242085884574793e+38
2149.18 8.507461648896982e+38
2149.74 9.269365347487852e+38
2150.3 9.080504960425195e+38
2150.85 9.247194661456594e+38
2151.41 9.270219126904037e+38
2151.97 9.271286461762147e+38
2152.53 9.216584305509954e+38
2153.08 9.274489203724164e+38
2153.64 9.275343455086683e+38
2154.2 9.276624979663655e+38
2154.76 9.276624979663655e+38
2155.32 9.274489203724164e+38
2155.88 9.268298233793466e+38
2156.44 9.26147161460955e+38
2156.99 9.253797678097194e+38
2157.55 9.247194661456594e+38
2158.11 9.240383586232263e+38
2158.67 9.232514534038465e+38
2159.23 9.20046971268749e+38
2159.79 9.214886704299102e+38
2160.35 9.063167365688715e+38
2160.91 9.205979426525248e+38
2161.47 8.993940290049892e+38
2162.03 9.171492177896252e+38
2162.59 9.183960348430583e+38
2163.15 9.142605909915167e+38
2163.71 8.3926671596624e+38
2164.27 9.155245615951888e+38
2164.83 9.157775653322784e+38
2165.4 9.150187637952902e+38
2165.96 8.003685224310323e+38
2166.52 9.138606975393227e+38
2167.08 9.130614352931827e+38
2167.64 9.073398806395281e+38
2168.2 9.117378824776356e+38
2168.76 9.106888094600247e+38
2169.33 9.103114387430995e+38
2169.89 9.09661889035282e+38
2170.45 9.083014343336391e+38
2171.01 9.082805201609902e+38
2171.58 9.071309819624639e+38
2172.14 9.069221313805456e+38
2172.7 9.061915329334068e+38
2173.27 9.05544922970715e+38
2173.83 9.040448988769218e+38
2174.39 9.039200090857531e+38
2174.96 8.684403625905293e+38
2175.52 9.025473595547008e+38
2176.08 9.011560443397019e+38
2176.65 9.008655927710929e+38
2177.21 8.999326323461326e+38
2177.78 8.990420395824999e+38
2178.34 8.76839286500599e+38
2178.91 8.973254801399059e+38
2179.47 8.80825745366449e+38
2180.03 8.953441492513335e+38
2180.6 8.945816798390931e+38
2181.17 8.90266435350661e+38
2181.73 8.925858545869189e+38
2182.3 8.919489529108696e+38
2182.86 8.790022768224693e+38
2183.43 8.900614675270839e+38
2183.99 8.892830200791662e+38
2184.56 8.883006911179836e+38
2185.12 8.877281670775028e+38
2185.69 8.86951760333356e+38
2186.26 8.869721833875062e+38
2186.82 8.867883928284035e+38
2187.39 7.768192874108692e+38
2187.96 8.774856036458132e+38
2188.53 8.865842257615044e+38
2189.09 8.837511664008605e+38
2189.66 8.849525805261457e+38
2190.23 8.861352236594957e+38
2190.79 8.852990536987545e+38
2191.36 8.8562527001094e+38
2191.93 8.848099545173562e+38
2192.5 8.85462146832031e+38
2193.07 8.8542137073215e+38
2193.64 8.85115609830841e+38
2194.21 8.848914522788767e+38
2194.77 8.847895812498069e+38
2195.34 8.84300763535509e+38
2195.91 8.835273543973002e+38
2196.48 8.793261728889593e+38
2197.05 8.820231825327508e+38
2197.62 8.80947444346767e+38
2198.19 8.804810228805981e+38
2198.76 8.793464203554336e+38
2199.33 8.786582679745032e+38
2199.9 8.78294170055353e+38
2200.47 8.776674661634136e+38
2201.04 8.742386445808994e+38
2201.61 8.761530961338178e+38
2202.18 8.75346500818374e+38
2202.75 8.747621835857514e+38
2203.32 8.73916622483885e+38
2203.89 8.730919821711928e+38
2204.46 8.725694427701223e+38
2205.03 8.720271367071675e+38
2205.61 8.71284523915272e+38
2206.18 8.705024544851674e+38
2206.75 8.697811673239389e+38
2207.32 8.689804380699758e+38
2207.89 8.682204280830558e+38
2208.47 8.6746108280059e+38
2209.04 8.667024016412566e+38
2209.61 8.602605353531557e+38
2210.18 8.652069512660147e+38
2210.76 8.626606732788622e+38
2211.33 8.63634533870023e+38
2211.9 8.628593311099796e+38
2212.48 8.61291180252493e+38
2213.05 8.61291180252493e+38
2213.62 8.606369740775781e+38
2214.2 8.598446630595015e+38
2214.77 8.567418859586873e+38
2215.34 7.497215596874647e+38
2215.92 8.572154698655369e+38
2216.49 8.565249141171687e+38
2217.07 8.55716684870998e+38
2217.64 8.548304818587154e+38
2218.22 8.535520308626144e+38
2218.79 8.530804708876891e+38
2219.37 8.520792707751553e+38
2219.94 8.514124569173122e+38
2220.52 8.501782690401483e+38
2221.09 8.49728138448028e+38
2221.67 8.4880904733282e+38
2222.25 8.47969047572738e+38
2222.82 8.470128518608149e+38
2223.4 8.46213598333613e+38
2223.97 8.453761670858996e+38
2224.55 8.444812278667723e+38
2225.13 8.43684363216436e+38
2225.7 8.434512768154382e+38
2226.28 8.432765042750529e+38
2226.86 8.430823550373735e+38
2227.43 8.422480225356336e+38
2228.01 8.422092364738981e+38
2228.59 8.419959450590898e+38
2229.17 8.416276598365468e+38
2229.74 8.418020906471083e+38
2230.32 8.415695242653951e+38
2230.9 8.383396365296067e+38
2231.48 8.411239516107516e+38
2232.06 8.408722105588037e+38
2232.64 8.405818337354235e+38
2233.21 8.400013808798867e+38
2233.79 8.401561291048981e+38
2234.37 8.394406574614276e+38
2234.95 8.39672635534217e+38
2235.53 8.392280671955707e+38
2236.11 8.38725795109068e+38
2236.69 8.370280267512665e+38
2237.27 8.377221525750547e+38
2237.85 8.372786169281309e+38
2238.43 8.365848586122872e+38
2239.01 8.359879162611737e+38
2239.59 8.357569561732986e+38
2240.17 8.352567615222775e+38
2240.75 8.347568662342454e+38
2241.33 8.342956899817417e+38
2241.91 8.338539684903668e+38
2242.49 8.328561557191215e+38
2243.07 8.3276027513013e+38
2243.66 8.32319366570844e+38
2244.24 8.317637711026742e+38
2244.82 8.307684595195587e+38
2245.4 8.30596315000802e+38
2245.98 8.297361273132665e+38
2246.56 8.288195756535634e+38
2247.15 8.278468488349991e+38
2247.73 8.271037692834734e+38
2248.31 8.261711018945301e+38
2248.89 8.253725098196004e+38
2249.48 8.24346882745895e+38
2250.06 8.236448741565776e+38
2250.64 8.22735051079621e+38
2251.23 8.219208547092012e+38
2251.81 8.209373214326656e+38
2252.39 8.201060202779498e+38
2252.98 8.182575100558077e+38
2253.56 7.267917686165765e+38
2254.15 8.175795123849899e+38
2254.73 8.144792040054725e+38
2255.31 8.162439964145846e+38
2255.9 8.160184910197426e+38
2256.48 8.157179140693761e+38
2257.07 8.155301097010742e+38
2257.65 8.153235748361216e+38
2258.24 8.146104931230014e+38
2258.82 8.148168473526334e+38
2259.41 8.145729797872248e+38
2260.0 8.144416967156439e+38
2260.58 8.14197941429544e+38
2261.17 8.138043369905549e+38
2261.75 8.13710649696981e+38
2262.34 8.111851656351895e+38
2262.93 8.133172808274892e+38
2263.51 8.130364194963126e+38
2264.1 8.12418865922943e+38
2264.69 8.116709449781638e+38
2265.27 8.12325338128452e+38
2265.86 8.059164119879322e+38
2266.45 8.114093353483511e+38
2267.03 8.108863690197298e+38
2267.62 8.104197196287508e+38
2268.21 8.093940360388539e+38
2268.8 8.095058656820942e+38
2269.39 8.09040010744033e+38
2269.97 8.085744238964606e+38
2270.56 8.081277125991159e+38
2271.15 8.076626507614462e+38
2271.74 8.071978565578516e+38
2272.33 8.066776045948472e+38
2272.92 8.062505056192213e+38
2273.51 8.058050782117919e+38
2274.09 8.050447089333396e+38
2274.68 8.048593618784355e+38
2275.27 8.044332255793449e+38
2275.86 8.040998849915372e+38
2276.45 8.038036982091534e+38
2277.04 8.031376767813228e+38
2277.63 8.026015608726248e+38
2278.22 8.027124520359151e+38
2278.81 8.025276419411853e+38
2279.41 7.993003442208337e+38
2280.0 8.01918070461835e+38
2280.59 8.01641145598581e+38
2281.18 8.013089619913063e+38
2281.77 8.009953594214974e+38
2282.36 8.007003161779406e+38
2282.95 8.005344021148616e+38
2283.54 8.000921326703069e+38
2284.14 7.997974221264934e+38
2284.73 7.99484411117254e+38
2285.32 7.987300061113138e+38
2285.91 7.977374856322413e+38
2286.5 7.966911631054952e+38
2287.1 7.956278927283538e+38
2287.69 7.500496280063081e+38
2288.28 7.934690657853434e+38
2288.88 7.924283417717923e+38
2289.47 7.913889827849435e+38
2290.06 7.895688386330079e+38
2290.66 7.892598307114798e+38
2291.25 7.882064782498033e+38
2291.84 7.87154531600719e+38
2292.44 7.861039888880184e+38
2293.03 7.85072925002025e+38
2293.63 7.839710037491994e+38
2294.22 7.829968231496646e+38
2294.81 7.818978158946107e+38
2295.41 7.813219044926247e+38
2296.0 7.81106047095394e+38
2296.6 7.797223804539028e+38
2297.2 7.784487041009559e+38
2297.79 7.129679377199792e+38
2298.39 7.80368984178463e+38
2298.98 7.800635767383298e+38
2299.58 7.781798838699827e+38
2300.17 7.796146652669853e+38
2300.77 7.793633876954042e+38
2301.37 7.791480713816063e+38
2301.96 7.789148791692848e+38
2302.56 7.786638271457455e+38
2303.16 7.784487041009559e+38
2303.75 7.778574221271544e+38
2304.35 7.78000721957519e+38
2304.95 7.777678731368713e+38
2305.54 7.769445059777913e+38
2306.14 7.759790566677923e+38
2306.74 7.231859831206374e+38
2307.34 7.740874028477695e+38
2307.94 7.737666369449267e+38
2308.53 7.728763177903242e+38
2309.13 7.720581289706667e+38
2309.73 7.7120529017504e+38
2310.33 7.703711316976051e+38
2310.93 7.695733148155036e+38
2311.53 7.687232208208724e+38
2312.13 7.678917470231459e+38
2312.73 7.670788350116514e+38
2313.32 7.661785689263936e+38
2313.93 7.649974720132308e+38
2314.52 7.646100463598246e+38
2315.12 7.63097445959841e+38
2315.72 7.603087699822229e+38
2316.32 7.567283419148957e+38
2316.93 7.53095408869836e+38
2317.52 7.510692817867184e+38
2318.13 7.48203955783291e+38
2318.73 7.462081705406059e+38
2319.33 7.422154663961736e+38
2319.93 7.37309789144563e+38
2320.53 7.361562438665404e+38
2321.13 7.331283264426946e+38
2321.73 7.301128632824673e+38
2322.33 7.268754484280904e+38
2322.94 7.236357261696565e+38
2323.54 7.210576685633597e+38
2324.14 7.17876935150386e+38
2324.74 7.15022980426936e+38
2325.35 7.145950442099236e+38
2325.95 7.16275340855056e+38
2326.55 7.178604056133899e+38
2327.16 7.192336532085968e+38
2327.76 7.209082573478418e+38
2328.36 7.221875546108982e+38
2328.97 7.24319204203677e+38
2329.57 7.259220694412227e+38
2330.17 7.27528481701897e+38
2330.78 7.291048715416942e+38
2331.38 7.307351527148035e+38
2331.98 7.318633512576558e+38
2332.59 7.339728576785206e+38
2333.19 7.349537327890071e+38
2333.8 7.371739841707002e+38
2334.4 7.387712736350124e+38
2335.01 7.403720240646973e+38
2335.61 7.394860743792602e+38
2336.22 7.394349942551812e+38
2336.82 7.389243870344754e+38
2337.43 7.380061824083737e+38
2338.03 7.379042301291045e+38
2338.64 7.372928121547311e+38
2339.25 7.368176151138496e+38
2339.85 7.36359679458093e+38
2340.46 7.359020284115267e+38
2341.07 7.352076206577473e+38
2341.67 7.349029657371922e+38
2342.28 7.344293089906511e+38
2342.89 7.33905259393157e+38
2343.5 7.334322456843661e+38
2344.1 7.329257835836226e+38
2344.71 7.32402806821696e+38
2345.32 7.320993141583216e+38
2345.93 7.320487442759383e+38
2346.53 7.319307614676691e+38
2347.14 7.31846499675247e+38
2347.75 7.31391653591403e+38
2348.36 7.286013976529098e+38
2348.97 7.3144217808199e+38
2349.58 7.268587116950544e+38
2350.19 7.31357972536571e+38
2350.79 7.31846499675247e+38
2351.4 7.311559187767862e+38
2352.01 7.310549128310404e+38
2352.62 7.30987583285941e+38
2353.23 7.308024590091055e+38
2353.84 7.308361144810048e+38
2354.45 7.30398714214664e+38
2355.06 7.30499629496958e+38
2355.67 7.29793515214447e+38
2356.28 7.29037721593776e+38
2356.89 7.282827106931278e+38
2357.5 7.27528481701897e+38
2358.12 7.26741565353788e+38
2358.73 7.259889324137694e+38
2359.34 7.252370789204768e+38
2359.95 7.244693223520268e+38
2360.56 7.237023785524961e+38
2361.17 7.229695398725333e+38
2361.78 7.222208133426535e+38
2362.4 7.214396379258032e+38
2363.01 7.206593074514145e+38
2363.62 7.198632453509683e+38
2364.24 7.192170924323726e+38
2364.85 7.184391659289998e+38
2365.46 7.174968520764517e+38
2366.07 7.17579461709549e+38
2366.69 7.170344138492946e+38
2367.3 7.168693295808096e+38
2367.91 7.164567851740455e+38
2368.53 7.161434102128969e+38
2369.14 7.157642449613124e+38
2369.76 7.153688082952251e+38
2370.37 7.150065166039196e+38
2370.98 7.146279532856143e+38
2371.6 7.137892450843649e+38
2372.21 7.138878655251909e+38
2372.83 7.13526323843176e+38
2373.44 7.131157032714406e+38
2374.06 7.127709646126474e+38
2374.67 7.1175413680378e+38
2375.29 7.119016507899854e+38
2375.91 7.111643864611098e+38
2376.52 7.104769619776242e+38
2377.14 7.095941067834077e+38
2377.75 7.090877782620759e+38
2378.37 7.084023610659877e+38
2378.99 7.076850155569177e+38
2379.6 7.067568069833415e+38
2380.22 7.062850278864836e+38
2380.83 7.054073816870471e+38
2381.45 7.048715793062598e+38
2382.07 7.041415955068347e+38
2382.69 7.034285645528921e+38
2383.3 7.027324364575144e+38
2383.92 7.020208324523951e+38
2384.54 7.0118077486585e+38
2385.16 6.99519781051212e+38
2385.78 6.99310420890687e+38
2386.4 6.4304297782784484e+38
2387.01 6.819617240146346e+38
2387.63 7.001966038757531e+38
2388.25 7.000192774848555e+38
2388.87 6.998419960022717e+38
2389.49 6.996647594166287e+38
2390.11 6.993909366129843e+38
2390.73 6.99326523293571e+38
2391.35 6.992299144375715e+38
2391.97 6.990528328629841e+38
2392.59 6.989240744318697e+38
2393.21 6.987309812513122e+38
2393.83 6.985701110187434e+38
2394.45 6.983610350861643e+38
2395.07 6.982002500270531e+38
2395.69 6.972844817913243e+38
2396.31 6.968511161661436e+38
2396.93 6.961454677293995e+38
2397.55 6.954085083667569e+38
2398.17 6.947843061447499e+38
2398.79 6.81647741337426e+38
2399.42 6.9344177291963e+38
2400.04 6.925960334768935e+38
2400.66 6.914805997402528e+38
2401.28 6.914169149562506e+38
2401.91 6.90700865165928e+38
2402.53 6.898267001798478e+38
2403.15 6.887633029259396e+38
2403.77 6.886522963442777e+38
2404.4 6.878440739313568e+38
2405.02 6.8454184335848e+38
2405.64 6.853304051260489e+38
2406.27 6.865623757427876e+38
2406.89 6.861198752817019e+38
2407.51 6.85582936693167e+38
2408.14 6.853304051260489e+38
2408.76 6.84888698689782e+38
2409.39 6.8454184335848e+38
2410.01 6.839746407728994e+38
2410.64 6.83769933137081e+38
2411.26 6.83376436791528e+38
2411.89 6.829359897191983e+38
2412.51 6.825586896056109e+38
2413.14 6.821501830379809e+38
2413.76 6.817576188272203e+38
2414.39 6.7104245863289665e+38
2415.01 6.810045287103963e+38
2415.64 6.808163861993094e+38
2416.26 6.806439678928502e+38
2416.89 6.799234188581766e+38
2417.52 6.803149269146042e+38
2418.14 6.801426356038554e+38
2418.77 6.799390748537135e+38
2419.4 6.789065520166694e+38
2420.02 6.796416725740855e+38
2420.65 6.794382617578028e+38
2421.28 6.792349118206007e+38
2421.91 6.7876587498405155e+38
2422.53 6.7876587498405155e+38
2423.16 6.7372086876358535e+38
2423.79 6.78593975974246e+38
2424.42 6.7832839949274305e+38
2425.05 6.784846083623403e+38
2425.68 6.774074989397914e+38
2426.3 6.764722720750145e+38
2426.93 6.7595844777529216e+38
2427.56 6.752117635984634e+38
2428.19 6.744503742590282e+38
2428.82 6.736743313820667e+38
2429.45 6.729146756980012e+38
2430.08 6.722177873199247e+38
2430.71 6.714288529259496e+38
2431.34 6.70687172276808e+38
2431.97 6.696841188040247e+38
2432.6 6.691908590558734e+38
2433.23 6.684516505625408e+38
2433.86 6.676210169975462e+38
2434.49 6.669142544285416e+38
2435.12 6.6626960293079005e+38
2435.75 6.660088497512107e+38
2436.39 6.6597817961642745e+38
2437.02 6.6580951911971226e+38
2437.65 6.6567155593882926e+38
2438.28 6.654876494994356e+38
2438.91 6.644005755567065e+38
2439.54 6.647984527476951e+38
2440.18 6.649362349743336e+38
2440.81 6.619116119411185e+38
2441.44 6.640640962394206e+38
2442.07 6.64568879144855e+38
2442.71 6.644005755567065e+38
2443.34 6.642323145918265e+38
2443.97 6.638042062132551e+38
2444.61 6.639264947296847e+38
2445.24 6.6330000412620715e+38
2445.88 6.633305509236003e+38
2446.51 6.629640821827857e+38
2447.14 6.625978159041448e+38
2447.78 6.60465291978355e+38
2448.41 6.618658902859978e+38
2449.05 6.612717960889553e+38
2449.68 6.610891051801845e+38
2450.32 6.60115605749267e+38
2450.95 6.597357220107218e+38
2451.59 6.60115605749267e+38
2452.22 6.597357220107218e+38
2452.86 6.593864220556348e+38
2453.49 6.590373070389431e+38
2454.13 6.58658043840409e+38
2454.76 6.582941565091074e+38
2455.4 6.5777899356458685e+38
2456.04 6.563719299904354e+38
2456.67 6.5661379089555946e+38
2457.31 6.5597909601396955e+38
2457.95 6.554204683664912e+38
2458.58 6.548170817189256e+38
2459.22 6.542142505551511e+38
2459.86 6.5358187511307545e+38
2460.5 6.5301025263391e+38
2461.14 6.5243913009556466e+38
2461.77 6.492470724374088e+38
2462.41 6.512383990572162e+38
2463.05 6.5065384415047524e+38
2463.69 6.498752537259091e+38
2464.33 6.494563987032996e+38
2464.96 6.4887344332916025e+38
2465.6 6.4836565277628755e+38
2466.24 6.478731772658281e+38
2466.88 6.4738107582226655e+38
2467.52 6.469042435106564e+38
2468.16 6.463979939995305e+38
2468.8 6.4258413664384415e+38
2469.44 6.453569627274092e+38
2470.08 6.449261696709885e+38
2470.72 6.444511455348388e+38
2471.36 6.4394681575088045e+38
2472.0 6.434725129635793e+38
2472.64 6.42983754108246e+38
2473.28 6.4243619321171746e+38
2473.92 6.420073498471719e+38
2474.56 6.415049325106654e+38
2475.21 6.410914722942975e+38
2475.85 6.408258171703944e+38
2476.49 6.405455228529883e+38
2477.13 6.4029483712303524e+38
2477.77 6.400295121083666e+38
2478.42 6.399558302292431e+38
2479.06 6.395139170517573e+38
2479.7 6.392341965535364e+38
2480.34 6.389840240279987e+38
2480.99 6.387192421873235e+38
2481.63 6.378668023951303e+38
2482.27 6.367222113343492e+38
2482.92 6.379402437522016e+38
2483.56 6.377052611689717e+38
2484.2 6.374263317686631e+38
2484.85 6.3710351329915645e+38
2485.49 6.3635579004094265e+38
2486.14 6.353748204735691e+38
2486.78 6.343953631125856e+38
2487.42 6.333882463485381e+38
2488.07 6.3241185137622224e+38
2488.71 6.313061207559386e+38
2489.36 6.304200251980029e+38
2490.0 6.294337124513766e+38
2490.65 6.2843447241822726e+38
2491.29 6.262821012290647e+38
2491.94 6.264407487810204e+38
2492.59 6.254318588777835e+38
2493.23 6.242952060417564e+38
2493.88 6.22959768071669e+38
2494.52 6.159280744499354e+38
2495.17 6.218419262603633e+38
2495.82 6.220710634983491e+38
2496.47 6.221283609992577e+38
2497.11 6.225439257425175e+38
2497.76 6.202403271027242e+38
2498.41 6.230458390896339e+38
2499.05 6.232467177142934e+38
2499.7 6.234620166831847e+38
