WAVE FLUX
900.0 4.787292903872302e+38
900.44 4.750507411584477e+38
900.88 4.782224939645408e+38
901.32 4.775512651998022e+38
901.77 4.625940047661589e+38
902.21 4.786521345604874e+38
902.65 4.780683580916378e+38
903.09 4.780133216061128e+38
903.54 4.7578418275074654e+38
903.98 3.853008791908299e+38
904.42 4.456459869012997e+38
904.87 4.764748697417941e+38
905.31 4.7357634350150294e+38
905.75 4.7782624494384e+38
906.2 4.5598441578327764e+38
906.64 4.788064586510251e+38
907.09 4.7911525611681996e+38
907.53 4.777602353684007e+38
907.98 4.776942349118991e+38
908.42 4.776502396730148e+38
908.87 4.848863963393743e+38
909.31 4.81293503932487e+38
909.76 4.7553227674032254e+38
910.21 4.775622613506392e+38
910.65 4.857021210151046e+38
911.1 4.76661417318934e+38
911.54 4.839717365105974e+38
911.99 2.5302299959342287e+39
912.44 2.3941425211519264e+39
912.89 2.4858790826298324e+39
913.33 2.1692020190687252e+39
913.78 2.5244687558013393e+39
914.23 1.8510152636424792e+39
914.68 2.4978709659409543e+39
915.13 2.4913801505887717e+39
915.58 2.4001589294367464e+39
916.02 2.4185774536734602e+39
916.47 2.4020386990151352e+39
916.92 2.436351805766456e+39
917.37 2.4295173228516645e+39
917.82 2.3880312185880233e+39
918.27 2.4711550750182036e+39
918.72 1.6500230076989977e+39
919.17 2.0281496644785654e+39
919.62 2.084634879599702e+39
920.08 2.3894612943408157e+39
920.53 2.3950798664664668e+39
920.98 3.418298622504946e+38
921.43 1.0792448874176156e+39
921.88 1.4281045406726118e+39
922.33 2.3453086212002593e+39
922.78 2.3044113202541602e+39
923.24 1.2914571469019013e+39
923.69 1.2568110777633294e+39
924.14 1.6722838669173544e+39
924.6 2.5737123113613208e+39
925.05 2.4004352738527008e+39
925.5 2.4323160187868142e+39
925.96 2.4677434053558452e+39
926.41 1.1671589375364375e+39
926.87 2.477878457675923e+39
927.32 2.4147935101502326e+39
927.78 2.353639803489101e+39
928.23 2.1763563153616447e+39
928.68 2.0280562668854686e+39
929.14 1.6877184574248033e+39
929.6 2.1466932959194475e+39
930.05 1.7661191516060515e+39
930.51 2.0941606751272797e+39
930.97 1.694767004066109e+39
931.42 2.2064800240602853e+39
931.88 2.200138394762184e+39
932.34 2.2252560988564436e+39
932.79 2.2737358009860547e+39
933.25 2.2980527851555196e+39
933.71 2.6898620022319686e+39
934.16 2.6245811176195417e+39
934.62 2.5285992221263663e+39
935.08 2.491552254976864e+39
935.54 2.4905198069540596e+39
936.0 2.4500785039979498e+39
936.46 2.4624079237491954e+39
936.92 2.1840873325185196e+39
937.38 1.2711008232531362e+39
937.84 3.956216045365527e+38
938.3 2.426274869665615e+39
938.76 2.2140121507160503e+39
939.22 2.280709649339179e+39
939.68 2.2766171336806296e+39
940.14 2.3135026430827625e+39
940.6 2.3506609893456046e+39
941.06 2.3509316347725553e+39
941.52 2.3358771589413625e+39
941.98 2.2840731049618105e+39
942.45 1.6258482204780018e+39
942.91 2.1630671408618113e+39
943.37 2.1653594518736536e+39
943.83 2.2259735523030577e+39
944.29 2.3099362801731758e+39
944.76 2.437698555616726e+39
945.22 2.539218069886704e+39
945.68 2.406245861995635e+39
946.15 2.498848922610436e+39
946.61 2.3504986170452526e+39
947.08 2.4686527231166486e+39
947.54 2.4609908557087638e+39
948.01 2.0869882310611576e+39
948.47 2.3478481232507375e+39
948.93 1.7030994159071198e+39
949.4 1.0486486449610306e+39
949.87 4.578676920225846e+38
950.33 2.025349606824971e+39
950.8 2.309723536976741e+39
951.26 2.227511731565847e+39
951.73 2.4295173228516645e+39
952.2 2.4278396512543708e+39
952.66 2.4184103900319546e+39
953.13 2.4261072743238142e+39
953.6 2.4084076609891775e+39
954.07 2.3320078069857927e+39
954.53 2.420360184100083e+39
955.0 2.100245196012054e+39
955.47 2.4364640064969342e+39
955.94 2.3913326856868876e+39
956.41 2.2752545943631314e+39
956.88 2.3355544678770445e+39
957.35 2.3532062869445906e+39
957.82 2.325733775674282e+39
958.28 2.2797120772419967e+39
958.76 9.255715565907673e+38
959.23 2.29472158079566e+39
959.7 2.2218769317732233e+39
960.17 2.348767343563743e+39
960.64 2.3601521435870423e+39
961.11 2.3892412269571524e+39
961.58 2.364122628955442e+39
962.05 2.3336192574208877e+39
962.52 2.3543444382154772e+39
962.99 2.3533688462906516e+39
963.47 2.383526583601359e+39
963.94 2.0354948129288792e+39
964.41 2.3361461022189182e+39
964.89 2.377442379343341e+39
965.36 2.3557543405938523e+39
965.83 2.3491459506421078e+39
966.31 2.3494164216337023e+39
966.78 2.2180431975121096e+39
967.25 2.0554172641766528e+39
967.73 2.298634919704654e+39
968.2 2.214318048928689e+39
968.68 2.2988466415546995e+39
969.15 2.2909731535511385e+39
969.63 2.0901622511126832e+39
970.1 2.2686630620392545e+39
970.58 2.0610569873351622e+39
971.05 2.2433136555550346e+39
971.53 2.1734517328742723e+39
972.01 1.391201380664393e+39
972.48 3.9973299726920465e+38
972.96 2.2136043521669377e+39
973.44 2.099471579601413e+39
973.91 2.2079030529845267e+39
974.39 2.1907357730287436e+39
974.87 2.1857475486869204e+39
975.35 2.182428377391325e+39
975.83 2.1392916694598873e+39
976.3 2.1973032597467338e+39
976.78 2.1327993514115276e+39
977.26 2.227306579601294e+39
977.74 2.1300509906099925e+39
978.22 1.907787504730535e+39
978.7 2.2231051256728852e+39
979.18 2.1453097176652475e+39
979.66 2.069045303426173e+39
980.14 2.2181964198002014e+39
980.62 2.2286917221173147e+39
981.1 1.876765450979492e+39
981.58 2.2333665126997927e+39
982.07 2.2239242987564526e+39
982.55 2.214572996390902e+39
983.03 2.199935763859021e+39
983.51 1.7514994287138107e+39
983.99 2.0471515757388028e+39
984.47 2.1633161875055064e+39
984.96 2.0983116892494895e+39
985.44 2.1361906015547675e+39
985.92 8.801769680203468e+38
986.41 2.097104151536125e+39
986.89 1.8578044550916913e+39
987.38 2.1744528748901366e+39
987.86 2.241609714217443e+39
988.34 2.217685719998008e+39
988.83 1.9566358206209873e+39
989.31 2.1847412064790336e+39
989.8 9.48746092009445e+38
990.28 1.8527635580226568e+39
990.77 1.731011686827815e+39
991.26 1.4874418621960614e+39
991.74 2.1455073170919205e+39
992.23 2.1991254268505093e+39
992.72 2.180971548000127e+39
993.2 2.221160798708245e+39
993.69 2.223053937374973e+39
994.18 2.1463473177239713e+39
994.66 1.757114246595086e+39
995.15 1.6017325452465874e+39
995.64 2.212126711977629e+39
996.13 1.995767747714203e+39
996.61 2.128923225823988e+39
997.1 1.6600455316047496e+39
997.59 1.4928287828362845e+39
998.08 2.1884669886571192e+39
998.57 2.183483930253411e+39
999.06 2.1462484770531196e+39
999.55 2.1953814990849997e+39
1000.04 2.2106500581527207e+39
1000.53 2.1611255607697415e+39
1001.02 2.0404220118222807e+39
1001.51 2.2120757764641238e+39
1002.01 1.9431664343739656e+39
1002.5 2.145704934719011e+39
1002.99 2.1472370886216963e+39
1003.48 2.1966962062904358e+39
1003.97 2.1932089021524927e+39
1004.46 2.1971514806571257e+39
1004.96 2.194471778133531e+39
1005.45 2.0561746473876146e+39
1005.94 1.0491558341499246e+39
1006.43 2.161324616956482e+39
1006.93 2.0346513457325406e+39
1007.42 2.1704010956911867e+39
1007.92 1.898278810669997e+39
1008.41 2.1752040340195156e+39
1008.91 2.073051064504582e+39
1009.4 2.1838861799047434e+39
1009.9 1.3663438300275116e+39
1010.39 9.316011157412194e+38
1010.89 2.1540213322577024e+39
1011.38 1.9597920879196474e+39
1011.88 2.157794093625784e+39
1012.37 1.886557297956449e+39
1012.87 1.659052006047796e+39
1013.37 2.1464955872651184e+39
1013.86 2.1453097176652475e+39
1014.36 2.16371472177911e+39
1014.86 2.0286634281301817e+39
1015.36 2.10668692573941e+39
1015.85 2.0494154220927643e+39
1016.35 2.0641915695564247e+39
1016.85 2.1031487972548724e+39
1017.35 1.9003780258015324e+39
1017.85 1.8087144157627982e+39
1018.35 1.6412320904899413e+39
1018.85 2.0557485849979096e+39
1019.35 2.0596811765973672e+39
1019.85 1.8002383121800507e+39
1020.35 1.9865980278501947e+39
1020.85 2.0641915695564247e+39
1021.35 1.9759229249144532e+39
1021.85 2.0265624901997877e+39
1022.35 2.0200866566963675e+39
1022.85 1.799078029718691e+39
1023.35 1.9952623149688665e+39
1023.85 1.8974485120939618e+39
1024.35 1.9325912104126633e+39
1024.86 1.8723196704941395e+39
1025.36 7.363427243450933e+38
1025.86 3.382439209249742e+38
1026.37 1.4741103653934534e+39
1026.87 1.3961754589630938e+39
1027.37 1.4186001453160357e+39
1027.88 1.4125375446227497e+39
1028.38 1.405756175353238e+39
1028.89 1.4217394033195622e+39
1029.39 1.4244263534472554e+39
1029.9 1.3040372582466076e+39
1030.4 1.3989429371781708e+39
1030.91 1.0946114835343001e+39
1031.41 1.3218129426846706e+39
1031.92 1.6843797050425738e+39
1032.42 1.6757143933608372e+39
1032.93 1.7176710657369513e+39
1033.44 1.5988215745080996e+39
1033.94 1.3108107669396817e+39
1034.45 1.5571842412660595e+39
1034.96 1.436316005379974e+39
1035.46 6.688519537453227e+38
1035.97 1.4960634055143066e+39
1036.48 1.4855593256880667e+39
1036.99 8.276562519977792e+38
1037.5 1.8098392394667092e+39
1038.01 1.768479378281794e+39
1038.51 2.292397889753648e+39
1039.02 2.1306886871235842e+39
1039.53 1.8526782370722715e+39
1040.04 2.133241382890987e+39
1040.55 2.1293644539604012e+39
1041.06 2.13948871457831e+39
1041.57 1.9700171185549596e+39
1042.08 2.0981184365006066e+39
1042.59 2.0833392690971554e+39
1043.11 2.082188291326646e+39
1043.62 2.0596337512316234e+39
1044.13 2.0797445744409184e+39
1044.64 2.0765385595552746e+39
1045.15 2.062291254123506e+39
1045.67 2.0624337170769315e+39
1046.18 2.0493210451978875e+39
1046.69 2.04781160581557e+39
1047.2 2.049462612170042e+39
1047.72 2.0484246814307916e+39
1048.23 2.0551806391405197e+39
1048.75 2.0587802813556002e+39
1049.26 2.0482831861538762e+39
1049.78 2.0447018974208867e+39
1050.29 2.0477644537536472e+39
1050.81 2.0321698325579624e+39
1051.32 1.9847691458089113e+39
1051.83 2.0399522413779114e+39
1052.35 2.0290371561642333e+39
1052.87 1.947421677517157e+39
1053.38 2.0225999864725867e+39
1053.9 2.0310003582013082e+39
1054.42 2.0298315568544826e+39
1054.93 2.027776099911501e+39
1055.45 1.7894517798476784e+39
1055.97 1.958709365983055e+39
1056.49 2.0151621621393543e+39
1057.01 2.0085377564368213e+39
1057.52 1.971650803105047e+39
1058.04 2.0013359653242605e+39
1058.56 1.923313145773068e+39
1059.08 1.9521356831110316e+39
1059.6 1.987558865445524e+39
1060.12 1.8395855943948418e+39
1060.64 1.9002905121743618e+39
1061.16 1.700669801159413e+39
1061.68 1.5880713104310602e+39
1062.2 1.8749081633675064e+39
1062.72 5.784289220408187e+38
1063.24 1.8212937614961742e+39
1063.76 1.9624111374671316e+39
1064.28 1.9421823363173627e+39
1064.81 1.9557349639722234e+39
1065.33 1.9528999756374044e+39
1065.85 1.7434921647583307e+39
1066.37 1.9424954043536438e+39
1066.9 1.9534846365264382e+39
1067.42 1.9270367630994615e+39
1067.94 1.855239575549284e+39
1068.47 1.9389204892140277e+39
1068.99 1.5910359764159914e+39
1069.52 1.8734409116828675e+39
1070.04 1.8665086202293156e+39
1070.56 1.6731697339295775e+39
1071.09 1.923180292596338e+39
1071.61 1.9361098747543368e+39
1072.14 1.8672823836537708e+39
1072.67 1.8593450845647963e+39
1073.19 1.8753831084277202e+39
1073.72 1.8431046720232024e+39
1074.24 1.849524122528535e+39
1074.77 1.897798067220871e+39
1075.3 1.8350588645536955e+39
1075.82 1.9209231921338617e+39
1076.35 1.914740837516166e+39
1076.88 1.9196851263320646e+39
1077.41 1.9200387779719817e+39
1077.94 1.8269219762374793e+39
1078.47 1.9073043531828967e+39
1078.99 1.865692217791022e+39
1079.52 1.8400939609090803e+39
1080.05 1.8850375248859352e+39
1080.58 1.8818283198800362e+39
1081.11 1.845312824496901e+39
1081.64 1.8419167615055363e+39
1082.17 1.868873904845866e+39
1082.7 1.8391620629208978e+39
1083.23 1.643614636390558e+39
1083.77 1.783856848337509e+39
1084.3 1.7998652826622025e+39
1084.83 1.5884370194658402e+39
1085.36 1.782625029185666e+39
1085.89 1.7738218489815833e+39
1086.43 1.8165192310760462e+39
1086.96 1.8319769286665193e+39
1087.49 1.8479490794885954e+39
1088.02 1.7404838587849288e+39
1088.56 1.773862693209273e+39
1089.09 1.6266345778953727e+39
1089.63 1.523210763792722e+39
1090.16 1.8099225875629224e+39
1090.69 1.8047207013081522e+39
1091.23 1.795146927103161e+39
1091.77 1.8442508827272323e+39
1092.3 1.7839800770592495e+39
1092.84 1.8283948948318403e+39
1093.37 1.7623818031021635e+39
1093.91 1.873354638527082e+39
1094.44 1.872405895986788e+39
1094.98 1.87477865377305e+39
1095.52 1.6584409012775695e+39
1096.06 1.827931849644186e+39
1096.59 1.5267221272460756e+39
1097.13 1.8574194972250303e+39
1097.67 1.5600194030083032e+39
1098.21 1.623416665542736e+39
1098.74 1.849822254621658e+39
1099.28 1.849396366340908e+39
1099.82 1.819994183373479e+39
1100.36 1.8459077789593096e+39
1100.9 1.8437413677717488e+39
1101.44 1.8173978083953867e+39
1101.98 1.825912660753297e+39
1102.52 1.836749794810832e+39
1103.06 1.7173546881740297e+39
1103.6 1.8101726548827294e+39
1104.15 1.639494635588021e+39
1104.69 1.8022291090450844e+39
1105.23 1.814805137364861e+39
1105.77 1.8148887141543893e+39
1106.31 1.810422756753e+39
1106.85 1.7813120263112443e+39
1107.4 1.7879278940346895e+39
1107.94 1.2511805945906131e+39
1108.48 1.132948059763349e+39
1109.03 1.7892457734569643e+39
1109.57 1.767543049162729e+39
1110.11 1.7254405488774677e+39
1110.66 1.7680722177343288e+39
1111.2 1.7487591505767253e+39
1111.75 1.7559413257768587e+39
1112.29 1.6880682440496696e+39
1112.84 1.7745571889919997e+39
1113.39 1.7788527519982733e+39
1113.93 1.744415753286202e+39
1114.48 1.7745980501517136e+39
1115.02 1.7016490672208692e+39
1115.57 1.7571547061116135e+39
1116.12 1.6526466210067874e+39
1116.67 1.6639872719739344e+39
1117.21 1.718778846266193e+39
1117.76 1.702824930835707e+39
1118.31 1.716603524991823e+39
1118.86 1.7636808525326518e+39
1119.41 1.653674387511713e+39
1119.95 1.757518883685968e+39
1120.5 1.7538805018417602e+39
1121.05 1.6775674852200785e+39
1121.6 1.738080951723826e+39
1122.15 1.740724332127117e+39
1122.7 1.739241942300285e+39
1123.25 1.7274679556352155e+39
1123.8 6.925163000016991e+38
1124.36 1.6910248900969773e+39
1124.91 1.257679552024897e+39
1125.46 1.7035700646859018e+39
1126.01 1.7059645410771912e+39
1126.56 1.6970709523891072e+39
1127.11 1.6893903145561228e+39
1127.67 1.6829065471422175e+39
1128.22 6.121812164322343e+38
1128.77 1.0638245295137032e+39
1129.33 1.7080477200597148e+39
1129.88 1.6651371107546547e+39
1130.44 1.3681067952524857e+39
1130.99 1.7066717507578735e+39
1131.54 1.725122740254699e+39
1132.1 1.734043548175686e+39
1132.65 1.722622042085035e+39
1133.21 1.7223840694938888e+39
1133.77 1.7255597422048224e+39
1134.32 1.633051947894338e+39
1134.88 1.643690329384645e+39
1135.43 1.7274281796735377e+39
1135.99 1.7259571127659753e+39
1136.55 1.724169665565931e+39
1137.1 1.72143250783241e+39
1137.66 1.7170779056093585e+39
1138.22 1.7088344862490847e+39
1138.78 1.702511287780061e+39
1139.34 1.2554227661768648e+39
1139.9 1.2608690952338816e+39
1140.45 1.6962114870357438e+39
1141.01 1.7046687510324916e+39
1141.57 1.1160663137144953e+39
1142.13 1.701374815899206e+39
1142.69 1.6989476614386245e+39
1143.25 1.695664781179198e+39
1143.81 1.6774902321612332e+39
1144.38 1.4138065846201127e+39
1144.94 1.2827735604437646e+39
1145.5 1.687329890625817e+39
1146.06 1.6856212592238015e+39
1146.62 1.6828290482161458e+39
1147.18 1.6778765330342926e+39
1147.75 1.6730541594507936e+39
1148.31 1.675405743790789e+39
1148.87 1.673477971573422e+39
1149.44 1.6748271790675813e+39
1150.0 1.6477449906314048e+39
1150.0 1.6477449906314048e+39
1150.3 1.6698213132615463e+39
1150.6 1.6735935753291216e+39
1150.89 1.620205119069693e+39
1151.19 1.6472139060093766e+39
1151.49 1.6722838669173544e+39
1151.79 1.6711290930370925e+39
1152.09 1.6692831132208542e+39
1152.39 1.6662110104707606e+39
1152.69 1.5653447463609644e+39
1152.98 1.664523764561917e+39
1153.28 1.664638749761518e+39
1153.58 1.6519237608408316e+39
1153.88 1.590010528214863e+39
1154.18 1.57343932391569e+39
1154.48 1.6587846200079336e+39
1154.78 1.6567233756661267e+39
1155.08 1.615139357155509e+39
1155.38 1.6308349119528395e+39
1155.68 1.6528749583478386e+39
1155.98 1.3721133821311292e+39
1156.28 1.6479726507403863e+39
1156.57 1.6084219823990938e+39
1156.88 1.6328639466631948e+39
1157.18 1.637231153960995e+39
1157.47 1.6196083233855048e+39
1157.78 1.62195947846823e+39
1158.07 1.2908922693801716e+39
1158.38 1.6268967815430825e+39
1158.68 1.6164043108180365e+39
1158.97 1.607422340479391e+39
1159.28 1.603873087053893e+39
1159.58 1.5754695001793133e+39
1159.88 1.639570138844717e+39
1160.18 1.5732944114719835e+39
1160.48 1.6376458915274238e+39
1160.78 1.645697464389774e+39
1161.08 1.645659571241561e+39
1161.38 1.636213607004007e+39
1161.68 1.6393058926577688e+39
1161.98 1.6161810117351072e+39
1162.28 1.642139319514458e+39
1162.58 1.645659571241561e+39
1162.89 1.642744417453615e+39
1163.19 1.3218433789028643e+39
1163.49 1.6284333947499902e+39
1163.79 1.55707667850455e+39
1164.09 1.6211753811153617e+39
1164.39 1.564624044425783e+39
1164.7 1.5875594592305108e+39
1165.0 1.310780584753863e+39
1165.3 1.60834791353501e+39
1165.6 1.4548894679486605e+39
1165.9 1.2577664324512607e+39
1166.21 1.6102377354884996e+39
1166.51 1.603799227669358e+39
1166.81 1.340201192402093e+39
1167.11 1.5896078544131093e+39
1167.42 1.4030721361976186e+39
1167.72 1.577139104425948e+39
1168.02 1.6018063094546884e+39
1168.32 1.5897176644262564e+39
1168.63 1.555750681857515e+39
1168.93 1.1975123472186802e+39
1169.23 1.5916222437192406e+39
1169.54 1.5771754198139428e+39
1169.84 1.5929788143980584e+39
1170.14 1.5559298045848535e+39
1170.44 1.346139289176142e+39
1170.75 1.5426237023688427e+39
1171.05 9.502765230857763e+38
1171.35 1.5857692788557854e+39
1171.66 1.5497084460909688e+39
1171.96 1.1479950091688801e+39
1172.27 1.5789195421671764e+39
1172.57 1.5476401928452675e+39
1172.87 1.492863156885033e+39
1173.18 1.5692784107178114e+39
1173.48 1.4378050346057335e+39
1173.79 1.554676378452936e+39
1174.09 1.5177491558612386e+39
1174.4 1.547176997653386e+39
1174.7 1.4852515011765856e+39
1175.0 5.96499384667162e+38
1175.31 6.202403271027242e+38
1175.61 6.185004215978561e+38
1175.92 5.924476757208273e+38
1176.22 1.0005066970480582e+39
1176.53 1.3019670700641483e+39
1176.83 1.5332748073233825e+39
1177.14 1.5328865019726678e+39
1177.44 1.5345109788749322e+39
1177.75 1.4883326187842497e+39
1178.05 1.532145464810889e+39
1178.36 1.423508287819932e+39
1178.66 1.5552850592670876e+39
1178.97 1.5357835093796247e+39
1179.27 1.5559298045848535e+39
1179.58 1.56217613893897e+39
1179.89 1.537800507881058e+39
1180.19 1.5644439207947094e+39
1180.5 1.4117896704597565e+39
1180.8 1.5412035475382386e+39
1181.11 1.5681225495410044e+39
1181.42 1.4228201269286874e+39
1181.72 1.4508750085224156e+39
1182.03 1.5704351238784256e+39
1182.33 1.5710138001489137e+39
1182.64 1.5469632620166075e+39
1182.95 8.190680775100086e+38
1183.25 1.5354652778554165e+39
1183.56 1.5392529691538113e+39
1183.87 1.5518151947867723e+39
1184.17 1.4929662837804047e+39
1184.48 7.198135206770812e+38
1184.79 1.392387128732936e+39
1185.09 1.5755420549016436e+39
1185.4 1.3164670694811225e+39
1185.71 1.5677976170058928e+39
1186.02 1.554712176611622e+39
1186.32 1.5610614533364157e+39
1186.63 1.395082850357359e+39
1186.94 1.530382532177447e+39
1187.25 1.547925304963236e+39
1187.56 1.541168060423651e+39
1187.86 1.5341576853404285e+39
1188.17 1.5357835093796247e+39
1188.48 1.523772038760759e+39
1188.79 1.5331688961100154e+39
1189.09 1.5275660582380637e+39
1189.4 1.4866200985285886e+39
1189.71 1.527355031765544e+39
1190.02 1.5199174461019005e+39
1190.33 1.4899784941617486e+39
1190.64 1.5218785641919603e+39
1190.94 1.516596327534998e+39
1191.25 9.568855581120125e+38
1191.56 1.5141189677364716e+39
1191.87 1.5121678487917695e+39
1192.18 1.5035573569498077e+39
1192.49 1.5040767569553264e+39
1192.8 1.488469705597286e+39
1193.11 1.359627687539934e+39
1193.42 1.497752316621116e+39
1193.73 1.4205940783083398e+39
1194.04 1.4550569779311734e+39
1194.34 1.443876340290044e+39
1194.65 1.488675359492372e+39
1194.96 1.48484116771296e+39
1195.27 1.4607638072970954e+39
1195.58 1.4576726322624036e+39
1195.89 1.4568002254601727e+39
1196.2 1.1820613026759667e+39
1196.51 1.4387985782558496e+39
1196.82 1.432121946102037e+39
1197.13 1.417261533785689e+39
1197.44 1.4204632427837196e+39
1197.75 1.424065614216362e+39
1198.06 1.4293217420241077e+39
1198.38 1.3666584785448738e+39
1198.69 1.4259687234418208e+39
1199.0 1.4310341571616037e+39
1199.31 1.4424474490886337e+39
1199.62 1.445240089655586e+39
1199.93 1.4404560102463653e+39
1200.24 1.4186654757712615e+39
1200.55 1.4084453490033504e+39
1200.86 1.3208697674435731e+39
1201.17 1.4124724963626842e+39
1201.48 1.3920986105429973e+39
1201.8 1.3615387309811653e+39
1202.11 7.061874577439522e+38
1202.42 1.4028137045619533e+39
1202.73 1.4063065515120137e+39
1203.04 1.382483637886072e+39
1203.35 1.3807657315697102e+39
1203.67 1.406403699082392e+39
1203.98 1.4069219328094494e+39
1204.29 1.4012963797214342e+39
1204.6 1.3994906458445882e+39
1204.92 1.382483637886072e+39
1205.23 1.3897926162143008e+39
1205.54 1.373947062833648e+39
1205.85 1.3847456195794747e+39
1206.16 1.3547526213057582e+39
1206.48 4.708255257137208e+38
1206.79 1.3766387816084266e+39
1207.1 1.366217990905314e+39
1207.42 1.349957201451092e+39
1207.73 1.3741368937479204e+39
1208.04 1.3637978454384465e+39
1208.35 1.311354165141462e+39
1208.67 1.3079465600796894e+39
1208.98 1.372966687464013e+39
1209.29 1.3523527858204946e+39
1209.61 1.3510766862527814e+39
1209.92 1.3608178583624577e+39
1210.23 1.3565006306335101e+39
1210.55 1.2893772405763503e+39
1210.86 1.3489318219310076e+39
1211.18 1.327363893694718e+39
1211.49 1.3212652105805312e+39
1211.8 1.3251956450391254e+39
1212.12 1.3238232370993706e+39
1212.43 1.3387824173581762e+39
1212.75 1.3240671168129438e+39
1213.06 1.3055995748861893e+39
1213.38 1.3346887504772385e+39
1213.69 1.21096056347001e+39
1214.0 1.2618565895778947e+39
1214.32 1.3301481047940755e+39
1214.63 1.2883385438931994e+39
1214.95 1.3255923832610711e+39
1215.26 6.436503355554829e+38
1215.58 5.26793005526438e+38
1215.89 4.646864405023373e+38
1216.21 1.3438165951333953e+39
1216.52 1.3452407051486274e+39
1216.84 1.1220184543019561e+39
1217.15 9.543111542291682e+38
1217.47 1.3498328715236597e+39
1217.79 7.781978023302714e+38
1218.1 1.3547526213057582e+39
1218.42 1.2827440238310296e+39
1218.73 7.93688339682877e+38
1219.05 1.3604419024352788e+39
1219.36 1.3633268876863427e+39
1219.68 1.3652431305893404e+39
1220.0 1.0207984454483262e+39
1220.31 1.363578044911558e+39
1220.63 1.3659663474288848e+39
1220.94 1.0996386601712389e+39
1221.26 7.50205078891323e+38
1221.58 1.3685794042113347e+39
1221.9 1.274882031171143e+39
1222.21 1.2463499482727303e+39
1222.53 1.3469454265257492e+39
1222.84 1.3470384734332299e+39
1223.16 8.641318249890538e+38
1223.48 1.3687054608377517e+39
1223.8 8.183705643178419e+38
1224.11 1.3761950772177858e+39
1224.43 1.3831522896392862e+39
1224.75 1.3833752454159615e+39
1225.06 1.3921306651671346e+39
1225.38 1.391041221906043e+39
1225.7 1.3659034438023254e+39
1226.02 1.241109214482399e+39
1226.34 1.4071487201087228e+39
1226.65 1.4077320553264596e+39
1226.97 1.4083804891915184e+39
1227.29 1.3410037737143249e+39
1227.61 1.4091590041040648e+39
1227.93 1.4041386700359252e+39
1228.24 1.371481646040965e+39
1228.56 1.3786372223559112e+39
1228.88 1.410717325193403e+39
1229.2 1.3909451355013415e+39
1229.52 1.237713135469462e+39
1229.84 1.1565915099318189e+39
1230.16 1.4083156323665224e+39
1230.47 1.242653364449431e+39
1230.79 1.2219966068743552e+39
1231.11 1.378319815948404e+39
1231.43 1.3711974597009128e+39
1231.75 1.3622286186369702e+39
1232.07 1.3516678996857688e+39
1232.39 1.3286481892987311e+39
1232.71 1.3291683764404358e+39
1233.03 1.3121092585920524e+39
1233.35 1.2921412767358207e+39
1233.67 1.3176801390143721e+39
1233.99 1.3115957477555555e+39
1234.31 1.3044877345493566e+39
1234.63 1.2478144196561636e+39
1234.95 1.2879826119741603e+39
1235.27 1.2592733138027501e+39
1235.59 1.2734444353828262e+39
1235.91 1.2635138302206197e+39
1236.23 1.237314208198292e+39
1236.55 1.2544403067665134e+39
1236.87 1.2523623417350248e+39
1237.19 1.1925593452038113e+39
1237.51 1.2571294486705717e+39
1237.83 1.2626704008998136e+39
1238.15 1.2606078290517978e+39
1238.47 1.2494532182232212e+39
1238.79 1.043998801257492e+39
1239.11 1.4340688420164217e+39
1239.44 1.399941861049832e+39
1239.76 1.377526619605168e+39
1240.08 1.3412817022881796e+39
1240.4 1.333122320846298e+39
1240.72 1.3194714571951071e+39
1241.04 1.3122905457077804e+39
1241.36 1.3190158065915195e+39
1241.69 1.3286787829061066e+39
1242.01 1.3351498152588108e+39
1242.33 1.3489628825916615e+39
1242.65 1.3213869092079803e+39
1242.97 1.5571842412660595e+39
1243.3 1.4938947464777222e+39
1243.62 1.520757615648891e+39
1243.94 1.5004447213815467e+39
1244.26 1.478427390400677e+39
1244.58 1.4822791507192988e+39
1244.91 1.4666618651915374e+39
1245.23 1.432023022039451e+39
1245.55 1.435191983884019e+39
1245.88 1.4362498621065372e+39
1246.2 1.3417141501222431e+39
1246.52 1.3671935473263367e+39
1246.84 1.4088670105939192e+39
1247.17 1.4050442435826006e+39
1247.49 5.8262618600541124e+38
1247.81 1.1288857735346677e+39
1248.14 1.2638338990452488e+39
1248.46 1.378383291383198e+39
1248.79 1.3999740962735655e+39
1249.11 1.4066304028455257e+39
1249.43 1.3936701554363847e+39
1249.76 1.4101976934496343e+39
1250.08 1.3983632439902716e+39
1250.4 1.3143166207856878e+39
1250.73 1.3247075148435374e+39
1251.05 1.3679177973695624e+39
1251.38 1.3976228744725615e+39
1251.7 1.3882893753684964e+39
1252.03 1.390913108174742e+39
1252.35 1.38835330992904e+39
1252.68 1.3817516758950868e+39
1253.0 1.386245023243677e+39
1253.32 1.3914256339058194e+39
1253.65 1.264154048948573e+39
1253.97 1.3397383832379259e+39
1254.3 1.3885131592122958e+39
1254.62 1.383279688539866e+39
1254.95 1.2510653619059097e+39
1255.27 1.0617933474766009e+39
1255.6 1.3845224429423807e+39
1255.93 1.3833752454159615e+39
1256.25 1.3840761975691704e+39
1256.58 1.1246826616095814e+39
1256.9 1.349180327242874e+39
1257.23 1.352134829870581e+39
1257.55 1.354347155679243e+39
1257.88 1.3036769892117129e+39
1258.2 1.377780392758595e+39
1258.53 1.2650567259795088e+39
1258.86 1.1588040382969869e+39
1259.18 1.3636094428178196e+39
1259.51 1.3553454432796777e+39
1259.84 1.3658719930753252e+39
1260.16 1.3665326104438113e+39
1260.49 1.3641119076536943e+39
1260.82 1.3458913439926197e+39
1261.14 1.3609118635767012e+39
1261.47 1.3615700819299477e+39
1261.8 1.3200792361922657e+39
1262.12 1.3595963813158982e+39
1262.45 1.3575630222056694e+39
1262.78 1.3563444667166584e+39
1263.11 1.3540976986900832e+39
1263.43 1.3504857314139007e+39
1263.76 1.3496774752167565e+39
1264.09 1.3499261178956859e+39
1264.42 1.3293826303370756e+39
1264.74 1.3377655258069758e+39
1265.07 1.3371188151946375e+39
1265.4 1.3115353479299895e+39
1265.73 1.3025967791906353e+39
1266.06 1.3277307085674698e+39
1266.38 1.2781152007954974e+39
1266.71 1.2569557818156276e+39
1267.04 1.3268444127605258e+39
1267.37 1.3148311968877717e+39
1267.7 1.34072590273038e+39
1268.03 1.3370264534891841e+39
1268.35 1.346728342068943e+39
1268.68 1.3289541570746827e+39
1269.01 1.2363174524594341e+39
1269.34 1.3404480893244115e+39
1269.67 1.3277918542341504e+39
1270.0 1.2582009246167486e+39
1270.33 1.3285564127031763e+39
1270.66 1.2379981622646482e+39
1270.99 1.346139289176142e+39
1271.32 1.3464492848903932e+39
1271.65 1.3515122921256019e+39
1271.97 1.3457673885272536e+39
1272.31 1.3511700185474528e+39
1272.63 1.2689952602797776e+39
1272.96 1.346015310875232e+39
1273.29 1.339614994455091e+39
1273.62 1.0870261705259648e+39
1273.95 1.3469764414474101e+39
1274.28 1.3365031909879452e+39
1274.61 1.3507034215391253e+39
1274.94 1.3522593718259763e+39
1275.28 1.3516056545119003e+39
1275.61 1.3520414309314062e+39
1275.94 1.3236708350899235e+39
1276.27 1.3515745329998746e+39
1276.6 1.3462942781108738e+39
1276.93 1.2440275549694132e+39
1277.26 1.3487454729855616e+39
1277.59 1.3301481047940755e+39
1277.92 1.346015310875232e+39
1278.25 1.3320177128013472e+39
1278.58 1.3478141143363668e+39
1278.92 1.1084854578339766e+39
1279.25 1.3462012826087872e+39
1279.58 1.3377347229720435e+39
1279.91 1.3416832563679228e+39
1280.24 1.3423012666322479e+39
1280.57 1.3410655306423196e+39
1280.91 1.343321605989813e+39
1281.24 1.3194410755918218e+39
1281.57 1.2886945741734294e+39
1281.9 1.3386591166189762e+39
1282.23 1.3115957477555555e+39
1282.57 1.3358263317289179e+39
1282.9 1.329964350735801e+39
1283.23 1.3281893697114576e+39
1283.56 1.3071336650655113e+39
1283.9 1.2844286966758599e+39
1284.23 1.1941255753381081e+39
1284.56 1.3128043285688752e+39
1284.9 1.326050305726083e+39
1285.23 1.3133787945202177e+39
1285.56 1.3191676726401534e+39
1285.9 1.2607239406706604e+39
1286.23 1.3100564207458732e+39
1286.56 1.3098452816151753e+39
1286.9 1.3212652105805312e+39
1287.23 1.3186817628226334e+39
1287.56 1.2595053018858274e+39
1287.9 1.3145890183368123e+39
1288.23 1.2350655272527312e+39
1288.56 1.309453256363188e+39
1288.9 1.2985838577358746e+39
1289.23 1.2271283793666312e+39
1289.57 1.300259393668038e+39
1289.9 1.297000071423775e+39
1290.23 1.2992418463432452e+39
1290.57 1.2990922742080905e+39
1290.9 1.2942256417535866e+39
1291.24 1.1900905317475396e+39
1291.57 1.1768469875864457e+39
1291.91 1.2911895425333182e+39
1292.24 1.2713935387326992e+39
1292.58 1.2874488984634431e+39
1292.91 1.2860563556131812e+39
1293.25 1.2361181976883633e+39
1293.58 1.2797937944442241e+39
1293.92 1.239595525725213e+39
1294.25 1.2780857714442433e+39
1294.59 6.294192193714075e+38
1294.92 1.2709544907865011e+39
1295.26 1.2520740078460648e+39
1295.59 1.2614498806309763e+39
1295.93 1.2547580771184881e+39
1296.27 8.85462146832031e+38
1296.6 1.1694993910198651e+39
1296.94 1.2534297545829904e+39
1297.28 1.2603756378944155e+39
1297.61 1.2228973390502234e+39
1297.95 1.2560010428691336e+39
1298.28 1.2611884941036607e+39
1298.62 1.2455179763028038e+39
1298.96 5.927205707897143e+38
1299.29 1.2442853848211748e+39
1299.63 1.2425389171155012e+39
1299.97 1.2538338777299533e+39
1300.3 1.2044811285731858e+39
1300.64 1.2192983890297519e+39
1300.98 1.1930811935279614e+39
1301.32 1.2379981622646482e+39
1301.65 1.2553071427917323e+39
1301.99 1.2558853662252022e+39
1302.33 1.2539204924973725e+39
1302.67 1.2556829577332404e+39
1303.0 1.2461203832721619e+39
1303.34 5.972965413926723e+38
1303.68 1.2395384415560592e+39
1304.02 1.2522181664916181e+39
1304.35 1.2541226168906067e+39
1304.69 1.2501150971130656e+39
1305.03 1.2506045372857214e+39
1305.37 1.183695509326721e+39
1305.71 1.224644397419733e+39
1306.05 1.0902849067117382e+39
1306.38 1.2542958923023123e+39
1306.72 1.2424530885323022e+39
1307.06 1.2551048274908661e+39
1307.4 1.150879886164765e+39
1307.74 1.251324650372243e+39
1308.08 1.2520451781085137e+39
1308.42 1.2491655541075909e+39
1308.76 1.0095550370813528e+39
1309.09 1.2487054292735478e+39
1309.43 1.2425389171155012e+39
1309.77 1.220646752406997e+39
1310.11 1.1913242989522729e+39
1310.45 1.2510653619059097e+39
1310.79 1.2510365553930428e+39
1311.13 1.2040374630577779e+39
1311.47 1.238254742499855e+39
1311.81 1.1458558861037997e+39
1312.15 1.2542670114045903e+39
1312.49 1.1903097747173523e+39
1312.83 1.2551337276802385e+39
1313.17 1.2551048274908661e+39
1313.51 1.2544403067665134e+39
1313.85 1.2561167301677681e+39
1314.19 1.2573610418027223e+39
1314.53 1.212215966642776e+39
1314.88 1.2516992730317152e+39
1315.22 1.253891620243451e+39
1315.56 1.2410234846561683e+39
1315.9 1.232224955365092e+39
1316.24 1.2362889855258219e+39
1316.58 1.2574768543676564e+39
1316.92 1.2476420396311228e+39
1317.26 1.257418946751848e+39
1317.6 1.2563770655510487e+39
1317.94 1.2464073461305835e+39
1318.29 1.2107375168346714e+39
1318.63 1.1857960518159399e+39
1318.97 1.251324650372243e+39
1319.31 1.203593960964681e+39
1319.65 1.2029013159649271e+39
1320.0 1.2480155597874168e+39
1320.34 1.1850317872447647e+39
1320.68 1.2147866204712184e+39
1321.02 1.2457187462612685e+39
1321.36 1.1071590134104179e+39
1321.71 1.2436552283881484e+39
1322.05 1.2428250552159142e+39
1322.39 1.2425389171155012e+39
1322.74 1.240423541660006e+39
1323.08 1.1941255753381081e+39
1323.42 1.2380836831018137e+39
1323.76 1.2286268443037197e+39
1324.11 1.232451960497462e+39
1324.45 1.1608604092977379e+39
1324.79 1.2014065628177266e+39
1325.14 1.2280611709935022e+39
1325.48 1.2297306568099366e+39
1325.82 1.1784468503622357e+39
1326.17 1.2088154440690655e+39
1326.51 1.1917632799020407e+39
1326.85 1.174762297645921e+39
1327.2 1.186151056466724e+39
1327.54 1.1977329574633728e+39
1327.89 1.2161299945008636e+39
1328.23 1.2071187616512377e+39
1328.58 1.200024188308062e+39
1328.92 1.2028736184574142e+39
1329.27 1.2097343152675637e+39
1329.61 1.210486638476462e+39
1329.95 1.1882012365304741e+39
1330.3 1.1768198899951073e+39
1330.64 1.2015172215473538e+39
1330.99 1.1941530714121652e+39
1331.33 1.158884088408904e+39
1331.68 1.1027320571866441e+39
1332.02 1.1947856558880452e+39
1332.37 1.1380726852082489e+39
1332.71 1.1949507330293551e+39
1333.06 1.180293458077617e+39
1333.41 1.1897617430073416e+39
1333.75 1.1900357273151157e+39
1334.1 1.1866974250112051e+39
1334.44 7.547793329726053e+38
1334.79 1.1649572808143228e+39
1335.13 1.1511184107772303e+39
1335.48 1.1845407344389256e+39
1335.83 8.969949541049264e+38
1336.17 1.0656632766360247e+39
1336.52 1.1446164944483106e+39
1336.86 1.1514895473271562e+39
1337.21 1.1849226468098274e+39
1337.56 1.1868887134528713e+39
1337.91 1.180293458077617e+39
1338.25 1.1870526995158785e+39
1338.6 5.9871480844906194e+38
1338.94 1.190775800144148e+39
1339.29 1.1911048691173818e+39
1339.64 1.0842264554769715e+39
1339.99 1.1922024226081813e+39
1340.33 1.16289365253463e+39
1340.68 1.1924220546385193e+39
1341.03 1.1843225540677326e+39
1341.38 1.1866974250112051e+39
1341.72 1.1889949224846182e+39
1342.07 1.1851136491679904e+39
1342.42 1.0295323557268157e+39
1342.77 1.1841044138831476e+39
1343.11 1.0971600863603972e+39
1343.46 6.173052918886859e+38
1343.81 1.1889675451799619e+39
1344.16 1.1750057719868609e+39
1344.51 1.189323499315181e+39
1344.86 1.1671858126735636e+39
1345.21 1.1898987272753264e+39
1345.55 1.1079750989392739e+39
1345.9 1.1886938068018991e+39
1346.25 1.1780941515130463e+39
1346.6 1.1871073665716323e+39
1346.95 1.1897891385992891e+39
1347.3 1.0280636411166456e+39
1347.65 1.1862876250151282e+39
1348.0 1.1083833672518574e+39
1348.35 1.1927515785515295e+39
1348.7 1.1880097365521311e+39
1349.05 1.1793426371219888e+39
1349.4 1.1893508848160783e+39
1349.74 1.1872440452256442e+39
1350.09 1.1840226216730178e+39
1350.44 1.1631614495236297e+39
1350.8 1.1860418129480289e+39
1351.15 1.1762509846847304e+39
1351.49 1.0596928401006655e+39
1351.84 1.1815442744023107e+39
1352.2 1.1829870759026097e+39
1352.55 1.1559791475130584e+39
1352.9 1.1680461438813218e+39
1353.25 1.1785282573984252e+39
1353.6 1.1795327400163667e+39
1353.95 1.1790711147057759e+39
1354.3 1.1636436395208382e+39
1354.65 1.1753304829382487e+39
1355.0 1.1734646196273074e+39
1355.35 1.1116293377207736e+39
1355.7 1.1683958345492878e+39
1356.06 9.292017092373837e+38
1356.41 1.1498733270192296e+39
1356.76 1.1683958345492878e+39
1357.11 9.049404474825384e+38
1357.46 1.1648499892246119e+39
1357.81 1.1286518557733591e+39
1358.17 1.1625991470582246e+39
1358.52 1.1014632205296595e+39
1358.87 1.1570176924918234e+39
1359.22 9.94145612120795e+38
1359.57 1.1566447741656508e+39
1359.93 1.1309932162116358e+39
1360.28 1.1516221250921245e+39
1360.63 1.1415895903879514e+39
1360.98 1.150879886164765e+39
1361.34 1.1133712434427218e+39
1361.69 1.0336416484488714e+39
1362.04 1.1191028454863398e+39
1362.4 1.1421943301570949e+39
1362.75 1.1441421889087812e+39
1363.1 9.85076593773328e+38
1363.46 9.886213838441181e+38
1363.81 1.1097623837960961e+39
1364.16 1.141563304618839e+39
1364.52 1.1401185190095838e+39
1364.87 1.0646822163503645e+39
1365.22 1.1134737934463907e+39
1365.58 9.715832074866355e+38
1365.93 1.124553185186452e+39
1366.29 1.1273531950168809e+39
1366.64 1.1346711168489164e+39
1366.99 1.0866758111644186e+39
1367.35 1.1292497419738383e+39
1367.7 1.1323742890537885e+39
1368.06 1.1308109363336557e+39
1368.41 1.1204693988178037e+39
1368.77 1.1266265978041383e+39
1369.12 1.1226645259802305e+39
1369.48 1.0941075123699357e+39
1369.83 1.1183815657561562e+39
1370.19 1.1147307978286656e+39
1370.54 1.1110663636741033e+39
1370.9 1.0359528749746862e+39
1371.25 1.0147054663930542e+39
1371.61 1.0737421456088893e+39
1371.96 1.0375523060676998e+39
1372.32 1.1266265978041383e+39
1372.67 1.0880528728889138e+39
1373.03 1.06620324507252e+39
1373.39 1.1042057389680808e+39
1373.74 9.820870853112183e+38
1374.1 9.779125057212361e+38
1374.45 1.11619481299419e+39
1374.81 1.0371701280761032e+39
1375.17 1.123517910261148e+39
1375.52 1.0675052019055918e+39
1375.88 1.1201340521134585e+39
1376.23 1.0867759023146779e+39
1376.59 1.1126792779142183e+39
1376.95 1.0941578990430834e+39
1377.31 1.1045108844444489e+39
1377.66 1.0452014414584309e+39
1378.02 1.0623068942296046e+39
1378.38 1.1177122222671857e+39
1378.73 1.0264552019284109e+39
1379.09 1.0502193118404189e+39
1379.45 1.0996133403468892e+39
1379.81 1.116503271631843e+39
1380.16 1.00934584598361e+39
1380.52 1.0796674291541944e+39
1380.88 1.1047652367564647e+39
1381.24 1.0501709485673984e+39
1381.6 9.133137583492734e+38
1381.95 1.1147821342610752e+39
1382.31 1.1102735659554598e+39
1382.67 1.1045871839886267e+39
1383.03 1.1129611378671158e+39
1383.39 1.111271048513393e+39
1383.75 1.0843762572450958e+39
1384.1 1.0446480549972062e+39
1384.46 1.1008546976161482e+39
1384.82 1.0960490752967174e+39
1385.18 1.100753309820653e+39
1385.54 1.088729523471155e+39
1385.9 1.0427015040701484e+39
1386.26 9.720083595519295e+38
1386.62 1.0799409266631053e+39
1386.98 1.089231017409747e+39
1387.34 9.445392291451278e+38
1387.7 1.089833115064993e+39
1388.06 1.0353567041711564e+39
1388.42 1.0766387333062685e+39
1388.78 1.0767131074439723e+39
1389.14 1.0856754065290199e+39
1389.49 1.084675922876148e+39
1389.85 1.0850256374459571e+39
1390.21 1.0770354547482305e+39
1390.58 1.0817577119325222e+39
1390.94 1.0431337572500855e+39
1391.3 1.0814339512979353e+39
1391.66 1.080911158028595e+39
1392.02 1.075399920412215e+39
1392.38 1.0513806988076304e+39
1392.74 1.0644861127007285e+39
1393.1 9.924302650467707e+38
1393.46 1.0643880744214216e+39
1393.82 5.811523522807505e+38
1394.18 1.0453458513491913e+39
1394.55 1.0503160450683664e+39
1394.91 1.0542169629981544e+39
1395.27 1.0250616834442497e+39
1395.63 1.0691779657993746e+39
1395.99 9.163470794048254e+38
1396.35 1.0675052019055918e+39
1396.72 1.0555285873658271e+39
1397.08 1.009299364959896e+39
1397.44 1.0144017739098905e+39
1397.8 1.0456828853581315e+39
1398.16 6.5567707602442096e+38
1398.53 1.0637265521656536e+39
1398.89 9.292445015427853e+38
1399.25 1.0669891421555802e+39
1399.61 1.0557473500275734e+39
1399.98 8.660042034091695e+38
1400.34 9.760678318104097e+38
1400.7 8.583215172823515e+38
1401.07 9.854168859383573e+38
1401.43 1.0515986018023316e+39
1401.79 1.0508482371079307e+39
1402.16 1.059741641883093e+39
1402.52 1.0510902317160876e+39
1402.88 4.803413784012862e+38
1403.25 8.437232172118327e+38
1403.61 1.0645351352265994e+39
1403.97 1.0500984078337687e+39
1404.34 1.0523495022992915e+39
1404.7 1.0554799795972456e+39
1405.06 1.0554799795972456e+39
1405.43 1.0551883799890496e+39
1405.79 1.0500258721108852e+39
1406.16 1.0007831854613185e+39
1406.52 1.0356428233277192e+39
1406.89 8.702218828738784e+38
1407.25 8.716055761326905e+38
1407.62 1.0483347935809977e+39
1407.98 1.0521314437096069e+39
1408.35 1.0511144342417255e+39
1408.71 8.013089619913063e+38
1409.08 9.164736861778082e+38
1409.44 8.246696278127701e+38
1409.81 8.156240064797809e+38
1410.17 9.643618024247122e+38
1410.54 1.0155001689618537e+39
1410.9 1.0502193118404189e+39
1411.27 9.992174274381344e+38
1411.64 9.65139299465598e+38
1412.0 1.0362152988683816e+39
1412.37 1.0430136689510801e+39
1412.73 1.0491075198507341e+39
1413.1 1.0504853496571042e+39
1413.46 1.0485520652992533e+39
1413.83 1.0491558341499246e+39
1414.2 9.890767656638189e+38
1414.56 8.76718155044058e+38
1414.93 1.0388671173050072e+39
1415.3 1.0253921775559867e+39
1415.67 1.0262661393065367e+39
1416.03 1.0380541284035798e+39
1416.4 1.0448164459402537e+39
1416.77 1.0437584393235483e+39
1417.13 9.797606658875686e+38
1417.5 1.0415976706452575e+39
1417.87 1.0289398798077049e+39
1418.23 1.0217861225746217e+39
1418.6 1.0251324946424936e+39
1418.97 1.035738213949615e+39
1419.34 1.0336416484488714e+39
1419.71 9.981826112311154e+38
1420.07 8.94787688599871e+38
1420.44 8.995182934657065e+38
1420.81 1.028608242236197e+39
1421.18 7.415321754041235e+38
1421.55 1.0319531950223016e+39
1421.92 1.0208454560364437e+39
1422.28 1.021151077634753e+39
1422.65 9.44560978215017e+38
1423.02 1.0278979501890852e+39
1423.39 1.0292716243037513e+39
1423.76 1.0319294336954223e+39
1424.13 1.0283240665377102e+39
1424.5 7.794710681646568e+38
1424.87 1.0316918505161505e+39
1425.23 1.0327614057614043e+39
1425.6 1.0291768292493449e+39
1425.97 9.807763840584247e+38
1426.34 8.003869518095e+38
1426.71 9.970799884828772e+38
1427.08 1.0302437771713109e+39
1427.45 7.218218096307343e+38
1427.82 7.411054380075361e+38
1428.19 8.04173948738582e+38
1428.56 8.611920261487495e+38
1428.93 7.670611725720988e+38
1429.3 9.681886786817803e+38
1429.68 1.0163188952681028e+39
1430.05 1.0130246191936686e+39
1430.42 8.086116609821689e+38
1430.79 9.681663855702616e+38
1431.16 1.0187086644722535e+39
1431.53 9.934591177948062e+38
1431.9 9.979298192025242e+38
1432.27 1.0215979199497211e+39
1432.64 1.0204929293897335e+39
1433.01 9.984124777345374e+38
1433.38 1.0178880130154219e+39
1433.76 1.0035060612457036e+39
1434.13 1.0155703196512633e+39
1434.5 9.142605909915167e+38
1434.87 1.0117192187805735e+39
1435.24 8.169396970914674e+38
1435.61 1.0056109646013432e+39
1435.99 9.928645395109583e+38
1436.36 1.0113698436802749e+39
1436.73 9.806634745040674e+38
1437.1 9.78002578939527e+38
1437.48 9.836486494436023e+38
1437.85 9.95038763987635e+38
1438.22 1.002397558053327e+39
1438.59 9.934591177948062e+38
1438.97 9.899653636206436e+38
1439.34 1.0076970797455048e+39
1439.71 9.194116447957268e+38
1440.09 1.0111602765343024e+39
1440.46 8.805215714638284e+38
1440.83 9.087198189313861e+38
1441.21 9.168747230395652e+38
1441.58 1.009462057908097e+39
1441.95 1.0068389312885817e+39
1442.33 9.806634745040674e+38
1442.7 9.38361109309105e+38
1443.07 1.0009675535172487e+39
1443.45 9.21679652764946e+38
1443.82 1.0085095149701864e+39
1444.2 9.90330147530416e+38
1444.57 1.0073258987999055e+39
1444.95 8.515300920209431e+38
1445.32 1.0007831854613185e+39
1445.69 9.842830356443158e+38
1446.07 9.980217361684104e+38
1446.44 9.916764502830158e+38
1446.82 9.400695812079622e+38
1447.19 9.555644846342843e+38
1447.57 9.278120315457666e+38
1447.94 9.961620666591894e+38
1448.32 9.998388320324408e+38
1448.69 9.96988158251164e+38
1449.07 8.470323552770243e+38
1449.45 9.580099064694042e+38
1449.82 9.009278245110225e+38
1450.2 9.714713562749364e+38
1450.57 9.946035385274998e+38
1450.95 9.551905121814276e+38
1451.33 9.809570663858838e+38
1451.7 9.701078078708337e+38
1452.08 9.727472237769641e+38
1452.45 8.415307694489401e+38
1452.83 9.845550406748941e+38
1453.21 9.885075711527724e+38
1453.58 8.63654420019011e+38
1453.96 9.282607769229442e+38
1454.34 9.182268756221246e+38
1454.71 8.64509957739033e+38
1455.09 9.870064710108004e+38
1455.47 8.298316597143448e+38
1455.85 9.694825578317223e+38
1456.22 8.674810570601377e+38
1456.6 9.56973694587654e+38
1456.98 9.810925999750673e+38
1457.36 8.151921707926621e+38
1457.73 8.691205124565181e+38
1458.11 9.737556711103187e+38
1458.49 8.118204740633522e+38
1458.87 9.735763152067205e+38
1459.24 7.184722520371024e+38
1459.62 9.67230538260961e+38
1460.0 9.722993602579225e+38
1460.38 9.150819732354067e+38
1460.76 8.475786332981954e+38
1461.14 9.658729422306604e+38
1461.52 9.453878140662343e+38
1461.9 9.677206311195054e+38
1462.27 8.450647763600624e+38
1462.65 8.049705649900103e+38
1463.03 9.648726584614872e+38
1463.41 9.633852661423558e+38
1463.79 9.13587187014635e+38
1464.17 9.259552534081385e+38
1464.55 9.607491303006902e+38
1464.93 9.238043437961353e+38
1465.31 8.737355371830562e+38
1465.69 9.524452055975178e+38
1466.07 9.610367602088614e+38
1466.45 8.939639380919677e+38
1466.83 8.467398511824222e+38
1467.21 9.44560978215017e+38
1467.59 9.538498154227727e+38
1467.97 9.438869898618917e+38
1468.35 9.426489758059115e+38
1468.73 9.501671247555691e+38
1469.11 9.414342626201645e+38
1469.49 9.467820160680869e+38
1469.87 8.080718910424139e+38
1470.25 8.589937422158239e+38
1470.64 9.40502598947141e+38
1471.02 9.144711315107594e+38
1471.4 9.387717238200808e+38
1471.78 9.091383962467323e+38
1472.16 8.812314740279158e+38
1472.54 8.091890551485861e+38
1472.92 9.34307854776241e+38
1473.31 9.33361751854303e+38
1473.69 9.478071923921863e+38
1474.07 9.47588976844913e+38
1474.45 9.434958625016338e+38
1474.83 9.454095826757228e+38
1475.21 9.391392680531292e+38
1475.6 8.605973411928276e+38
1475.98 9.489864249913864e+38
1476.36 9.106259034784297e+38
1476.74 9.478071923921863e+38
1477.13 9.518970918393963e+38
1477.51 8.767787186804552e+38
1477.89 9.3493194688992e+38
1478.28 7.636775082581807e+38
1478.66 9.476980783378014e+38
1479.04 9.457361719742217e+38
1479.43 8.202759906397737e+38
1479.81 9.344369430934716e+38
1480.19 9.287952806075525e+38
1480.58 9.355564558800755e+38
1480.96 9.342433173051618e+38
1481.34 9.158619154474992e+38
1481.73 9.332328120699862e+38
1482.11 9.35707261917709e+38
1482.5 9.358149953988663e+38
1482.88 9.352764520044327e+38
1483.27 8.440924194227774e+38
1483.65 9.254650023612008e+38
1484.03 8.82754621682453e+38
1484.42 8.659643233600654e+38
1484.8 9.239319808994383e+38
1485.19 9.216584305509954e+38
1485.57 9.306148963426602e+38
1485.96 8.974081306770076e+38
1486.34 9.128932586512993e+38
1486.73 9.175928059924852e+38
1487.11 9.29030559720986e+38
1487.5 9.285386804396945e+38
1487.89 8.442868012631686e+38
1488.27 9.274702759188727e+38
1488.66 9.266377738713437e+38
1489.04 9.022772350132707e+38
1489.43 9.089290834938196e+38
1489.81 7.517959815120085e+38
1490.2 8.580843870449253e+38
1490.59 9.19877507962095e+38
1490.97 9.17973195209082e+38
1491.36 9.224652183079875e+38
1491.75 9.084896835594973e+38
1492.13 8.908405964008272e+38
1492.52 9.200893419731793e+38
1492.91 9.181000266537998e+38
1493.29 9.189671773189181e+38
1493.68 6.242089624292909e+38
1494.07 9.09871370542334e+38
1494.45 8.546730307669828e+38
1494.84 9.121998573712898e+38
1495.23 7.445433688308029e+38
1495.62 8.749233355770436e+38
1496.01 9.123679062721571e+38
1496.39 9.042739083117808e+38
1496.78 9.113600770464232e+38
1497.17 9.098294703820428e+38
1497.56 7.639940917004242e+38
1497.94 7.420104130143998e+38
1498.33 9.063584749580675e+38
1498.72 7.245694184019844e+38
1499.11 7.802252481382531e+38
1499.5 8.604190157960875e+38
1499.89 8.869721833875062e+38
1500.28 7.751040390611334e+38
1500.66 9.028591422089433e+38
1501.05 9.013013052392257e+38
1501.44 8.688403862589233e+38
1501.83 5.863811488048403e+38
1502.22 7.982519718290923e+38
1502.61 9.014050773602051e+38
1503.0 8.781526171690461e+38
1503.39 8.903279349014457e+38
1503.78 8.666225790760779e+38
1504.17 8.650077529376092e+38
1504.56 6.759740124729338e+38
1504.95 8.893034968131738e+38
1505.34 8.494151446919966e+38
1505.73 7.528180093699297e+38
1506.12 8.716256458238225e+38
1506.51 8.918462694037978e+38
1506.9 8.597258793347629e+38
1507.29 8.890782786692559e+38
1507.68 8.769604346932253e+38
1508.07 8.845044047552619e+38
1508.46 8.847895812498069e+38
1508.85 7.983071150263639e+38
1509.24 8.675609586977022e+38
1509.64 8.76839286500599e+38
1510.03 8.77041209453943e+38
1510.42 8.770008211436304e+38
1510.81 8.704022399553312e+38
1511.2 7.254040901562927e+38
1511.59 7.992635359272353e+38
1511.98 8.545746385619974e+38
1512.38 8.178054491655837e+38
1512.77 6.921974578816381e+38
1513.16 8.290104403867955e+38
1513.55 7.454868720954351e+38
1513.94 8.694607871197675e+38
1514.34 8.717460736756124e+38
1514.73 8.720070577714726e+38
1515.12 8.708833749390229e+38
1515.52 7.862126006700589e+38
1515.91 8.623826291517602e+38
1516.3 8.294113994066397e+38
1516.69 6.797512266977382e+38
1517.09 8.634953436474853e+38
1517.48 8.724689902831635e+38
1517.87 8.500803942839431e+38
1518.27 8.710638691174399e+38
1518.66 8.372786169281309e+38
1519.05 8.029342803283418e+38
1519.45 8.688203807000245e+38
1519.84 8.691605378568626e+38
1520.23 8.6854035123787e+38
1520.63 6.315969149211834e+38
1521.02 8.608153446470727e+38
1521.42 8.50413214434606e+38
1521.81 8.660640269264589e+38
1522.21 8.635748781703864e+38
1522.6 8.648882559549288e+38
1522.99 8.643109198808427e+38
1523.39 8.43548388322355e+38
1523.79 8.600426724056328e+38
1524.18 8.220722720714358e+38
1524.57 8.233225301402275e+38
1524.97 7.721470205645175e+38
1525.36 6.516884140178727e+38
1525.76 7.971499074290184e+38
1526.16 7.716315917488287e+38
1526.55 8.402722089819428e+38
1526.95 7.927750980181882e+38
1527.34 7.865023054586546e+38
1527.74 6.745124962949167e+38
1528.14 7.737844537852923e+38
1528.53 8.222805164923427e+38
1528.93 8.114093353483511e+38
1529.32 8.514908785139534e+38
1529.72 8.453956328156017e+38
1530.12 5.139608042118621e+38
1530.51 7.57791971868789e+38
1530.91 8.481252636313959e+38
1531.31 6.741398498898486e+38
1531.7 7.551270017482746e+38
1532.1 7.402526998103411e+38
1532.5 6.462342922295919e+38
1532.9 5.1722558561606245e+38
1533.29 5.309944722259584e+38
1533.69 8.308641107791164e+38
1534.09 8.012536114409544e+38
1534.48 8.227539954723592e+38
1534.88 7.7351724425112e+38
1535.28 8.275419149591963e+38
1535.68 6.929150591900698e+38
1536.08 8.317829233917671e+38
1536.47 7.883698372997157e+38
1536.87 8.033596225839226e+38
1537.27 6.315096626100266e+38
1537.67 8.044332255793449e+38
1538.07 7.290712957946426e+38
1538.47 8.033596225839226e+38
1538.86 6.7275974920515136e+38
1539.26 7.825282050666174e+38
1539.66 7.992267293286826e+38
1540.06 6.922612145596112e+38
1540.46 7.05894828182192e+38
1540.86 7.813758781618955e+38
1541.26 7.891507979681306e+38
1541.66 7.879161457363876e+38
1542.06 6.413720055120273e+38
1542.46 7.024574130789993e+38
1542.86 7.312401010585792e+38
1543.26 7.710632419941843e+38
1543.66 6.997614283528324e+38
1544.06 7.26557516390702e+38
1544.46 4.970499105762315e+38
1544.86 4.795015330234177e+38
1545.26 7.390434971728526e+38
1545.66 6.947683083290654e+38
1546.06 7.407812818369916e+38
1546.46 5.6883983267185284e+38
1546.86 7.161928813557779e+38
1547.26 6.858355613134814e+38
1547.66 6.417560920124206e+38
1548.06 4.84607353615029e+38
1548.47 8.034521181028574e+38
1548.87 7.712230480375377e+38
1549.27 7.70761476475958e+38
1549.67 7.553356798782056e+38
1550.07 7.33111445733479e+38
1550.47 7.331958531665934e+38
1550.88 5.267444883319088e+38
1551.28 8.484573183169397e+38
1551.68 8.52118511379234e+38
1552.08 7.218882949379925e+38
1552.48 8.341612282410439e+38
1552.89 8.25220484587095e+38
1553.29 5.61823628134229e+38
1553.69 8.26437470922716e+38
1554.09 7.660903644363776e+38
1554.5 8.201060202779498e+38
1554.9 6.231175740220187e+38
1555.3 7.810161241148688e+38
1555.71 8.111664876215224e+38
1556.11 7.0799468923552e+38
1556.51 7.022956849025711e+38
1556.92 7.754610698653758e+38
1557.32 6.5110345517541974e+38
1557.72 8.048593618784355e+38
1558.13 7.797223804539028e+38
1558.53 8.029527687862485e+38
1558.93 7.492728566152012e+38
1559.34 7.206095277894167e+38
1559.74 7.933046501182428e+38
1560.15 6.556921737208437e+38
1560.55 6.442285984294472e+38
1560.96 7.996501075653598e+38
1561.36 5.634040959709762e+38
1561.77 7.980498126920614e+38
1562.17 7.832673073798705e+38
1562.57 7.58892044287893e+38
1562.98 7.981968324408331e+38
1563.39 7.97572185500797e+38
1563.79 7.77409780255035e+38
1564.19 6.482611570018051e+38
1564.6 5.878411713299379e+38
1565.01 7.93176794820128e+38
1565.41 7.905511959323638e+38
1565.82 7.13148544219383e+38
1566.22 5.71781368811086e+38
1566.63 5.761956828469774e+38
1567.04 6.546512477957723e+38
1567.44 7.938345559446283e+38
1567.85 7.891871405422121e+38
1568.25 4.725306678149835e+38
1568.66 5.831630517515539e+38
1569.07 7.8263632280174e+38
1569.47 7.72129241427011e+38
1569.88 7.946392270075198e+38
1570.29 7.59171681957221e+38
1570.69 7.730899009151378e+38
1571.1 7.751932813485172e+38
1571.51 7.906240117415617e+38
1571.92 7.674144986464646e+38
1572.32 7.72769548356585e+38
1572.73 7.850367718901957e+38
1573.14 7.918993746310281e+38
1573.55 7.917899772463863e+38
1573.95 7.916076818548922e+38
1574.36 7.91425428433618e+38
1574.77 5.173446949208211e+38
1575.18 5.298220149930284e+38
1575.59 5.52637053039739e+38
1575.99 7.792736653344079e+38
1576.4 6.487688657150958e+38
1576.81 7.272772456558218e+38
1577.22 5.718340342466307e+38
1577.63 7.723248344572213e+38
1578.04 5.50503392913508e+38
1578.45 7.887511400937927e+38
1578.86 7.755682111722409e+38
1579.27 7.246528423412338e+38
1579.68 7.240023902559762e+38
1580.08 7.840793208280962e+38
1580.49 7.871182826295833e+38
1580.9 6.035732724278421e+38
1581.31 7.596263129545558e+38
1581.72 7.721470205645175e+38
1582.13 7.838627016338266e+38
1582.54 7.55248723650067e+38
1582.95 7.766940890251565e+38
1583.36 7.716493594273833e+38
1583.77 6.659475108940346e+38
1584.18 7.40048188686098e+38
1584.59 7.69502437757859e+38
1585.01 5.165471860279942e+38
1585.42 7.770697447292009e+38
1585.83 5.428251986887821e+38
1586.24 7.332127358193723e+38
1586.65 7.823120144022524e+38
1587.06 7.818798122393421e+38
1587.47 6.55028203833105e+38
1587.88 7.811779929341723e+38
1588.3 7.802971128487134e+38
1588.71 7.686878206234218e+38
1589.12 7.74979117118511e+38
1589.53 7.766940890251565e+38
1589.94 7.619737321918247e+38
1590.35 7.792916089802482e+38
1590.77 7.73036499601129e+38
1591.18 7.67255481777152e+38
1591.59 7.147760628821616e+38
1592.0 5.056616296765353e+38
1592.42 7.688825418851674e+38
1592.83 7.758539937003607e+38
1593.24 7.559446538696103e+38
1593.66 7.60518880085454e+38
1594.07 7.322679056641219e+38
1594.48 7.637478487952845e+38
1594.89 6.645229739385585e+38
1595.31 7.445090821310476e+38
1595.72 7.400993111696108e+38
1596.14 7.729653035870668e+38
1596.55 7.720047989264772e+38
1596.96 7.717382039571922e+38
1597.38 7.356987192561627e+38
1597.79 7.697859851607682e+38
1598.2 7.681393259785799e+38
1598.62 7.315263933225006e+38
1599.03 7.687232208208724e+38
1599.45 7.679978425171738e+38
1599.86 7.599762143610385e+38
1600.28 7.286685074120572e+38
1600.69 7.492038492127518e+38
1601.11 7.41924990825995e+38
1601.52 6.880024741182404e+38
1601.94 6.049925128115664e+38
1602.35 7.63115017130177e+38
1602.77 7.623773762183462e+38
1603.18 4.637778468806875e+38
1603.6 7.33466022265206e+38
1604.01 7.6025625152698e+38
1604.43 7.561013265230966e+38
1604.84 5.1860894113489876e+38
1605.26 7.582981561966152e+38
1605.68 7.389414015931397e+38
1606.09 7.378532592711812e+38
1606.51 7.484451871216178e+38
1606.93 7.02683895097124e+38
1607.34 7.52904685735623e+38
1607.76 6.3321325888496486e+38
1608.18 7.10280677057245e+38
1608.59 7.421471089734395e+38
1609.01 4.6011882280898285e+38
1609.43 7.298607347767362e+38
1609.84 4.624449061109843e+38
1610.26 5.199121898356171e+38
1610.68 7.510519879764955e+38
1611.09 6.493816315762113e+38
1611.51 7.511211656066547e+38
1611.93 6.262965220733874e+38
1612.35 7.50308730713049e+38
1612.77 5.905001333169292e+38
1613.18 7.490313585107531e+38
1613.6 6.887633029259396e+38
1614.02 4.61105178875985e+38
1614.44 7.482728710879111e+38
1614.86 7.455040377626539e+38
1615.28 5.150032859002326e+38
1615.69 6.4095863096924164e+38
1616.11 6.157720892567907e+38
1616.53 7.395541867003516e+38
1616.95 7.403379294580443e+38
1617.37 7.434469772246327e+38
1617.79 6.677286334642718e+38
1618.21 7.41190765835992e+38
1618.63 6.607238747658803e+38
1619.05 7.326558134796372e+38
1619.47 7.24686214606299e+38
1619.89 7.383631263274385e+38
1620.31 5.909489971760704e+38
1620.73 6.098457477866885e+38
1621.15 4.5990697904307584e+38
1621.57 4.5384755486891695e+38
1621.99 7.311895905264843e+38
1622.41 6.828730918866103e+38
1622.83 7.295750943897125e+38
1623.25 7.051313114343076e+38
1623.67 6.039625359675969e+38
1624.09 5.6646098082969835e+38
1624.51 7.28567845091154e+38
1624.93 4.922888506617088e+38
1625.35 7.03201842520385e+38
1625.78 7.056348148159882e+38
1626.2 6.17490101282543e+38
1626.62 7.252203799118586e+38
1627.04 7.125248247522704e+38
1627.46 5.462984898721135e+38
1627.88 7.041253822340923e+38
1628.31 6.672214505217368e+38
1628.73 7.24686214606299e+38
1629.15 4.827474628953879e+38
1629.57 7.264069655451866e+38
1629.99 7.24636156785017e+38
1630.42 6.3382592660076746e+38
1630.84 7.254374970183947e+38
1631.26 7.232026352849871e+38
1631.68 4.734455075985077e+38
1632.11 4.828252788642686e+38
1632.53 6.5699187698873866e+38
1632.95 7.256546791256385e+38
1633.38 7.262898920109289e+38
1633.8 7.06773080847587e+38
1634.22 7.139207420333379e+38
1634.65 6.416674362560392e+38
1635.07 7.20725685683346e+38
1635.49 7.104769619776242e+38
1635.92 7.023765443358741e+38
1636.34 7.13674205122469e+38
1636.77 7.242858488396765e+38
1637.19 6.93569521380478e+38
1637.61 7.00857943526279e+38
1638.04 6.408700853785648e+38
1638.46 6.716144012073458e+38
1638.89 7.21173898694869e+38
1639.31 6.08513195126598e+38
1639.74 7.177777636372921e+38
1640.16 4.360236036993143e+38
1640.59 5.347613364672951e+38
1641.01 7.195152447550225e+38
1641.44 7.197472264547945e+38
1641.86 4.635322976771488e+38
1642.29 7.093490639813749e+38
1642.71 6.105060892500593e+38
1643.14 7.177942912713645e+38
1643.57 7.150559092102598e+38
1643.99 7.022471737108673e+38
1644.42 7.069521180879052e+38
1644.84 6.844945585163341e+38
1645.27 6.3904287934187776e+38
1645.7 7.024250644645043e+38
1646.12 7.073917654379927e+38
1646.55 7.127217298392368e+38
1646.98 6.2615232857136835e+38
1647.41 7.093327308036201e+38
1647.83 7.103788127379878e+38
1648.26 7.070986368358872e+38
1648.69 6.957448495035173e+38
1649.11 6.698846094165272e+38
1649.54 7.046443921757254e+38
1649.97 6.30913760996262e+38
1650.4 6.950243175887949e+38
1650.82 6.943844712409814e+38
1651.25 7.031532687356924e+38
1651.68 6.197406738203046e+38
1652.11 6.929788819646097e+38
1652.54 6.933300123184792e+38
1652.96 4.637992051316086e+38
1653.39 4.7535711644295615e+38
1653.82 6.947203170921553e+38
1654.25 6.620487958580699e+38
1654.68 6.880024741182404e+38
1655.11 6.94528385292218e+38
1655.54 6.95264411944173e+38
1655.96 6.909871960517931e+38
1656.39 6.96241650423901e+38
1656.82 6.672829067184814e+38
1657.25 6.889377779934397e+38
1657.68 6.392341965535364e+38
1658.11 6.537474381465484e+38
1658.54 6.763009539253899e+38
1658.97 5.831630517515539e+38
1659.4 6.871000814137577e+38
1659.83 6.943684826317298e+38
1660.26 6.942565726746582e+38
1660.69 6.7556944678818376e+38
1661.12 6.87400747395235e+38
1661.55 5.30811104900759e+38
1661.98 6.933938733133747e+38
1662.42 5.641570244329794e+38
1662.85 6.971721018685835e+38
1663.28 6.972523713936335e+38
1663.71 6.967227632688805e+38
1664.14 6.973968798290285e+38
1664.57 6.833292324500352e+38
1665.0 6.55918680888722e+38
1665.43 6.839588918561042e+38
1665.86 6.950243175887949e+38
1666.3 6.937771628255268e+38
1666.73 6.906213498674893e+38
1667.16 6.859619085293173e+38
1667.59 6.879391096666944e+38
1668.03 5.31300225209352e+38
1668.46 5.9326673809068505e+38
1668.89 6.862936807255235e+38
1669.32 6.783440187611679e+38
1669.76 5.7854880382529256e+38
1670.19 6.72899181443381e+38
1670.62 6.50519021394995e+38
1671.05 4.590394388483403e+38
1671.49 6.789378175387022e+38
1671.92 6.098738328679229e+38
1672.35 6.110686451649783e+38
1672.79 5.458961105294303e+38
1673.22 6.715216206580426e+38
1673.65 4.464059761717946e+38
1674.09 6.7840649943149454e+38
1674.52 6.778912059613931e+38
1674.96 6.8051860018766215e+38
1675.39 6.667607094246924e+38
1675.82 6.361067440168301e+38
1676.26 6.743727297598014e+38
1676.69 6.458029135322321e+38
1677.13 5.2057103506742975e+38
1677.56 6.809574882088506e+38
1678.0 6.820402422794106e+38
1678.43 6.815221887473765e+38
1678.87 6.7767271487392335e+38
1679.3 6.814908042133916e+38
1679.74 6.81302527357979e+38
1680.17 6.811143025181976e+38
1680.61 6.7875024600214e+38
1681.04 6.807380088280612e+38
1681.48 6.782034582917337e+38
1681.92 5.449416470044464e+38
1682.35 6.797355750275262e+38
1682.79 6.799390748537135e+38
1683.22 6.792818333266752e+38
1683.66 6.713979331965542e+38
1684.1 6.793287580740734e+38
1684.53 6.7818784225979595e+38
1684.97 6.790316227442586e+38
1685.41 6.780317017152415e+38
1685.84 6.1981202820957e+38
1686.28 6.696378602616836e+38
1686.72 4.90681856767955e+38
1687.15 6.610282194273733e+38
1687.59 5.4869373318299354e+38
1688.03 6.7008516005208325e+38
1688.47 6.731936332973347e+38
1688.9 6.72434519663063e+38
1689.34 6.716917281239811e+38
1689.78 6.7071805927369974e+38
1690.22 6.147803813502486e+38
1690.66 5.465249585772136e+38
1691.09 6.6852861333309014e+38
1691.53 6.679592985960804e+38
1691.97 6.602372147377964e+38
1692.41 6.412981690815252e+38
1692.85 6.628419709329714e+38
1693.29 6.64461771929311e+38
1693.72 6.642934954663097e+38
1694.16 6.6349858345691865e+38
1694.6 5.407418717605023e+38
1695.04 5.856120439096691e+38
1695.48 6.57672980661091e+38
1695.92 6.469042435106564e+38
1696.36 6.600548096549379e+38
1696.8 6.486194983604142e+38
1697.24 6.578395800388546e+38
1697.68 6.580819817458517e+38
1698.12 6.41224341151267e+38
1698.56 6.567801219631431e+38
1699.0 6.07197535259792e+38
1699.44 6.53130552647469e+38
1699.88 6.513883695054993e+38
1700.32 5.615003095239737e+38
1700.76 5.0555685092994586e+38
1701.2 6.443176080479023e+38
1701.64 6.242952060417564e+38
1702.08 6.460557557627147e+38
1702.53 6.451341028178548e+38
1702.97 6.48335795122054e+38
1703.41 6.446292385702763e+38
1703.85 6.488286222877135e+38
1704.29 6.4583265454027195e+38
1704.73 6.45877268620461e+38
1705.18 6.468595584920053e+38
1705.62 6.327177235627519e+38
1706.06 6.361946314821176e+38
1706.5 5.758508337896377e+38
1706.94 6.405750217436652e+38
1707.39 4.6685283452941875e+38
1707.83 6.426729190558132e+38
1708.27 6.2925981751496465e+38
1708.71 6.251439031721376e+38
1709.16 6.405307739170647e+38
1709.6 6.39175323619492e+38
1710.04 6.27032425609462e+38
1710.49 6.333882463485381e+38
1710.93 5.846285229943732e+38
1711.37 4.1142435788207734e+38
1711.82 6.268303268134526e+38
1712.26 6.124914068474872e+38
1712.7 4.2730699277607506e+38
1713.15 6.284923560377479e+38
1713.59 6.290425164023758e+38
1714.04 6.302313459908542e+38
1714.48 6.297091443863385e+38
1714.93 6.283621253905288e+38
1715.37 5.836735324186726e+38
1715.81 6.237204736224232e+38
1716.26 6.082470342040968e+38
1716.7 6.2227162784182065e+38
1717.15 4.662512401836323e+38
1717.59 6.228450252101559e+38
1718.04 5.717023797522089e+38
1718.48 4.181576053150721e+38
1718.93 6.1776030684993665e+38
1719.38 5.433504111190335e+38
1719.82 6.141578397413215e+38
1720.27 6.253598575188452e+38
1720.71 5.9330772092058774e+38
1721.16 6.1676539689650864e+38
1721.6 5.2868866585087916e+38
1722.05 6.109842287431964e+38
1722.5 4.4662188479482095e+38
1722.94 5.961286574596783e+38
1723.39 6.2314627030751144e+38
1723.84 5.991009386113586e+38
1724.28 4.408694444363648e+38
1724.73 6.042268220498786e+38
1725.18 6.160415430446708e+38
1725.62 4.097981561494749e+38
1726.07 6.22199990296993e+38
1726.52 5.8444009139850934e+38
1726.97 6.18657097922435e+38
1727.41 4.820587829837434e+38
1727.86 6.200261406738432e+38
1728.31 5.39125656499866e+38
1728.76 6.057312782764456e+38
1729.2 6.178741129854408e+38
1729.65 6.212980635293528e+38
1730.1 6.181729538524076e+38
1730.55 5.985907480428296e+38
1731.0 6.210549105401936e+38
1731.45 5.782558033167295e+38
1731.9 6.209405185340992e+38
1732.34 6.163820742659386e+38
1732.79 5.6996737852196875e+38
1733.24 6.172058020494287e+38
1733.69 6.126888825767157e+38
1734.14 6.127735345213969e+38
1734.59 6.152477016418683e+38
1735.04 6.205117361328563e+38
1735.49 6.1971213436471475e+38
1735.94 6.160982851806477e+38
1736.39 5.325740483430284e+38
1736.84 6.181729538524076e+38
1737.29 5.430752364998167e+38
1737.74 6.163394975712253e+38
1738.19 5.789752514274973e+38
1738.64 5.710051168082223e+38
1739.09 5.673616801294835e+38
1739.54 6.112797372501614e+38
1739.99 6.088495648793095e+38
1740.44 6.134370461945854e+38
1740.9 5.9326673809068505e+38
1741.35 6.0981766399879005e+38
1741.8 6.118007428916579e+38
1742.25 5.476334910895865e+38
1742.7 6.106044991361676e+38
1743.15 6.101547548268628e+38
1743.6 6.084571515710613e+38
1744.06 6.089897738140416e+38
1744.51 6.084571515710613e+38
1744.96 6.028371389224656e+38
1745.41 5.325617855135685e+38
1745.86 6.064849105293259e+38
1746.32 6.077010685656005e+38
1746.77 6.060661102602305e+38
1747.22 5.732578361071087e+38
1747.68 5.781093587123757e+38
1748.13 5.766735071135932e+38
1748.58 6.03642765369084e+38
1749.04 5.807243011221902e+38
1749.49 5.825725266217298e+38
1749.94 6.058847199671038e+38
1750.4 5.946891295363654e+38
1750.85 6.070577389557401e+38
1751.3 4.84072041653022e+38
1751.76 4.689753325172593e+38
1752.21 6.067083889913114e+38
1752.67 6.05717330958899e+38
1753.12 5.146121077046789e+38
1753.57 5.6783217858474605e+38
1754.03 6.002746455816415e+38
1754.48 6.054523929347541e+38
1754.94 6.0426856200170935e+38
1755.39 6.058428683788917e+38
1755.85 6.042129093733278e+38
1756.3 6.041433507956101e+38
1756.76 6.033370562636911e+38
1757.21 6.0246247277053845e+38
1757.67 6.016445680141964e+38
1758.12 5.8811194453661735e+38
1758.58 5.426627358481121e+38
1759.04 5.921612711217009e+38
1759.49 5.982600459556325e+38
1759.95 5.974616033292518e+38
1760.4 5.4280020124016296e+38
1760.86 5.567625304363864e+38
1761.32 5.6046693979093984e+38
1761.77 5.941279723079543e+38
1762.23 5.848574144667621e+38
1762.69 5.9173873641074764e+38
1763.14 5.861921523202216e+38
1763.6 5.7794964325992414e+38
1764.06 5.877870316504669e+38
1764.51 5.884370370258761e+38
1764.97 4.647720467923881e+38
1765.43 5.879765423463142e+38
1765.89 5.876787672497423e+38
1766.34 5.8597623092700286e+38
1766.8 5.871918241658258e+38
1767.26 5.85099867821079e+38
1767.72 5.853424216847295e+38
1768.18 5.790552453401492e+38
1768.64 5.8069755839559196e+38
1769.09 5.8588179032882645e+38
1769.55 5.39287060406652e+38
1770.01 5.843728091195506e+38
1770.47 5.420133705770102e+38
1770.93 5.8143343230844476e+38
1771.39 5.820362045189457e+38
1771.85 5.794820662397633e+38
1772.31 5.8406341038735665e+38
1772.77 5.831496240806445e+38
1773.22 5.764345454698895e+38
1773.68 5.781626070041796e+38
1774.14 5.808446586334645e+38
1774.6 5.683161530246593e+38
1775.06 5.8218364385788784e+38
1775.52 5.811122090849665e+38
1775.98 5.0411544096093984e+38
1776.44 5.810185524113045e+38
1776.9 5.757712825522317e+38
1777.36 5.810051741187582e+38
1777.82 5.058596043397612e+38
1778.29 5.803500149974486e+38
1778.75 5.5858593999259055e+38
1779.21 5.729411296369159e+38
1779.67 5.7944203841927604e+38
1780.13 5.7864206239043224e+38
1780.59 5.710314131711125e+38
1781.05 5.578147578338672e+38
1781.52 5.7818923298926414e+38
1781.98 5.372296826454167e+38
1782.44 5.754929397548314e+38
1782.9 5.678452535543781e+38
1783.36 5.769524209039511e+38
1783.82 5.766735071135932e+38
1784.29 5.76368184810413e+38
1784.75 5.697705527561328e+38
1785.21 5.758243154893364e+38
1785.68 5.75704998249325e+38
1786.14 5.636376558259514e+38
1786.6 5.755459470544458e+38
1787.06 5.73733224092951e+38
1787.53 5.753074526484455e+38
1787.99 5.708867981600908e+38
1788.45 5.5371973196642e+38
1788.92 5.642999346816917e+38
1789.38 5.750822986764495e+38
1789.84 5.7399749885362264e+38
1790.31 5.593324295117525e+38
1790.77 5.648329191599397e+38
1791.24 5.721106073785421e+38
1791.7 5.409411251297686e+38
1792.17 4.517727170997341e+38
1792.63 5.7406358656208e+38
1793.09 5.0873310549717974e+38
1793.56 5.707947894951343e+38
1794.02 5.724927616292977e+38
1794.49 5.736935933746855e+38
1794.95 5.490349610252073e+38
1795.42 5.737728575489041e+38
1795.89 5.649760006238884e+38
1796.35 5.730202898472365e+38
1796.81 5.4922462373442704e+38
1797.28 5.709393811988486e+38
1797.75 5.684862960076204e+38
1798.21 5.651191183327241e+38
1798.68 5.63481938500393e+38
1799.15 5.6920669551508096e+38
1799.61 5.690363369228302e+38
1800.08 5.6282061966882005e+38
1800.55 5.623931211257038e+38
1801.01 5.554052747753108e+38
1801.48 4.865192179849546e+38
1801.94 5.618753763857268e+38
1802.41 5.677537350889746e+38
1802.88 5.666958079200192e+38
1803.35 5.52382612863219e+38
1803.81 5.6713963583777225e+38
1804.28 5.6148738065039515e+38
1804.75 5.6642185244286004e+38
1805.22 5.5433206395549504e+38
1805.68 5.302735926292132e+38
1806.15 5.587660358512576e+38
1806.62 5.512010040536361e+38
1807.09 5.6086714468175786e+38
1807.56 5.5088379855768044e+38
1808.03 5.5867598066491845e+38
1808.49 5.571087761931662e+38
1808.96 5.591907772950917e+38
1809.43 4.52022444925448e+38
1809.9 5.565830803274785e+38
1810.37 5.52357175289546e+38
1810.84 5.5383449266913935e+38
1811.31 4.524493826799258e+38
1811.78 5.442394261130345e+38
1812.25 5.070957841941519e+38
1812.72 5.288104149313085e+38
1813.19 5.388402140699372e+38
1813.66 5.504526920121619e+38
1814.13 5.494776092682906e+38
1814.6 5.489338343622548e+38
1815.07 5.199959965335173e+38
1815.54 5.438009976462016e+38
1816.01 5.288469451223495e+38
1816.48 5.45908680396605e+38
1816.95 5.453558799518755e+38
1817.42 4.949712796022743e+38
1817.89 5.471167362393935e+38
1818.36 5.458332655348249e+38
1818.83 5.46172714477182e+38
1819.31 4.991717511291997e+38
1819.78 5.383069661598642e+38
1820.25 5.4632364842658725e+38
1820.72 5.463613884307244e+38
1821.19 4.767711853033513e+38
1821.67 4.283709387024615e+38
1822.14 5.405800324413851e+38
1822.61 5.441015962339939e+38
1823.08 4.996317170920341e+38
1823.55 5.4499184029641324e+38
1824.03 5.448538198667603e+38
1824.5 5.449290994037731e+38
1824.97 4.999654574248238e+38
1825.44 4.075773112658572e+38
1825.92 5.419384938349966e+38
1826.39 5.419884105135964e+38
1826.86 4.653824482690044e+38
1827.34 5.266717209182145e+38
1827.81 5.3957273954664975e+38
1828.29 5.3338401970904005e+38
1828.76 5.3494606838977774e+38
1829.23 5.262959160586045e+38
1829.71 5.395106225151268e+38
1830.18 5.043128102663999e+38
1830.66 5.158459201078374e+38
1831.13 5.370317963702488e+38
1831.61 5.2718130399423294e+38
1832.08 5.368710674442904e+38
1832.56 5.329543361418932e+38
1833.03 5.290905442272735e+38
1833.51 5.331261680157838e+38
1833.98 5.3421982409490845e+38
1834.46 5.341460239967582e+38
1834.93 5.238536810656865e+38
1835.41 5.328316329981968e+38
1835.88 5.321817778178938e+38
1836.36 5.297366246557039e+38
1836.83 5.187164249811214e+38
1837.31 4.092229671660777e+38
1837.79 5.206669366284389e+38
1838.26 4.855008560432412e+38
1838.74 5.182269566910239e+38
1839.22 5.268051355233006e+38
1839.69 5.260657166025392e+38
1840.17 4.15479882377606e+38
1840.65 5.245175210499947e+38
1841.12 5.237933736534867e+38
1841.6 4.990453347418938e+38
1842.08 5.137951495256211e+38
1842.56 4.641090103256606e+38
1843.03 5.140554880111923e+38
1843.51 4.823918924327141e+38
1843.99 4.870235926015151e+38
1844.47 4.9616942657156704e+38
1844.94 4.866424613009639e+38
1845.42 4.949826768683839e+38
1845.9 5.029791701341019e+38
1846.38 4.918129952683084e+38
1846.86 5.045334909360315e+38
1847.34 4.9019626740806686e+38
1847.82 5.133339643802892e+38
1848.29 5.1248363294426645e+38
1848.77 5.1122254731638566e+38
1849.25 4.97920491880394e+38
1849.73 5.045218737568329e+38
1850.21 4.6144505892861966e+38
1850.69 4.918582950052624e+38
1851.17 4.892941236738718e+38
1851.65 5.102934572004923e+38
1852.13 4.7514919738771925e+38
1852.61 4.787844093064524e+38
1853.09 5.0873310549717974e+38
1853.57 5.0818284470655955e+38
1854.05 4.694939497555719e+38
1854.53 5.069089976126783e+38
1855.01 4.529184370881923e+38
1855.49 4.966723691266087e+38
1855.97 5.062208165243719e+38
1856.45 5.0616253905386066e+38
1856.94 5.0592949625465584e+38
1857.42 5.058130150939376e+38
1857.9 5.000230213888742e+38
1858.38 5.03083414645694e+38
1858.86 5.0312975247444744e+38
1859.34 5.051495843770087e+38
1859.83 4.604579758197974e+38
1860.31 5.04824007369148e+38
1860.79 4.9952818781078985e+38
1861.27 5.024929812826691e+38
1861.76 5.028286328617439e+38
1862.24 5.040574058667953e+38
1862.72 5.0396456361263974e+38
1863.2 4.977829303698473e+38
1863.69 5.036629443713588e+38
1864.17 5.0315292298932104e+38
1864.65 4.8767444680573375e+38
1865.14 4.6759515224483745e+38
1865.62 4.7993232272278466e+38
1866.1 5.017068145799638e+38
1866.58 4.693210136503414e+38
1867.07 5.015335611066576e+38
1867.55 5.041850918941127e+38
1868.04 5.0444056099185035e+38
1868.52 5.04138656869491e+38
1869.01 5.045683440786598e+38
1869.49 5.032803798962564e+38
1869.97 4.77749234659096e+38
1870.46 5.052077452200896e+38
1870.94 4.407983904040533e+38
1871.43 4.885961043992748e+38
1871.91 5.056034165810832e+38
1872.4 5.033035573479389e+38
1872.88 5.025392647279875e+38
1873.37 5.057664301389529e+38
1873.85 4.469510892294475e+38
1874.34 4.7743032424999214e+38
1874.83 5.0720088189102006e+38
1875.31 4.961922765442067e+38
1875.8 5.02666566185197e+38
1876.29 4.409709700655612e+38
1876.77 5.042315311957552e+38
1877.26 5.025739801095915e+38
1877.74 5.025624080492693e+38
1878.23 5.016375060098047e+38
1878.72 5.008988100869695e+38
1879.2 5.0004604883019974e+38
1879.69 4.989993730845922e+38
1880.18 4.983907805996867e+38
1880.67 4.682092614051348e+38
1881.15 4.5898659302199774e+38
1881.64 4.552081195820484e+38
1882.13 4.651360495022631e+38
1882.62 4.896096849673524e+38
1883.1 4.691589439049293e+38
1883.59 4.924815896668059e+38
1884.08 4.901398347257549e+38
1884.57 4.409709700655612e+38
1885.06 3.918772033274287e+38
1885.55 4.893729949248341e+38
1886.04 4.56215461740723e+38
1886.52 4.724001208029444e+38
1887.01 4.68112243208237e+38
1887.5 4.233699213642594e+38
1887.99 4.8552321469873866e+38
1888.48 4.839828804999516e+38
1888.97 4.848082481843792e+38
1889.46 4.394303005187246e+38
1889.95 4.83515053808996e+38
1890.44 4.81293503932487e+38
1890.93 4.589548884464358e+38
1891.42 4.596105616198844e+38
1891.91 4.572355611903114e+38
1892.4 4.671969511718794e+38
1892.89 4.3905608445528425e+38
1893.38 4.7893877604420385e+38
1893.87 4.5598441578327764e+38
1894.36 4.4349629902806526e+38
1894.85 4.762554954720132e+38
1895.34 4.1763799295097645e+38
1895.84 4.665089713480881e+38
1896.33 4.553234312821034e+38
1896.82 4.1662948321878e+38
1897.31 4.6732606029637675e+38
1897.8 4.7772723400036635e+38
1898.29 4.7782624494384e+38
1898.79 4.081783821648277e+38
1899.28 3.3374902066165013e+38
1899.77 4.752148462100035e+38
1900.26 4.785198963583442e+38
1900.76 4.7854193352136506e+38
1901.25 4.752257885621935e+38
1901.74 4.785970308690814e+38
1902.23 4.763980772554447e+38
1902.73 4.790380380847729e+38
1903.22 4.470231350395664e+38
1903.71 4.615938352191875e+38
1904.21 4.6191280309930804e+38
1904.7 4.798881213578877e+38
1905.19 4.731948398098495e+38
1905.69 4.730314323233076e+38
1906.18 4.785198963583442e+38
1906.68 4.659292764522018e+38
1907.17 4.743948874574418e+38
1907.66 4.3721997995745804e+38
1908.16 4.719326234436926e+38
1908.65 4.6516818107205195e+38
1909.15 4.739581547727293e+38
1909.64 4.74100048776317e+38
1910.14 4.561419344219852e+38
1910.63 4.728680812659742e+38
1911.13 4.725089074746047e+38
1911.62 4.233406770162469e+38
1912.12 4.7133533596946254e+38
1912.61 4.707279653975898e+38
1913.11 4.70110552673427e+38
1913.61 4.379454312099702e+38
1914.1 3.956580443110085e+38
1914.6 4.677997657490223e+38
1915.09 3.989238483932666e+38
1915.59 4.620085364366237e+38
1916.09 4.580996922305411e+38
1916.58 4.463443071670695e+38
1917.08 4.351710540428585e+38
1917.58 4.5880696271470425e+38
1918.07 4.540984296092227e+38
1918.57 4.284794521034045e+38
1919.07 4.595682318721621e+38
1919.56 4.284103949409751e+38
1920.06 4.6082921067455014e+38
1920.56 4.577728167145558e+38
1921.06 4.48735057307635e+38
1921.56 4.1787847391452455e+38
1922.05 4.5265779130488006e+38
1922.55 4.6155132281362804e+38
1923.05 3.726147135358411e+38
1923.55 4.550614014712396e+38
1924.05 4.440992093702835e+38
1924.55 4.1534596907333416e+38
1925.05 4.596317279558081e+38
1925.54 4.580364077908248e+38
1926.04 4.0591957951516706e+38
1926.54 4.594941641942765e+38
1927.04 4.548204672277349e+38
1927.54 4.507025341802603e+38
1928.04 4.396225894532922e+38
1928.54 4.436188585155399e+38
1929.04 4.451024655800605e+38
1929.54 4.524077124707851e+38
1930.04 4.501010229853543e+38
1930.54 4.525223147816743e+38
1931.04 4.587224551325421e+38
1931.54 3.976216287968198e+38
1932.04 4.5902886919633515e+38
1932.54 4.584479129744908e+38
1933.04 4.590394388483403e+38
1933.55 4.5845846924932304e+38
1934.05 4.59007730622444e+38
1934.55 4.589548884464358e+38
1935.05 4.588386570715582e+38
1935.55 4.5862740270803455e+38
1936.05 4.582895980165421e+38
1936.55 4.505053989279244e+38
1937.06 4.285386528166996e+38
1937.56 4.437414518721241e+38
1938.06 4.416111193674841e+38
1938.56 4.5790986513759296e+38
1939.06 4.476617622444067e+38
1939.57 4.5146075132416066e+38
1940.07 4.259317356232675e+38
1940.57 4.379655998068011e+38
1941.08 4.57319794851259e+38
1941.58 4.309431680279614e+38
1942.08 4.5701452164036336e+38
1942.58 4.5660430307606576e+38
1943.09 4.558164558575982e+38
1943.59 4.2745460487306636e+38
1944.1 4.5644662476846556e+38
1944.6 4.559529185836172e+38
1945.1 4.543703670732277e+38
1945.61 4.536072633017893e+38
1946.11 4.540984296092227e+38
1946.62 4.5004920617293935e+38
1947.12 4.521785949115484e+38
1947.63 4.525535749954418e+38
1948.13 4.3950113402323504e+38
1948.64 4.474041415755966e+38
1949.14 4.500284811182835e+38
1949.65 4.246684528944415e+38
1950.15 4.488693999984124e+38
1950.66 4.484458403671581e+38
1951.16 4.4351672325768496e+38
1951.67 4.470334282461438e+38
1952.17 4.46149078183533e+38
1952.68 3.901755039671836e+38
1953.19 4.281047041245986e+38
1953.69 4.414586186278865e+38
1954.2 3.8934983949563335e+38
1954.7 4.213761977493784e+38
1955.21 4.327329845164412e+38
1955.72 4.34250172863192e+38
1956.22 4.424864743556623e+38
1956.73 4.425578004968959e+38
1957.24 4.3713944847824824e+38
1957.75 4.418959283796928e+38
1958.25 4.430472038585939e+38
1958.76 4.15106945517244e+38
1959.27 4.038034266328922e+38
1959.78 4.4061573261483014e+38
1960.29 3.858868684638984e+38
1960.79 4.316383264291859e+38
1961.3 4.192373817165219e+38
1961.81 4.3746166342088446e+38
1962.32 4.40433150515239e+38
1962.83 4.3494065083054025e+38
1963.33 4.4303700243716834e+38
1963.84 4.433533557536634e+38
1964.35 4.154224856755071e+38
1964.86 4.240528632914024e+38
1965.37 4.144193259370535e+38
1965.88 4.444572553031242e+38
1966.39 4.44590317301826e+38
1966.9 4.43802761254267e+38
1967.41 4.443753907913162e+38
1967.92 4.400884796163098e+38
1968.43 4.371897789143284e+38
1968.94 4.4438562303062e+38
1969.45 4.4308801189332685e+38
1969.96 4.439458494232316e+38
1970.47 4.441605681818585e+38
1970.98 4.440787583168046e+38
1971.49 4.4014928428681435e+38
1972.0 4.299124280239343e+38
1972.52 4.417433292875403e+38
1973.03 4.431390272225041e+38
1973.54 4.389246788041348e+38
1974.05 4.4350651102530745e+38
1974.56 4.431594349987703e+38
1975.07 4.434044016334401e+38
1975.58 4.36716901504156e+38
1976.1 4.02031423824097e+38
1976.61 4.424559095285599e+38
1977.12 4.415806150056665e+38
1977.63 4.315190768277632e+38
1978.15 4.401594192153067e+38
1978.66 4.226491501047741e+38
1979.17 4.016983057462386e+38
1979.69 4.3448021030528055e+38
1980.2 4.3744151803065454e+38
1980.71 4.368979430281881e+38
1981.22 4.359332547307595e+38
1981.74 4.354918180844025e+38
1982.25 4.319863260292196e+38
1982.77 3.95029928356149e+38
1983.28 4.333911114523552e+38
1983.79 4.300312336305423e+38
1984.31 3.8356590855573805e+38
1984.82 4.1926634260915346e+38
1985.34 4.3107218416749e+38
1985.85 4.306455858266612e+38
1986.36 4.291409912283655e+38
1986.88 4.265696965582656e+38
1987.4 3.912731079194386e+38
1987.91 4.138948284554892e+38
1988.43 4.2873604760779036e+38
1988.94 4.282525917889219e+38
1989.46 4.257748454748617e+38
1989.97 3.8643815503694586e+38
1990.49 4.268841205499353e+38
1991.0 4.2652058873397085e+38
1991.52 3.8538960821182115e+38
1992.04 3.818563350459762e+38
1992.55 4.2584347780267745e+38
1993.07 4.246684528944415e+38
1993.58 4.242384232611778e+38
1994.1 3.712444758211149e+38
1994.62 4.2355518248761404e+38
1995.14 4.184272884124789e+38
1995.65 3.922834625395225e+38
1996.17 4.2305808577652006e+38
1996.69 4.230093822180924e+38
1997.2 4.22775683174021e+38
1997.72 4.227562140826024e+38
1998.24 4.214053063912836e+38
1998.76 4.221628372863575e+38
1999.28 4.224448305245519e+38
1999.8 4.159968096868142e+38
2000.31 3.9101192264091695e+38
2000.83 4.199620045352498e+38
2001.35 4.220559235825527e+38
2001.87 3.920486836505203e+38
2002.39 4.092606597300126e+38
2002.91 4.220753604236662e+38
2003.43 4.2204620549766e+38
2003.94 4.219296059310647e+38
2004.46 4.218713182282769e+38
2004.98 4.203393032365529e+38
2005.5 4.1651438014110434e+38
2006.02 4.1541292032940145e+38
2006.54 4.2061039338011346e+38
2007.06 4.1957538330773e+38
2007.58 4.1957538330773e+38
2008.1 4.194787836273037e+38
2008.62 4.136661649084868e+38
2009.14 3.913632122552406e+38
2009.67 4.1824427020682686e+38
2010.19 3.811009224694976e+38
2010.71 3.717234849010059e+38
2011.23 4.132853396939837e+38
2011.75 4.1667745222190766e+38
2012.27 3.989238483932666e+38
2012.79 4.150113746141953e+38
2013.31 3.842288757002349e+38
2013.84 4.151260623387159e+38
2014.36 4.146293109861641e+38
2014.88 4.143239133460373e+38
2015.4 4.02986038298699e+38
2015.93 4.130379913294461e+38
2016.45 4.130665239685698e+38
2016.97 4.139615457964729e+38
2017.49 3.9623241368690055e+38
2018.02 3.984464850590107e+38
2018.54 4.14152226035735e+38
2019.06 4.088179912821382e+38
2019.58 4.143048334640411e+38
2020.11 4.143048334640411e+38
2020.63 4.142189848676505e+38
2021.16 4.143048334640411e+38
2021.68 4.142475990897354e+38
2022.2 4.143048334640411e+38
2022.73 4.057513747879931e+38
2023.25 4.14352534816575e+38
2023.78 4.141140829626408e+38
2024.3 4.143429941067148e+38
2024.82 4.14362075746114e+38
2025.35 4.137900086438321e+38
2025.88 4.068272171872017e+38
2026.4 4.098170284865322e+38
2026.93 4.120405896537047e+38
2027.45 4.110077395424596e+38
2027.98 4.098170284865322e+38
2028.5 4.081783821648277e+38
2029.03 4.094868880320617e+38
2029.55 4.08855646544698e+38
2030.08 4.033573731362551e+38
2030.61 4.0756792655948846e+38
2031.13 4.0680848253287264e+38
2031.66 4.0622813597211264e+38
2032.19 4.033759488574636e+38
2032.71 4.0452931585775244e+38
2033.24 4.044082437668707e+38
2033.77 3.96268909721549e+38
2034.29 4.026057748684384e+38
2034.82 3.996685731144685e+38
2035.35 3.698196642697692e+38
2035.88 3.978231025023817e+38
2036.4 4.018370713884385e+38
2036.93 4.018463241354645e+38
2037.46 3.9039118250766315e+38
2037.99 3.704076947324557e+38
2038.52 4.0155034187895214e+38
2039.04 4.012268609029347e+38
2039.57 3.851323503269249e+38
2040.1 3.712957686839697e+38
2040.63 4.004423487354247e+38
2041.16 3.7120173718160045e+38
2041.69 4.008851786469467e+38
2042.22 4.007375142915786e+38
2042.74 4.001842572200582e+38
2043.28 4.005345646100454e+38
2043.8 4.00350154091856e+38
2044.33 4.002764136600623e+38
2044.86 3.924189758484536e+38
2045.39 3.9790555298439545e+38
2045.92 3.9931902312034005e+38
2046.45 3.717320442491019e+38
2046.98 3.9845565973400906e+38
2047.52 3.933507657839023e+38
2048.05 3.97466014457636e+38
2048.58 3.971001032638911e+38
2049.11 3.965153458968198e+38
2049.64 3.946389982098675e+38
2050.17 3.962871589994371e+38
2050.7 4.0133773929930704e+38
2051.23 4.003870294018709e+38
2051.76 3.8990607334621494e+38
2052.3 3.999907977527217e+38
2052.83 3.966431879468566e+38
2053.36 3.987309982403043e+38
2053.89 3.985841273681595e+38
2054.43 3.981438392675812e+38
2054.96 3.976674093138651e+38
2055.49 3.974568625698064e+38
2056.02 3.9704524564671825e+38
2056.55 3.693686226841725e+38
2057.09 3.9686244164935124e+38
2057.62 3.794198080584561e+38
2058.16 3.9623241368690055e+38
2058.69 3.9117401711023066e+38
2059.22 3.481689197275908e+38
2059.76 3.92184115855697e+38
2060.29 3.599481949271916e+38
2060.82 3.954849852698634e+38
2061.36 3.9493897982495894e+38
2061.89 3.9500264159788575e+38
2062.43 3.500499339160764e+38
2062.96 3.947207887731082e+38
2063.5 3.9442097288817995e+38
2064.03 3.938764364157408e+38
2064.56 3.926539764874373e+38
2065.1 3.8230501936296146e+38
2065.64 3.886153939425802e+38
2066.17 3.9421214498404426e+38
2066.71 3.9430292613605786e+38
2067.24 3.938764364157408e+38
2067.78 3.944482194648108e+38
2068.31 3.946571724258282e+38
2068.85 3.4850579179047e+38
2069.39 3.948389606253091e+38
2069.92 3.9501173697453855e+38
2070.46 3.946389982098675e+38
2071.0 3.951572914869636e+38
2071.53 3.943846470469724e+38
2072.07 3.9482077803788515e+38
2072.61 3.9551230534840444e+38
2073.14 3.9571271026599514e+38
2073.68 3.958494081996961e+38
2074.22 3.954212457585873e+38
2074.76 3.922924953040428e+38
2075.29 3.928981645672905e+38
2075.83 3.903372516981162e+38
2076.37 3.901395691301073e+38
2076.91 3.820762125019101e+38
2077.45 3.8734682455644e+38
2077.98 3.842465705012987e+38
2078.52 3.850968799600681e+38
2079.06 3.861001763618363e+38
2079.6 3.393985636251883e+38
2080.14 3.859224115947299e+38
2080.68 3.868565905802378e+38
2081.22 3.867497129203783e+38
2081.76 3.8678533552578736e+38
2082.3 3.871328279255719e+38
2082.84 3.871952313940643e+38
2083.38 3.865627480608125e+38
2083.92 3.8678533552578736e+38
2084.46 3.874717105479696e+38
2085.0 3.4208182461590765e+38
2085.54 3.794809682348277e+38
2086.08 3.864915471291631e+38
2086.62 3.849638951767772e+38
2087.16 3.8541623090232745e+38
2087.7 3.672061954965716e+38
2088.24 3.8440586038563356e+38
2088.78 3.837425878631734e+38
2089.32 3.712273797748519e+38
2089.87 3.7959457757634005e+38
2090.41 3.8227861157990545e+38
2090.95 3.555985652224491e+38
2091.49 3.812325727988441e+38
2092.03 3.538425042456791e+38
2092.57 3.619428485174554e+38
2093.12 3.796645079222192e+38
2093.66 3.586327942667715e+38
2094.2 3.685530418524775e+38
2094.75 3.77563497104526e+38
2095.29 3.7773741156275426e+38
2095.83 3.690455730160828e+38
2096.38 3.671131996879626e+38
2096.92 3.770509158333926e+38
2097.46 3.7727671328867274e+38
2098.0 3.671723761135647e+38
2098.55 3.669272787189837e+38
2099.09 3.769380677876285e+38
2099.64 3.7602783999174945e+38
2100.18 3.766170697141644e+38
2100.73 3.757422226064763e+38
2101.27 3.764176681642056e+38
2101.81 3.757681788561764e+38
2102.36 3.7623569808351094e+38
2102.9 3.760451571124654e+38
2103.45 3.487626749752318e+38
2103.99 3.7441220730612805e+38
2104.54 3.3998519056870972e+38
2105.08 3.755778746557724e+38
2105.63 3.66327903082384e+38
2106.18 3.7497300224548185e+38
2106.72 3.748003605517033e+38
2107.27 3.747744711542141e+38
2107.81 3.727691814196876e+38
2108.36 3.7342208543034455e+38
2108.91 3.70373580494051e+38
2109.45 3.71757723475927e+38
2110.0 3.736973343840874e+38
2110.55 3.734564804593608e+38
2111.09 3.7322437547874184e+38
2111.64 3.728979535706079e+38
2112.19 3.727949322918849e+38
2112.74 3.725546599797779e+38
2113.28 3.719460920170112e+38
2113.83 3.7208314726626585e+38
2114.38 3.6893512089950146e+38
2114.93 3.700240906487115e+38
2115.48 3.706977926537307e+38
2116.02 3.714582428412777e+38
2116.57 3.712872193813803e+38
2117.12 3.689521113809114e+38
2117.67 3.710564626068491e+38
2118.22 3.674853242904786e+38
2118.77 3.7073193675455395e+38
2119.32 3.640826637894004e+38
2119.87 3.704588719817448e+38
2120.42 3.699814925031447e+38
2120.97 3.626268855363148e+38
2121.51 3.696238616357599e+38
2122.06 3.694451758576545e+38
2122.61 3.697685753241831e+38
2123.17 3.6844273714617136e+38
2123.72 3.694196563704423e+38
2124.26 3.570261280390165e+38
2124.82 3.6771386020526924e+38
2125.37 3.687228058871198e+38
2125.92 3.674768627255976e+38
2126.47 3.680018483545013e+38
2127.02 3.67383798369894e+38
2127.57 3.668934850239784e+38
2128.12 3.220327198167537e+38
2128.67 3.658979699748911e+38
2129.23 3.6532551063456865e+38
2129.78 3.642671434003916e+38
2130.33 3.60089120436434e+38
2130.88 3.640156034609364e+38
2131.43 3.58921934645005e+38
2131.99 3.616845853983785e+38
2132.54 3.620095269951859e+38
2133.09 3.620345345911212e+38
2133.65 3.613516149465957e+38
2134.2 3.610605172661926e+38
2134.75 3.593602196225679e+38
2135.3 3.602052181658945e+38
2135.86 3.5993161908191035e+38
2136.41 3.5962510359255614e+38
2136.97 3.538262095713647e+38
2137.52 3.589880565985734e+38
2138.07 3.445799471064913e+38
2138.63 3.567631583596483e+38
2139.18 3.582613845838687e+38
2139.74 3.5755264904449125e+38
2140.29 3.568535323326401e+38
2140.84 3.574291760588021e+38
2141.4 3.554675819990717e+38
2141.96 3.5568045424544355e+38
2142.51 3.565578480758245e+38
2143.06 3.54445935028354e+38
2143.62 3.544051302809944e+38
2144.18 3.4042386643843335e+38
2144.73 3.5528755884178906e+38
2145.29 3.545275586178801e+38
2145.84 3.552957397343444e+38
2146.4 3.546010359195032e+38
2146.96 3.517466743389728e+38
2147.51 3.5527937813760926e+38
2148.07 3.5487875429540386e+38
2148.63 3.4904385777102785e+38
2149.18 3.363721259005419e+38
2149.74 3.552057602758899e+38
2150.3 3.518033737737043e+38
2150.85 3.548869257747725e+38
2151.41 3.5517304612291445e+38
2151.97 3.5525483715523416e+38
2152.53 3.39234489541446e+38
2153.08 3.552139392849421e+38
2153.64 3.552302978680373e+38
2154.2 3.5525483715523416e+38
2154.76 3.551566901762988e+38
2155.32 3.548950974423044e+38
2155.88 3.54699029344286e+38
2156.44 3.543398524558962e+38
2156.99 3.538099156474362e+38
2157.55 3.5366330409348266e+38
2158.11 3.533051760057494e+38
2158.67 3.524763641395786e+38
2159.23 3.445006137754769e+38
2159.79 3.5206268760203035e+38
2160.35 3.4969546481511084e+38
2160.91 3.5160901375331685e+38
2161.47 3.483212738791991e+38
2162.03 3.450007188671741e+38
2162.59 3.500821761912495e+38
2163.15 3.4991293737161075e+38
2163.71 3.129896669698808e+38
2164.27 3.494218027393377e+38
2164.83 3.490117111241114e+38
2165.4 3.4893939199311466e+38
2165.96 3.1624232917896445e+38
2166.52 3.48401487051005e+38
2167.08 3.480567014169986e+38
2167.64 3.3258296441911903e+38
2168.2 3.4761619381538126e+38
2168.76 3.462262564585464e+38
2169.33 3.4701639996861e+38
2169.89 3.4678475722791836e+38
2170.45 3.447307307707647e+38
2171.01 3.462182843961567e+38
2171.58 3.449292308586446e+38
2172.14 3.457004938868709e+38
2172.7 3.453663334761768e+38
2173.27 3.4514373933585365e+38
2173.83 3.4397747168193654e+38
2174.39 3.438982770600451e+38
2174.96 3.400008478258609e+38
2175.52 3.437557726853176e+38
2176.08 3.436449767759721e+38
2176.65 3.433681432114218e+38
2177.21 3.4298095084031544e+38
2177.78 3.4266519914183374e+38
2178.34 3.40110468817457e+38
2178.91 3.4201094143492115e+38
2179.47 3.3965655467457223e+38
2180.03 3.408474113577659e+38
2180.6 3.4096515621567265e+38
2181.17 3.29564178058332e+38
2181.73 3.4025929669666664e+38
2182.3 3.399773622105185e+38
2182.86 3.3838414035483355e+38
2183.43 3.3882075042253245e+38
2183.99 3.389534041973537e+38
2184.56 3.3817383300056778e+38
2185.12 3.38376348861767e+38
2185.69 3.3663556765914e+38
2186.26 3.3700007692099433e+38
2186.82 3.3832960367067833e+38
2187.39 3.068244751555438e+38
2187.96 3.373339098416316e+38
2188.53 3.3790140688072318e+38
2189.09 3.3679062976874216e+38
2189.66 3.381349015403491e+38
2190.23 3.383140233753926e+38
2190.79 3.372096543266019e+38
2191.36 3.3784694799774084e+38
2191.93 3.354748751980645e+38
2192.5 3.3828286493723592e+38
2193.07 3.3829844379758947e+38
2193.64 3.3818161983048618e+38
2194.21 3.3810375959916336e+38
2194.77 3.382750757760896e+38
2195.34 3.3807262052612434e+38
2195.91 3.377147272487916e+38
2196.48 3.3622499825227773e+38
2197.05 3.3700783672386355e+38
2197.62 3.3665882242351415e+38
2198.19 3.3633340185757866e+38
2198.76 3.3593093598651322e+38
2199.33 3.344259735337316e+38
2199.9 3.3526637596594455e+38
2200.47 3.3497315211089604e+38
2201.04 3.330504309900308e+38
2201.61 3.3419504002611496e+38
2202.18 3.335262342519698e+38
2202.75 3.3350319587164123e+38
2203.32 3.3301975732432364e+38
2203.89 3.318256853080478e+38
2204.46 3.3206262749451978e+38
2205.03 3.3220793374394693e+38
2205.61 3.318638903510891e+38
2206.18 3.3148203778186094e+38
2206.75 3.3113112148259347e+38
2207.32 3.3068919124823553e+38
2207.89 3.3033911427882536e+38
2208.47 3.299058373387733e+38
2209.04 3.296173018089315e+38
2209.61 3.148038245786763e+38
2210.18 3.2885163087598532e+38
2210.76 3.256266940230022e+38
2211.33 3.279744406033782e+38
2211.9 3.2765741451950725e+38
2212.48 3.2724272466801316e+38
2213.05 3.2676836115548285e+38
2213.62 3.2661039283976073e+38
2214.2 3.262420970181186e+38
2214.77 3.256716841210271e+38
2215.34 2.948695995562681e+38
2215.92 3.2425001138128437e+38
2216.49 3.2454879425180275e+38
2217.07 3.242873441924242e+38
2217.64 3.239589629181745e+38
2218.22 3.2232203772087798e+38
2218.79 3.2311714288877956e+38
2219.37 3.223146160671289e+38
2219.94 3.224333830363042e+38
2220.52 3.220549658172995e+38
2221.09 3.216325544706368e+38
2221.67 3.2129206511412736e+38
2222.25 3.209371561667639e+38
2222.82 3.2046455400702412e+38
2223.4 3.2019902119061085e+38
2223.97 3.198158621666601e+38
2224.55 3.194037421148108e+38
2225.13 3.1908765327529058e+38
2225.7 3.1892605438498487e+38
2226.28 3.1921993145103744e+38
2226.86 3.1928609110101994e+38
2227.43 3.171246493328985e+38
2228.01 3.1919788128096917e+38
2228.59 3.1850774695794353e+38
2229.17 3.1916848342348108e+38
2229.74 3.194552280646441e+38
2230.32 3.1946993986031297e+38
2230.9 3.1912439171377522e+38
2231.48 3.195876586189681e+38
2232.06 3.1963917421502863e+38
2232.64 3.1965389448192583e+38
2233.21 3.1841242037127436e+38
2233.79 3.19742230320495e+38
2234.37 3.1814126236883596e+38
2234.95 3.1984531965267463e+38
2235.53 3.19528793818494e+38
2236.11 3.192052311684162e+38
2236.69 3.1494157860236238e+38
2237.27 3.1852241511949026e+38
2237.85 3.181998715530291e+38
2238.43 3.1729994732270243e+38
2239.01 3.1676704992439977e+38
2239.59 3.1715385893763574e+38
2240.17 3.1676704992439977e+38
2240.75 3.164681439734433e+38
2241.33 3.1614768061205446e+38
2241.91 3.1581299769877666e+38
2242.49 3.153697254332379e+38
2243.07 3.1508664796006307e+38
2243.66 3.147530882860891e+38
2244.24 3.141593574493102e+38
2244.82 3.1188895840939352e+38
2245.4 3.1373285381743682e+38
2245.98 3.134151602775698e+38
2246.56 3.129031966757706e+38
2247.15 3.1269432541188883e+38
2247.73 3.1235610597056616e+38
2248.31 3.1183869189986253e+38
2248.89 3.1168076417671768e+38
2249.48 3.1121462663028763e+38
2250.06 3.1101404381269876e+38
2250.64 3.1065618170371706e+38
2251.23 3.1033445787984237e+38
2251.81 3.0978472530681936e+38
2252.39 3.096349673219323e+38
2252.98 3.072062167441708e+38
2253.56 2.837461646799664e+38
2254.15 3.0862421621287776e+38
2254.73 3.0813426839797886e+38
2255.31 3.080917010161155e+38
2255.9 3.0798530828683784e+38
2256.48 3.0780098124934686e+38
2257.07 3.077655463916275e+38
2257.65 3.0766635049067924e+38
2258.24 3.059214999703988e+38
2258.82 3.0738310976697407e+38
2259.41 3.0717085035730404e+38
2260.0 3.072628114329841e+38
2260.58 3.071567049425966e+38
2261.17 3.06429096021585e+38
2261.75 3.0693753429455424e+38
2262.34 2.995228779679262e+38
2262.93 3.0674677115567112e+38
2263.51 3.0658436273997825e+38
2264.1 3.06027179762419e+38
2264.69 3.0639381909889774e+38
2265.27 3.063444382298009e+38
2265.86 3.022734480038674e+38
2266.45 3.061328960612504e+38
2267.03 3.0598490346550066e+38
2267.62 3.058721952240159e+38
2268.21 3.0382954272295463e+38
2268.8 3.056609791567327e+38
2269.39 3.0555542582408085e+38
2269.97 3.0539364817136917e+38
2270.56 3.0534442849778792e+38
2271.15 3.052389844789814e+38
2271.74 3.051124997201815e+38
2272.33 3.0493691338945232e+38
2272.92 3.0486670715344937e+38
2273.51 3.0476844557726003e+38
2274.09 3.0383653873726e+38
2274.68 3.0454396659905407e+38
2275.27 3.044458090453649e+38
2275.86 3.0427761255248244e+38
2276.45 3.0419354915543254e+38
2277.04 3.0365469470911457e+38
2277.63 3.0301212004593983e+38
2278.22 3.0334022181183134e+38
2278.81 3.0374560311506608e+38
2279.41 3.034100765211306e+38
2280.0 3.0352187751745327e+38
2280.59 3.034240493932501e+38
2281.18 3.0330530048845925e+38
2281.77 3.0317961700854434e+38
2282.36 3.0309585695696435e+38
2282.95 3.029842128835084e+38
2283.54 3.0287958391353327e+38
2284.14 3.027401348223596e+38
2284.73 3.0264952734428092e+38
2285.32 3.0232913395940437e+38
2285.91 3.0196735853782745e+38
2286.5 3.0155740679814586e+38
2287.1 3.0107174518759932e+38
2287.69 2.7009714897944247e+38
2288.28 3.0025482838361287e+38
2288.88 2.9984720157970543e+38
2289.47 2.994332333867279e+38
2290.06 2.9807805243948154e+38
2290.66 2.986001351802955e+38
2291.25 2.980849160192994e+38
2291.84 2.97762498547764e+38
2292.44 2.9721450463144245e+38
2293.03 2.9693404874385527e+38
2293.63 2.963602824359825e+38
2294.22 2.960874501917648e+38
2294.81 2.9563101877012146e+38
2295.41 2.953792612651328e+38
2296.0 2.9518208769745963e+38
2296.6 2.9176957313339736e+38
2297.2 2.944082664243715e+38
2297.79 2.199581204683199e+38
2298.39 2.9452353199718377e+38
2298.98 2.9423884017246375e+38
2299.58 2.9228733668035116e+38
2300.17 2.9394088674628654e+38
2300.77 2.937176196937747e+38
2301.37 2.935621096191427e+38
2301.96 2.933796593703753e+38
2302.56 2.932040737108753e+38
2303.16 2.9298136631535803e+38
2303.75 2.916755328939502e+38
2304.35 2.9267120792032195e+38
2304.95 2.924893113712019e+38
2305.54 2.9216621881808537e+38
2306.14 2.9182332402545835e+38
2306.74 2.8031736363611515e+38
2307.34 2.903621476621061e+38
2307.94 2.90817140589413e+38
2308.53 2.904624525160586e+38
2309.13 2.9013491821234134e+38
2309.73 2.8976771759115374e+38
2310.33 2.894343021438662e+38
2310.93 2.890813006158841e+38
2311.53 2.8875532374109448e+38
2312.13 2.8841643207437584e+38
2312.73 2.8807793814079773e+38
2313.32 2.8746170688799054e+38
2313.93 2.8589726450319908e+38
2314.52 2.8704500902210007e+38
2315.12 2.8651673927885923e+38
2315.72 2.8525942338384413e+38
2316.32 2.820785094002049e+38
2316.93 2.81371431439612e+38
2317.52 2.8124836084663224e+38
2318.13 2.8007219816801355e+38
2318.73 2.7872119798910415e+38
2319.33 2.7754282213051497e+38
2319.93 2.701966747786712e+38
2320.53 2.7496030444853106e+38
2321.13 2.736780709403306e+38
2321.73 2.723955447120877e+38
2322.33 2.70420741934694e+38
2322.94 2.6829340667953086e+38
2323.54 2.685282614029465e+38
2324.14 2.6721448720746408e+38
2324.74 2.6587040675910684e+38
2325.35 2.6573575923433933e+38
2325.95 2.6653853111000987e+38
2326.55 2.6718372477358564e+38
2327.16 2.6778731452419693e+38
2327.76 2.6804641308223937e+38
2328.36 2.6767018556258796e+38
2328.97 2.7010336826773535e+38
2329.57 2.70813306663273e+38
2330.17 2.7151885903272525e+38
2330.78 2.7211344462391117e+38
2331.38 2.728852111630517e+38
2331.98 2.7188171453625873e+38
2332.59 2.7440372337368352e+38
2333.19 2.7294176775077444e+38
2333.8 2.7573379615625127e+38
2334.4 2.76496730337775e+38
2335.01 2.7708945598591927e+38
2335.61 2.7646489930767363e+38
2336.22 2.76668681240376e+38
2336.82 2.7638215577808884e+38
2337.43 2.747451280586674e+38
2338.03 2.758163455793745e+38
2338.64 2.7508062347052016e+38
2339.25 2.7486535292229573e+38
2339.85 2.7472614999306538e+38
2340.46 2.7461863238036144e+38
2341.07 2.7369067457146573e+38
2341.67 2.7408167516358265e+38
2342.28 2.7379152451835e+38
2342.89 2.735079787162693e+38
2343.5 2.732247265617805e+38
2344.1 2.729291986072788e+38
2344.71 2.7265282384389787e+38
2345.32 2.725210163849207e+38
2345.93 2.7255866915561198e+38
2346.53 2.7262771274721547e+38
2347.14 2.726653802595767e+38
2347.75 2.7155012059611575e+38
2348.36 2.725210163849207e+38
2348.97 2.7265910197945674e+38
2349.58 2.7250219195020396e+38
2350.19 2.7287892782119643e+38
2350.79 2.7296062255136057e+38
2351.4 2.729731931420156e+38
2352.01 2.7299205011346138e+38
2352.62 2.7306120348758602e+38
2353.23 2.727407308979652e+38
2353.84 2.7314924220891767e+38
2354.45 2.7214477464543832e+38
2355.06 2.7301719476840514e+38
2355.67 2.7277841402543515e+38
2356.28 2.7240181692350296e+38
2356.89 2.7198816060159897e+38
2357.5 2.716126545212943e+38
2358.12 2.7116897530430553e+38
2358.73 2.70813306663273e+38
2359.34 2.704145153386865e+38
2359.95 2.7001631126191188e+38
2360.56 2.6962490183950037e+38
2361.17 2.6919066788895285e+38
2361.78 2.6882521387716335e+38
2362.4 2.684355310420725e+38
2363.01 2.679908708667691e+38
2363.62 2.6753462655705816e+38
2364.24 2.6721448720746408e+38
2364.85 2.6688858553795482e+38
2365.46 2.666244668312505e+38
2366.07 2.6654466845715482e+38
2366.69 2.659316327312661e+38
2367.3 2.6644648785896615e+38
2367.91 2.663483434251845e+38
2368.53 2.6626862769241243e+38
2369.14 2.6617054877266874e+38
2369.76 2.660663795045563e+38
2370.37 2.6599287280284527e+38
2370.98 2.6589489545624565e+38
2371.6 2.6456963611426816e+38
2372.21 2.6572964051280314e+38
2372.83 2.6563787659443224e+38
2373.44 2.6554614436472318e+38
2374.06 2.6544833156864916e+38
2374.67 2.6318431314702746e+38
2375.29 2.651367936674687e+38
2375.91 2.6472807400175768e+38
2376.52 2.643199843948281e+38
2377.14 2.6325704370780405e+38
2377.75 2.6359064936541103e+38
2378.37 2.631964335116298e+38
2378.99 2.627967560430495e+38
2379.6 2.624097696437078e+38
2380.22 2.6202335310860893e+38
2380.83 2.6158329138044195e+38
2381.45 2.6122816516450393e+38
2382.07 2.6083147661374003e+38
2382.69 2.6042939377772976e+38
2383.3 2.600279307695452e+38
2383.92 2.596211085679287e+38
2384.54 2.5924476779179e+38
2385.16 2.5865447704239426e+38
2385.78 2.589703239180643e+38
2386.4 2.449288819293318e+38
2387.01 2.44483750930138e+38
2387.63 2.5916121062105164e+38
2388.25 2.5919104937568938e+38
2388.87 2.5923282940392902e+38
2389.49 2.5925073719189022e+38
2390.11 2.5893454831697064e+38
2390.73 2.593462662891693e+38
2391.35 2.593880713374358e+38
2391.97 2.5940598984950448e+38
2392.59 2.5947170165121735e+38
2393.21 2.595075514679131e+38
2393.83 2.5955535892857258e+38
2394.45 2.5937612635035463e+38
2395.07 2.5959122030374675e+38
2395.69 2.5925670672944674e+38
2396.31 2.5894051057392543e+38
2396.93 2.5861279022602926e+38
2397.55 2.580655303632059e+38
2398.17 2.579585933138042e+38
2398.79 2.4823327667637344e+38
2399.42 2.573060512833798e+38
2400.04 2.568088582411445e+38
2400.66 2.5605897341738124e+38
2401.28 2.5632442983053005e+38
2401.91 2.5599412589689664e+38
2402.53 2.5517022701700884e+38
2403.15 2.542084601869931e+38
2403.77 2.5501163750606108e+38
2404.4 2.5413237781523864e+38
2405.02 2.5399197787079805e+38
2405.64 2.5402707058337876e+38
2406.27 2.5413237781523864e+38
2406.89 2.539861295567078e+38
2407.51 2.5386919154959704e+38
2408.14 2.5371141063838645e+38
2408.76 2.5352453801740317e+38
2409.39 2.53507025767602e+38
2410.01 2.530055219874721e+38
2410.64 2.532619812468612e+38
2411.26 2.531395478249946e+38
2411.89 2.5301134772197868e+38
2412.51 2.5288903546286982e+38
2413.14 2.5277260256994447e+38
2413.76 2.5263877101319162e+38
2414.39 2.5115394255453104e+38
2415.01 2.5240618923028e+38
2415.64 2.5236550943776655e+38
2416.26 2.523422667857427e+38
2416.89 2.522318934182437e+38
2417.52 2.5227836052971066e+38
2418.14 2.522551259040324e+38
2418.77 2.5222027797774633e+38
2419.4 2.490118414938607e+38
2420.02 2.521680151145193e+38
2420.65 2.521273737080399e+38
2421.28 2.5204030703495304e+38
2421.91 2.5204030703495304e+38
2422.53 2.520287004171274e+38
2423.16 2.5169234090449623e+38
2423.79 2.519590719336731e+38
2424.42 2.5173870861756666e+38
2425.05 2.5184306720618328e+38
2425.68 2.5156487372558433e+38
2426.3 2.5121177954542026e+38
2426.93 2.5087651030189655e+38
2427.56 2.5054168851137787e+38
2428.19 2.5019579136939294e+38
2428.82 2.4985037177201764e+38
2429.45 2.4933887750386133e+38
2430.08 2.4917243712539166e+38
2430.71 2.48816971659128e+38
2431.34 2.4849634196125604e+38
2431.97 2.477821403072784e+38
2432.6 2.4781066892261603e+38
2433.23 2.4746854221850144e+38
2433.86 2.468425362268771e+38
2434.49 2.4678002279018396e+38
2435.12 2.464733681953006e+38
2435.75 2.463939273738554e+38
2436.39 2.4654715760611013e+38
2437.02 2.4655851178374377e+38
2437.65 2.465868995155318e+38
2438.28 2.4656986648426865e+38
2438.91 2.4328761447318314e+38
2439.54 2.4662664783110864e+38
2440.18 2.4664936403092462e+38
2440.81 2.452223217565549e+38
2441.44 2.465812217077089e+38
2442.07 2.4667208232307626e+38
2442.71 2.467118443696061e+38
2443.34 2.4672888720869283e+38
2443.97 2.4641662213833802e+38
2444.61 2.4676865841182636e+38
2445.24 2.462578026737633e+38
2445.88 2.464903945604678e+38
2446.51 2.462464623439771e+38
2447.14 2.4607642005124563e+38
2447.78 2.453409259344784e+38
2448.41 2.456631408019567e+38
2449.05 2.4477665746311473e+38
2449.68 2.452505556449212e+38
2450.32 2.442249334880783e+38
2450.95 2.4478229371882792e+38
2451.59 2.4463579324033945e+38
2452.22 2.444274629467453e+38
2452.86 2.442249334880783e+38
2453.49 2.4401695308004545e+38
2454.13 2.438091497868161e+38
2454.76 2.4360152345755237e+38
2455.4 2.433940739415609e+38
2456.04 2.4312521347485e+38
2456.67 2.4295173228516643e+38
2457.31 2.426051411782541e+38
2457.95 2.4252136279986347e+38
2458.58 2.4229809520428844e+38
2459.22 2.420806071989004e+38
2459.86 2.41857745367346e+38
2460.5 2.4161283431536316e+38
2461.14 2.4142931379202345e+38
2461.77 2.3787565656447295e+38
2462.41 2.4100164114883453e+38
2463.05 2.4077422852891207e+38
2463.69 2.3996615896555916e+38
2464.33 2.4034771631666496e+38
2464.96 2.4013197898130865e+38
2465.6 2.3988881548246054e+38
2466.24 2.3964589821690617e+38
2466.88 2.393922022631195e+38
2467.52 2.3915529457098894e+38
2468.16 2.389131200865965e+38
2468.8 2.3838559027161907e+38
2469.44 2.3841852673312822e+38
2470.08 2.3817709831782244e+38
2470.72 2.379359143788185e+38
2471.36 2.3768950160250983e+38
2472.0 2.3744334401784164e+38
2472.64 2.3718651826619514e+38
2473.28 2.3676090971041847e+38
2473.92 2.3671730075576847e+38
2474.56 2.3647215000821608e+38
2475.21 2.3630885723978064e+38
2475.85 2.3630885723978064e+38
2476.49 2.3630341608990247e+38
2477.13 2.362979750653138e+38
2477.77 2.362979750653138e+38
2478.42 2.362490114813757e+38
2479.06 2.3628709339197814e+38
2479.7 2.3628709339197814e+38
2480.34 2.3628709339197814e+38
2480.99 2.362925341660041e+38
2481.63 2.351202311360506e+38
2482.27 2.343419287179816e+38
2482.92 2.362925341660041e+38
2483.56 2.3628709339197814e+38
2484.2 2.362435717094812e+38
2484.85 2.3625445137852316e+38
2485.49 2.3601521435870423e+38
2486.14 2.356893724255845e+38
2486.78 2.353585609553759e+38
2487.42 2.3502280214684406e+38
2488.07 2.3467131124673277e+38
2488.71 2.3401839691825438e+38
2489.36 2.340022320584071e+38
2490.0 2.3367378864314965e+38
2490.65 2.3333506050403446e+38
2491.29 2.329002742847269e+38
2491.94 2.3266443378643924e+38
2492.59 2.3231112074688267e+38
2493.23 2.3184620954131388e+38
2493.88 2.3165410474774318e+38
2494.52 2.30887276010762e+38
2495.17 2.3108938670747575e+38
2495.82 2.3118518509451568e+38
2496.47 2.3125972240639513e+38
2497.11 2.313662459703539e+38
2497.76 2.309723536976741e+38
2498.41 2.31552780288854e+38
2499.05 2.3159543781604974e+38
2499.7 2.3173946499684892e+38
