WAVE FLUX
0.000129662 0.0
0.000133601 0.0
0.00013766 0.0
0.000141842 0.0
0.00014615 0.0
0.00015059 0.0
0.000155165 0.0
0.000159879 0.0
0.000164736 0.0
0.00016974 0.0
0.000174896 0.0
0.00018021 0.0
0.000185684 0.0
0.000191325 0.0
0.000197137 0.0
0.000203126 0.0
0.000209296 0.0
0.000215654 0.0
0.000222206 0.0
0.000228956 0.0
0.000235911 0.0
0.000243078 0.0
0.000250462 0.0
0.000258071 0.0
0.000265911 0.0
0.000273989 0.0
0.000282312 0.0
0.000290888 0.0
0.000299725 0.0
0.00030883 0.0
0.000318212 0.0
0.000327879 0.0
0.00033784 0.0
0.000348103 0.0
0.000358677 0.0
0.000369574 0.0
0.000380801 0.0
0.000392369 0.0
0.000404288 0.0
0.00041657 0.0
0.000429225 0.0
0.000442264 0.0
0.000455699 0.0
0.000469543 0.0
0.000483807 0.0
0.000498504 0.0
0.000513648 0.0
0.000529252 0.0
0.00054533 0.0
0.000561896 0.0
0.000578966 0.0
0.000596554 0.0
0.000614676 0.0
0.000633349 0.0
0.00065259 0.0
0.000672414 0.0
0.000692841 0.0
0.000713889 0.0
0.000735576 0.0
0.000757921 0.0
0.000780946 0.0
0.00080467 0.0
0.000829115 0.0
0.000854302 0.0
0.000880254 0.0
0.000906995 0.0
0.000934548 0.0
0.000962938 0.0
0.000992191 0.0
0.00102233 0.0
0.00105339 0.0
0.00108539 0.0
0.00111836 0.0
0.00115234 0.0
0.00118734 0.0
0.00122341 0.0
0.00126058 0.0
0.00129887 0.0
0.00133833 0.0
0.00137899 0.0
0.00142088 0.0
0.00146404 0.0
0.00150852 0.0
0.00155434 0.0
0.00160156 0.0
0.00165022 0.0
0.00170035 0.0
0.001752 0.0
0.00180522 0.0
0.00186006 0.0
0.00191657 0.0
0.00197479 0.0
0.00203478 0.0
0.0020966 0.0
0.00216029 0.0
0.00222592 0.0
0.00229354 0.0
0.00236321 0.0
0.002435 0.0
0.00250897 0.0
0.00258519 0.0
0.00266373 0.0
0.00274465 0.0
0.00282803 0.0
0.00291394 0.0
0.00300246 0.0
0.00309367 0.0
0.00318765 0.0
0.00328449 0.0
0.00338426 0.0
0.00348707 0.0
0.003593 0.0
0.00370215 0.0
0.00381462 0.0
0.0039305 0.0
0.00404991 0.0
0.00417294 0.0
0.0042997 0.0
0.00443032 0.0
0.00456491 0.0
0.00470358 0.0
0.00484647 0.0
0.0049937 0.0
0.0051454 0.0
0.00530171 0.0
0.00546277 0.0
0.00562872 0.0
0.00579971 0.0
0.0059759 0.0
0.00615744 0.0
0.00634449 0.0
0.00653723 0.0
0.00673582 0.0
0.00694045 0.0
0.00715129 0.0
0.00736853 0.0
0.00759238 0.0
0.00782302 0.0
0.00806067 0.0
0.00830554 0.0
0.00855786 0.0
0.00881783 0.0
0.0090857 0.0
0.00936171 0.0
0.00964611 0.0
0.00993914 0.0
0.0102411 0.0
0.0105522 0.0
0.0108727 0.0
0.011203 0.0
0.0115434 0.0
0.011894 0.0
0.0122554 0.0
0.0126277 0.0
0.0130113 0.0
0.0134065 0.0
0.0138138 0.0
0.0142335 0.0
0.0146659 0.0
0.0151114 0.0
0.0155704 0.0
0.0160434 0.0
0.0165308 0.0
0.017033 0.0
0.0175504 0.0
0.0180836 0.0
0.018633 0.0
0.019199 0.0
0.0197822 0.0
0.0203832 0.0
0.0210024 0.0
0.0216404 0.0
0.0222978 0.0
0.0229752 0.0
0.0236732 0.0
0.0243923 0.0
0.0251333 0.0
0.0258968 0.0
0.0266835 0.0
0.0274941 0.0
0.0283294 0.0
0.02919 0.0
0.0300767 0.0
0.0309904 0.0
0.0319319 0.0
0.0329019 0.0
0.0339014 0.0
0.0349313 0.0
0.0359924 0.0
0.0370858 0.0
0.0382125 0.0
0.0393733 0.0
0.0405694 0.0
0.0418018 0.0
0.0430717 0.0
0.0443802 0.0
0.0457284 0.0
0.0471175 0.0
0.0485489 0.0
0.0500237 0.0
0.0515434 0.0
0.0531092 0.0
0.0547226 0.0
0.056385 0.0
0.0580979 0.0
0.0598628 0.0
0.0616813 0.0
0.0635551 0.0
0.0654858 0.0
0.0674752 0.0
0.069525 0.0
0.0716371 0.0
0.0738133 0.0
0.0760556 0.0
0.0783661 0.0
0.0807467 0.0
0.0831997 0.0
0.0857272 0.0
0.0883314 0.0
0.0910148 0.0
0.0937797 0.0
0.0966286 0.0
0.099564 0.0
0.102589 0.0
0.105705 0.0
0.108916 0.0
0.112225 0.0
0.115634 0.0
0.119147 0.0
0.122767 0.0
0.126496 0.0
0.130339 0.0
0.134298 0.0
0.138378 0.0
0.142582 0.0
0.146913 0.0
0.151376 0.0
0.155975 0.0
0.160713 0.0
0.165595 0.0
0.170626 0.0
0.175809 0.0
0.18115 0.0
0.186653 0.0
0.192323 0.0
0.198166 0.0
0.204186 0.0
0.210389 0.0
0.21678 0.0
0.223366 0.0
0.230151 0.0
0.237143 0.0
0.244347 0.0
0.25177 0.0
0.259418 0.0
0.267299 0.0
0.275419 0.0
0.283786 0.0
0.292407 0.0
0.30129 0.0
0.310442 0.0
0.319873 0.0
0.32959 0.0
0.339603 0.0
0.349919 0.0
0.36055 0.0
0.371502 0.0
0.382788 0.0
0.394417 0.0
0.406399 0.0
0.418744 0.0
0.431465 0.0
0.444572 0.0
0.458078 0.0
0.471994 0.0
0.486332 0.0
0.501106 0.0
0.516329 0.0
0.532014 0.0
0.548176 0.0
0.564829 0.0
0.581988 0.0
0.599668 0.0
0.617885 0.0
0.636655 0.0
0.655996 0.0
0.675924 0.0
0.696457 0.0
0.717615 0.0
0.739415 0.0
0.761877 0.0
0.785022 0.0
0.80887 0.0
0.833442 0.0
0.858761 0.0
0.884849 0.0
0.911729 0.0
0.939426 0.0
0.967964 0.0
0.99737 0.0
1.01281 0.0
1.01339 0.0
1.01397 0.0
1.01455 0.0
1.01513 0.0
1.01571 0.0
1.01629 0.0
1.01687 0.0
1.01745 0.0
1.01803 0.0
1.01861 0.0
1.0192 0.0
1.01978 0.0
1.02036 0.0
1.02095 0.0
1.02153 0.0
1.02211 0.0
1.0227 0.0
1.02328 0.0
1.02387 0.0
1.02445 0.0
1.02504 0.0
1.02562 0.0
1.02621 0.0
1.0268 0.0
1.02738 0.0
1.02797 0.0
1.02856 0.0
1.02915 0.0
1.02974 0.0
1.03033 0.0
1.03091 0.0
1.0315 0.0
1.03209 0.0
1.03268 0.0
1.03327 0.0
1.03386 0.0
1.03446 0.0
1.03505 0.0
1.03564 0.0
1.03623 0.0
1.03682 0.0
1.03742 0.0
1.03801 0.0
1.0386 0.0
1.0392 0.0
1.03979 0.0
1.04039 0.0
1.04098 0.0
1.04158 0.0
1.04217 0.0
1.04277 0.0
1.04336 0.0
1.04396 0.0
1.04456 0.0
1.04515 0.0
1.04575 0.0
1.04635 0.0
1.04695 0.0
1.04755 0.0
1.04815 0.0
1.04874 0.0
1.04934 0.0
1.04994 0.0
1.05054 0.0
1.05114 0.0
1.05175 0.0
1.05235 0.0
1.05295 0.0
1.05355 0.0
1.05415 0.0
1.05476 0.0
1.05536 0.0
1.05596 0.0
1.05657 0.0
1.05717 0.0
1.05777 0.0
1.05838 0.0
1.05898 0.0
1.05959 0.0
1.0602 0.0
1.0608 0.0
1.06141 0.0
1.06202 0.0
1.06262 0.0
1.06323 0.0
1.06384 0.0
1.06445 0.0
1.06505 0.0
1.06566 0.0
1.06627 0.0
1.06688 0.0
1.06749 0.0
1.0681 0.0
1.06871 0.0
1.06932 0.0
1.06994 0.0
1.07055 0.0
1.07116 0.0
1.07177 0.0
1.0724 0.0
1.07304 0.0
1.07369 0.0
1.07433 0.0
1.07498 0.0
1.07562 0.0
1.07627 0.0
1.07692 0.0
1.07756 0.0
1.07821 0.0
1.07886 0.0
1.0795 0.0
1.08015 0.0
1.0808 0.0
1.08145 0.0
1.0821 0.0
1.08275 0.0
1.0834 0.0
1.08405 0.0
1.0847 0.0
1.08535 0.0
1.086 0.0
1.08666 0.0
1.08731 0.0
1.08796 0.0
1.08861 0.0
1.08927 0.0
1.08992 0.0
1.09058 0.0
1.09123 0.0
1.09189 0.0
1.09254 0.0
1.0932 0.0
1.09385 0.0
1.09451 0.0
1.09517 0.0
1.09583 0.0
1.09648 0.0
1.09714 0.0
1.0978 0.0
1.09846 0.0
1.09912 0.0
1.09978 0.0
1.10044 0.0
1.1011 0.0
1.10176 0.0
1.10242 0.0
1.10309 0.0
1.10375 0.0
1.10441 0.0
1.10507 0.0
1.10574 0.0
1.1064 0.0
1.10707 0.0
1.10773 0.0
1.1084 0.0
1.10906 0.0
1.10973 0.0
1.11039 0.0
1.11106 0.0
1.11173 0.0
1.11239 0.0
1.11306 0.0
1.11373 0.0
1.1144 0.0
1.11507 0.0
1.11574 0.0
1.11641 0.0
1.11708 0.0
1.11775 0.0
1.11842 0.0
1.11909 0.0
1.11976 0.0
1.12044 0.0
1.12111 0.0
1.12178 0.0
1.12245 0.0
1.12313 0.0
1.1238 0.0
1.12448 0.0
1.12515 0.0
1.12583 0.0
1.1265 0.0
1.12718 0.0
1.12786 0.0
1.12854 0.0
1.12921 0.0
1.12989 0.0
1.13057 0.0
1.13125 0.0
1.13193 0.0
1.13261 0.0
1.13329 0.0
1.13397 0.0
1.13465 0.0
1.13533 0.0
1.13601 0.0
1.13669 0.0
1.13738 0.0
1.13806 0.0
1.13874 0.0
1.13945 0.0
1.14018 0.0
1.1409 0.0
1.14163 0.0
1.14236 0.0
1.14309 0.0
1.14382 0.0
1.14456 0.0
1.14529 0.0
1.14602 0.0
1.14675 0.0
1.14749 0.0
1.14822 0.0
1.14895 0.0
1.14969 0.0
1.15042 0.0
1.15116 0.0
1.15189 0.0
1.15263 0.0
1.15337 0.0
1.1541 0.0
1.15484 0.0
1.15558 0.0
1.15632 0.0
1.15706 0.0
1.1578 0.0
1.15854 0.0
1.15928 0.0
1.16002 0.0
1.16076 0.0
1.1615 0.0
1.16224 0.0
1.16299 0.0
1.16373 0.0
1.16447 0.0
1.16522 0.0
1.16596 0.0
1.16671 0.0
1.16745 0.0
1.1682 0.0
1.16895 0.0
1.16969 0.0
1.17044 0.0
1.17119 0.0
1.17194 0.0
1.17269 0.0
1.17344 0.0
1.17419 0.0
1.17494 0.0
1.17569 0.0
1.17644 0.0
1.17719 0.0
1.17795 0.0
1.1787 0.0
1.17945 0.0
1.18021 0.0
1.18096 0.0
1.18171 0.0
1.18247 0.0
1.18323 0.0
1.18398 0.0
1.18474 0.0
1.1855 0.0
1.18625 0.0
1.18701 0.0
1.18777 0.0
1.18853 0.0
1.18929 0.0
1.19005 0.0
1.19081 0.0
1.19157 0.0
1.19233 0.0
1.1931 0.0
1.19386 0.0
1.19462 0.0
1.19539 0.0
1.19615 0.0
1.19691 0.0
1.19768 0.0
1.19844 0.0
1.19921 0.0
1.19998 0.0
1.20074 0.0
1.20151 0.0
1.20228 0.0
1.20305 0.0
1.20382 0.0
1.20459 0.0
1.20536 0.0
1.20613 0.0
1.2069 0.0
1.20767 0.0
1.20844 0.0
1.20921 0.0
1.20999 0.0
1.21076 0.0
1.21153 0.0
1.21231 0.0
1.21308 0.0
1.21386 0.0
1.21463 0.0
1.21544 0.0
1.21627 0.0
1.2171 0.0
1.21793 0.0
1.21876 0.0
1.2196 0.0
1.22043 0.0
1.22126 0.0
1.2221 0.0
1.22293 0.0
1.22377 0.0
1.22461 0.0
1.22544 0.0
1.22628 0.0
1.22712 0.0
1.22796 0.0
1.22879 0.0
1.22963 0.0
1.23047 0.0
1.23132 0.0
1.23216 0.0
1.233 0.0
1.23384 0.0
1.23468 0.0
1.23553 0.0
1.23637 0.0
1.23722 0.0
1.23806 0.0
1.23891 0.0
1.23976 0.0
1.2406 0.0
1.24145 0.0
1.2423 0.0
1.24315 0.0
1.244 0.0
1.24485 0.0
1.2457 0.0
1.24655 0.0
1.2474 0.0
1.24825 0.0
1.24911 0.0
1.24996 0.0
1.25081 0.0
1.25167 0.0
1.25252 0.0
1.25338 0.0
1.25424 0.0
1.25509 0.0
1.25595 0.0
1.25681 0.0
1.25767 0.0
1.25853 0.0
1.25939 0.0
1.26025 0.0
1.26111 0.0
1.26197 0.0
1.26283 0.0
1.2637 0.0
1.26456 0.0
1.26542 0.0
1.26629 0.0
1.26715 0.0
1.26802 0.0
1.26889 0.0
1.26975 0.0
1.27062 0.0
1.27149 0.0
1.27236 0.0
1.27323 0.0
1.2741 0.0
1.27497 0.0
1.27584 0.0
1.27671 0.0
1.27758 0.0
1.27846 0.0
1.27933 0.0
1.2802 0.0
1.28108 0.0
1.28195 0.0
1.28283 0.0
1.28371 0.0
1.28458 0.0
1.28546 0.0
1.28634 0.0
1.28722 0.0
1.2881 0.0
1.28898 0.0
1.28986 0.0
1.29074 0.0
1.29162 0.0
1.29251 0.0
1.29339 0.0
1.29427 0.0
1.29516 0.0
1.29604 0.0
1.29693 0.0
1.29781 0.0
1.2987 0.0
1.29959 0.0
1.30048 0.0
1.30137 0.0
1.30229 0.0
1.30324 0.0
1.3042 0.0
1.30516 0.0
1.30612 0.0
1.30707 0.0
1.30803 0.0
1.30899 0.0
1.30995 0.0
1.31092 0.0
1.31188 0.0
1.31284 0.0
1.3138 0.0
1.31477 0.0
1.31573 0.0
1.3167 0.0
1.31767 0.0
1.31863 0.0
1.3196 0.0
1.32057 0.0
1.32154 0.0
1.32251 0.0
1.32348 0.0
1.32445 0.0
1.32542 0.0
1.3264 0.0
1.32737 0.0
1.32834 0.0
1.32932 0.0
1.3303 0.0
1.33127 0.0
1.33225 0.0
1.33323 0.0
1.33421 0.0
1.33518 0.0
1.33616 0.0
1.33715 0.0
1.33813 0.0
1.33911 0.0
1.34009 0.0
1.34108 0.0
1.34206 0.0
1.34305 0.0
1.34403 0.0
1.34502 0.0
1.346 0.0
1.34699 0.0
1.34798 0.0
1.34897 0.0
1.34996 0.0
1.35095 0.0
1.35194 0.0
1.35294 0.0
1.35393 0.0
1.35492 0.0
1.35592 0.0
1.35691 0.0
1.35791 0.0
1.35891 0.0
1.3599 0.0
1.3609 0.0
1.3619 0.0
1.3629 0.0
1.3639 0.0
1.3649 0.0
1.3659 0.0
1.36691 0.0
1.36791 0.0
1.36891 0.0
1.36992 0.0
1.37092 0.0
1.37193 0.0
1.37294 0.0
1.37394 0.0
1.37495 0.0
1.37596 0.0
1.37697 0.0
1.37798 0.0
1.37899 0.0
1.38001 0.0
1.38102 0.0
1.38203 0.0
1.38305 0.0
1.38406 0.0
1.38508 0.0
1.3861 0.0
1.38711 0.0
1.38813 0.0
1.38915 0.0
1.39017 0.0
1.39119 0.0
1.39221 0.0
1.39323 0.0
1.39426 0.0
1.39528 0.0
1.3963 0.0
1.39733 0.0
1.39835 0.0
1.39938 0.0
1.40041 0.0
1.40144 0.0
1.4025 0.0
1.4036 0.0
1.4047 0.0
1.40581 0.0
1.40691 0.0
1.40801 0.0
1.40912 0.0
1.41022 0.0
1.41133 0.0
1.41244 0.0
1.41355 0.0
1.41466 0.0
1.41577 0.0
1.41688 0.0
1.41799 0.0
1.41911 0.0
1.42022 0.0
1.42133 0.0
1.42245 0.0
1.42357 0.0
1.42468 0.0
1.4258 0.0
1.42692 0.0
1.42804 0.0
1.42916 0.0
1.43029 0.0
1.43141 0.0
1.43253 0.0
1.43366 0.0
1.43478 0.0
1.43591 0.0
1.43704 0.0
1.43816 0.0
1.43929 0.0
1.44042 0.0
1.44155 0.0
1.44269 0.0
1.44382 0.0
1.44495 0.0
1.44609 0.0
1.44722 0.0
1.44836 0.0
1.44949 0.0
1.45063 0.0
1.45177 0.0
1.45291 0.0
1.45405 0.0
1.45519 0.0
1.45634 0.0
1.45748 0.0
1.45862 0.0
1.45977 0.0
1.46091 0.0
1.46206 0.0
1.46321 0.0
1.46436 0.0
1.46551 0.0
1.46666 0.0
1.46781 0.0
1.46896 0.0
1.47011 0.0
1.47127 0.0
1.47242 0.0
1.47358 0.0
1.47474 0.0
1.47589 0.0
1.47705 0.0
1.47821 0.0
1.47937 0.0
1.48053 0.0
1.4817 0.0
1.48286 0.0
1.48402 0.0
1.48519 0.0
1.48635 0.0
1.48752 0.0
1.48869 0.0
1.48986 0.0
1.49103 0.0
1.4922 0.0
1.49337 0.0
1.49454 0.0
1.49571 0.0
1.49689 0.0
1.49806 0.0
1.49924 0.0
1.50042 0.0
1.50159 0.0
1.50277 0.0
1.50395 0.0
1.50513 0.0
1.50632 0.0
1.5075 0.0
1.50868 0.0
1.50987 0.0
1.51105 0.0
1.51224 0.0
1.51342 0.0
1.51461 0.0
1.5158 0.0
1.51699 0.0
1.51818 0.0
1.51943 0.0
1.52072 0.0
1.52202 0.0
1.52332 0.0
1.52462 0.0
1.52592 0.0
1.52722 0.0
1.52853 0.0
1.52983 0.0
1.53114 0.0
1.53244 0.0
1.53375 0.0
1.53506 0.0
1.53637 0.0
1.53768 0.0
1.53899 0.0
1.54031 0.0
1.54162 0.0
1.54294 0.0
1.54425 0.0
1.54557 0.0
1.54689 0.0
1.54821 0.0
1.54953 0.0
1.55085 0.0
1.55218 0.0
1.5535 0.0
1.55483 0.0
1.55616 0.0
1.55748 0.0
1.55881 0.0
1.56014 0.0
1.56147 0.0
1.56281 0.0
1.56414 0.0
1.56548 0.0
1.56681 0.0
1.56815 0.0
1.56949 0.0
1.57083 0.0
1.57217 0.0
1.57351 0.0
1.57485 0.0
1.5762 0.0
1.57754 0.0
1.57889 0.0
1.58023 0.0
1.58158 0.0
1.58293 0.0
1.58428 0.0
1.58564 0.0
1.58699 0.0
1.58834 0.0
1.5897 0.0
1.59106 0.0
1.59241 0.0
1.59377 0.0
1.59513 0.0
1.59649 0.0
1.59786 0.0
1.59922 0.0
1.60058 0.0
1.60195 0.0
1.60332 0.0
1.60469 0.0
1.60606 0.0
1.60743 0.0
1.6088 0.0
1.61017 0.0
1.61155 0.0
1.61292 0.0
1.6143 0.0
1.61567 0.0
1.61705 0.0
1.61843 0.0
1.61981 0.0
1.6212 0.0
1.62258 0.0
1.62397 0.0
1.62535 0.0
1.62674 0.0
1.62813 0.0
1.62952 0.0
1.63091 0.0
1.6323 0.0
1.63369 0.0
1.63509 0.0
1.63648 0.0
1.63788 0.0
1.63928 0.0
1.64067 0.0
1.64207 0.0
1.64348 0.0
1.64488 0.0
1.64628 0.0
1.64769 0.0
1.64909 0.0
1.6505 0.0
1.65191 0.0
1.65332 0.0
1.65473 0.0
1.65614 0.0
1.65762 0.0
1.65917 0.0
1.66072 0.0
1.66228 0.0
1.66383 0.0
1.66539 0.0
1.66694 0.0
1.6685 0.0
1.67006 0.0
1.67162 0.0
1.67318 0.0
1.67475 0.0
1.67631 0.0
1.67788 0.0
1.67945 0.0
1.68102 0.0
1.68259 0.0
1.68416 0.0
1.68574 0.0
1.68732 0.0
1.68889 0.0
1.69047 0.0
1.69205 0.0
1.69363 0.0
1.69522 0.0
1.6968 0.0
1.69839 0.0
1.69998 0.0
1.70156 0.0
1.70316 0.0
1.70475 0.0
1.70634 0.0
1.70794 0.0
1.70953 0.0
1.71113 0.0
1.71273 0.0
1.71433 0.0
1.71593 0.0
1.71754 0.0
1.71914 0.0
1.72075 0.0
1.72236 0.0
1.72397 0.0
1.72558 0.0
1.7272 0.0
1.72881 0.0
1.73043 0.0
1.73204 0.0
1.73366 0.0
1.73528 0.0
1.73691 0.0
1.73853 0.0
1.74016 0.0
1.74178 0.0
1.74341 0.0
1.74504 0.0
1.74667 0.0
1.7483 0.0
1.74994 0.0
1.75157 0.0
1.75321 0.0
1.75485 0.0
1.75649 0.0
1.75813 0.0
1.75978 0.0
1.76142 0.0
1.76307 0.0
1.76472 0.0
1.76637 0.0
1.76802 0.0
1.76967 0.0
1.77133 0.0
1.77298 0.0
1.77464 0.0
1.7763 0.0
1.77796 0.0
1.77962 0.0
1.78128 0.0
1.78295 0.0
1.78462 0.0
1.78628 0.0
1.78795 0.0
1.78963 0.0
1.7913 0.0
1.79297 0.0
1.79465 0.0
1.79633 0.0
1.79801 0.0
1.79969 0.0
1.80137 0.0
1.80305 0.0
1.80474 0.0
1.80643 0.0
1.80812 0.0
1.80981 0.0
1.8115 0.0
1.81319 0.0
1.81489 0.0
1.81658 0.0
1.81828 0.0
1.81998 0.0
1.82168 0.0
1.82347 0.0
1.82533 0.0
1.8272 0.0
1.82907 0.0
1.83094 0.0
1.83282 0.0
1.83469 0.0
1.83657 0.0
1.83845 0.0
1.84033 0.0
1.84221 0.0
1.8441 0.0
1.84599 0.0
1.84788 0.0
1.84977 0.0
1.85166 0.0
1.85356 0.0
1.85545 0.0
1.85735 0.0
1.85925 0.0
1.86116 0.0
1.86306 0.0
1.86497 0.0
1.86688 0.0
1.86879 0.0
1.8707 0.0
1.87261 0.0
1.87453 0.0
1.87645 0.0
1.87837 0.0
1.88029 0.0
1.88222 0.0
1.88414 0.0
1.88607 0.0
1.888 0.0
1.88993 0.0
1.89187 0.0
1.8938 0.0
1.89574 0.0
1.89768 0.0
1.89962 0.0
1.90157 0.0
1.90351 0.0
1.90546 0.0
1.90741 0.0
1.90936 0.0
1.91132 0.0
1.91327 0.0
1.91523 0.0
1.91719 0.0
1.91916 0.0
1.92112 0.0
1.92309 0.0
1.92505 0.0
1.92702 0.0
1.929 0.0
1.93097 0.0
1.93295 0.0
1.93492 0.0
1.93691 0.0
1.93889 0.0
1.94087 0.0
1.94286 0.0
1.94485 0.0
1.94684 0.0
1.94883 0.0
1.95082 0.0
1.95282 0.0
1.95482 0.0
1.95682 0.0
1.95882 0.0
1.96083 0.0
1.96283 0.0
1.96484 0.0
1.96685 0.0
1.96887 0.0
1.97088 0.0
1.9729 0.0
1.97492 0.0
1.97694 0.0
1.97896 0.0
1.98099 0.0
1.98302 0.0
1.98504 0.0
1.98708 0.0
1.98911 0.0
1.99115 0.0
1.99318 0.0
1.99522 0.0
1.99727 0.0
1.99931 0.0
2.00136 0.0
2.0034 0.0
2.00545 0.0
2.00751 0.0
2.00956 0.0
2.01162 0.0
2.01368 0.0
2.01574 0.0
2.0178 0.0
2.01987 0.0
2.02193 0.0
2.024 0.0
2.0262 0.0
2.02851 0.0
2.03084 0.0
2.03316 0.0
2.03549 0.0
2.03781 0.0
2.04015 0.0
2.04248 0.0
2.04482 0.0
2.04716 0.0
2.0495 0.0
2.05184 0.0
2.05419 0.0
2.05654 0.0
2.05889 0.0
2.06125 0.0
2.06361 0.0
2.06597 0.0
2.06833 0.0
2.0707 0.0
2.07307 0.0
2.07544 0.0
2.07782 0.0
2.08019 0.0
2.08257 0.0
2.08496 0.0
2.08734 0.0
2.08973 0.0
2.09212 0.0
2.09452 0.0
2.09691 0.0
2.09931 0.0
2.10171 0.0
2.10412 0.0
2.10653 0.0
2.10894 0.0
2.11135 0.0
2.11376 0.0
2.11618 0.0
2.1186 0.0
2.12103 0.0
2.12346 0.0
2.12588 0.0
2.12832 0.0
2.13075 0.0
2.13319 0.0
2.13563 0.0
2.13807 0.0
2.14052 0.0
2.14297 0.0
2.14542 0.0
2.14788 0.0
2.15033 0.0
2.15279 0.0
2.15526 0.0
2.15772 0.0
2.16019 0.0
2.16266 0.0
2.16514 0.0
2.16762 0.0
2.1701 0.0
2.17258 0.0
2.17506 0.0
2.17755 0.0
2.18005 0.0
2.18254 0.0
2.18504 0.0
2.18754 0.0
2.19004 0.0
2.19255 0.0
2.19505 0.0
2.19757 0.0
2.20008 0.0
2.2026 0.0
2.20512 0.0
2.20764 0.0
2.21017 0.0
2.2127 0.0
2.21523 0.0
2.21776 0.0
2.2203 0.0
2.22284 0.0
2.22538 0.0
2.22793 0.0
2.23048 0.0
2.23303 0.0
2.23559 0.0
2.23814 0.0
2.2407 0.0
2.24327 0.0
2.24583 0.0
2.2484 0.0
2.25098 0.0
2.25355 0.0
2.25613 0.0
2.25871 0.0
2.2613 0.0
2.26388 0.0
2.26647 0.0
2.26907 0.0
2.27166 0.0
2.27426 0.0
2.27687 0.0
2.27963 0.0
2.28256 0.0
2.28549 0.0
2.28843 0.0
2.29137 0.0
2.29431 0.0
2.29726 0.0
2.30021 0.0
2.30317 0.0
2.30613 0.0
2.30909 0.0
2.31206 0.0
2.31503 0.0
2.318 0.0
2.32098 0.0
2.32396 0.0
2.32695 0.0
2.32994 0.0
2.33293 0.0
2.33593 0.0
2.33893 0.0
2.34193 0.0
2.34494 0.0
2.34795 0.0
2.35097 0.0
2.35399 0.0
2.35702 0.0
2.36004 0.0
2.36308 0.0
2.36611 0.0
2.36915 0.0
2.3722 0.0
2.37524 0.0
2.37829 0.0
2.38135 0.0
2.38441 0.0
2.38747 0.0
2.39054 0.0
2.39361 0.0
2.39669 0.0
2.39977 0.0
2.40285 0.0
2.40594 0.0
2.40903 0.0
2.41212 0.0
2.41522 0.0
2.41833 0.0
2.42143 0.0
2.42454 0.0
2.42766 0.0
2.43078 0.0
2.4339 0.0
2.43703 0.0
2.44016 0.0
2.44329 0.0
2.44643 0.0
2.44958 0.0
2.45272 0.0
2.45587 0.0
2.45903 0.0
2.46219 0.0
2.46535 0.0
2.46852 0.0
2.47169 0.0
2.47487 0.0
2.47805 0.0
2.48123 0.0
2.48442 0.0
2.48761 0.0
2.49081 0.0
2.49401 0.0
2.49721 0.0
2.50042 0.0
2.50363 0.0
2.50685 0.0
2.51007 0.0
2.51329 0.0
2.51652 0.0
2.51976 0.0
2.52299 0.0
2.52623 0.0
2.52948 0.0
2.53273 0.0
2.53598 0.0
2.53924 0.0
2.5425 0.0
2.54577 0.0
2.54904 0.0
2.55232 0.0
2.5556 0.0
2.55888 0.0
2.56217 0.0
2.56546 0.0
2.56875 0.0
2.57205 0.0
2.57536 0.0
2.57867 0.0
2.58198 0.0
2.5853 0.0
2.58862 0.0
2.59195 0.0
2.59528 0.0
2.59861 0.0
2.60195 0.0
2.60553 0.0
2.60936 0.0
2.61319 0.0
2.61703 0.0
2.62088 0.0
2.62473 0.0
2.62858 0.0
2.63245 0.0
2.63631 0.0
2.64019 0.0
2.64407 0.0
2.64795 0.0
2.65184 0.0
2.65574 0.0
2.65964 0.0
2.66355 0.0
2.66746 0.0
2.67138 0.0
2.6753 0.0
2.67923 0.0
2.68317 0.0
2.68711 0.0
2.69106 0.0
2.69501 0.0
2.69897 0.0
2.70294 0.0
2.70691 0.0
2.71089 0.0
2.71487 0.0
2.71886 0.0
2.72285 0.0
2.72685 0.0
2.73086 0.0
2.73487 0.0
2.73889 0.0
2.74291 0.0
2.74694 0.0
2.75098 0.0
2.75502 0.0
2.75907 0.0
2.76312 0.0
2.76718 0.0
2.77125 0.0
2.77532 0.0
2.77939 0.0
2.78348 0.0
2.78757 0.0
2.79166 0.0
2.79576 0.0
2.79987 0.0
2.80399 0.0
2.8081 0.0
2.81223 0.0
2.81636 0.0
2.8205 0.0
2.82464 0.0
2.82879 0.0
2.83295 0.0
2.83711 0.0
2.84128 0.0
2.84545 0.0
2.84963 0.0
2.85382 0.0
2.85801 0.0
2.86221 0.0
2.86642 0.0
2.87063 0.0
2.87485 0.0
2.87907 0.0
2.8833 0.0
2.88754 0.0
2.89178 0.0
2.89603 0.0
2.90028 0.0
2.90454 0.0
2.90881 0.0
2.91308 0.0
2.91736 0.0
2.92165 0.0
2.92594 0.0
2.93024 0.0
2.93455 0.0
2.93886 0.0
2.94318 0.0
2.9475 0.0
2.95183 0.0
2.95617 0.0
2.96051 0.0
2.96486 0.0
2.96922 0.0
2.97358 0.0
2.97795 0.0
2.98232 0.0
2.9867 0.0
2.99109 0.0
2.99549 0.0
2.99989 0.0
3.00429 0.0
3.00871 0.0
3.01313 0.0
3.01755 0.0
3.02199 0.0
3.02643 0.0
3.03087 0.0
3.03533 0.0
3.04014 0.0
3.04533 0.0
3.05052 0.0
3.05573 0.0
3.06094 0.0
3.06616 0.0
3.07139 0.0
3.07662 0.0
3.08187 0.0
3.08713 0.0
3.09239 0.0
3.09766 0.0
3.10295 0.0
3.10824 0.0
3.11354 0.0
3.11885 0.0
3.12417 0.0
3.1295 0.0
3.13483 0.0
3.14018 0.0
3.14553 0.0
3.1509 0.0
3.15627 0.0
3.16166 0.0
3.16705 0.0
3.17245 0.0
3.17786 0.0
3.18328 0.0
3.18871 0.0
3.19414 0.0
3.19959 0.0
3.20505 0.0
3.21051 0.0
3.21599 0.0
3.22147 0.0
3.22697 0.0
3.23247 0.0
3.23798 0.0
3.24351 0.0
3.24904 0.0
3.25458 0.0
3.26013 0.0
3.26569 0.0
3.27126 0.0
3.27684 0.0
3.28242 0.0
3.28802 0.0
3.29363 0.0
3.29925 0.0
3.30487 0.0
3.31051 0.0
3.31616 0.0
3.32181 0.0
3.32748 0.0
3.33315 0.0
3.33883 0.0
3.34453 0.0
3.35023 0.0
3.35595 0.0
3.36167 0.0
3.3674 0.0
3.37314 0.0
3.3789 0.0
3.38466 0.0
3.39043 0.0
3.39621 0.0
3.40201 0.0
3.40781 0.0
3.41362 0.0
3.41944 0.0
3.42527 0.0
3.43111 0.0
3.43696 0.0
3.44283 0.0
3.4487 0.0
3.45458 0.0
3.46047 0.0
3.46637 0.0
3.47228 0.0
3.47821 0.0
3.48414 0.0
3.49008 0.0
3.49603 0.0
3.50199 0.0
3.50797 0.0
3.51395 0.0
3.51994 0.0
3.52594 0.0
3.53196 0.0
3.53798 0.0
3.54401 0.0
3.55006 0.0
3.55611 0.0
3.56218 0.0
3.56825 0.0
3.57434 0.0
3.58043 0.0
3.58654 0.0
3.59265 0.0
3.59878 0.0
3.60492 0.0
3.61107 0.0
3.61722 0.0
3.62339 0.0
3.62957 0.0
3.63576 0.0
3.64196 0.0
3.6488 0.0
3.65628 0.0
3.66377 0.0
3.67128 0.0
3.6788 0.0
3.68634 0.0
3.69389 0.0
3.70146 0.0
3.70905 0.0
3.71665 0.0
3.72427 0.0
3.7319 0.0
3.73955 0.0
3.74721 0.0
3.75489 0.0
3.76258 0.0
3.77029 0.0
3.77802 0.0
3.78576 0.0
3.79352 0.0
3.8013 0.0
3.80909 0.0
3.81689 0.0
3.82471 0.0
3.83255 0.0
3.84041 0.0
3.84828 0.0
3.85616 0.0
3.86406 0.0
3.87198 0.0
3.87992 0.0
3.88787 0.0
3.89584 0.0
3.90382 0.0
3.91182 0.0
3.91984 0.0
3.92787 0.0
3.93592 0.0
3.94398 0.0
3.95207 0.0
3.96017 0.0
3.96828 0.0
3.97641 0.0
3.98456 0.0
3.99273 0.0
4.00091 0.0
4.00911 0.0
4.01732 0.0
4.02556 0.0
4.03381 0.0
4.04207 0.0
4.05036 0.0
4.05866 0.0
4.06697 0.0
4.07531 0.0
4.08366 0.0
4.09203 0.0
4.10041 0.0
4.10882 0.0
4.11724 0.0
4.12567 0.0
4.13413 0.0
4.1426 0.0
4.15109 0.0
4.1596 0.0
4.16812 0.0
4.17666 0.0
4.18522 0.0
4.1938 0.0
4.20239 0.0
4.21101 0.0
4.21963 0.0
4.22828 0.0
4.23695 0.0
4.24563 0.0
4.25433 0.0
4.26305 0.0
4.27178 0.0
4.28054 0.0
4.28931 0.0
4.2981 0.0
4.30691 0.0
4.31573 0.0
4.32458 0.0
4.33344 0.0
4.34232 0.0
4.35122 0.0
4.36014 0.0
4.36907 0.0
4.37803 0.0
4.387 0.0
4.39599 0.0
4.405 0.0
4.41402 0.0
4.42307 0.0
4.43213 0.0
4.44122 0.0
4.45032 0.0
4.45944 0.0
4.46858 0.0
4.47773 0.0
4.48691 0.0
4.4961 0.0
4.50532 0.0
4.51455 0.0
4.5238 0.0
4.53307 0.0
4.54236 0.0
4.55167 0.0
4.56219 0.0
4.57392 0.0
4.58568 0.0
4.59748 0.0
4.6093 0.0
4.62116 0.0
4.63304 0.0
4.64496 0.0
4.6569 0.0
4.66888 0.0
4.68089 0.0
4.69293 0.0
4.705 0.0
4.7171 0.0
4.72923 0.0
4.74139 0.0
4.75359 0.0
4.76581 0.0
4.77807 0.0
4.79036 0.0
4.80268 0.0
4.81503 0.0
4.82741 0.0
4.83983 0.0
4.85228 0.0
4.86476 0.0
4.87727 0.0
4.88981 0.0
4.90239 0.0
4.915 0.0
4.92764 0.0
4.94031 0.0
4.95302 0.0
4.96576 0.0
4.97853 0.0
4.99133 0.0
5.00417 0.0
5.01704 0.0
5.02994 0.0
5.04288 0.0
5.05585 0.0
5.06885 0.0
5.08189 0.0
5.09496 0.0
5.10806 0.0
5.1212 0.0
5.13437 0.0
5.14758 0.0
5.16081 0.0
5.17409 0.0
5.18739 0.0
5.20074 0.0
5.21411 0.0
5.22752 0.0
5.24097 0.0
5.25445 0.0
5.26796 0.0
5.28151 0.0
5.29509 0.0
5.30871 0.0
5.32236 0.0
5.33605 0.0
5.34978 0.0
5.36354 0.0
5.37733 0.0
5.39116 0.0
5.40502 0.0
5.41893 0.0
5.43286 0.0
5.44684 0.0
5.46084 0.0
5.47489 0.0
5.48897 0.0
5.50309 0.0
5.51724 0.0
5.53143 0.0
5.54566 0.0
5.55992 0.0
5.57422 0.0
5.58855 0.0
5.60293 0.0
5.61734 0.0
5.63179 0.0
5.64627 0.0
5.66079 0.0
5.67535 0.0
5.68995 0.0
5.70458 0.0
5.71925 0.0
5.73396 0.0
5.74871 0.0
5.76349 0.0
5.77832 0.0
5.79318 0.0
5.80808 0.0
5.82301 0.0
5.83799 0.0
5.85301 0.0
5.86806 0.0
5.88315 0.0
5.89828 0.0
5.91345 0.0
5.92866 0.0
5.94391 0.0
5.9592 0.0
5.97452 0.0
5.98989 0.0
6.00529 0.0
6.02074 0.0
6.03622 0.0
6.05175 0.0
6.06731 0.0
6.08521 0.0
6.10547 0.0
6.12579 0.0
6.14618 0.0
6.16665 0.0
6.18717 0.0
6.20777 0.0
6.22844 0.0
6.24917 0.0
6.26998 0.0
6.29085 0.0
6.31179 0.0
6.3328 0.0
6.35388 0.0
6.37504 0.0
6.39626 0.0
6.41755 0.0
6.43892 0.0
6.46035 0.0
6.48186 0.0
6.50344 0.0
6.52509 0.0
6.54681 0.0
6.5686 0.0
6.59047 0.0
6.61241 0.0
6.63442 0.0
6.65651 0.0
6.67867 0.0
6.7009 0.0
6.72321 0.0
6.74559 0.0
6.76805 0.0
6.79058 0.0
6.81318 0.0
6.83587 0.0
6.85862 0.0
6.88145 0.0
6.90436 0.0
6.92735 0.0
6.95041 0.0
6.97355 0.0
6.99676 0.0
7.02005 0.0
7.04342 0.0
7.06687 0.0
7.0904 0.0
7.114 0.0
7.13768 0.0
7.16145 0.0
7.18529 0.0
7.20921 0.0
7.23321 0.0
7.25728 0.0
7.28144 0.0
7.30568 0.0
7.33 0.0
7.35441 0.0
7.37889 0.0
7.40345 0.0
7.4281 0.0
7.45283 0.0
7.47764 0.0
7.50253 0.0
7.52751 0.0
7.55257 0.0
7.57771 0.0
7.60294 0.0
7.62825 0.0
7.65364 0.0
7.67912 0.0
7.70468 0.0
7.73033 0.0
7.75607 0.0
7.78189 0.0
7.80779 0.0
7.83379 0.0
7.85986 0.0
7.88603 0.0
7.91228 0.0
7.93862 0.0
7.96505 0.0
7.99157 0.0
8.01817 0.0
8.04486 0.0
8.07164 0.0
8.09851 0.0
8.12548 0.0
8.15253 0.0
8.17966 0.0
8.2069 0.0
8.23422 0.0
8.26163 0.0
8.28913 0.0
8.31673 0.0
8.34441 0.0
8.37219 0.0
8.40006 0.0
8.42803 0.0
8.45608 0.0
8.48423 0.0
8.51248 0.0
8.54082 0.0
8.56925 0.0
8.59777 0.0
8.6264 0.0
8.65511 0.0
8.68393 0.0
8.71284 0.0
8.74184 0.0
8.77094 0.0
8.80014 0.0
8.82944 0.0
8.85883 0.0
8.88832 0.0
8.91791 0.0
8.9476 0.0
8.97739 0.0
9.00727 0.0
9.03726 0.0
9.06734 0.0
9.09753 0.0
9.12785 0.0
9.15832 0.0
9.18889 0.0
9.21957 0.0
9.25034 0.0
9.28122 0.0
9.3122 0.0
9.34328 0.0
9.37447 0.0
9.40576 0.0
9.43716 0.0
9.46866 0.0
9.50027 0.0
9.53198 0.0
9.5638 0.0
9.59572 0.0
9.62775 0.0
9.65989 0.0
9.69213 0.0
9.72449 0.0
9.75695 0.0
9.78951 0.0
9.82219 0.0
9.85498 0.0
9.88787 0.0
9.92088 0.0
9.954 0.0
9.98722 0.0
10.0206 0.0
10.054 0.0
10.0876 0.0
10.1212 0.0
10.155 0.0
10.1889 0.0
10.2229 0.0
10.2571 0.0
10.2913 0.0
10.3256 0.0
10.3601 0.0
10.3947 0.0
10.4294 0.0
10.4642 0.0
10.4991 0.0
10.5342 0.0
10.5693 0.0
10.6046 0.0
10.64 0.0
10.6755 0.0
10.7112 0.0
10.7469 0.0
10.7828 0.0
10.8188 0.0
10.8549 0.0
10.8911 0.0
10.9275 0.0
10.964 0.0
11.0006 0.0
11.0373 0.0
11.0741 0.0
11.1111 0.0
11.1482 0.0
11.1854 0.0
11.2227 0.0
11.2602 0.0
11.2978 0.0
11.3355 0.0
11.3733 0.0
11.4113 0.0
11.4494 0.0
11.4876 0.0
11.526 0.0
11.5644 0.0
11.603 0.0
11.6418 0.0
11.6806 0.0
11.7196 0.0
11.7587 0.0
11.798 0.0
11.8374 0.0
11.8769 0.0
11.9165 0.0
11.9563 0.0
11.9962 0.0
12.0363 0.0
12.0764 0.0
12.1167 0.0
12.1572 0.0
12.1978 0.0
12.2385 0.0
12.2793 0.0
12.3203 0.0
12.3614 0.0
12.4027 0.0
12.4441 0.0
12.4856 0.0
12.5273 0.0
12.5691 0.0
12.6111 0.0
12.6532 0.0
12.6954 0.0
12.7378 0.0
12.7803 0.0
12.823 0.0
12.8658 0.0
12.9087 0.0
12.9518 0.0
12.9951 0.0
13.0384 0.0
13.082 0.0
13.1256 0.0
13.1694 0.0
13.2134 0.0
13.2575 0.0
13.3018 0.0
13.3462 0.0
13.3907 0.0
13.4354 0.0
13.4803 0.0
13.5253 0.0
13.5704 0.0
13.6157 0.0
13.6611 0.0
13.7067 0.0
13.7525 0.0
13.7984 0.0
13.8445 0.0
13.8907 0.0
13.937 0.0
13.9836 0.0
14.0302 0.0
14.0771 0.0
14.1241 0.0
14.1712 0.0
14.2185 0.0
14.266 0.0
14.3136 0.0
14.3614 0.0
14.4093 0.0
14.4574 0.0
14.5057 0.0
14.5541 0.0
14.6027 0.0
14.6514 0.0
14.7003 0.0
14.7494 0.0
14.7986 0.0
14.848 0.0
14.8976 0.0
14.9473 0.0
14.9972 0.0
15.0473 0.0
15.0975 0.0
15.1479 0.0
15.1985 0.0
15.2492 0.0
15.3001 0.0
15.3512 0.0
15.4024 0.0
15.4538 0.0
15.5054 0.0
15.5572 0.0
15.6091 0.0
15.6612 0.0
15.7135 0.0
15.7659 0.0
15.8185 0.0
15.8713 0.0
15.9243 0.0
15.9775 0.0
16.0308 0.0
16.0843 0.0
16.138 0.0
16.1919 0.0
16.2459 0.0
16.3002 0.0
16.3546 0.0
16.4092 0.0
16.4639 0.0
16.5189 0.0
16.574 0.0
16.6294 0.0
16.6849 0.0
16.7406 0.0
16.7964 0.0
16.8525 0.0
16.9088 0.0
16.9652 0.0
17.0218 0.0
17.0786 0.0
17.1357 0.0
17.1929 0.0
17.2502 0.0
17.3078 0.0
17.3656 0.0
17.4236 0.0
17.4817 0.0
17.5401 0.0
17.5986 0.0
17.6574 0.0
17.7163 0.0
17.7755 0.0
17.8348 0.0
17.8943 0.0
17.954 0.0
18.014 0.0
18.0741 0.0
18.1344 0.0
18.195 0.0
18.2557 0.0
18.3166 0.0
18.3778 0.0
18.4391 0.0
18.5007 0.0
18.5624 0.0
18.6244 0.0
18.6865 0.0
18.7489 0.0
18.8115 0.0
18.8743 0.0
18.9373 0.0
19.0005 0.0
19.0639 0.0
19.1275 0.0
19.1914 0.0
19.2554 0.0
19.3197 0.0
19.3842 0.0
19.4489 0.0
19.5138 0.0
19.5789 0.0
19.6443 0.0
19.7099 0.0
19.7756 0.0
19.8416 0.0
19.9079 0.0
19.9743 0.0
20.041 0.0
20.1079 0.0
20.175 0.0
20.2423 0.0
20.3099 0.0
20.3777 0.0
20.4457 0.0
20.514 0.0
20.5824 0.0
20.6511 0.0
20.7201 0.0
20.7892 0.0
20.8586 0.0
20.9282 0.0
20.9981 0.0
21.0682 0.0
21.1385 0.0
21.209 0.0
21.2798 0.0
21.3509 0.0
21.4221 0.0
21.4936 0.0
21.5654 0.0
21.6373 0.0
21.7096 0.0
21.782 0.0
21.8547 0.0
21.9277 0.0
22.0009 0.0
22.0743 0.0
22.148 0.0
22.2219 0.0
22.2961 0.0
22.3705 0.0
22.4452 0.0
22.5201 0.0
22.5952 0.0
22.6707 0.0
22.7463 0.0
22.8223 0.0
22.8984 0.0
22.9749 0.0
23.0516 0.0
23.1285 0.0
23.2057 0.0
23.2831 0.0
23.3609 0.0
23.4388 0.0
23.5171 0.0
23.5956 0.0
23.6743 0.0
23.7533 0.0
23.8326 0.0
23.9122 0.0
23.992 0.0
24.0721 0.0
24.1524 0.0
24.233 0.0
24.3139 0.0
24.3951 0.0
24.4765 0.0
24.5582 0.0
24.6402 0.0
24.7224 0.0
24.8049 0.0
24.8877 0.0
24.9708 0.0
25.0541 0.0
25.1377 0.0
25.2217 0.0
25.3058 0.0
25.3903 0.0
25.4751 0.0
25.5601 0.0
25.6454 0.0
25.731 0.0
25.8169 0.0
25.903 0.0
25.9895 0.0
26.0763 0.0
26.1633 0.0
26.2506 0.0
26.3382 0.0
26.4261 0.0
26.5144 0.0
26.6028 0.0
26.6916 0.0
26.7807 0.0
26.8701 0.0
26.9598 0.0
27.0498 0.0
27.1401 0.0
27.2307 0.0
27.3216 0.0
27.4128 0.0
27.5043 0.0
27.5961 0.0
27.6882 0.0
27.7806 0.0
27.8733 0.0
27.9663 0.0
28.0597 0.0
28.1533 0.0
28.2473 0.0
28.3416 0.0
28.4362 0.0
28.5311 0.0
28.6263 0.0
28.7219 0.0
28.8178 0.0
28.9139 0.0
29.0104 0.0
29.1073 0.0
29.2044 0.0
29.3019 0.0
29.3997 0.0
29.4978 0.0
29.5963 0.0
29.6951 0.0
29.7942 0.0
29.8936 0.0
29.9934 0.0
30.0935 0.0
30.194 0.0
30.2948 0.0
30.3959 0.0
30.4973 0.0
30.5991 0.0
30.7013 0.0
30.8037 0.0
30.9066 0.0
31.0097 0.0
31.1132 0.0
31.2171 0.0
31.3213 0.0
31.4258 0.0
31.5307 0.0
31.6359 0.0
31.7415 0.0
31.8475 0.0
31.9538 0.0
32.0604 0.0
32.1674 0.0
32.2748 0.0
32.3825 0.0
32.4906 0.0
32.5991 0.0
32.7079 0.0
32.817 0.0
32.9266 0.0
33.0365 0.0
33.1468 0.0
33.2574 0.0
33.3684 0.0
33.4798 0.0
33.5915 0.0
33.7036 0.0
33.8161 0.0
33.929 0.0
34.0423 0.0
34.1559 0.0
34.2699 0.0
34.3843 0.0
34.499 0.0
34.6142 0.0
34.7297 0.0
34.8456 0.0
34.9619 0.0
35.0786 0.0
35.1957 0.0
35.3132 0.0
35.4311 0.0
35.5493 0.0
35.668 0.0
35.787 0.0
35.9065 0.0
36.0263 0.0
36.1466 0.0
36.2672 0.0
36.3883 0.0
36.5097 0.0
36.6316 0.0
36.7539 0.0
36.8765 0.0
36.9996 0.0
37.1231 0.0
37.247 0.0
37.3714 0.0
37.4961 0.0
37.6212 0.0
37.7468 0.0
37.8728 0.0
37.9992 0.0
38.1261 0.0
38.2533 0.0
38.381 0.0
38.5091 0.0
38.6376 0.0
38.7666 0.0
38.896 0.0
39.0258 0.0
39.1561 0.0
39.2868 0.0
39.4179 0.0
39.5495 0.0
39.6815 0.0
39.8139 0.0
39.9468 0.0
40.0801 0.0
40.2139 0.0
40.3482 0.0
40.4828 0.0
40.6179 0.0
40.7535 0.0
40.8895 0.0
41.026 0.0
41.163 0.0
41.3004 0.0
41.4382 0.0
41.5765 0.0
41.7153 0.0
41.8545 0.0
41.9942 0.0
42.1344 0.0
42.275 0.0
42.4161 0.0
42.5577 0.0
42.6998 0.0
42.8423 0.0
42.9853 0.0
43.1288 0.0
43.2727 0.0
43.4171 0.0
43.5621 0.0
43.7075 0.0
43.8533 0.0
43.9997 0.0
44.1466 0.0
44.2939 0.0
44.4418 0.0
44.5901 0.0
44.7389 0.0
44.8883 0.0
45.0381 0.0
45.1884 0.0
45.3393 0.0
45.4906 0.0
45.6424 0.0
45.7948 0.0
45.9476 0.0
46.101 0.0
46.2549 0.0
46.4092 0.0
46.5642 0.0
46.7196 0.0
46.8755 0.0
47.032 0.0
47.189 0.0
47.3465 0.0
47.5045 0.0
47.6631 0.0
47.8221 0.0
47.9818 0.0
48.1419 0.0
48.3026 0.0
48.4638 0.0
48.6256 0.0
48.7879 0.0
48.9507 0.0
49.1141 0.0
49.278 0.0
49.4425 0.0
49.6076 0.0
49.7731 0.0
49.9393 2.634506776598485e-14
50.1059 2.6886644169490174e-14
50.2732 2.8005342297712424e-14
50.441 2.917466351662142e-14
50.6094 3.039400957556684e-14
50.7783 3.166290190330771e-14
50.9478 3.2988995987457034e-14
51.1178 3.451564419245172e-14
51.2884 3.619566139725636e-14
51.4596 3.795394889038044e-14
51.6314 3.980187844734345e-14
51.8037 4.1746688604598386e-14
51.9766 4.3791319046039776e-14
52.1501 4.614426985453004e-14
52.3242 4.8681893304088745e-14
52.4988 5.136233003950304e-14
52.6741 5.418387783196893e-14
52.8499 5.718500369553591e-14
53.0263 6.040335755787177e-14
53.2033 6.407368715959758e-14
53.3808 6.795527129244866e-14
53.559 7.212411292794203e-14
53.7378 7.653822395899317e-14
53.9171 8.119516753081585e-14
54.0971 8.64028834169323e-14
54.2777 9.211713943341315e-14
54.4588 9.825570344335128e-14
54.6406 1.0477534052275795e-13
54.823 1.117488851991601e-13
55.006 1.1993575919486897e-13
55.1896 1.3271284928155936e-13
55.3738 1.4760499443028078e-13
55.5586 1.6417456463740164e-13
55.7441 1.8259252667131525e-13
55.9301 2.0321629281881707e-13
56.1168 2.2961796073127946e-13
56.3041 2.6226211666057974e-13
56.492 2.995230942214826e-13
56.6806 3.4209478108758805e-13
56.8698 3.9062561976496477e-13
57.0596 4.4678595814123255e-13
57.25 5.102778847701013e-13
57.4411 5.832208027759377e-13
57.6329 6.666120433589449e-13
57.8252 7.621645138431364e-13
58.0182 8.719252947609362e-13
58.2119 9.96832225513419e-13
58.4062 1.1403304603082179e-12
58.6011 1.3047411623762854e-12
58.7967 1.4927083961326018e-12
58.993 1.7093350536165023e-12
59.1899 1.9561069831937887e-12
59.3874 2.2405025304213577e-12
59.5857 2.566010264545359e-12
59.7846 2.9388971447041424e-12
59.9841 3.3695422502910536e-12
60.1843 3.858748749409451e-12
60.3852 4.427147988657224e-12
60.5867 5.074981520948306e-12
60.789 5.822165217178361e-12
60.9919 6.68493216618908e-12
61.1955 7.689569798270033e-12
61.3997 8.862030463849032e-12
61.6046 1.0210829211756668e-11
61.8103 1.1764749506742184e-11
62.0166 1.3620012017380248e-11
62.2236 1.5989708888267478e-11
62.4313 1.882824662681857e-11
62.6396 2.2171164074295737e-11
62.8487 2.610690073125719e-11
63.0585 3.0776106189749394e-11
63.269 3.6207868975084513e-11
63.4801 4.260969073225864e-11
63.692 5.018937239511609e-11
63.9046 5.916521947796402e-11
64.1179 6.958860678571264e-11
64.3319 8.196750587518984e-11
64.5467 9.6509839447519e-11
64.7621 1.136806771305594e-10
64.9783 1.34067535909416e-10
65.1951 1.5773486459420772e-10
65.4127 1.8583762477675938e-10
65.6311 2.1890708010161264e-10
65.8501 2.5791470569630747e-10
66.0699 3.0426273320670224e-10
66.2905 3.5793987703227e-10
66.5117 4.2184281339263994e-10
66.7337 4.972838586841552e-10
66.9565 5.866566459139613e-10
67.18 6.904460843852966e-10
67.4042 8.138061848787775e-10
67.6292 9.593339559536563e-10
67.8549 1.1305221792645576e-09
68.0814 1.3342085581636231e-09
68.3086 1.570987984334918e-09
68.5366 1.8518675046822145e-09
68.7654 2.183122541516139e-09
68.9949 2.5767333163768504e-09
69.2252 3.0341885372539353e-09
69.4563 3.576623861059946e-09
69.6881 4.219165176195872e-09
69.9207 4.977623020429755e-09
70.1541 5.84482684105576e-09
70.3882 6.858491001812357e-09
70.6232 8.046865321159139e-09
70.8589 9.443784979009825e-09
71.0954 1.108554892658681e-08
71.3327 1.296672030721132e-08
71.5708 1.518763257202846e-08
71.8097 1.778873316807681e-08
72.0494 2.0844912704226035e-08
72.2899 2.4339913643334537e-08
72.5311 2.845184495548162e-08
72.7732 3.3269666250720845e-08
73.0161 3.888697438856202e-08
73.2598 4.5183749445836485e-08
73.5044 5.2553253469284104e-08
73.7497 6.11271961931789e-08
73.9959 7.009788844204183e-08
74.2429 7.306350702844225e-08
74.4907 7.493650822173758e-08
74.7393 7.685250769289429e-08
74.9888 7.987592370033893e-08
75.239 9.089541382865147e-08
75.4902 1.0540409190765828e-07
75.7422 1.222293309800497e-07
75.995 1.4187301007860984e-07
76.2486 1.6422378680456782e-07
76.5031 1.902977228032323e-07
76.7585 2.2049495504663963e-07
77.0147 2.5559241576007914e-07
77.2717 2.9510509561920935e-07
77.5296 3.407494564450779e-07
77.7884 3.933815376709351e-07
78.0481 4.5454569044544874e-07
78.3086 5.236188192486009e-07
78.5699 6.037300543322304e-07
78.8322 6.958318408823563e-07
79.0953 8.027262867971641e-07
79.3593 9.242618681337015e-07
79.6242 1.0650399399015119e-06
79.89 1.228547342320712e-06
80.1566 1.4119322482277857e-06
80.4242 1.6223045866770957e-06
80.6926 1.8640808523891725e-06
80.9619 2.1434286450876215e-06
81.2322 2.45659854960609e-06
81.5033 2.815884792851476e-06
81.7753 3.228010440495704e-06
82.0483 3.7039587652135174e-06
82.3222 4.240529625926378e-06
82.5969 4.857464305517168e-06
82.8726 5.571684674986604e-06
83.1492 6.374622106323141e-06
83.4268 7.300628219804485e-06
83.7052 8.35850860888566e-06
83.9846 9.574425957470058e-06
84.2649 1.0921836549405136e-05
84.5462 1.2464006715913029e-05
84.8284 1.422125926943081e-05
85.1115 1.6233377666114614e-05
85.3956 1.8490358515337925e-05
85.6806 2.1078016981173175e-05
85.9666 2.404185041389509e-05
86.2536 2.7339027625334336e-05
86.5415 3.108515151686325e-05
86.8303 3.5362776138800545e-05
87.1201 3.963570939458188e-05
87.4109 4.347106415212778e-05
87.7027 4.766386510863975e-05
87.9954 5.252096498397011e-05
88.2891 5.9225771077555785e-05
88.5838 6.714281827269804e-05
88.8795 7.61651951907948e-05
89.1761 8.621099616296118e-05
89.4738 9.766884229575051e-05
89.7724 0.00011061815594722069
90.0721 0.00012513677148381228
90.3727 0.0001406739765778579
90.6744 0.00015821550100049713
90.977 0.00017811077923862232
91.2807 0.00020068074150507157
91.5853 0.00022635741653653977
91.891 0.00025547454404847055
92.1977 0.00028790599010636005
92.5055 0.00032443529150928647
92.8142 0.0003654740467846772
93.124 0.00041187808417689664
93.4349 0.0004631425247981016
93.7467 0.0005212360027566424
94.0596 0.0005867580162131848
94.3736 0.000658741591854575
94.6886 0.0007400061642640929
95.0046 0.0008315629462569526
95.3217 0.0009328647517454136
95.6399 0.0010473271501538499
95.9591 0.0011761306205897433
96.2794 0.0013173808214182183
96.6008 0.0014759530865150277
96.9232 0.001654490321748803
97.2467 0.0018501931198252638
97.5713 0.0020695615178566483
97.897 0.0023099911998040383
98.2237 0.002353660575932383
98.5516 0.0022925151908019885
98.8805 0.0022338782495319866
99.2106 0.002357786765064229
99.5417 0.0026096415269899315
99.874 0.0028892527191412432
100.207 0.00313972186408115
100.542 0.003375922312468408
100.877 0.0036334715143148547
101.214 0.003982680352330149
101.552 0.0044185201080733155
101.891 0.004902987595408304
102.231 0.005433529027177934
102.572 0.006024013605679171
102.915 0.006681932035895023
103.258 0.007406717559072075
103.603 0.008215805121161365
103.948 0.00911657134211995
104.295 0.01009179149670337
104.644 0.011170795200319958
104.993 0.012372738547762642
105.343 0.013688289271428226
105.695 0.015147953475724858
106.048 0.016768207903210253
106.402 0.018521730556821294
106.757 0.02047408092675191
107.113 0.022603606247579268
107.471 0.024914121348402235
107.829 0.027482166877034732
108.189 0.030479460417321615
108.55 0.034056769423322024
108.913 0.03805350172036206
109.276 0.042042913621762594
109.641 0.046292601183862546
110.007 0.051010358707222724
110.374 0.056134277170051074
110.742 0.061830983524127234
111.112 0.06805618987420803
111.483 0.07474841394390429
111.855 0.08216588030894643
112.228 0.09022627119502066
112.603 0.09910874965852136
112.979 0.10865680163196992
113.356 0.11693533275049046
113.734 0.12541658557918767
114.114 0.13555212270168926
114.495 0.1485928008985971
114.877 0.1631006528352735
115.26 0.1787507302707389
115.645 0.1959112329162224
116.031 0.2148216713795769
116.418 0.23522946401353825
116.807 0.257656786172594
117.197 0.28190545793585586
117.588 0.30849293684797285
117.981 0.3375705713336255
118.374 0.36876323033041597
118.769 0.40310488137110567
119.166 0.4354478649499213
119.564 0.4628261198050249
119.963 0.4931721217291013
120.363 0.5355354316129669
120.765 0.5843957427072112
121.168 0.6377832771613827
121.572 0.6951330685485256
121.978 0.7582934378807763
122.385 0.8258364020779552
122.794 0.899249819091212
123.204 0.9779678346038777
123.615 1.0607456264118256
124.027 1.1517771763568263
124.441 1.2511371466382013
124.857 1.3602528622001502
125.274 1.477691579875054
125.692 1.605708585451413
126.111 1.693199672706836
126.532 1.662651169539016
126.954 1.6051427267336524
127.378 1.3503260078842814
127.803 1.1001515290853774
128.23 1.037156433380122
128.658 1.1137497980047504
129.087 1.198943477372282
129.518 1.2976704162894466
129.951 1.4060716355425944
130.384 1.5211676887266739
130.82 1.6467101330767826
131.256 1.7741405923326004
131.694 1.9086778259615826
132.134 2.0566073328706778
132.575 2.222561643925178
133.017 2.3921376349891434
133.461 2.521183142708005
133.907 2.654041836891868
134.354 2.843876388073827
134.802 3.0698476139735043
135.252 3.061187756692923
135.704 2.8682418658404516
136.157 2.8278276252746326
136.611 3.044581198824434
137.067 3.284384519108808
137.524 3.539382479508242
137.983 3.815483541332752
138.444 4.109429691264441
138.906 4.428627519616552
139.37 4.7667528308355145
139.835 5.134160163221684
140.302 5.52302123536841
140.77 5.943599046109483
141.24 6.080063159906405
141.711 5.927861155950001
142.184 6.005698582748867
142.659 6.445347233714554
143.135 6.921674515614785
143.613 7.425473384494647
144.092 7.969631824276016
144.573 8.544955906737245
145.056 9.167049457547321
145.54 9.82538035856629
146.026 10.53533450634207
146.513 11.282101518174798
147.002 12.086663670249864
147.493 12.941288698049487
147.985 13.863999812928625
148.479 14.834184835884628
148.974 15.871189640245095
149.472 16.971290282816653
149.971 18.162061901945723
150.471 19.38670921387828
150.973 20.714339196387673
151.477 22.116126180433213
151.983 23.632762323512875
152.49 25.235645456434316
152.999 26.951183941938265
153.51 28.750808395998916
154.022 30.64745604236383
154.536 32.381515162893535
155.052 34.26629381751831
155.57 36.50286315681669
156.089 38.93977409758577
156.61 41.48078369052998
157.133 43.67000290254797
157.657 44.59131718595438
158.183 46.196845387689194
158.711 49.18156097673865
159.241 52.38339477951649
159.773 55.73429493850377
160.306 52.38936557968362
160.841 45.015274108979554
161.378 42.729650333925804
161.916 42.8472738547381
162.457 45.770624372495796
162.999 49.34475074556477
163.543 50.19583883249835
164.089 52.1293582236379
164.637 59.589650865968885
165.186 67.54713385949141
165.738 74.23317938437707
166.291 84.95661507948431
166.846 101.88090185107053
167.403 145.75934916593286
167.962 208.08877293101818
168.522 147.41046265839952
169.085 100.55666864858406
169.649 99.78877196547161
170.215 84.56619192267287
170.783 52.3750461289415
171.353 63.840526328778104
171.925 118.19795551848307
172.499 138.65103558241677
173.075 149.96850242891068
173.653 178.0318970541751
174.232 191.79471676117944
174.814 176.729301876671
175.397 173.26608776551078
175.983 175.19706821420758
176.57 175.92394464467623
177.159 182.10111165346643
177.751 202.4226681449673
178.344 226.02555128661518
178.939 250.5262783425994
179.537 252.26717735692543
180.136 254.22845185762975
180.737 272.2210982584563
181.34 280.81948601031263
181.946 283.6960490717882
182.553 315.21865151073143
183.162 341.13554181604377
183.774 330.16433113598896
184.387 351.63517111656955
185.002 436.23673909221213
185.62 854.1700680921889
186.24 1035.8332419120245
186.861 517.1514368497674
187.485 450.86131831214817
188.111 494.4981314525589
188.739 539.9555032408723
189.368 580.6689187727924
190.001 613.9097543403439
190.635 621.459503258216
191.271 578.7375047251566
191.909 501.4674388028707
192.55 626.739552003842
193.193 786.6370774964663
193.838 803.102286140647
194.485 825.8256348312528
195.134 862.068091904387
195.785 922.9654907566985
196.438 955.9528912952898
197.094 969.5126089990769
197.752 974.3638403545498
198.412 1041.0333714043209
199.074 1146.5228672410065
199.739 1215.3085461202056
200.405 1274.192851841531
201.074 1316.9887562147421
201.745 1319.9007478443061
202.419 1622.8379054111188
203.094 2044.8303720597787
203.772 1749.2375087284802
204.453 1663.2306228823531
205.135 1708.9278380771098
205.82 1750.2121281563748
206.507 1835.985311496471
207.196 1797.4209526336292
207.887 1534.6590134591688
208.581 2158.30180628795
209.278 2810.9089255695335
209.976 2624.4027642758074
210.677 2556.8128705602076
211.38 2579.1318664685887
212.086 2661.714577057297
212.794 2782.242322549391
213.504 4160.961607302801
214.216 5166.499914665828
214.931 3181.896203612442
215.649 3158.6326742992974
216.369 3641.564051063177
217.091 4104.79621396801
217.815 3879.8406946614787
218.542 3893.861599594388
219.272 3920.196438481162
220.004 3851.746698437417
220.738 4306.429066367944
221.475 4832.051369620727
222.214 5181.059030891202
222.956 5144.02237120126
223.7 5206.774206883084
224.447 5361.742013755043
225.196 5600.560794033589
225.947 5917.739659873427
226.702 6283.696809790131
227.458 17010.643238645807
228.188 133641.72104119338
228.889 1003604.683000319
229.593 293658.8954291174
230.298 61691.31056503676
231.006 27139.22868002017
231.717 19001.753117996373
232.429 37697.19819690517
233.143 89640.89745232066
233.86 54388.92202216772
234.579 55530.28716135251
235.3 169081.5178521197
236.024 693485.2325271448
236.774 360023.93923805625
237.552 195170.54105659903
238.332 223720.385436312
239.114 263596.0565416042
239.9 41201.42490840641
240.688 429526.3667630224
241.478 223416.7598212638
242.271 146606.33282044518
243.067 1027206.786682411
243.865 632491.7368589434
244.666 614529.5286677431
245.47 895572.4033055065
246.276 771716.6685637187
247.085 214264.01451646842
247.896 225008.46156665994
248.71 612142.6461485939
249.527 1008193.8540913326
250.352 791472.7192046047
251.187 553728.7168312764
252.024 1292579.4227125684
252.863 1191045.4773899755
253.706 1523415.7126014163
254.551 1540651.004549039
255.399 633634.7331352145
256.25 325771.2944399805
257.104 1183660.5373897518
257.961 325973.238749364
258.82 252945.9144866963
259.683 601896.341330646
260.548 1250291.8314207846
261.416 835316.0438180105
262.287 436543.7505798329
263.161 1062977.2419985395
264.038 546598.0193319449
264.918 206504.7980082804
265.801 362218.9136210457
266.686 517528.4625599175
267.575 248911.03454070713
268.466 316662.52982355305
269.361 948781.6979633161
270.258 817319.0040672532
271.159 719191.5747277102
272.062 1232913.0217319033
272.969 942400.5445124414
273.878 1666748.648398372
274.791 1819530.6508233624
275.707 1855411.3953829752
276.625 1395677.7919353968
277.547 1063158.4846595514
278.472 1046796.7515248593
279.4 1156151.919850747
280.331 1373478.2353148067
281.265 1652863.0393412113
282.202 1691314.9408240884
283.142 1560255.9767443028
284.086 1395273.3375394896
285.032 1171649.5123831043
285.982 560435.378246209
286.935 1163146.480848201
287.891 943195.8149373116
288.85 1403548.0809775065
289.813 661442.405167647
290.778 912870.652878566
291.747 796739.1696510952
292.719 748860.3502066196
293.694 708375.7599721516
294.673 933612.6826487744
295.655 1024344.8622701258
296.64 1492802.1882019169
297.628 1548575.149368129
298.62 1318919.0350519805
299.615 1082355.219432753
300.613 1234668.5430611246
301.615 911427.7594815618
302.62 445102.5652050284
303.628 645744.4942325568
304.64 1450840.8781025703
305.655 1874397.8804510275
306.674 1306211.118186486
307.695 1495177.5241961952
308.721 1372435.0254136838
309.749 1700351.039289863
310.781 1871208.3071676118
311.817 1635153.1869873377
312.856 882038.7707642408
313.898 1250707.5192028508
314.944 1715679.551433309
315.994 1378757.5484712182
317.047 1018867.37720364
318.103 991700.1178747064
319.163 1306461.351466609
320.226 834829.8290495911
321.293 1397228.4566774399
322.364 1324130.6086947822
323.438 1192373.9056586637
324.516 1734370.5715468065
325.597 1767987.0310935986
326.682 1876630.026224145
327.77 1831928.3206514718
328.862 1574687.7437082883
329.958 1288560.0356199243
331.058 801801.1982927882
332.161 1011736.1359423662
333.268 1353329.472302556
334.378 1753613.7611011
335.492 1125101.2342706476
336.61 1249984.1229206764
337.732 1141286.1761359484
338.857 973757.0797161566
339.986 1019358.7591833246
341.119 1722040.414755663
342.255 1658602.135126839
343.396 1029433.2624817108
344.54 369170.2600185663
345.688 897973.7239308262
346.84 1690000.270373789
347.995 1462140.890315384
349.155 513871.4070002176
350.318 988094.7318353974
351.486 1535516.2803080687
352.657 913006.1311341581
353.832 412517.6929435139
355.011 1213018.9510402232
356.194 1090392.371975549
357.381 1089123.0764398412
358.571 1264277.5323177509
359.766 1669004.7019545094
360.965 1347886.5477891047
362.168 600617.1271994375
363.374 1072317.3121965623
364.585 1139083.5523858883
365.8 1306514.3874827912
367.019 844638.5714414319
368.242 1618603.0083807376
369.469 1699691.1980127445
370.7 1597665.4374064414
371.935 1403062.7945958422
373.174 1375313.542009659
374.418 611277.7640083943
375.665 1108284.293212702
376.917 504069.17734303564
378.173 350787.338184074
379.433 768261.0206624357
380.697 1247108.4269981298
381.966 333108.0648452669
383.238 1071028.717342134
384.515 1535344.6861868217
385.796 1702937.4275253422
387.082 1248255.3392989202
388.372 1620751.2029252944
389.666 1539859.2868834685
390.964 1701929.549044707
392.267 1700026.673400287
393.574 709685.6403783154
394.885 917026.905405323
396.201 1653440.8853923185
397.521 1221820.2165525507
398.846 1501255.6189067427
400.174 1594484.6271033166
401.508 1303908.0369420112
402.846 969857.1499183942
404.188 1512092.7264054196
405.535 1493077.5097197318
406.886 1716942.3212435695
408.242 1248422.2430963288
409.602 1222726.7451192793
410.967 1657957.899295395
412.336 1737063.802482418
413.71 1504214.6943210892
415.089 1323523.9268387768
416.472 936611.7508768201
417.859 1103002.0251788814
419.252 1402118.6367429737
420.649 1362987.7229211766
422.05 1497397.0124739574
423.456 1715767.8568833177
424.867 1687314.964635969
426.283 1138889.021380117
427.703 1168030.8824432064
429.128 1525592.8279376128
430.558 1553718.7821159305
431.993 1140863.2197296713
433.432 992577.2427986402
434.877 1538771.2425562344
436.326 1323168.0613204022
437.779 1502646.6074894033
439.238 799546.9901815
440.702 873670.9519567532
442.17 1500082.572540815
443.643 1051687.6887263237
445.122 716265.4081914523
446.605 1370832.3736158228
448.093 1326881.8029729226
449.586 1320138.0999984017
451.084 1620930.7320708337
452.587 1615083.404086295
454.095 1637952.4737366724
455.608 1279163.29454502
457.126 1275835.045083371
458.649 1170328.849484643
460.177 1297062.4915437854
461.711 665039.5913709936
463.249 1447704.0397872066
464.793 1623765.4586996378
466.341 1621980.8535472348
467.895 1611203.7106458503
469.454 1600033.1867575045
471.018 1553669.914454252
472.588 1498255.3013888933
474.163 1558878.303503019
475.742 1349606.7643833978
477.328 1437145.5974524054
478.918 1287118.2681731759
480.514 1215048.9302113552
482.115 1459930.1073972778
483.721 1712296.808583223
485.333 1521268.6348184422
486.95 1317680.3157864064
488.573 1044448.2290211756
490.201 1329521.1106134914
491.834 1525945.2741578463
493.473 1518321.7706485405
495.117 1527288.3024685616
496.767 1526446.2764391138
498.422 1520112.8527526278
500.083 1510861.3290002565
501.749 1507939.1818463223
503.421 1502513.56934513
505.098 1509590.1967767484
506.78 1520753.6942974706
508.468 1511571.766762755
510.161 1484309.4219166255
511.86 1342243.0552582871
513.565 1500252.9159646356
515.276 1491192.496244831
516.992 1461851.634326861
518.713 1399466.9229502175
520.441 1469932.2500527445
522.174 1467871.2249502928
523.913 1463801.2911265865
525.658 1376978.9519391926
527.409 1406279.219197516
529.165 1435372.0134878259
530.928 1439710.2901632702
532.696 1432959.2542238883
534.47 1396351.5664710146
536.25 1195363.4473418745
538.036 1327331.7307844905
539.828 1250121.8213120317
541.626 1096967.4523741226
543.43 788571.4568148947
545.24 1273946.506218062
547.056 1389197.7573983688
548.878 1293071.9003797653
550.706 1219322.2300770485
552.54 1276514.2468473543
554.38 1376152.325352925
556.226 1422972.3706050948
558.079 1309412.394144221
559.937 1295683.8881635966
561.802 993601.4742463398
563.673 1272181.9440221784
565.551 1182485.5385075395
567.434 883365.5659153156
569.324 954633.0504733688
571.22 1307251.7746366176
573.123 1491765.4492174427
575.031 1332578.6276095442
576.946 1301927.5549758757
578.868 1293247.984381423
580.796 1248426.3190094905
582.73 1109756.1403761103
584.671 1164305.1869953987
586.618 1392958.9199282697
588.572 1304777.2709206408
590.532 1266280.5751494477
592.499 1256756.0020652744
594.472 1251877.864144051
596.452 1243141.3564485784
598.438 1214432.1712283534
600.432 1166645.529418003
602.431 1210918.0122196376
604.438 1213155.9902260671
606.451 1172394.355142508
608.47 1166431.7364654727
610.497 1198361.7173628889
612.53 1210510.7484217335
614.57 1198969.1066347081
616.617 1191239.6049917866
618.671 1163844.7113586045
620.731 931100.7938134338
622.798 921936.3190619787
624.873 568410.8834034882
626.954 482048.4026480487
629.042 1173055.6735911914
631.137 1694302.2969141
633.239 1033186.9332197845
635.348 1200777.0988518598
637.464 1164151.4749321484
639.587 1086352.2301854854
641.717 1039187.625600403
643.854 1132033.110663699
645.998 1106803.6302631516
648.15 1110586.7547363325
650.309 1110454.6572588934
652.474 1104193.133442972
654.647 1090575.668986562
656.828 1091754.030323247
659.015 1088768.773334896
661.21 1085472.2730720327
663.412 1078384.5774332152
665.622 1074172.6273690807
667.839 1069033.2410013136
670.063 905207.4708734459
672.294 628041.2120971167
674.533 993304.839662291
676.78 1045283.357067614
679.034 1041194.599526923
681.295 1005656.9022878364
683.564 1030297.59411466
685.841 888673.0191513683
688.125 983152.9371200743
690.417 1013069.5965218212
692.716 1016382.1490760597
695.023 1009077.3796222976
697.338 1003919.1573227252
699.661 992775.9284339338
701.991 981397.271478053
704.329 986494.617805461
706.675 979948.2299155231
709.028 980253.1585706499
711.39 973453.2617078248
713.759 970222.3244888491
716.136 966708.4855011957
718.521 948582.1004382728
720.914 956803.0689789291
723.315 948687.4529724583
725.724 948434.3214499035
728.141 936049.6947494051
730.566 720635.6100281148
732.999 907481.4913831772
735.44 925902.3943134636
737.89 923112.9650540511
740.347 919197.7830523219
742.813 908789.8879196114
745.287 894775.2686671367
747.769 904453.0526545065
750.259 895568.6220719699
752.758 845411.0861426337
755.265 596891.4933073771
757.781 568561.7027093162
760.304 677522.1341665371
762.837 755996.5413270686
765.377 878702.8213367155
767.926 880438.7315001005
770.484 791864.4825020424
773.05 805548.1789244739
775.624 826448.991568351
778.208 850441.4585193434
780.799 842774.2820542724
783.4 812075.3173782595
786.009 781304.1864789228
788.627 811489.8912015675
791.253 866700.7310465932
793.888 830202.9600508112
796.532 815837.6055676531
799.185 811288.4788987117
801.847 807546.7161909693
804.517 804866.6643943934
807.197 800892.5638485386
809.885 795639.3729768532
812.583 790669.8526592085
815.289 787530.0013101747
818.004 782860.7235476243
820.728 779238.1071416854
823.462 774353.9122337425
826.204 770512.1049766347
828.956 763897.5926496353
831.717 756307.8896541916
834.487 740449.1718257464
837.266 751797.4878998938
840.054 748301.6652246998
842.852 744072.0716572732
845.659 740359.6455725856
848.476 729975.1726061675
851.302 730267.6060064487
854.137 727105.5757470621
856.981 724202.1066299792
859.836 716664.4761699231
862.699 710631.8639756367
865.573 703416.1632597053
868.455 707857.9351075096
871.348 703578.1629524856
874.25 692347.9597853653
877.161 686216.6919136805
880.083 688475.6669570635
883.014 684286.3133391293
885.955 683200.894755728
888.905 679514.966253166
891.866 675609.4364652209
894.836 671722.9982679877
897.816 667620.746695249
900.806 663538.2719391367
903.806 658777.9019839873
906.817 652418.7417497862
909.837 661110.0004202226
911.553 968816.9729051866
913.273 1301895.2080655992
916.322 1317047.4448197007
919.38 1155843.9562888264
922.449 779933.0900370603
925.528 1164275.055421192
928.618 1236213.1015688053
931.718 1138708.6551218203
934.828 1277001.2571803485
937.948 975408.0195971094
941.079 1218713.8737545877
944.22 1221557.1599671794
947.372 1193311.7777161899
950.534 962264.9244565828
953.707 1195297.7096050563
956.891 1178581.6544178843
960.085 1066083.3583053502
963.29 1174023.6696084896
966.505 1156636.699741542
969.731 1146070.7800805809
972.968 1086526.4899681152
976.216 1119932.5411255057
979.475 1106774.811148332
982.744 1115285.8680362436
986.025 1059567.2249542214
989.316 991250.6111236
992.618 1076039.1433978619
995.932 1022238.024685034
999.256 1076051.2143625156
1002.59 1070381.863329412
1005.94 1036946.2867385785
1009.3 983107.9798838417
1012.67 984822.0783538787
1016.05 987965.7525453066
1019.44 961184.4516518357
1022.84 951419.2634739231
1026.25 705791.0850346494
1029.68 754067.1320551658
1033.12 962317.9459660762
1036.57 904380.2713050619
1040.03 1041822.9826969483
1043.5 978951.7622141512
1046.98 962459.22118778
1050.48 952660.0462043915
1053.98 942526.8280212969
1057.5 931052.1093613826
1061.03 899243.7975962227
1064.57 897250.5285799749
1068.13 890139.8248085509
1071.69 896411.8316712208
1075.27 891290.0056053066
1078.86 874701.0262281537
1082.46 868309.6475066612
1086.07 837377.1475363276
1089.7 853310.3552433176
1093.33 854722.9323005578
1096.98 841547.8645503966
1100.65 839522.0352955636
1104.32 831228.3126897211
1108.01 749190.5037193629
1111.7 812124.9856145098
1115.42 799063.8592498587
1119.14 801678.3101809343
1122.87 773758.5049505351
1126.62 756831.6719155221
1130.38 752467.8883162532
1134.16 772024.412715914
1137.94 761533.1174213701
1141.74 752755.8185491468
1145.55 742745.361736486
1149.38 740652.4920452137
1153.21 736021.100255578
1157.06 727413.7433135263
1160.92 722117.4780968302
1164.8 704033.4253260156
1168.69 645420.8748684414
1172.59 696527.9262202176
1176.5 592408.7428005732
1180.43 689626.321156887
1184.37 644231.0756334469
1188.32 678368.0979321882
1192.29 668022.4458964624
1196.27 660199.04630813
1200.26 647521.5044765212
1204.27 643119.5211509276
1208.29 632997.7699033669
1212.32 620869.0433068038
1216.37 569839.287484795
1220.43 603947.9411247174
1224.5 603678.3385785742
1228.59 556138.656804693
1232.69 407072.9959621357
1236.81 473384.86614191416
1240.94 646232.2944452442
1245.08 706761.8617317191
1249.23 619789.941765149
1253.4 586290.2483364842
1257.59 606890.8915511228
1261.79 601303.3304383364
1266.0 596986.02298577
1270.22 589147.2778420235
1274.46 591326.4302810038
1278.72 580234.5592589047
1282.99 583545.0097934289
1287.27 576444.8800451754
1291.57 577113.580636633
1295.88 540700.1409451517
1300.2 551789.2382995565
1304.54 559156.1350873597
1308.9 561416.1971206681
1313.27 557011.6989142862
1317.65 552356.9988252402
1322.05 524283.74375959724
1326.46 542445.7323588366
1330.89 531812.6608895537
1335.33 527184.5852732729
1339.79 537111.5127732712
1344.26 516414.25504922867
1348.75 528229.7614722056
1353.25 523755.3621014364
1357.77 512760.4884864593
1362.3 495930.4467866145
1366.85 480872.5744017387
1371.41 487028.0793807517
1375.99 490346.4652918583
1380.58 492103.029669819
1385.19 493350.081877851
1389.81 466138.6246302388
1394.45 481091.15617208014
1399.11 478330.28203682083
1403.78 477234.9098312474
1408.46 446549.25089206296
1413.16 470646.2551852516
1417.88 437492.63708461454
1422.61 456981.29809837125
1427.36 455259.1464638967
1432.13 434170.8670655728
1436.91 449315.4020339988
1441.7 423097.42023960815
1446.52 440468.81424413587
1451.34 435854.28628125176
1456.19 429504.5079633784
1461.05 414266.4536862545
1465.93 426219.8583757805
1470.82 405636.5957716068
1475.73 419849.90930364147
1480.66 416357.2355041895
1485.6 412741.2735829874
1490.56 408723.53363539657
1495.53 405417.74889440025
1500.53 390225.94915371295
1505.53 397032.53116130765
1510.56 394337.21562781674
1515.6 387203.6497552555
1520.66 386479.2720690782
1525.74 383957.2999033532
1530.83 377885.23833497707
1535.94 377046.0453364922
1541.07 368718.0775320369
1546.21 365325.30114051636
1551.37 344371.8111286018
1556.55 363101.0064147994
1561.75 359482.88518090924
1566.96 354089.69339178316
1572.19 348326.73485806736
1577.44 344056.5740169254
1582.7 347115.74610462645
1587.99 344050.3673199008
1593.29 342058.6397266502
1598.61 338106.9511934378
1603.94 330241.17224056274
1609.3 331047.99972011114
1614.67 327929.00028478116
1620.06 323656.80386111717
1625.47 312303.95061916165
1630.89 317010.08196923125
1636.33 323473.298009172
1641.8 320406.33568558237
1647.28 313921.3667238167
1652.78 307804.5009976744
1658.29 303740.3650190813
1663.83 302653.2210994317
1669.38 299223.52429129597
1674.95 293582.33438793494
1680.55 294485.0925989772
1686.16 291626.327458649
1691.78 288546.9998946452
1697.43 285729.15738369495
1703.1 282924.2306871004
1708.78 279403.72562684887
1714.49 275770.26529747905
1720.21 272658.3153070916
1725.95 271496.7190016828
1731.71 269623.74662438483
1737.49 265579.7292126505
1743.29 264455.8490285399
1749.11 261277.33501551553
1754.95 259312.09350876638
1760.81 255917.98560369934
1766.69 254330.07539151172
1772.58 251323.84392358857
1778.5 249279.331116981
1784.44 247016.54526514397
1790.39 244070.23706248018
1796.37 241014.91984232055
1802.37 239959.50067298592
1808.38 237861.11145384103
1814.42 234968.10098259465
1820.48 232789.61310942826
1826.55 230844.27247730712
1832.65 228682.9240942547
1838.77 226428.62773429413
1844.9 223610.80316638778
1851.06 221004.40750985243
1857.24 219188.52735155117
1863.44 217715.99338890193
1869.66 215478.65597511388
1875.9 213461.26883538248
1882.16 210485.53346759963
1888.45 207466.9442937901
1894.75 205393.24113429137
1901.07 204309.4626396133
1907.42 202629.57546850684
1913.79 200623.0589918987
1920.18 197707.59795684615
1926.59 196220.8627362274
1933.02 193878.86539181857
1939.47 191977.28279341495
1945.94 191285.02570374255
1952.44 187136.09748233223
1958.96 186870.24515503764
1965.49 185297.72111013686
1972.06 183640.48522888919
1978.64 181665.70500627247
1985.24 179598.4993415986
1991.87 177019.41190972287
1998.52 175821.57933871826
2005.19 173996.60857268918
2011.88 172197.8810225398
2018.6 170924.576221795
2025.34 169034.05577883677
2032.1 167259.13473426603
2038.88 164265.34471349206
2045.69 163857.4769010207
2052.51 165399.63935273758
2059.37 163876.8416858899
2066.24 162254.9269249864
2073.14 160446.62629268726
2080.06 158953.4822523528
2087.0 157165.8196877133
2093.97 155396.03998199292
2100.96 154352.1889983459
2107.97 152307.86391019105
2115.01 151186.56873789197
2122.07 149980.8959562197
2129.15 148488.84140781872
2136.26 146918.07378697878
2143.39 145459.88795538066
2150.54 144117.64050738784
2157.72 142791.96348035522
2164.92 141278.30898187959
2172.15 140071.4564243079
2179.4 138595.02588257514
2186.68 137424.98503258394
2193.97 136077.78830744274
2201.3 134843.90251433244
2208.65 133536.79091201688
2216.02 132335.97285220702
2223.42 131049.2128660217
2230.84 129953.54842867487
2238.28 128789.50978135155
2245.76 127621.22412891412
2253.25 126473.6450900271
2260.77 125360.54290108387
2268.32 124211.57101972892
2275.89 123115.14325314402
2283.49 122079.29493922173
2291.11 121003.61578963118
2298.76 119851.37973556698
2306.43 118861.06408191555
2314.13 117811.13414287088
2321.86 116758.21593570324
2329.61 115678.73645660064
2337.38 114771.77984674902
2345.18 113590.66705607741
2353.01 112701.77231076283
2360.87 111772.26347235398
2368.75 110867.16980395201
2376.65 109827.55619515174
2384.59 108872.73398463629
2392.55 108010.07431577856
2400.53 106993.83639081464
2408.55 106149.45760916983
2416.59 105205.64628198929
2424.65 104325.21991727792
2432.75 103375.81634570051
2440.87 102520.54737635863
2449.01 101625.32115028272
2457.19 100833.69125373007
2465.39 99877.37076810998
2473.62 99041.57191647706
2481.88 98134.00072930736
2490.16 97269.65782806341
2498.47 96512.07384035664
2506.81 95650.62098339855
2515.18 94819.83787413925
2523.58 93949.99249333447
2532.0 93197.67899753297
2540.45 92390.46129637792
2548.93 91572.31312903359
2557.44 90849.10638309119
2565.98 90068.43118536472
2574.54 89308.96162661896
2583.14 88553.54486699672
2591.76 87816.07902938785
2600.41 86824.98509724576
2609.09 85874.87860678305
2617.8 85194.31537430923
2626.54 84447.76557821892
2635.31 83688.38735571354
2644.1 83030.78940450052
2652.93 82334.95363119291
2661.79 81609.73113793101
2670.67 80933.88573707991
2679.59 80225.00719278718
2688.53 79571.25975819452
2697.5 78869.83470841576
2706.51 78227.41923477009
2715.54 77561.57437767701
2724.61 76893.30847391435
2733.7 76300.65041737622
2742.83 75629.92923836429
2751.98 74950.50959144357
2761.17 74396.25412667842
2770.39 73778.36841948093
2779.63 73152.69037631544
2788.91 72549.55224330771
2798.22 71900.7863193154
2807.56 71354.67374374843
2816.93 70765.14107783504
2826.34 70151.81379597851
2835.77 69607.25661275492
2845.24 69028.40447923527
2854.73 68461.74848260763
2864.26 67916.86672118102
2873.82 67359.9032505887
2883.42 66830.46224730775
2893.04 66289.67097038454
2902.7 65757.72534529705
2912.39 65243.05500990627
2922.11 64716.749463951506
2931.86 64184.884268052905
2941.65 63643.87981949409
2951.47 63161.394878235806
2961.32 62674.60038288013
2971.21 62172.81518122491
2981.12 61687.33163279811
2991.08 61200.856940319616
3001.06 60724.21838612888
3011.08 60246.653379196665
3021.13 59782.66015445732
3031.21 59322.8721573612
3041.33 58862.86818825435
3051.48 58412.20056809661
3061.67 57965.61660488401
3071.89 57511.009152182385
3082.14 57077.1689968157
3092.43 56639.71451994224
3102.75 56214.219658579146
3113.11 55792.23891075782
3123.5 55301.97993206995
3133.93 54857.99668884884
3144.39 54452.53284402059
3154.89 54042.27746703674
3165.42 53636.22736282404
3175.98 53241.730649943594
3186.58 52835.92840917252
3197.22 52456.91012714912
3207.89 52075.660542205944
3218.6 51688.99072736889
3229.34 51311.29203628527
3240.12 50937.292455056304
3250.94 50573.30583697489
3261.79 50206.80830416176
3272.68 49846.35110496888
3283.6 49487.888627475055
3294.56 49131.62461615979
3305.56 48784.88965246356
3316.6 48434.04058075046
3327.67 48088.3702103646
3338.77 47759.16696169725
3349.92 47420.13197572436
3361.1 47084.45189036921
3372.32 46748.68554590814
3383.58 46429.138266649104
3394.87 46108.704926565784
3406.2 45795.88274195886
3417.57 45359.75093117902
3428.98 44219.03542597849
3440.43 43925.20550073797
3451.91 43620.82351409207
3463.43 43319.172727712925
3475.0 43014.66938575532
3486.6 42716.40068541534
3498.23 42428.037145794384
3509.91 42135.95448114281
3521.63 41850.81137368095
3533.38 41555.69384712812
3545.18 41278.89368794655
3557.01 40996.01889243123
3568.88 40715.97643680431
3580.8 40445.12153453073
3592.75 40166.42820373668
3604.74 39902.52176585651
3616.77 39638.76021170337
3628.85 39372.75527248126
3640.96 39123.1551079701
3653.12 28109.737080567735
3665.31 27895.84814403394
3677.55 27557.261492161273
3689.83 27146.5796277875
3702.14 26863.29833991287
3714.5 26604.169090860374
3726.91 26290.013027012166
3739.35 26078.90193479549
3751.83 25779.28690645725
3764.36 25698.503105733038
3776.92 25391.018395330593
3789.53 25323.664738421074
3802.19 24796.64310450203
3814.88 24950.501961195154
3827.62 24549.261789240936
3840.39 24090.29650810433
3853.21 24287.926036219782
3866.08 24104.175991380922
3878.99 23676.217743637102
3891.94 23085.400856051125
3904.93 23307.098720359118
3917.97 23181.187131086732
3931.05 22939.127644350545
3944.17 22718.83327810713
3957.34 22373.405277268845
3970.55 21749.68188590472
3983.81 21903.33073006166
3997.11 21829.687087368373
4010.45 21637.056405800096
4023.84 21357.176874162375
4037.27 21219.167991797985
4050.75 21015.1495247363
4064.27 20797.22333465329
4077.84 20552.98858319471
4091.46 20199.716254527244
4105.12 19669.754570334982
4118.82 19871.70727220349
4132.57 19772.68821954925
4146.37 19588.624142794895
4160.21 19417.317793780636
4174.1 19224.208782285958
4188.04 19043.555066337816
4202.02 18861.999794144496
4216.05 18676.900676791178
4230.12 18490.787688280678
4244.25 18309.27463299299
4258.41 18132.507347952793
4272.63 17950.812022089707
4286.9 17780.50530845159
4301.21 17595.94855849812
4315.57 17396.986827481087
4329.98 17101.429069743994
4344.43 16757.626894070912
4358.93 16851.350922467263
4373.49 16751.582613169667
4388.09 16576.525660274998
4402.74 16449.629413907704
4417.44 16300.155307653484
4432.18 16143.379509127164
4446.98 15990.858458955583
4461.83 15833.674759790334
4476.72 15638.03346260757
4491.67 15536.231533713832
4506.67 15392.76224627824
4521.71 15248.385992363379
4536.81 15097.635473383463
4551.95 14959.321236154821
4567.15 14817.605688156724
4582.4 14678.702175234022
4597.7 14538.22612854269
4613.05 14404.557937158774
4628.45 14269.506177001582
4643.9 14133.677314180037
4659.4 14029.871239197726
4674.96 14003.535286831055
4690.57 13917.82050368729
4706.23 13683.947448511144
4721.94 13483.529637391097
4737.7 13360.157851149132
4753.52 13240.399335697348
4769.39 13114.37936691842
4785.31 12992.704870808397
4801.29 12873.191853064862
4817.32 12747.902533349727
4833.4 12613.619254529047
4849.54 12420.171440106798
4865.73 12202.192815541111
4881.97 12238.661257882306
4898.27 12167.4708683857
4914.62 12058.997391371418
4931.03 11946.835680930453
4947.49 11849.524897714758
4964.01 11744.681570051578
4980.58 11639.77971278991
4997.21 11535.492235135072
5013.89 11363.762623729468
5030.63 11325.823063167594
5047.43 11222.46166755732
5064.28 11126.05268051105
5081.18 11026.150204771257
5098.15 10928.600593742169
5115.17 10828.86425487773
5132.25 10732.606247984197
5149.38 10634.455884945619
5166.57 10539.844623687179
5183.82 10448.753109901654
5201.13 10356.546170914027
5218.49 10265.754729443146
5235.91 10173.554140780678
5253.39 10085.572213127105
5270.93 9994.99427576634
5288.53 9906.918117878855
5306.18 9823.641664399604
5323.9 9734.67512088528
5341.67 9647.43611637014
5359.51 9567.534783524308
5377.4 9486.222827566758
5395.35 9403.397123955776
5413.36 9317.144168388328
5431.44 9238.774884007526
5449.57 9159.22691805147
5467.76 9082.8410784763
5486.02 9002.598995469609
5504.33 8922.74028759787
5522.71 8849.380451988445
5541.15 8772.141111536223
5559.65 8696.28804612822
5578.21 8625.886527093624
5596.83 8546.1622095965
5615.52 8478.888761235608
5634.26 8409.291552784245
5653.07 8337.135170235451
5671.95 8266.212061643775
5690.88 8202.730967497795
5709.88 8137.700434163744
5728.95 8073.813355602524
5748.07 8003.742992089358
5767.26 7936.6307355396
5786.52 7870.080742083039
5805.83 7805.889072797721
5825.22 7742.542545875045
5844.66 7677.113195500834
5864.18 7610.704592345097
5883.76 7541.581619795506
5903.4 7486.575830350377
5923.11 7426.887713822947
5942.88 7365.394004724783
5962.72 7305.180491294232
5982.63 7243.945590934511
6002.6 7186.371339290593
6022.64 7126.541261451413
6042.75 7070.204064599067
6062.92 7011.224868597311
6083.16 6955.5107181370895
6103.47 6896.451220786396
6123.85 6843.086978485355
6144.29 6787.051991012753
6164.81 6731.722642646335
6185.39 6678.0207729917765
6206.04 6625.3548648831675
6226.76 6570.488303347444
6247.55 6520.128216747585
6268.4 6466.407330718314
6289.33 6416.661516749273
6310.33 6367.003757357899
6331.39 6314.950490708832
6352.53 6264.345474521817
6373.74 6215.619897758259
6395.02 6167.099417618858
6416.37 6118.2798090972865
6437.79 6068.608372671291
6459.28 6019.884886745283
6480.85 5974.311573491561
6502.48 5928.029677517088
6524.19 5878.120670377848
6545.97 5816.4197273020145
6567.83 5804.420604139137
6589.76 5735.988628727946
6611.76 5699.848281100423
6633.83 5652.891735618447
6655.98 5607.87466442597
6678.2 5559.949220483753
6700.49 5521.5515624210075
6722.86 5480.498455640155
6745.31 5439.512922110534
6767.83 5398.401868441544
6790.42 5354.629855572439
6813.09 5316.727800826396
6835.84 5274.5972932018985
6858.66 5235.1718751634635
6881.56 5194.875550701725
6904.53 5157.630895967563
6927.58 5118.520826556517
6950.71 5080.243097735688
6973.91 5042.54886867498
6997.2 5003.318917340564
7020.56 4966.935090862229
7044.0 4928.01955402623
7067.51 4890.590406772552
7091.11 4855.870068947624
7114.78 4819.767031132997
7138.53 4783.935185437457
7162.37 4749.466783282072
7186.28 4713.923577740927
7210.27 4678.906207805188
7234.34 4645.74114801786
7258.49 4611.926756833439
7282.73 4577.818315262871
7307.04 4543.443950742646
7331.44 4511.283265402459
7355.91 4479.419012594184
7380.47 4446.316509406671
7405.11 4414.365053957824
7429.83 4382.458059628541
7454.64 4349.565630114837
7479.52 4316.532031574938
7504.49 4285.135357229562
7529.55 4255.062099370198
7554.69 4224.227319153223
7579.91 4193.940719243578
7605.21 4164.704347632809
7630.6 4135.455802230745
7656.08 4106.312903139156
7681.64 4076.798850919656
7707.28 4047.2435742264825
7733.01 4018.8536081684847
7758.83 3990.2805429417012
7784.73 3962.6420943571584
7810.72 3936.0833689782444
7836.8 3901.7713067025866
7862.96 3850.8351185100473
7889.21 3823.902961342087
7915.55 3797.3584684033394
7941.98 3771.3177979825878
7968.49 3744.449585671974
7995.1 3718.2650835183613
8021.79 3692.495196793162
8048.57 3665.8577221656838
8075.44 3641.6101801698187
8102.4 3616.5546641432716
8129.45 3591.847905636783
8156.59 3566.961612018358
8183.82 3534.4732525927466
8211.14 2924.493081148121
8238.56 2658.4496633911504
8266.06 2633.086457545316
8293.66 2609.499560359698
8321.35 2588.288990695373
8349.13 2568.85282379024
8377.0 2548.2637388315547
8404.97 2528.531280417813
8433.03 2508.155279831025
8461.18 2488.136355339007
8489.43 2468.2953884877193
8517.77 2448.90559740901
8546.21 2427.4764707841478
8574.74 2412.1447227793806
8603.37 2389.3627870175205
8632.09 2376.348843882881
8660.91 2349.2223925162816
8689.83 2338.770306414197
8718.84 2323.3689501796025
8747.94 2294.137981192548
8777.15 2285.6172197178666
8806.45 2272.7647516110537
8835.85 2252.212993482871
8865.35 2221.794213042943
8894.95 2218.2921841746465
8924.65 2205.147524423958
8954.44 2188.756525611607
8984.34 2168.688926828616
9014.33 2136.8126881525914
9044.42 2134.258219701429
9074.62 2120.994921058767
9104.92 2107.41651344837
9135.31 2091.835156376507
9165.81 2075.358591471143
9196.41 2057.0240203498356
9227.11 2027.8606721533336
9257.92 2023.734050187896
9288.83 2013.5723904155248
9319.84 1999.2951422283365
9350.95 1984.7614175220297
9382.17 1970.0247746014313
9413.49 1955.1253247361306
9444.92 1940.677484599602
9476.45 1925.6908248973982
9508.09 1909.424259448303
9539.83 1900.1413346538661
9571.68 1877.7886967417444
9603.64 1868.958280133491
9635.7 1855.9346963579483
9667.87 1842.7721749385587
9700.14 1829.2620999996093
9732.53 1816.0886719881823
9765.02 1802.7617361120815
9797.62 1789.579516138781
9830.33 1776.547161471709
9863.15 1763.6234506900078
9896.08 1750.7381808655377
9929.12 1738.2404394932096
9962.27 1725.3109855811572
9995.53 1712.1490003683066
10028.9 1695.1532704805506
10062.4 1679.0664682019235
10096.0 1674.7169612900611
10129.7 1663.9274702148211
10163.5 1652.3979439884308
10197.4 1640.7637126910274
10231.5 1629.198990642234
10265.6 1617.5775362180552
10299.9 1606.0695251299012
10334.3 1594.703623149178
10368.8 1583.3370590914574
10403.4 1572.1742064720202
10438.1 1561.064363283712
10473.0 1550.1171408833975
10508.0 1539.259789714773
10543.0 1528.3294231548907
10578.2 1517.6748164950473
10613.5 1507.1491784915938
10649.0 1496.5001229456973
10684.5 1485.823479856807
10720.2 1475.5840858230085
10756.0 1465.4205325771559
10791.9 1454.9973840166258
10827.9 1434.39129035113
10864.1 1434.4479751316865
10900.3 1423.1287483784174
10936.7 1406.6699796310284
10973.3 1402.8642402027426
11009.9 1394.9696956264436
11046.6 1385.7119772961382
11083.5 1376.5049516153283
11120.5 1367.1010426451676
11157.7 1357.6686363157978
11194.9 1348.5045456154753
11232.3 1339.3630834268843
11269.8 1330.2094931933725
11307.4 1320.9398832030615
11345.2 1312.1588396378895
11383.0 1303.1437557707304
11421.0 1294.3910709759834
11459.2 1285.649195528123
11497.4 1276.8332888473183
11535.8 1268.206651881234
11574.3 1259.6190263643407
11613.0 1251.0494907339187
11651.7 1242.7816453566345
11690.6 1234.425606846745
11729.7 1226.1033320106458
11768.8 1217.743769632811
11808.1 1209.597234167095
11847.5 1201.482105850543
11887.1 1193.3547256401628
11926.8 1185.5586087066827
11966.6 1177.4179937895726
12006.5 1169.8208681919427
12046.6 1162.082220108404
12086.8 1154.231257110942
12127.2 1146.5437828006259
12167.7 1139.1310751234498
12208.3 1131.382875507267
12249.1 1124.0043483482398
12289.9 1116.5047328877533
12331.0 1109.140558152748
12372.1 1101.8757970723268
12413.5 1094.6228853930404
12454.9 1087.3467955707727
12496.5 1079.9583560039098
12538.2 1072.6832551344573
12580.1 1065.6856992873693
12622.1 1058.6596083448267
12664.2 1051.820158589319
12706.5 1044.9093978299202
12748.9 1037.7824563280903
12791.5 1029.688012783075
12834.2 1015.6180166602594
12877.0 1017.3632980932314
12920.0 1011.2139148732169
12963.1 1004.4814875470483
13006.4 998.0995748445912
13049.8 991.7029711014316
13093.4 985.4274625239418
13137.1 978.862674266386
13181.0 972.5323504195306
13225.0 966.2836280122785
13269.1 960.0350579892213
13313.4 953.8040610290752
13357.9 947.7945411329582
13402.5 941.7551944345565
13447.2 935.5512207526921
13492.1 929.631790439924
13537.2 923.6438939580489
13582.3 917.6614749052052
13627.7 911.6018166040294
13673.2 905.8301374774535
13718.8 900.0222990376885
13764.6 894.3065559221861
13810.6 888.5704741074942
13856.7 882.9111675788747
13903.0 877.1661475546015
13949.4 871.6241125474869
13995.9 866.1693980576914
14042.7 860.658651177591
14089.6 854.3935940324648
14136.6 847.3430197492122
14183.8 842.0064861425843
14231.1 836.5698368372205
14278.7 831.385349836073
14326.3 826.0856792485766
14374.2 820.8926263443857
14422.1 815.6990068982393
14470.3 810.4489386392918
14518.6 805.4149214578624
14567.1 789.9331827117859
14615.7 674.0108092844167
14664.5 669.4360793107833
14713.5 664.7112491205501
14762.6 660.2823842517328
14811.9 656.0074042237774
14861.3 651.7245824099248
14910.9 647.5361577828801
14960.7 643.3858697088729
15010.7 639.1005892009831
15060.8 634.9511841973775
15111.0 630.8251191582639
15161.5 626.8525964010774
15212.1 622.7780115424545
15262.9 618.8049550800476
15313.9 614.7129878282997
15365.0 610.7809947159184
15416.3 606.7717652387894
15467.7 603.0298089864787
15519.4 599.0166663577648
15571.2 594.9993571764852
15623.2 591.3508768163167
15675.3 587.5083430869939
15727.7 583.5331358416024
15780.2 580.0761039523659
15832.9 576.2856041177374
15885.7 572.2255891950673
15938.8 569.0088027801603
15992.0 565.4781339779977
16045.4 561.7493119323638
16098.9 557.72846500739
16152.7 554.3667199405518
16206.6 551.231383733172
16260.7 547.6976702270852
16315.0 544.1577580805917
16369.5 540.3688575560577
16424.1 536.5250496687144
16478.9 533.7834590164667
16534.0 530.5385873423842
16589.2 527.2053746683625
16644.5 523.9405196067947
16700.1 520.430497467681
16755.9 516.8949534392583
16811.8 512.8635241079803
16867.9 510.39778028520067
16924.2 507.4319924740622
16980.7 504.24724341965396
17037.4 501.04165324787175
17094.3 497.91850953742227
17151.4 494.75637736789736
17208.6 491.6704319324849
17266.1 488.4467034626441
17323.7 484.98255760400167
17381.6 481.40821620827415
17439.6 479.16845140650463
17497.8 476.2798735051424
17556.2 473.42420807569397
17614.9 470.4421635365154
17673.7 467.4329886851541
17732.7 464.5088667365289
17791.9 461.6462695869467
17851.3 458.7442811458435
17910.9 455.8765456551401
17970.7 452.9180855714141
18030.7 450.1194285645866
18090.9 447.18684985609957
18151.2 444.25390777964367
18211.8 441.240764118027
18272.6 438.90990444067256
18333.7 436.30203819433007
18394.9 433.5125444978685
18456.3 430.7949476212796
18517.9 428.113452825334
18579.7 425.50175121450116
18641.7 422.79344536629094
18704.0 420.33681874947195
18766.4 414.6610711435847
18829.1 414.9098840727957
18891.9 412.4070599806071
18955.0 409.9087845095912
19018.3 407.35088577780164
19081.8 404.8003621120477
19145.5 402.3412511985241
19209.4 399.8230290409696
19273.5 397.317357235652
19337.9 394.89650137715984
19402.4 392.17556907456367
19467.2 389.9740734894701
19532.2 387.5680126800163
19597.4 385.221168731784
19662.8 382.83763884370006
19728.5 380.5157722286081
19794.4 378.1128700366312
19860.4 375.7875161278845
19926.7 373.55632007479295
19993.3 368.6642932374241
20060.0 362.64003757167177
20127.0 360.4730199979137
20194.2 358.2749852004134
20261.6 356.1481929885279
20329.2 353.9651601295954
20397.1 351.85957369882163
20465.2 349.70028151642373
20533.5 347.6041273571055
20602.1 345.0695130840943
20670.9 343.43408610098555
20739.9 341.354318738868
20809.1 339.3091003703731
20878.6 337.2460788669603
20948.3 335.2742794945911
21018.2 333.228521642764
21088.4 331.17735281261383
21158.8 329.2659603740818
21229.4 327.2067132980689
21300.3 325.3090801456251
21371.4 323.3106923807203
21442.8 321.4059022243523
21514.4 319.41799582571133
21586.2 317.5474456716334
21658.3 315.51025068496426
21730.6 313.7641637252121
21803.1 311.8254281908703
21875.9 309.9834884891413
21948.9 308.1156159125122
22022.2 306.22945481701424
22095.7 304.43195838651576
22169.5 302.461629766163
22243.5 300.46537888222025
22317.8 298.72734149316915
22392.3 296.8973825854936
22467.0 295.12896313949295
22542.1 293.3374661238072
22617.3 291.6060684658332
22692.8 289.8386181943028
22768.6 283.356604601005
22844.6 260.0963462836021
22920.9 258.44564509405427
22997.4 256.9133202756106
23074.2 255.38145976414282
23151.2 253.7900287288561
23228.5 252.2771885567762
23306.0 250.74842490687143
23383.8 249.29598302573214
23461.9 247.75648461916757
23540.2 246.27170622272453
23618.8 244.82927225500387
23697.7 243.3356710659397
23776.8 241.86762666636804
23856.2 240.44593845896114
23935.8 238.99656308838385
24015.7 237.63258985420288
24095.9 236.13926544161592
24176.4 234.79254846884746
24257.1 233.3988672289536
24338.0 231.98143435955737
24419.3 230.57908383437186
24500.8 229.25622465181522
24582.6 227.88985383691846
24664.7 226.51428261477358
24747.0 225.09854489341646
24829.7 223.8290978200207
24912.5 222.47269939272104
24995.7 221.14532536878116
25079.2 219.83503996494025
25162.9 218.51997287768734
25246.9 217.2534112252142
25331.2 215.9604194881338
25415.8 214.66826156626448
25500.6 213.35300398750582
25585.7 212.11355370691908
25671.2 210.82172667459355
25756.9 209.56573441321427
25842.9 208.3305367352645
25929.1 207.09074971668431
26015.7 205.82813447192422
26102.6 204.64016200180404
26189.7 203.42191812965336
26277.1 201.9614989904311
26364.9 201.03384105463948
26452.9 199.78508300171924
26541.2 198.6136287710099
26629.8 197.47500946608395
26718.7 196.33453341642405
26807.9 195.12462896861757
26897.4 193.96825013419075
26987.2 192.81241379650217
27077.3 191.66746607091844
27167.7 190.55231984004888
27258.4 189.3785574744687
27349.4 188.27967699796585
27440.7 187.18469122490822
27532.3 186.0976254125768
27624.2 184.93834011776204
27716.5 183.87508375617313
27809.0 182.7941422095653
27901.8 181.7349852330633
27995.0 180.59693715554167
28088.5 179.56179533171633
28182.2 178.46416826413792
28276.3 177.45648502469191
28370.7 176.35487271222914
28465.4 175.326646243534
28560.5 174.30279741235697
28655.8 173.28673515092316
28751.5 172.27501190477113
28847.5 171.2332498849894
28943.8 170.19449017071523
29040.4 169.24764942902
29137.4 168.2189754773536
29234.6 167.22689664217307
29332.2 166.25990508629803
29430.2 165.25529703338364
29528.4 164.3053697369158
29627.0 163.27074751450397
29725.9 162.34413918122414
29825.2 161.41177936706677
29924.7 160.41365007940328
30024.6 159.47112375769237
30124.9 158.53333780547018
30225.4 157.6015827363221
30326.3 156.68847287394624
30427.6 155.75239356224844
30529.2 154.81178020136866
30631.1 153.9224143003131
30733.4 153.03238204879293
30836.0 152.11886008471322
30938.9 151.23492911617927
31042.2 150.32204968140513
31145.8 149.46837208103977
31249.8 148.61165144670335
31354.2 147.73328716350952
31458.8 146.83809671068022
31563.9 145.95666979501723
31669.2 145.11078396006144
31775.0 144.26376583023244
31881.0 143.41368538001512
31987.5 142.62175698359698
32094.3 141.7153372180936
32201.4 140.86949113226902
32308.9 140.07866390735995
32416.8 139.26677633904288
32525.0 138.49550867594513
32633.6 138.77248708950282
32742.5 139.0377458297035
32851.9 132.6581766544846
32961.5 130.19136416659165
33071.6 129.45722889167462
33182.0 128.69157300216264
33292.8 127.4432579710923
33403.9 125.5974301739514
33515.4 124.07852349792458
33627.3 123.31313126543128
33739.6 122.62543934335848
33852.2 121.90111689767127
33965.2 121.17769476563562
34078.6 120.48392846208833
34192.4 119.7717264047414
34306.6 119.05391689870609
34421.1 118.33959479204458
34536.0 117.63260240276331
34651.3 116.96145857562259
34767.0 116.24821131529856
34883.1 115.55644542155437
34999.5 114.89410545666577
35116.4 114.20514402633792
35233.6 113.50141560162854
35351.2 112.86471991386263
35469.3 112.15345671107659
35587.7 111.51982492784504
35706.5 110.86631542208777
35825.7 110.18299893306457
35945.3 109.52562337435172
36065.3 108.8793256652968
36185.7 108.23597287726751
36306.5 107.60837810319109
36427.7 106.9636085298785
36549.3 106.30113470999427
36671.4 105.70866816259584
36793.8 105.03857103652206
36916.6 104.44031963023156
37039.9 103.81178586868099
37163.5 103.18568499166676
37287.6 102.58727258787627
37412.1 101.95207907434751
37537.0 101.3872070394436
37662.3 100.79487695470453
37788.1 100.19903124984931
37914.2 99.60381266338733
38040.8 99.01873051447603
38167.8 98.42857988291912
38295.2 97.8856655534696
38423.1 97.28174399178138
38551.3 96.7183666324645
38680.0 96.15802415683937
38809.2 95.59962494393314
38938.7 95.04527855432966
39068.7 94.46058313728577
39199.2 93.92816278328624
39330.0 93.3782571263129
39461.3 92.7896512577313
39593.1 92.25983961797728
39725.3 91.72161547799867
39857.9 91.1865741506733
39991.0 90.65394741793833
40124.5 90.0967187831349
40258.4 89.58667025803544
40392.8 89.03155231855634
40527.7 88.39553331866716
40663.0 88.03215205452906
40798.7 87.49347554735468
40935.0 87.00207152560219
41071.6 86.45762285114765
41208.7 85.94124176527622
41346.3 85.4760667399814
41484.3 84.93961409621934
41622.8 84.4752508720796
41761.8 83.95906324154119
41901.2 83.48663340237674
42041.1 82.98535470338828
42181.5 82.47222331483823
42322.3 82.0064149531914
42463.6 81.50586263864145
42605.4 81.02688855631168
42747.6 80.5567888631186
42890.3 80.07855302580938
43033.5 79.6025640043384
43177.2 79.17749176445597
43321.3 78.70648363486387
43465.9 78.23769752873143
43611.1 77.77091110112306
43756.7 77.30659683493758
43902.7 76.8524579010453
44049.3 76.42379177062311
44196.4 75.97636217928093
44343.9 75.5132570145826
44492.0 75.06864892765712
44640.5 73.91216255319397
44789.5 71.58944293788939
44939.1 71.15121249882135
45089.1 70.7581614333355
45239.6 70.31240729225966
45390.7 69.90040707604571
45542.2 69.51835775397022
45694.2 69.09209072366752
45846.8 68.7135929984572
45999.9 68.28340776019604
46153.4 67.89373949510899
46307.5 67.49777167932935
46462.1 67.21828249925376
46617.2 66.68446360449781
46772.9 66.34700111865341
46929.0 65.9471736505716
47085.7 65.52907608956644
47242.9 65.14896382053128
47400.6 64.79294762383844
47558.9 64.39009016855735
47717.6 64.02787709146001
47876.9 63.65293046242029
48036.8 63.25663479753846
48197.2 62.90679764222436
48358.1 62.514520158714674
48519.5 62.16362204428681
48681.5 61.81648630360155
48844.0 61.43222089681523
49007.1 61.0948125584262
49170.7 60.724854615204
49334.8 60.37419284006012
49499.6 60.018638559491244
49664.8 59.652268123701866
49830.6 59.28550386940645
49997.0 58.9545150900626
50163.9 58.63225988879812
50331.4 58.32230358340668
50499.4 58.01258028892498
50668.0 57.69883571651639
50837.2 57.38897516813028
51006.9 57.083906448186674
51177.2 56.77650060905002
51348.0 56.486136761256155
51519.4 56.18660044054256
51691.4 55.88563707962294
51864.0 55.56985821350741
52037.2 55.266684161387424
52210.9 54.975259900604215
52385.2 54.68609838226106
52560.1 54.42175849039659
52735.6 54.10391861744754
52911.6 53.84494025169824
53088.3 53.541018184748935
53265.5 53.27806957498048
53443.3 53.015876214672915
53621.8 52.71593031954026
53800.8 52.44131676127874
53980.4 52.16957984646325
54160.6 51.898682146004774
54341.4 51.624466661675484
54522.9 51.344013394061
54704.9 51.101309877703656
54887.5 50.84936356756309
55070.8 50.56028157853106
55254.6 50.322109942480026
55439.1 50.06213928640024
55624.2 49.815068975721566
55809.9 49.5576942857673
55996.2 49.286710370821794
56183.1 49.04269962721175
56370.7 48.80044645794459
56558.9 48.55513825274625
56747.7 48.308102026359556
56937.2 48.04249064820541
57127.3 47.83369174965939
57318.0 47.567478647834434
57509.3 47.331773658483435
57701.3 47.097060214918656
57894.0 46.86333696584001
58087.3 46.63068186363979
58281.2 46.25484982066024
58475.8 45.16249767732126
58671.0 44.93629921769487
58866.9 44.69178998235014
59063.4 44.48759306991744
59260.6 44.26086283059157
59458.4 44.05666910725329
59656.9 43.846663555732256
59856.1 43.94055953258329
60055.9 44.39804542193856
60256.4 44.84392974276782
60457.6 45.27769017550836
60659.4 45.747248190077734
60861.9 45.93655936716341
61065.1 45.745824142110926
61269.0 45.521563973948645
61473.5 45.33259444009917
61678.8 45.14425529508364
61884.7 44.95679781967262
62091.3 44.748179036098
62298.6 44.55039549414847
62506.6 44.3613992407045
62715.3 44.181032096649766
62924.6 43.660230373966705
63134.7 42.782848348056035
63345.5 41.90753869306821
63557.0 41.00454877467431
63769.1 40.13343865694361
63982.0 39.740875635100686
64195.7 39.540269352453706
64410.0 39.354320165989414
64625.0 39.17441587073415
64840.8 39.008869390946415
65057.2 38.844095239986615
65274.4 38.679971764938905
65492.3 38.48324732364848
65711.0 38.31534723254658
65930.4 38.15975935700794
66150.5 37.99843046419584
66371.3 37.81256831006593
66592.9 37.6424264514963
66815.2 37.48721317408189
67038.3 37.32861859554152
67262.1 37.17090042533866
67486.7 36.99467512033447
67712.0 36.84167294793746
67938.0 36.67042462078929
68164.8 36.539996422341
68392.4 36.3608397105819
68620.7 36.22112370110809
68849.8 36.05386195470575
69079.7 35.9013195313354
69310.3 35.75163552099047
69541.7 35.6283864881936
69773.9 35.45355238504502
70006.8 35.32755914313692
70240.5 35.11828082075639
70475.0 34.93978606553477
70710.3 34.76214137565495
70946.4 34.594172119931535
71183.3 34.38323325843702
71420.9 34.20460992831261
71659.3 34.030310892560344
71898.6 33.85674384560823
72138.6 33.6891581879471
72379.4 33.508183974669805
72621.1 33.335179906218144
72863.5 33.14178727269529
73106.8 32.97226999056479
73350.9 32.803576805210156
73595.7 32.64397382460585
73841.5 32.240784347574824
74088.0 31.83318955702601
74335.3 31.678458813928803
74583.5 31.4362018611597
74832.5 33.15559195510276
75082.3 34.91918969765367
75333.0 36.726478278624896
75584.5 38.499514794613575
75836.8 40.00227303707725
76090.0 39.836926199511325
76344.0 39.675426266035245
76598.9 39.51453312237608
76854.6 39.35398447507472
77111.2 39.19471460706642
77368.7 39.03575041229955
77627.0 38.850358902597016
77886.1 38.709001405562816
78146.1 38.535890837640146
78407.0 38.38251940907541
78668.8 38.22385048617515
78931.4 38.06841139340138
79195.0 37.91430674399321
79459.4 37.76045295663211
79724.6 37.58093631597578
79990.8 37.42556159765992
80257.8 37.27407043599514
80525.8 37.13277551635822
80794.6 36.480286798296916
81064.4 35.631800779165964
81335.0 34.78861591112431
81606.5 33.945521008522086
81879.0 33.117894351956465
82152.3 32.27292066600198
82426.6 31.416870921556555
82701.8 30.65055291731672
82977.9 30.040948835468516
83254.9 29.460367872516887
83532.9 28.85814252390379
83811.7 28.246327085915446
84091.5 27.658561559192815
84372.3 27.447166317539164
84654.0 27.30523446630109
84936.6 27.178802739731083
85220.2 27.034075138207914
85504.7 26.8833133564587
85790.1 26.755541583917726
86076.5 26.6260360936031
86363.9 26.491534305539925
86652.2 26.34673655795497
86941.5 26.217126040666123
87231.8 26.069283543029023
87523.0 25.94520765288007
87815.2 25.690531519459086
88108.4 25.311787062743996
88402.5 24.923889524498648
88697.7 24.544681433694688
88993.8 24.16632768947582
89290.9 23.8011714593088
89589.0 23.60544368210358
89888.1 23.596292417596057
90188.2 23.241946032421254
90489.3 22.937984116815315
90791.4 22.616262774225138
91094.5 22.25114155201553
91398.6 21.777068940718298
91703.8 21.467847748847486
92009.9 21.15818682712361
92317.1 20.850330968446535
92625.3 20.541595261146085
92934.5 20.23333266466481
93244.8 19.92868262003461
93556.1 19.62137325316982
93868.4 19.320374354648738
94181.8 19.021149499509853
94496.2 18.721487206729904
94811.7 18.421397523568647
95128.3 18.204846507129837
95445.8 18.104058252379076
95764.5 18.004420266391293
96084.2 17.905935422237196
96405.0 17.80886503864391
96726.8 17.7121141991386
97049.8 17.614119671872484
97373.8 17.517782478760072
97698.9 17.424422200513956
98025.0 17.32958332896063
98352.3 17.23507332765726
98680.6 17.141299185595233
99010.1 17.04949961885584
99340.6 16.95841910688715
99672.3 16.867739524031457
100005.0 16.777514732662887
100339.0 16.685412472881122
100674.0 16.593339534711177
101010.0 16.503036884480608
101347.0 16.412450844434236
101686.0 16.324211043674588
102025.0 16.234312266806057
102366.0 16.145063049893462
102707.0 16.058268594820607
103050.0 15.969719497747707
103394.0 15.883616676430387
103740.0 15.797819722370257
104086.0 15.710556041020244
104433.0 15.626867380545958
104782.0 15.541716390300245
105132.0 15.433080591955163
105483.0 15.375350434248716
105835.0 15.292042912567304
106188.0 15.209144474137283
106543.0 15.128503752299894
106899.0 15.04668502432563
107255.0 14.966585153094107
107613.0 14.88517617803919
107973.0 14.805998792226047
108333.0 14.727464034442663
108695.0 14.64312790627157
109058.0 14.570910758352753
109422.0 14.49328818785706
109787.0 14.41604392927082
110154.0 14.393256274791787
110521.0 14.353885642860194
110890.0 14.42139273518907
111261.0 14.490099434273967
111632.0 21.00372367397714
112005.0 27.83965375795477
112379.0 30.33818645300277
112754.0 30.35684106263472
113130.0 30.329959927594658
113508.0 30.209935780796425
113887.0 29.62138699926555
114267.0 22.670183414925898
114649.0 15.762234605982194
115031.0 14.417321577453396
115415.0 14.344132789552496
115801.0 14.27426825921762
116187.0 14.203059078459903
116575.0 14.243856332378074
116964.0 14.965290239534674
117355.0 15.687388782850668
117747.0 16.400282731667097
118140.0 17.12466929519576
118534.0 17.287359658153626
118930.0 17.208715888301867
119327.0 17.131472082172003
119725.0 17.053093034137444
120125.0 16.975113033061607
120526.0 16.899300613754534
120929.0 16.82363973868164
121332.0 16.748568105703075
121737.0 16.66526014456868
122144.0 15.807333474224171
122552.0 14.942084199555808
122961.0 14.076400146272958
123371.0 13.21307534571675
123783.0 12.941700099439045
124196.0 12.879846296954938
124611.0 12.818196772230127
125027.0 12.758535465791358
125444.0 12.698816794845948
125863.0 12.638324500976271
126283.0 12.580463998267563
126705.0 12.522396618436883
127128.0 12.464556557628015
127552.0 12.407617766290754
127978.0 12.351339491415875
128406.0 12.296896240115267
128834.0 12.24118324640633
129264.0 12.185651002704416
129696.0 12.457650794025799
130129.0 13.202563409321753
130563.0 13.947273561231883
130999.0 14.68804554121523
131437.0 15.052920365385
131875.0 14.977473399563177
132316.0 14.925455160227962
132757.0 14.866879223153076
133201.0 14.810855808335809
133645.0 14.753633627648723
134091.0 14.698140115211345
134539.0 14.642798418221531
134988.0 14.145475344680012
135439.0 13.294448711751647
135891.0 12.444555433344766
136345.0 11.599673055198787
136800.0 11.322821518745119
137257.0 11.28192173651427
137715.0 11.242737887821596
138175.0 11.205166008022792
138636.0 11.167280452688823
139099.0 11.131058149830078
139563.0 11.097859708571496
140029.0 11.069785965049464
140497.0 11.043276834153405
140966.0 11.018337460782467
141436.0 10.994973204863372
141909.0 10.974495267365773
142382.0 10.952678775050197
142858.0 10.934309483211957
143335.0 10.916279294213686
143813.0 10.900487953622537
144293.0 10.887272138270362
144775.0 10.874140357312513
145258.0 10.86465547409948
145743.0 10.85505276945417
146230.0 10.84610129881677
146718.0 10.840001752072357
147208.0 10.834366532789508
147699.0 10.831828699236722
148192.0 10.831147082785847
148687.0 10.830325699495198
149183.0 10.823879894047478
149682.0 10.801661016192577
150181.0 10.736286121470899
150683.0 10.793873084454724
151186.0 10.856566368332322
151690.0 10.924315334025557
152197.0 10.996923896291795
152705.0 11.074483043168247
153215.0 11.158768206464957
153726.0 11.248176711812896
154240.0 11.315557637354962
154754.0 11.411781749904586
155271.0 11.520439745629695
155789.0 11.745116851192009
156310.0 11.761013969942761
156831.0 11.894733810140355
157355.0 12.03802523057989
157880.0 12.188874514682938
158407.0 12.347591406633184
158936.0 12.515744585158929
159467.0 12.692771216357732
159999.0 12.879052181797778
160533.0 13.075719762863734
161069.0 13.277442662060585
161607.0 13.50627144097161
162147.0 13.732117443171337
162688.0 13.971881862429512
163231.0 14.220819306887496
163776.0 14.48570644724844
164323.0 14.762488045529514
164871.0 15.061359305806125
165422.0 15.366865326106565
165974.0 15.671516023115808
166528.0 16.007652174987697
167084.0 16.34588826928119
167642.0 16.712076854070816
168202.0 17.0867821459705
168763.0 17.48198221688107
169327.0 17.879212901807616
169892.0 18.31452192387295
170459.0 18.75782305545409
171028.0 19.212706589805016
171599.0 19.699863630373045
172172.0 20.195761794475942
172747.0 20.710383917636427
173324.0 21.261870888026195
173902.0 21.819591638388893
174483.0 22.409369122819882
175065.0 23.003626004434125
175650.0 23.588514959291423
176236.0 24.208501457688143
176825.0 24.846063596440985
177415.0 25.49784844674813
178007.0 26.18044027127368
178602.0 26.86746972504455
179198.0 27.588486377111153
179796.0 28.339476952926507
180396.0 29.11219495858377
180999.0 29.912121704376343
181603.0 30.742280127184273
182209.0 31.59318904862371
182817.0 32.469390314180245
183428.0 33.38094048254055
184040.0 34.30908724713589
184655.0 35.2760370942447
185271.0 36.24771565116156
185890.0 37.17843660800538
186510.0 38.13230442810333
187133.0 39.08774932767678
187758.0 40.115737030092745
188385.0 41.14840971622548
189013.0 42.20100801008933
189644.0 43.28920772077822
190278.0 44.40376869337356
190913.0 45.54624745128626
191550.0 46.7223559395226
192190.0 47.922523501351826
192831.0 49.14757697605107
193475.0 50.41784096491043
194121.0 51.71162525354159
194769.0 53.03383549761144
195419.0 54.39016877428787
196072.0 55.76283803316054
196726.0 57.10544032406468
197383.0 58.4699997410039
198042.0 59.877864048950826
198703.0 61.307504012168835
199367.0 62.77943026373015
200032.0 64.27278231244941
200700.0 65.80688767971432
201370.0 67.37333870776946
202042.0 68.96961550979502
202717.0 70.60609770891793
203394.0 72.26717334719466
204073.0 73.96799787778455
204754.0 75.70654429777322
205438.0 77.46750300558926
206123.0 79.27864855865022
206812.0 81.12825896856593
207502.0 83.00570142602409
208195.0 84.88669095167376
208890.0 86.8094995742078
209587.0 88.76809664791038
210287.0 90.77128596279744
210989.0 92.81010820042466
211693.0 94.8841522742298
212400.0 97.00244863657511
213109.0 99.11104569071617
213821.0 101.3411397283467
214535.0 103.55085357139319
215251.0 105.84269773253403
215969.0 108.21559127390096
216690.0 110.5712296098852
217414.0 112.90968689575287
218140.0 115.41847460597671
218868.0 117.92106505027324
219599.0 120.3996751798388
220332.0 123.0085733244136
221067.0 125.68459716932294
221805.0 128.3802081068937
222546.0 131.0822001162113
223289.0 133.79350552187918
224034.0 136.68448858136827
224782.0 139.5020852831554
225533.0 142.39228762309327
226286.0 145.40263720199607
227041.0 148.38912028182062
227799.0 151.4934967285481
228560.0 154.5752522508742
229323.0 157.75432185624734
230088.0 160.94744434228295
230857.0 164.23491122210424
231627.0 167.5860731434234
232401.0 170.92103495369145
233176.0 174.40891232702486
233955.0 177.9604804063681
234736.0 181.57646008495388
235520.0 185.16609916581027
236306.0 188.8976162025717
237095.0 192.67473185759405
237886.0 196.4883088382229
238681.0 200.40559845526104
239477.0 204.3100679733788
240277.0 208.34685769258022
241079.0 212.36762237171416
241884.0 216.4396847763745
242691.0 220.65611532026324
243502.0 224.92721408736074
244315.0 229.16808176484784
245130.0 233.53512826763935
245949.0 237.9852373239698
246770.0 242.5590175100674
247594.0 247.1843559148917
248420.0 251.8615840780643
249250.0 256.67233663774255
250082.0 261.46738577173204
250917.0 266.35845390934
251754.0 271.33635404892345
252595.0 276.40151899589193
253438.0 281.53782263181466
254284.0 286.7176818861271
255133.0 291.94176820985444
255985.0 297.20981999092464
256840.0 302.6021663952786
257697.0 308.0396495898606
258557.0 313.52436851497544
259421.0 319.11282219441983
260287.0 324.78924655999947
261156.0 330.56468108796855
262027.0 336.37123580959945
262902.0 342.3115165733344
263780.0 348.34291941142646
264661.0 354.4096987679903
265544.0 360.5126506520228
266431.0 366.7218952258914
267320.0 372.976767928515
268213.0 379.3357542385336
269108.0 385.80586628715724
270006.0 392.22872866957675
270908.0 398.8284139272282
271812.0 405.4734804624756
272720.0 412.1381145751788
273630.0 418.90906674117906
274544.0 425.782045660634
275460.0 432.6825640166298
276380.0 439.6830672126341
277303.0 446.7838675755758
278228.0 453.90227766940797
279157.0 461.1252484510604
280089.0 468.3773511641805
281024.0 475.7186072367463
281963.0 483.1533971538152
282904.0 490.6096549160453
283848.0 498.1602590395693
284796.0 505.79937792384965
285747.0 513.4569266401505
286701.0 521.278138750292
287658.0 529.041955721905
288618.0 536.9759014545684
289582.0 544.8739569409271
290549.0 552.9288750709401
291519.0 560.9659643310982
292492.0 569.0876190479165
293468.0 577.2904259506236
294448.0 585.5069078029719
295431.0 593.8028208658982
296418.0 602.1773915773962
297407.0 610.5629383434095
298400.0 619.0888552645565
299396.0 627.5659675052215
300396.0 636.2080177379745
301399.0 644.8027596644349
302405.0 653.499553115575
303415.0 662.2684816520566
304427.0 671.0438543503006
305444.0 679.8875639882742
306464.0 688.5286790668027
307487.0 697.8150921059491
308513.0 706.4363811191112
309543.0 715.6280986720437
310577.0 724.7495141858454
311614.0 733.8033310710401
312654.0 742.7899612653121
313698.0 752.3772537976248
314745.0 761.2262107547941
315796.0 770.6721222482763
316850.0 780.0479827395162
317908.0 789.3517406467404
318969.0 798.5862654946142
320034.0 807.8845514521025
321103.0 817.4865276491068
322175.0 826.7831783103951
323250.0 836.1226597347302
324329.0 845.653388186133
325412.0 855.1101867355695
326498.0 864.4956839294773
327589.0 874.44841320464
328682.0 883.9814150807144
329779.0 893.4957298405355
330880.0 902.6784270184701
331985.0 912.2484802090574
333093.0 921.7969035187853
334206.0 931.3403871536461
335321.0 940.966902867206
336441.0 950.6589742280153
337564.0 960.0544327411442
338691.0 969.8909916994858
339822.0 979.0323074909065
340956.0 988.7203703476661
342094.0 998.3331702131118
343237.0 1007.8672255868655
344382.0 1017.332085552464
345532.0 1027.3276053041052
346686.0 1036.63337393737
347843.0 1045.8788388896214
349004.0 1055.6478917324744
350170.0 1065.1902661486342
351339.0 1074.354330485595
352512.0 1083.8958106697928
353689.0 1093.3337083933657
354869.0 1102.755348640062
356054.0 1112.071179455697
357243.0 1121.1484553657613
358435.0 1130.4822624361177
359632.0 1139.3261198031419
360833.0 1148.5984028303305
362037.0 1157.5499505986838
363246.0 1167.001502326989
364459.0 1175.9436746725012
365676.0 1185.1129422082274
366896.0 1193.7744327367661
368121.0 1202.9331027059468
369350.0 1211.44887158432
370583.0 1220.2111069059388
371821.0 1228.833813122441
373062.0 1237.7033568116299
374307.0 1246.5006178011947
375557.0 1254.6349199841982
376811.0 1263.3164603504208
378069.0 1271.8985456437772
379331.0 1279.8561555884366
380597.0 1288.299665702599
381868.0 1296.6087354504605
383143.0 1304.879827582296
384422.0 1312.6575406136717
385705.0 1320.823711522083
386993.0 1328.9185649523326
388285.0 1336.6596074868942
389581.0 1344.3622118341711
390882.0 1352.1124090781054
392187.0 1359.5486588234612
393496.0 1366.7763838446447
394810.0 1374.1233797678594
396128.0 1381.5701409214507
397451.0 1388.6046858368366
398777.0 1396.1090876066885
400109.0 1402.8062607379532
401445.0 1409.865864882632
402785.0 1416.6548064124052
404130.0 1423.3811165394404
405479.0 1430.0486952412793
406832.0 1436.6579304685806
408191.0 1443.202136891958
409553.0 1449.1791278353767
410921.0 1455.606706968088
412293.0 1461.4676929691925
413669.0 1467.7836720905743
415050.0 1473.5336459543414
416436.0 1479.227722093383
417826.0 1484.869806096343
419221.0 1490.3666091707632
420621.0 1495.9188958873688
422025.0 1501.4698640977922
423434.0 1506.3979818803011
424847.0 1511.7788825113805
426266.0 1516.6072134661113
427689.0 1521.389275881154
429117.0 1526.1217348373534
430549.0 1530.808788656647
431987.0 1535.4433210211932
433429.0 1540.0329195862337
434876.0 1544.0910224339239
436328.0 1548.104468797839
437785.0 1552.5518676284507
439246.0 1556.4804196558196
440712.0 1560.3638793128084
442184.0 1563.7248788733893
443660.0 1567.523154381545
445141.0 1570.8064489571248
446627.0 1574.0503469730468
448118.0 1577.2551317595578
449614.0 1580.421085558158
451116.0 1583.5449790839893
452622.0 1585.9492694583791
454133.0 1588.5422189464027
455649.0 1591.3149465625986
457170.0 1593.8358303065988
458696.0 1595.8644082068722
460228.0 1598.295955231814
461764.0 1600.2810463514206
463306.0 1602.2129459428734
464853.0 1604.1147743471965
466404.0 1605.9902129188981
467962.0 1607.3740360686847
469524.0 1608.6648279930096
471091.0 1610.0877245775098
472664.0 1611.399137520933
474242.0 1612.2416808424184
475825.0 1613.5033780997649
477414.0 1614.2961919303023
479008.0 1614.628129454444
480607.0 1615.3783617875042
482212.0 1615.667667385145
483821.0 1615.941693530582
485437.0 1616.1905973095943
487057.0 1615.993067501996
488683.0 1616.206940590031
490315.0 1616.167569834751
491952.0 1615.7205690498413
493594.0 1615.4551835665939
495242.0 1615.163077553901
496895.0 1614.4514305791188
498554.0 1613.7162887032302
500219.0 1612.9666460129513
501889.0 1611.787160940759
503564.0 1610.5994335242408
505246.0 1609.3974298208561
506932.0 1608.1906400517476
508625.0 1606.5565256304385
510323.0 1604.9159957887068
512026.0 1603.2737468052753
513736.0 1601.3767305778676
515451.0 1599.144316952259
517172.0 1597.3132215746293
518898.0 1595.4068035763462
520631.0 1593.325688445151
522369.0 1590.8408136953458
524113.0 1588.7552339818942
525863.0 1585.9987448819254
527618.0 1583.379377878096
529380.0 1580.8422297615161
531147.0 1578.0031691181773
532920.0 1574.7250825190006
534700.0 1571.841221468552
536485.0 1568.5701237701999
538276.0 1565.3032730095283
540073.0 1561.651584230645
541876.0 1558.3947243213283
543685.0 1554.671002590205
545500.0 1550.7385479238808
547321.0 1547.115040771786
549148.0 1543.4987008584305
550982.0 1539.8867801893139
552821.0 1535.9046231139919
554667.0 1531.7980179409715
556519.0 1527.5315839699956
558377.0 1523.6332249886086
560241.0 1519.3141623541937
562111.0 1514.6336821894838
563988.0 1510.3380285794149
565871.0 1505.6837311557526
567760.0 1500.6609511984918
569655.0 1496.0509896182944
571557.0 1491.0725023813407
573465.0 1486.0528524406075
575380.0 1480.8000926496857
577301.0 1475.8726504414988
579228.0 1470.962655127811
581162.0 1465.6662921614416
583102.0 1460.4690422622773
585049.0 1455.2494762312924
587002.0 1450.049713934674
588962.0 1444.5104185127902
590928.0 1438.9932581603769
592901.0 1433.495762375608
594880.0 1427.6670346102592
596866.0 1422.212403619935
598859.0 1416.0754946145178
600858.0 1410.3149844525956
602864.0 1404.227778242415
604877.0 1398.1646768494054
606896.0 1392.2931289699916
608922.0 1386.1147829496674
610955.0 1379.7833088528644
612995.0 1373.6640428869512
615042.0 1367.5391198577513
617095.0 1361.286597857403
619155.0 1355.2031264388083
621222.0 1348.8599383137375
623296.0 1342.6857004511494
625377.0 1336.2012594783162
627465.0 1329.7452527782125
629560.0 1322.9833947096406
631661.0 1316.573302111926
633770.0 1309.884084546
635886.0 1303.211663385413
638009.0 1296.239880223778
640139.0 1289.6285504974976
642276.0 1282.7198637765878
644420.0 1275.8431392090984
646572.0 1268.6712692506142
648731.0 1262.1293091062944
650896.0 1255.0770399457426
653069.0 1248.2898796704803
655250.0 1241.6053873964856
657437.0 1234.5980135508596
659632.0 1227.622217203116
661834.0 1220.679781504199
664044.0 1213.7687663332692
666261.0 1206.5754747932551
668485.0 1199.4173364451713
670717.0 1192.215708938965
672956.0 1185.2024941339348
675203.0 1177.8040618896102
677457.0 1170.8131921672828
679719.0 1163.5157176236419
681988.0 1155.9466134292722
684265.0 1148.720731839888
686549.0 1141.5325252622758
688841.0 1134.3781235930658
691141.0 1127.3867555517538
693448.0 1120.1739671286869
695763.0 1113.1241573368363
698086.0 1105.8072816581816
700417.0 1098.526393517326
702755.0 1091.281436518192
705101.0 1084.0661904637345
707455.0 1076.606044767544
709817.0 1069.4704527387419
712187.0 1062.0751556732087
714565.0 1054.7171068231107
716950.0 1047.3976427654325
719344.0 1039.821408888455
721745.0 1032.576869482779
724155.0 1025.0772760020957
726573.0 1017.9054896799404
728998.0 1010.7715740032907
731432.0 1003.3852744313941
733874.0 996.3234950441527
736324.0 989.0123787175032
738782.0 981.7391231698158
741249.0 974.7858053798053
743723.0 967.3043286163777
746206.0 960.1425334834025
748698.0 953.0167857983757
751197.0 945.6497233553405
753705.0 938.5991566867998
756221.0 931.3075822233349
758746.0 924.0534050685644
761279.0 916.7041507173253
763821.0 909.6258154294837
766371.0 902.2445756320968
768929.0 895.1431815828114
771496.0 888.0785191672836
774072.0 881.3218110906165
776656.0 874.3306446335473
779249.0 867.2719838705962
781851.0 860.1880924150041
784461.0 853.3073493266505
787080.0 846.1956844898654
789707.0 839.3887519147189
792344.0 832.3511990457445
794989.0 825.3520285328893
797643.0 818.6535299300998
800306.0 811.7277178097665
802978.0 804.7925740491686
805659.0 797.7258433542544
808349.0 790.9104225852811
811047.0 784.1341080651353
813755.0 777.3923617102591
816472.0 770.6868412672662
819198.0 764.0174072968919
821933.0 757.3839198383965
824677.0 750.7862384257793
827430.0 744.2242221216267
830192.0 737.69772952996
832964.0 731.2057409922559
835745.0 724.7490134021865
838535.0 718.0767662201009
841334.0 711.6909652176317
844143.0 705.3390728924423
846961.0 698.7739091376178
849789.0 692.244058016612
852626.0 685.9967807550075
855472.0 679.538112469942
858329.0 673.1136295815389
861194.0 666.9696612911786
864069.0 660.8587692190541
866954.0 654.7808548489106
869848.0 648.7365454757912
872752.0 642.4566937428133
875666.0 636.5059611227819
878589.0 630.5609725720319
881523.0 624.3896429085121
884466.0 618.529572282946
887418.0 612.6871104405459
890381.0 606.6311152513688
893354.0 600.8199248935044
896336.0 594.8631555383843
899329.0 589.1443140001085
902331.0 583.224674469545
905344.0 577.3372781032103
908366.0 571.7146459654003
911399.0 565.8918685147604
914441.0 560.3320372307629
917494.0 554.8024225164304
920557.0 549.303518664508
923631.0 543.8346099418629
926714.0 538.5618114926455
929808.0 532.9886550732065
932912.0 527.6107722758022
936027.0 522.2624199669654
939152.0 516.9440426742165
942287.0 511.65551149143823
945433.0 506.3961617057866
948589.0 501.13730141521444
951756.0 495.7447966968768
954934.0 490.5735790308978
958122.0 485.4315977884937
961321.0 480.31822971401925
964530.0 475.23385099693076
967750.0 470.39501948541056
970981.0 465.3665576406421
974223.0 460.58198103432056
977475.0 455.60946797275193
980738.0 450.87911573670607
984013.0 445.9612260336666
987298.0 441.28431104083774
990594.0 436.6335668587148
993901.0 431.79742945273057
997219.0 427.1994123050661
1000550.0 422.41634715017864
1003890.0 417.87063318695243
1007240.0 413.35096279257345
1010600.0 408.6492471451189
1013980.0 404.1103207067561
1017360.0 399.73645198255883
1020760.0 395.3165784338067
1024170.0 390.922234019082
1027590.0 386.7578184294723
1031020.0 382.4134744748728
1034460.0 378.0933030897628
1037910.0 373.98803177772453
1041380.0 369.7291385568098
1044850.0 365.6851916877148
1048340.0 361.6611163950903
1051840.0 357.4605344680221
1055350.0 353.4530439710572
1058880.0 349.52645534188406
1062410.0 345.39777190713676
1065960.0 341.4871937770472
1069520.0 337.59941965311816
1073090.0 333.73433126412937
1076670.0 329.6966083903811
1080270.0 326.06872168745474
1083870.0 322.2710290208156
1087490.0 318.6858829592203
1091120.0 314.9290207273379
1094760.0 311.38620678167916
1098420.0 307.8612683479096
1102090.0 304.16628098397973
1105770.0 300.68316851789615
1109460.0 297.22048374383377
1113160.0 293.72262751205426
1116880.0 290.2343382102857
1120610.0 286.94877773858275
1124350.0 283.56426421144187
1128100.0 280.199708457261
1131870.0 276.852515421275
1135650.0 273.5252167459493
1139440.0 270.21758323750316
1143240.0 266.92954557979266
1147060.0 263.8419199889442
1150890.0 260.77252543552794
1154730.0 257.71723973076917
1158580.0 254.68802319257375
1162450.0 251.67054838180562
1166330.0 248.67096621231377
1170230.0 245.6870761136593
1174130.0 242.7230086416882
1178050.0 239.7744961542761
1181990.0 237.0193425172796
1185930.0 234.10527747850102
1189890.0 231.20662479570208
1193860.0 228.48911133325356
1197850.0 225.63474333488534
1201850.0 222.9602069919278
1205860.0 220.30158745028817
1209890.0 217.48328467950313
1213930.0 214.85505652750442
1217980.0 212.29169956540161
1222050.0 209.81585214919747
1226130.0 207.23219364215788
1230220.0 204.83484699445242
1234330.0 202.27983840721114
1238450.0 199.74017554743344
1242580.0 197.38490583444218
1246730.0 195.04211190297323
1250890.0 192.5453074566006
1255070.0 190.22948164284378
1259260.0 187.92753792593908
1263460.0 185.6393928495168
1267680.0 183.19772715614994
1271910.0 180.93608088971885
1276160.0 178.68662748211543
1280420.0 176.61486919923559
1284690.0 174.3918974252305
1288980.0 172.1809823165243
1293290.0 170.1318190970256
1297600.0 167.95953176484142
1301940.0 165.9470690328331
1306280.0 163.78681671597292
1310640.0 161.7987603265202
1315020.0 159.78949205714403
1319410.0 157.78563019380223
1323820.0 155.80613608380045
1328230.0 153.83309342764616
1332670.0 151.885460869747
1337120.0 149.94964146178287
1341580.0 148.04122667796193
1346060.0 146.15890080903438
1350560.0 144.27136470698835
1355060.0 142.41187508695555
1359590.0 140.59250970834836
1364130.0 138.77203916718867
1368680.0 136.97155147430712
1373250.0 135.184240226593
1377840.0 133.42210238622877
1382440.0 131.6555108153527
1387050.0 129.92691354878693
1391680.0 128.19898578300237
1396330.0 126.49268656888346
1400990.0 124.79682334576225
1405670.0 123.12540417222928
1410360.0 121.46421638913877
1415070.0 119.81234678877652
1419790.0 118.1854075288246
1424530.0 116.56761313592267
1429290.0 114.97364493337923
1434060.0 113.37481217830216
1438850.0 111.81423985813488
1443650.0 110.26325971499246
1448470.0 108.72105791312917
1453310.0 107.19426300675947
1458160.0 105.6924453924735
1463030.0 104.19140337719583
1467910.0 102.71393916066103
1472810.0 101.24489104753026
1477730.0 99.79843702326696
1482660.0 98.37513496562961
1487610.0 96.95994044081071
1492580.0 95.55228555257129
1497560.0 94.16002207214166
1502560.0 92.79211760091198
1507580.0 91.4375762067846
1512610.0 90.09143007994287
1517660.0 88.76684956695145
1522730.0 87.46378045156017
1527810.0 86.18251604924555
1532910.0 84.9086360483793
1538030.0 83.65578146389971
1543160.0 82.42432585464097
1548320.0 81.19945735182907
1553480.0 79.99280484758006
1558670.0 78.79950196741565
1563870.0 77.62363529882477
1569100.0 76.46749485651156
1574330.0 75.31503101106516
1579590.0 74.17677338328971
1584860.0 73.05489314777161
1590150.0 71.95276123706057
1595460.0 70.85704975881343
1600790.0 69.78086493307589
1606130.0 68.72448045001221
1611500.0 67.68687907867536
1616880.0 66.6687560774703
1622270.0 65.65698127795253
1627690.0 64.67653999909973
1633120.0 63.689347337212055
1638580.0 62.733202002969094
1644050.0 61.77024817467494
1649540.0 60.838425601810485
1655040.0 59.912423036812235
1660570.0 58.99148887351399
1666110.0 58.08893384931619
1671670.0 57.19164942417672
1677260.0 56.311892139923316
1682860.0 55.45011158960695
1688470.0 54.59372412229068
1694110.0 53.75587695536702
1699770.0 52.920148143110985
1705440.0 52.10338943063913
1711130.0 51.31600896123475
1716850.0 50.52577643259325
1722580.0 49.754831880525
1728330.0 48.993452110049
1734100.0 48.236565290333196
1739890.0 47.49623223061289
1745700.0 46.76027445808267
1751530.0 46.040672776467574
1757370.0 45.32558769927093
1763240.0 44.626399901832265
1769130.0 43.93135533904001
1775030.0 43.2523144721021
1780960.0 42.57746550688351
1786910.0 41.90642232587878
1792870.0 41.251325588843756
1798860.0 40.61157618700299
1804860.0 39.97585173976602
1810890.0 39.35465990936767
1816930.0 38.75294388778229
1823000.0 38.14850656620827
1829090.0 37.56187712179954
1835190.0 36.97893960801169
1841320.0 36.39927146489564
1847470.0 35.83443830178781
1853630.0 35.2731628885302
1859820.0 34.71504560706856
1866030.0 34.171527873479334
1872260.0 33.63125644651842
1878510.0 33.10540432178491
1884780.0 32.58269397514498
1891080.0 32.06294119161552
1897390.0 31.55755039688022
1903720.0 31.055183675457407
1910080.0 30.566669891781835
1916460.0 30.092051087878076
1922850.0 29.620427817705657
1929270.0 29.151475444321257
1935710.0 28.696194818853883
1942180.0 28.24349726345737
1948660.0 27.804448491998127
1955170.0 27.36384833529065
1961690.0 26.92337827304562
1968240.0 26.502763813800126
1974810.0 26.084675373077523
1981410.0 25.668970933900855
1988020.0 25.255899650264265
1994660.0 24.855728990577088
2001320.0 24.457969317313022
2008000.0 24.062608525849758
2014700.0 23.680066276285434
2021430.0 23.299714129875014
2028180.0 22.932022592382886
2034950.0 22.56654857823794
2041740.0 22.202910199676616
2048560.0 21.852360568582395
2055400.0 21.50513459613369
2062260.0 21.156867875244867
2069150.0 20.822330171598868
2076050.0 20.48991431059702
2082990.0 20.159313647533708
2089940.0 19.830813738694754
2096920.0 19.514231803374038
2103920.0 19.203085776571815
2110940.0 18.886821879714436
2117990.0 18.585802383968286
2125060.0 18.28660809740309
2132150.0 17.989229283082334
2139270.0 17.69357351189719
2146410.0 17.409508752747527
2153580.0 17.127089003138444
2160770.0 16.856114070056368
2167980.0 16.58678369932458
2175220.0 16.31901362575005
2182480.0 16.052873022321346
2189770.0 15.78828087356561
2197080.0 15.534869073491613
2204420.0 15.282929967921932
2211780.0 15.032527111907974
2219160.0 14.791585536477161
2226570.0 14.545669944399751
2234000.0 14.309138542945007
2241460.0 14.073986901565094
2248940.0 13.840272243289418
2256450.0 13.617240300830035
2263980.0 13.395569702286416
2271540.0 13.17519476327382
2279130.0 12.965332724197086
2286740.0 12.747561502262583
2294370.0 12.540285851373675
2302030.0 12.334223493155386
2309710.0 12.138522242194146
2317430.0 11.934842936852684
2325160.0 11.741504570532895
2332930.0 11.549249427758303
2340710.0 11.358222149505888
2348530.0 11.16827030859723
2356370.0 10.988405220346227
2364240.0 10.80070640440762
2372130.0 10.62302346447063
2380050.0 10.446386921368155
2387990.0 10.270836030984148
2395970.0 10.105051864587148
2403970.0 9.94028565180094
2411990.0 9.77653136237088
2420040.0 9.617761588900144
2428120.0 9.451917798805242
2436230.0 9.295640800589068
2444360.0 9.148373845378961
2452520.0 8.98939299560154
2460710.0 8.848441116472834
2468930.0 8.699805893013862
2477170.0 8.552088062971604
2485440.0 8.409476242091127
2493740.0 8.26939642605967
2502060.0 8.131020974714783
2510420.0 7.995109744447218
2518800.0 7.860872698753142
2527210.0 7.728265789731453
2535640.0 7.598965181100808
2544110.0 7.4728823083227205
2552600.0 7.34840195531659
2561120.0 7.226303500438415
2569670.0 7.105749646856711
2578250.0 6.987544395315131
2586860.0 6.870043597107827
2595500.0 6.755673540388574
2604160.0 6.642011385149991
2612860.0 6.530611449375304
2621580.0 6.420703613305853
2630330.0 6.3122515462393345
2639110.0 6.206040827724706
2647920.0 6.101259060846743
2656760.0 5.997895579511001
2665630.0 5.896728201454684
2674530.0 5.796166852293916
2683460.0 5.6985584728555265
2692420.0 5.602315757484302
2701410.0 5.508206318978003
2710430.0 5.416212055180302
2719480.0 5.324769312256132
2728560.0 5.2346458726105425
2737670.0 5.146599262520116
2746810.0 5.05984656681044
2755980.0 4.973615154441513
2765180.0 4.889485076840582
2774410.0 4.806494283152357
2783670.0 4.724819854958691
2792960.0 4.64438962651765
2802290.0 4.565177515963203
2811640.0 4.487206696099747
2821030.0 4.410435214492288
2830450.0 4.334869704513432
2839900.0 4.2612406160564
2849380.0 4.188793414718586
2858890.0 4.117518623870051
2868440.0 4.048125401050216
2878010.0 3.9792672951028862
2887620.0 3.9113354676638585
2897260.0 3.8446413631742176
2906930.0 3.77907374104749
2916640.0 3.714610545214521
2926380.0 3.65125586149547
2936150.0 3.589000643518638
2945950.0 3.527122439610782
2955780.0 3.467041468142097
2965650.0 3.4073128354454205
2975550.0 3.3486530134889825
2985490.0 3.291042114443637
2995450.0 3.233791974572949
3005450.0 3.1782775911851013
3015490.0 3.1237869423257014
3025560.0 3.070322145697311
3035660.0 3.0178745774072113
3045790.0 2.966435667686458
3055960.0 2.9152996259553507
3066160.0 2.8658456720441214
3076400.0 2.8166830342855635
3086670.0 2.767819501046771
3096970.0 2.71993271247493
3107310.0 2.6730051722114365
3117690.0 2.627029330975792
3128100.0 2.582005732626924
3138540.0 2.5372364663339737
3149020.0 2.4927432738928195
3159530.0 2.4498905446385737
3170080.0 2.4072626236788364
3180660.0 2.365555956234385
3191280.0 2.3247552710999595
3201930.0 2.2848602185151026
3212620.0 2.245201722389902
3223350.0 2.2064309241733633
3234110.0 2.168547132149774
3244910.0 2.1308883179261167
3255740.0 2.094105592577829
3266610.0 2.0581849551533096
3277520.0 2.0224779011955967
3288460.0 1.986989650213737
3299440.0 1.9523500251898824
3310450.0 1.9185577387526338
3321500.0 1.8849667466137114
3332590.0 1.8522069368317111
3343720.0 1.8196426681523998
3354880.0 1.7879049424145892
3366080.0 1.756981167463618
3377320.0 1.7261151029777722
3388600.0 1.6963070655217067
3399910.0 1.6671741679642758
3411260.0 1.6382152426379262
3422650.0 1.6094295741076872
3434080.0 1.581428452200312
3445540.0 1.5542095551231976
3457040.0 1.5271534497681012
3468580.0 1.50025945298493
3480160.0 1.4741307839287232
3491780.0 1.4481588314728588
3503440.0 1.422942817407167
3515140.0 1.3978781851916693
3526870.0 1.3735640802431306
3538650.0 1.3493921047516806
3550460.0 1.3257387060176693
3562310.0 1.3026711845105958
3574210.0 1.27951762633482
3586140.0 1.2576793352568212
3598110.0 1.235388012979283
3610120.0 1.2138132359914975
3622180.0 1.192945298071638
3634270.0 1.1722061817147948
3646400.0 1.1515919592730024
3658580.0 1.1310989729801353
3670790.0 1.1113054478608
3683050.0 1.092198980039356
3695340.0 1.0726418402153142
3707680.0 1.0537281415544704
3720060.0 1.0355712109319029
3732480.0 1.0169221449179044
3744940.0 0.9989473209397186
3757440.0 0.981640605521729
3769980.0 0.9644384250163501
3782570.0 0.9473377810049072
3795200.0 0.9308945644872657
3807870.0 0.9145508202773275
3820580.0 0.8983060720824543
3833340.0 0.8827058069041324
3846130.0 0.8672022897873986
3858980.0 0.8517882984164582
3871860.0 0.8370129490474891
3884780.0 0.8223271088699672
3897750.0 0.807728267619472
3910770.0 0.7937535289279212
3923820.0 0.7796711394026903
3936920.0 0.7660599541696961
3950070.0 0.7523363859380784
3963250.0 0.7386982959023758
3976490.0 0.7256681994881216
3989760.0 0.7132459947524907
4003080.0 0.7003723776120205
4016450.0 0.6880988581541714
4029850.0 0.6759017482773589
4043310.0 0.664295427724432
4056810.0 0.6527596883880269
4070350.0 0.6412941680755683
4083940.0 0.6298969628898476
4097570.0 0.6185693199194497
4111250.0 0.6078206039316659
4124980.0 0.5971359443262272
4138750.0 0.5865164982657501
4152570.0 0.5759605658790289
4166430.0 0.5659736563148264
4180340.0 0.5560463203249701
4194300.0 0.5461783202285934
4208300.0 0.5363706918193355
4222350.0 0.526621865881814
4236450.0 0.5174276987038906
4250590.0 0.5082897461414386
4264780.0 0.49969933599702593
4279020.0 0.4907181178274594
4293300.0 0.4820857050278294
4307640.0 0.4736015105820409
4322020.0 0.46521793816819107
4336450.0 0.4570300961496363
4350930.0 0.4489397108582355
4365450.0 0.44099524418324254
4380030.0 0.4331934845409277
4394650.0 0.42553526772499045
4409320.0 0.4180184262696269
4424040.0 0.41059430266479174
4438810.0 0.40330957329619094
4453630.0 0.3961159062860955
4468500.0 0.38910670373328016
4483420.0 0.38223348791104356
4498380.0 0.3754959696439271
4513400.0 0.3688913440695116
4528470.0 0.36242909788151834
4543590.0 0.3560326303962635
4558760.0 0.34977664400111735
4573980.0 0.3436043481736401
4589250.0 0.3375151119992136
4604570.0 0.3315539509322835
4619940.0 0.32571978440518445
4635370.0 0.31992016725882244
4650840.0 0.3142918990711984
4666370.0 0.3086969798893051
4681950.0 0.30322571856482244
4697580.0 0.2978770594309908
4713260.0 0.2925607712432825
4729000.0 0.28736497807509903
4744780.0 0.282289867766877
4760620.0 0.2773332030423455
4776520.0 0.27249399231904103
4792460.0 0.26768465783648143
4808460.0 0.26299134509553335
4824520.0 0.2583695123225703
4840620.0 0.25381966863197236
4856780.0 0.24934018370655386
4873000.0 0.24493052311636082
4889270.0 0.24063363192589812
4905590.0 0.23636283423328444
4921970.0 0.232202929161844
4938400.0 0.22806831088728746
4954890.0 0.22404323376797586
4971430.0 0.22008492104943764
4988030.0 0.216213642636317
5004680.0 0.2123655628846061
5021390.0 0.20864532717117096
5038150.0 0.20498945088179926
5054970.0 0.20139700391982254
5071850.0 0.19786748272906834
5088780.0 0.1944007679806667
5105770.0 0.19095479974007287
5122820.0 0.18761154451900575
5139920.0 0.18432956651177293
5157080.0 0.18110800044752506
5174290.0 0.1779060834262614
5191570.0 0.17478943095167265
5208900.0 0.17172085947779578
5226290.0 0.16869643889384284
5243740.0 0.16573026250823977
5261250.0 0.16278190578835725
5278810.0 0.15993122195134707
5296430.0 0.1570976611923477
5314120.0 0.1543599569463489
5331860.0 0.15167841458269132
5349660.0 0.14901298563759294
5367520.0 0.1464027547738062
5385440.0 0.1438472600737148
5403420.0 0.14134604208254486
5421460.0 0.13889864381851022
5439560.0 0.13646597377782627
5457720.0 0.13408647412471944
5475940.0 0.1317213137464967
5494220.0 0.12944693274982946
5512560.0 0.1271862515616238
5530970.0 0.1249389815826739
5549430.0 0.12278126074909464
5567960.0 0.12059858481454606
5586550.0 0.11850435735981431
5605200.0 0.1164227750863191
5623910.0 0.11439114932985478
5642690.0 0.11240884874976224
5661530.0 0.11047565115522448
5680430.0 0.10855413055312363
5699390.0 0.1066811070588777
5718420.0 0.10481922099526282
5737510.0 0.10300523974259258
5756660.0 0.1012387434480594
5775880.0 0.09948275529268073
5795170.0 0.09777350048945015
5814510.0 0.09607476073185955
5833930.0 0.09438598975554433
5853400.0 0.09277944344242438
5872940.0 0.09114667659584802
5892550.0 0.08959500866136369
5912220.0 0.08801648144514894
5931960.0 0.08648424984971663
5951770.0 0.08499578857862429
5971630.0 0.08355169808712985
5991570.0 0.08211608461680255
6011570.0 0.08072415022636664
6031640.0 0.07934052603705773
6051780.0 0.07796517737508338
6071990.0 0.07663268223995706
6092260.0 0.07530531899943609
6112600.0 0.0740262092760829
6133000.0 0.0727519247235568
6153480.0 0.07151931431374356
6174020.0 0.07029419829564837
6194630.0 0.06907642620842028
6215320.0 0.06789967152375243
6236070.0 0.0667300833298463
6256880.0 0.06560121394303153
6277770.0 0.06447900707466142
6298730.0 0.0633635397920728
6319760.0 0.06232129361948827
6340860.0 0.06125213925675692
6362030.0 0.060222449328591346
6383270.0 0.059198940179321445
6404580.0 0.05821439920594477
6425960.0 0.05720305860090911
6447410.0 0.05626300992935651
6468940.0 0.05529602235308911
6490540.0 0.054367244827769105
6512200.0 0.05344413618310216
6533950.0 0.052558589895613614
6555760.0 0.05167844663148109
6577650.0 0.05080352224702051
6599610.0 0.049933872294216454
6621640.0 0.049101211507198816
6643750.0 0.0482734915374036
6665930.0 0.04745076420525314
6688180.0 0.046667571914352286
6710510.0 0.045882762403434446
6732910.0 0.045137026337188704
6755390.0 0.044395710100834034
6777940.0 0.043658860379750634
6800570.0 0.04292639237426584
6823280.0 0.0421982882506709
6846060.0 0.04150528986495438
6868910.0 0.04081647207676371
6891840.0 0.04016225131490448
6914850.0 0.03948151855559361
6937940.0 0.0388351463802884
6961100.0 0.038192678222302705
6984340.0 0.03755404079252794
7007660.0 0.03694920909062003
7031050.0 0.036318136192430864
7054530.0 0.035720584756884215
7078080.0 0.035156341993060385
7101710.0 0.03456586030956558
7125420.0 0.03400840786112459
7149210.0 0.033454278621929644
7173070.0 0.03293280358382579
7197020.0 0.032385178744814676
7221050.0 0.031869938757999934
7245160.0 0.03135777034694951
7269340.0 0.030848702295869453
7293610.0 0.03034263522317594
7317960.0 0.0298395987177794
7342390.0 0.029368203049264612
7366910.0 0.028899580820319383
7391500.0 0.02842811172500506
7416180.0 0.0279707655498629
7440940.0 0.02751898189432076
7465780.0 0.02707835011784249
7490700.0 0.026648773395231085
7515710.0 0.026224527801574037
7540800.0 0.025809790329928382
7565980.0 0.02540027925465249
7591240.0 0.025000142909044423
7616580.0 0.024605161597400754
7642010.0 0.024215264756948237
7667520.0 0.02383592865147711
7693120.0 0.02345883385184445
7718810.0 0.02308941686539843
7744570.0 0.022727672858698044
7770430.0 0.022370744196744022
7796370.0 0.022021348903412844
7822400.0 0.021676708288048865
7848520.0 0.021336786899403146
7874720.0 0.021004245002101705
7901010.0 0.020676333093267347
7927390.0 0.020358318612599426
7953850.0 0.020044854388801697
7980410.0 0.019735855127423946
8007050.0 0.019433961301415243
8033780.0 0.019136471362233717
8060600.0 0.01884335146309363
8087510.0 0.01855716659272331
8114510.0 0.018272677213684974
8141600.0 0.01799503872039857
8168780.0 0.0177216193064098
8196060.0 0.0174523647109307
8223420.0 0.017187285108685266
8250870.0 0.016926326162598124
8278420.0 0.01667197400783048
8306060.0 0.01641913125917848
8333790.0 0.01617283485560551
8361610.0 0.015928000635760494
8389520.0 0.015692137324123234
8417530.0 0.015457654496399433
8445640.0 0.01522952371454985
8473830.0 0.015005245056481186
8502120.0 0.01478227980450462
8530510.0 0.014565550185154708
8558990.0 0.014350107459682966
8587560.0 0.014140840316308304
8616230.0 0.01393279927406565
8645000.0 0.013728410451183871
8673860.0 0.01352766017163854
8702810.0 0.013330518464979225
8731870.0 0.013136925445583082
8761020.0 0.012946882648342168
8790270.0 0.012757955153952671
8819620.0 0.0125749042208584
8849060.0 0.0123929415189409
8878600.0 0.012214415136594556
8908250.0 0.0120416426424847
8937990.0 0.011869896912847322
8967830.0 0.011701503439432426
8997770.0 0.011536434484474247
9027800.0 0.011372347042855443
9057940.0 0.011213852027886079
9088180.0 0.01105628663204151
9118530.0 0.010899634836940404
9148970.0 0.01074851104985173
9179510.0 0.010598274094133322
9210160.0 0.01044890869647363
9240910.0 0.01030497131687943
9271760.0 0.010161879089397995
9302710.0 0.01001962822016049
9333770.0 0.009882707726448857
9364930.0 0.009746591394898193
9396200.0 0.009613502080712464
9427570.0 0.0094811950852401
9459040.0 0.009354110578938082
9490620.0 0.009227761928466385
9522300.0 0.009102155749817249
9554090.0 0.00897947897919796
9585990.0 0.008859706695634486
9617990.0 0.00874063803893572
9650100.0 0.008624438664880222
9682320.0 0.008508913345956121
9714650.0 0.008396222717103994
9747080.0 0.008284194668517212
9779620.0 0.008174966733006462
9812270.0 0.008066372832512613
9845030.0 0.007960545065484808
9877900.0 0.00785533178316474
9910870.0 0.007752858779979306
9943960.0 0.00765308649808341
9977160.0 0.007553892744050363
10010500.0 0.0074573521692239825
10043900.0 0.007361408541483272
10077400.0 0.0072660287980621
10111100.0 0.007173217831137792
10144800.0 0.007083095167384221
10178700.0 0.006991367076041711
10212700.0 0.006904296213695402
10246800.0 0.006815685578460674
10281000.0 0.006729641559398287
10315300.0 0.006646141129953809
10349700.0 0.006563130750220099
10384300.0 0.006480545540218732
10419000.0 0.006400464594475915
10453700.0 0.006320915292456341
10488600.0 0.006241773331381733
10523700.0 0.006165036268161151
10558800.0 0.006090799847321857
10594000.0 0.006015014710177373
10629400.0 0.005943574231406549
10664900.0 0.005870582301565633
10700500.0 0.00579998460666894
10736200.0 0.005729801734259299
10772100.0 0.0056619300153254734
10808000.0 0.005592564620075983
10844100.0 0.005527432815397455
10880300.0 0.005460751370107845
10916600.0 0.005396387969867423
10953100.0 0.0053323538259967525
10989700.0 0.005268697095570884
11026300.0 0.005207369026228636
11063200.0 0.005146307190913354
11100100.0 0.00508565133081883
11137200.0 0.005027194249979263
11174300.0 0.004969125338197263
11211600.0 0.004913227690178218
11249100.0 0.004855746062782717
11286600.0 0.004800508509341623
11324300.0 0.004745552983250291
11362100.0 0.00469277059661901
11400000.0 0.004638453956362366
11438100.0 0.004586254557335243
11476300.0 0.004536189875732245
11514600.0 0.0044846005410993485
11553000.0 0.00443513038874797
11591600.0 0.004385912330641847
11630300.0 0.004336983685935081
11669100.0 0.004288342833054264
11708100.0 0.004241747011453073
11747200.0 0.004193635775125831
11786400.0 0.004149374860194591
11825800.0 0.0041035607473405115
11865200.0 0.004059822199418366
11904800.0 0.0040163056947767435
11944600.0 0.003973011210908469
11984500.0 0.003929971495219381
12024500.0 0.003887185085550166
12064600.0 0.0038463925516698852
12104900.0 0.0038058074081118672
12145300.0 0.003765460598925664
12185900.0 0.003725320175761363
12226500.0 0.0036871652959169087
12267400.0 0.003647460505747479
12308300.0 0.003609727124527564
12349400.0 0.003572185833120662
12390600.0 0.0035348650661193156
12432000.0 0.0034994259401392746
12473500.0 0.0034625093717504437
12515200.0 0.0034274621939868574
12556900.0 0.003392647791568075
12598900.0 0.003357983891895032
12640900.0 0.0033235503371794317
12683100.0 0.0032909500439124344
12725500.0 0.003256863204086359
12768000.0 0.003224623570511848
12810600.0 0.0031925729312436263
12853300.0 0.0031607101551884664
12896300.0 0.003128985591400497
12939300.0 0.0030990961464692855
12982500.0 0.0030677385568639113
13025900.0 0.0030381558050067807
13069300.0 0.0030087695276848256
13113000.0 0.002979509606787393
13156800.0 0.0029504216345567743
13200700.0 0.002921504560308873
13244700.0 0.002892757339690824
13289000.0 0.002865717350051455
13333300.0 0.002838857041671222
13377800.0 0.0028105615633421707
13422500.0 0.0027839780377262317
13467300.0 0.002757550506849329
13512300.0 0.0027312577825227328
13557400.0 0.0027066698807649836
13602700.0 0.0026806605285432856
13648100.0 0.0026563442928257473
13693600.0 0.002630635280238765
13739300.0 0.002606588315648371
13785200.0 0.002582663321308198
13831200.0 0.002558878621451986
13877400.0 0.0025352150663062716
13923700.0 0.0025116905085364838
13970200.0 0.0024882862597715295
14016900.0 0.00246650151745098
14063700.0 0.0024433496656590913
14110600.0 0.0024218236720506816
14157700.0 0.002400406388125704
14205000.0 0.0023776180988777707
14252400.0 0.0023564391617620774
14300000.0 0.0023353679667025935
14347700.0 0.00231588527636792
14395600.0 0.0022950398451404203
14443700.0 0.002274301183912931
14491900.0 0.002253684639382205
14540300.0 0.0022346194839164522
14588800.0 0.0022142250286233496
14637500.0 0.0021953715699079813
14686400.0 0.0021766135071546342
14735400.0 0.0021579652991187037
14784600.0 0.002137990225292141
14834000.0 0.002119535900109362
14883500.0 0.0021026020519862936
14933200.0 0.0020843451436079624
14983100.0 0.0020661817752350986
15033100.0 0.00204812536433095
15083300.0 0.0020315551314009314
15133600.0 0.002013692761264907
15184200.0 0.001997293428118373
15234900.0 0.0019796105081007487
15285700.0 0.0019634069901562023
15336700.0 0.0019472854218448169
15387900.0 0.0019312456169584095
15439300.0 0.001915287385399039
15490900.0 0.0018994105332542626
15542600.0 0.0018836269819583295
15594500.0 0.0018679241290322085
15646500.0 0.0018523136120416827
15698800.0 0.0018367714112949888
15751200.0 0.0018213208601544867
15803800.0 0.0018072797728673213
15856500.0 0.0017919950919483062
15909500.0 0.0017780991934167453
15962600.0 0.0017629678886216299
16015900.0 0.0017492273404121645
16069300.0 0.0017355671438029606
16123000.0 0.0017206618622825263
16176800.0 0.001707144190964657
16230800.0 0.0016936952640173597
16285000.0 0.0016803148931064799
16339400.0 0.0016670028873315475
16393900.0 0.0016537691409915468
16448700.0 0.0016405931692922574
16503600.0 0.0016274948379252983
16558700.0 0.0016144638619481316
16614000.0 0.0016015000418019198
16669400.0 0.0015898735094899117
16725100.0 0.0015770390863407617
16780900.0 0.0015642805431791372
16836900.0 0.001552836398152223
16893100.0 0.0015402057701739804
16949500.0 0.0015288808449423652
17006100.0 0.0015163773484595344
17062900.0 0.0015051709036021078
17119900.0 0.001494021366755489
17177000.0 0.001481713648554144
17234400.0 0.0014706813771915234
17291900.0 0.0014597139072464263
17349600.0 0.0014488024334151622
17407600.0 0.0014367311773993703
17465700.0 0.0014259352576628762
17524000.0 0.001415194773798099
17582500.0 0.0014045095408680949
17641200.0 0.001393879372638407
17700100.0 0.0013833040816195517
17759200.0 0.0013739669130646236
17818500.0 0.001363496870622835
17878000.0 0.0013530811486681235
17937600.0 0.001342727040550823
17997500.0 0.0013324192998744459
18057600.0 0.0013233291787022477
18117900.0 0.0013131248524635732
18178400.0 0.0013029738894273332
18239100.0 0.0012940283884412813
18300000.0 0.0012839797249697051
18361100.0 0.0012751284826126434
18422400.0 0.0012651813760826882
18483900.0 0.001256423699068897
18545600.0 0.001246577398345483
18607500.0 0.0012379125851103066
18669600.0 0.0012292920606828252
18731900.0 0.0012195936794383187
18794500.0 0.0012110585263116792
18857200.0 0.001202573664258695
18920200.0 0.0011930152899871991
18983300.0 0.0011846212470287137
19046700.0 0.001176264295013024
19110300.0 0.001167950569961702
19174100.0 0.0011596799018704221
19238100.0 0.001151452120311684
19302300.0 0.0011432670544485764
19366800.0 0.001135118671882163
19431400.0 0.0011270185845658157
19496300.0 0.001118954958307828
19561400.0 0.001110933480394644
19626700.0 0.001102953976630135
19692200.0 0.0010950162725780542
19758000.0 0.0010871146914063475
19823900.0 0.0010792601204985732
19890100.0 0.0010714414373329745
19956500.0 0.0010647170998817049
20023200.0 0.0010569718843114308
20090000.0 0.0010492728752662947
20157100.0 0.0010420264537373961
20224400.0 0.0010348178832188073
20291900.0 0.001027543427673953
20359600.0 0.001020307184947824
20427600.0 0.0010132069126874553
20495800.0 0.0010061439366389608
20564200.0 0.0009991180918059227
20632900.0 0.0009922262655545102
20701800.0 0.0009852691399646586
20770900.0 0.0009784499339448379
20840200.0 0.0009716666243236291
20909800.0 0.0009650149460816224
20979600.0 0.0009582980881924412
21049600.0 0.0009517165792509367
21119900.0 0.0009451652726650647
21190400.0 0.0009386485756624357
21261200.0 0.0009322607941969209
21332200.0 0.0009258082116869391
21403400.0 0.0009194880417695515
21474800.0 0.0009132012765228412
21546500.0 0.0009069435496783782
21618500.0 0.0009008120497403323
21690600.0 0.0008946202372172209
21763100.0 0.0008885496928999114
21835700.0 0.0008825154185904859
21908600.0 0.000876509134773224
21981700.0 0.0008705347691247278
22055100.0 0.0008645882466570277
22128800.0 0.0008587645072270394
22202600.0 0.0008529755891650454
22276800.0 0.000847209814905019
22351100.0 0.0008414785578050488
22425800.0 0.000835770370824529
22500600.0 0.000830189801828437
22575700.0 0.000824635255075375
22651100.0 0.0008190139073460201
22726700.0 0.0008135151777279433
22802600.0 0.0008081344472541629
22878700.0 0.0008026905383584726
22955100.0 0.0007972723052017359
23031800.0 0.0007919709553931733
23108700.0 0.0007866979885373309
23185800.0 0.0007813626133627909
23263200.0 0.0007761429398446956
23340900.0 0.000771038018233537
23418800.0 0.0007658706866827276
23497000.0 0.0007608173502522664
23575400.0 0.0007557019790279615
23654100.0 0.0007506998481433595
23733100.0 0.0007457214657912389
23812300.0 0.000740769894607497
23891800.0 0.0007358419124203412
23971600.0 0.0007310251434639435
24051600.0 0.0007261469162493338
24131900.0 0.0007213791577525434
24212500.0 0.0007166341444652374
24293300.0 0.0007118282433789128
24374400.0 0.0007071317280008151
24455800.0 0.0007025436829375013
24537500.0 0.000697891893114175
24619400.0 0.0006932653457596529
24701600.0 0.0006887461971615296
24784000.0 0.0006841667039183088
24866800.0 0.0006796911464410944
24949800.0 0.0006752398821125401
25033100.0 0.0006708100962781874
25116700.0 0.0006664017339678992
25200500.0 0.000662100763375623
25284600.0 0.0006577373791428592
25369100.0 0.0006533926212319611
25453800.0 0.000649154179022767
25538700.0 0.0006449388001939603
25624000.0 0.0006407413530845153
25709500.0 0.0006365668070616535
25795400.0 0.0006324101281959395
25881500.0 0.0006282761863025584
25967900.0 0.0006241624471160102
26054600.0 0.0006200688517738805
26141600.0 0.0006160757369267994
26228900.0 0.0006121021111622477
26316400.0 0.0006080703651862574
26404300.0 0.0006041357861183266
26492400.0 0.0006002227852755077
26580900.0 0.0005963267494949913
26669600.0 0.0005924521280738916
26758600.0 0.0005886751376455126
26848000.0 0.0005848361932892317
26937600.0 0.0005810184165128791
27027500.0 0.0005772973068163582
27117800.0 0.0005735924087979449
27208300.0 0.000569830669418451
27299200.0 0.0005661625639601495
27390300.0 0.0005625146978891385
27481700.0 0.0005588849158863775
27573500.0 0.0005552711428163497
27665500.0 0.0005516773642254279
27757900.0 0.0005481752246244954
27850600.0 0.0005446149932545884
27943500.0 0.0005411497227967904
28036800.0 0.000537624783944818
28130400.0 0.0005341922436271712
28224400.0 0.0005307749478453272
28318600.0 0.000527376614161771
28413100.0 0.000523995281529907
28508000.0 0.0005206290613604289
28603200.0 0.0005172797529361418
28698700.0 0.0005139472929798193
28794500.0 0.0005106316180144766
28890600.0 0.0005074054106495025
28987000.0 0.0005041228724887176
29083800.0 0.0005009274694800942
29180900.0 0.0004976761266728284
29278300.0 0.0004945130665674872
29376100.0 0.0004913642910046132
29474200.0 0.0004882314424513435
29572600.0 0.00048511445774866474
29671300.0 0.0004820132736138616
29770300.0 0.0004789278266439967
29869700.0 0.00047585646021625934
29969500.0 0.0004727991572073088
30069500.0 0.0004698289182807179
30169900.0 0.00046680251808878785
30270600.0 0.00046386102709644145
30371700.0 0.0004608637724958579
30473100.0 0.00045795086668219193
30574800.0 0.00045505281708775776
30676900.0 0.0004520995766920294
30779300.0 0.00044922983370861006
30882100.0 0.00044637334045000593
30985200.0 0.0004435315070936082
31088600.0 0.0004407042700566319
31192400.0 0.00043795753999958676
31296500.0 0.0004351577041263357
31401000.0 0.00043237092461191227
31505900.0 0.00042966388531612146
31611000.0 0.0004269056252871152
31716600.0 0.0004242252234355054
31822500.0 0.0004214925929209331
31928700.0 0.00041883997904493394
32035300.0 0.00041619975588296556
32142200.0 0.0004135077983551668
32249600.0 0.0004108924872568672
32357200.0 0.00040829201407438536
32465200.0 0.0004057037800043541
32573600.0 0.0004031277586569189
32682400.0 0.00040062822939231606
32791500.0 0.0003980775519608167
32901000.0 0.00039553898197485816
33010800.0 0.0003930136817892179
33121000.0 0.00039056386376480086
33231600.0 0.000388062378357578
33342500.0 0.00038563705233909197
33453800.0 0.00038322322434598404
33565500.0 0.0003807582518818857
33677600.0 0.0003783675436661744
33790000.0 0.0003759893599763976
33902800.0 0.0003736225373318432
34016000.0 0.0003712670462048904
34129600.0 0.00036892285666398437
34243500.0 0.00036659100891765366
34357900.0 0.00036426932085448357
34472600.0 0.0003619598923225934
34587600.0 0.00035966266145137096
34703100.0 0.0003573755069244834
34819000.0 0.00035515980710475295
34935200.0 0.0003528956184231668
35051900.0 0.0003507013992967115
35168900.0 0.00034845900951741563
35286300.0 0.0003462871265187464
35404100.0 0.00034406639676413454
35522300.0 0.00034191571173574107
35640900.0 0.0003397754786299991
35759900.0 0.00033764566527418613
35879300.0 0.0003355262392235302
35999000.0 0.00033341809395617263
36119200.0 0.0003313193352484199
36239800.0 0.0003292308650450659
36360800.0 0.00032715264989927804
36482200.0 0.00032508465612912977
36604000.0 0.0003230268498320577
36726200.0 0.0003209791968853333
36848800.0 0.00031899869830722826
36971800.0 0.0003169710591207866
37095300.0 0.00031495262130411223
37219100.0 0.0003130015241259381
37343400.0 0.00031100291875020054
37468000.0 0.0003090711927413137
37593100.0 0.0003071481868536205
37718600.0 0.00030517897993797216
37844500.0 0.0003032751635319455
37970900.0 0.00030138000363122896
38097700.0 0.0002994942748118224
38224800.0 0.0002976187210166097
38352500.0 0.00029575097166372567
38480500.0 0.00029389332764312806
38609000.0 0.0002920442189134854
38737900.0 0.0002902043812821322
38867200.0 0.00028837377931336647
38997000.0 0.00028655164266504766
39127100.0 0.0002847931266764722
39257800.0 0.00028298840486383297
39388800.0 0.00028119351831395686
39520300.0 0.0002794601759591889
39652300.0 0.00027768182540890025
39784700.0 0.0002759653279647076
39917500.0 0.0002742048183678818
40050700.0 0.00027250573835256575
40184500.0 0.0002707615779412594
40318600.0 0.00026907911898274556
40453200.0 0.00026740450951904724
40588300.0 0.0002657377333451789
40723800.0 0.0002640794223572536
40859700.0 0.00026242954104096556
40996100.0 0.00026073615226465473
41133000.0 0.0002591019402848377
41270300.0 0.00025747607474712963
41408100.0 0.0002559086572344649
41546400.0 0.0002542979898987801
41685100.0 0.0002526955853638813
41824200.0 0.00025110140739985885
41963900.0 0.0002495142305956889
42104000.0 0.000247985147333518
42244500.0 0.0002464141221051903
42385600.0 0.0002448996310848195
42527100.0 0.000243343480506829
42669000.0 0.0002417953849219643
42811500.0 0.0002403032760191146
42954400.0 0.00023881884331638573
43097800.0 0.00023729273562301696
43241700.0 0.00023582262684889143
43386100.0 0.00023435956920510849
43530900.0 0.00023285579768612814
43676300.0 0.00023140693844474327
43822100.0 0.00022996559470434336
43968400.0 0.00022853121127476295
44115200.0 0.00022710376767899395
44262400.0 0.00022568375311850318
44410200.0 0.00022427012209297716
44558500.0 0.00022286336834259718
44707200.0 0.00022146396599283152
44856500.0 0.00022007089814354253
45006200.0 0.00021868512926478828
45156500.0 0.00021735220335882493
45307300.0 0.0002159793497545626
45458500.0 0.00021461371614322973
45610300.0 0.00021330041068690346
45762600.0 0.0002119475760497875
45915300.0 0.00021060188141857117
46068600.0 0.0002093080031126628
46222400.0 0.00020802045714789582
46376700.0 0.00020669390449635337
46531600.0 0.00020541866832333145
46686900.0 0.00020410512861548054
46842800.0 0.00020284256781097576
46999200.0 0.00020158623852693
47156100.0 0.0002003361187221332
47313500.0 0.00019904776586593577
47471500.0 0.00019780972955598343
47630000.0 0.00019657784343810197
47789000.0 0.00019535208498348386
47948500.0 0.00019413243158004196
48108600.0 0.00019291845952606334
48269200.0 0.00019171055472838795
48430300.0 0.00019050869424010278
48592000.0 0.00018931246544691267
48754300.0 0.00018812185647947626
48917000.0 0.0001869805838013783
49080300.0 0.00018580178450769397
49244200.0 0.00018462855383080513
49408600.0 0.0001834612504081452
49573500.0 0.000182342245905405
49739100.0 0.00018118585647455542
49905100.0 0.0001800778121724888
50071700.0 0.00017893299669578328
50238900.0 0.00017783548446335896
50406600.0 0.00017670180546854866
50574900.0 0.00017561511773681555
50743700.0 0.0001744925010283179
50913100.0 0.00017341656498872358
51083100.0 0.00017234574067441342
51253700.0 0.00017123900931733925
51424800.0 0.000170178835938416
51596500.0 0.00016912372724668534
51768700.0 0.0001680739941972919
51941500.0 0.0001670292920674045
52115000.0 0.0001659892883902495
52288900.0 0.00016495492456287277
52463500.0 0.0001638851708601335
52638700.0 0.0001629005111458513
52814400.0 0.00016188105756369256
52990700.0 0.0001608665429434158
53167600.0 0.00015985695249908638
53345100.0 0.0001588522713098336
53523200.0 0.00015785248432061174
53701900.0 0.00015685757634923062
53881200.0 0.00015590653797618227
54061100.0 0.00015492121219438845
54241600.0 0.00015394071957948967
54422700.0 0.00015300366225483804
54604400.0 0.000152032660378599
54786700.0 0.00015106644479331602
54969600.0 0.00015014323308904363
55153100.0 0.00014918641483821046
55337200.0 0.00014827231466152694
55522000.0 0.00014732456542395167
55707300.0 0.00014641951766004074
55893300.0 0.00014551864840399027
56079900.0 0.0001445847310968914
56267100.0 0.00014369282824485568
56455000.0 0.00014280506971626396
56643400.0 0.00014192194828571803
56832500.0 0.0001410059644768232
57022300.0 0.00014013119342475862
57212700.0 0.000139260765975757
57403700.0 0.00013839466620196552
57595300.0 0.00013753287811598043
57787600.0 0.0001366751491612371
57980500.0 0.00013582170426930574
58174100.0 0.00013497229521562101
58368300.0 0.0001341271421956719
58563200.0 0.00013328600125261648
58758700.0 0.00013244908793546837
58954900.0 0.00013161616249050378
59151700.0 0.00013082296631952662
59349200.0 0.00012999808475193126
59547300.0 0.00012917737338715462
59746100.0 0.00012836060062555558
59945600.0 0.00012758281575071145
60145700.0 0.00012677398240750203
60346500.0 0.000125969051881419
60548000.0 0.00012520272425502727
60750100.0 0.000124405655677143
60952900.0 0.00012364693364555848
61156400.0 0.00012285747127924396
61360600.0 0.00012210610416772834
61565400.0 0.00012132440120845846
61771000.0 0.00012058034432033781
61977200.0 0.00011984006389233697
62184100.0 0.00011906955447828406
62391700.0 0.00011833651337424253
62600000.0 0.0001176070191749935
62809000.0 0.00011684759947019876
63018700.0 0.0001161252776396654
63229100.0 0.00011540646937656635
63440200.0 0.00011469116351665229
63652000.0 0.00011397934881229808
63864500.0 0.00011327101393534395
64077700.0 0.00011253334848559642
64291600.0 0.00011183204809233367
64506300.0 0.00011113402042921017
64721600.0 0.00011043960008548059
64937700.0 0.00010974843241716788
65154500.0 0.0001090606779065177
65372000.0 0.00010840847429541606
65590200.0 0.00010772740349210745
65809200.0 0.00010704954777475206
66028900.0 0.00010637506089470677
66249400.0 0.00010570377116174326
66470500.0 0.00010506760533158372
66692500.0 0.00010440273522644266
66915100.0 0.00010374134654193331
67138500.0 0.00010308311530473153
67362700.0 0.00010245923307532601
67587500.0 0.000101807490124447
67813200.0 0.0001011897179573403
68039600.0 0.00010054412049294398
68266700.0 9.990178080379912e-05
68494700.0 9.929308023250797e-05
68723300.0 9.865697516726889e-05
68952800.0 9.805428850633801e-05
69183000.0 9.745461439265251e-05
69413900.0 9.68276634282512e-05
69645700.0 9.623380322767297e-05
69878200.0 9.564292486733775e-05
70111500.0 9.502490449333439e-05
70345500.0 9.443992059761995e-05
70580400.0 9.38576187924032e-05
70816000.0 9.324857993022976e-05
71052400.0 9.267211634454028e-05
71289700.0 9.209831325392699e-05
71527700.0 9.152742175971472e-05
71766500.0 9.095930285612525e-05
72006100.0 9.039394789396982e-05
72246400.0 8.983147249515477e-05
72487600.0 8.927161800779748e-05
72729600.0 8.871450111825296e-05
72972500.0 8.815999210058946e-05
73216100.0 8.760832476177286e-05
73460500.0 8.705936809064342e-05
73705800.0 8.651299562120061e-05
73951800.0 8.596943408668164e-05
74198700.0 8.542844064286761e-05
74446400.0 8.489012338762412e-05
74695000.0 8.435436006162391e-05
74944400.0 8.384929963993742e-05
75194600.0 8.331875287555232e-05
75445600.0 8.279084715366685e-05
75697500.0 8.226546426314568e-05
75950200.0 8.177037727613755e-05
76203800.0 8.125003413534477e-05
76458200.0 8.073229809608353e-05
76713400.0 8.024455598931485e-05
76969500.0 7.97318101907872e-05
77226500.0 7.924875647119356e-05
77484300.0 7.874096990837778e-05
77743000.0 7.826267910704187e-05
78002500.0 7.775981929899613e-05
78263000.0 7.728616117471837e-05
78524200.0 7.678819618757501e-05
78786400.0 7.631924040470839e-05
79049400.0 7.582604099814816e-05
79313300.0 7.536175612955523e-05
79578100.0 7.489970355639927e-05
79843800.0 7.441355424768226e-05
80110400.0 7.395603404547397e-05
80377800.0 7.350081735195517e-05
80646200.0 7.304771364438037e-05
80915400.0 7.257092428846954e-05
81185500.0 7.212238508512943e-05
81456600.0 7.167594058048609e-05
81728500.0 7.12317606299892e-05
82001400.0 7.078966305221402e-05
82275100.0 7.034981425694498e-05
82549800.0 6.991203528213665e-05
82825400.0 6.945103039892868e-05
83101900.0 6.901762655688113e-05
83379400.0 6.858627463777904e-05
83657700.0 6.815713263332829e-05
83937000.0 6.775506827690875e-05
84217300.0 6.732991550580396e-05
84498400.0 6.690694995757316e-05
84780500.0 6.648600500663663e-05
85063600.0 6.60670753957664e-05
85347500.0 6.565030963772193e-05
85632500.0 6.523546934841011e-05
85918400.0 6.482270219359286e-05
86205200.0 6.443638048999359e-05
86493000.0 6.402758136022979e-05
86781800.0 6.362076059455686e-05
87071500.0 6.321598512649004e-05
87362200.0 6.28372323523376e-05
87653800.0 6.24363734075174e-05
87946500.0 6.203739676469688e-05
88240100.0 6.16642561129988e-05
88534700.0 6.126915947100164e-05
88830300.0 6.089965771014621e-05
89126800.0 6.0508414881609865e-05
89424400.0 6.014252936275536e-05
89722900.0 5.9755047261373024e-05
90022500.0 5.9392755602254556e-05
90323000.0 5.900901064387507e-05
90624600.0 5.865029009413938e-05
90927100.0 5.827025833717575e-05
91230700.0 5.791508580038111e-05
91535200.0 5.753874296788228e-05
91840800.0 5.7187095023066184e-05
92147500.0 5.6837101037739866e-05
92455100.0 5.646614729813938e-05
92763800.0 5.611964480050326e-05
93073400.0 5.57749015038426e-05
93384200.0 5.543173180163844e-05
93695900.0 5.506787870228833e-05
94008700.0 5.472815460044293e-05
94322600.0 5.439004945444232e-05
94637500.0 5.405361606082685e-05
94953500.0 5.3718791842781194e-05
95270500.0 5.3385628421500334e-05
95588500.0 5.3032132941973385e-05
95907600.0 5.2702291069872955e-05
96227800.0 5.2374038087745655e-05
96549100.0 5.204736940674844e-05
96871400.0 5.172233378355554e-05
97194800.0 5.139887212247411e-05
97519300.0 5.107697971027964e-05
97844900.0 5.0756651790250685e-05
98171600.0 5.043788356350641e-05
98499300.0 5.012072107453001e-05
98828100.0 4.980510758203062e-05
99158100.0 4.9512183553484345e-05
99489100.0 4.919958326399762e-05
99821300.0 4.8888468399064256e-05
100155000.0 4.857868984961089e-05
100489000.0 4.8270824599651436e-05
100824000.0 4.7964523372310195e-05
101161000.0 4.7680084220984175e-05
101499000.0 4.737636046834463e-05
101838000.0 4.7074190601485126e-05
102178000.0 4.679413687746209e-05
102519000.0 4.649498657968623e-05
102861000.0 4.6197370630855086e-05
103204000.0 4.592164679521884e-05
103549000.0 4.5626571450746965e-05
103895000.0 4.533301947594235e-05
104241000.0 4.5061578014874314e-05
104589000.0 4.477098131876341e-05
104939000.0 4.450149191953067e-05
105289000.0 4.421383308650821e-05
105641000.0 4.3947143317848614e-05
105993000.0 4.366239637091676e-05
106347000.0 4.339848114135954e-05
106702000.0 4.311621605259509e-05
107058000.0 4.285505408880684e-05
107416000.0 4.2575264317656776e-05
107774000.0 4.231683418396835e-05
108134000.0 4.203990140609652e-05
108495000.0 4.178379274663834e-05
108857000.0 4.152900125344454e-05
109221000.0 4.1255900428966506e-05
109585000.0 4.100379245473228e-05
109951000.0 4.0752612450559985e-05
110318000.0 4.0502731983477845e-05
110687000.0 4.0234793591490856e-05
111056000.0 3.998756027286356e-05
111427000.0 3.974125112463696e-05
111799000.0 3.949622344087792e-05
112172000.0 3.9233734762460776e-05
112547000.0 3.899096725082534e-05
112922000.0 3.874981214096924e-05
113299000.0 3.8509573623654375e-05
113678000.0 3.827025525950761e-05
114057000.0 3.8032527357323044e-05
114438000.0 3.7795713558416645e-05
114820000.0 3.756014425713355e-05
115203000.0 3.732581320807674e-05
115588000.0 3.7092393279699907e-05
115974000.0 3.686020530308469e-05
116361000.0 3.6629243004340254e-05
116750000.0 3.639918835660836e-05
117139000.0 3.617066165871326e-05
117530000.0 3.59430360882167e-05
117923000.0 3.571631426317345e-05
118316000.0 3.549109860257441e-05
118711000.0 3.526677997548909e-05
119108000.0 3.5043360757299925e-05
119505000.0 3.4821425952793366e-05
119904000.0 3.460038367274372e-05
120305000.0 3.439770569303525e-05
120706000.0 3.417896275919009e-05
121109000.0 3.3961107549553636e-05
121514000.0 3.37441419888168e-05
121919000.0 3.354585625811421e-05
122326000.0 3.333115727274106e-05
122735000.0 3.311734256695739e-05
123145000.0 3.290468094819693e-05
123556000.0 3.271017607296896e-05
123968000.0 3.2499745178465796e-05
124382000.0 3.229018914068229e-05
124797000.0 3.2098607219743966e-05
125214000.0 3.189100085145976e-05
125632000.0 3.170124936418051e-05
126051000.0 3.14958330797298e-05
126472000.0 3.1291283058284984e-05
126894000.0 3.110440785579666e-05
127318000.0 3.0901778427778157e-05
127743000.0 3.071670624123358e-05
128170000.0 3.051598736668721e-05
128597000.0 3.033294462776304e-05
129027000.0 3.0134123677298867e-05
129458000.0 2.9952626760965624e-05
129890000.0 2.9755924633424323e-05
130323000.0 2.9576426495274274e-05
130758000.0 2.9397667520563757e-05
131195000.0 2.92036289879216e-05
131633000.0 2.902662466538421e-05
132072000.0 2.8834662759669108e-05
132513000.0 2.8659400658843018e-05
132956000.0 2.8484872732450747e-05
133400000.0 2.831129174307637e-05
133845000.0 2.812294978477573e-05
134292000.0 2.7951090112993955e-05
134740000.0 2.7780164561121283e-05
135190000.0 2.7594417252629868e-05
135641000.0 2.74251948002045e-05
136094000.0 2.7256693369334843e-05
136549000.0 2.708891318807303e-05
137004000.0 2.6922247426573832e-05
137462000.0 2.6740811874182847e-05
137921000.0 2.65756270717402e-05
138381000.0 2.641134722884102e-05
138843000.0 2.6247777852589023e-05
139307000.0 2.6084918919366628e-05
139772000.0 2.5922955809556956e-05
140238000.0 2.5761883076817935e-05
140707000.0 2.5601331408106227e-05
141176000.0 2.5426959496376683e-05
141648000.0 2.526804482501902e-05
142121000.0 2.5110009026734497e-05
142595000.0 2.4952846680478086e-05
143071000.0 2.479637908393191e-05
143549000.0 2.4640605865815035e-05
144028000.0 2.4485696607234377e-05
144509000.0 2.4331477558225598e-05
144991000.0 2.4192610259053667e-05
145475000.0 2.403988543451274e-05
145961000.0 2.3887846158228852e-05
146448000.0 2.3736653915498692e-05
146937000.0 2.3586142851240078e-05
147428000.0 2.3436312312780367e-05
147920000.0 2.328731903166918e-05
148414000.0 2.3139001783395405e-05
148909000.0 2.300562809696482e-05
149407000.0 2.2858612071773653e-05
149905000.0 2.271257285163295e-05
150406000.0 2.2567050601975978e-05
150908000.0 2.2422346014510633e-05
151412000.0 2.2292187250473542e-05
151917000.0 2.2148911810303536e-05
152424000.0 2.2006297007054495e-05
152933000.0 2.186434186552854e-05
153444000.0 2.1736742121765763e-05
153956000.0 2.15961978594536e-05
154470000.0 2.145630748474041e-05
154986000.0 2.1330630384548415e-05
155503000.0 2.1192135587724052e-05
156022000.0 2.1054288752971287e-05
156543000.0 2.0930514321485318e-05
157066000.0 2.0793915188181592e-05
157590000.0 2.0671428051014213e-05
158116000.0 2.0536200802437406e-05
158644000.0 2.040161308084174e-05
159174000.0 2.0280867284920132e-05
159705000.0 2.0147636885064095e-05
160238000.0 2.00281556662404e-05
160773000.0 1.989614669043605e-05
161310000.0 1.9777797132694356e-05
161849000.0 1.9647004522700977e-05
162389000.0 1.952990226313409e-05
162931000.0 1.940043870183081e-05
163475000.0 1.928445414737212e-05
164021000.0 1.916900522101151e-05
164569000.0 1.90413199623007e-05
165118000.0 1.892709606759981e-05
165669000.0 1.8800716054363094e-05
166222000.0 1.8687593047999495e-05
166777000.0 1.8574997483100636e-05
167334000.0 1.8450368333750637e-05
167893000.0 1.8338865815574986e-05
168453000.0 1.8215518737542793e-05
169016000.0 1.8105102721104616e-05
169580000.0 1.7995313746462678e-05
170146000.0 1.7886042391475927e-05
170714000.0 1.7764976207349418e-05
171284000.0 1.7656777117984118e-05
171856000.0 1.7549091538799484e-05
172430000.0 1.7441918106521355e-05
173005000.0 1.7323207529431418e-05
173583000.0 1.7217093737548232e-05
174162000.0 1.7111586028298933e-05
174744000.0 1.7006485541571453e-05
175327000.0 1.6889999195779187e-05
175912000.0 1.6786041615207325e-05
176500000.0 1.66824896103713e-05
177089000.0 1.6579531647062876e-05
177680000.0 1.6477070820930336e-05
178273000.0 1.637510563618206e-05
178869000.0 1.6273543602836093e-05
179466000.0 1.6172566025386884e-05
180065000.0 1.6060407707410874e-05
180666000.0 1.5960449544748557e-05
181269000.0 1.586097921359061e-05
181874000.0 1.576199514325946e-05
182482000.0 1.5663409916058537e-05
183091000.0 1.556539443183449e-05
183702000.0 1.5467860423600413e-05
184315000.0 1.537080627812857e-05
184931000.0 1.5274147778201066e-05
185548000.0 1.5178049272360503e-05
186168000.0 1.5082344710182098e-05
186789000.0 1.4987195250376763e-05
187413000.0 1.4892437969832827e-05
188038000.0 1.4798230894063615e-05
188666000.0 1.4704414173595609e-05
189296000.0 1.4622168203168536e-05
189928000.0 1.4529249061775282e-05
190562000.0 1.4436794740938492e-05
191198000.0 1.4344803518032593e-05
191837000.0 1.4253199365392863e-05
192477000.0 1.4162129866305822e-05
193120000.0 1.407144539092285e-05
193764000.0 1.398129062939094e-05
194411000.0 1.3902329318944598e-05
195060000.0 1.3812975540058617e-05
195711000.0 1.37240741320729e-05
196365000.0 1.3635553872028236e-05
197020000.0 1.3547552531211652e-05
197678000.0 1.3470561961431077e-05
198338000.0 1.3383350699464945e-05
199000000.0 1.3296584294719515e-05
199665000.0 1.3210194767576188e-05
200331000.0 1.3134792253531208e-05
201000000.0 1.3049262435819295e-05
201671000.0 1.2964159513321299e-05
202344000.0 1.2889880406295552e-05
203020000.0 1.2805552283275504e-05
203698000.0 1.2721658966544906e-05
204378000.0 1.2648481910395454e-05
205060000.0 1.2565418411694812e-05
205745000.0 1.2482723580750317e-05
206432000.0 1.2410638422505027e-05
207121000.0 1.2328765187760313e-05
207812000.0 1.2257430380186885e-05
208506000.0 1.2176313323294981e-05
209202000.0 1.2095618824898852e-05
209901000.0 1.2025300485085794e-05
210601000.0 1.1945412703357295e-05
211304000.0 1.1875832016683323e-05
212010000.0 1.179663257427956e-05
212718000.0 1.1727728823074322e-05
213428000.0 1.1649325690193835e-05
214140000.0 1.158114892649857e-05
214855000.0 1.1503481393221385e-05
215573000.0 1.1435919351933196e-05
216292000.0 1.1359036423328052e-05
217014000.0 1.1292191535054858e-05
217739000.0 1.1215982976907133e-05
218466000.0 1.1149798436016158e-05
219195000.0 1.1074363597450182e-05
219927000.0 1.100883509736061e-05
220661000.0 1.0934117674068432e-05
221398000.0 1.0869241311086634e-05
222137000.0 1.0804698161522362e-05
222879000.0 1.0731008749710335e-05
223623000.0 1.0667111374237149e-05
224369000.0 1.0603543245971495e-05
225118000.0 1.0530920042716201e-05
225870000.0 1.0467944418872538e-05
226624000.0 1.0396021028272987e-05
227381000.0 1.0333681429961615e-05
228140000.0 1.0271665490228178e-05
228901000.0 1.0209971615044106e-05
229666000.0 1.0139358791794295e-05
230432000.0 1.0078291747634847e-05
231202000.0 1.0017456041495134e-05
231973000.0 9.947921246553587e-06
232748000.0 9.88770723289459e-06
233525000.0 9.827808717509968e-06
234305000.0 9.768182405290071e-06
235087000.0 9.699929141520872e-06
235872000.0 9.640916216455077e-06
236659000.0 9.582213807726167e-06
237449000.0 9.523780202223855e-06
238242000.0 9.465614933357834e-06
239037000.0 9.398964581108677e-06
239835000.0 9.34140239868935e-06
240636000.0 9.284106251786286e-06
241439000.0 9.227113845402069e-06
242245000.0 9.170385714608868e-06
243054000.0 9.113921330859028e-06
243866000.0 9.049101960799202e-06
244680000.0 8.993228896876139e-06
245497000.0 8.93761713667804e-06
246316000.0 8.882302172488407e-06
247139000.0 8.827210960771264e-06
247964000.0 8.77241469467203e-06
248792000.0 8.717876720574858e-06
249622000.0 8.663631141409273e-06
250456000.0 8.609607597727628e-06
251292000.0 8.555874553157586e-06
252131000.0 8.502396674457647e-06
252972000.0 8.44920672502687e-06
253817000.0 8.396236939839777e-06
254664000.0 8.34355314875647e-06
255515000.0 8.291088847193838e-06
256368000.0 8.238908578710133e-06
257223000.0 8.18701073474213e-06
258082000.0 8.132073280201222e-06
258944000.0 8.080653284173094e-06
259808000.0 8.030321622667923e-06
260676000.0 7.979394911146916e-06
261546000.0 7.929549157637793e-06
262419000.0 7.879142942010904e-06
263295000.0 7.829780010349456e-06
264174000.0 7.780656097687776e-06
265056000.0 7.731770494069069e-06
265941000.0 7.683122482812284e-06
266829000.0 7.634711340697534e-06
267720000.0 7.586536338161485e-06
268614000.0 7.538596739478224e-06
269510000.0 7.491699414170862e-06
270410000.0 7.444225528785176e-06
271313000.0 7.397759450427309e-06
272219000.0 7.350748573389828e-06
273127000.0 7.304765586831734e-06
274039000.0 7.258981367505305e-06
274954000.0 7.21342217063575e-06
275872000.0 7.167325410446884e-06
276793000.0 7.122216530641267e-06
277717000.0 7.0780871646696774e-06
278644000.0 7.0334204850840654e-06
279575000.0 6.9889500212142e-06
280508000.0 6.944725236770985e-06
281445000.0 6.901442340993572e-06
282384000.0 6.8576538479387696e-06
283327000.0 6.814801191347495e-06
284273000.0 6.7714220544206355e-06
285222000.0 6.728996762595795e-06
286174000.0 6.686782753030948e-06
287129000.0 6.644779247344155e-06
288088000.0 6.6029625442764095e-06
289050000.0 6.561355220205313e-06
290015000.0 6.519956482751618e-06
290983000.0 6.478765537127929e-06
291955000.0 6.4384794014295935e-06
292929000.0 6.397699465021575e-06
293907000.0 6.357103299799707e-06
294888000.0 6.317424855838747e-06
295873000.0 6.277214324502632e-06
296861000.0 6.237915573914838e-06
297852000.0 6.198815104623572e-06
298846000.0 6.1599121216169774e-06
299844000.0 6.121185413919157e-06
300845000.0 6.0826549904622816e-06
301849000.0 6.0443200473087396e-06
302857000.0 6.006159947812292e-06
303868000.0 5.9681940996389176e-06
304883000.0 5.930402239625077e-06
305900000.0 5.893509695284472e-06
306922000.0 5.856081470673574e-06
307946000.0 5.819546371461312e-06
308974000.0 5.782498359928669e-06
310006000.0 5.746299871694704e-06
311041000.0 5.7102865146028505e-06
312079000.0 5.674457485292501e-06
313121000.0 5.638122766940761e-06
314167000.0 5.602626719774172e-06
315215000.0 5.567330927891657e-06
316268000.0 5.532846119774431e-06
317324000.0 5.497875881978344e-06
318383000.0 5.463086145105155e-06
319446000.0 5.4284591007592304e-06
320512000.0 5.394666983060375e-06
321583000.0 5.360362002465327e-06
322656000.0 5.3269031166702085e-06
323733000.0 5.292951419152585e-06
324814000.0 5.259807151015969e-06
325899000.0 5.226818609825984e-06
326987000.0 5.194001340411932e-06
328078000.0 5.161354539075756e-06
329174000.0 5.128846241332897e-06
330272000.0 5.096522838200499e-06
331375000.0 5.064337228191072e-06
332481000.0 5.032319763130759e-06
333591000.0 5.0004546445772225e-06
334705000.0 4.969369420591341e-06
335823000.0 4.937805778925033e-06
336944000.0 4.9064079142815e-06
338069000.0 4.875782265903528e-06
339197000.0 4.845316914465296e-06
340330000.0 4.8143652325967475e-06
341466000.0 4.78419241210777e-06
342606000.0 4.7541641791911244e-06
343750000.0 4.724280143590157e-06
344897000.0 4.694553521608769e-06
346049000.0 4.664825982209072e-06
347204000.0 4.6355159477099545e-06
348363000.0 4.60621766861553e-06
349526000.0 4.5770613123920314e-06
350693000.0 4.548046464738057e-06
351864000.0 4.519770007306812e-06
353039000.0 4.491034929382492e-06
354217000.0 4.463046029487329e-06
355400000.0 4.4345889195559975e-06
356586000.0 4.4068729479084576e-06
357777000.0 4.379279528856099e-06
358971000.0 4.351247366998668e-06
360170000.0 4.323924573316998e-06
361372000.0 4.29674741973448e-06
362579000.0 4.269691580474916e-06
363789000.0 4.242780288985485e-06
365004000.0 4.215989670092622e-06
366222000.0 4.189342498635405e-06
367445000.0 4.16281534250841e-06
368671000.0 4.137000596548593e-06
369902000.0 4.110733226430123e-06
371137000.0 4.0845960842377465e-06
372376000.0 4.059153114910489e-06
373619000.0 4.033273188223134e-06
374867000.0 4.008072086134347e-06
376118000.0 3.983006455727004e-06
377374000.0 3.9574976471828535e-06
378634000.0 3.932671605059734e-06
379898000.0 3.907969096737638e-06
381166000.0 3.883389670943008e-06
382439000.0 3.85892278433144e-06
383716000.0 3.834578266528313e-06
384997000.0 3.810355658671231e-06
386282000.0 3.7862545004005816e-06
387572000.0 3.7622646226404558e-06
388866000.0 3.7389359217254046e-06
390164000.0 3.715185202991517e-06
391466000.0 3.691554267656177e-06
392773000.0 3.6685683963866625e-06
394085000.0 3.645155431331592e-06
395400000.0 3.6224018967324657e-06
396720000.0 3.599753835903773e-06
398045000.0 3.576683051368809e-06
399374000.0 3.554256003129461e-06
400707000.0 3.5319424637093287e-06
402045000.0 3.5097332403520073e-06
403387000.0 3.4876367667502205e-06
404734000.0 3.4656440136999633e-06
406085000.0 3.44376324181541e-06
407441000.0 3.4219855828558747e-06
408801000.0 3.400319127585723e-06
410166000.0 3.378755166171652e-06
411535000.0 3.3578123165930654e-06
412909000.0 3.3364589377343168e-06
414287000.0 3.3152151897905337e-06
415671000.0 3.2945703586585e-06
417058000.0 3.2735350655442887e-06
418451000.0 3.2530948368792936e-06
419848000.0 3.2322588636812164e-06
421249000.0 3.2120295113342434e-06
422656000.0 3.1918889588948122e-06
424067000.0 3.17185213672018e-06
425482000.0 3.151918577715967e-06
426903000.0 3.132073141919815e-06
428328000.0 3.1123303186488958e-06
429758000.0 3.092682442089536e-06
431193000.0 3.073129251098198e-06
432632000.0 3.0536775397798955e-06
434077000.0 3.034312856040118e-06
435526000.0 3.0150489794699235e-06
436980000.0 2.996359536965729e-06
438439000.0 2.9772807407292135e-06
439903000.0 2.9582948761564874e-06
441371000.0 2.939884495212768e-06
442845000.0 2.921082003314629e-06
444323000.0 2.902851142949106e-06
445807000.0 2.884702342088085e-06
447295000.0 2.8661784666508595e-06
448788000.0 2.8482140027614473e-06
450287000.0 2.830330954484613e-06
451790000.0 2.8125416745229915e-06
453298000.0 2.7948395355008657e-06
454812000.0 2.7772181481451696e-06
456330000.0 2.7596894988822346e-06
457853000.0 2.742247135337501e-06
459382000.0 2.7248848372083162e-06
460916000.0 2.70760836012892e-06
462454000.0 2.6904232281436243e-06
463998000.0 2.673317454339681e-06
465547000.0 2.6567480602793034e-06
467102000.0 2.6398047061447406e-06
468661000.0 2.6233998452821263e-06
470226000.0 2.6066235459556424e-06
471796000.0 2.590376562244497e-06
473371000.0 2.573766177462281e-06
474951000.0 2.557681542373138e-06
476537000.0 2.541671566471969e-06
478128000.0 2.5253018269221735e-06
479724000.0 2.509452620554388e-06
481325000.0 2.4936826177385787e-06
482932000.0 2.4779863894362134e-06
484545000.0 2.4623637847122944e-06
486162000.0 2.44682471502011e-06
487785000.0 2.4313587628644097e-06
489414000.0 2.4159657696429303e-06
491048000.0 2.4006504623259525e-06
492687000.0 2.3854125342549413e-06
494332000.0 2.3706720396697933e-06
495982000.0 2.3555818311032806e-06
497638000.0 2.340563471428027e-06
499300000.0 2.3260376192940276e-06
500967000.0 2.311165740027516e-06
502639000.0 2.2967876999874055e-06
504317000.0 2.2820611039767067e-06
506001000.0 2.2678206470418965e-06
507690000.0 2.253238496452753e-06
509385000.0 2.239139271305052e-06
511086000.0 2.2251074440766734e-06
512792000.0 2.2111471485768453e-06
514504000.0 2.1968453222001553e-06
516222000.0 2.1830201175132326e-06
517945000.0 2.1692656875779935e-06
519674000.0 2.1555775774855596e-06
521409000.0 2.141955600022013e-06
523150000.0 2.1283995659018362e-06
524896000.0 2.115313713117624e-06
526649000.0 2.1018876181484365e-06
528407000.0 2.0885308439515832e-06
530171000.0 2.0752391645518e-06
531941000.0 2.062012382123734e-06
533717000.0 2.049244079574613e-06
535499000.0 2.0361451802300523e-06
537287000.0 2.023501744369539e-06
539080000.0 2.0105335566849805e-06
540880000.0 1.9980142749516145e-06
542686000.0 1.9851687098718946e-06
544498000.0 1.9727726095313536e-06
546315000.0 1.960440797348942e-06
548139000.0 1.947782441412446e-06
549969000.0 1.9355690839164777e-06
551805000.0 1.9234158214795915e-06
553648000.0 1.911318999130588e-06
555496000.0 1.8992853505511048e-06
557351000.0 1.8873077987638332e-06
559211000.0 1.8753929425707415e-06
561078000.0 1.8635338342744371e-06
562951000.0 1.851733650932565e-06
564831000.0 1.839988924802718e-06
566717000.0 1.8283027653032288e-06
568609000.0 1.816674959600456e-06
570507000.0 1.8054736828329137e-06
572412000.0 1.7939575834033229e-06
574323000.0 1.7824992592847397e-06
576240000.0 1.7714632173376891e-06
578164000.0 1.7601155350692829e-06
580094000.0 1.7488250388332296e-06
582031000.0 1.737949618397345e-06
583974000.0 1.727128599242342e-06
585923000.0 1.716003076296842e-06
587879000.0 1.705288524920259e-06
589842000.0 1.6942686119345922e-06
591811000.0 1.683659865851169e-06
593787000.0 1.6731017538911575e-06
595769000.0 1.6625969350642466e-06
597758000.0 1.6521424316777251e-06
599754000.0 1.6417381091969978e-06
601756000.0 1.6313865424056573e-06
603765000.0 1.6210848301580602e-06
605781000.0 1.6108328335634902e-06
607803000.0 1.600633045604328e-06
609833000.0 1.5904800318874031e-06
611869000.0 1.5803788908320805e-06
613911000.0 1.5703294025079821e-06
615961000.0 1.5603262805463612e-06
618017000.0 1.5507145382239285e-06
620081000.0 1.540807715505044e-06
622151000.0 1.5309518610540413e-06
624228000.0 1.521481000507122e-06
626312000.0 1.5117204911499602e-06
628403000.0 1.5023424377844185e-06
630501000.0 1.4926766764836213e-06
632606000.0 1.4833908433962587e-06
634718000.0 1.4738192238854045e-06
636837000.0 1.4646250152300094e-06
638963000.0 1.4554758436747897e-06
641096000.0 1.4460437341217873e-06
643236000.0 1.4369852813718204e-06
645384000.0 1.4279692014776172e-06
647538000.0 1.4189997896716116e-06
649700000.0 1.4097490042680486e-06
651869000.0 1.4008669514134021e-06
654046000.0 1.3920267831755792e-06
656229000.0 1.383232621701889e-06
658420000.0 1.3744800747012015e-06
660618000.0 1.3657711135069332e-06
662824000.0 1.3574206132397985e-06
665036000.0 1.3487973150747003e-06
667257000.0 1.3402131141463946e-06
669484000.0 1.3316739348273375e-06
671719000.0 1.323175618468306e-06
673962000.0 1.315029901313803e-06
676212000.0 1.3066138918375068e-06
678470000.0 1.2982383947782436e-06
680735000.0 1.2902139346332165e-06
683007000.0 1.2819218448281138e-06
685288000.0 1.2739746975838846e-06
687575000.0 1.2657635650450383e-06
689871000.0 1.2578951170917407e-06
692174000.0 1.2497625929335336e-06
694485000.0 1.2419723278235437e-06
696803000.0 1.234221338277662e-06
699130000.0 1.2262053435754083e-06
701464000.0 1.2185299900511439e-06
703806000.0 1.2108917798776905e-06
706155000.0 1.2032923070938423e-06
708513000.0 1.1954314032261257e-06
710878000.0 1.1879066012470725e-06
713252000.0 1.1804168063583207e-06
715633000.0 1.1729652308600272e-06
718022000.0 1.1655500891942374e-06
720419000.0 1.1581712659298114e-06
722824000.0 1.1508286447574626e-06
725237000.0 1.1435221085045897e-06
727659000.0 1.136538805817413e-06
730088000.0 1.1293031387855573e-06
732525000.0 1.1221032034088216e-06
734971000.0 1.1149373623781432e-06
737425000.0 1.1078070410574735e-06
739887000.0 1.1009961720486555e-06
742357000.0 1.0939355779442327e-06
744835000.0 1.086910138375777e-06
747322000.0 1.0801995129543761e-06
749817000.0 1.0732416569742724e-06
752320000.0 1.0665979729426843e-06
754832000.0 1.059707280681831e-06
757352000.0 1.0531286820242004e-06
759880000.0 1.046306117644607e-06
762417000.0 1.0397921874414534e-06
764962000.0 1.0333106581363768e-06
767516000.0 1.0265862428362577e-06
770079000.0 1.0201674299045733e-06
772650000.0 1.0137807050414217e-06
775229000.0 1.0074259467164249e-06
777817000.0 1.0011017459682676e-06
780414000.0 9.94538713850854e-07
783019000.0 9.882775300828908e-07
785634000.0 9.820453682309475e-07
788256000.0 9.758458905755609e-07
790888000.0 9.696752584668226e-07
793528000.0 9.63535846643203e-07
796178000.0 9.57425124547361e-07
798836000.0 9.513454179689573e-07
801503000.0 9.452954209846141e-07
804179000.0 9.395363864408163e-07
806863000.0 9.335458178257953e-07
809557000.0 9.275835138293635e-07
812260000.0 9.216505481027572e-07
814971000.0 9.15747948943868e-07
817692000.0 9.10130388465211e-07
820422000.0 9.042839966525555e-07
823161000.0 8.987218794474559e-07
825909000.0 8.929324520069874e-07
828667000.0 8.871707163449621e-07
831433000.0 8.816915035939122e-07
834209000.0 8.759861850020691e-07
836994000.0 8.705604524172928e-07
839788000.0 8.649111713996312e-07
842592000.0 8.595385889179153e-07
845405000.0 8.541925522320009e-07
848227000.0 8.486251936291733e-07
851059000.0 8.433317995845947e-07
853901000.0 8.380637028517808e-07
856751000.0 8.325774716640407e-07
859612000.0 8.273615274470499e-07
862481000.0 8.221725617584508e-07
865361000.0 8.170076177966969e-07
868250000.0 8.118685229488562e-07
871149000.0 8.067542532408616e-07
874057000.0 8.016656543711686e-07
876975000.0 7.96601719283767e-07
879903000.0 7.913235211900471e-07
882840000.0 7.865484397866453e-07
885788000.0 7.815580482998474e-07
888745000.0 7.765928994184006e-07
891712000.0 7.716520269995127e-07
894689000.0 7.667353551971391e-07
897676000.0 7.618428075521216e-07
900673000.0 7.569743070108014e-07
903680000.0 7.521297759433993e-07
906697000.0 7.475409317998087e-07
909724000.0 7.427433333035941e-07
912761000.0 7.379694707075195e-07
915808000.0 7.334487538523691e-07
918866000.0 7.287205667357573e-07
921933000.0 7.240166781972332e-07
925011000.0 7.195626349264756e-07
928099000.0 7.149039794269425e-07
931198000.0 7.104935284630467e-07
934307000.0 7.058798324569553e-07
937426000.0 7.015134559309133e-07
940556000.0 6.969444337665021e-07
943696000.0 6.926210910730308e-07
946846000.0 6.883191537766683e-07
950007000.0 6.838165964914144e-07
953179000.0 6.795565551681162e-07
956361000.0 6.753177116320724e-07
959554000.0 6.708802609549418e-07
962758000.0 6.666829278343354e-07
965972000.0 6.625065804717961e-07
969197000.0 6.583504600892043e-07
972432000.0 6.542151792440493e-07
975679000.0 6.500993251860746e-07
978936000.0 6.457894851189703e-07
982204000.0 6.417150202198312e-07
985484000.0 6.376598138940623e-07
988774000.0 6.336251037660304e-07
992075000.0 6.296101732900537e-07
995387000.0 6.256149587871922e-07
998710000.0 6.216393961188772e-07
1002040000.0 6.176858864051963e-07
1005390000.0 6.139553987392123e-07
1008750000.0 6.100352938329573e-07
1012110000.0 6.061412168337205e-07
1015490000.0 6.022610476569497e-07
1018880000.0 5.984007494511001e-07
1022280000.0 5.947658257284626e-07
1025700000.0 5.909385713573911e-07
1029120000.0 5.871367546611253e-07
1032560000.0 5.833488235767805e-07
1036000000.0 5.797889131249018e-07
1039460000.0 5.76039288008179e-07
1042930000.0 5.725105721744888e-07
1046420000.0 5.687935392610282e-07
1049910000.0 5.651012178844951e-07
1053410000.0 5.616275452046882e-07
1056930000.0 5.579674687156725e-07
1060460000.0 5.545246491471775e-07
1064000000.0 5.510994945108815e-07
1067550000.0 5.474950554776501e-07
1071120000.0 5.441005668833814e-07
1074690000.0 5.405330686204535e-07
1078280000.0 5.371741442303274e-07
1081880000.0 5.338325775184323e-07
1085490000.0 5.303146719741582e-07
1089120000.0 5.270033843894092e-07
1092750000.0 5.237140962993894e-07
1096400000.0 5.20437095454325e-07
1100060000.0 5.1698608782404e-07
1103730000.0 5.137437312537285e-07
1107420000.0 5.105136454295968e-07
1111120000.0 5.073004481483642e-07
1114820000.0 5.041085795658286e-07
1118550000.0 5.009243926481117e-07
1122280000.0 4.977613716020171e-07
1126030000.0 4.946105208977384e-07
1129790000.0 4.914762367974993e-07
1133560000.0 4.883584373975927e-07
1137340000.0 4.852570410091825e-07
1141140000.0 4.821677408086249e-07
1144950000.0 4.790947626283443e-07
1148770000.0 4.7603802431843907e-07
1152610000.0 4.729933402636293e-07
1156460000.0 4.6996481213896925e-07
1160320000.0 4.6713348712473944e-07
1164190000.0 4.641364214651803e-07
1168080000.0 4.611513194563051e-07
1171980000.0 4.58182124230355e-07
1175890000.0 4.554074846200231e-07
1179810000.0 4.524692618428473e-07
1183750000.0 4.4954290394068195e-07
1187710000.0 4.468053932981365e-07
1191670000.0 4.439097119161383e-07
1195650000.0 4.4102583458710924e-07
1199640000.0 4.383326333386887e-07
1203650000.0 4.35475439690441e-07
1207660000.0 4.328112499525933e-07
1211700000.0 4.2998059490197375e-07
1215740000.0 4.2734162565768263e-07
1219800000.0 4.2454087612891123e-07
1223870000.0 4.219269872097506e-07
1227960000.0 4.1915244353348016e-07
1232060000.0 4.165635242567115e-07
1236170000.0 4.139884294474655e-07
1240300000.0 4.1125431714508623e-07
1244440000.0 4.087039557466829e-07
1248590000.0 4.061672541216521e-07
1252760000.0 4.0347315092174924e-07
1256940000.0 4.0096094139981393e-07
1261140000.0 3.9845906625547825e-07
1265350000.0 3.959706705273541e-07
1269580000.0 3.9332703782098365e-07
1273810000.0 3.908659547429508e-07
1278070000.0 3.8841204546345024e-07
1282330000.0 3.859744403389343e-07
1286620000.0 3.8354403414697374e-07
1290910000.0 3.8112978158704563e-07
1295220000.0 3.787256740035568e-07
1299540000.0 3.7617289210633437e-07
1303880000.0 3.737924819325564e-07
1308240000.0 3.714221874247656e-07
1312600000.0 3.6906763950246166e-07
1316990000.0 3.667203279791699e-07
1321380000.0 3.645476655383142e-07
1325790000.0 3.6222540177808894e-07
1330220000.0 3.599131245641537e-07
1334660000.0 3.5761351781883367e-07
1339120000.0 3.553238535952275e-07
1343590000.0 3.5304676274815795e-07
1348070000.0 3.5078217087773954e-07
1352570000.0 3.48527427215975e-07
1357090000.0 3.4643740044745973e-07
1361620000.0 3.442043689925241e-07
1366170000.0 3.419811400059716e-07
1370730000.0 3.397701919242418e-07
1375300000.0 3.3772426722900357e-07
1379890000.0 3.3553472077803455e-07
1384500000.0 3.3335487684273384e-07
1389120000.0 3.313384131914436e-07
1393760000.0 3.2917979972653605e-07
1398410000.0 3.271834635125539e-07
1403080000.0 3.2504593347845416e-07
1407770000.0 3.229179975985486e-07
1412470000.0 3.2095071684569784e-07
1417180000.0 3.188459335845851e-07
1421910000.0 3.168984462456393e-07
1426660000.0 3.14812142231153e-07
1431420000.0 3.1288432492156845e-07
1436200000.0 3.108186196306863e-07
1441000000.0 3.0890818255192286e-07
1445810000.0 3.070083071780264e-07
1450640000.0 3.04971944614393e-07
1455480000.0 3.0309141402091175e-07
1460340000.0 3.0107530603388234e-07
1465210000.0 2.992139706644478e-07
1470100000.0 2.97360922046794e-07
1475010000.0 2.953736670499544e-07
1479940000.0 2.93537644890394e-07
1484880000.0 2.917118499291702e-07
1489840000.0 2.898942713758275e-07
1494810000.0 2.879462288858952e-07
1499800000.0 2.861474142850127e-07
1504810000.0 2.843567503461561e-07
1509830000.0 2.825760986549058e-07
1514870000.0 2.8080354127804625e-07
1519930000.0 2.7903906766733437e-07
1525000000.0 2.77284485025147e-07
1530090000.0 2.7540057172957954e-07
1535200000.0 2.7366248719479566e-07
1540330000.0 2.719324040206893e-07
1545470000.0 2.702120580981363e-07
1550630000.0 2.684996543164166e-07
1555810000.0 2.6679517969186706e-07
1561000000.0 2.6510031906479326e-07
1566210000.0 2.634133274617586e-07
1571440000.0 2.6173419102709617e-07
1576690000.0 2.600628954907806e-07
1581950000.0 2.5853391361577345e-07
1587230000.0 2.5687941520019926e-07
1592530000.0 2.5523268241851123e-07
1597850000.0 2.5359369983145544e-07
1603180000.0 2.5196402326590315e-07
1608540000.0 2.5034047792605126e-07
1613910000.0 2.4872617550353507e-07
1619290000.0 2.472508444194832e-07
1624700000.0 2.456513875815629e-07
1630120000.0 2.4406105007453776e-07
1635570000.0 2.4247680532856783e-07
1641030000.0 2.410296865044277e-07
1646500000.0 2.394630646754337e-07
1652000000.0 2.3790249729530402e-07
1657520000.0 2.3647623165027127e-07
1663050000.0 2.3493164548792802e-07
1668600000.0 2.3339449992355244e-07
1674170000.0 2.3199031193101975e-07
1679760000.0 2.3046757256790733e-07
1685370000.0 2.2907691962145564e-07
1691000000.0 2.2756851423189073e-07
1696640000.0 2.2606878719698678e-07
1702310000.0 2.246985008976108e-07
1707990000.0 2.2321295476364241e-07
1713690000.0 2.21857309408277e-07
1719410000.0 2.203858545103333e-07
1725150000.0 2.190434455303764e-07
1730910000.0 2.1758600366308527e-07
1736690000.0 2.1625675713776657e-07
1742490000.0 2.149338621776845e-07
1748310000.0 2.1349708864586212e-07
1754140000.0 2.1218845303314702e-07
1760000000.0 2.107654787200608e-07
1765880000.0 2.094685938458017e-07
1771770000.0 2.0817914201817496e-07
1777690000.0 2.06776517839041e-07
1783620000.0 2.0549988559805467e-07
1789580000.0 2.0422829038295017e-07
1795550000.0 2.029640064919595e-07
1801550000.0 2.0158808325723814e-07
1807560000.0 2.003364587363623e-07
1813590000.0 1.9909093417289305e-07
1819650000.0 1.9785040269268006e-07
1825720000.0 1.965019142056169e-07
1831820000.0 1.9527389850345405e-07
1837940000.0 1.9405192264693923e-07
1844070000.0 1.9283701196962917e-07
1850230000.0 1.9162704453822096e-07
1856400000.0 1.9042408132356776e-07
1862600000.0 1.8922604022422592e-07
1868820000.0 1.8792147561880432e-07
1875060000.0 1.867356618023172e-07
1881320000.0 1.8555574169847323e-07
1887600000.0 1.843816941752971e-07
1893900000.0 1.8321349800855892e-07
1900230000.0 1.8205017383765593e-07
1906570000.0 1.8089362561282727e-07
1912930000.0 1.797428644737484e-07
1919320000.0 1.785969383379983e-07
1925730000.0 1.7745677412929447e-07
1932160000.0 1.7632234990742262e-07
1938610000.0 1.753020555757063e-07
1945080000.0 1.7417868463648783e-07
1951570000.0 1.7306098877614402e-07
1958090000.0 1.7194806766746122e-07
1964630000.0 1.708407943338435e-07
1971190000.0 1.6973914626455024e-07
1977770000.0 1.6864310090573667e-07
1984370000.0 1.675526356634392e-07
1990990000.0 1.665732876578513e-07
1997640000.0 1.6549273540131045e-07
2004310000.0 1.6441771277905813e-07
2011000000.0 1.6334819684401503e-07
2017720000.0 1.6238752166594447e-07
2024450000.0 1.61328611805147e-07
2031210000.0 1.602743518011679e-07
2037990000.0 1.5922552322394653e-07
2044800000.0 1.5828411112953153e-07
2051620000.0 1.5724574160457915e-07
2058470000.0 1.562119760520714e-07
2065340000.0 1.5528532479223896e-07
2072240000.0 1.5426116215280259e-07
2079160000.0 1.5334340648243483e-07
2086100000.0 1.523295311706726e-07
2093060000.0 1.5132093343155998e-07
2100050000.0 1.5041695163960704e-07
2107060000.0 1.494178035954732e-07
2114100000.0 1.4845278054458666e-07
2121150000.0 1.4753353678876781e-07
2128240000.0 1.466470360119117e-07
2135340000.0 1.456673156851425e-07
2142470000.0 1.4479015913296716e-07
2149620000.0 1.4381971240997455e-07
2156800000.0 1.4295115752653268e-07
2164000000.0 1.419899327663342e-07
2171220000.0 1.4113058136386152e-07
2178470000.0 1.4017851924606027e-07
2185750000.0 1.393270159828257e-07
2193040000.0 1.383847002962021e-07
2200360000.0 1.3754227012856054e-07
2207710000.0 1.3670356879416946e-07
2215080000.0 1.3577432590050815e-07
2222480000.0 1.3494399057728044e-07
2229900000.0 1.3411796337983356e-07
2237340000.0 1.3320228686467538e-07
2244810000.0 1.3238453626645882e-07
2252300000.0 1.3157104169906595e-07
2259820000.0 1.3066820152575354e-07
2267370000.0 1.298623257494035e-07
2274940000.0 1.290606644117744e-07
2282530000.0 1.2826319665433487e-07
2290150000.0 1.2737757448749693e-07
2297800000.0 1.2658763973149885e-07
2305470000.0 1.2580185599358704e-07
2313170000.0 1.250196618925683e-07
2320890000.0 1.242415873490468e-07
2328640000.0 1.2337682751118757e-07
2336410000.0 1.2260670942948748e-07
2344210000.0 1.218401373343882e-07
2352040000.0 1.2107710528015824e-07
2359890000.0 1.20318116973944e-07
2367770000.0 1.195626464682542e-07
2375670000.0 1.1881118749263806e-07
2383610000.0 1.1806272844682352e-07
2391560000.0 1.1723086943512004e-07
2399550000.0 1.1649016876847924e-07
2407560000.0 1.1575342289756046e-07
2415600000.0 1.1502013462234989e-07
2423660000.0 1.1429076832404126e-07
2431750000.0 1.135648359900251e-07
2439870000.0 1.128423302394149e-07
2448020000.0 1.1212324353711935e-07
2456190000.0 1.11408021776099e-07
2464390000.0 1.1069619474544789e-07
2472620000.0 1.0998775458066029e-07
2480870000.0 1.0928313377715485e-07
2489150000.0 1.0866630892698414e-07
2497460000.0 1.0796812330451758e-07
2505800000.0 1.0727328421685631e-07
2514170000.0 1.0658178323386901e-07
2522560000.0 1.0589403158521279e-07
2530980000.0 1.05209592599741e-07
2539430000.0 1.0452845758323341e-07
2547910000.0 1.0385061772318823e-07
2556420000.0 1.03258276095071e-07
2564950000.0 1.0258712588450438e-07
2573520000.0 1.019188406928867e-07
2582110000.0 1.0125420731977178e-07
2590730000.0 1.0059281655168785e-07
2599380000.0 1.0001551231325435e-07
2608060000.0 9.936030948648629e-08
2616760000.0 9.870869897194383e-08
2625500000.0 9.805991296298687e-08
2634260000.0 9.749447520601426e-08
2643060000.0 9.685180155527821e-08
2651880000.0 9.621266760984356e-08
2660740000.0 9.557633415654688e-08
2669620000.0 9.50222391634628e-08
2678530000.0 9.439229595265392e-08
2687470000.0 9.376548309025242e-08
2696450000.0 9.321938756974314e-08
2705450000.0 9.259854884582322e-08
2714480000.0 9.205823536987044e-08
2723540000.0 9.144332931012744e-08
2732640000.0 9.083117112821417e-08
2741760000.0 9.029907294718593e-08
2750910000.0 8.969312431383624e-08
2760100000.0 8.916604738163425e-08
2769310000.0 8.856593654756869e-08
2778560000.0 8.79685376968812e-08
2787830000.0 8.744986418645314e-08
2797140000.0 8.685824851005613e-08
2806480000.0 8.634452267940342e-08
2815850000.0 8.57586527591281e-08
2825250000.0 8.525015384255004e-08
2834680000.0 8.46699886781448e-08
2844140000.0 8.416667895322916e-08
2853640000.0 8.359188427430788e-08
2863170000.0 8.3093438186489e-08
2872720000.0 8.252456409775708e-08
2882320000.0 8.203095442101585e-08
2891940000.0 8.154005799520603e-08
2901590000.0 8.097914649594024e-08
2911280000.0 8.049303964339708e-08
2921000000.0 7.993738542126946e-08
2930750000.0 7.945631581929607e-08
2940540000.0 7.897736210331294e-08
2950350000.0 7.842981975757958e-08
2960200000.0 7.795585213622351e-08
2970090000.0 7.741322311988795e-08
2980000000.0 7.694420625101408e-08
2989950000.0 7.647727533901768e-08
2999930000.0 7.601268168649597e-08
3009950000.0 7.548034038248779e-08
3020000000.0 7.502037924044475e-08
3030080000.0 7.456273104218407e-08
3040190000.0 7.403825630651915e-08
3050340000.0 7.358519417913758e-08
3060530000.0 7.313418132946403e-08
3070750000.0 7.268545168318446e-08
3081000000.0 7.217078127836353e-08
3091280000.0 7.172681604077022e-08
3101600000.0 7.128487447201004e-08
3111960000.0 7.084495348084825e-08
3122350000.0 7.033996438476146e-08
3132770000.0 6.990474326830063e-08
3143230000.0 6.947152366849016e-08
3153720000.0 6.904052107111049e-08
3164250000.0 6.861150885178378e-08
3174820000.0 6.81844834214636e-08
3185420000.0 6.769367556511562e-08
3196050000.0 6.727125132288445e-08
3206720000.0 6.685079382121893e-08
3217430000.0 6.6432299174886e-08
3228170000.0 6.601596790321693e-08
3238950000.0 6.560158751385547e-08
3249760000.0 6.518935449075516e-08
3260610000.0 6.477906018252748e-08
3271490000.0 6.437089711221042e-08
3282420000.0 6.39388541386385e-08
3293370000.0 6.353481946262466e-08
3304370000.0 6.312614698249928e-08
3315400000.0 6.272595797684611e-08
3326470000.0 6.232767343409382e-08
3337580000.0 6.19312887242207e-08
3348720000.0 6.153698290453038e-08
3359900000.0 6.114456387509553e-08
3371110000.0 6.07542070522196e-08
3382370000.0 6.036554537430337e-08
3393660000.0 5.997893262128706e-08
3404990000.0 5.960035597530949e-08
3416360000.0 5.921744513582984e-08
3427760000.0 5.884269099267617e-08
3439210000.0 5.846346028562671e-08
3450690000.0 5.809233192832226e-08
3462210000.0 5.7722997875505645e-08
3473770000.0 5.735545303441693e-08
3485370000.0 5.698969225654052e-08
3497000000.0 5.6625872265653626e-08
3508680000.0 5.626366238180821e-08
3520390000.0 5.5909349640111596e-08
3532140000.0 5.555080687412294e-08
3543940000.0 5.5199793293936766e-08
3555770000.0 5.484473603718081e-08
3567640000.0 5.449731349370342e-08
3579550000.0 5.415158999495069e-08
3591500000.0 5.3801708361196693e-08
3603490000.0 5.3459386326308e-08
3615520000.0 5.311874709218517e-08
3627590000.0 5.277978518533986e-08
3639700000.0 5.2442495094166204e-08
3651850000.0 5.211262639180797e-08
3664050000.0 5.177850278862835e-08
3676280000.0 5.1446177004043063e-08
3688550000.0 5.112119854444448e-08
3700870000.0 5.0792009809817816e-08
3713220000.0 5.047025779230633e-08
3725620000.0 5.014996589406191e-08
3738060000.0 4.983126574450971e-08
3750540000.0 4.9508548017797974e-08
3763060000.0 4.919303305750091e-08
3775620000.0 4.888465923821362e-08
3788220000.0 4.857226940559719e-08
3800870000.0 4.8261315883563164e-08
3813560000.0 4.795192234999477e-08
3826290000.0 4.764957573332676e-08
3839070000.0 4.7343143112096994e-08
3851880000.0 4.7043833806604313e-08
3864740000.0 4.6740465815985126e-08
3877650000.0 4.644393124528908e-08
3890590000.0 4.614900879530356e-08
3903580000.0 4.585545429184106e-08
3916610000.0 4.555801562045553e-08
3929690000.0 4.526732177187989e-08
3942810000.0 4.4983430769278656e-08
3955970000.0 4.469565815894571e-08
3969180000.0 4.440923438661622e-08
3982430000.0 4.412426761507277e-08
3995730000.0 4.3845902014114225e-08
4009060000.0 4.356381500663038e-08
4022450000.0 4.328817689891583e-08
4035880000.0 4.3008733981850036e-08
4049350000.0 4.2735912746300346e-08
4062870000.0 4.2464377953464854e-08
4076440000.0 4.219412679503591e-08
4090040000.0 4.1925361416738866e-08
4103700000.0 4.16577684005851e-08
4117400000.0 4.139154883228336e-08
4131150000.0 4.1126597228037226e-08
4144940000.0 4.086300914251315e-08
4158780000.0 4.060573459828807e-08
4172660000.0 4.034474313968329e-08
4186590000.0 4.008500351976033e-08
4200570000.0 3.983151589029426e-08
4214590000.0 3.9579334293678235e-08
4228660000.0 3.932338979661544e-08
4242780000.0 3.907363599216925e-08
4256940000.0 3.882517421724427e-08
4271160000.0 3.8577817958085353e-08
4285420000.0 3.833174549224017e-08
4299720000.0 3.808695091421205e-08
4314080000.0 3.78432528841273e-08
4328480000.0 3.7600824358633026e-08
4342930000.0 3.73595733841798e-08
4357430000.0 3.7124319770092333e-08
4371980000.0 3.688539758033968e-08
4386570000.0 3.665251738185667e-08
4401220000.0 3.64159094499323e-08
4415910000.0 3.6185303062713826e-08
4430650000.0 3.5951076583609333e-08
4445450000.0 3.572264902846871e-08
4460290000.0 3.549541908307392e-08
4475180000.0 3.52693021153297e-08
4490120000.0 3.504429460658488e-08
4505110000.0 3.482039301090461e-08
4520150000.0 3.4597593755913863e-08
4535240000.0 3.437589324362804e-08
4550380000.0 3.415528785127158e-08
4565570000.0 3.3940377265499006e-08
4580810000.0 3.3721935834597344e-08
4596110000.0 3.350907841410605e-08
4611450000.0 3.329278709479547e-08
4626850000.0 3.30820434091595e-08
4642290000.0 3.2867887444797125e-08
4657790000.0 3.265924283951882e-08
4673340000.0 3.2451635062900936e-08
4688950000.0 3.2244991672812156e-08
4704600000.0 3.2039447180123204e-08
4720310000.0 3.1834860994931e-08
4736060000.0 3.1631364932529975e-08
4751880000.0 3.1428754872120724e-08
4767740000.0 3.1227227407767235e-08
4783660000.0 3.1026647107127864e-08
4799630000.0 3.0831455141499636e-08
4815650000.0 3.063287542495219e-08
4831730000.0 3.043523459289864e-08
4847860000.0 3.024292829823031e-08
4864040000.0 3.0047267678562256e-08
4880280000.0 2.985684391460051e-08
4896580000.0 2.9667319753758585e-08
4912920000.0 2.9478813190561177e-08
4929330000.0 2.928687679655187e-08
4945780000.0 2.9100228222820198e-08
4962290000.0 2.891446753014683e-08
4978860000.0 2.8729592601616628e-08
4995480000.0 2.8545658427377878e-08
5012160000.0 2.8366797736314835e-08
5028890000.0 2.8184664067490132e-08
5045680000.0 2.8003405214494993e-08
5062530000.0 2.782301891800854e-08
5079430000.0 2.764769494692041e-08
5096390000.0 2.7469086448358276e-08
5113400000.0 2.7295506055813896e-08
5130470000.0 2.7118663008673956e-08
5147600000.0 2.6946761634035597e-08
5164790000.0 2.677568949920748e-08
5182030000.0 2.6601439920055365e-08
5199330000.0 2.6432083151131915e-08
5216690000.0 2.6263547588878174e-08
5234100000.0 2.6095880715438195e-08
5251580000.0 2.592897993250131e-08
5269110000.0 2.5762942055712525e-08
5286700000.0 2.559771479305155e-08
5304350000.0 2.5437257876764036e-08
5322060000.0 2.5273631263056693e-08
5339830000.0 2.5110807868623854e-08
5357660000.0 2.494878517157937e-08
5375540000.0 2.4791516458728165e-08
5393490000.0 2.463107404775049e-08
5411500000.0 2.4475308433519266e-08
5429560000.0 2.4320352221943803e-08
5447690000.0 2.4162254972553032e-08
5465880000.0 2.4008788120781123e-08
5484120000.0 2.3856121827349295e-08
5502430000.0 2.3704166133506565e-08
5520800000.0 2.3549155564273432e-08
5539230000.0 2.3398713911686318e-08
5557730000.0 2.3248977205372735e-08
5576280000.0 2.3100026918627458e-08
5594900000.0 2.29555336054137e-08
5613580000.0 2.2808011107193063e-08
5632320000.0 2.2661225749478825e-08
5651120000.0 2.2515174874271346e-08
5669990000.0 2.2373523039479348e-08
5688920000.0 2.2228882093755095e-08
5707910000.0 2.2088650448926216e-08
5726970000.0 2.1945410715634652e-08
5746090000.0 2.180655117988813e-08
5765270000.0 2.1664741753886834e-08
5784520000.0 2.1527245571725286e-08
5803830000.0 2.139044035019661e-08
5823200000.0 2.1254323444292968e-08
5842650000.0 2.111522276757885e-08
5862150000.0 2.098045139856875e-08
5881720000.0 2.0846325569602944e-08
5901360000.0 2.071284363136129e-08
5921060000.0 2.058003866799112e-08
5940830000.0 2.0447873549423357e-08
5960660000.0 2.0319906574554405e-08
5980560000.0 2.0189037679717068e-08
6000530000.0 2.0058802813907094e-08
6020560000.0 1.992923331252561e-08
6040660000.0 1.9803772868547796e-08
6060830000.0 1.9675449646211355e-08
6081060000.0 1.9551240932223975e-08
6101360000.0 1.94241883852838e-08
6121730000.0 1.9301190962440015e-08
6142170000.0 1.917879079454991e-08
6162680000.0 1.9053575768608122e-08
6183250000.0 1.893240674754355e-08
6203890000.0 1.8811828985654387e-08
6224610000.0 1.869181064032512e-08
6245390000.0 1.8572410231216447e-08
6266240000.0 1.845359559129552e-08
6287160000.0 1.8335364861409984e-08
6308150000.0 1.8217716168151535e-08
6329210000.0 1.810064762429875e-08
6350340000.0 1.7984157329253338e-08
6371540000.0 1.7868243369470084e-08
6392810000.0 1.77529038188803e-08
6414150000.0 1.7641413376265973e-08
6435570000.0 1.752717868214302e-08
6457050000.0 1.7413540086494907e-08
6478610000.0 1.7303685444949173e-08
6500240000.0 1.7191141137029546e-08
6521940000.0 1.7082382513418585e-08
6543710000.0 1.69741636402844e-08
6565560000.0 1.686325584696937e-08
6587480000.0 1.675609620122239e-08
6609470000.0 1.664947100881443e-08
6631540000.0 1.6543353383019472e-08
6653680000.0 1.6434608126283764e-08
6675890000.0 1.6329561143561686e-08
6698180000.0 1.6225017017711118e-08
6720540000.0 1.6120998466297727e-08
6742980000.0 1.601747974600144e-08
6765490000.0 1.5914483078489962e-08
6788070000.0 1.581510260039021e-08
6810740000.0 1.5713087572515036e-08
6833480000.0 1.5611589497390984e-08
6856290000.0 1.5510606340109827e-08
6879180000.0 1.541316879767201e-08
6902150000.0 1.5313155042207082e-08
6925190000.0 1.5213650978466997e-08
6948310000.0 1.511765753190454e-08
6971510000.0 1.5019113728662498e-08
6994780000.0 1.4924078946935524e-08
7018130000.0 1.4829505341505988e-08
7041560000.0 1.4732406862596315e-08
7065070000.0 1.4638761435247132e-08
7088660000.0 1.4545573019337816e-08
7112320000.0 1.4452860532877735e-08
7136070000.0 1.4357636566092719e-08
7159890000.0 1.4265840251195901e-08
7183800000.0 1.4174475116522285e-08
7207780000.0 1.4083579372290851e-08
7231840000.0 1.3993131639243722e-08
7255990000.0 1.3903111291482772e-08
7280210000.0 1.381355536252716e-08
7304520000.0 1.3727301467132557e-08
7328900000.0 1.3638621825736041e-08
7353370000.0 1.3550364375051797e-08
7377920000.0 1.3462546391193238e-08
7402550000.0 1.3378005484243628e-08
7427260000.0 1.3291052404699099e-08
7452060000.0 1.320733677804536e-08
7476940000.0 1.3121225193212526e-08
7501900000.0 1.3035545779346064e-08
7526950000.0 1.2953071975893489e-08
7552080000.0 1.28710089585686e-08
7577290000.0 1.2786581577551413e-08
7602590000.0 1.2705328177455289e-08
7627970000.0 1.2624481372568988e-08
7653430000.0 1.2541293584896291e-08
7678980000.0 1.2461248341358891e-08
7704620000.0 1.2381589360046747e-08
7730340000.0 1.2302331494097107e-08
7756150000.0 1.2223457445891826e-08
7782050000.0 1.2144966133066371e-08
7808030000.0 1.2066871915541362e-08
7834090000.0 1.1989173235127462e-08
7860250000.0 1.1911838220979607e-08
7886490000.0 1.1834896209001751e-08
7912820000.0 1.1758330763268404e-08
7939240000.0 1.1684787951745789e-08
7965740000.0 1.1608977963741411e-08
7992340000.0 1.1533526395494783e-08
8019020000.0 1.1461081955099444e-08
8045790000.0 1.1386378422312391e-08
8072650000.0 1.1314647694904347e-08
8099600000.0 1.1240672988930917e-08
8126640000.0 1.1167065253046784e-08
8153770000.0 1.1096400834930695e-08
8181000000.0 1.1026070321922215e-08
8208310000.0 1.0953539221900843e-08
8235710000.0 1.088392216315699e-08
8263210000.0 1.0814635918262566e-08
8290790000.0 1.074317066202638e-08
8318470000.0 1.0674577531785827e-08
8346240000.0 1.0606325007266411e-08
8374110000.0 1.053839931604194e-08
8402070000.0 1.0470812093242824e-08
8430120000.0 1.0403562135780448e-08
8458260000.0 1.0336648234967742e-08
8486500000.0 1.0270057075085254e-08
8514830000.0 1.0203799774690016e-08
8543260000.0 1.0137863239950154e-08
8571780000.0 1.0072258337375587e-08
8600400000.0 1.0006972191870387e-08
8629110000.0 9.944450997578235e-09
8657920000.0 9.879802841274243e-09
8686820000.0 9.815481808456703e-09
8715820000.0 9.751475449372591e-09
8744920000.0 9.690186149204438e-09
8774120000.0 9.62679832595333e-09
8803410000.0 9.56612058696163e-09
8832800000.0 9.503358244755531e-09
8862290000.0 9.443277145413534e-09
8891880000.0 9.381125440383773e-09
8921560000.0 9.321647737569431e-09
8951350000.0 9.262450635752167e-09
8981230000.0 9.201213927953402e-09
9011220000.0 9.142604050828102e-09
9041300000.0 9.084292566738572e-09
9071480000.0 9.023951488783111e-09
9101770000.0 8.966211336939569e-09
9132160000.0 8.908756665341686e-09
9162640000.0 8.851596172708028e-09
9193230000.0 8.79470948583547e-09
9223930000.0 8.738095908708922e-09
9254720000.0 8.68177350627223e-09
9285620000.0 8.625722441005838e-09
9316620000.0 8.569951197050889e-09
9347720000.0 8.514458780346278e-09
9378930000.0 8.459235172772242e-09
9410240000.0 8.40428856731805e-09
9441660000.0 8.351835079573587e-09
9473180000.0 8.297423368515852e-09
9504810000.0 8.243277142300296e-09
9536540000.0 8.189404220362683e-09
9568380000.0 8.137991559004268e-09
9600320000.0 8.084646509917953e-09
9632370000.0 8.033745415903177e-09
9664530000.0 7.980916427444844e-09
9696790000.0 7.930523502130217e-09
9729170000.0 7.878207380379983e-09
9761650000.0 7.828311161397846e-09
9794240000.0 7.776512680658176e-09
9826940000.0 7.727109996305795e-09
9859740000.0 7.677957132417793e-09
9892660000.0 7.626913182656158e-09
9925690000.0 7.578241282492503e-09
9958820000.0 7.529816631379095e-09
9992070000.0 7.47951989664414e-09
10025400000.0 7.4315938639205195e-09
10058900000.0 7.383860648086421e-09
10092500000.0 7.336371624743547e-09
10126200000.0 7.289125770023502e-09
10160000000.0 7.242122059261784e-09
10193900000.0 7.1953594671114565e-09
10227900000.0 7.148836967654673e-09
10262100000.0 7.102484323010199e-09
10296300000.0 7.056439606543196e-09
10330700000.0 7.010564034435078e-09
10365200000.0 6.964925772799966e-09
10399800000.0 6.921544665363894e-09
10434500000.0 6.876371168770824e-09
10469400000.0 6.8313666217956064e-09
10504300000.0 6.786661125435742e-09
10539400000.0 6.744117886268658e-09
10574600000.0 6.699806214913816e-09
10609900000.0 6.655725836239304e-09
10645300000.0 6.6138499751571695e-09
10680800000.0 6.570222444969325e-09
10716500000.0 6.5287233220597766e-09
10752300000.0 6.485484801441677e-09
10788200000.0 6.444421666373127e-09
10824200000.0 6.401630103920318e-09
10860300000.0 6.3609988823033934e-09
10896600000.0 6.318592121502788e-09
10933000000.0 6.278331885282404e-09
10969500000.0 6.238281972051393e-09
11006100000.0 6.196531818001427e-09
11042800000.0 6.156905896396813e-09
11079700000.0 6.117432062542845e-09
11116700000.0 6.0781656079575045e-09
11153800000.0 6.0391055249875746e-09
11191000000.0 5.998372795486923e-09
11228400000.0 5.959675603373534e-09
11265900000.0 5.921182784823637e-09
11303500000.0 5.882893327391503e-09
11341200000.0 5.844806221281266e-09
11379100000.0 5.8068694279354535e-09
11417100000.0 5.769133974305695e-09
11455200000.0 5.73159884494996e-09
11493400000.0 5.694263027415387e-09
11531800000.0 5.658898967278197e-09
11570300000.0 5.621904592057591e-09
11608900000.0 5.5851074858177076e-09
11647700000.0 5.54845899900705e-09
11686600000.0 5.5120066977016105e-09
11725600000.0 5.477541951364735e-09
11764700000.0 5.441473007858049e-09
11804000000.0 5.405551430546665e-09
11843400000.0 5.3715974735072305e-09
11883000000.0 5.336010191732791e-09
11922600000.0 5.300659310803515e-09
11962400000.0 5.267211356462642e-09
12002400000.0 5.232146964038354e-09
12042500000.0 5.1990175754815574e-09
12082700000.0 5.16432591584347e-09
12123000000.0 5.1315556524725395e-09
12163500000.0 5.098918699920854e-09
12204100000.0 5.064734736450255e-09
12244800000.0 5.03245276596394e-09
12285700000.0 4.998592609236795e-09
12326700000.0 4.966621857501456e-09
12367900000.0 4.9347832762575635e-09
12409200000.0 4.903116600102234e-09
12450600000.0 4.869932863043858e-09
12492200000.0 4.838574033090775e-09
12533900000.0 4.8073850092739925e-09
12575700000.0 4.776364846434155e-09
12617700000.0 4.745474993926367e-09
12659800000.0 4.714752860426502e-09
12702100000.0 4.684160626509801e-09
12744500000.0 4.653734954337389e-09
12787000000.0 4.6234749008458255e-09
12829700000.0 4.593343725003569e-09
12872600000.0 4.5633415487345995e-09
12915500000.0 4.533538682343209e-09
12958700000.0 4.503828878156484e-09
13001900000.0 4.474316501044397e-09
13045300000.0 4.44493144247291e-09
13088900000.0 4.415673782980586e-09
13132600000.0 4.38657699234099e-09
13176400000.0 4.359235169099107e-09
13220400000.0 4.330419254612584e-09
13264500000.0 4.301762082644873e-09
13308800000.0 4.273230612587584e-09
13353300000.0 4.246398781522607e-09
13397800000.0 4.218176512626591e-09
13442600000.0 4.190047588445037e-09
13487400000.0 4.163663788790386e-09
13532500000.0 4.135809895916805e-09
13577700000.0 4.109658682176978e-09
13623000000.0 4.0821082816235106e-09
13668500000.0 4.05621877989957e-09
13714100000.0 4.0289391811799525e-09
13759900000.0 4.003309624133909e-09
13805800000.0 3.976298985113713e-09
13851900000.0 3.950927584026963e-09
13898200000.0 3.925668005474326e-09
13944600000.0 3.89904102701017e-09
13991100000.0 3.8740651398207565e-09
14037800000.0 3.849199878203592e-09
14084700000.0 3.822953025751993e-09
14131700000.0 3.798340734257683e-09
14178900000.0 3.773838381454802e-09
14226200000.0 3.749472262396824e-09
14273700000.0 3.7237430190400813e-09
14321400000.0 3.6996003186401193e-09
14369200000.0 3.6755923277477385e-09
14417200000.0 3.651692877144868e-09
14465300000.0 3.6279269576761763e-09
14513600000.0 3.6042688990583583e-09
14562000000.0 3.5807431922725982e-09
14610700000.0 3.557300309935443e-09
14659400000.0 3.5340131868203316e-09
14708400000.0 3.51080866602582e-09
14757500000.0 3.487734606530535e-09
14806700000.0 3.4647901779852746e-09
14856200000.0 3.4419282185804413e-09
14905800000.0 3.4191951638540002e-09
14955500000.0 3.3965901872806094e-09
15005500000.0 3.3740674964763145e-09
15055600000.0 3.3530680897349166e-09
15105800000.0 3.330794608978883e-09
15156300000.0 3.308603186583362e-09
15206900000.0 3.2865375421232203e-09
15257600000.0 3.2659743251069153e-09
15308600000.0 3.2441108354292017e-09
15359700000.0 3.2223715572408103e-09
15411000000.0 3.2007349088476982e-09
15462400000.0 3.180580491624169e-09
15514000000.0 3.159164178560638e-09
15565800000.0 3.139199731438629e-09
15617800000.0 3.117982075076362e-09
15669900000.0 3.096885476271566e-09
15722200000.0 3.0772263320696523e-09
15774700000.0 3.0563264664662833e-09
15827400000.0 3.036854772357011e-09
15880200000.0 3.0161698528043444e-09
15933200000.0 2.9969034851719195e-09
15986400000.0 2.9777276136828117e-09
16039800000.0 2.9573317619845074e-09
16093400000.0 2.9383406930366962e-09
16147100000.0 2.918156039277454e-09
16201000000.0 2.8993666746037063e-09
16255100000.0 2.8806664744413953e-09
16309400000.0 2.8620552394404444e-09
16363800000.0 2.8422657936805745e-09
16418400000.0 2.8238531835055708e-09
16473200000.0 2.8055285689183364e-09
16528200000.0 2.7872917398714447e-09
16583400000.0 2.7678751406492884e-09
16638800000.0 2.749817458042712e-09
16694300000.0 2.7318632607727643e-09
16750100000.0 2.7139794358097224e-09
16806000000.0 2.6961983256690528e-09
16862100000.0 2.678503340309438e-09
16918400000.0 2.660894250524249e-09
16974900000.0 2.6433708240700757e-09
17031500000.0 2.624714245604165e-09
17088400000.0 2.6073653933337825e-09
17145500000.0 2.590101478573543e-09
17202700000.0 2.5741589317524476e-09
17260100000.0 2.5570747544159943e-09
17317800000.0 2.540059827583942e-09
17375600000.0 2.523143384721728e-09
17433600000.0 2.5063103609701114e-09
17491800000.0 2.489560503918762e-09
17550200000.0 2.472893558813226e-09
17608800000.0 2.456309268622596e-09
17667600000.0 2.43980737410623e-09
17726500000.0 2.4245869019340753e-09
17785700000.0 2.4082449288232717e-09
17845100000.0 2.391984575262102e-09
17904700000.0 2.375805573812877e-09
17964500000.0 2.3608775647428296e-09
18024400000.0 2.344869572649311e-09
18084600000.0 2.3289289914456453e-09
18145000000.0 2.314226960213451e-09
18205600000.0 2.2984428036708897e-09
18266300000.0 2.282750881128002e-09
18327300000.0 2.268272542836292e-09
18388500000.0 2.2527228152248007e-09
18449900000.0 2.23725199601076e-09
18511500000.0 2.2229951411594997e-09
18573300000.0 2.207677508520928e-09
18635300000.0 2.1935657393971065e-09
18697500000.0 2.17840019985691e-09
18759900000.0 2.164432469853237e-09
18822600000.0 2.149406500942346e-09
18885400000.0 2.135581865304021e-09
18948500000.0 2.1218152736832846e-09
19011700000.0 2.1070235079885223e-09
19075200000.0 2.0933986422790087e-09
19138900000.0 2.078744331943749e-09
19202800000.0 2.0652602146048163e-09
19266900000.0 2.0518442408165572e-09
19331200000.0 2.037408951168381e-09
19395700000.0 2.024132094804588e-09
19460500000.0 2.0109122492010233e-09
19525500000.0 1.9966833084435317e-09
19590600000.0 1.9836114714908848e-09
19656000000.0 1.9705961461011642e-09
19721700000.0 1.957637364027423e-09
19787500000.0 1.944754807657096e-09
19853600000.0 1.9308698608792597e-09
19919900000.0 1.9181128833140537e-09
19986400000.0 1.9054214755385048e-09
20053100000.0 1.8927953649599275e-09
20120000000.0 1.880234278700451e-09
20187200000.0 1.86772869153861e-09
20254600000.0 1.8552877665420882e-09
20322200000.0 1.8429112276514617e-09
20390100000.0 1.8305898207931148e-09
20458100000.0 1.8183413151430895e-09
20526400000.0 1.8051236735504772e-09
20595000000.0 1.7929880809488553e-09
20663700000.0 1.7819415362425072e-09
20732700000.0 1.7699288697000124e-09
20801900000.0 1.757978993803672e-09
20871400000.0 1.7460832615722835e-09
20941100000.0 1.7342499266970173e-09
21011000000.0 1.7224787061220343e-09
21081100000.0 1.7107693170045784e-09
21151500000.0 1.6991134436366391e-09
21222100000.0 1.6875189994136076e-09
21293000000.0 1.6759778289499214e-09
21364000000.0 1.665489220517848e-09
21435400000.0 1.6540587374865157e-09
21506900000.0 1.6426965120911712e-09
21578700000.0 1.6313869033013464e-09
21650800000.0 1.6201298577717182e-09
21723100000.0 1.6099002131351668e-09
21795600000.0 1.5987594869758897e-09
21868300000.0 1.5876781107222256e-09
21941400000.0 1.577599288286959e-09
22014600000.0 1.5666256020275014e-09
22088100000.0 1.555703520573059e-09
22161800000.0 1.5457882811000196e-09
22235800000.0 1.534972867288677e-09
22310100000.0 1.5242087053322362e-09
22384600000.0 1.5144413763098447e-09
22459300000.0 1.5037896722747595e-09
22534300000.0 1.4941213697267336e-09
22609500000.0 1.4835745211618252e-09
22685000000.0 1.4730781172838192e-09
22760700000.0 1.4635618801660786e-09
22836700000.0 1.453169321323625e-09
22912900000.0 1.4437503605210974e-09
22989400000.0 1.4334609250332328e-09
23066200000.0 1.4241323835426572e-09
23143200000.0 1.4148535284914905e-09
23220500000.0 1.4047129534230276e-09
23298000000.0 1.395529784971759e-09
23375800000.0 1.3854906306798995e-09
23453800000.0 1.3764024456574125e-09
23532100000.0 1.3664639634514125e-09
23610700000.0 1.357464303457653e-09
23689500000.0 1.3485129793773712e-09
23768600000.0 1.3387198732502287e-09
23847900000.0 1.329861873567401e-09
23927500000.0 1.3210460252830698e-09
24007400000.0 1.3122722396125061e-09
24087600000.0 1.3026679087849525e-09
24168000000.0 1.2939862344820034e-09
24248700000.0 1.285346229293681e-09
24329600000.0 1.2758892075763205e-09
24410900000.0 1.2673350781807092e-09
24492400000.0 1.2588274589372255e-09
24574100000.0 1.250366094814733e-09
24656200000.0 1.2419406577615107e-09
24738500000.0 1.2327116114669245e-09
24821100000.0 1.2243757124215745e-09
24903900000.0 1.2160853436971628e-09
24987100000.0 1.2078305840298553e-09
25070500000.0 1.1996210439171549e-09
25154200000.0 1.1914517327856843e-09
25238200000.0 1.1833225417086118e-09
25322400000.0 1.175238001432049e-09
25407000000.0 1.1671886709479887e-09
25491800000.0 1.1591836731061822e-09
25576900000.0 1.1512182537133427e-09
25662300000.0 1.1432922983798582e-09
25748000000.0 1.1354056914721943e-09
25833900000.0 1.1275626807930157e-09
25920200000.0 1.1197543743740912e-09
26006700000.0 1.1119893385152269e-09
26093500000.0 1.1042630894773248e-09
26180700000.0 1.0965713185892358e-09
26268100000.0 1.0889223246409843e-09
26355800000.0 1.0813117534362253e-09
26443700000.0 1.073743542186876e-09
26532000000.0 1.0662094038082213e-09
26620600000.0 1.0587133158964245e-09
26709500000.0 1.0512551523789283e-09
26798600000.0 1.043838681415358e-09
26888100000.0 1.0372375855500283e-09
26977900000.0 1.0298897882837563e-09
27068000000.0 1.0225794116540925e-09
27158300000.0 1.0153100639570814e-09
27249000000.0 1.0080740983257454e-09
27340000000.0 1.0016438822797488e-09
27431200000.0 9.944829076686754e-10
27522800000.0 9.87355041353118e-10
27614700000.0 9.802638133844013e-10
27706900000.0 9.739676313018176e-10
27799400000.0 9.669467527726844e-10
27892200000.0 9.599621168047551e-10
27985300000.0 9.530135874782196e-10
28078700000.0 9.46849526007412e-10
28172500000.0 9.39966974220142e-10
28266500000.0 9.331234987186096e-10
28360900000.0 9.270533732279187e-10
28455600000.0 9.202752290618477e-10
28550600000.0 9.14268577344869e-10
28645900000.0 9.075585769570879e-10
28741600000.0 9.008805367470036e-10
28837500000.0 8.949694207617782e-10
28933800000.0 8.883588213967889e-10
29030400000.0 8.825069273168994e-10
29127300000.0 8.759632680712989e-10
29224500000.0 8.701732291174614e-10
29322100000.0 8.63693027772768e-10
29420000000.0 8.579614536337859e-10
29518200000.0 8.51547240726691e-10
29616800000.0 8.458737742588234e-10
29715600000.0 8.395250371111924e-10
29814800000.0 8.33912111737508e-10
29914400000.0 8.276227711183938e-10
30014300000.0 8.220671899925763e-10
30114500000.0 8.158424365640079e-10
30215000000.0 8.103465064423935e-10
30315900000.0 8.04183134509269e-10
30417100000.0 7.987437370334336e-10
30518600000.0 7.933326155187249e-10
30620500000.0 7.872607095012291e-10
30722700000.0 7.819055353706703e-10
30825300000.0 7.765757941620225e-10
30928200000.0 7.7059439679953e-10
31031500000.0 7.65320086342759e-10
31135100000.0 7.600734507226709e-10
31239000000.0 7.541815900287483e-10
31343300000.0 7.489897785861146e-10
31448000000.0 7.438229446517512e-10
31553000000.0 7.380172965715115e-10
31658300000.0 7.329070858186006e-10
31764000000.0 7.27821591462697e-10
31870000000.0 7.227630269052782e-10
31976400000.0 7.170717611358328e-10
32083200000.0 7.120644480299332e-10
32190300000.0 7.07083771672959e-10
32297800000.0 7.021274319468868e-10
32405600000.0 6.97197521656265e-10
32513800000.0 6.916453875922497e-10
32622300000.0 6.867680218545902e-10
32731200000.0 6.81914658661983e-10
32840500000.0 6.770852365782252e-10
32950100000.0 6.722817335333523e-10
33060200000.0 6.674999844026175e-10
33170500000.0 6.621123823777165e-10
33281300000.0 6.573821159603185e-10
33392400000.0 6.526773772523164e-10
33503900000.0 6.479961045851485e-10
33615700000.0 6.433401453683981e-10
33727900000.0 6.387074784054319e-10
33840500000.0 6.340980362926277e-10
33953500000.0 6.295117508772519e-10
34066900000.0 6.249485532778409e-10
34180600000.0 6.204101889934929e-10
34294700000.0 6.158947342347677e-10
34409200000.0 6.114021185732651e-10
34524100000.0 6.068105192162518e-10
34639300000.0 6.023655120837865e-10
34755000000.0 5.979413701330458e-10
34871000000.0 5.93601750432103e-10
34987400000.0 5.892240999779339e-10
35104200000.0 5.848688166036563e-10
35221400000.0 5.805954968332299e-10
35339000000.0 5.763439982032817e-10
35457000000.0 5.721142474786255e-10
35575400000.0 5.678470940340722e-10
35694200000.0 5.636608140662512e-10
35813300000.0 5.595563054474507e-10
35932900000.0 5.554127875630698e-10
36052900000.0 5.512906444299595e-10
36173200000.0 5.471913127650509e-10
36294000000.0 5.431695817311494e-10
36415100000.0 5.39112377000041e-10
36536700000.0 5.351322676687219e-10
36658700000.0 5.3117276740772e-10
36781100000.0 5.272338003215507e-10
36903900000.0 5.233152901846306e-10
37027100000.0 5.194171604549691e-10
37150700000.0 5.155393342876389e-10
37274700000.0 5.116817345480281e-10
37399200000.0 5.078429259234151e-10
37524000000.0 5.040815702943804e-10
37649300000.0 5.002826838258329e-10
37775000000.0 4.965593788668505e-10
37901100000.0 4.928555695013237e-10
38027600000.0 4.89115911329251e-10
38154600000.0 4.85449773243477e-10
38282000000.0 4.818029258326869e-10
38409800000.0 4.781752910782734e-10
38538000000.0 4.745667907984226e-10
38666700000.0 4.710304824672057e-10
38795800000.0 4.67458643588895e-10
38925300000.0 4.639057305525558e-10
39055200000.0 4.6042547742944583e-10
39185600000.0 4.5696246781285943e-10
39316500000.0 4.5346320672641094e-10
39447700000.0 4.5003702471586497e-10
39579400000.0 4.4662791534255504e-10
39711600000.0 4.432358375168519e-10
39844100000.0 4.3986295732013796e-10
39977200000.0 4.3650588411355484e-10
40110600000.0 4.331678509673129e-10
40244500000.0 4.298988298954725e-10
40378900000.0 4.265941576504916e-10
40513700000.0 4.2330723199753486e-10
40648900000.0 4.2008967676117614e-10
40784700000.0 4.16887320941829e-10
40920800000.0 4.136518272135762e-10
41057400000.0 4.1048397481964634e-10
41194500000.0 4.073321876580367e-10
41332000000.0 4.041973981708563e-10
41470000000.0 4.010785608371515e-10
41608500000.0 3.9797562936985275e-10
41747400000.0 3.949398457256764e-10
41886800000.0 3.9186934242212216e-10
42026600000.0 3.8886551643434235e-10
42166900000.0 3.858271907514751e-10
42307700000.0 3.828541686385922e-10
42448900000.0 3.7984777855797937e-10
42590600000.0 3.769062447592285e-10
42732800000.0 3.7397984332538434e-10
42875500000.0 3.710685260735752e-10
43018600000.0 3.6817310025152297e-10
43162300000.0 3.6529179564788603e-10
43306400000.0 3.624262652195828e-10
43450900000.0 3.596248003381214e-10
43596000000.0 3.5678878745353405e-10
43741500000.0 3.539683531345944e-10
43887600000.0 3.512097071506119e-10
44034100000.0 3.4846620161305737e-10
44181100000.0 3.4568940812388373e-10
44328600000.0 3.429745747478706e-10
44476600000.0 3.402739228959676e-10
44625100000.0 3.375874022462948e-10
44774100000.0 3.3491496219661514e-10
44923500000.0 3.322572914798224e-10
45073500000.0 3.29612851424898e-10
45224000000.0 3.270288114209319e-10
45375000000.0 3.2441201967176995e-10
45526500000.0 3.218090522555632e-10
45678500000.0 3.192658674543381e-10
45831000000.0 3.166902391704156e-10
45984000000.0 3.1417398356861956e-10
46137500000.0 3.1167103916379273e-10
46291500000.0 3.0918135464220365e-10
46446100000.0 3.0670421816728754e-10
46601100000.0 3.042409062537094e-10
46756700000.0 3.0179005373389956e-10
46912800000.0 2.993522687714207e-10
47069400000.0 2.96927499042265e-10
47226600000.0 2.945595705918661e-10
47384200000.0 2.921605329522057e-10
47542400000.0 2.897737437427221e-10
47701200000.0 2.874432305184737e-10
47860400000.0 2.8512579963188047e-10
48020200000.0 2.827764342860241e-10
48180500000.0 2.8048336407458553e-10
48341400000.0 2.7820204867648425e-10
48502700000.0 2.7593359357279553e-10
48664700000.0 2.7367623969894113e-10
48827100000.0 2.7143164134611504e-10
48990100000.0 2.6924152782620304e-10
49153700000.0 2.670199225175786e-10
49317800000.0 2.6481037188492054e-10
49482500000.0 2.6265476553799253e-10
49647700000.0 2.60468505667484e-10
49813400000.0 2.583363453611904e-10
49979700000.0 2.5621524705435815e-10
50146600000.0 2.540632660299309e-10
50314000000.0 2.5196482993767363e-10
50482000000.0 2.498773410457528e-10
50650500000.0 2.4780125384466626e-10
50819600000.0 2.4573603265367793e-10
50989300000.0 2.4368164227072007e-10
51159500000.0 2.4167960053393316e-10
51330300000.0 2.396470895495124e-10
51501700000.0 2.3762529155136457e-10
51673600000.0 2.356552986277758e-10
51846100000.0 2.336551277021766e-10
52019200000.0 2.3170595237222296e-10
52192900000.0 2.2976706484833127e-10
52367100000.0 2.2779873080827556e-10
52541900000.0 2.2588086988463252e-10
52717300000.0 2.2397317841909017e-10
52893400000.0 2.2207520030767592e-10
53069900000.0 2.2018815865934086e-10
53247100000.0 2.183107572528209e-10
53424900000.0 2.164827181312787e-10
53603200000.0 2.146255956579659e-10
53782200000.0 2.1277801745660098e-10
53961800000.0 2.1097929898241863e-10
54141900000.0 2.0919058217765822e-10
54322700000.0 2.073723644532742e-10
54504000000.0 2.0560288396926743e-10
54686000000.0 2.0384252703134305e-10
54868500000.0 2.020920068638855e-10
55051700000.0 2.003505454688261e-10
55235500000.0 1.9861847850315912e-10
55419900000.0 1.9689576875339582e-10
55604900000.0 1.9518237889307228e-10
55790600000.0 1.9347792469495698e-10
55976800000.0 1.9178306639289027e-10
56163700000.0 1.9013449755501087e-10
56351200000.0 1.8845756125345044e-10
56539400000.0 1.8682660684715892e-10
56728100000.0 1.852048417740604e-10
56917500000.0 1.8355464716507493e-10
57107500000.0 1.8195028953267038e-10
57298200000.0 1.8035436870540077e-10
57489500000.0 1.787671699775544e-10
57681400000.0 1.7718865609873262e-10
57874000000.0 1.7561848632135773e-10
58067200000.0 1.7405693415268996e-10
58261000000.0 1.7254003570816918e-10
58455600000.0 1.709949012560382e-10
58650700000.0 1.6945857558957162e-10
58846500000.0 1.6796615419598205e-10
59043000000.0 1.6644606172387374e-10
59240100000.0 1.6496986054927737e-10
59437900000.0 1.6350152427134562e-10
59636300000.0 1.6204129805253484e-10
59835400000.0 1.6055375233589488e-10
60035200000.0 1.5910922602209662e-10
60235600000.0 1.5770760320704182e-10
60436700000.0 1.562786902213499e-10
60638500000.0 1.5485746729987098e-10
60840900000.0 1.5344415918281606e-10
61044000000.0 1.5203847975211917e-10
61247800000.0 1.5067471575541778e-10
61452300000.0 1.4928409626990765e-10
61657500000.0 1.4793510873557253e-10
61863300000.0 1.4659364864984373e-10
62069800000.0 1.4522558600289428e-10
62277100000.0 1.4389849520511976e-10
62485000000.0 1.4257884089613632e-10
62693600000.0 1.4126636165495988e-10
62902900000.0 1.399610299160724e-10
63112900000.0 1.3866281800335629e-10
63323600000.0 1.3740488772138809e-10
63535000000.0 1.3612072158291344e-10
63747100000.0 1.348435919975453e-10
63959900000.0 1.336063302972141e-10
64173500000.0 1.3234287397185908e-10
64387700000.0 1.3111922004642442e-10
64602700000.0 1.2986953954307606e-10
64818400000.0 1.2865918449066226e-10
65034800000.0 1.2745548638174647e-10
65251900000.0 1.262584177240765e-10
65469700000.0 1.2506795096418236e-10
65688300000.0 1.2388386989752808e-10
65907600000.0 1.2270634028154353e-10
66127600000.0 1.2153533433074725e-10
66348400000.0 1.204023192772355e-10
66569900000.0 1.1924399498998486e-10
66792200000.0 1.1812340494739813e-10
67015100000.0 1.1697784036251037e-10
67238900000.0 1.1586957751422881e-10
67463300000.0 1.1476764702238536e-10
67688600000.0 1.1364046210315109e-10
67914600000.0 1.1255054213614103e-10
68141300000.0 1.1146670689879668e-10
68368800000.0 1.1038876769296497e-10
68597000000.0 1.0931686293118641e-10
68826000000.0 1.0828134420754007e-10
69055800000.0 1.0722101637041296e-10
69286400000.0 1.0616649628376958e-10
69517700000.0 1.0514814612758092e-10
69749800000.0 1.0410522387013501e-10
69982600000.0 1.030982200409059e-10
70216300000.0 1.0206665346477259e-10
70450700000.0 1.010707588372588e-10
70685900000.0 1.0008033652473304e-10
70921900000.0 9.909536559921808e-11
71158700000.0 9.811582504217674e-11
71396200000.0 9.714182980839739e-11
71634600000.0 9.61730847845016e-11
71873700000.0 9.520983905436087e-11
72113700000.0 9.428094860300778e-11
72354400000.0 9.332827019794622e-11
72596000000.0 9.240971440908019e-11
72838400000.0 9.146739325931298e-11
73081500000.0 9.055921418157056e-11
73325500000.0 8.965595659411465e-11
73570300000.0 8.87291583040889e-11
73815900000.0 8.7836027593115e-11
74062400000.0 8.694776382134421e-11
74309600000.0 8.60645824667772e-11
74557700000.0 8.518622934055816e-11
74806600000.0 8.434089571547946e-11
75056400000.0 8.347216604394683e-11
75307000000.0 8.260832216782233e-11
75558400000.0 8.17771582725051e-11
75810600000.0 8.092292990226371e-11
76063700000.0 8.010104935433863e-11
76317700000.0 7.928368525124132e-11
76572500000.0 7.84709239482022e-11
76828100000.0 7.763538936997033e-11
77084600000.0 7.683176375281277e-11
77341900000.0 7.603268208183563e-11
77600100000.0 7.52651104383103e-11
77859200000.0 7.447477516656959e-11
78119100000.0 7.368892796734766e-11
78380000000.0 7.293417625660665e-11
78641600000.0 7.215706512987886e-11
78904200000.0 7.141083814723022e-11
79167600000.0 7.064230030292359e-11
79431900000.0 6.990452671635117e-11
79697100000.0 6.917086541291131e-11
79963200000.0 6.84413002495915e-11
80230100000.0 6.771589942349485e-11
80498000000.0 6.69944766895542e-11
80766700000.0 6.62771833784782e-11
81036400000.0 6.556383784315857e-11
81306900000.0 6.485458664900685e-11
81578300000.0 6.417509408169431e-11
81850700000.0 6.347365483427121e-11
82124000000.0 6.280177251541607e-11
82398100000.0 6.21082375476477e-11
82673200000.0 6.144398008771133e-11
82949200000.0 6.078346917028645e-11
83226200000.0 6.012661670498559e-11
83504000000.0 5.947355232713427e-11
83782800000.0 5.882411664252767e-11
84062500000.0 5.817836593189727e-11
84343100000.0 5.753628420656417e-11
84624700000.0 5.692262357052913e-11
84907200000.0 5.628768383813745e-11
85190700000.0 5.565630186738754e-11
85475100000.0 5.5053117058656214e-11
85760500000.0 5.4453297920448703e-11
86046800000.0 5.383246957027093e-11
86334100000.0 5.323948605505222e-11
86622300000.0 5.264988904048701e-11
86911500000.0 5.206360324972038e-11
87201600000.0 5.1480674944546524e-11
87492800000.0 5.090097236173334e-11
87784900000.0 5.034854114034082e-11
88077900000.0 4.977540358656371e-11
88372000000.0 4.920545410269423e-11
88667000000.0 4.866249500336468e-11
88963000000.0 4.8122595899007215e-11
89260100000.0 4.7562145565260113e-11
89558100000.0 4.702840864053297e-11
89857000000.0 4.649774617859219e-11
90157000000.0 4.5970041515021566e-11
90458000000.0 4.544533471190875e-11
90760000000.0 4.492361328635836e-11
91063000000.0 4.440486472409131e-11
91367000000.0 4.3889076481333186e-11
91672100000.0 4.3399114773892583e-11
91978100000.0 4.288913386951678e-11
92285200000.0 4.2404803614854714e-11
92593300000.0 4.190053532013258e-11
92902400000.0 4.142178862603573e-11
93212600000.0 4.094573388410162e-11
93523800000.0 4.047240438090626e-11
93836000000.0 4.0001788134967295e-11
94149300000.0 3.953383115994043e-11
94463600000.0 3.906856470238663e-11
94779000000.0 3.860593599018938e-11
95095400000.0 3.814597494524392e-11
95412900000.0 3.771065724336526e-11
95731400000.0 3.72558837235147e-11
96051000000.0 3.682558567611802e-11
96371700000.0 3.639772622527514e-11
96693400000.0 3.5950597362985876e-11
97016200000.0 3.552769448551557e-11
97340100000.0 3.510719977104207e-11
97665100000.0 3.468910346808378e-11
97991200000.0 3.427339579276798e-11
98318300000.0 3.386010136969234e-11
98646500000.0 3.347048006038843e-11
98975900000.0 3.306180730829065e-11
99306300000.0 3.2655516887168096e-11
99637900000.0 3.227262581240136e-11
99970500000.0 3.187093278638201e-11
100304000000.0 3.1492574502535156e-11
100639000000.0 3.111626009482974e-11
100975000000.0 3.074213821703248e-11
101312000000.0 3.0370198132957e-11
101650000000.0 3.000042911979758e-11
101990000000.0 2.9632529922626804e-11
102330000000.0 2.9267075477279314e-11
102672000000.0 2.8903478459280784e-11
103015000000.0 2.85420186104214e-11
103359000000.0 2.8203018972973736e-11
103704000000.0 2.784573347998994e-11
104050000000.0 2.7510751904698782e-11
104397000000.0 2.717773045737847e-11
104746000000.0 2.6826338316882978e-11
105096000000.0 2.649702580702649e-11
105446000000.0 2.6169899428051205e-11
105798000000.0 2.584444891174993e-11
106152000000.0 2.5520675981991398e-11
106506000000.0 2.5199055336932966e-11
106862000000.0 2.489876722019204e-11
107218000000.0 2.4580871248849942e-11
107576000000.0 2.426462821107147e-11
107935000000.0 2.396973288926672e-11
108296000000.0 2.365694864332972e-11
108657000000.0 2.3365585146348733e-11
109020000000.0 2.3075727941805112e-11
109384000000.0 2.2787586257445078e-11
109749000000.0 2.248200098460491e-11
110116000000.0 2.2197124859495285e-11
110483000000.0 2.193316401700451e-11
110852000000.0 2.165160064824711e-11
111222000000.0 2.1371713420260985e-11
111594000000.0 2.1093304165072017e-11
111966000000.0 2.083551563920809e-11
112340000000.0 2.0560359791956133e-11
112715000000.0 2.0305495968512426e-11
113091000000.0 2.003356105313117e-11
113469000000.0 1.978160213029271e-11
113848000000.0 1.953114478238274e-11
114228000000.0 1.9263781613557877e-11
114609000000.0 1.901636350736828e-11
114992000000.0 1.877025848996923e-11
115376000000.0 1.852562684909399e-11
115761000000.0 1.830061563477632e-11
116147000000.0 1.8057035972952323e-11
116535000000.0 1.7821978130528546e-11
116924000000.0 1.7590127383096448e-11
117314000000.0 1.7359666253313286e-11
117706000000.0 1.7132226801952278e-11
118099000000.0 1.6909713256494506e-11
118493000000.0 1.66867612044384e-11
118889000000.0 1.646854546455133e-11
119286000000.0 1.6251642339189572e-11
119684000000.0 1.6039556258387428e-11
120084000000.0 1.5826862246225476e-11
120485000000.0 1.561893959863376e-11
120887000000.0 1.5412268888358857e-11
121290000000.0 1.5208575555132825e-11
121695000000.0 1.5007711717543518e-11
122102000000.0 1.4809659090434482e-11
122509000000.0 1.4612922406141618e-11
122918000000.0 1.4418963831636954e-11
123329000000.0 1.4226061035606374e-11
123740000000.0 1.4037836620997215e-11
124153000000.0 1.385063530888575e-11
124568000000.0 1.3666143118099062e-11
124984000000.0 1.3482768245268479e-11
125401000000.0 1.3302179928447793e-11
125820000000.0 1.3124250456662715e-11
126240000000.0 1.2949064386222267e-11
126661000000.0 1.2774939277094722e-11
127084000000.0 1.2603423309345515e-11
127508000000.0 1.2432947830047022e-11
127934000000.0 1.2266696208991792e-11
128361000000.0 1.2101453819218267e-11
128790000000.0 1.1937121784115194e-11
129220000000.0 1.1777042658121541e-11
129651000000.0 1.1617935765931116e-11
130084000000.0 1.145970701773473e-11
130518000000.0 1.1305662071285366e-11
130954000000.0 1.115086296207575e-11
131391000000.0 1.1000206644823934e-11
131830000000.0 1.0850384542247252e-11
132270000000.0 1.0703064984865984e-11
132712000000.0 1.055814685410036e-11
133155000000.0 1.0414112613529421e-11
133599000000.0 1.0272529833434592e-11
134045000000.0 1.0131733831023506e-11
134493000000.0 9.993285731981876e-12
134942000000.0 9.857241355046656e-12
135392000000.0 9.722027504682502e-12
135844000000.0 9.589115465567971e-12
136298000000.0 9.456946211208218e-12
136753000000.0 9.327123181906612e-12
137209000000.0 9.199625875158818e-12
137667000000.0 9.072841399275481e-12
138127000000.0 8.948289729979105e-12
138588000000.0 8.826017711208511e-12
139051000000.0 8.704431248887864e-12
139515000000.0 8.583590270703848e-12
139981000000.0 8.464930898155914e-12
140448000000.0 8.348495926618063e-12
140917000000.0 8.234207286260133e-12
141387000000.0 8.119132961338805e-12
141859000000.0 8.007671368545173e-12
142333000000.0 7.896838072239673e-12
142808000000.0 7.786685997995418e-12
143285000000.0 7.68009066884963e-12
143763000000.0 7.572688108631106e-12
144243000000.0 7.467350915091364e-12
144725000000.0 7.364062905090951e-12
145208000000.0 7.261410596062559e-12
145693000000.0 7.160783182007309e-12
146179000000.0 7.062212950209706e-12
146667000000.0 6.96276804701701e-12
147157000000.0 6.866745803962653e-12
147648000000.0 6.771315042503933e-12
148141000000.0 6.67642674558366e-12
148636000000.0 6.583493326305687e-12
149132000000.0 6.49113331531821e-12
149630000000.0 6.40070468168598e-12
150129000000.0 6.312233864680948e-12
150631000000.0 6.2242252539032384e-12
151133000000.0 6.1368012980005124e-12
151638000000.0 6.051222485987013e-12
152144000000.0 5.966172573939728e-12
152652000000.0 5.882986225259074e-12
153162000000.0 5.800275958965084e-12
153673000000.0 5.719445107501951e-12
154186000000.0 5.639076891438159e-12
154701000000.0 5.560528371314961e-12
155217000000.0 5.482465770877593e-12
155736000000.0 5.404816352967964e-12
156256000000.0 5.3289936894756365e-12
156777000000.0 5.254981054293463e-12
157301000000.0 5.181359886810811e-12
157826000000.0 5.1081952172740136e-12
158353000000.0 5.0367793068468816e-12
158881000000.0 4.9658059100380806e-12
159412000000.0 4.8952105488193855e-12
159944000000.0 4.827681788893494e-12
160478000000.0 4.759231792942283e-12
161014000000.0 4.692482838151819e-12
161551000000.0 4.62614817448708e-12
162091000000.0 4.561465252113457e-12
162632000000.0 4.4971842234251705e-12
163175000000.0 4.433275103832342e-12
163720000000.0 4.371020241393704e-12
164266000000.0 4.309152245590152e-12
164815000000.0 4.248892030680589e-12
165365000000.0 4.189006605382825e-12
165917000000.0 4.129468436396755e-12
166471000000.0 4.071538707844157e-12
167027000000.0 4.013945205897303e-12
167584000000.0 3.957964364060219e-12
168144000000.0 3.902284792011174e-12
168705000000.0 3.8469520651384705e-12
169268000000.0 3.791941313363688e-12
169833000000.0 3.7384887785122936e-12
170400000000.0 3.686580842846754e-12
170969000000.0 3.6337454047910468e-12
171540000000.0 3.582443914024303e-12
172113000000.0 3.532662891943736e-12
172687000000.0 3.4819750138755125e-12
173264000000.0 3.4327765636860727e-12
173842000000.0 3.385094201914737e-12
174423000000.0 3.336465520938436e-12
175005000000.0 3.2893418661032703e-12
175589000000.0 3.243690603657037e-12
176175000000.0 3.197112740878634e-12
176764000000.0 3.151979210995598e-12
177354000000.0 3.107127944002157e-12
177946000000.0 3.0637207575223157e-12
178540000000.0 3.020567595247975e-12
179136000000.0 2.9776673755865977e-12
179734000000.0 2.9350190143800737e-12
180334000000.0 2.8937868648034772e-12
180936000000.0 2.852796643146485e-12
181540000000.0 2.8132049949356023e-12
182146000000.0 2.7726916195112234e-12
182754000000.0 2.7335670304548643e-12
183364000000.0 2.694672511725339e-12
183977000000.0 2.6571349690756816e-12
184591000000.0 2.6198325485601585e-12
185207000000.0 2.582749570679833e-12
185825000000.0 2.545885050464316e-12
186446000000.0 2.509224543664992e-12
187068000000.0 2.473917706091739e-12
187693000000.0 2.438805899091472e-12
188319000000.0 2.40503041223964e-12
188948000000.0 2.3703287697015214e-12
189579000000.0 2.3369413646128745e-12
190212000000.0 2.3037512541076546e-12
190847000000.0 2.2718587587967375e-12
191484000000.0 2.239056814796297e-12
192123000000.0 2.207543345243505e-12
192765000000.0 2.176204939236758e-12
193408000000.0 2.1450634932667185e-12
194054000000.0 2.115178782755625e-12
194702000000.0 2.0854709602982534e-12
195352000000.0 2.055939178074046e-12
196004000000.0 2.026582588713759e-12
196658000000.0 1.99846904540246e-12
197315000000.0 1.9694467675234396e-12
197974000000.0 1.941659110521547e-12
198635000000.0 1.9140365623324085e-12
199298000000.0 1.8876328552257326e-12
199963000000.0 1.8603345848646165e-12
200631000000.0 1.834237405062843e-12
201301000000.0 1.8082954631971193e-12
201973000000.0 1.7825079850223708e-12
202647000000.0 1.757911313220418e-12
203323000000.0 1.7324269960213947e-12
204002000000.0 1.708116698578018e-12
204683000000.0 1.683951238620538e-12
205367000000.0 1.6599217985646297e-12
206052000000.0 1.6370639306895917e-12
206740000000.0 1.6133175277048784e-12
207430000000.0 1.5907265232528373e-12
208123000000.0 1.5682627088739134e-12
208818000000.0 1.5459331896656179e-12
209515000000.0 1.5237372686453212e-12
210214000000.0 1.5026740335573684e-12
210916000000.0 1.4817293365142184e-12
211620000000.0 1.459916651454789e-12
212327000000.0 1.4402079605525503e-12
213036000000.0 1.419630208463572e-12
213747000000.0 1.3991758786801677e-12
214460000000.0 1.3798243047637262e-12
215176000000.0 1.3596052805593232e-12
215895000000.0 1.3404752296672546e-12
216616000000.0 1.3214599732632441e-12
217339000000.0 1.3035259011826894e-12
218064000000.0 1.2847351680998402e-12
218792000000.0 1.2670121940714343e-12
219523000000.0 1.2484323092553225e-12
220256000000.0 1.2309187858374339e-12
220991000000.0 1.2135104613407946e-12
221729000000.0 1.196201365770455e-12
222469000000.0 1.1799412201657116e-12
223212000000.0 1.1628316827849727e-12
223957000000.0 1.14676387099277e-12
224705000000.0 1.1298521996603615e-12
225455000000.0 1.1139750690949853e-12
226208000000.0 1.0981886576997203e-12
226963000000.0 1.0834234609537305e-12
227720000000.0 1.06782386108629e-12
228481000000.0 1.0523092087512675e-12
229244000000.0 1.037805305317485e-12
230009000000.0 1.023388730439699e-12
230777000000.0 1.0090546180390935e-12
231547000000.0 9.948070010611711e-13
232320000000.0 9.806411663318447e-13
233096000000.0 9.665568471776322e-13
233874000000.0 9.52557847119477e-13
234655000000.0 9.395353239185118e-13
235438000000.0 9.25698657487753e-13
236224000000.0 9.128318376561208e-13
237013000000.0 9.000389662818384e-13
237804000000.0 8.87323522784458e-13
238598000000.0 8.749456451098734e-13
239395000000.0 8.625512738807346e-13
240194000000.0 8.504070754111521e-13
240996000000.0 8.384201761559175e-13
241800000000.0 8.265928755805387e-13
242608000000.0 8.149171614242501e-13
243418000000.0 8.033987006843873e-13
244230000000.0 7.920362117205393e-13
245046000000.0 7.809078162291872e-13
245864000000.0 7.698470271486982e-13
246685000000.0 7.590207589109699e-13
247508000000.0 7.482602677126301e-13
248334000000.0 7.37731452205327e-13
249163000000.0 7.273480388494085e-13
249995000000.0 7.171089549656998e-13
250830000000.0 7.069293425406253e-13
251667000000.0 6.969787634618562e-13
252508000000.0 6.871665007832715e-13
253351000000.0 6.774969900902194e-13
254196000000.0 6.679690393784698e-13
255045000000.0 6.584938968862428e-13
255896000000.0 6.492408150605288e-13
256751000000.0 6.400391012697374e-13
257608000000.0 6.31056739896892e-13
258468000000.0 6.221267236664143e-13
259331000000.0 6.134109267913899e-13
260197000000.0 6.047459736233127e-13
261065000000.0 5.962144446131413e-13
261937000000.0 5.87810720547047e-13
262811000000.0 5.795383232584307e-13
263689000000.0 5.713918012535543e-13
264569000000.0 5.63295091592838e-13
265452000000.0 5.554041377589076e-13
266339000000.0 5.475572832560368e-13
267228000000.0 5.398371285749211e-13
268120000000.0 5.322406010944577e-13
269015000000.0 5.247667251900838e-13
269913000000.0 5.173366647348399e-13
270814000000.0 5.101054431529175e-13
271718000000.0 5.029166259705046e-13
272626000000.0 4.958453005576521e-13
273536000000.0 4.888173477867895e-13
274449000000.0 4.819838908520675e-13
275365000000.0 4.751905713388079e-13
276285000000.0 4.685115852612343e-13
277207000000.0 4.618735998408748e-13
278132000000.0 4.554258421546373e-13
279061000000.0 4.4901439351689343e-13
279993000000.0 4.4271581021389646e-13
280927000000.0 4.364559121381042e-13
281865000000.0 4.303059587042036e-13
282806000000.0 4.2426661708746273e-13
283750000000.0 4.182629102164357e-13
284698000000.0 4.124408682803012e-13
285648000000.0 4.065810473746685e-13
286602000000.0 4.009011430665814e-13
287559000000.0 3.952548026313119e-13
288519000000.0 3.897147120830308e-13
289482000000.0 3.8420738505713824e-13
290448000000.0 3.788050263994742e-13
291418000000.0 3.7350547740762737e-13
292391000000.0 3.6823731278554207e-13
293367000000.0 3.6307202197628357e-13
294347000000.0 3.58007523299007e-13
295329000000.0 3.529742458406362e-13
296315000000.0 3.4796963244940575e-13
297304000000.0 3.4313613644786825e-13
298297000000.0 3.382596986922796e-13
299293000000.0 3.335527207552458e-13
