WAVE FLUX
0.000129662 0.0
0.000133601 0.0
0.00013766 0.0
0.000141842 0.0
0.00014615 0.0
0.00015059 0.0
0.000155165 0.0
0.000159879 0.0
0.000164736 0.0
0.00016974 0.0
0.000174896 0.0
0.00018021 0.0
0.000185684 0.0
0.000191325 0.0
0.000197137 0.0
0.000203126 0.0
0.000209296 0.0
0.000215654 0.0
0.000222206 0.0
0.000228956 0.0
0.000235911 0.0
0.000243078 0.0
0.000250462 0.0
0.000258071 0.0
0.000265911 0.0
0.000273989 0.0
0.000282312 0.0
0.000290888 0.0
0.000299725 0.0
0.00030883 0.0
0.000318212 0.0
0.000327879 0.0
0.00033784 0.0
0.000348103 0.0
0.000358677 0.0
0.000369574 0.0
0.000380801 0.0
0.000392369 0.0
0.000404288 0.0
0.00041657 0.0
0.000429225 0.0
0.000442264 0.0
0.000455699 0.0
0.000469543 0.0
0.000483807 0.0
0.000498504 0.0
0.000513648 0.0
0.000529252 0.0
0.00054533 0.0
0.000561896 0.0
0.000578966 0.0
0.000596554 0.0
0.000614676 0.0
0.000633349 0.0
0.00065259 0.0
0.000672414 0.0
0.000692841 0.0
0.000713889 0.0
0.000735576 0.0
0.000757921 0.0
0.000780946 0.0
0.00080467 0.0
0.000829115 0.0
0.000854302 0.0
0.000880254 0.0
0.000906995 0.0
0.000934548 0.0
0.000962938 0.0
0.000992191 0.0
0.00102233 0.0
0.00105339 0.0
0.00108539 0.0
0.00111836 0.0
0.00115234 0.0
0.00118734 0.0
0.00122341 0.0
0.00126058 0.0
0.00129887 0.0
0.00133833 0.0
0.00137899 0.0
0.00142088 0.0
0.00146404 0.0
0.00150852 0.0
0.00155434 0.0
0.00160156 0.0
0.00165022 0.0
0.00170035 0.0
0.001752 0.0
0.00180522 0.0
0.00186006 0.0
0.00191657 0.0
0.00197479 0.0
0.00203478 0.0
0.0020966 0.0
0.00216029 0.0
0.00222592 0.0
0.00229354 0.0
0.00236321 0.0
0.002435 0.0
0.00250897 0.0
0.00258519 0.0
0.00266373 0.0
0.00274465 0.0
0.00282803 0.0
0.00291394 0.0
0.00300246 0.0
0.00309367 0.0
0.00318765 0.0
0.00328449 0.0
0.00338426 0.0
0.00348707 0.0
0.003593 0.0
0.00370215 0.0
0.00381462 0.0
0.0039305 0.0
0.00404991 0.0
0.00417294 0.0
0.0042997 0.0
0.00443032 0.0
0.00456491 0.0
0.00470358 0.0
0.00484647 0.0
0.0049937 0.0
0.0051454 0.0
0.00530171 0.0
0.00546277 0.0
0.00562872 0.0
0.00579971 0.0
0.0059759 0.0
0.00615744 0.0
0.00634449 0.0
0.00653723 0.0
0.00673582 0.0
0.00694045 0.0
0.00715129 0.0
0.00736853 0.0
0.00759238 0.0
0.00782302 0.0
0.00806067 0.0
0.00830554 0.0
0.00855786 0.0
0.00881783 0.0
0.0090857 0.0
0.00936171 0.0
0.00964611 0.0
0.00993914 0.0
0.0102411 0.0
0.0105522 0.0
0.0108727 0.0
0.011203 0.0
0.0115434 0.0
0.011894 0.0
0.0122554 0.0
0.0126277 0.0
0.0130113 0.0
0.0134065 0.0
0.0138138 0.0
0.0142335 0.0
0.0146659 0.0
0.0151114 0.0
0.0155704 0.0
0.0160434 0.0
0.0165308 0.0
0.017033 0.0
0.0175504 0.0
0.0180836 0.0
0.018633 0.0
0.019199 0.0
0.0197822 0.0
0.0203832 0.0
0.0210024 0.0
0.0216404 0.0
0.0222978 0.0
0.0229752 0.0
0.0236732 0.0
0.0243923 0.0
0.0251333 0.0
0.0258968 0.0
0.0266835 0.0
0.0274941 0.0
0.0283294 0.0
0.02919 0.0
0.0300767 0.0
0.0309904 0.0
0.0319319 0.0
0.0329019 0.0
0.0339014 0.0
0.0349313 0.0
0.0359924 0.0
0.0370858 0.0
0.0382125 0.0
0.0393733 0.0
0.0405694 0.0
0.0418018 0.0
0.0430717 0.0
0.0443802 0.0
0.0457284 0.0
0.0471175 0.0
0.0485489 0.0
0.0500237 0.0
0.0515434 0.0
0.0531092 0.0
0.0547226 0.0
0.056385 0.0
0.0580979 0.0
0.0598628 0.0
0.0616813 0.0
0.0635551 0.0
0.0654858 0.0
0.0674752 0.0
0.069525 0.0
0.0716371 0.0
0.0738133 0.0
0.0760556 0.0
0.0783661 0.0
0.0807467 0.0
0.0831997 0.0
0.0857272 0.0
0.0883314 0.0
0.0910148 0.0
0.0937797 0.0
0.0966286 0.0
0.099564 0.0
0.102589 0.0
0.105705 0.0
0.108916 0.0
0.112225 0.0
0.115634 0.0
0.119147 0.0
0.122767 0.0
0.126496 0.0
0.130339 0.0
0.134298 0.0
0.138378 0.0
0.142582 0.0
0.146913 0.0
0.151376 0.0
0.155975 0.0
0.160713 0.0
0.165595 0.0
0.170626 0.0
0.175809 0.0
0.18115 0.0
0.186653 0.0
0.192323 0.0
0.198166 0.0
0.204186 0.0
0.210389 0.0
0.21678 0.0
0.223366 0.0
0.230151 0.0
0.237143 0.0
0.244347 0.0
0.25177 0.0
0.259418 0.0
0.267299 0.0
0.275419 0.0
0.283786 0.0
0.292407 0.0
0.30129 0.0
0.310442 0.0
0.319873 0.0
0.32959 0.0
0.339603 0.0
0.349919 0.0
0.36055 0.0
0.371502 0.0
0.382788 0.0
0.394417 0.0
0.406399 0.0
0.418744 0.0
0.431465 0.0
0.444572 0.0
0.458078 0.0
0.471994 0.0
0.486332 0.0
0.501106 0.0
0.516329 0.0
0.532014 0.0
0.548176 0.0
0.564829 0.0
0.581988 0.0
0.599668 0.0
0.617885 0.0
0.636655 0.0
0.655996 0.0
0.675924 0.0
0.696457 0.0
0.717615 0.0
0.739415 0.0
0.761877 0.0
0.785022 0.0
0.80887 0.0
0.833442 0.0
0.858761 0.0
0.884849 0.0
0.911729 0.0
0.939426 0.0
0.967964 0.0
0.99737 0.0
1.01281 0.0
1.01339 0.0
1.01397 0.0
1.01455 0.0
1.01513 0.0
1.01571 0.0
1.01629 0.0
1.01687 0.0
1.01745 0.0
1.01803 0.0
1.01861 0.0
1.0192 0.0
1.01978 0.0
1.02036 0.0
1.02095 0.0
1.02153 0.0
1.02211 0.0
1.0227 0.0
1.02328 0.0
1.02387 0.0
1.02445 0.0
1.02504 0.0
1.02562 0.0
1.02621 0.0
1.0268 0.0
1.02738 0.0
1.02797 0.0
1.02856 0.0
1.02915 0.0
1.02974 0.0
1.03033 0.0
1.03091 0.0
1.0315 0.0
1.03209 0.0
1.03268 0.0
1.03327 0.0
1.03386 0.0
1.03446 0.0
1.03505 0.0
1.03564 0.0
1.03623 0.0
1.03682 0.0
1.03742 0.0
1.03801 0.0
1.0386 0.0
1.0392 0.0
1.03979 0.0
1.04039 0.0
1.04098 0.0
1.04158 0.0
1.04217 0.0
1.04277 0.0
1.04336 0.0
1.04396 0.0
1.04456 0.0
1.04515 0.0
1.04575 0.0
1.04635 0.0
1.04695 0.0
1.04755 0.0
1.04815 0.0
1.04874 0.0
1.04934 0.0
1.04994 0.0
1.05054 0.0
1.05114 0.0
1.05175 0.0
1.05235 0.0
1.05295 0.0
1.05355 0.0
1.05415 0.0
1.05476 0.0
1.05536 0.0
1.05596 0.0
1.05657 0.0
1.05717 0.0
1.05777 0.0
1.05838 0.0
1.05898 0.0
1.05959 0.0
1.0602 0.0
1.0608 0.0
1.06141 0.0
1.06202 0.0
1.06262 0.0
1.06323 0.0
1.06384 0.0
1.06445 0.0
1.06505 0.0
1.06566 0.0
1.06627 0.0
1.06688 0.0
1.06749 0.0
1.0681 0.0
1.06871 0.0
1.06932 0.0
1.06994 0.0
1.07055 0.0
1.07116 0.0
1.07177 0.0
1.0724 0.0
1.07304 0.0
1.07369 0.0
1.07433 0.0
1.07498 0.0
1.07562 0.0
1.07627 0.0
1.07692 0.0
1.07756 0.0
1.07821 0.0
1.07886 0.0
1.0795 0.0
1.08015 0.0
1.0808 0.0
1.08145 0.0
1.0821 0.0
1.08275 0.0
1.0834 0.0
1.08405 0.0
1.0847 0.0
1.08535 0.0
1.086 0.0
1.08666 0.0
1.08731 0.0
1.08796 0.0
1.08861 0.0
1.08927 0.0
1.08992 0.0
1.09058 0.0
1.09123 0.0
1.09189 0.0
1.09254 0.0
1.0932 0.0
1.09385 0.0
1.09451 0.0
1.09517 0.0
1.09583 0.0
1.09648 0.0
1.09714 0.0
1.0978 0.0
1.09846 0.0
1.09912 0.0
1.09978 0.0
1.10044 0.0
1.1011 0.0
1.10176 0.0
1.10242 0.0
1.10309 0.0
1.10375 0.0
1.10441 0.0
1.10507 0.0
1.10574 0.0
1.1064 0.0
1.10707 0.0
1.10773 0.0
1.1084 0.0
1.10906 0.0
1.10973 0.0
1.11039 0.0
1.11106 0.0
1.11173 0.0
1.11239 0.0
1.11306 0.0
1.11373 0.0
1.1144 0.0
1.11507 0.0
1.11574 0.0
1.11641 0.0
1.11708 0.0
1.11775 0.0
1.11842 0.0
1.11909 0.0
1.11976 0.0
1.12044 0.0
1.12111 0.0
1.12178 0.0
1.12245 0.0
1.12313 0.0
1.1238 0.0
1.12448 0.0
1.12515 0.0
1.12583 0.0
1.1265 0.0
1.12718 0.0
1.12786 0.0
1.12854 0.0
1.12921 0.0
1.12989 0.0
1.13057 0.0
1.13125 0.0
1.13193 0.0
1.13261 0.0
1.13329 0.0
1.13397 0.0
1.13465 0.0
1.13533 0.0
1.13601 0.0
1.13669 0.0
1.13738 0.0
1.13806 0.0
1.13874 0.0
1.13945 0.0
1.14018 0.0
1.1409 0.0
1.14163 0.0
1.14236 0.0
1.14309 0.0
1.14382 0.0
1.14456 0.0
1.14529 0.0
1.14602 0.0
1.14675 0.0
1.14749 0.0
1.14822 0.0
1.14895 0.0
1.14969 0.0
1.15042 0.0
1.15116 0.0
1.15189 0.0
1.15263 0.0
1.15337 0.0
1.1541 0.0
1.15484 0.0
1.15558 0.0
1.15632 0.0
1.15706 0.0
1.1578 0.0
1.15854 0.0
1.15928 0.0
1.16002 0.0
1.16076 0.0
1.1615 0.0
1.16224 0.0
1.16299 0.0
1.16373 0.0
1.16447 0.0
1.16522 0.0
1.16596 0.0
1.16671 0.0
1.16745 0.0
1.1682 0.0
1.16895 0.0
1.16969 0.0
1.17044 0.0
1.17119 0.0
1.17194 0.0
1.17269 0.0
1.17344 0.0
1.17419 0.0
1.17494 0.0
1.17569 0.0
1.17644 0.0
1.17719 0.0
1.17795 0.0
1.1787 0.0
1.17945 0.0
1.18021 0.0
1.18096 0.0
1.18171 0.0
1.18247 0.0
1.18323 0.0
1.18398 0.0
1.18474 0.0
1.1855 0.0
1.18625 0.0
1.18701 0.0
1.18777 0.0
1.18853 0.0
1.18929 0.0
1.19005 0.0
1.19081 0.0
1.19157 0.0
1.19233 0.0
1.1931 0.0
1.19386 0.0
1.19462 0.0
1.19539 0.0
1.19615 0.0
1.19691 0.0
1.19768 0.0
1.19844 0.0
1.19921 0.0
1.19998 0.0
1.20074 0.0
1.20151 0.0
1.20228 0.0
1.20305 0.0
1.20382 0.0
1.20459 0.0
1.20536 0.0
1.20613 0.0
1.2069 0.0
1.20767 0.0
1.20844 0.0
1.20921 0.0
1.20999 0.0
1.21076 0.0
1.21153 0.0
1.21231 0.0
1.21308 0.0
1.21386 0.0
1.21463 0.0
1.21544 0.0
1.21627 0.0
1.2171 0.0
1.21793 0.0
1.21876 0.0
1.2196 0.0
1.22043 0.0
1.22126 0.0
1.2221 0.0
1.22293 0.0
1.22377 0.0
1.22461 0.0
1.22544 0.0
1.22628 0.0
1.22712 0.0
1.22796 0.0
1.22879 0.0
1.22963 0.0
1.23047 0.0
1.23132 0.0
1.23216 0.0
1.233 0.0
1.23384 0.0
1.23468 0.0
1.23553 0.0
1.23637 0.0
1.23722 0.0
1.23806 0.0
1.23891 0.0
1.23976 0.0
1.2406 0.0
1.24145 0.0
1.2423 0.0
1.24315 0.0
1.244 0.0
1.24485 0.0
1.2457 0.0
1.24655 0.0
1.2474 0.0
1.24825 0.0
1.24911 0.0
1.24996 0.0
1.25081 0.0
1.25167 0.0
1.25252 0.0
1.25338 0.0
1.25424 0.0
1.25509 0.0
1.25595 0.0
1.25681 0.0
1.25767 0.0
1.25853 0.0
1.25939 0.0
1.26025 0.0
1.26111 0.0
1.26197 0.0
1.26283 0.0
1.2637 0.0
1.26456 0.0
1.26542 0.0
1.26629 0.0
1.26715 0.0
1.26802 0.0
1.26889 0.0
1.26975 0.0
1.27062 0.0
1.27149 0.0
1.27236 0.0
1.27323 0.0
1.2741 0.0
1.27497 0.0
1.27584 0.0
1.27671 0.0
1.27758 0.0
1.27846 0.0
1.27933 0.0
1.2802 0.0
1.28108 0.0
1.28195 0.0
1.28283 0.0
1.28371 0.0
1.28458 0.0
1.28546 0.0
1.28634 0.0
1.28722 0.0
1.2881 0.0
1.28898 0.0
1.28986 0.0
1.29074 0.0
1.29162 0.0
1.29251 0.0
1.29339 0.0
1.29427 0.0
1.29516 0.0
1.29604 0.0
1.29693 0.0
1.29781 0.0
1.2987 0.0
1.29959 0.0
1.30048 0.0
1.30137 0.0
1.30229 0.0
1.30324 0.0
1.3042 0.0
1.30516 0.0
1.30612 0.0
1.30707 0.0
1.30803 0.0
1.30899 0.0
1.30995 0.0
1.31092 0.0
1.31188 0.0
1.31284 0.0
1.3138 0.0
1.31477 0.0
1.31573 0.0
1.3167 0.0
1.31767 0.0
1.31863 0.0
1.3196 0.0
1.32057 0.0
1.32154 0.0
1.32251 0.0
1.32348 0.0
1.32445 0.0
1.32542 0.0
1.3264 0.0
1.32737 0.0
1.32834 0.0
1.32932 0.0
1.3303 0.0
1.33127 0.0
1.33225 0.0
1.33323 0.0
1.33421 0.0
1.33518 0.0
1.33616 0.0
1.33715 0.0
1.33813 0.0
1.33911 0.0
1.34009 0.0
1.34108 0.0
1.34206 0.0
1.34305 0.0
1.34403 0.0
1.34502 0.0
1.346 0.0
1.34699 0.0
1.34798 0.0
1.34897 0.0
1.34996 0.0
1.35095 0.0
1.35194 0.0
1.35294 0.0
1.35393 0.0
1.35492 0.0
1.35592 0.0
1.35691 0.0
1.35791 0.0
1.35891 0.0
1.3599 0.0
1.3609 0.0
1.3619 0.0
1.3629 0.0
1.3639 0.0
1.3649 0.0
1.3659 0.0
1.36691 0.0
1.36791 0.0
1.36891 0.0
1.36992 0.0
1.37092 0.0
1.37193 0.0
1.37294 0.0
1.37394 0.0
1.37495 0.0
1.37596 0.0
1.37697 0.0
1.37798 0.0
1.37899 0.0
1.38001 0.0
1.38102 0.0
1.38203 0.0
1.38305 0.0
1.38406 0.0
1.38508 0.0
1.3861 0.0
1.38711 0.0
1.38813 0.0
1.38915 0.0
1.39017 0.0
1.39119 0.0
1.39221 0.0
1.39323 0.0
1.39426 0.0
1.39528 0.0
1.3963 0.0
1.39733 0.0
1.39835 0.0
1.39938 0.0
1.40041 0.0
1.40144 0.0
1.4025 0.0
1.4036 0.0
1.4047 0.0
1.40581 0.0
1.40691 0.0
1.40801 0.0
1.40912 0.0
1.41022 0.0
1.41133 0.0
1.41244 0.0
1.41355 0.0
1.41466 0.0
1.41577 0.0
1.41688 0.0
1.41799 0.0
1.41911 0.0
1.42022 0.0
1.42133 0.0
1.42245 0.0
1.42357 0.0
1.42468 0.0
1.4258 0.0
1.42692 0.0
1.42804 0.0
1.42916 0.0
1.43029 0.0
1.43141 0.0
1.43253 0.0
1.43366 0.0
1.43478 0.0
1.43591 0.0
1.43704 0.0
1.43816 0.0
1.43929 0.0
1.44042 0.0
1.44155 0.0
1.44269 0.0
1.44382 0.0
1.44495 0.0
1.44609 0.0
1.44722 0.0
1.44836 0.0
1.44949 0.0
1.45063 0.0
1.45177 0.0
1.45291 0.0
1.45405 0.0
1.45519 0.0
1.45634 0.0
1.45748 0.0
1.45862 0.0
1.45977 0.0
1.46091 0.0
1.46206 0.0
1.46321 0.0
1.46436 0.0
1.46551 0.0
1.46666 0.0
1.46781 0.0
1.46896 0.0
1.47011 0.0
1.47127 0.0
1.47242 0.0
1.47358 0.0
1.47474 0.0
1.47589 0.0
1.47705 0.0
1.47821 0.0
1.47937 0.0
1.48053 0.0
1.4817 0.0
1.48286 0.0
1.48402 0.0
1.48519 0.0
1.48635 0.0
1.48752 0.0
1.48869 0.0
1.48986 0.0
1.49103 0.0
1.4922 0.0
1.49337 0.0
1.49454 0.0
1.49571 0.0
1.49689 0.0
1.49806 0.0
1.49924 0.0
1.50042 0.0
1.50159 0.0
1.50277 0.0
1.50395 0.0
1.50513 0.0
1.50632 0.0
1.5075 0.0
1.50868 0.0
1.50987 0.0
1.51105 0.0
1.51224 0.0
1.51342 0.0
1.51461 0.0
1.5158 0.0
1.51699 0.0
1.51818 0.0
1.51943 0.0
1.52072 0.0
1.52202 0.0
1.52332 0.0
1.52462 0.0
1.52592 0.0
1.52722 0.0
1.52853 0.0
1.52983 0.0
1.53114 0.0
1.53244 0.0
1.53375 0.0
1.53506 0.0
1.53637 0.0
1.53768 0.0
1.53899 0.0
1.54031 0.0
1.54162 0.0
1.54294 0.0
1.54425 0.0
1.54557 0.0
1.54689 0.0
1.54821 0.0
1.54953 0.0
1.55085 0.0
1.55218 0.0
1.5535 0.0
1.55483 0.0
1.55616 0.0
1.55748 0.0
1.55881 0.0
1.56014 0.0
1.56147 0.0
1.56281 0.0
1.56414 0.0
1.56548 0.0
1.56681 0.0
1.56815 0.0
1.56949 0.0
1.57083 0.0
1.57217 0.0
1.57351 0.0
1.57485 0.0
1.5762 0.0
1.57754 0.0
1.57889 0.0
1.58023 0.0
1.58158 0.0
1.58293 0.0
1.58428 0.0
1.58564 0.0
1.58699 0.0
1.58834 0.0
1.5897 0.0
1.59106 0.0
1.59241 0.0
1.59377 0.0
1.59513 0.0
1.59649 0.0
1.59786 0.0
1.59922 0.0
1.60058 0.0
1.60195 0.0
1.60332 0.0
1.60469 0.0
1.60606 0.0
1.60743 0.0
1.6088 0.0
1.61017 0.0
1.61155 0.0
1.61292 0.0
1.6143 0.0
1.61567 0.0
1.61705 0.0
1.61843 0.0
1.61981 0.0
1.6212 0.0
1.62258 0.0
1.62397 0.0
1.62535 0.0
1.62674 0.0
1.62813 0.0
1.62952 0.0
1.63091 0.0
1.6323 0.0
1.63369 0.0
1.63509 0.0
1.63648 0.0
1.63788 0.0
1.63928 0.0
1.64067 0.0
1.64207 0.0
1.64348 0.0
1.64488 0.0
1.64628 0.0
1.64769 0.0
1.64909 0.0
1.6505 0.0
1.65191 0.0
1.65332 0.0
1.65473 0.0
1.65614 0.0
1.65762 0.0
1.65917 0.0
1.66072 0.0
1.66228 0.0
1.66383 0.0
1.66539 0.0
1.66694 0.0
1.6685 0.0
1.67006 0.0
1.67162 0.0
1.67318 0.0
1.67475 0.0
1.67631 0.0
1.67788 0.0
1.67945 0.0
1.68102 0.0
1.68259 0.0
1.68416 0.0
1.68574 0.0
1.68732 0.0
1.68889 0.0
1.69047 0.0
1.69205 0.0
1.69363 0.0
1.69522 0.0
1.6968 0.0
1.69839 0.0
1.69998 0.0
1.70156 0.0
1.70316 0.0
1.70475 0.0
1.70634 0.0
1.70794 0.0
1.70953 0.0
1.71113 0.0
1.71273 0.0
1.71433 0.0
1.71593 0.0
1.71754 0.0
1.71914 0.0
1.72075 0.0
1.72236 0.0
1.72397 0.0
1.72558 0.0
1.7272 0.0
1.72881 0.0
1.73043 0.0
1.73204 0.0
1.73366 0.0
1.73528 0.0
1.73691 0.0
1.73853 0.0
1.74016 0.0
1.74178 0.0
1.74341 0.0
1.74504 0.0
1.74667 0.0
1.7483 0.0
1.74994 0.0
1.75157 0.0
1.75321 0.0
1.75485 0.0
1.75649 0.0
1.75813 0.0
1.75978 0.0
1.76142 0.0
1.76307 0.0
1.76472 0.0
1.76637 0.0
1.76802 0.0
1.76967 0.0
1.77133 0.0
1.77298 0.0
1.77464 0.0
1.7763 0.0
1.77796 0.0
1.77962 0.0
1.78128 0.0
1.78295 0.0
1.78462 0.0
1.78628 0.0
1.78795 0.0
1.78963 0.0
1.7913 0.0
1.79297 0.0
1.79465 0.0
1.79633 0.0
1.79801 0.0
1.79969 0.0
1.80137 0.0
1.80305 0.0
1.80474 0.0
1.80643 0.0
1.80812 0.0
1.80981 0.0
1.8115 0.0
1.81319 0.0
1.81489 0.0
1.81658 0.0
1.81828 0.0
1.81998 0.0
1.82168 0.0
1.82347 0.0
1.82533 0.0
1.8272 0.0
1.82907 0.0
1.83094 0.0
1.83282 0.0
1.83469 0.0
1.83657 0.0
1.83845 0.0
1.84033 0.0
1.84221 0.0
1.8441 0.0
1.84599 0.0
1.84788 0.0
1.84977 0.0
1.85166 0.0
1.85356 0.0
1.85545 0.0
1.85735 0.0
1.85925 0.0
1.86116 0.0
1.86306 0.0
1.86497 0.0
1.86688 0.0
1.86879 0.0
1.8707 0.0
1.87261 0.0
1.87453 0.0
1.87645 0.0
1.87837 0.0
1.88029 0.0
1.88222 0.0
1.88414 0.0
1.88607 0.0
1.888 0.0
1.88993 0.0
1.89187 0.0
1.8938 0.0
1.89574 0.0
1.89768 0.0
1.89962 0.0
1.90157 0.0
1.90351 0.0
1.90546 0.0
1.90741 0.0
1.90936 0.0
1.91132 0.0
1.91327 0.0
1.91523 0.0
1.91719 0.0
1.91916 0.0
1.92112 0.0
1.92309 0.0
1.92505 0.0
1.92702 0.0
1.929 0.0
1.93097 0.0
1.93295 0.0
1.93492 0.0
1.93691 0.0
1.93889 0.0
1.94087 0.0
1.94286 0.0
1.94485 0.0
1.94684 0.0
1.94883 0.0
1.95082 0.0
1.95282 0.0
1.95482 0.0
1.95682 0.0
1.95882 0.0
1.96083 0.0
1.96283 0.0
1.96484 0.0
1.96685 0.0
1.96887 0.0
1.97088 0.0
1.9729 0.0
1.97492 0.0
1.97694 0.0
1.97896 0.0
1.98099 0.0
1.98302 0.0
1.98504 0.0
1.98708 0.0
1.98911 0.0
1.99115 0.0
1.99318 0.0
1.99522 0.0
1.99727 0.0
1.99931 0.0
2.00136 0.0
2.0034 0.0
2.00545 0.0
2.00751 0.0
2.00956 0.0
2.01162 0.0
2.01368 0.0
2.01574 0.0
2.0178 0.0
2.01987 0.0
2.02193 0.0
2.024 0.0
2.0262 0.0
2.02851 0.0
2.03084 0.0
2.03316 0.0
2.03549 0.0
2.03781 0.0
2.04015 0.0
2.04248 0.0
2.04482 0.0
2.04716 0.0
2.0495 0.0
2.05184 0.0
2.05419 0.0
2.05654 0.0
2.05889 0.0
2.06125 0.0
2.06361 0.0
2.06597 0.0
2.06833 0.0
2.0707 0.0
2.07307 0.0
2.07544 0.0
2.07782 0.0
2.08019 0.0
2.08257 0.0
2.08496 0.0
2.08734 0.0
2.08973 0.0
2.09212 0.0
2.09452 0.0
2.09691 0.0
2.09931 0.0
2.10171 0.0
2.10412 0.0
2.10653 0.0
2.10894 0.0
2.11135 0.0
2.11376 0.0
2.11618 0.0
2.1186 0.0
2.12103 0.0
2.12346 0.0
2.12588 0.0
2.12832 0.0
2.13075 0.0
2.13319 0.0
2.13563 0.0
2.13807 0.0
2.14052 0.0
2.14297 0.0
2.14542 0.0
2.14788 0.0
2.15033 0.0
2.15279 0.0
2.15526 0.0
2.15772 0.0
2.16019 0.0
2.16266 0.0
2.16514 0.0
2.16762 0.0
2.1701 0.0
2.17258 0.0
2.17506 0.0
2.17755 0.0
2.18005 0.0
2.18254 0.0
2.18504 0.0
2.18754 0.0
2.19004 0.0
2.19255 0.0
2.19505 0.0
2.19757 0.0
2.20008 0.0
2.2026 0.0
2.20512 0.0
2.20764 0.0
2.21017 0.0
2.2127 0.0
2.21523 0.0
2.21776 0.0
2.2203 0.0
2.22284 0.0
2.22538 0.0
2.22793 0.0
2.23048 0.0
2.23303 0.0
2.23559 0.0
2.23814 0.0
2.2407 0.0
2.24327 0.0
2.24583 0.0
2.2484 0.0
2.25098 0.0
2.25355 0.0
2.25613 0.0
2.25871 0.0
2.2613 0.0
2.26388 0.0
2.26647 0.0
2.26907 0.0
2.27166 0.0
2.27426 0.0
2.27687 0.0
2.27963 0.0
2.28256 0.0
2.28549 0.0
2.28843 0.0
2.29137 0.0
2.29431 0.0
2.29726 0.0
2.30021 0.0
2.30317 0.0
2.30613 0.0
2.30909 0.0
2.31206 0.0
2.31503 0.0
2.318 0.0
2.32098 0.0
2.32396 0.0
2.32695 0.0
2.32994 0.0
2.33293 0.0
2.33593 0.0
2.33893 0.0
2.34193 0.0
2.34494 0.0
2.34795 0.0
2.35097 0.0
2.35399 0.0
2.35702 0.0
2.36004 0.0
2.36308 0.0
2.36611 0.0
2.36915 0.0
2.3722 0.0
2.37524 0.0
2.37829 0.0
2.38135 0.0
2.38441 0.0
2.38747 0.0
2.39054 0.0
2.39361 0.0
2.39669 0.0
2.39977 0.0
2.40285 0.0
2.40594 0.0
2.40903 0.0
2.41212 0.0
2.41522 0.0
2.41833 0.0
2.42143 0.0
2.42454 0.0
2.42766 0.0
2.43078 0.0
2.4339 0.0
2.43703 0.0
2.44016 0.0
2.44329 0.0
2.44643 0.0
2.44958 0.0
2.45272 0.0
2.45587 0.0
2.45903 0.0
2.46219 0.0
2.46535 0.0
2.46852 0.0
2.47169 0.0
2.47487 0.0
2.47805 0.0
2.48123 0.0
2.48442 0.0
2.48761 0.0
2.49081 0.0
2.49401 0.0
2.49721 0.0
2.50042 0.0
2.50363 0.0
2.50685 0.0
2.51007 0.0
2.51329 0.0
2.51652 0.0
2.51976 0.0
2.52299 0.0
2.52623 0.0
2.52948 0.0
2.53273 0.0
2.53598 0.0
2.53924 0.0
2.5425 0.0
2.54577 0.0
2.54904 0.0
2.55232 0.0
2.5556 0.0
2.55888 0.0
2.56217 0.0
2.56546 0.0
2.56875 0.0
2.57205 0.0
2.57536 0.0
2.57867 0.0
2.58198 0.0
2.5853 0.0
2.58862 0.0
2.59195 0.0
2.59528 0.0
2.59861 0.0
2.60195 0.0
2.60553 0.0
2.60936 0.0
2.61319 0.0
2.61703 0.0
2.62088 0.0
2.62473 0.0
2.62858 0.0
2.63245 0.0
2.63631 0.0
2.64019 0.0
2.64407 0.0
2.64795 0.0
2.65184 0.0
2.65574 0.0
2.65964 0.0
2.66355 0.0
2.66746 0.0
2.67138 0.0
2.6753 0.0
2.67923 0.0
2.68317 0.0
2.68711 0.0
2.69106 0.0
2.69501 0.0
2.69897 0.0
2.70294 0.0
2.70691 0.0
2.71089 0.0
2.71487 0.0
2.71886 0.0
2.72285 0.0
2.72685 0.0
2.73086 0.0
2.73487 0.0
2.73889 0.0
2.74291 0.0
2.74694 0.0
2.75098 0.0
2.75502 0.0
2.75907 0.0
2.76312 0.0
2.76718 0.0
2.77125 0.0
2.77532 0.0
2.77939 0.0
2.78348 0.0
2.78757 0.0
2.79166 0.0
2.79576 0.0
2.79987 0.0
2.80399 0.0
2.8081 0.0
2.81223 0.0
2.81636 0.0
2.8205 0.0
2.82464 0.0
2.82879 0.0
2.83295 0.0
2.83711 0.0
2.84128 0.0
2.84545 0.0
2.84963 0.0
2.85382 0.0
2.85801 0.0
2.86221 0.0
2.86642 0.0
2.87063 0.0
2.87485 0.0
2.87907 0.0
2.8833 0.0
2.88754 0.0
2.89178 0.0
2.89603 0.0
2.90028 0.0
2.90454 0.0
2.90881 0.0
2.91308 0.0
2.91736 0.0
2.92165 0.0
2.92594 0.0
2.93024 0.0
2.93455 0.0
2.93886 0.0
2.94318 0.0
2.9475 0.0
2.95183 0.0
2.95617 0.0
2.96051 0.0
2.96486 0.0
2.96922 0.0
2.97358 0.0
2.97795 0.0
2.98232 0.0
2.9867 0.0
2.99109 0.0
2.99549 0.0
2.99989 0.0
3.00429 0.0
3.00871 0.0
3.01313 0.0
3.01755 0.0
3.02199 0.0
3.02643 0.0
3.03087 0.0
3.03533 0.0
3.04014 0.0
3.04533 0.0
3.05052 0.0
3.05573 0.0
3.06094 0.0
3.06616 0.0
3.07139 0.0
3.07662 0.0
3.08187 0.0
3.08713 0.0
3.09239 0.0
3.09766 0.0
3.10295 0.0
3.10824 0.0
3.11354 0.0
3.11885 0.0
3.12417 0.0
3.1295 0.0
3.13483 0.0
3.14018 0.0
3.14553 0.0
3.1509 0.0
3.15627 0.0
3.16166 0.0
3.16705 0.0
3.17245 0.0
3.17786 0.0
3.18328 0.0
3.18871 0.0
3.19414 0.0
3.19959 0.0
3.20505 0.0
3.21051 0.0
3.21599 0.0
3.22147 0.0
3.22697 0.0
3.23247 0.0
3.23798 0.0
3.24351 0.0
3.24904 0.0
3.25458 0.0
3.26013 0.0
3.26569 0.0
3.27126 0.0
3.27684 0.0
3.28242 0.0
3.28802 0.0
3.29363 0.0
3.29925 0.0
3.30487 0.0
3.31051 0.0
3.31616 0.0
3.32181 0.0
3.32748 0.0
3.33315 0.0
3.33883 0.0
3.34453 0.0
3.35023 0.0
3.35595 0.0
3.36167 0.0
3.3674 0.0
3.37314 0.0
3.3789 0.0
3.38466 0.0
3.39043 0.0
3.39621 0.0
3.40201 0.0
3.40781 0.0
3.41362 0.0
3.41944 0.0
3.42527 0.0
3.43111 0.0
3.43696 0.0
3.44283 0.0
3.4487 0.0
3.45458 0.0
3.46047 0.0
3.46637 0.0
3.47228 0.0
3.47821 0.0
3.48414 0.0
3.49008 0.0
3.49603 0.0
3.50199 0.0
3.50797 0.0
3.51395 0.0
3.51994 0.0
3.52594 0.0
3.53196 0.0
3.53798 0.0
3.54401 0.0
3.55006 0.0
3.55611 0.0
3.56218 0.0
3.56825 0.0
3.57434 0.0
3.58043 0.0
3.58654 0.0
3.59265 0.0
3.59878 0.0
3.60492 0.0
3.61107 0.0
3.61722 0.0
3.62339 0.0
3.62957 0.0
3.63576 0.0
3.64196 0.0
3.6488 0.0
3.65628 0.0
3.66377 0.0
3.67128 0.0
3.6788 0.0
3.68634 0.0
3.69389 0.0
3.70146 0.0
3.70905 0.0
3.71665 0.0
3.72427 0.0
3.7319 0.0
3.73955 0.0
3.74721 0.0
3.75489 0.0
3.76258 0.0
3.77029 0.0
3.77802 0.0
3.78576 0.0
3.79352 0.0
3.8013 0.0
3.80909 0.0
3.81689 0.0
3.82471 0.0
3.83255 0.0
3.84041 0.0
3.84828 0.0
3.85616 0.0
3.86406 0.0
3.87198 0.0
3.87992 0.0
3.88787 0.0
3.89584 0.0
3.90382 0.0
3.91182 0.0
3.91984 0.0
3.92787 0.0
3.93592 0.0
3.94398 0.0
3.95207 0.0
3.96017 0.0
3.96828 0.0
3.97641 0.0
3.98456 0.0
3.99273 0.0
4.00091 0.0
4.00911 0.0
4.01732 0.0
4.02556 0.0
4.03381 0.0
4.04207 0.0
4.05036 0.0
4.05866 0.0
4.06697 0.0
4.07531 0.0
4.08366 0.0
4.09203 0.0
4.10041 0.0
4.10882 0.0
4.11724 0.0
4.12567 0.0
4.13413 0.0
4.1426 0.0
4.15109 0.0
4.1596 0.0
4.16812 0.0
4.17666 0.0
4.18522 0.0
4.1938 0.0
4.20239 0.0
4.21101 0.0
4.21963 0.0
4.22828 0.0
4.23695 0.0
4.24563 0.0
4.25433 0.0
4.26305 0.0
4.27178 0.0
4.28054 0.0
4.28931 0.0
4.2981 0.0
4.30691 0.0
4.31573 0.0
4.32458 0.0
4.33344 0.0
4.34232 0.0
4.35122 0.0
4.36014 0.0
4.36907 0.0
4.37803 0.0
4.387 0.0
4.39599 0.0
4.405 0.0
4.41402 0.0
4.42307 0.0
4.43213 0.0
4.44122 0.0
4.45032 0.0
4.45944 0.0
4.46858 0.0
4.47773 0.0
4.48691 0.0
4.4961 0.0
4.50532 0.0
4.51455 0.0
4.5238 0.0
4.53307 0.0
4.54236 0.0
4.55167 0.0
4.56219 0.0
4.57392 0.0
4.58568 0.0
4.59748 0.0
4.6093 0.0
4.62116 0.0
4.63304 0.0
4.64496 0.0
4.6569 0.0
4.66888 0.0
4.68089 0.0
4.69293 0.0
4.705 0.0
4.7171 0.0
4.72923 0.0
4.74139 0.0
4.75359 0.0
4.76581 0.0
4.77807 0.0
4.79036 0.0
4.80268 0.0
4.81503 0.0
4.82741 0.0
4.83983 0.0
4.85228 0.0
4.86476 0.0
4.87727 0.0
4.88981 0.0
4.90239 0.0
4.915 0.0
4.92764 0.0
4.94031 0.0
4.95302 0.0
4.96576 0.0
4.97853 0.0
4.99133 0.0
5.00417 0.0
5.01704 0.0
5.02994 0.0
5.04288 0.0
5.05585 0.0
5.06885 0.0
5.08189 0.0
5.09496 0.0
5.10806 0.0
5.1212 0.0
5.13437 0.0
5.14758 0.0
5.16081 0.0
5.17409 0.0
5.18739 0.0
5.20074 0.0
5.21411 0.0
5.22752 0.0
5.24097 0.0
5.25445 0.0
5.26796 0.0
5.28151 0.0
5.29509 0.0
5.30871 0.0
5.32236 0.0
5.33605 0.0
5.34978 0.0
5.36354 0.0
5.37733 0.0
5.39116 0.0
5.40502 0.0
5.41893 0.0
5.43286 0.0
5.44684 0.0
5.46084 0.0
5.47489 0.0
5.48897 0.0
5.50309 0.0
5.51724 0.0
5.53143 0.0
5.54566 0.0
5.55992 0.0
5.57422 0.0
5.58855 0.0
5.60293 0.0
5.61734 0.0
5.63179 0.0
5.64627 0.0
5.66079 0.0
5.67535 0.0
5.68995 0.0
5.70458 0.0
5.71925 0.0
5.73396 0.0
5.74871 0.0
5.76349 0.0
5.77832 0.0
5.79318 0.0
5.80808 0.0
5.82301 0.0
5.83799 0.0
5.85301 0.0
5.86806 0.0
5.88315 0.0
5.89828 0.0
5.91345 0.0
5.92866 0.0
5.94391 0.0
5.9592 0.0
5.97452 0.0
5.98989 0.0
6.00529 0.0
6.02074 0.0
6.03622 0.0
6.05175 0.0
6.06731 0.0
6.08521 0.0
6.10547 0.0
6.12579 0.0
6.14618 0.0
6.16665 0.0
6.18717 0.0
6.20777 0.0
6.22844 0.0
6.24917 0.0
6.26998 0.0
6.29085 0.0
6.31179 0.0
6.3328 0.0
6.35388 0.0
6.37504 0.0
6.39626 0.0
6.41755 0.0
6.43892 0.0
6.46035 0.0
6.48186 0.0
6.50344 0.0
6.52509 0.0
6.54681 0.0
6.5686 0.0
6.59047 0.0
6.61241 0.0
6.63442 0.0
6.65651 0.0
6.67867 0.0
6.7009 0.0
6.72321 0.0
6.74559 0.0
6.76805 0.0
6.79058 0.0
6.81318 0.0
6.83587 0.0
6.85862 0.0
6.88145 0.0
6.90436 0.0
6.92735 0.0
6.95041 0.0
6.97355 0.0
6.99676 0.0
7.02005 0.0
7.04342 0.0
7.06687 0.0
7.0904 0.0
7.114 0.0
7.13768 0.0
7.16145 0.0
7.18529 0.0
7.20921 0.0
7.23321 0.0
7.25728 0.0
7.28144 0.0
7.30568 0.0
7.33 0.0
7.35441 0.0
7.37889 0.0
7.40345 0.0
7.4281 0.0
7.45283 0.0
7.47764 0.0
7.50253 0.0
7.52751 0.0
7.55257 0.0
7.57771 0.0
7.60294 0.0
7.62825 0.0
7.65364 0.0
7.67912 0.0
7.70468 0.0
7.73033 0.0
7.75607 0.0
7.78189 0.0
7.80779 0.0
7.83379 0.0
7.85986 0.0
7.88603 0.0
7.91228 0.0
7.93862 0.0
7.96505 0.0
7.99157 0.0
8.01817 5.436446670169451e-21
8.04486 1.0735665535858489e-20
8.07164 2.1211604571483338e-20
8.09851 4.1897988044863864e-20
8.12548 8.277758946357316e-20
8.15253 1.6348687733597826e-19
8.17966 3.229046091914342e-19
8.2069 6.380610847658779e-19
8.23422 1.2598567985409227e-18
8.26163 2.4886557082102944e-18
8.28913 4.917260455073819e-18
8.31673 9.712543862920659e-18
8.34441 1.91825635437866e-17
8.37219 3.788705969858282e-17
8.40006 7.484877962692923e-17
8.42803 1.4781538414258693e-16
8.45608 2.9201408481288904e-16
8.48423 5.767524272146046e-16
8.51248 1.1392856182687773e-15
8.54082 2.2502971818882195e-15
8.56925 4.4468509632892225e-15
8.59777 8.781895726913573e-15
8.6264 1.7345538093271293e-14
8.65511 3.426122862860858e-14
8.68393 6.76757383342425e-14
8.71284 1.3368410468120124e-13
8.74184 2.640528036375312e-13
8.77094 5.215933777783203e-13
8.80014 1.0300759043083818e-12
8.82944 2.0348819570324967e-12
8.85883 4.017920109138073e-12
8.88832 7.94150662128238e-12
8.91791 1.5683515351131822e-11
8.9476 3.098219079454752e-11
8.97739 6.120699350637105e-11
9.00727 1.0401703824787552e-10
9.03726 1.2003697920181426e-10
9.06734 1.3637883095601806e-10
9.09753 1.5490537739422888e-10
9.12785 1.7598151103346966e-10
9.15832 2.000055443992194e-10
9.18889 2.2725625033414405e-10
9.21957 2.582376413445796e-10
9.25034 2.9344761395685817e-10
9.28122 3.334523200453171e-10
9.3122 3.7892495554149214e-10
9.34328 4.305670433531487e-10
9.37447 4.891453868907981e-10
9.40576 5.559813519015598e-10
9.43716 6.317398472814258e-10
9.46866 7.178249126464998e-10
9.50027 8.159923993052157e-10
9.53198 9.272332477858161e-10
9.5638 1.0536325614646952e-09
9.59572 1.1972487873737023e-09
9.62775 1.3604772815575988e-09
9.65989 1.5460475798757215e-09
9.69213 1.7566533656626543e-09
9.72449 1.996401144929952e-09
9.75695 2.268260441387005e-09
9.78951 2.577686305541434e-09
9.82219 2.929332859239546e-09
9.85498 3.328514996237249e-09
9.88787 3.7822647351572725e-09
9.92088 4.2975064231584926e-09
9.954 4.883922687443607e-09
9.98722 5.554962427099433e-09
10.0206 6.189675393377878e-09
10.054 6.8236793736926646e-09
10.0876 7.523486182013201e-09
10.1212 8.292058588617025e-09
10.155 9.142470908663537e-09
10.1889 1.0080902633435772e-08
10.2229 1.1113372647795819e-08
10.2571 1.2249144750177404e-08
10.2913 1.3504575114133168e-08
10.3256 1.4888610477628998e-08
10.3601 1.6413435890222667e-08
10.3947 1.809475456051016e-08
10.4294 1.9947923125195125e-08
10.4642 2.1988084966285778e-08
10.4991 2.4240282239541147e-08
10.5342 2.6725601144501514e-08
10.5693 2.9462220802989388e-08
10.6046 3.2477061987788895e-08
10.64 3.581407670786294e-08
10.6755 3.947328049847031e-08
10.7112 4.35038137102526e-08
10.7469 4.7968487855802315e-08
10.7828 5.28948234168663e-08
10.8188 5.831119409028942e-08
10.8549 6.42777650463643e-08
10.8911 7.085387454738301e-08
10.9275 7.809732748369153e-08
10.964 8.609867787325866e-08
11.0006 9.462501889168743e-08
11.0373 1.0177955944164601e-07
11.0741 1.09173245706398e-07
11.1111 1.1712088698935818e-07
11.1482 1.2561766678710342e-07
11.1854 1.3475278935382977e-07
11.2227 1.4455118970654616e-07
11.2602 1.550674826850603e-07
11.2978 1.663267506306965e-07
11.3355 1.784149419408651e-07
11.3733 1.913857136825936e-07
11.4113 2.0529016747018548e-07
11.4494 2.2021290894414138e-07
11.4876 2.3620501652861896e-07
11.526 2.533760336543947e-07
11.5644 2.7180981124483265e-07
11.603 2.9154977464983866e-07
11.6418 3.1273387407732695e-07
11.6806 3.353220813373125e-07
11.7196 3.598679338600235e-07
11.7587 3.8605308753294574e-07
11.798 4.141569663878199e-07
11.8374 4.441627878483012e-07
11.8769 4.763487698575663e-07
11.9165 5.109893363850774e-07
11.9563 5.480546449829645e-07
11.9962 5.878185472986608e-07
12.0363 6.264265121543474e-07
12.0764 6.671219422838275e-07
12.1167 7.104564113881491e-07
12.1572 7.564015362463802e-07
12.1978 8.055157856058466e-07
12.2385 8.577664157774479e-07
12.2793 9.134091050788016e-07
12.3203 9.72688088863114e-07
12.3614 1.0355726852274487e-06
12.4027 1.1028724671241272e-06
12.4441 1.1742653429061133e-06
12.4856 1.2505590233788084e-06
12.5273 1.3316923450321989e-06
12.5691 1.417906043120028e-06
12.6111 1.5099772640315186e-06
12.6532 1.6078560204110969e-06
12.6954 1.712039618428472e-06
12.7378 1.8230041728967913e-06
12.7803 1.9412458626755976e-06
12.823 2.066949371093592e-06
12.8658 2.2011516676827123e-06
12.9087 2.3437650979858767e-06
12.9518 2.4957762381008184e-06
12.9951 2.66089634551394e-06
13.0384 2.8656246338739576e-06
13.082 3.0940801797758288e-06
13.1256 3.3425830317464515e-06
13.1694 3.6108792363580507e-06
13.2134 3.898759776683886e-06
13.2575 4.211385981998817e-06
13.3018 4.548470484042543e-06
13.3462 4.9124424404411385e-06
13.3907 5.305668507158096e-06
13.4354 5.730440061755783e-06
13.4803 6.186424388133103e-06
13.5253 6.683803628886778e-06
13.5704 7.2169404344731156e-06
13.6157 7.79580495692435e-06
13.6611 8.41997851284634e-06
13.7067 9.09151225182152e-06
13.7525 9.820196781287392e-06
13.7984 1.0605508190781804e-05
13.8445 1.14544505239395e-05
13.8907 1.2371536925617842e-05
13.937 1.3361147367634097e-05
13.9836 1.443245488077889e-05
14.0302 1.5400816354673797e-05
14.0771 1.6332256629676638e-05
14.1241 1.7320015469787872e-05
14.1712 1.83660083468931e-05
14.2185 1.9476962837792644e-05
14.266 2.065466620975311e-05
14.3136 2.1903501366817268e-05
14.3614 2.3227500572186742e-05
14.4093 2.4628487059665378e-05
14.4574 2.611282790266082e-05
14.5057 2.7708902478121524e-05
14.5541 2.936711364147327e-05
14.6027 3.1159285437137296e-05
14.6514 3.303593905545523e-05
14.7003 3.5044095993438816e-05
14.7494 3.715837798239027e-05
14.7986 3.940181793721199e-05
14.848 4.177280525786796e-05
14.8976 4.431747559696919e-05
14.9473 4.698697044075071e-05
14.9972 4.977966346489329e-05
15.0473 5.234151205304621e-05
15.0975 5.4956300919452016e-05
15.1479 5.769314418355624e-05
15.1985 6.057399934605186e-05
15.2492 6.359773653569106e-05
15.3001 6.676243969224805e-05
15.3512 7.008963113841621e-05
15.4024 7.357804173181662e-05
15.4538 7.724839681209602e-05
15.5054 8.109874492666854e-05
15.5572 8.514988960538507e-05
15.6091 8.940024880381058e-05
15.6612 9.38471613088369e-05
15.7135 9.853353584105593e-05
15.7659 0.00010343502521542159
15.8185 0.00010859344717365433
15.8713 0.00011400605216058797
15.9243 0.00011969232659951491
15.9775 0.00012569362304263768
16.0308 0.00013116870125913984
16.0843 0.0001363198235956207
16.138 0.00014165428424989447
16.1919 0.00014721376450278425
16.2459 0.00015299676111157567
16.3002 0.00015899899528193164
16.3546 0.00016524160761582612
16.4092 0.0001717210467542776
16.4639 0.00017847878521883592
16.5189 0.00018546685160608433
16.574 0.00019274894189150917
16.6294 0.00020031959275179946
16.6849 0.00020817801685274988
16.7406 0.00021642559555659649
16.7964 0.00022476459129332988
16.8525 0.00023367406447583508
16.9088 0.00024294005003679757
16.9652 0.0002523516046139821
17.0218 0.00026169771511426834
17.0786 0.000269942852541093
17.1357 0.0002787478988217447
17.1929 0.00028769858001401525
17.2502 0.00029699840111474773
17.3078 0.0003066401898334707
17.3656 0.00031641812055682516
17.4236 0.00032673663796452284
17.4817 0.00033718715194674725
17.5401 0.00034816764541202393
17.5986 0.00035947531942875547
17.6574 0.0003709021471880393
17.7163 0.00038304981871069055
17.7755 0.00039530936461658247
17.8348 0.00040808039632713106
17.8943 0.0004211575334152014
17.954 0.00043493143367355974
18.014 0.00044821374009409786
18.0741 0.00045983923091723523
18.1344 0.0004717726822553153
18.195 0.0004842024374177289
18.2557 0.0004967407629722277
18.3166 0.0005095767609966962
18.3778 0.0005228967334777434
18.4391 0.0005365091480954019
18.5007 0.0005504049269967107
18.5624 0.0005647772684181659
18.6244 0.000579425004713502
18.6865 0.0005943510504583737
18.7489 0.0006099233268725944
18.8115 0.0006257618147471618
18.8743 0.0006420508218681532
18.9373 0.0006587853500980149
19.0005 0.0006754017943546846
19.0639 0.0006896736575538287
19.1275 0.0007038435491749935
19.1914 0.0007180926618954673
19.2554 0.0007327946482707114
19.3197 0.000747937036459067
19.3842 0.0007631536217278174
19.4489 0.0007788070399595697
19.5138 0.000794711148046329
19.5789 0.0008110436794803813
19.6443 0.0008276155499414022
19.7099 0.0008446074172575475
19.7756 0.000861840028884011
19.8416 0.0008796585118740271
19.9079 0.0008975230517157749
19.9743 0.0009159729605298905
20.041 0.0009330507960386092
20.1079 0.0009494780045232049
20.175 0.0009663128161115108
20.2423 0.000983375887080558
20.3099 0.0010006595172381593
20.3777 0.0010183393745817734
20.4457 0.0010362379460609414
20.514 0.0010545198697619461
20.5824 0.0010731909581472587
20.6511 0.0010920651636836384
20.7201 0.0011113104068358468
20.7892 0.0011309330399326032
20.8586 0.0011507483677216006
20.9282 0.0011710973406387373
20.9981 0.0011907888947856361
21.0682 0.001204964236203636
21.1385 0.0012180297411104018
21.209 0.0012313306709341545
21.2798 0.0012448584607621402
21.3509 0.0012584445679040062
21.4221 0.0012720997173222431
21.4936 0.0012859756830004964
21.5654 0.0013000696894995497
21.6373 0.0013142276070387449
21.7096 0.0013285932250123797
21.782 0.0013430197471182533
21.8547 0.0013576558425342973
21.9277 0.0013724988260529964
22.0009 0.001386909059090619
22.0743 0.001398325895875299
22.148 0.0014093284618200276
22.2219 0.0014205637041640581
22.2961 0.0014317052032748597
22.3705 0.0014429180557413404
22.4452 0.0014543524096595338
22.5201 0.001465855001650544
22.5952 0.0014772682578623189
22.6707 0.0014888917683853777
22.7463 0.0015007426193764067
22.8223 0.001512488446506651
22.8984 0.0015244586808859741
22.9749 0.0015363228673069323
23.0516 0.001545639043751972
23.1285 0.0015542680677782365
23.2057 0.001562819696465305
23.2831 0.0015713011177601313
23.3609 0.0015796992872524986
23.4388 0.0015880349294431831
23.5171 0.0015977927086845828
23.5956 0.0016059725937913076
23.6743 0.0016140845963225172
23.7533 0.0016236119092459358
23.8326 0.0016315709065963207
23.9122 0.0016409361996688214
23.992 0.0016988917620859472
24.0721 0.002269410193492053
24.1524 0.0032316543209467206
24.233 0.00460212818019351
24.3139 0.006554256596023744
24.3951 0.009334544208039582
24.4765 0.013294639160741898
24.5582 0.0189312162942617
24.6402 0.026966901166203525
24.7224 0.03841241097487222
24.8049 0.05470255001389517
24.8877 0.07790682033091743
24.9708 0.11110118259583088
25.0541 0.12900585733505676
25.1377 0.13440395189695153
25.2217 0.1400446103571614
25.3058 0.1459688247757203
25.3903 0.152032557883951
25.4751 0.15833197824447426
25.5601 0.16500358909651885
25.6454 0.171904897270447
25.731 0.1791708834249859
25.8169 0.1866606179076717
25.903 0.19450895825456607
25.9895 0.20175762799086355
26.0763 0.1998648684898912
26.1633 0.19554893544798074
26.2506 0.1913942094070647
26.3382 0.18739922933867018
26.4261 0.18342865314497536
26.5144 0.17948169596827027
26.6028 0.1756932806448761
26.6916 0.1719273828881713
26.7807 0.16831669216667414
26.8701 0.16472810829577064
26.9598 0.16129277018301535
27.0498 0.1585324770867287
27.1401 0.1561798705965096
27.2307 0.15397110582187748
27.3216 0.1517753234302262
27.4128 0.14959246636457188
27.5043 0.14742247747756554
27.5961 0.14539351251319596
27.6882 0.1432486617401231
27.7806 0.14124387016018655
27.8733 0.13925087172137066
27.9663 0.13726961328922604
28.0597 0.13479518089298004
28.1533 0.13221055117600025
28.2473 0.12951595747176162
28.3416 0.12696273599982455
28.4362 0.12454956111522977
28.5311 0.12206429672606217
28.6263 0.11966841644529852
28.7219 0.11731142294435574
28.8178 0.1150057041501591
28.9139 0.11275121159258823
29.0104 0.11033938461389683
29.1073 0.10724919504880805
29.2044 0.10417879862915683
29.3019 0.1011877457554763
29.3997 0.09828773813509915
29.4978 0.09546596394898686
29.5963 0.0927333725745926
29.6951 0.09006566030439697
29.7942 0.08748601307341097
29.8936 0.08498179681083615
29.9934 0.08252846842947185
30.0935 0.07998479833166867
30.194 0.07749212246178516
30.2948 0.07508531726432428
30.3959 0.07274031907356104
30.4973 0.07047978563439704
30.5991 0.06827959448311986
30.7013 0.06615075588639034
30.8037 0.06409305871915079
30.9066 0.06209378499285162
31.0097 0.06017585157173628
31.1132 0.05831536791229337
31.2171 0.0565231682122724
31.3213 0.05478752015690869
31.4258 0.05310791092040723
31.5307 0.05147244661012925
31.6359 0.049892091860138786
31.7415 0.04835504430609285
31.8475 0.04687204082035393
31.9538 0.04543166867872106
32.0604 0.04369142901152698
32.1674 0.04177521416242082
32.2748 0.03993698688284332
32.3825 0.03817615722305466
32.4906 0.03650278181815529
32.5991 0.03489434504732376
32.7079 0.03336117913881685
32.817 0.031902577490564125
32.9266 0.030496162102430006
33.0365 0.029130943958089406
33.1468 0.02775309512383164
33.2574 0.02643734163992649
33.3684 0.025193629454567785
33.4798 0.024000150405575946
33.5915 0.022867048361379212
33.7036 0.02178319068985602
33.8161 0.020758589117723797
33.929 0.019771834083191598
34.0423 0.018853764245788208
34.1559 0.017972704334410856
34.2699 0.017138583905634542
34.3843 0.016340675093435852
34.499 0.015578690572430144
34.6142 0.014852207213133012
34.7297 0.014160984667040306
34.8456 0.01350465140162634
34.9619 0.012872762869880023
35.0786 0.012285270412761605
35.1957 0.011721646702071186
35.3132 0.011181673441472906
35.4311 0.01066513362342975
35.5493 0.010181793022430897
35.668 0.009711439701263787
35.787 0.009265879984587479
35.9065 0.008839902330246114
36.0263 0.008405877357592689
36.1466 0.007913930922483063
36.2672 0.007447625194922952
36.3883 0.007008622935639379
36.5097 0.006595737521835543
36.6316 0.006206753775548246
36.7539 0.005841465645255833
36.8765 0.005497745240581679
36.9996 0.005172489724706396
37.1231 0.004856010724745635
37.247 0.004557730365456472
37.3714 0.004278412533590437
37.4961 0.0040150702633406175
37.6212 0.003768481455481161
37.7468 0.003537540657020187
37.8728 0.0033202416499069688
37.9992 0.0031099377599498844
38.1261 0.0028731496922491085
38.2533 0.0026480862467060475
38.381 0.0024401545824594677
38.5091 0.002249198207863281
38.6376 0.002073222743939552
38.7666 0.0019102543587205254
38.896 0.0017610840981477287
39.0258 0.0016237660446817483
39.1561 0.0014990863206052996
39.2868 0.001384225659894385
39.4179 0.0012781922795653813
39.5495 0.0011800040076956832
39.6815 0.0010895892492012464
39.8139 0.0010059847326089485
39.9468 0.0009291229275606777
40.0801 0.0008558520615356004
40.2139 0.0007873684319342337
40.3482 0.0007244161792934422
40.4828 0.0006665088833410018
40.6179 0.0006131591073430616
40.7535 0.0005641498516731593
40.8895 0.0005190083506595952
41.026 0.00047554023734355447
41.163 0.00042969054929461136
41.3004 0.0003880821148064239
41.4382 0.0003504177962438741
41.5765 0.00031648850130231343
41.7153 0.0002857493978537618
41.8545 0.00025808593083040887
41.9942 0.0002332149879554176
42.1344 0.00021110967812659428
42.275 0.00019132525195179211
42.4161 0.00017333828408320223
42.5577 0.00015704839170641144
42.6998 0.00014235640197091261
42.8423 0.0001289994728762742
42.9853 0.00011679980494283765
43.1288 0.00010509001141395501
43.2727 9.443819428304228e-05
43.4171 8.491542571719337e-05
43.5621 7.629133223588762e-05
43.7075 6.855763866642605e-05
43.8533 6.161694965050789e-05
43.9997 5.537286405187891e-05
44.1466 4.957036612099146e-05
44.2939 4.438109368429842e-05
44.4418 3.97352192219942e-05
44.5901 3.5572138671857144e-05
44.7389 3.183964030469618e-05
44.8883 2.8509856717939535e-05
45.0381 2.557117098277114e-05
45.1884 2.299623119636965e-05
45.3393 2.0695617694133677e-05
45.4906 1.8627884516583485e-05
45.6424 1.6759725491751306e-05
45.7948 1.508145806288735e-05
45.9476 1.357591670774005e-05
46.101 1.2195320978295476e-05
46.2549 1.0938505139949332e-05
46.4092 9.819547267852741e-06
46.5642 8.80665481627245e-06
46.7196 7.906441591985853e-06
46.8755 7.092886295001981e-06
47.032 6.356864376838161e-06
47.189 5.664653877141717e-06
47.3465 5.048721852197999e-06
47.5045 4.500136153116394e-06
47.6631 4.010812560138616e-06
47.8221 3.5742759452058596e-06
47.9818 3.1892551079254915e-06
48.1419 2.863356388001389e-06
48.3026 2.575479172941789e-06
48.4638 2.3172300018160073e-06
48.6256 2.0846796992151284e-06
48.7879 1.8754093621127288e-06
48.9507 1.6870254302278015e-06
49.1141 1.5099576692706802e-06
49.278 1.349128730712816e-06
49.4425 1.2058107937847763e-06
49.6076 1.0769819257769126e-06
49.7731 9.625064707737117e-07
49.9393 8.601138091250899e-07
50.1059 7.816969864364501e-07
50.2732 7.178659032581626e-07
50.441 6.592216119860483e-07
50.6094 6.053635046050233e-07
50.7783 5.558985727511e-07
50.9478 5.106446836643379e-07
51.1178 4.722618901238977e-07
51.2884 4.384055950032416e-07
51.4596 4.0696927081066685e-07
51.6314 3.777928857091795e-07
51.8037 3.507190470111169e-07
51.9766 3.25863144831456e-07
52.1501 3.049679740315085e-07
52.3242 2.8610148529519833e-07
52.4988 2.683685151279926e-07
52.6741 2.517573406644992e-07
52.8499 2.3612445791690935e-07
53.0263 2.8318075467372885e-07
53.2033 6.982813010320454e-07
53.3808 1.8824044725673246e-06
53.559 5.074169722243214e-06
53.7378 1.3675282228617066e-05
53.9171 3.835638547395973e-05
54.0971 5.140116810063928e-05
54.2777 4.082635988261257e-05
54.4588 3.242643366398125e-05
54.6406 2.5759000248523124e-05
54.823 2.045861121061257e-05
55.006 1.6338167202491065e-05
55.1896 1.3245024161944851e-05
55.3738 1.0785686644813215e-05
55.5586 8.788352678778381e-06
55.7441 7.153271223866338e-06
55.9301 5.837698674129607e-06
56.1168 4.827757345771824e-06
56.3041 4.040644441993433e-06
56.492 3.3821003822415714e-06
56.6806 2.8308870168293734e-06
56.8698 2.369785052708401e-06
57.0596 2.020855784232343e-06
57.25 1.7854666185951282e-06
57.4411 1.5793375343863246e-06
57.6329 1.3972736485140745e-06
57.8252 1.2359870202785273e-06
58.0182 1.1227142160978371e-06
58.2119 1.1408595498692102e-06
58.4062 1.1734115361395089e-06
58.6011 1.2075466336751917e-06
58.7967 1.2420424103354865e-06
58.993 1.2780935752111896e-06
59.1899 1.315087829817749e-06
59.3874 1.3542062308822209e-06
59.5857 1.393640401542272e-06
59.7846 1.4345740537531722e-06
59.9841 1.4769910428830044e-06
60.1843 1.5208728222864924e-06
60.3852 1.5667892315227042e-06
60.5867 1.6135531324430496e-06
60.789 1.6617312898218727e-06
60.9919 1.5906512533389406e-06
61.1955 8.695769770337162e-07
61.3997 4.2884771523310707e-07
61.6046 2.115281937474351e-07
61.8103 1.04295892598124e-07
62.0166 5.80790507164914e-08
62.2236 5.3598419756550247e-08
62.4313 5.2819370159123845e-08
62.6396 5.205063689219137e-08
62.8487 5.129760584927387e-08
63.0585 6.458198240593847e-08
63.269 1.2962899245945838e-07
63.4801 2.699333539887888e-07
63.692 5.621798951758402e-07
63.9046 1.1953640917386071e-06
64.1179 1.5958743074262116e-06
64.3319 1.545466607603722e-06
64.5467 1.4964709398360466e-06
64.7621 1.4488795442390455e-06
64.9783 1.4021309395925866e-06
65.1951 1.3459112062560296e-06
65.4127 1.2900483626854718e-06
65.6311 1.236158204361064e-06
65.8501 1.184763972123296e-06
66.0699 1.1256639202939779e-06
66.2905 1.0514645027438821e-06
66.5117 9.820041712209158e-07
66.7337 9.172349247079621e-07
66.9565 8.555271356411986e-07
67.18 7.831602802809191e-07
67.4042 7.133656318605324e-07
67.6292 6.492578593567359e-07
67.8549 5.90783529651311e-07
68.0814 5.264542689201007e-07
68.3086 4.514105357283639e-07
68.5366 3.870300081101707e-07
68.7654 3.318196397552719e-07
68.9949 2.7666495043982117e-07
69.2252 1.8665783912404027e-07
69.4563 1.2169820974613573e-07
69.6881 7.935604923737244e-08
69.9207 5.242442454946186e-08
70.1541 4.738309349850269e-08
70.3882 5.1674102153225854e-08
70.6232 5.636179482379458e-08
70.8589 6.141725321211295e-08
71.0954 6.708540937580075e-08
71.3327 7.321117530050241e-08
71.5708 7.998753804211016e-08
71.8097 8.740779955597407e-08
72.0494 9.551441525704589e-08
72.2899 1.0420239994992253e-07
72.5311 1.1370974710972265e-07
72.7732 1.24124932888409e-07
73.0161 1.3529335475927902e-07
73.2598 1.462412283496272e-07
73.5044 1.5798102379977584e-07
73.7497 1.7064882067337035e-07
73.9959 1.844257958283474e-07
74.2429 1.9944365247725084e-07
74.4907 2.157370612837848e-07
74.7393 2.333874921901128e-07
74.9888 2.528523750111753e-07
75.239 2.760417491417173e-07
75.4902 3.0193247612623945e-07
75.7422 3.3031067230427954e-07
75.995 3.609179058758534e-07
76.2486 3.9062202898793914e-07
76.5031 4.222517206796036e-07
76.7585 4.563859493112822e-07
77.0147 4.938721316337206e-07
77.2717 5.348131287941556e-07
77.5296 5.79583297953442e-07
77.7884 6.276881529112008e-07
78.0481 6.809061890940601e-07
78.3086 7.391856440589483e-07
78.5699 8.029247162386908e-07
78.8322 8.725137865706235e-07
79.0953 9.487890744110005e-07
79.3593 1.0325721582491286e-06
79.6242 1.1242298787158806e-06
79.89 1.2245665681614967e-06
80.1566 1.3343769883439856e-06
80.4242 1.4557597306762192e-06
80.6926 1.588599088569367e-06
80.9619 1.7340860959633101e-06
81.2322 1.8942656172044493e-06
81.5033 2.071161227191896e-06
81.7753 2.2641660433798037e-06
82.0483 2.506315284615665e-06
82.3222 2.873188553735955e-06
82.5969 3.304850868388687e-06
82.8726 3.8044787564278446e-06
83.1492 3.933947180282324e-06
83.4268 3.718134577802893e-06
83.7052 3.514287322903418e-06
83.9846 3.367362250639186e-06
84.2649 3.5745025217385204e-06
84.5462 3.875640411644856e-06
84.8284 4.204350755344942e-06
85.1115 4.527091989140615e-06
85.3956 4.831063436899405e-06
85.6806 5.153612613080427e-06
85.9666 5.506885503461778e-06
86.2536 5.931584841451435e-06
86.5415 6.406550622609808e-06
86.8303 6.923118438948899e-06
87.1201 7.509278820449723e-06
87.4109 8.188605996112832e-06
87.7027 8.935944257803875e-06
87.9954 9.746581750183746e-06
88.2891 1.0595807148087912e-05
88.5838 1.1515161150398507e-05
88.8795 1.2523819498031079e-05
89.1761 1.358516648421982e-05
89.4738 1.4730248679173162e-05
89.7724 1.597005033353545e-05
90.0721 1.7315338325674414e-05
90.3727 1.87611405036093e-05
90.6744 2.033368384856312e-05
90.977 2.2043366122452456e-05
91.2807 2.3884844391837217e-05
91.5853 2.58915669902437e-05
91.891 2.8073321843473788e-05
92.1977 3.036692121751901e-05
92.5055 3.28170408071634e-05
92.8142 3.5467857928340015e-05
93.124 3.837420892842334e-05
93.4349 4.1578890765688343e-05
93.7467 4.502608001900508e-05
94.0596 4.886362784023512e-05
94.3736 5.319999083863876e-05
94.6886 5.791801737681626e-05
95.0046 6.297651993146416e-05
95.3217 6.785222544885606e-05
95.6399 7.30647109854046e-05
95.9591 7.872114411713223e-05
96.2794 8.518433563064866e-05
96.6008 9.229953261637142e-05
96.9232 0.00010006010985812068
97.2467 0.00010845929756193845
97.5713 0.00011759924713282134
97.897 0.00012758070750501103
98.2237 0.00013832306987677462
98.5516 0.0001501053502357786
98.8805 0.0001645630924188371
99.2106 0.0003298142599926651
99.5417 0.000952597472079026
99.874 0.0028440328212862042
100.207 0.0036862273953011493
100.542 0.0030968119646766364
100.877 0.00264564539431419
101.214 0.006530041892067847
101.552 0.030708899231897062
101.891 0.15331144162292956
102.231 0.2512659824865527
102.572 0.2729556109207632
102.915 0.29662731604094383
103.258 0.3224718050403921
103.603 0.35073394198333635
103.948 0.38190593123913974
104.295 0.4159169942398829
104.644 0.4534131691615546
104.993 0.5011068131139423
105.343 0.6008752868772134
105.695 0.731771344064402
106.048 0.8981569963851912
106.402 1.118295970750421
106.757 1.3979443991691862
107.113 1.75235821650448
107.471 2.188665564470608
107.829 2.745780257342933
108.189 3.180105498253361
108.55 3.448542034761573
108.913 3.719678889787695
109.276 3.616663204899469
109.641 3.3755020860014855
110.007 3.153602570494938
110.374 2.9462911984234976
110.742 2.753428550128804
111.112 2.5512890192315956
111.483 2.3196849187874107
111.855 2.1076286584147392
112.228 1.7560369736744592
112.603 1.3831833773282582
112.979 1.0920283297244215
113.356 0.8586689562368056
113.734 0.676625922109451
114.114 0.5348473578386268
114.495 0.4208916115516458
114.877 0.3354088197234795
115.26 0.38371703667069706
115.645 0.5308261420517134
116.031 0.6586571340196701
116.418 0.4996447900710646
116.807 0.35955185454701044
117.197 0.2794990691139332
117.588 0.23713628283250898
117.981 0.20800639905426488
118.374 0.2328118408176594
118.769 0.27383351422956526
119.166 0.3227430258827139
119.564 0.38055743990907365
119.963 0.45804043866372157
120.363 0.6414184183579474
120.765 0.9351935031782601
121.168 1.357535798437498
121.572 1.922872239315057
121.978 2.7536050964192658
122.385 3.897098511857094
122.794 5.5438006511186275
123.204 7.903206063414879
123.615 11.11986549446535
124.027 15.821341703751703
124.441 22.345160605082675
124.857 31.908411112324842
125.274 44.34231796878096
125.692 61.39425206719625
126.111 52.6612286248079
126.532 11.117974847225252
126.954 3.021082445672251
127.378 5.410958599425491
127.803 17.1672355882079
128.23 34.242212915861
128.658 52.63623553154313
129.087 67.31712174778754
129.518 50.374467853085704
129.951 37.70941817800888
130.384 37.77414290106581
130.82 40.86674083602515
131.256 45.69095353879222
131.694 52.282522276434285
132.134 58.6420598278689
132.575 63.09072535770092
133.017 67.80197909942214
133.461 72.74604996183005
133.907 78.078936447471
134.354 84.13950366410717
134.802 90.8941306000797
135.252 98.46584292079693
135.704 107.02868671789068
136.157 116.46932605644982
136.611 126.80472100552349
137.067 103.64117459132142
137.524 23.993665476908383
137.983 6.679774917754282
138.444 7.4549026154298055
138.906 11.429171467126478
139.37 18.159279331310408
139.835 29.983487619721803
140.302 52.403629253335765
140.77 98.55222093376241
141.24 122.62377204215402
141.711 107.610188362018
142.184 100.18500560033277
142.659 102.00917100763712
143.135 107.25646813476926
143.613 120.4251308507705
144.092 127.2685287325666
144.573 111.15771763034611
145.056 96.07933036742314
145.54 83.23980795062768
146.026 72.35012711760389
146.513 63.077822931255405
147.002 55.71952891635674
147.493 52.46347554894421
147.985 49.96987619098092
148.479 47.68279878984948
148.974 45.505585854717886
149.472 43.46027953718481
149.971 39.80040389991296
150.471 25.771365543523654
150.973 16.585539183904146
151.477 16.471960509398972
151.983 17.972230156912314
152.49 19.59931143221854
152.999 21.393398098408174
153.51 23.348149087392986
154.022 25.475837603537695
154.536 27.818025138840135
155.052 32.92824941729847
155.57 52.21865916808736
156.089 78.02221075197842
156.61 84.31441471852487
157.133 90.13591505977656
157.657 98.97032931073959
158.183 106.58173391899605
158.711 110.57433408268187
159.241 99.54118393984346
159.773 75.31525072411826
160.306 84.35689564784943
160.841 127.58831827738227
161.378 149.7024361265734
161.916 157.7928290691799
162.457 170.79222367575215
162.999 187.91530864517122
163.543 215.97764190734247
164.089 251.41938876590734
164.637 295.2833593348639
165.186 273.9535873601102
165.738 161.41237524982174
166.291 102.36377559151278
166.846 72.50417006626763
167.403 62.117795344436985
167.962 59.172563718696715
168.522 62.37717919144589
169.085 65.41292598231603
169.649 62.50505232006589
170.215 57.97361329076184
170.783 51.87634507851435
171.353 47.16111576782243
171.925 43.62912589606379
172.499 43.032699044889036
173.075 46.97809136439735
173.653 68.27658981630452
174.232 74.64956218253468
174.814 50.923015194326936
175.397 36.43135037347162
175.983 27.845738518395436
176.57 26.029865148338217
177.159 24.48538483213496
177.751 21.338427752993894
178.344 32.357513583063344
178.939 70.72836492408824
179.537 85.09584557785914
180.136 85.91281475353216
180.737 75.78020681134541
181.34 75.95746749560307
181.946 80.15768376092618
182.553 50.702392092917506
183.162 32.549491803317125
183.774 28.224716360752197
184.387 26.960361432695276
185.002 29.24224733847888
185.62 47.36759217666223
186.24 63.909100986012284
186.861 58.90620258353052
187.485 63.23937730431397
188.111 83.06050299904055
188.739 161.59402566489342
189.368 191.13874294655952
190.001 168.7143391618406
190.635 203.78836528482353
191.271 186.46232189716693
191.909 112.68540956881205
192.55 135.9777595371678
193.193 167.75820539096293
193.838 141.62715014015856
194.485 92.36357560087927
195.134 66.94350245187496
195.785 85.71432208963996
196.438 87.89699017845717
197.094 93.5285078717936
197.752 173.92809651957415
198.412 278.365015806518
199.074 374.6586369527756
199.739 363.491425440556
200.405 348.86554008241245
201.074 352.63180959317873
201.745 411.08772927907916
202.419 380.0038107243987
203.094 314.2817252477936
203.772 303.5125197284537
204.453 335.5552301319175
205.135 306.67027604959253
205.82 126.07618062616656
206.507 118.2551052406184
207.196 153.0735666574336
207.887 159.76410616438557
208.581 152.63389459951475
209.278 138.24523992586623
209.976 123.79986750036893
210.677 139.37614599246817
211.38 122.2578459117491
212.086 84.88190572232568
212.794 61.48763703808855
213.504 65.6250368479832
214.216 91.9660741474075
214.931 139.4491421369104
215.649 118.13145297450974
216.369 141.79296937598832
217.091 228.82615208182597
217.815 188.7552714248137
218.542 193.95586263737792
219.272 236.7162152918573
220.004 293.5035868197977
220.738 261.2716334837636
221.475 236.7587974597471
222.214 228.80682417852026
222.956 228.99813233291815
223.7 216.6911833164534
224.447 220.22732689594045
225.196 238.66433639727518
225.947 259.32618832625235
226.702 269.39001625646296
227.458 443.0284261770862
228.188 937.3106391930002
228.889 1511.17993108597
229.593 686.8538054179372
230.298 302.50803194190973
231.006 214.12448387876583
231.717 188.57858237092614
232.429 194.3946376125294
233.143 291.38126953702164
233.86 832.4258814452418
234.579 1201.3715179412052
235.3 1439.333402751667
236.024 1749.4248035360715
236.774 2151.8352344451455
237.552 2630.3437206794038
238.332 3919.2401782606403
239.114 5818.200397819379
239.9 4685.623075647257
240.688 15332.38799840082
241.478 25318.96941769798
242.271 12937.886337123831
243.067 1876.331555315944
243.865 4516.590900638978
244.666 6731.727795524542
245.47 8244.760310260634
246.276 10184.583078981766
247.085 12758.85288820716
247.896 16499.41501156678
248.71 21837.116222546803
249.527 34669.001817709934
250.352 49309.41560449684
251.187 52723.30605186315
252.024 57728.62085517099
252.863 62154.59712113455
253.706 63133.48708092716
254.551 42046.59442154171
255.399 19187.20300300494
256.25 16265.333122891036
257.104 64363.365930437896
257.961 125994.72845190659
258.82 70088.33998553547
259.683 34089.789342767835
260.548 22202.972827019792
261.416 33403.63391501708
262.287 62403.488773287216
263.161 62989.459402491804
264.038 67322.93098518082
264.918 61703.57902581428
265.801 62044.366794794725
266.686 64743.992893985785
267.575 67028.05937145397
268.466 79404.9604929899
269.361 87757.98260223278
270.258 73641.71659531214
271.159 72340.10985869284
272.062 99670.70251227068
272.969 108516.50630663964
273.878 93622.68425636477
274.791 86654.79304310425
275.707 76049.08085583425
276.625 55510.94669483079
277.547 15922.382798021414
278.472 4992.163881683276
279.4 10560.190083069821
280.331 26833.279073939037
281.265 44695.156785709376
282.202 75076.18773821261
283.142 76563.91823825274
284.086 73009.04630726117
285.032 71575.07706203652
285.982 61513.937502206325
286.935 70792.14143902226
287.891 56140.92144719035
288.85 39148.665369397015
289.813 14565.006342063469
290.778 11440.632378337441
291.747 11206.1946761089
292.719 11049.349100593376
293.694 10806.69367569959
294.673 10327.761782099242
295.655 12230.994876516728
296.64 18631.280828164578
297.628 20305.11355724883
298.62 102809.41560137413
299.615 105479.36168623187
300.613 54095.053583229965
301.615 49915.21248379159
302.62 49012.92924525484
303.628 44234.825735343264
304.64 92821.45217616914
305.655 145159.61323163382
306.674 58897.74942808831
307.695 22032.074834852596
308.721 30554.42776829099
309.749 41099.00650073565
310.781 62878.26368991228
311.817 27119.299493400955
312.856 26904.83626527863
313.898 74607.72367705549
314.944 94300.83495014043
315.994 103135.42204683402
317.047 110169.50543975073
318.103 138700.66842628224
319.163 144891.50238249003
320.226 186065.27532605184
321.293 147014.40286013723
322.364 134013.6512127232
323.438 184655.07852632357
324.516 233977.14105327174
325.597 163327.18733634142
326.682 133866.9042677701
327.77 208121.8578732968
328.862 202481.71175050797
329.958 183794.30962516097
331.058 167793.64243382224
332.161 165851.69787551166
333.268 134194.11824775784
334.378 95295.94548297668
335.492 83832.14710451261
336.61 136856.05558500972
337.732 269974.08686121553
338.857 297165.4370467087
339.986 251741.4523837424
341.119 207964.12246817607
342.255 162821.1392148723
343.396 132709.11462489056
344.54 121280.34385507587
345.688 123538.73153459735
346.84 115783.5595225236
347.995 107265.41548968187
349.155 129709.52651084535
350.318 126551.9396603761
351.486 143042.8586984715
352.657 128923.11986894949
353.832 118195.25831953817
355.011 113616.8452795292
356.194 114133.49433415789
357.381 125238.75757261222
358.571 125020.47287961235
359.766 110049.90039158682
360.965 107037.81361189541
362.168 93835.45827515614
363.374 63456.12627551282
364.585 41138.107239423975
365.8 69080.55689659486
367.019 131301.06379438392
368.242 166031.35113083365
369.469 184920.02914298934
370.7 180869.90598917476
371.935 130326.64142864387
373.174 123636.2711963217
374.418 107538.81037660506
375.665 127054.74823344947
376.917 119780.08956880681
378.173 108061.5395080567
379.433 100149.51878681126
380.697 89686.59666148157
381.966 98651.7028877315
383.238 65355.634167846845
384.515 48032.68932141342
385.796 47515.52788445977
387.082 43737.973077388764
388.372 62450.976562219665
389.666 99880.3044207571
390.964 121811.41158584908
392.267 109681.02150518326
393.574 93764.31686313849
394.885 101427.44273578885
396.201 123594.80271462994
397.521 144189.82808361045
398.846 156307.69144580577
400.174 127849.52265927343
401.508 148485.95905630407
402.846 165470.86181648896
404.188 194421.74152802973
405.535 159575.07227808447
406.886 140436.32846844476
408.242 135636.4287945044
409.602 154880.91604156772
410.967 161942.75870103668
412.336 191695.36082694939
413.71 220564.19388784963
415.089 134848.13512283433
416.472 116049.84983784372
417.859 150211.62549694823
419.252 148193.4676269549
420.649 163682.6573319519
422.05 222409.34748110425
423.456 269714.8914599557
424.867 227846.722066328
426.283 191316.58097882653
427.703 199367.5361264586
429.128 200272.05735955466
430.558 188348.7099041065
431.993 172407.07897947828
433.432 157222.61623982663
434.877 154096.6676358765
436.326 183831.58750166424
437.779 217004.66713389958
439.238 223936.35361726978
440.702 208660.8517797742
442.17 165398.2596767911
443.643 167321.4382926382
445.122 161916.72753093735
446.605 148069.45740744218
448.093 173555.86367932952
449.586 157948.08895893773
451.084 153815.45348829858
452.587 162842.216035766
454.095 171261.91221199368
455.608 149026.49870646038
457.126 153020.85786615216
458.649 154364.18807579842
460.177 143010.52730436288
461.711 170659.29944931722
463.249 171238.38508796174
464.793 199444.34018340104
466.341 198858.1877481107
467.895 180578.5151824083
469.454 167919.9982781351
471.018 179005.7045207188
472.588 185598.4094518983
474.163 172520.5232490554
475.742 158784.17985167063
477.328 162630.02233404366
478.918 160021.5793449337
480.514 159931.9775949501
482.115 153676.68161551596
483.721 148265.88612662547
485.333 112707.70306638148
486.95 108918.61702487392
488.573 122316.56987902655
490.201 151142.75813104966
491.834 182006.42948731306
493.473 164983.12175201843
495.117 174797.68399096755
496.767 156126.73200358287
498.422 164411.43730472607
500.083 156649.45254182664
501.749 164662.79510368948
503.421 160110.90396423425
505.098 117822.98684029773
506.78 133978.52520585072
508.468 228447.7797182257
510.161 236775.05479373832
511.86 173224.59662010623
513.565 216121.9038270705
515.276 225704.113182365
516.992 210309.2728727312
518.713 173869.09257953297
520.441 164113.93080109518
522.174 128131.51758011944
523.913 134392.05239527987
525.658 189476.26078084295
527.409 187304.21998149416
529.165 202729.88331008045
530.928 238842.7462331571
532.696 245754.7795553056
534.47 169405.1611833335
536.25 144694.16288648764
538.036 110938.79207077851
539.828 84418.98814267991
541.626 83158.87135070424
543.43 106126.46069282356
545.24 153015.62393002634
547.056 121462.8560698244
548.878 128472.79177414162
550.706 92260.18477585445
552.54 65059.34334348608
554.38 103264.40622709216
556.226 233641.146911714
558.079 240980.4859120284
559.937 190703.98022964003
561.802 221938.32642938104
563.673 242355.15248446478
565.551 217902.0866807108
567.434 178581.86345504015
569.324 227893.0646201555
571.22 242931.524548687
573.123 219035.98334894772
575.031 177822.323848656
576.946 149880.7021594162
578.868 162402.1207569899
580.796 145719.35585193007
582.73 182576.8606724561
584.671 160003.5365585203
586.618 165202.39208701756
588.572 228375.4310260146
590.532 244753.16057047795
592.499 227936.68215396322
594.472 153973.048694381
596.452 139936.86037725594
598.438 167378.7771668652
600.432 258277.94656742946
602.431 192992.2775988993
604.438 124039.1785546701
606.451 67618.79168091319
608.47 117576.80845136898
610.497 211886.03763825694
612.53 164741.05623121772
614.57 182214.12843598827
616.617 130884.88219321118
618.671 216521.2585858037
620.731 208563.67403188962
622.798 125950.00456712233
624.873 111885.77813479755
626.954 158242.09927130566
629.042 187302.8098916302
631.137 187578.04263601665
633.239 178965.36526347237
635.348 219970.84969525435
637.464 214966.8729885524
639.587 220006.57969801582
641.717 181287.54869261975
643.854 197116.82246183732
645.998 175759.27774756838
648.15 167697.04278843835
650.309 170622.38493788042
652.474 214576.69516905968
654.647 174247.9072473312
656.828 165212.09575115892
659.015 170193.7801676082
661.21 154324.74555871147
663.412 200745.58803596062
665.622 168929.67605225
667.839 155706.78478158676
670.063 192363.7584285963
672.294 233038.72248959332
674.533 215060.3617575701
676.78 196153.03566889503
679.034 193209.2549499534
681.295 161667.8441728095
683.564 133905.0585085835
685.841 214919.36018898996
688.125 181710.0434882859
690.417 205449.126342701
692.716 231684.7998800408
695.023 172117.77360531912
697.338 162870.1245554596
699.661 87536.49775155491
701.991 126105.9277723331
704.329 246652.5641272431
706.675 223553.4885378747
709.028 211783.29772831325
711.39 216600.83169945105
713.759 233430.0736835118
716.136 225837.1737363824
718.521 200220.07859147488
720.914 221297.49159926627
723.315 214644.0546922712
725.724 213200.2492897056
728.141 214533.41112211108
730.566 217308.30714715077
732.999 219821.09121872243
735.44 213270.21188341107
737.89 214719.84277683977
740.347 217878.3044363014
742.813 209772.00605594364
745.287 203806.04461280422
747.769 201662.76011348196
750.259 161851.15106124483
752.758 193886.82255583056
755.265 208468.46549721799
757.781 183776.9759182336
760.304 100053.19029374192
762.837 121798.7178911604
765.377 317123.49280532525
767.926 257233.76230876052
770.484 181435.86203669233
773.05 171313.65216021636
775.624 203817.5845026083
778.208 171769.47828504466
780.799 140883.8531049299
783.4 72940.50579878397
786.009 59284.08256814759
788.627 156444.41172276673
791.253 297943.67040615785
793.888 231707.6181105782
796.532 203487.0645196748
799.185 198340.05908767798
801.847 167367.488523659
804.517 216684.12170910306
807.197 212545.7388547881
809.885 204457.13183835248
812.583 212443.21034086397
815.289 195116.72819732077
818.004 205455.59409557297
820.728 200591.99738871178
823.462 206800.74841421435
826.204 181404.68359214003
828.956 76358.77362433622
831.717 73127.45174820466
834.487 143818.98116644754
837.266 223548.6654398108
840.054 190122.8295386396
842.852 202547.050235872
845.659 199364.38901550585
848.476 173265.26053605287
851.302 176721.6108412241
854.137 164909.15691719242
856.981 193675.3471207133
859.836 183691.36242931988
862.699 162493.30582450368
865.573 194246.4024470789
868.455 207494.51996376002
871.348 188979.6951297906
874.25 199158.18783386503
877.161 201562.87788708086
880.083 195586.93786015664
883.014 199425.53715193243
885.955 211223.71288551638
888.905 209806.31892796676
891.866 205658.39499345177
894.836 204659.55999649185
897.816 204610.88253205732
900.806 196783.23872507288
903.806 193115.797333468
906.817 198015.1791456362
909.837 211941.05237418934
911.553 427740.7855932959
913.273 713878.453519006
916.322 740844.9561352705
919.38 428191.2021980227
922.449 371872.5246291488
925.528 779721.2745455562
928.618 530603.6995890413
931.718 532630.3831825099
934.828 838941.9476829974
937.948 498910.7634603675
941.079 613043.5704712415
944.22 720793.5050757487
947.372 662371.0636118752
950.534 518714.455288471
953.707 672061.6225091469
956.891 724175.9810581162
960.085 662430.5369261911
963.29 695483.8847668967
966.505 695729.2901138692
969.731 636857.9984837736
972.968 213668.254215843
976.216 610148.8771188305
979.475 746828.5520090583
982.744 643172.148439159
986.025 323749.0778950323
989.316 353783.142819046
992.618 748689.7794609936
995.932 538011.3746007101
999.256 646337.8582317026
1002.59 632540.0291957028
1005.94 530891.3167154051
1009.3 525615.5288727602
1012.67 608765.4626293379
1016.05 615443.0736804759
1019.44 575216.0522390287
1022.84 602011.9604947198
1026.25 462443.7499976348
1029.68 549900.6439182053
1033.12 565533.0437141686
1036.57 444863.1611331591
1040.03 601913.4373798862
1043.5 654160.1263913866
1046.98 641168.6347706595
1050.48 635324.656976149
1053.98 621462.7766251053
1057.5 616714.9157886106
1061.03 507951.4536735167
1064.57 559104.386047097
1068.13 536038.2968575623
1071.69 537226.642795645
1075.27 580844.1398900853
1078.86 572677.751604404
1082.46 549524.5117563371
1086.07 547369.7328070609
1089.7 520542.7162716534
1093.33 571237.7833775935
1096.98 524824.2589710483
1100.65 574506.0387500982
1104.32 539593.2988374429
1108.01 488617.34029860573
1111.7 476171.54757667566
1115.42 433026.3258416628
1119.14 569109.7048352136
1122.87 429517.102797741
1126.62 383175.10193674546
1130.38 489572.1230463348
1134.16 522565.8701974404
1137.94 499062.3865802636
1141.74 485002.6965062654
1145.55 478136.5425763887
1149.38 514711.9510681496
1153.21 505943.34239367663
1157.06 471232.12387075095
1160.92 444976.12733664294
1164.8 476905.25458640046
1168.69 415371.6403249184
1172.59 294287.30546070833
1176.5 385543.1576083206
1180.43 487666.46371319273
1184.37 369234.8304301294
1188.32 478469.3167904193
1192.29 429392.98448140034
1196.27 415244.4323682647
1200.26 417694.1525555934
1204.27 422177.2931090988
1208.29 386803.1039540298
1212.32 383472.63452047337
1216.37 334512.09414019895
1220.43 396650.45030024863
1224.5 377673.3958234903
1228.59 400277.41842785856
1232.69 416977.6583126973
1236.81 400364.72167728585
1240.94 427472.37991977343
1245.08 405503.1414332103
1249.23 411136.9891863148
1253.4 418689.3569151842
1257.59 429827.30550373346
1261.79 423491.3390723105
1266.0 408513.99102702976
1270.22 406708.5838134835
1274.46 409614.2228590288
1278.72 415521.20431665645
1282.99 406477.04613579746
1287.27 390052.31304255594
1291.57 399741.7336873216
1295.88 394054.5520153277
1300.2 378588.21798982547
1304.54 364561.13102747843
1308.9 390072.0632566617
1313.27 382796.25314255815
1317.65 382259.6355439212
1322.05 365115.1171003692
1326.46 367277.4241759879
1330.89 351329.4442596253
1335.33 323550.6742881061
1339.79 365131.18620588485
1344.26 350095.7248255433
1348.75 356134.18048725
1353.25 357418.0794590658
1357.77 328449.9568849644
1362.3 337844.62387095694
1366.85 338622.9359580427
1371.41 332424.8021148996
1375.99 329340.57066560525
1380.58 339854.6119685559
1385.19 293071.6617371678
1389.81 207620.15874904743
1394.45 329311.01560562674
1399.11 227895.77831735436
1403.78 374105.9335712839
1408.46 308851.38523506885
1413.16 319135.973549727
1417.88 282678.58908622985
1422.61 277051.42379862734
1427.36 285337.7283755306
1432.13 278983.2999232574
1436.91 284239.6942082092
1441.7 286024.0853150167
1446.52 282892.69118123746
1451.34 273687.2898875246
1456.19 280084.60335200385
1461.05 273357.8854109302
1465.93 278496.3828408891
1470.82 243232.97896158934
1475.73 276681.2319805861
1480.66 284143.2390727884
1485.6 285120.3962692536
1490.56 284425.74388870853
1495.53 270481.60512811696
1500.53 234437.38436350567
1505.53 257430.35507817735
1510.56 248153.67888454592
1515.6 245004.21840633673
1520.66 237335.411637083
1525.74 247104.15533773182
1530.83 204318.426471428
1535.94 228916.34666455386
1541.07 81294.150734907
1546.21 77346.9735432076
1551.37 269291.23167046724
1556.55 242718.26366528124
1561.75 216210.0076057571
1566.96 196282.4293956248
1572.19 205718.38835347665
1577.44 197077.68832096248
1582.7 213059.6942619158
1587.99 227237.99756823492
1593.29 224020.7507543519
1598.61 223389.83351321713
1603.94 195937.22470036143
1609.3 203619.43697099783
1614.67 220715.5630488206
1620.06 200042.67610410383
1625.47 203491.97905527207
1630.89 185028.50629006245
1636.33 209886.67031765883
1641.8 229187.821541475
1647.28 208600.76986294394
1652.78 198333.42135714943
1658.29 196218.2582290278
1663.83 196960.98118772794
1669.38 181994.53811310136
1674.95 182945.23248680064
1680.55 201678.717709637
1686.16 203035.3615262212
1691.78 189660.12487031266
1697.43 187751.03203618943
1703.1 186993.65342359524
1708.78 177277.46163947115
1714.49 156518.25012999857
1720.21 168579.00990811858
1725.95 168461.63824864902
1731.71 185139.81323648235
1737.49 180587.43358768005
1743.29 174013.01114601755
1749.11 181173.6662587366
1754.95 172275.2693684478
1760.81 163535.7787161905
1766.69 174798.57601545434
1772.58 164568.98456144816
1778.5 171134.54089938002
1784.44 160425.93076682946
1790.39 153501.60925198358
1796.37 168306.2237781647
1802.37 165893.95480973742
1808.38 165453.71902054525
1814.42 151675.48144412934
1820.48 151454.34228193125
1826.55 148425.98330274806
1832.65 159045.5920164066
1838.77 150487.12595228222
1844.9 151457.5713900887
1851.06 136591.01672375406
1857.24 144011.71846778362
1863.44 151534.972536782
1869.66 150074.41675844544
1875.9 143360.22101576196
1882.16 140468.01470632528
1888.45 133449.5195647813
1894.75 135006.30520343277
1901.07 136621.7848492506
1907.42 144890.52627154868
1913.79 140946.55870412162
1920.18 131346.22653559
1926.59 134060.21710532927
1933.02 129596.9002194624
1939.47 124269.58064587852
1945.94 137758.62141589719
1952.44 116071.71200029466
1958.96 125500.41957195464
1965.49 132671.10105506552
1972.06 131034.77334544208
1978.64 129659.64114397766
1985.24 126902.94091794822
1991.87 119027.87329287372
1998.52 121775.37923921857
2005.19 119720.79303732555
2011.88 118435.75726851968
2018.6 124346.25984378833
2025.34 121827.98987182738
2032.1 118788.82694351573
2038.88 111377.56395086125
2045.69 116052.0273588961
2052.51 118368.33338709705
2059.37 114910.83547506697
2066.24 116512.84504178326
2073.14 113152.86980621945
2080.06 114882.7302684408
2087.0 109413.41420968111
2093.97 107054.08771849805
2100.96 110419.43760031757
2107.97 104649.45982018785
2115.01 108001.41414104933
2122.07 109027.72626247734
2129.15 108653.73480528104
2136.26 106857.39603412774
2143.39 105979.60732892118
2150.54 105634.65712720033
2157.72 104717.5920274388
2164.92 102925.49198647944
2172.15 102870.06504192871
2179.4 100883.68528611015
2186.68 100721.30398421854
2193.97 99676.84920168183
2201.3 98427.99867800075
2208.65 97620.5583764615
2216.02 96611.9230694572
2223.42 95449.10397006266
2230.84 94913.2604825398
2238.28 94428.13341548746
2245.76 92905.21071450374
2253.25 92303.79273168581
2260.77 91455.4542347551
2268.32 90330.7849929086
2275.89 89243.81717031235
2283.49 88969.76117685113
2291.11 87786.14445059771
2298.76 86579.63681096701
2306.43 86530.51407216312
2314.13 85425.21264784837
2321.86 83917.17292640106
2329.61 82814.82077551789
2337.38 82669.70622633172
2345.18 80717.07244039944
2353.01 80550.12294128505
2360.87 80174.48191147309
2368.75 79650.73239254506
2376.65 78355.88983769245
2384.59 77959.53850470863
2392.55 77698.00847756061
2400.53 76125.38523689912
2408.55 75738.45340979511
2416.59 75236.19032995445
2424.65 74561.42280828663
2432.75 73279.66329304925
2440.87 72629.28471940919
2449.01 71679.23438033508
2457.19 71843.79543794971
2465.39 70483.56535937736
2473.62 69904.77023322224
2481.88 68888.37855923023
2490.16 68331.22702342687
2498.47 68218.18061706143
2506.81 67681.79596859275
2515.18 67429.45161310876
2523.58 65985.84302937197
2532.0 65893.63299838816
2540.45 65398.30513450502
2548.93 64294.01510574941
2557.44 64069.14915313587
2565.98 63417.99243428723
2574.54 62798.48943222848
2583.14 62032.41628473722
2591.76 61570.80447289007
2600.41 60762.259734250576
2609.09 59996.56093986171
2617.8 59758.82441803228
2626.54 59172.4157012805
2635.31 58389.047422521166
2644.1 58278.96174990075
2652.93 57849.763959067306
2661.79 56931.676035950026
2670.67 56550.27769744299
2679.59 55944.249158513696
2688.53 55488.647606209604
2697.5 54733.35186267007
2706.51 54428.733299413805
2715.54 53916.53889285591
2724.61 53537.504581062356
2733.7 54156.65763698717
2742.83 52734.54678858805
2751.98 51462.41521422259
2761.17 51645.37741016957
2770.39 51099.24177925269
2779.63 50645.7045093395
2788.91 50056.50310474786
2798.22 49211.95966487793
2807.56 49149.06324979461
2816.93 48773.211500286045
2826.34 48271.66783714301
2835.77 47861.60727579605
2845.24 47315.56410722825
2854.73 46862.178193326894
2864.26 46607.18994668749
2873.82 46071.89410138881
2883.42 45833.62390989127
2893.04 45243.53357400894
2902.7 44997.891915419284
2912.39 44680.49028645414
2922.11 44207.36459815025
2931.86 43738.69722665874
2941.65 43283.48898396126
2951.47 42964.10913696478
2961.32 42645.87068841008
2971.21 42318.11755392659
2981.12 41933.001160586835
2991.08 41598.20507320711
3001.06 41194.60236334685
3011.08 40829.78249638801
3021.13 40513.2085323219
3031.21 40128.86432840342
3041.33 39769.642422862205
3051.48 39401.97324805218
3061.67 39048.082848434424
3071.89 38685.18119909925
3082.14 38380.85633421474
3092.43 37999.23343589405
3102.75 37700.6366834607
3113.11 37437.442746475404
3123.5 37173.63690054152
3133.93 36879.26258809849
3144.39 36621.04696185532
3154.89 36263.66429488977
3165.42 35673.26982122527
3175.98 35365.78286091601
3186.58 35171.038532439066
3197.22 35752.970389192924
3207.89 35657.65316081365
3218.6 34474.79837554918
3229.34 33968.23601745733
3240.12 33628.154067299445
3250.94 33378.43714370075
3261.79 33097.42605523402
3272.68 32795.369745190794
3283.6 32571.797351504574
3294.56 32306.752223560223
3305.56 32032.08422757819
3316.6 31770.600739710488
3327.67 31467.708195244373
3338.77 31242.070761556173
3349.92 30985.24109551709
3361.1 30709.86120181084
3372.32 30435.201289824654
3383.58 30298.608088305464
3394.87 30194.9423016594
3406.2 30060.386488436146
3417.57 29727.320158791113
3428.98 29084.405958924024
3440.43 28828.330565766162
3451.91 28645.127062516465
3463.43 28391.400762408186
3475.0 28230.995402187124
3486.6 28101.450976018015
3498.23 27740.40502210999
3509.91 27483.679131447287
3521.63 27287.392078651865
3533.38 27063.400129840746
3545.18 26879.940403975615
3557.01 26658.311172040314
3568.88 26438.58283492842
3580.8 26219.928815951225
3592.75 26002.1495332325
3604.74 25834.89427374053
3616.77 25620.699004714486
3628.85 25426.526173678692
3640.96 25256.31909291641
3653.12 22692.795111571948
3665.31 22575.817624125517
3677.55 22320.76540093524
3689.83 22098.809804311444
3702.14 21906.82073120616
3714.5 22078.72635916624
3726.91 22243.49709333147
3739.35 22369.14632784407
3751.83 22017.480262648936
3764.36 22748.957698915252
3776.92 22182.232635848675
3789.53 22834.013130418152
3802.19 21303.383086675658
3814.88 22647.834229457316
3827.62 21968.81996593468
3840.39 20741.38368203977
3853.21 22037.197209240072
3866.08 21927.830287921253
3878.99 21346.788969476907
3891.94 19791.193128935945
3904.93 21108.435568896934
3917.97 21063.30547646612
3931.05 20585.525921726945
3944.17 20594.364109095546
3957.34 20255.223010162874
3970.55 18365.679728556624
3983.81 19804.8988224941
3997.11 19861.237644132438
4010.45 19721.585400252625
4023.84 19425.580917454234
4037.27 19341.489358095343
4050.75 19152.48992813127
4064.27 18973.089901773976
4077.84 18612.865617623418
4091.46 18246.419478170195
4105.12 16893.121227630378
4118.82 17941.46846739807
4132.57 17828.309225338955
4146.37 17707.487321423414
4160.21 17595.638128259416
4174.1 17314.753815198703
4188.04 17247.253603207388
4202.02 17112.36469381741
4216.05 16953.689056648647
4230.12 16694.366841774736
4244.25 16545.676829068492
4258.41 16381.34685156586
4272.63 16160.017504569041
4286.9 16022.039569215525
4301.21 15737.427640804142
4315.57 15577.093750135082
4329.98 15270.748950174746
4344.43 14284.875812799308
4358.93 15101.82605650825
4373.49 15075.284434210953
4388.09 14774.251229468198
4402.74 14715.907291990387
4417.44 14585.42104070704
4432.18 14544.434558007175
4446.98 14375.585805611196
4461.83 14199.768120221563
4476.72 14008.963251436393
4491.67 13969.92967056552
4506.67 13922.666687329798
4521.71 13711.625222233517
4536.81 13548.291686178207
4551.95 13408.656436460102
4567.15 13278.384070307837
4582.4 13117.580476508634
4597.7 13034.899740627156
4613.05 12998.77091454854
4628.45 12962.45426488076
4643.9 12919.275559297948
4659.4 12784.643018195378
4674.96 13195.617394523188
4690.57 13536.336165302157
4706.23 12535.634857327153
4721.94 12141.45496958104
4737.7 11944.086128836605
4753.52 11889.225634506427
4769.39 11730.374913232155
4785.31 11625.100997424412
4801.29 11519.5617941337
4817.32 11400.733106466321
4833.4 11237.907631400614
4849.54 11032.266637013272
4865.73 10398.42863039754
4881.97 10850.213628986325
4898.27 10857.367787774187
4914.62 10713.625199276255
4931.03 10613.034510677327
4947.49 10534.874033969825
4964.01 10385.002087778274
4980.58 10287.226862563788
4997.21 10196.282724979414
5013.89 10048.815481927224
5030.63 10002.245776861822
5047.43 9878.365608404456
5064.28 9866.18205413988
5081.18 9687.412544628794
5098.15 9607.21011557872
5115.17 9513.197840717261
5132.25 9364.599345840546
5149.38 9271.576197986207
5166.57 9097.099898272581
5183.82 9094.231912025352
5201.13 8989.781634693569
5218.49 8939.54925192207
5235.91 8896.785407809894
5253.39 8820.201931315636
5270.93 8649.889559268202
5288.53 8722.240360207366
5306.18 8620.46304667326
5323.9 8472.159668931392
5341.67 8471.234183838915
5359.51 8443.304200466126
5377.4 8317.087120383929
5395.35 8224.167182624082
5413.36 8262.890468732141
5431.44 8098.924633161513
5449.57 8033.5737756752
5467.76 7955.426165011838
5486.02 7832.902945137223
5504.33 7788.087629309604
5522.71 7692.0813836204015
5541.15 7699.176072545044
5559.65 7622.975385650394
5578.21 7547.281417233519
5596.83 7415.422728657557
5615.52 7428.756878259847
5634.26 7329.31034463386
5653.07 7255.962888175796
5671.95 7219.629249454553
5690.88 7146.516215541073
5709.88 7030.310984457566
5728.95 7069.234601076791
5748.07 6954.023302021416
5767.26 6968.571383875221
5786.52 7116.909543281744
5805.83 7344.225841753414
5825.22 7204.846907563213
5844.66 6830.2560262065
5864.18 6647.00588543199
5883.76 6550.466626362963
5903.4 6481.266847917025
5923.11 6439.433344994
5942.88 6395.184075001325
5962.72 6354.527561397448
5982.63 6289.018242539358
6002.6 6214.238756452463
6022.64 6157.373516319572
6042.75 6167.262071448805
6062.92 6086.69622077497
6083.16 6026.303098073046
6103.47 5949.885339495703
6123.85 5901.414696004798
6144.29 5810.88366803039
6164.81 5750.917199881833
6185.39 5728.922437788665
6206.04 5694.760640770073
6226.76 5571.256529047122
6247.55 5518.887150648152
6268.4 5474.854424217521
6289.33 5501.9137295764585
6310.33 5420.250165380336
6331.39 5407.244655463328
6352.53 5348.10589761118
6373.74 5305.873731321132
6395.02 5275.785247867378
6416.37 5223.660781148717
6437.79 5205.474364623133
6459.28 5128.503491973281
6480.85 5126.273698579587
6502.48 5014.668483790946
6524.19 5040.896234625234
6545.97 5045.683391908164
6567.83 4868.891739214374
6589.76 4913.360630950169
6611.76 4883.071650084476
6633.83 4828.45037799424
6655.98 4788.992239237171
6678.2 4746.569010433563
6700.49 4724.599754035306
6722.86 4667.14507854837
6745.31 4617.201949588084
6767.83 4603.526802192593
6790.42 4561.476739560831
6813.09 4517.956876347639
6835.84 4488.568584911119
6858.66 4458.795817550188
6881.56 4445.776692751026
6904.53 4425.805677962834
6927.58 4348.540940932636
6950.71 4274.704083563114
6973.91 4239.338925770292
6997.2 4211.070019775077
7020.56 4158.19525286431
7044.0 4174.491044802718
7067.51 4124.656203985495
7091.11 4079.8327251571927
7114.78 4016.8151010597376
7138.53 3969.6223194874724
7162.37 3954.878017244366
7186.28 3921.572415560431
7210.27 3902.635226080506
7234.34 3898.6943099231394
7258.49 3847.350456887993
7282.73 3801.1439496947255
7307.04 3780.4433837843694
7331.44 3757.0676610246664
7355.91 3727.2535558195077
7380.47 3714.3709743185127
7405.11 3689.6939160464694
7429.83 3659.183652526909
7454.64 3629.743212457271
7479.52 3620.516927982532
7504.49 3574.693172845835
7529.55 3585.5398417251536
7554.69 3572.5178183032253
7579.91 3536.178350579242
7605.21 3527.2130266383538
7630.6 3484.2795618721484
7656.08 3430.335456140878
7681.64 3449.148308654927
7707.28 3403.9217660184213
7733.01 3406.964295847057
7758.83 3373.632522780103
7784.73 3340.596791670266
7810.72 3323.583552087868
7836.8 3289.9526783532506
7862.96 3242.1089304371867
7889.21 3160.3847838116626
7915.55 3119.29581826512
7941.98 3085.983323709397
7968.49 3095.5333725313585
7995.1 3084.0843569847057
8021.79 3062.39488308819
8048.57 3050.4909263143954
8075.44 2990.5592716394813
8102.4 2945.0000384695713
8129.45 2930.4972933581944
8156.59 2922.598689130099
8183.82 2907.2297275756605
8211.14 2684.944868058562
8238.56 2646.1694268022516
8266.06 2600.6447204372785
8293.66 2566.555552358481
8321.35 2511.6138308793397
8349.13 2501.5618440940393
8377.0 2474.2326640865313
8404.97 2486.415616303441
8433.03 2440.8852395364447
8461.18 2442.1314331957064
8489.43 2393.998646403938
8517.77 2397.244742973485
8546.21 2207.518793669522
8574.74 2419.114336282618
8603.37 2367.347694798292
8632.09 2416.4454826337183
8660.91 2190.907063050529
8689.83 2338.399118968883
8718.84 2368.3178059027723
8747.94 2288.830238291297
8777.15 2334.335256708085
8806.45 2306.4600249733007
8835.85 2302.3374690884293
8865.35 2231.378737132783
8894.95 2286.5350609187567
8924.65 2263.0241766864
8954.44 2251.521660273094
8984.34 2223.913230406592
9014.33 2124.634642178799
9044.42 2202.8086700423323
9074.62 2183.429949651415
9104.92 2137.1784200791153
9135.31 2116.866376485556
9165.81 2051.4986786849495
9196.41 2025.3947164950969
9227.11 1947.1826115328638
9257.92 1991.983175236183
9288.83 2004.355699438489
9319.84 2012.8592524797405
9350.95 1978.8729658489922
9382.17 1956.4250315691925
9413.49 1913.0575253333698
9444.92 1904.0241798154013
9476.45 1905.1340245317222
9508.09 1902.8504639246717
9539.83 1852.9405184850134
9571.68 1866.4770949188564
9603.64 1877.913079342237
9635.7 1841.896392648201
9667.87 1825.1216668504444
9700.14 1822.3177754608578
9732.53 1801.3102006626677
9765.02 1801.0934747002088
9797.62 1780.97271666106
9830.33 1796.5977066856299
9863.15 1784.4945561922568
9896.08 1773.1613300526074
9929.12 1760.8254185157095
9962.27 1752.0965001786437
9995.53 1735.6332643394671
10028.9 1717.1042083967816
10062.4 1672.6738146063224
10096.0 1701.765480871737
10129.7 1697.1253128248743
10163.5 1680.6570635093617
10197.4 1676.4296615749438
10231.5 1664.9204163068964
10265.6 1659.7272629311672
10299.9 1646.6084790316165
10334.3 1615.7233544351477
10368.8 1614.0804653986102
10403.4 1606.2986216037023
10438.1 1599.9053346164696
10473.0 1584.408496439279
10508.0 1578.0987941855692
10543.0 1566.785649868689
10578.2 1546.4709916513145
10613.5 1538.6432406099195
10649.0 1530.463851976568
10684.5 1508.4503624590643
10720.2 1498.789807659094
10756.0 1497.70590084986
10791.9 1479.8842224890077
10827.9 1466.194268337046
10864.1 1458.8985495393076
10900.3 1435.5194291707494
10936.7 1368.7886964882475
10973.3 1338.1994409042145
11009.9 1328.8887594260536
11046.6 1343.6306901380578
11083.5 1341.3568663739354
11120.5 1328.8802426029863
11157.7 1335.8189760768887
11194.9 1325.3482116988348
11232.3 1318.687083739105
11269.8 1305.1302100021192
11307.4 1290.7409585202981
11345.2 1285.454965247765
11383.0 1274.6192389747923
11421.0 1274.6517384151978
11459.2 1275.006322153983
11497.4 1266.0925145285967
11535.8 1267.056816967322
11574.3 1259.419617735767
11613.0 1228.6459626215626
11651.7 1233.6385526669924
11690.6 1228.8663113936668
11729.7 1232.5722870140175
11768.8 1209.176030071911
11808.1 1218.8752363301962
11847.5 1192.083038782967
11887.1 1183.8970986000502
11926.8 1194.1069099705144
11966.6 1167.0139195920976
12006.5 1163.3895142586728
12046.6 1160.3270824731194
12086.8 1150.8679358601946
12127.2 1149.3071421110783
12167.7 1148.8883666162458
12208.3 1137.190823177307
12249.1 1133.3524540934816
12289.9 1122.6166036068141
12331.0 1114.201564409927
12372.1 1110.745854437423
12413.5 1098.698617476085
12454.9 1094.414187854936
12496.5 1092.0038056259837
12538.2 1079.835393657951
12580.1 1072.4981808311597
12622.1 1067.4717842381851
12664.2 1062.4410282362762
12706.5 1060.522821646822
12748.9 1051.0841329507152
12791.5 1040.749617906516
12834.2 1008.4504926867207
12877.0 1033.8172692064495
12920.0 1008.9346667830569
12963.1 1019.7123528534918
13006.4 1014.3453538565656
13049.8 1008.437275121719
13093.4 1001.5142732306438
13137.1 985.9723115801164
13181.0 994.6948326001375
13225.0 986.489522128975
13269.1 973.5355931863168
13313.4 960.1135383387614
13357.9 972.7281063626493
13402.5 958.0549303476059
13447.2 962.425081546002
13492.1 951.28580740975
13537.2 949.5953220464087
13582.3 933.8067319116011
13627.7 930.3493365088609
13673.2 925.8565429799926
13718.8 921.6676832372877
13764.6 922.3691882916737
13810.6 917.1665832299753
13856.7 905.0954987540508
13903.0 895.875462612725
13949.4 892.0579733019265
13995.9 877.8701104806978
14042.7 884.6913543646785
14089.6 848.4809420592098
14136.6 834.2311585110803
14183.8 829.8938084600286
14231.1 824.5579114265107
14278.7 826.164456138511
14326.3 828.0150903847571
14374.2 829.61475946886
14422.1 809.0895006617554
14470.3 823.9169983493955
14518.6 807.4354998501499
14567.1 794.9352492512938
14615.7 737.9973645731407
14664.5 737.061516118352
14713.5 739.693352721503
14762.6 734.2689408884347
14811.9 742.247499907319
14861.3 731.3782795018158
14910.9 742.8515265326255
14960.7 736.2660778343047
15010.7 727.166573817131
15060.8 717.8408089129299
15111.0 724.9624037969837
15161.5 717.8103663440977
15212.1 712.5618605774166
15262.9 718.002403188983
15313.9 713.9015118324073
15365.0 713.7379024631916
15416.3 704.172321048899
15467.7 717.0965543925919
15519.4 703.682364253546
15571.2 673.2927060914083
15623.2 680.0425618913955
15675.3 684.9194748260095
15727.7 688.6395871081206
15780.2 648.3707580232078
15832.9 664.2290223816611
15885.7 638.78171263279
15938.8 675.4226910676815
15992.0 639.0048679974815
16045.4 655.7759654425557
16098.9 652.1901104123986
16152.7 664.3850543210324
16206.6 609.7072881269552
16260.7 645.6758366905287
16315.0 653.6358341998459
16369.5 651.1548805321366
16424.1 593.2831847390805
16478.9 627.5731737902456
16534.0 627.754189723954
16589.2 630.2684984920916
16644.5 587.0746032848126
16700.1 609.5947666726715
16755.9 608.1158402488259
16811.8 601.3416854362513
16867.9 570.562908234677
16924.2 591.578511688794
16980.7 591.4014595531537
17037.4 587.5005054139308
17094.3 563.7203531468301
17151.4 577.0335108932532
17208.6 570.4927997789488
17266.1 569.1419471080561
17323.7 540.6129046228931
17381.6 547.1254066051686
17439.6 547.61256289689
17497.8 543.0639648706053
17556.2 533.3204551029692
17614.9 528.4377094921851
17673.7 533.0083248099189
17732.7 521.1867791372573
17791.9 513.1878116597021
17851.3 509.418806258811
17910.9 508.23360934452614
17970.7 498.3931152707627
18030.7 485.65348222836184
18090.9 487.1646910359427
18151.2 484.006352332267
18211.8 484.8631388377381
18272.6 480.63569283235665
18333.7 475.6700272390351
18394.9 463.0527906807634
18456.3 460.26620944751977
18517.9 459.8051032843847
18579.7 455.9086491338835
18641.7 452.9881243661826
18704.0 448.70393171038614
18766.4 437.4079780896153
18829.1 440.5176198508033
18891.9 431.1123729922772
18955.0 429.76683633602744
19018.3 428.06959232884145
19081.8 424.8936161969282
19145.5 418.9701251809696
19209.4 416.00987781373607
19273.5 410.8828221395413
19337.9 404.29994517632593
19402.4 397.94655763378046
19467.2 385.49332455237726
19532.2 389.5180401921863
19597.4 387.9747803642803
19662.8 381.56497523949486
19728.5 373.9311774862253
19794.4 368.84322888046023
19860.4 365.9250427111188
19926.7 361.085322005376
19993.3 262.99239192701543
20060.0 120.60283798990437
20127.0 119.64252308098685
20194.2 118.62010774553542
20261.6 117.64472664650566
20329.2 116.77738106640399
20397.1 116.01062937027146
20465.2 114.69584054074494
20533.5 113.5539159936484
20602.1 113.17580907248073
20670.9 112.59765663446026
20739.9 111.80686828266279
20809.1 110.89626090219784
20878.6 109.67563951217952
20948.3 108.3030959313148
21018.2 107.27037820641829
21088.4 106.29018800196846
21158.8 105.49585842663188
21229.4 104.55319976144939
21300.3 103.665661831227
21371.4 102.79033541208958
21442.8 102.01624611825628
21514.4 101.22280413857062
21586.2 100.63045061572015
21658.3 99.55378329445017
21730.6 98.97832718720636
21803.1 98.35052909652185
21875.9 98.36943353480817
21948.9 97.07504782779174
22022.2 95.63441970735306
22095.7 94.7148840694955
22169.5 94.00243002642519
22243.5 93.08032064893762
22317.8 92.34316862268761
22392.3 91.5265353030477
22467.0 90.82659124782441
22542.1 90.07136103997777
22617.3 89.36530769395063
22692.8 88.63489325991193
22768.6 86.28519101363398
22844.6 78.18337964776092
22920.9 77.15148141025156
22997.4 76.49882682177437
23074.2 76.03812087307662
23151.2 75.51147344946612
23228.5 74.4347606285786
23306.0 73.94861961409865
23383.8 73.60830533340129
23461.9 73.32151994308492
23540.2 72.02550100884626
23618.8 71.51916970626988
23697.7 71.03469837465607
23776.8 70.54987274682432
23856.2 69.49044459549536
23935.8 69.12631222321781
24015.7 68.64881910523471
24095.9 68.1845098558054
24176.4 67.38613209247592
24257.1 67.30955967980051
24338.0 66.61887140302088
24419.3 66.18582140386069
24500.8 65.23032006986996
24582.6 65.06785518630628
24664.7 64.48126408405767
24747.0 64.03091447321685
24829.7 63.33500732620519
24912.5 62.88831876798575
24995.7 62.4742362388576
25079.2 62.087482661491066
25162.9 61.45879211637387
25246.9 60.80807769060834
25331.2 60.61828467153849
25415.8 60.134896886614804
25500.6 59.56486661525796
25585.7 59.08533459212647
25671.2 58.452324462433964
25756.9 58.3211511480061
25842.9 57.742760766510855
25929.1 57.34790159580323
26015.7 56.92435846472192
26102.6 56.22567314592861
26189.7 55.90358338610916
26277.1 55.20597787467404
26364.9 55.183172129333954
26452.9 54.78558985922798
26541.2 54.297246288152934
26629.8 53.849240125595315
26718.7 53.26064563047896
26807.9 53.04383256396653
26897.4 52.68395974285404
26987.2 52.27080511119328
27077.3 51.87508937269851
27167.7 51.489602525544065
27258.4 51.08982483059003
27349.4 50.67403097911499
27440.7 50.31179140077222
27532.3 49.800225865896984
27624.2 49.363015802736776
27716.5 49.16160949264729
27809.0 48.79922245345391
27901.8 48.42806548800898
27995.0 48.077261326542384
28088.5 47.69174545335967
28182.2 47.33746571956222
28276.3 46.993478187986355
28370.7 46.62996589943251
28465.4 46.27595906622815
28560.5 45.92167479311133
28655.8 45.55855839057024
28751.5 45.027888949417054
28847.5 44.8856474969537
28943.8 44.5692842827693
29040.4 44.23392664915919
29137.4 43.8989374547579
29234.6 43.581848546915815
29332.2 43.250831709634454
29430.2 42.91912021778535
29528.4 42.609017595666245
29627.0 42.28746297032117
29725.9 41.96624775503403
29825.2 41.665400243073705
29924.7 41.34713552332339
30024.6 41.03280635257032
30124.9 40.73163330605034
30225.4 40.4441403532351
30326.3 40.13691130659669
30427.6 39.838166681689714
30529.2 39.53927764302847
30631.1 39.25007169283785
30733.4 38.9684261307332
30836.0 38.68830635513809
30938.9 38.407018871291484
31042.2 38.12618157762011
31145.8 37.8529580417588
31249.8 37.57684060141725
31354.2 37.306328787235984
31458.8 37.03858602710201
31563.9 36.76791133502246
31669.2 36.503814612716305
31775.0 36.24754791099305
31881.0 35.989955115797265
31987.5 35.73243041568505
32094.3 35.45972245351891
32201.4 35.20172288306162
32308.9 34.94165604420146
32416.8 34.69972348243359
32525.0 34.470113054862956
32633.6 34.563633221955754
32742.5 34.83417310454451
32851.9 32.71629180580068
32961.5 31.914072980925827
33071.6 31.688685479953072
33182.0 31.467627062958154
33292.8 30.988708558094388
33403.9 30.20437483480809
33515.4 29.607027676788057
33627.3 29.388101236997976
33739.6 29.184547291531004
33852.2 28.96800840962208
33965.2 28.755483428819083
34078.6 28.54847649989899
34192.4 28.33822709640293
34306.6 28.133469038932944
34421.1 27.930360744338074
34536.0 27.717951214825078
34651.3 27.51302479386057
34767.0 27.31623665930362
34883.1 27.12024010114965
34999.5 26.91581040511878
35116.4 26.712547061025465
35233.6 26.514042022362382
35351.2 26.317882578961555
35469.3 26.127371989578315
35587.7 25.931072972831583
35706.5 25.741752741916493
35825.7 25.55487434373131
35945.3 25.37076423758711
36065.3 25.18741929228295
36185.7 24.999763279229825
36306.5 24.814455993209513
36427.7 24.636714994965836
36549.3 24.457749079032435
36671.4 24.281173095040447
36793.8 24.09999028164389
36916.6 23.92898896908759
37039.9 23.75858587704266
37163.5 23.58565759944146
37287.6 23.41003194475077
37412.1 23.296190256185305
37537.0 23.084827947091384
37662.3 22.923945624501634
37788.1 22.759147430931435
37914.2 22.602152061704867
38040.8 22.442933632247218
38167.8 22.284297807474758
38295.2 22.125004782475422
38423.1 21.96863703870794
38551.3 21.85519916213508
38680.0 21.703813504000152
38809.2 21.547684119413265
38938.7 21.40151254471033
39068.7 21.251509817826143
39199.2 21.099877045132196
39330.0 20.95648736116963
39461.3 20.81479296046011
39593.1 20.667990629802823
39725.3 20.522613544187323
39857.9 20.3842105584962
39991.0 20.23762465436735
40124.5 20.100893504635067
40258.4 19.959070294611845
40392.8 19.81820483364927
40527.7 19.721682254026824
40663.0 19.55077653994847
40798.7 19.416370717756646
40935.0 19.28948811054819
41071.6 19.156603750330067
41208.7 19.024853797936707
41346.3 18.894442089857503
41484.3 18.76228929078319
41622.8 18.62756880869243
41761.8 18.49753636181634
41901.2 18.377192701871895
42041.1 18.250091232587554
42181.5 18.129426716145254
42322.3 18.00343184185965
42463.6 17.883532136782772
42605.4 17.7567807217346
42747.6 17.62897901259127
42890.3 17.50928045456348
43033.5 17.38195177982056
43177.2 17.26428188810629
43321.3 17.138250292020025
43465.9 17.013671269182055
43611.1 16.898546798607722
43756.7 16.77688633223248
43902.7 16.660739331081093
44049.3 16.54881570518669
44196.4 16.428250219353853
44343.9 16.322460267703146
44492.0 16.191864449648786
44640.5 15.825719057572401
44789.5 15.097658809480842
44939.1 14.991640944100011
45089.1 14.887348287871392
45239.6 14.786101732254854
45390.7 14.688785809400265
45542.2 14.590977596513895
45694.2 14.485916153871612
45846.8 14.389080540967925
45999.9 14.288886207806316
46153.4 14.197666373029543
46307.5 14.102672287488913
46462.1 14.018045154287922
46617.2 13.914937218291776
46772.9 13.82050567853712
46929.0 13.72771466431253
47085.7 13.63626687185318
47242.9 13.550467986995159
47400.6 13.461034324053852
47558.9 13.374875318314732
47717.6 13.28176648888192
47876.9 13.194386214566228
48036.8 13.108914768929546
48197.2 13.023013502391494
48358.1 12.94017279896289
48519.5 12.855561346263658
48681.5 12.77266003593171
48844.0 12.68829881953937
49007.1 12.599860898881666
49170.7 12.520525048485592
49334.8 12.436565166835912
49499.6 12.357276050384838
49664.8 12.27627699849106
49830.6 12.196377738459528
49997.0 12.1104948295517
50163.9 12.049818226576189
50331.4 11.98012182407733
50499.4 11.918546606163527
50668.0 11.8503965369705
50837.2 11.7892405597295
51006.9 11.722270296843494
51177.2 11.661623911276797
51348.0 11.578940558799577
51519.4 11.52015895542222
51691.4 11.460949654724013
51864.0 11.403556592935406
52037.2 11.343312944790338
52210.9 11.284937809353435
52385.2 11.227432056795342
52560.1 11.174589785554161
52735.6 11.112045105777835
52911.6 11.055552605941148
53088.3 11.005425707963434
53265.5 10.949550272647299
53443.3 10.90716392930522
53621.8 10.838523264375485
53800.8 10.785363795412687
53980.4 10.736060953114242
54160.6 10.680658677896144
54341.4 10.633953264827314
54522.9 10.579337515640942
54704.9 10.532736477279716
54887.5 10.479646656711644
55070.8 10.42741884608862
55254.6 10.380566395674986
55439.1 10.335808742009089
55624.2 10.284240086225381
55809.9 10.23821486667104
55996.2 10.188748681575154
56183.1 10.144778453906875
56370.7 10.100346670963829
56558.9 10.04976370727213
56747.7 10.00624837638354
56937.2 9.962567622817083
57127.3 9.915170580474872
57318.0 9.871071081556398
57509.3 9.828391995109673
57701.3 9.786490374681556
57894.0 9.744748857374736
58087.3 9.702573705628938
58281.2 9.608371829128567
58475.8 9.259946320310695
58671.0 9.219489365256536
58866.9 9.178109682279134
59063.4 9.138469200755361
59260.6 9.104393913746101
59458.4 9.062168829674864
59656.9 9.027982731835245
59856.1 9.136258454457904
60055.9 9.397491021397679
60256.4 9.666655642116847
60457.6 9.932573884987264
60659.4 10.200506066447998
60861.9 10.344458561520412
61065.1 10.307694383651132
61269.0 10.2711010605495
61473.5 10.240390395281944
61678.8 10.204010321897586
61884.7 10.173490418844075
62091.3 10.136129389421905
62298.6 10.101356182652909
62506.6 10.071056634118467
62715.3 10.035932119001464
62924.6 9.848483514572418
63134.7 9.506359306617384
63345.5 9.160259220936288
63557.0 8.816357868097356
63769.1 8.472161244386315
63982.0 8.33529005523631
64195.7 8.305905728827682
64410.0 8.281676749501557
64625.0 8.254015057319794
64840.8 8.225453102340765
65057.2 8.194829608946481
65274.4 8.168645478107615
65492.3 8.140225001094416
65711.0 8.113294103500984
65930.4 8.100784720085432
66150.5 8.074298071654463
66371.3 8.047504850585092
66592.9 8.025420380694277
66815.2 7.998269812824865
67038.3 7.971130255632881
67262.1 7.949868484011544
67486.7 7.922913804208868
67712.0 7.90174983729751
67938.0 7.875464172967838
68164.8 7.852894124925332
68392.4 7.833486185503589
68620.7 7.810002368032128
68849.8 7.787097713851402
69079.7 7.766816007666753
69310.3 7.742981492826463
69541.7 7.718778692905671
69773.9 7.700190718243941
70006.8 7.67507897713061
70240.5 7.639972168568974
70475.0 7.599489346446953
70710.3 7.564693656525565
70946.4 7.527051595966623
71183.3 7.487437744231141
71420.9 7.451778570079234
71659.3 7.412520864319699
71898.6 7.373775531787113
72138.6 7.339834239865319
72379.4 7.301586467540703
72621.1 7.265481571976413
72863.5 7.230433781719893
73106.8 7.192625984674145
73350.9 7.159814597705781
73595.7 7.122398373872681
73841.5 7.021540373948607
74088.0 6.908711947424809
74335.3 6.873371597862379
74583.5 6.833704836971528
74832.5 7.590303859085069
75082.3 8.399428282284518
75333.0 9.212047399026181
75584.5 10.020335385379223
75836.8 10.710998364392964
76090.0 10.669264547720058
76344.0 10.629225584026896
76598.9 10.593993027590535
76854.6 10.55425541823552
77111.2 10.514790687238602
77368.7 10.475414699254419
77627.0 10.436273828762447
77886.1 10.397876335869327
78146.1 10.358753901704356
78407.0 10.323653293522957
78668.8 10.286508968562469
78931.4 10.248352938883455
79195.0 10.210566657691855
79459.4 10.17289312408164
79724.6 10.135372130066061
79990.8 10.097799499041486
80257.8 10.060799974908685
80525.8 10.023671628455192
80794.6 9.776840790525643
81064.4 9.44410064467099
81335.0 9.113549591336257
81606.5 8.787726693529759
81879.0 8.458846490611982
82152.3 8.128614820453619
82426.6 7.805861242902224
82701.8 7.499362394365666
82977.9 7.271469559129103
83254.9 7.0451709713676545
83532.9 6.815997935027385
83811.7 6.590350915613404
84091.5 6.360591538355005
84372.3 6.296627834559284
84654.0 6.269196435463978
84936.6 6.2397980204901335
85220.2 6.211783857105822
85504.7 6.183483428394613
85790.1 6.152442755274269
86076.5 6.124445566652719
86363.9 6.098984700083807
86652.2 6.070403920443636
86941.5 6.0420245890244315
87231.8 6.012993904003887
87523.0 5.985711294013852
87815.2 5.911441383657798
88108.4 5.784911717821733
88402.5 5.660284412527002
88697.7 5.532665235301868
88993.8 5.404247740540228
89290.9 5.281343969373377
89589.0 5.234342435158008
89888.1 5.203306053155658
90188.2 5.135851699360886
90489.3 5.029889993346774
90791.4 4.928001892651457
91094.5 4.810387824491352
91398.6 4.646000333005974
91703.8 4.544113267709678
92009.9 4.442896661805898
92317.1 4.342337823472743
92625.3 4.240452074356559
92934.5 4.139197517100543
93244.8 4.036745575684444
93556.1 3.936065709133156
93868.4 3.837520480235665
94181.8 3.735527825695486
94496.2 3.635670945744805
94811.7 3.53605325362854
95128.3 3.4683542279444626
95445.8 3.4515157507273386
95764.5 3.4335683166609035
96084.2 3.4157108155058484
96405.0 3.39808961402
96726.8 3.3808221343385925
97049.8 3.3632542515879
97373.8 3.3461856965767516
97698.9 3.3287365575150476
98025.0 3.311864597161708
98352.3 3.2943318754051787
98680.6 3.2781737787736445
99010.1 3.2616529429720793
99340.6 3.2451029956484256
99672.3 3.2289788832170774
100005.0 3.2129296055627896
100339.0 3.1954033227362224
100674.0 3.1782872071719273
101010.0 3.161311823057984
101347.0 3.144550637041747
101686.0 3.1278042348641626
102025.0 3.1110650805482023
102366.0 3.0946874143917427
102707.0 3.0796586726395443
103050.0 3.0619574832951337
103394.0 3.0460553119032445
103740.0 3.029857300889684
104086.0 3.0141105400258232
104433.0 2.9984081250139654
104782.0 2.9828478103541634
105132.0 2.8109016021464024
105483.0 2.9523223417661275
105835.0 2.937321301850798
106188.0 2.9220923153359606
106543.0 2.9072417649299163
106899.0 2.893124757967763
107255.0 2.8781447995856912
107613.0 2.863539528102071
107973.0 2.849306028138982
108333.0 2.835167126497489
108695.0 2.8198330198030153
109058.0 2.8074611541582137
109422.0 2.7938873022057016
109787.0 2.780376756125613
110154.0 2.788426321577604
110521.0 2.795141741167888
110890.0 2.8384873086863918
111261.0 2.8814935282407466
111632.0 5.356370264543158
112005.0 7.954638004917634
112379.0 8.905470013480564
112754.0 8.929228723684187
113130.0 8.93307860322097
113508.0 8.899157339164194
113887.0 8.685152649436896
114267.0 6.082686261270513
114649.0 3.5032112387761924
115031.0 3.011531455582776
115415.0 2.998844633510736
115801.0 2.9877180739341225
116187.0 2.97547780093122
116575.0 3.0051522490778906
116964.0 3.2899453554074327
117355.0 3.573633547433798
117747.0 3.8566973120826553
118140.0 4.135421548496857
118534.0 4.210477849758929
118930.0 4.194256758324196
119327.0 4.178108316572681
119725.0 4.163452353828491
120125.0 4.146606242193448
120526.0 4.131494984208969
120929.0 4.117053694549513
121332.0 4.102927048196506
121737.0 4.087518871334505
122144.0 3.781561042225223
122552.0 3.473757758667219
122961.0 3.168132280890894
123371.0 2.8626114908183102
123783.0 2.7657031412196917
124196.0 2.76698993085635
124611.0 2.7588822045939194
125027.0 2.7510892936820666
125444.0 2.7433797900578827
125863.0 2.7364425294952555
126283.0 2.7289945487113356
126705.0 2.7220571914515443
127128.0 2.716699987302385
127552.0 2.70905626637265
127978.0 2.7080562012484
128406.0 2.6971284997222216
128834.0 2.6914911442630176
129264.0 2.6861237707856325
129696.0 2.8010576242887546
130129.0 3.0875891204646018
130563.0 3.37493130814085
130999.0 3.6601575901812016
131437.0 3.8088177021584912
131875.0 3.79893674356099
132316.0 3.790884201764235
132757.0 3.7858241303331965
133201.0 3.780722053101666
133645.0 3.775627405962613
134091.0 3.770536643389606
134539.0 3.76721195753404
134988.0 3.602978990652539
135439.0 3.3109847734418953
135891.0 3.0184530986506113
136345.0 2.7303487748953374
136800.0 2.646365790024017
137257.0 2.64951554158469
137715.0 2.653138967189231
138175.0 2.6566870216674547
138636.0 2.662748923261365
139099.0 2.6662496557805238
139563.0 2.674770630655397
140029.0 2.6882034250870213
140497.0 2.701563653869669
140966.0 2.7147885039903996
141436.0 2.7304079699261004
141909.0 2.748134799189148
142382.0 2.763755857886945
142858.0 2.7828558713603018
143335.0 2.803932360217842
143813.0 2.8262517426859812
144293.0 2.848383766679102
144775.0 2.8727977330559953
145258.0 2.896913763752986
145743.0 2.9234644363421296
146230.0 2.9521272373241576
146718.0 2.98057944139105
147208.0 3.0109652945136722
147699.0 3.044000743130515
148192.0 3.081341652309385
148687.0 3.12074600062242
149183.0 3.1574192393057
149682.0 3.190179913830038
150181.0 3.2066262594156214
150683.0 3.273148714184056
151186.0 3.3415475919322084
151690.0 3.411826212414563
152197.0 3.48601098176405
152705.0 3.5646845557191673
153215.0 3.64718116225086
153726.0 3.7338319972766403
154240.0 3.8151716971289336
154754.0 3.9056040581574436
155271.0 4.005815215000407
155789.0 4.1126161536689585
156310.0 4.2186508851488265
156831.0 4.332982731691587
157355.0 4.455466816757817
157880.0 4.581714230412723
158407.0 4.71390018703735
158936.0 4.8512371196937085
159467.0 4.994611568727249
159999.0 5.145852164551578
160533.0 5.302632025340837
161069.0 5.46489897301422
161607.0 5.634777391470317
162147.0 5.812189592528047
162688.0 5.997086527804557
163231.0 6.189287670970173
163776.0 6.3911192756277355
164323.0 6.599132811125065
164871.0 6.816068642640221
165422.0 7.041280610563103
165974.0 7.273482679087699
166528.0 7.512768507495736
167084.0 7.762652345844796
167642.0 8.02153456459305
168202.0 8.289166853342827
168763.0 8.567947545782369
169327.0 8.856425732344748
169892.0 9.155848965828225
170459.0 9.465632472753464
171028.0 9.78566234471854
171599.0 10.117885290363636
172172.0 10.462172529073476
172747.0 10.818247183115144
173324.0 11.18844392964607
173902.0 11.568187300513792
174483.0 11.96345946439778
175065.0 12.363196273592354
175650.0 12.755876172991146
176236.0 13.16181717200927
176825.0 13.579244228269785
177415.0 14.010576824960964
178007.0 14.452801512150126
178602.0 14.905713645984841
179198.0 15.361455774297596
179796.0 15.853360169337742
180396.0 16.34831608751217
180999.0 16.858248758755025
181603.0 17.38244065452038
182209.0 17.921103200355432
182817.0 18.474415581704132
183428.0 19.04157933304005
184040.0 19.622171411968985
184655.0 20.22733021208261
185271.0 20.80926165408351
185890.0 21.383566912065145
186510.0 21.95961054567558
187133.0 22.700556578866838
187758.0 23.161315514385887
188385.0 23.770264660136032
189013.0 24.402473856933785
189644.0 25.053108103651283
190278.0 25.697693955497797
190913.0 26.377706444981754
191550.0 27.052742619273392
192190.0 27.75383241529794
192831.0 28.469145263313816
193475.0 29.197217185595882
194121.0 29.956605151112427
194769.0 30.699213890595328
195419.0 31.47745655263176
196072.0 32.25670507214607
196726.0 33.01269804288272
197383.0 33.78107774136667
198042.0 34.56186373631551
198703.0 35.354922988425365
199367.0 36.15992697058277
200032.0 36.99477771862451
200700.0 37.823516685502796
201370.0 38.681527045680156
202042.0 39.550992752622314
202717.0 40.43153102065013
203394.0 41.3209528281262
204073.0 42.24324314304038
204754.0 43.166124746027116
205438.0 44.10584070858778
206123.0 45.06712388429787
206812.0 46.02893484975121
207502.0 47.01823465794947
208195.0 47.99742674076041
208890.0 49.01126107987687
209587.0 50.01100107675262
210287.0 51.03906177303534
210989.0 52.091667314671255
211693.0 53.15684776786657
212400.0 54.22919356985567
213109.0 55.321958778867725
213821.0 56.43350390159313
214535.0 57.548410415857774
215251.0 58.68845075265539
215969.0 59.85304365313385
216690.0 61.025402346830724
217414.0 62.2054026705932
218140.0 63.41267416998754
218868.0 64.63720965021282
219599.0 65.87206399510963
220332.0 67.13607101340082
221067.0 68.41144655219249
221805.0 69.69910604203152
222546.0 71.00921564328685
223289.0 72.34159963282431
224034.0 73.69607598039076
224782.0 75.05631125364025
225533.0 76.4221985781287
226286.0 77.83122672263262
227041.0 79.23385871219777
227799.0 80.6631439992793
228560.0 82.11283371468689
229323.0 83.58303076389768
230088.0 85.07349279411896
230857.0 86.56790322237971
231627.0 88.08254088736075
232401.0 89.61609226453214
233176.0 91.19974544849379
233955.0 92.80157007604036
234736.0 94.43717611974233
235520.0 96.07573519029039
236306.0 97.74041460788729
237095.0 99.41417176765148
237886.0 101.11402100926398
238681.0 102.81680278452656
239477.0 104.54950693019907
240277.0 106.30741239220427
241079.0 108.08148646199764
241884.0 109.85737134167047
242691.0 111.66429195396827
243502.0 113.50096440918516
244315.0 115.338979664625
245130.0 117.20383023287302
245949.0 119.07538996693391
246770.0 121.01627508413254
247594.0 122.9856709207955
248420.0 124.96948280914012
249250.0 126.9664980347462
250082.0 128.98894110924977
250917.0 131.03005056906372
251754.0 133.09071474319308
252595.0 135.17305981245775
253438.0 137.2653232662077
254284.0 139.42452034293686
255133.0 141.45676151164378
255985.0 143.61206021915285
256840.0 145.8876661553514
257697.0 148.0126047489113
258557.0 150.18624553303454
259421.0 152.48021363280748
260287.0 154.7473846809322
261156.0 157.01673763589454
262027.0 159.2014372668021
262902.0 161.63557218664195
263780.0 163.9143407608037
264661.0 166.3097932573146
265544.0 168.68807723270683
266431.0 170.97198082186856
267320.0 173.3910308074228
268213.0 175.8477921546228
269108.0 178.28692189565365
270006.0 180.70787656799212
270908.0 183.19018864895588
271812.0 185.6251383250256
272720.0 188.12076765349704
273630.0 190.72773845887065
274544.0 193.18575108943776
275460.0 195.75446991823114
276380.0 198.30329283620523
277303.0 200.83302925193064
278228.0 203.4297234426072
279157.0 206.08986941772713
280089.0 208.6885260656538
281024.0 211.2676502651561
281963.0 213.95212085756884
282904.0 216.6172383734141
283848.0 219.21638667535004
284796.0 221.8868487236656
285747.0 224.61537813124852
286701.0 227.20001853476316
287658.0 229.88811713805953
288618.0 232.6602974675965
289582.0 235.36935243434309
290549.0 238.07334196056496
291519.0 240.80089823785107
292492.0 243.50786697522616
293468.0 246.30447050731124
294448.0 248.9798416082053
295431.0 251.74427922691902
296418.0 254.48694718513372
297407.0 257.20968241828825
298400.0 259.91444110866763
299396.0 262.70971443232753
300396.0 265.4167217169505
301399.0 268.24208918981657
302405.0 270.9767607297886
303415.0 273.68968969199767
304427.0 276.499026828656
305444.0 279.28517472811643
306464.0 282.0500709145614
307487.0 284.7809687389243
308513.0 287.51662645973045
309543.0 290.331911180655
310577.0 293.0108243871852
311614.0 295.7826572719432
312654.0 298.5332372743095
313698.0 301.14872578599284
314745.0 303.9692420265387
315796.0 306.654906601938
316850.0 309.3198276677415
317908.0 312.07444711828873
318969.0 314.69690407187255
320034.0 317.3602553029107
321103.0 320.0954278813506
322175.0 322.75555498246877
323250.0 325.415191850721
324329.0 328.04170640609516
325412.0 330.6467336446045
326498.0 333.23063976625826
327589.0 335.9018442318102
328682.0 338.4678735052444
329779.0 340.9668282388625
330880.0 343.5107336436049
331985.0 346.0549038718611
333093.0 348.5227982305958
334206.0 351.06004075266804
335321.0 353.4802431860205
336441.0 355.9512695075919
337564.0 358.36370007139857
338691.0 360.82754627968353
339822.0 363.1666562977781
340956.0 365.5907666502271
342094.0 367.891149514269
343237.0 370.27393224467755
344382.0 372.6387339111876
345532.0 374.8800384948398
346686.0 377.1008215321271
347843.0 379.4079092638943
349004.0 381.59265363043784
350170.0 383.71137622587855
351339.0 385.90454472824695
352512.0 387.9326441978205
353689.0 390.1059406435364
354869.0 392.1358777492858
356054.0 394.20942924067293
357243.0 396.2225958191075
358435.0 398.2041986373352
359632.0 400.0863659965397
360833.0 402.0297709238062
362037.0 403.91784277846904
363246.0 405.7839981987479
364459.0 407.6997326690836
365676.0 409.47721834315195
366896.0 411.20155384451033
368121.0 412.9088516400425
369350.0 414.60033423536674
370583.0 416.2932613380053
371821.0 417.9351400444709
373062.0 419.48494917025016
374307.0 421.01997910645724
375557.0 422.5305354923035
376811.0 424.0438613827856
378069.0 425.5340267478444
379331.0 426.91653126271575
380597.0 428.28536610194936
381868.0 429.63282158926626
383143.0 430.95137363703003
384422.0 432.2153680063477
385705.0 433.52963292603823
386993.0 434.7381378749646
388285.0 435.8985962747476
389581.0 436.9349788901447
390882.0 438.0609385062932
392187.0 439.0847312410728
393496.0 440.05192304684357
394810.0 441.0804054934605
396128.0 441.9512959280835
397451.0 442.88374841721446
398777.0 443.7179494333599
400109.0 444.5185545037394
401445.0 445.26393154405457
402785.0 446.0665189702098
404130.0 446.6831554248559
405479.0 447.3785471531446
406832.0 447.9779528041974
408191.0 448.5667912064808
409553.0 449.1484317753105
410921.0 449.63354645600316
412293.0 450.11107499521614
413669.0 450.49554722944885
415050.0 450.87203874588295
416436.0 451.24061521121735
417826.0 451.51774242288116
419221.0 451.75936134023743
420621.0 452.02863593184253
422025.0 452.13941113382543
423434.0 452.3060580976805
424847.0 452.46736444680937
426266.0 452.5382140208704
427689.0 452.52163256922177
429117.0 452.49988599502177
430549.0 452.4740853333731
431987.0 452.3602409654462
433429.0 452.243024566528
434876.0 452.1213642384306
436328.0 451.91424146312363
437785.0 451.70155799301915
439246.0 451.4091043247848
440712.0 451.11180846206855
442184.0 450.8103317716086
443660.0 450.42704359399664
445141.0 450.0412351605297
446627.0 449.5737315024769
448118.0 449.104317376871
449614.0 448.5543338796122
451116.0 448.0020394908978
452622.0 447.3811352082165
454133.0 446.74992510173837
455649.0 446.10760066115097
457170.0 445.39733232147677
458696.0 444.6869271512026
460228.0 443.8926770978729
461764.0 443.18822081043083
463306.0 442.3241191618751
464853.0 441.5371158762332
466404.0 440.5998318512808
467962.0 439.7360481106492
469524.0 438.77645555814894
471091.0 437.7934139162005
472664.0 436.78559496473474
474242.0 435.7798671598591
475825.0 434.70188266632675
477414.0 433.6255972338136
479008.0 432.4780727894469
480607.0 431.3336728421991
482212.0 430.1181358740489
483821.0 428.9071177230935
485437.0 427.6250736783462
487057.0 426.3480356066795
488683.0 425.14663718247783
490315.0 423.80514645296364
491952.0 422.5373250774515
493594.0 421.13170124337506
495242.0 419.8121872963415
496895.0 418.40517070747813
498554.0 416.9419509327864
500219.0 415.4834071821109
501889.0 414.0304161061754
503564.0 412.51259354454396
505246.0 410.99935897089523
506932.0 409.4230304739527
508625.0 407.8515393668277
510323.0 406.21715499400744
512026.0 404.5896747586118
513736.0 402.97017238145895
515451.0 401.28352573781063
517172.0 399.6512507861293
518898.0 397.52684352084333
520631.0 396.27157200344243
522369.0 394.546715242575
524113.0 392.82880108059675
525863.0 391.08242811345747
527618.0 389.34743745904797
529380.0 387.50254341521526
531147.0 385.69474330639446
532920.0 383.8804147398033
534700.0 382.0069452844249
536485.0 380.14236495636953
538276.0 378.28593457452246
540073.0 376.3721120000644
541876.0 374.46685638197016
543685.0 372.54359043449745
545500.0 370.55215635743997
547321.0 368.6728311100458
549148.0 366.7375318366475
550982.0 364.81043246091156
552821.0 362.8926066701623
554667.0 360.87851365122634
556519.0 358.93818297517527
558377.0 356.93743266054133
560241.0 354.928840600892
562111.0 352.92980367917795
563988.0 350.876878650713
565871.0 348.8339805956399
567760.0 346.796910771093
569655.0 344.7155913724659
571557.0 342.6398989432261
573465.0 340.5127138598119
575380.0 338.45701270022926
577301.0 336.3501650301263
579228.0 334.3149144816649
581162.0 332.2159001072195
583102.0 330.1520845800502
585049.0 328.0857357706508
587002.0 325.9694866713767
588962.0 323.92349832274164
590928.0 321.82793917825575
592901.0 319.68282684826386
594880.0 317.5487408623839
596866.0 315.42510754951553
598859.0 313.311897326407
600858.0 311.20957626229153
602864.0 309.05896238195226
604877.0 306.91903771452445
606896.0 304.7276269980257
608922.0 302.55598008920055
610955.0 300.4488723951694
612995.0 298.3048323401063
615042.0 296.20879569247717
617095.0 294.0766233861166
619155.0 292.0091781222227
621222.0 289.90171505503247
623296.0 287.74499633811723
625377.0 285.65593161327945
627465.0 283.521233963255
629560.0 281.3975364959647
631661.0 279.2869538769096
633770.0 277.1276888807253
635886.0 275.037017375332
638009.0 272.90178929682037
640139.0 270.7777497543272
642276.0 268.60978219232845
644420.0 266.5082038575311
646572.0 264.36256943889435
648731.0 262.266573345134
650896.0 260.21459010814146
653069.0 258.1454026614301
655250.0 256.1096321620673
657437.0 254.01986044528866
659632.0 251.99452926001624
661834.0 249.9265281956296
664044.0 247.86925629981735
666261.0 245.82304980047215
668485.0 243.73493459890872
670717.0 241.68624471748845
672956.0 239.64449847498025
675203.0 237.57995670676974
677457.0 235.54539505177277
679719.0 233.51225065535868
681988.0 231.49021729243128
684265.0 229.4783764635645
686549.0 227.47862710666047
688841.0 225.48898914128964
691141.0 223.5249089433109
693448.0 221.5928460411716
695763.0 219.63506688803324
698086.0 217.68777756067288
700417.0 215.75094083842055
702755.0 213.82290690448338
705101.0 211.8561565661504
707455.0 209.9536444199228
709817.0 208.00883970872798
712187.0 206.12430085632883
714565.0 204.20046119224062
716950.0 202.28740867522217
719344.0 200.3845319744999
721745.0 198.49235927569262
724155.0 196.61028777444315
726573.0 194.78725444199875
728998.0 192.9744617956027
731432.0 191.12296403947286
733874.0 189.32989683747368
736324.0 187.54668546111546
738782.0 185.72539769339167
741249.0 183.9616885452602
743723.0 182.16039143901196
746206.0 180.41627877489688
748698.0 178.634329008257
751197.0 176.86255403534545
753705.0 175.1473811791196
756221.0 173.3949626881691
758746.0 171.65213026947538
761279.0 169.92411627628007
763821.0 168.18506072844485
766371.0 166.48168139104078
768929.0 164.82350082226154
771496.0 163.17441258659633
774072.0 161.53437484626588
776656.0 159.9035873350071
779249.0 158.25022641779273
781851.0 156.66892342456657
784461.0 155.02007781788063
787080.0 153.42537810842768
789707.0 151.83971216516073
792344.0 150.2626643840591
794989.0 148.69458260034443
797643.0 147.13524033666295
800306.0 145.58460325473837
802978.0 144.02815771711883
805659.0 142.46539005709025
808349.0 140.9404620876957
811047.0 139.42496264058153
813755.0 137.9174747601382
816472.0 136.46181798351702
819198.0 135.01433381841272
821933.0 133.57498849863956
824677.0 132.14374817227224
827430.0 130.67781784654088
830192.0 129.26282789722674
832964.0 127.85568693365741
835745.0 126.4565186886382
838535.0 125.06528888104232
841334.0 123.68196318683412
844143.0 122.30636057286097
846961.0 120.93860098734271
849789.0 119.57850388965484
852626.0 118.22618129926545
855472.0 116.88159854565566
858329.0 115.58566828306039
861194.0 114.25620045116919
864069.0 112.97518472890421
866954.0 111.7421884895281
869848.0 110.47555191879943
872752.0 109.21014532737821
875666.0 107.96369746856146
878589.0 106.71854498553385
881523.0 105.51440623795908
884466.0 104.00925561116578
887418.0 103.07497920157095
890381.0 101.88773767723555
893354.0 100.7081553442885
896336.0 99.51345119649207
899329.0 98.35607569939032
902331.0 97.20540867337485
905344.0 96.06120548894623
908366.0 94.92365240353487
911399.0 93.79251113646579
914441.0 92.70665363413882
917494.0 91.58833461305265
920557.0 90.51488574808303
923631.0 89.44749135022421
926714.0 88.40525330996708
929808.0 87.33115256067981
932912.0 86.28205930392878
936027.0 85.23892229827912
939152.0 84.2018085872936
942287.0 83.20824009582424
945433.0 82.18288038544725
948589.0 81.19163483017839
951756.0 80.18706199027434
954934.0 79.21622161897248
958122.0 78.2140761302626
961321.0 77.25450042833289
964530.0 76.30049828789664
967750.0 75.38852741060363
970981.0 74.44532222165275
974223.0 73.543861320837
977475.0 72.6476370266051
980738.0 71.75655029757635
984013.0 70.83455484390761
987298.0 69.95380383399947
990594.0 69.07812728145836
993901.0 68.243102682105
997219.0 67.37739233255043
1000550.0 66.51655950237003
1003890.0 65.66085070647081
1007240.0 64.84530102596928
1010600.0 63.99951396651316
1013980.0 63.207283575227
1017360.0 62.39180624455631
1020760.0 61.594730979041195
1024170.0 60.80235428782532
1027590.0 60.049084331527155
1031020.0 59.30023660598816
1034460.0 58.5212966859553
1037910.0 57.77705796248367
1041380.0 57.04548033470691
1044850.0 56.31422088845793
1048340.0 55.586741972693645
1051840.0 54.86356904338804
1055350.0 54.143472887030796
1058880.0 53.46296183120879
1062410.0 52.75247071775963
1065960.0 52.07890126008198
1069520.0 51.37624072352234
1073090.0 50.7107420198695
1076670.0 50.04919179468352
1080270.0 49.39111194372423
1083870.0 48.73740364073218
1087490.0 48.11967432878865
1091120.0 47.47318152232054
1094760.0 46.86286746474863
1098420.0 46.25575622146543
1102090.0 45.65226316530945
1105770.0 45.05236864670584
1109460.0 44.456053075442036
1113160.0 43.87774320936529
1116880.0 43.269163193206204
1120610.0 42.71919698108305
1124350.0 42.1365360422659
1128100.0 41.58873420204536
1131870.0 41.01257659880731
1135650.0 40.47104546091063
1139440.0 39.93275603093535
1143240.0 39.39769102693473
1147060.0 38.8654935638735
1150890.0 38.36723890696558
1154730.0 37.84010189061759
1158580.0 37.349105702826925
1162450.0 36.82907965325399
1166330.0 36.342529288215594
1170230.0 35.858592524599494
1174130.0 35.37787065474986
1178050.0 34.89973924468319
1181990.0 34.42419678892088
1185930.0 33.98164874143462
1189890.0 33.511732376326535
1193860.0 33.07050556607157
1197850.0 32.60967075638525
1201850.0 32.177305358346835
1205860.0 31.71820360352203
1209890.0 31.290872170424024
1213930.0 30.866123798901953
1217980.0 30.47124983154332
1222050.0 30.053022470099776
1226130.0 29.664455014189812
1230220.0 29.249466406855387
1234330.0 28.865425518320386
1238450.0 28.46941895700439
1242580.0 28.084354867435366
1246730.0 27.701397604613234
1250890.0 27.326420033831493
1255070.0 26.9534987503879
1259260.0 26.58565187392929
1263460.0 26.22283764851488
1267680.0 25.864810609626193
1271910.0 25.508958787830313
1276160.0 25.1578443205392
1280420.0 24.81439356149624
1284690.0 24.475784177067048
1288980.0 24.144533588188462
1293290.0 23.813840191895096
1297600.0 23.49043374205494
1301940.0 23.167714680251915
1306280.0 22.852385949848124
1310640.0 22.536102063324808
1315020.0 22.22695871856562
1319410.0 21.917972104999052
1323820.0 21.616828816428146
1328230.0 21.315967077362977
1332670.0 21.019278405817875
1337120.0 20.724405108393384
1341580.0 20.436610355023245
1346060.0 20.147794826083135
1350560.0 19.865840868385202
1355060.0 19.585759587145546
1359590.0 19.309708738674118
1364130.0 19.035237657245595
1368680.0 18.765262971960723
1373250.0 18.49669457397673
1377840.0 18.23221107280534
1382440.0 17.97191325475831
1387050.0 17.711505165282837
1391680.0 17.45597829540856
1396330.0 17.202735822547723
1400990.0 16.951053432245722
1405670.0 16.703319244941945
1410360.0 16.45962120282982
1415070.0 16.21480900211203
1419790.0 15.976492685013929
1424530.0 15.739534670307524
1429290.0 15.50393139148139
1434060.0 15.272252940057886
1438850.0 15.041901521290201
1443650.0 14.815426962663475
1448470.0 14.59025196857915
1453310.0 14.368296206817273
1458160.0 14.151162470581307
1463030.0 13.934770003680855
1467910.0 13.7197199071248
1472810.0 13.508313847204775
1477730.0 13.300523643073644
1482660.0 13.094025207270379
1487610.0 12.891099426555694
1492580.0 12.689182637045485
1497560.0 12.490920112676427
1502560.0 12.294239082061
1507580.0 12.100751044270146
1512610.0 11.910807693384214
1517660.0 11.721945443963786
1522730.0 11.536554824152343
1527810.0 11.354612843898098
1532910.0 11.173730987340816
1538030.0 10.99850669088806
1543160.0 10.822082185716893
1548320.0 10.651190840225963
1553480.0 10.480689982197088
1558670.0 10.312604152126001
1563870.0 10.147091732608052
1569100.0 9.984740398958005
1574330.0 9.82346774543738
1579590.0 9.665319460022804
1584860.0 9.508160947643786
1590150.0 9.354151577745167
1595460.0 9.2032658174922
1600790.0 9.053267967653019
1606130.0 8.906413153461711
1611500.0 8.762564110736191
1616880.0 8.621805544933855
1622270.0 8.481928307174103
1627690.0 8.34499744935114
1633120.0 8.21109173880393
1638580.0 8.07792563240549
1644050.0 7.947747820146125
1649540.0 7.818338582076294
1655040.0 7.689741423770735
1660570.0 7.566120924819796
1666110.0 7.441152759545747
1671670.0 7.3211563829487725
1677260.0 7.199721426362597
1682860.0 7.083254040456438
1688470.0 6.96542245471937
1694110.0 6.851781684071867
1699770.0 6.738020615626833
1705440.0 6.628484024438363
1711130.0 6.521664902812896
1716850.0 6.41527274122357
1722580.0 6.311941382110078
1728330.0 6.2090554671969045
1734100.0 6.106781434518909
1739890.0 6.007150287652733
1745700.0 5.9081123576345
1751530.0 5.8116851835325205
1757370.0 5.715865274251024
1763240.0 5.622591106463135
1769130.0 5.529873399981683
1775030.0 5.439717951225954
1780960.0 5.3481144319219265
1786910.0 5.261004539338932
1792870.0 5.1724705004003955
1798860.0 5.088372139870074
1804860.0 5.00480426681322
1810890.0 4.921524095837498
1816930.0 4.842193300798031
1823000.0 4.762858655508753
1829090.0 4.683165634047242
1835190.0 4.607832369547539
1841320.0 4.531002848834712
1847470.0 4.456550105095415
1853630.0 4.382567761857846
1859820.0 4.31090842996416
1866030.0 4.239679079314754
1872260.0 4.168877713849141
1878510.0 4.098502336981168
1884780.0 4.030428187695926
1891080.0 3.9646135715712894
1897390.0 3.897350701671655
1903720.0 3.8323520483689846
1910080.0 3.769577406835817
1916460.0 3.7071807316494536
1922850.0 3.6451791648119634
1929270.0 3.585366541513633
1935710.0 3.525914242336574
1942180.0 3.4686244256074126
1948660.0 3.409881835785183
1955170.0 3.352753011166595
1961690.0 3.2970507045529853
1968240.0 3.2429353657413666
1974810.0 3.1891467089354664
1981410.0 3.135667287577487
1988020.0 3.0825274537360476
1994660.0 3.0314680772915676
2001320.0 2.980717727207802
2008000.0 2.930274844910984
2014700.0 2.8801378742969965
2021430.0 2.832041594748017
2028180.0 2.785981561840759
2034950.0 2.738461460956197
2041740.0 2.693359897108932
2048560.0 2.647727495157424
2055400.0 2.6048324878008846
2062260.0 2.559795226644438
2069150.0 2.5170720956863817
2076050.0 2.47462062545661
2082990.0 2.434102300164977
2089940.0 2.3921486613319907
2096920.0 2.352122304623268
2103920.0 2.3120004434350294
2110940.0 2.2728125752562556
2117990.0 2.235177577378675
2125060.0 2.1977716098937043
2132150.0 2.160593446603359
2139270.0 2.123631926610491
2146410.0 2.088544619153756
2153580.0 2.05201842337237
2160770.0 2.018990877372887
2167980.0 1.9845321136908474
2175220.0 1.9502748645229708
2182480.0 1.9178485155332612
2189770.0 1.8856113498469733
2197080.0 1.8535712413420455
2204420.0 1.8217188377446933
2211780.0 1.7916613569523565
2219160.0 1.7613213390509495
2226570.0 1.7304990232931536
2234000.0 1.7009868068158374
2241460.0 1.6716478734004387
2248940.0 1.644062241365985
2256450.0 1.6150699787649538
2263980.0 1.58781886256782
2271540.0 1.560727807288621
2279130.0 1.5347277448375294
2286740.0 1.5087323567013982
2294370.0 1.483050698486516
2302030.0 1.457827686488726
2309710.0 1.4330659443935843
2317430.0 1.4085966928373068
2325160.0 1.3845883127624676
2332930.0 1.3608673668626807
2340710.0 1.3376005088247978
2348530.0 1.3147667278927577
2356370.0 1.292073536948137
2364240.0 1.2699637052389465
2372130.0 1.2481392160192326
2380050.0 1.22659262816995
2387990.0 1.2054752013670937
2395970.0 1.1847733083108252
2403970.0 1.164493532314685
2411990.0 1.1446321775189472
2420040.0 1.125040279380129
2428120.0 1.105844989128884
2436230.0 1.0868868004410526
2444360.0 1.0682454276688234
2452520.0 1.0498314762980088
2460710.0 1.0318150216243396
2468930.0 1.0140489003078252
2477170.0 0.9965354736137397
2485440.0 0.9794110672036681
2493740.0 0.9623886637002225
2502060.0 0.9457544605345455
2510420.0 0.9293566505363685
2518800.0 0.9132009121641768
2527210.0 0.8974216738786693
2535640.0 0.8818796898526803
2544110.0 0.8667052293640422
2552600.0 0.8517634112417329
2561120.0 0.8371871529840346
2569670.0 0.8226979492771879
2578250.0 0.8084326714604578
2586860.0 0.7945263627243401
2595500.0 0.7808396133000338
2604160.0 0.7672377909226663
2612860.0 0.7539854224348301
2621580.0 0.7408153617728884
2630330.0 0.7279933534325472
2639110.0 0.7153823053996423
2647920.0 0.7028469270318162
2656760.0 0.6906532429196726
2665630.0 0.6785327988679113
2674530.0 0.666617565360877
2683460.0 0.6550377518156212
2692420.0 0.6436589951400008
2701410.0 0.632610649073218
2710430.0 0.6216287140161975
2719480.0 0.610842997671592
2728560.0 0.6002519032347314
2737670.0 0.5897246018959057
2746810.0 0.5795184247417607
2755980.0 0.5693737464195919
2765180.0 0.5594106907899323
2774410.0 0.5496503466365491
2783670.0 0.5400685157988546
2792960.0 0.5305445235648513
2802290.0 0.5213287617133633
2811640.0 0.5121705191397109
2821030.0 0.5031912738840791
2830450.0 0.49426636764346
2839900.0 0.4856447187710852
2849380.0 0.47719940870812316
2858890.0 0.46880518856321834
2868440.0 0.46070690544000276
2878010.0 0.45263586324242777
2887620.0 0.4447812503961705
2897260.0 0.4369509806825393
2906930.0 0.42928998536074
2916640.0 0.4217953165398834
2926380.0 0.4143461191347094
2936150.0 0.4070626902572599
2945950.0 0.39994360314650607
2955780.0 0.39286773622530957
2965650.0 0.38595287875366774
2975550.0 0.3791989817602653
2985490.0 0.3724848871815071
2995450.0 0.3658129100757075
3005450.0 0.3594158255008019
3015490.0 0.3531738197844017
3025560.0 0.3469698009267483
3035660.0 0.34080357482795365
3045790.0 0.3349072800957561
3055960.0 0.32904576947253816
3066160.0 0.32321998027230886
3076400.0 0.31754370613423505
3086670.0 0.31190198544788816
3096970.0 0.306409116341382
3107310.0 0.30106257807741577
3117690.0 0.2957477100961023
3128100.0 0.29046532934991914
3138540.0 0.2853054508744203
3149020.0 0.2802875065860388
3159530.0 0.275369577809578
3170080.0 0.2704351298991902
3180660.0 0.2656421525124118
3191280.0 0.26098855595077947
3201930.0 0.25636342743685747
3212620.0 0.25187596324574524
3223350.0 0.24741519389021144
3234110.0 0.24309117228995092
3244910.0 0.23879288399471585
3255740.0 0.23452095167043543
3266610.0 0.23038283939183044
3277520.0 0.22637736721201823
3288460.0 0.22228885032275456
3299440.0 0.21833202249462205
3310450.0 0.21450640670885537
3321500.0 0.2107036019410833
3332590.0 0.20692353202922836
3343720.0 0.20327192204145006
3354880.0 0.19964275584569005
3366080.0 0.19603532485702654
3377320.0 0.19262973318571808
3388600.0 0.18919855845788242
3399910.0 0.18586344002160776
3411260.0 0.18254829649196894
3422650.0 0.1793564206751152
3434080.0 0.17618366623846035
3445540.0 0.17303045557116187
3457040.0 0.1699985319477924
3468580.0 0.16698478745130296
3480160.0 0.16398914511581833
3491780.0 0.16111285658049102
3503440.0 0.15825384120606945
3515140.0 0.15541202472451118
3526870.0 0.15268808590915398
3538650.0 0.14988010024753112
3550460.0 0.14724117851385166
3562310.0 0.14461376035314344
3574210.0 0.14205345168599712
3586140.0 0.1395089679970636
3598110.0 0.13707816917101665
3610120.0 0.13466199795543185
3622180.0 0.1322600237736844
3634270.0 0.1298729191189055
3646400.0 0.12759727744089208
3658580.0 0.12533501281649104
3670790.0 0.12308675515493313
3683050.0 0.12094783034733361
3695340.0 0.11872638657367178
3707680.0 0.11669358190536082
3720060.0 0.11460856451739247
3732480.0 0.1125209011784982
3744940.0 0.11054038455826098
3757440.0 0.10857184741080907
3769980.0 0.10661523321686774
3782570.0 0.10467020875911491
3795200.0 0.10283023398228254
3807870.0 0.10100140405873943
3820580.0 0.09927627396293248
3833340.0 0.09746901117867383
3846130.0 0.09576498706142789
3858980.0 0.0940707959349008
3871860.0 0.09238713447985136
3884780.0 0.0907410268520666
3897750.0 0.08913192160173548
3910770.0 0.08754141776883917
3923820.0 0.08598245322699442
3936920.0 0.08444353632952917
3950070.0 0.08294423200741088
3963250.0 0.08145426052859621
3976490.0 0.079999652691529
3989760.0 0.07857184476854545
4003080.0 0.07717905543059332
4016450.0 0.07581217906446783
4029850.0 0.07447137824625291
4043310.0 0.07315588074461164
4056810.0 0.07185712581378224
4070350.0 0.0705836777016126
4083940.0 0.06932648870292539
4097570.0 0.06810287888343748
4111250.0 0.06688656893742947
4124980.0 0.06570326282161915
4138750.0 0.06453573074112505
4152570.0 0.0633837039412474
4166430.0 0.06225570409152539
4180340.0 0.06114291676417186
4194300.0 0.060053666101671
4208300.0 0.05898789686832109
4222350.0 0.057928509247816486
4236450.0 0.056908884302947584
4250590.0 0.05590382192255301
4264780.0 0.05491307685706932
4279020.0 0.05394481001011751
4293300.0 0.05299071383807591
4307640.0 0.052050432323278044
4322020.0 0.05113229010080907
4336450.0 0.050227817326482176
4350930.0 0.04933690916900948
4365450.0 0.04845957226771678
4380030.0 0.047603556345026506
4394650.0 0.04676084599583762
4409320.0 0.04593122762553556
4424040.0 0.04511459912490901
4438810.0 0.044310858866948036
4453630.0 0.04351990569439577
4468500.0 0.04274955696750604
4483420.0 0.04199174175102644
4498380.0 0.04125431775214403
4513400.0 0.04052908289956787
4528470.0 0.03981993925853266
4543590.0 0.03911506934148222
4558760.0 0.03842609573449815
4573980.0 0.03774901513615137
4589250.0 0.03708373134931064
4604570.0 0.036430148689908744
4619940.0 0.03578817196584368
4635370.0 0.03515763066304645
4650840.0 0.034538583886301995
4666370.0 0.03392320552214112
4681950.0 0.033326667987478124
4697580.0 0.03273373903490579
4713260.0 0.032159415360839154
4729000.0 0.031588499528793564
4744780.0 0.031036024022343595
4760620.0 0.03049425908089812
4776520.0 0.02995571111827753
4792460.0 0.029435256730794036
4808460.0 0.02891789214705902
4824520.0 0.028410939669718638
4840620.0 0.027914429856744305
4856780.0 0.0274281581552831
4873000.0 0.026944779939498335
4889270.0 0.026478811523992712
4905590.0 0.026008456314955134
4921970.0 0.025555286027624045
4938400.0 0.025104867803341212
4954890.0 0.024671419690788385
4971430.0 0.024233486244043485
4988030.0 0.023809137185910986
5004680.0 0.023393788864295776
5021390.0 0.02298476764430774
5038150.0 0.022585258351862533
5054970.0 0.022195134315325174
5071850.0 0.021807339903550813
5088780.0 0.021428860640512346
5105770.0 0.021059573735429903
5122820.0 0.02069249400370606
5139920.0 0.020334535613177662
5157080.0 0.019985579480291196
5174290.0 0.019638748149708677
5191570.0 0.01929709119886891
5208900.0 0.01896485508833515
5226290.0 0.018630952630501067
5243740.0 0.018312550343109312
5261250.0 0.017989329970380684
5278810.0 0.01768149174469895
5296430.0 0.017375497949068494
5314120.0 0.01707130846359393
5331860.0 0.016782252058219666
5349660.0 0.016494927749749408
5367520.0 0.01620932794804519
5385440.0 0.015932014924461915
5403420.0 0.01566291548274906
5421460.0 0.0153889043394732
5439560.0 0.015129553026194849
5457720.0 0.014871758456406764
5475940.0 0.01461551362900273
5494220.0 0.014367251339844636
5512560.0 0.014120481876989893
5530970.0 0.013875173347644152
5549430.0 0.013637745365909058
5567960.0 0.013408077784641297
5586550.0 0.013179792232699546
5605200.0 0.012952882296585748
5623910.0 0.012733632860507518
5642690.0 0.012515682150231532
5661530.0 0.0123052965584464
5680430.0 0.012096178770299773
5699390.0 0.011894530765630032
5718420.0 0.011694076795421523
5737510.0 0.011494832350030685
5756660.0 0.011302937860719946
5775880.0 0.011112181175741429
5795170.0 0.010922557880681798
5814510.0 0.010740185549247895
5833930.0 0.010558877600952365
5853400.0 0.010378684074635674
5872940.0 0.010205588285859626
5892550.0 0.01003352131216913
5912220.0 0.009869258207656776
5931960.0 0.009698454558839376
5951770.0 0.009541334158805407
5971630.0 0.009379252660114263
5991570.0 0.009224027842385274
6011570.0 0.009069742253102359
6031640.0 0.008922242400720549
6051780.0 0.008775619383269321
6071990.0 0.008629869552496451
6092260.0 0.008489692269606674
6112600.0 0.008346790385456746
6133000.0 0.008209414062194938
6153480.0 0.008072843655417779
6174020.0 0.007942832923433672
6194630.0 0.007807884392549366
6215320.0 0.007679424751069319
6236070.0 0.00755741859432804
6256880.0 0.007430495506183436
6277770.0 0.007309956856088088
6298730.0 0.0071901378559711205
6319760.0 0.0070710353157803245
6340860.0 0.006958226028152376
6362030.0 0.00684608969754693
6383270.0 0.0067346233175313835
6404580.0 0.006623823883077646
6425960.0 0.006519194438064696
6447410.0 0.006415189270224714
6468940.0 0.006311795783274053
6490540.0 0.006209021279549341
6512200.0 0.0061068722915335215
6533950.0 0.006010732901518409
6555760.0 0.005915177318376903
6577650.0 0.005820184625018542
6599610.0 0.00572576136713618
6621640.0 0.005637248224623413
6643750.0 0.005543929695052875
6665930.0 0.005456480831547526
6688180.0 0.005370084807140222
6710510.0 0.0052884167918406276
6732910.0 0.005203032319929677
6755390.0 0.0051212960283346185
6777940.0 0.005040571878652662
6800570.0 0.004961885564160717
6823280.0 0.0048841824813004855
6846060.0 0.004807462591474811
6868910.0 0.004732233563762135
6891840.0 0.004658476091820526
6914850.0 0.00458617810658635
6937940.0 0.004514817602152055
6961100.0 0.004444394104732664
6984340.0 0.004375400728821583
7007660.0 0.004307825608880052
7031050.0 0.004241159750586722
7054530.0 0.004175885808677034
7078080.0 0.004112003710202914
7101710.0 0.0040494967614648145
7125420.0 0.003987855866778772
7149210.0 0.00392707480520181
7173070.0 0.0038676457001025127
7197020.0 0.003809054635671925
7221050.0 0.0037513006590543644
7245160.0 0.003694865704857995
7269340.0 0.0036387700666571355
7293610.0 0.0035839723777365477
7317960.0 0.0035304665606718834
7342390.0 0.0034772777537106533
7366910.0 0.0034253604422891243
7391500.0 0.0033742343135237415
7416180.0 0.0033238839907271406
7440940.0 0.0032743079788972
7465780.0 0.003225500164494138
7490700.0 0.00317792681368903
7515710.0 0.0031315729995124108
7540800.0 0.003085493931223293
7565980.0 0.003040619605736923
7591240.0 0.0029960114047502713
7616580.0 0.002952597158753811
7642010.0 0.0029094365647498416
7667520.0 0.002867455257578514
7693120.0 0.0028257193116697625
7718810.0 0.0027851445143198482
7744570.0 0.002744814096805847
7770430.0 0.002705626953325054
7796370.0 0.0026666724113516577
7822400.0 0.002628398306152045
7848520.0 0.002590799184303244
7874720.0 0.002553872861450509
7901010.0 0.002517610579293931
7927390.0 0.0024820069672137762
7953850.0 0.0024470597557894893
7980410.0 0.002412757420601391
8007050.0 0.0023791007720554737
8033780.0 0.0023460814720370642
8060600.0 0.002313255338306958
8087510.0 0.00228105903258485
8114510.0 0.002249487359228748
8141600.0 0.002218535150842828
8168780.0 0.002187764134172425
8196060.0 0.002158034272551878
8223420.0 0.0021280506992619264
8250870.0 0.002099100742394332
8278420.0 0.0020703177667975177
8306060.0 0.002042129583662582
8333790.0 0.0020145311885625705
8361610.0 0.001987094458864417
8389520.0 0.001960240407981365
8417530.0 0.0019343821374029923
8445640.0 0.0019082538521682482
8473830.0 0.001883116230925348
8502120.0 0.0018581234517645274
8530510.0 0.0018336897200659785
8558990.0 0.0018093990559778692
8587560.0 0.0017856628122444678
8616230.0 0.0017620635309468504
8645000.0 0.001739009942467784
8673860.0 0.0017160914807561388
8702810.0 0.0016937140684523601
8731870.0 0.0016718691861687723
8761020.0 0.0016501522713945785
8790270.0 0.001628963375742369
8819620.0 0.001607896795619135
8849060.0 0.0015873536581128653
8878600.0 0.0015669291089971242
8908250.0 0.0015470181005263002
8937990.0 0.0015276196753940062
8967830.0 0.001508333094063595
8997770.0 0.0014895511151595915
9027800.0 0.0014708790522055082
9057940.0 0.0014523131618316787
9088180.0 0.0014342439556359703
9118530.0 0.0014166655333658939
9148970.0 0.0013988032446430976
9179510.0 0.001381815264209469
9210160.0 0.0013645394838670373
9240910.0 0.001347746606242471
9271760.0 0.0013314323700183463
9302710.0 0.0013152122006372866
9333770.0 0.001299084291871311
9364930.0 0.0012834274759639195
9396200.0 0.0012678596617800696
9427570.0 0.0012527571385995443
9459040.0 0.0012377417035781746
9490620.0 0.0012231844841046233
9522300.0 0.0012087111279052275
9554090.0 0.0011943200055169094
9585990.0 0.0011803798927203018
9617990.0 0.0011665201229846256
9650100.0 0.0011527391330154
9682320.0 0.0011394020357671343
9714650.0 0.0011261406566768504
9747080.0 0.0011129558331133722
9779620.0 0.0011002078749877506
9812270.0 0.001087532276569493
9845030.0 0.0010749287435365413
9877900.0 0.001062755170896274
9910870.0 0.0010506517470969985
9943960.0 0.001038616050236139
9977160.0 0.0010270034978541983
10010500.0 0.0010154537713796344
10043900.0 0.0010039747247723163
10077400.0 0.0009929130211637344
10111100.0 0.0009819051953605606
10144800.0 0.0009709705036750937
10178700.0 0.0009600893542943613
10212700.0 0.0009496175970586305
10246800.0 0.0009392061677736965
10281000.0 0.0009288547696144686
10315300.0 0.0009189061098037963
10349700.0 0.0009086727465008759
10384300.0 0.0008988306031714093
10419000.0 0.0008890452947369693
10453700.0 0.0008796634139307876
10488600.0 0.0008703270144146132
10523700.0 0.0008610361770641456
10558800.0 0.0008518071096858344
10594000.0 0.0008429652238043571
10629400.0 0.0008338333375075145
10664900.0 0.0008250861004297392
10700500.0 0.0008167199294701749
10736200.0 0.0008080721562195687
10772100.0 0.0007997953175300261
10808000.0 0.0007912460975029887
10844100.0 0.0007830653238325874
10880300.0 0.0007752569061628387
10916600.0 0.0007671691350384322
10953100.0 0.0007594441407009085
10989700.0 0.0007517636203899898
11026300.0 0.0007441340888627009
11063200.0 0.0007365350663022949
11100100.0 0.000728986566836558
11137200.0 0.0007217928219982863
11174300.0 0.0007146468450138241
11211600.0 0.0007075355405878567
11249100.0 0.0007004589428017933
11286600.0 0.0006934293693484746
11324300.0 0.0006867466711668926
11362100.0 0.0006801023346478199
11400000.0 0.0006734961530446267
11438100.0 0.0006669220898972446
11476300.0 0.0006603776728173659
11514600.0 0.0006538874454990645
11553000.0 0.0006477327074993673
11591600.0 0.0006413024418564561
11630300.0 0.000635213620871341
11669100.0 0.0006291597956734432
11708100.0 0.000623135450246224
11747200.0 0.000617145852790523
11786400.0 0.0006114910009237261
11825800.0 0.0006055642014661673
11865200.0 0.0005999749611151394
11904800.0 0.0005944127315945064
11944600.0 0.0005888775230657245
11984500.0 0.0005833742120248622
12024500.0 0.0005781968647783109
12064600.0 0.000572755829660984
12104900.0 0.0005676337631077142
12145300.0 0.0005622497361978441
12185900.0 0.0005571826196370145
12226500.0 0.0005521491550883356
12267400.0 0.0005471356284362254
12308300.0 0.0005421554212904764
12349400.0 0.0005371995024422715
12390600.0 0.0005325577193278242
12432000.0 0.0005276536071615617
12473500.0 0.0005230615135618283
12515200.0 0.0005182088785271239
12556900.0 0.0005136702451818195
12598900.0 0.0005091495326500346
12640900.0 0.0005046588609690471
12683100.0 0.0005001900437860408
12725500.0 0.0004960211128139228
12768000.0 0.0004915989050620834
12810600.0 0.0004874784280316066
12853300.0 0.00048310622943997317
12896300.0 0.0004790262035754306
12939300.0 0.0004746998509523013
12982500.0 0.000470667445529542
13025900.0 0.0004666546223741413
13069300.0 0.00046266845017654704
13113000.0 0.00045869817049794416
13156800.0 0.0004550197328863
13200700.0 0.0004510942567806968
13244700.0 0.00044719142670897604
13289000.0 0.00044357068287831836
13333300.0 0.0004397086349332384
13377800.0 0.00043613013007028637
13422500.0 0.00043256890813867644
13467300.0 0.0004290281413844402
13512300.0 0.00042524270386443694
13557400.0 0.00042174027035339775
13602700.0 0.00041825490970616506
13648100.0 0.00041504889012327424
13693600.0 0.0004116027396934878
13739300.0 0.0004081734728291856
13785200.0 0.00040476107087436644
13831200.0 0.0004016242274554717
13877400.0 0.0003982474767433236
13923700.0 0.00039514441091972646
13970200.0 0.0003918030348052612
14016900.0 0.00038873070774576813
14063700.0 0.0003856760424331331
14110600.0 0.0003826389283283651
14157700.0 0.00037961657349960983
14205000.0 0.0003766089592917142
14252400.0 0.0003736186867364217
14300000.0 0.00037064305419199663
14347700.0 0.0003676846030408307
14395600.0 0.0003647406904298745
14443700.0 0.00036181129400746873
14491900.0 0.00035914301595711836
14540300.0 0.00035624418870672123
14588800.0 0.00035360470105461875
14637500.0 0.000350736189266417
14686400.0 0.0003481228794041062
14735400.0 0.00034528445537426993
14784600.0 0.0003426995285239576
14834000.0 0.00034012716318233566
14883500.0 0.00033733188069260057
14933200.0 0.00033478758307126306
14983100.0 0.0003322557297722934
15033100.0 0.00032973849132798393
15083300.0 0.00032723360293928906
15133600.0 0.00032474318684553867
15184200.0 0.0003222629036549247
15234900.0 0.0003197969970862016
15285700.0 0.0003175768425214382
15336700.0 0.00031513658289993366
15387900.0 0.0003127084347916906
15439300.0 0.00031029237183685123
15490900.0 0.0003081167709637318
15542600.0 0.00030572600337728015
15594500.0 0.00030357408387015234
15646500.0 0.0003012083816625273
15698800.0 0.00029907801985134446
15751200.0 0.0002967352906960695
15803800.0 0.0002946282530259484
15856500.0 0.000292533349700819
15909500.0 0.00029022445408722334
15962600.0 0.0002881507415245782
16015900.0 0.000286087207195813
16069300.0 0.0002840355943594801
16123000.0 0.00028199232472294136
16176800.0 0.00027996089009748465
16230800.0 0.00027772150629040243
16285000.0 0.00027571085664273296
16339400.0 0.00027371019602368305
16393900.0 0.00027193697847635774
16448700.0 0.0002699554802892421
16503600.0 0.00026798551747361614
16558700.0 0.00026602540439294657
16614000.0 0.00026407511385694087
16669400.0 0.000262136190878171
16725100.0 0.00026041699462972924
16780900.0 0.0002584968241179477
16836900.0 0.00025658633327988253
16893100.0 0.00025489493891107067
16949500.0 0.0002530030250178027
17006100.0 0.00025112070683812776
17062900.0 0.00024945531597712434
17119900.0 0.0002475914106808071
17177000.0 0.00024594442864575735
17234400.0 0.0002440988100707935
17291900.0 0.00024246865826032575
17349600.0 0.0002408465354801843
17407600.0 0.00023902778867336972
17465700.0 0.00023742234175016342
17524000.0 0.00023582484907605248
17582500.0 0.00023403405306753446
17641200.0 0.0002324530643786509
17700100.0 0.00023087995327298748
17759200.0 0.00022931469451842277
17818500.0 0.00022775726266834702
17878000.0 0.00022600972531169
17937600.0 0.00022446978033819443
17997500.0 0.0002229363186257202
18057600.0 0.00022141057823255698
18117900.0 0.00021989253284717653
18178400.0 0.00021838215599862012
18239100.0 0.00021687942104263767
18300000.0 0.0002153843012254671
18361100.0 0.00021389676942841404
18422400.0 0.00021241679918513503
18483900.0 0.00021094436272124073
18545600.0 0.00020967021552011176
18607500.0 0.00020821213027534665
18669600.0 0.00020676149888594603
18731900.0 0.00020531829368389867
18794500.0 0.00020388140207580862
18857200.0 0.00020264060704780568
18920200.0 0.00020121783711514048
18983300.0 0.00019980345819726087
19046700.0 0.00019839532595745607
19110300.0 0.00019717962040802228
19174100.0 0.00019578540672861118
19238100.0 0.00019458233466290495
19302300.0 0.00019320193345372748
19366800.0 0.0001918277127728554
19431400.0 0.0001906437206665675
19496300.0 0.0001892831799927898
19561400.0 0.0001881106213501206
19626700.0 0.00018676366260305286
19692200.0 0.00018560342793339372
19758000.0 0.00018426900964625464
19823900.0 0.00018312100745479732
19890100.0 0.00018179998135140672
19956500.0 0.00018066320529771537
20023200.0 0.00017953127893264136
20090000.0 0.00017822986431420727
20157100.0 0.0001771099722790647
20224400.0 0.00017582082496037023
20291900.0 0.0001747128726652625
20359600.0 0.00017357580471785404
20427600.0 0.0001724264205868358
20495800.0 0.00017128299186299989
20564200.0 0.0001701454926729713
20632900.0 0.0001690302261936293
20701800.0 0.00016792073964531435
20770900.0 0.0001667999732386671
20840200.0 0.00016570202677784678
20909800.0 0.00016462591753979038
20979600.0 0.00016353852432296907
21049600.0 0.00016247360792403682
21119900.0 0.00016139670509918491
21190400.0 0.0001603421315713595
21261200.0 0.00015929230418204046
21332200.0 0.00015824796180677464
21403400.0 0.00015720907911984813
21474800.0 0.00015619210679578902
21546500.0 0.00015516329281095803
21618500.0 0.00015415553069100048
21690600.0 0.00015315375285062036
21763100.0 0.00015215581618766418
21835700.0 0.0001511638140897549
21908600.0 0.00015017633017927053
21981700.0 0.00014921013466732082
22055100.0 0.00014823228503232222
22128800.0 0.00014727491503476316
22202600.0 0.00014632324187375192
22276800.0 0.00014537526397798966
22351100.0 0.00014443293400072453
22425800.0 0.00014349428881271247
22500600.0 0.00014256124249880712
22575700.0 0.0001416481695666742
22651100.0 0.00014072366695652304
22726700.0 0.0001398196368883482
22802600.0 0.00013891977367036062
22878700.0 0.0001380246744861941
22955100.0 0.00013713371797956141
23031800.0 0.00013624689774015882
23108700.0 0.00013536479286143887
23185800.0 0.00013448737928284951
23263200.0 0.00013362926796461547
23340900.0 0.00013277514123700353
23418800.0 0.000131910447342808
23497000.0 0.0001310648717931532
23575400.0 0.00013022380110037885
23654100.0 0.00012938666483839337
23733100.0 0.00012856836379785961
23812300.0 0.00012773956079407565
23891800.0 0.00012691465909402198
23971600.0 0.00012610841072742385
24051600.0 0.0001253064704653526
24131900.0 0.00012449363763500089
24212500.0 0.00012369927685488302
24293300.0 0.00012290917528731996
24374400.0 0.00012212280896400435
24455800.0 0.00012135463733658259
24537500.0 0.00012057566854547496
24619400.0 0.0001198008966281471
24701600.0 0.00011904414043668319
24784000.0 0.00011827717345558368
24866800.0 0.00011752762770419156
24949800.0 0.00011678212081508376
25033100.0 0.00011604016696228516
25116700.0 0.00011530175736681114
25200500.0 0.00011456733731222827
25284600.0 0.00011383643565457276
25369100.0 0.00011310859616528901
25453800.0 0.00011239860652661797
25538700.0 0.00011167859745533055
25624000.0 0.00011097543556886761
25709500.0 0.0001102623196500082
25795400.0 0.00010956594862751106
25881500.0 0.00010887335879930179
25967900.0 0.00010818411192020725
26054600.0 0.00010749819857093847
26141600.0 0.00010681560918323302
26228900.0 0.00010613633410331343
26316400.0 0.00010547420909620835
26404300.0 0.0001048014846368448
26492400.0 0.00010414579364248197
26580900.0 0.00010347958076612752
26669600.0 0.00010283028508426752
26758600.0 0.0001021709258454867
26848000.0 0.00010152760426772523
26937600.0 0.00010088780375500145
27027500.0 0.00010025113256799803
27117800.0 9.961721336289841e-05
27208300.0 9.898677432756347e-05
27299200.0 9.837203482691417e-05
27390300.0 9.77477441485326e-05
27481700.0 9.712653219983519e-05
27573500.0 9.65208704432169e-05
27665500.0 9.590574560100185e-05
27757900.0 9.530607165845273e-05
27850600.0 9.470935662779246e-05
27943500.0 9.411592712492935e-05
28036800.0 9.35124762231759e-05
28130400.0 9.292461519535468e-05
28224400.0 9.233934456906272e-05
28318600.0 9.176980558988417e-05
28413100.0 9.119062750967546e-05
28508000.0 9.06140178340335e-05
28603200.0 9.004028999146639e-05
28698700.0 8.948176197550936e-05
28794500.0 8.891372465845337e-05
28890600.0 8.836078394890701e-05
28987000.0 8.779839469505563e-05
29083800.0 8.725069927092927e-05
29180900.0 8.670574613984864e-05
29278300.0 8.616352479353604e-05
29376100.0 8.562373317217207e-05
29474200.0 8.50866577708409e-05
29572600.0 8.455228789148046e-05
29671300.0 8.40206128374452e-05
29770300.0 8.349162185513626e-05
29869700.0 8.296502646153315e-05
29969500.0 8.245262981142514e-05
30069500.0 8.19313227661783e-05
30169900.0 8.142411968574193e-05
30270600.0 8.090779070421329e-05
30371700.0 8.040547642160442e-05
30473100.0 7.990570853714619e-05
30574800.0 7.93969042466744e-05
30676900.0 7.890197858663376e-05
30779300.0 7.840957220753525e-05
30882100.0 7.79194220856248e-05
30985200.0 7.743177464510664e-05
31088600.0 7.694661910400091e-05
31192400.0 7.646369954282861e-05
31296500.0 7.598325502585366e-05
31401000.0 7.551630196550124e-05
31505900.0 7.504026348447773e-05
31611000.0 7.457810554609732e-05
31716600.0 7.410668652108312e-05
31822500.0 7.364882051431094e-05
31928700.0 7.318222258073652e-05
32035300.0 7.272885496840846e-05
32142200.0 7.227781995854457e-05
32249600.0 7.181769027591818e-05
32357200.0 7.137110880354742e-05
32465200.0 7.092661370433689e-05
32573600.0 7.048420060079117e-05
32682400.0 7.004386502049496e-05
32791500.0 6.960581467622815e-05
32901000.0 6.916982855874985e-05
33010800.0 6.874682846299736e-05
33121000.0 6.831512522213117e-05
33231600.0 6.788546805726831e-05
33342500.0 6.74686659940557e-05
33453800.0 6.70432493084945e-05
33565500.0 6.66304011360295e-05
33677600.0 6.620899907181952e-05
33790000.0 6.580028005652002e-05
33902800.0 6.538306337292267e-05
34016000.0 6.49782513196209e-05
34129600.0 6.457536778934149e-05
34243500.0 6.417459513401993e-05
34357900.0 6.377555160357628e-05
34472600.0 6.337860504891466e-05
34587600.0 6.298374493787658e-05
34703100.0 6.259060004487737e-05
34819000.0 6.219934887539078e-05
34935200.0 6.18101629474702e-05
35051900.0 6.142268124446008e-05
35168900.0 6.104731093972705e-05
35286300.0 6.0663715121161735e-05
35404100.0 6.0291975926556456e-05
35522300.0 5.991206710019211e-05
35640900.0 5.954393731024883e-05
35759900.0 5.916769318715566e-05
35879300.0 5.8803150723855894e-05
35999000.0 5.843071091209046e-05
36119200.0 5.806973178692173e-05
36239800.0 5.771051028502926e-05
36360800.0 5.735304077183737e-05
36482200.0 5.699731757505326e-05
36604000.0 5.6643334979144134e-05
36726200.0 5.629108723341805e-05
36848800.0 5.594056854842827e-05
36971800.0 5.5591773102025144e-05
37095300.0 5.524454610840092e-05
37219100.0 5.48991809510836e-05
37343400.0 5.4564849961667714e-05
37468000.0 5.4222859843354785e-05
37593100.0 5.388242010270745e-05
37718600.0 5.355305126890454e-05
37844500.0 5.32159551378494e-05
37970900.0 5.288971624791445e-05
38097700.0 5.255580314130131e-05
38224800.0 5.223295174522069e-05
38352500.0 5.190220268821839e-05
38480500.0 5.158244152581833e-05
38609000.0 5.1264136697126914e-05
38737900.0 5.094741755088669e-05
38867200.0 5.063227809013759e-05
38997000.0 5.0309510317606656e-05
39127100.0 4.999754355757495e-05
39257800.0 4.9686885134746644e-05
39388800.0 4.9377912299676665e-05
39520300.0 4.907931980631031e-05
39652300.0 4.8773169660356506e-05
39784700.0 4.846856374789218e-05
39917500.0 4.816549585916394e-05
40050700.0 4.786395977625784e-05
40184500.0 4.757251737621018e-05
40318600.0 4.7273881964961404e-05
40453200.0 4.698539220929921e-05
40588300.0 4.6689523362155134e-05
40723800.0 4.6403850128039934e-05
40859700.0 4.611096079518966e-05
40996100.0 4.582808500413664e-05
41133000.0 4.5537929853591716e-05
41270300.0 4.525783431432927e-05
41408100.0 4.497905314112263e-05
41546400.0 4.4701583320782517e-05
41685100.0 4.44170404863854e-05
41824200.0 4.41424224568562e-05
41963900.0 4.3868997787647604e-05
42104000.0 4.359697338109129e-05
42244500.0 4.3326343032803136e-05
42385600.0 4.30568973722452e-05
42527100.0 4.2788837166097754e-05
42669000.0 4.253044854871592e-05
42811500.0 4.226491574010971e-05
42954400.0 4.20007536198912e-05
43097800.0 4.173785906410077e-05
43241700.0 4.148441091195043e-05
43386100.0 4.122401373825295e-05
43530900.0 4.096496772643175e-05
43676300.0 4.0715181061500034e-05
43822100.0 4.0458608642330855e-05
43968400.0 4.021132774479706e-05
44115200.0 3.995721370499079e-05
44262400.0 3.971242009171798e-05
44410200.0 3.9468716018668865e-05
44558500.0 3.921824799818499e-05
44707200.0 3.897700711579201e-05
44856500.0 3.873684753886615e-05
45006200.0 3.8497939189768146e-05
45156500.0 3.826010651696473e-05
45307300.0 3.8023432185734125e-05
45458500.0 3.778799560642935e-05
45610300.0 3.755362598899029e-05
45762600.0 3.732040348782195e-05
45915300.0 3.708840508269226e-05
46068600.0 3.685746463176391e-05
46222400.0 3.662765984406732e-05
46376700.0 3.639898685446221e-05
46531600.0 3.6171364039282094e-05
46686900.0 3.595252222888506e-05
46842800.0 3.5727120482977875e-05
46999200.0 3.550283640300982e-05
47156100.0 3.5287169121814476e-05
47313500.0 3.5065083436500795e-05
47471500.0 3.4851483360776875e-05
47630000.0 3.463150832971205e-05
47789000.0 3.4420036178459994e-05
47948500.0 3.4202230692323475e-05
48108600.0 3.3992800155782814e-05
48269200.0 3.3784408956396925e-05
48430300.0 3.3569747497990795e-05
48592000.0 3.3363378941203224e-05
48754300.0 3.3157971230639134e-05
48917000.0 3.295365709394145e-05
49080300.0 3.275029719447722e-05
49244200.0 3.254070450699395e-05
49408600.0 3.233933623322818e-05
49573500.0 3.21389794051831e-05
49739100.0 3.193950157739068e-05
49905100.0 3.1741093200357086e-05
50071700.0 3.155068862138617e-05
50238900.0 3.1354129614901614e-05
50406600.0 3.115856554913722e-05
50574900.0 3.096393107341886e-05
50743700.0 3.077028448941606e-05
50913100.0 3.0584511064670324e-05
51083100.0 3.0392686382043738e-05
51253700.0 3.0201780655716012e-05
51424800.0 3.001873007644088e-05
51596500.0 2.982968918252692e-05
51768700.0 2.9641615984425447e-05
51941500.0 2.9461261432368963e-05
52115000.0 2.9274920429743214e-05
52288900.0 2.90963600982866e-05
52463500.0 2.891859766990663e-05
52638700.0 2.8734965270745736e-05
52814400.0 2.8558980159661642e-05
52990700.0 2.838384069453063e-05
53167600.0 2.820288962956957e-05
53345100.0 2.8029456127211592e-05
53523200.0 2.7856860677880384e-05
53701900.0 2.7685100729253924e-05
53881200.0 2.7514173705020177e-05
54061100.0 2.734407701014088e-05
54241600.0 2.717480802688197e-05
54422700.0 2.7006364118727976e-05
54604400.0 2.6838742628390253e-05
54786700.0 2.6671940880378782e-05
54969600.0 2.6505956180951364e-05
55153100.0 2.634078581870828e-05
55337200.0 2.617642706581752e-05
55522000.0 2.6012830325192084e-05
55707300.0 2.585008698687734e-05
55893300.0 2.5694431249065353e-05
56079900.0 2.5533225623122403e-05
56267100.0 2.537281866572618e-05
56455000.0 2.5219430139243218e-05
56643400.0 2.50605915964634e-05
56832500.0 2.490872506689707e-05
57022300.0 2.4751356976550378e-05
57212700.0 2.4594775084613552e-05
57403700.0 2.444514015444206e-05
57595300.0 2.4296244576349806e-05
57787600.0 2.4141921118771896e-05
57980500.0 2.3994475457148852e-05
58174100.0 2.384163863021726e-05
58368300.0 2.369563398691067e-05
58563200.0 2.355031618275053e-05
58758700.0 2.3405723409022532e-05
58954900.0 2.3255811912224708e-05
59151700.0 2.311264205660149e-05
59349200.0 2.2970150778954296e-05
59547300.0 2.2828374687782183e-05
59746100.0 2.2687272968722842e-05
59945600.0 2.2546843854885952e-05
60145700.0 2.2407122806666607e-05
60346500.0 2.2268070060883907e-05
60548000.0 2.2129683778743348e-05
60750100.0 2.199199831615408e-05
60952900.0 2.185497491362041e-05
61156400.0 2.1718611689351153e-05
61360600.0 2.158290674186459e-05
61565400.0 2.145364001162395e-05
61771000.0 2.1319226372858698e-05
61977200.0 2.1185499438817144e-05
62184100.0 2.10524223935228e-05
62391700.0 2.0925664162185637e-05
62600000.0 2.079386204871311e-05
62809000.0 2.066270387725367e-05
63018700.0 2.0537802099586355e-05
63229100.0 2.040790700405648e-05
63440200.0 2.0284226943363134e-05
63652000.0 2.015558690550699e-05
63864500.0 2.0033120733607705e-05
64077700.0 1.9905727619809324e-05
64291600.0 1.978446739676745e-05
64506300.0 1.9658282488662057e-05
64721600.0 1.9538220456786007e-05
64937700.0 1.9418715330747184e-05
65154500.0 1.929979559279868e-05
65372000.0 1.9176046863540477e-05
65590200.0 1.905830988441731e-05
65809200.0 1.8941123405752238e-05
66028900.0 1.882451471835442e-05
66249400.0 1.870311283625966e-05
66470500.0 1.8587671598489898e-05
66692500.0 1.8472746507333578e-05
66915100.0 1.835841936862183e-05
67138500.0 1.8244632950485766e-05
67362700.0 1.8131385927738825e-05
67587500.0 1.8018730272946856e-05
67813200.0 1.7906583877117104e-05
68039600.0 1.779499843126681e-05
68266700.0 1.7683971786424788e-05
68494700.0 1.7578616098489137e-05
68723300.0 1.7468658483650927e-05
68952800.0 1.735920338344188e-05
69183000.0 1.725029993757826e-05
69413900.0 1.7141945951821784e-05
69645700.0 1.703917056471023e-05
69878200.0 1.6931844021773957e-05
70111500.0 1.6825037325488836e-05
70345500.0 1.6723802429583282e-05
70580400.0 1.6618013858435716e-05
70816000.0 1.651776017655325e-05
71052400.0 1.6413006826255866e-05
71289700.0 1.630874232576276e-05
71527700.0 1.6209957640323794e-05
71766500.0 1.6111648561292926e-05
72006100.0 1.600889991310592e-05
72246400.0 1.5911576042506434e-05
72487600.0 1.5809820009993485e-05
72729600.0 1.571343096010464e-05
72972500.0 1.5617488611740955e-05
73216100.0 1.551720194485524e-05
73460500.0 1.542222893499168e-05
73705800.0 1.532769860823136e-05
73951800.0 1.5228866770964707e-05
74198700.0 1.5135275268605112e-05
74446400.0 1.5042142917169057e-05
74695000.0 1.4949448127343126e-05
74944400.0 1.4857209708511825e-05
75194600.0 1.4765426063738203e-05
75445600.0 1.4674095588160792e-05
75697500.0 1.4583197404451364e-05
75950200.0 1.4492749524613608e-05
76203800.0 1.4402731417182583e-05
76458200.0 1.4313160704759275e-05
76713400.0 1.4224035738581417e-05
76969500.0 1.4135336499043075e-05
77226500.0 1.4047061851846686e-05
77484300.0 1.3959228663615474e-05
77743000.0 1.3871817411031208e-05
78002500.0 1.3784844593845298e-05
78263000.0 1.3702794394359376e-05
78524200.0 1.361666132400512e-05
78786400.0 1.353092762957409e-05
79049400.0 1.3445626608860376e-05
79313300.0 1.3365200708114913e-05
79578100.0 1.3280711813755794e-05
79843800.0 1.3196634582185312e-05
80110400.0 1.3117384378665527e-05
80377800.0 1.3034128192144733e-05
80646200.0 1.295126352487821e-05
80915400.0 1.2873194049126233e-05
81185500.0 1.2791142325214097e-05
81456600.0 1.2713822361028832e-05
81728500.0 1.263256247235001e-05
82001400.0 1.2556003181832359e-05
82275100.0 1.247983043000247e-05
82549800.0 1.2399726420980422e-05
82825400.0 1.232429174396398e-05
83101900.0 1.2244967117589434e-05
83379400.0 1.2170266159466347e-05
83657700.0 1.2095945113570532e-05
83937000.0 1.2021973680718759e-05
84217300.0 1.1944149769125043e-05
84498400.0 1.1870917102167776e-05
84780500.0 1.1798030903183744e-05
85063600.0 1.1725490295601464e-05
85347500.0 1.164917608399596e-05
85632500.0 1.1577351042582416e-05
85918400.0 1.1505881982044692e-05
86205200.0 1.143476759887734e-05
86493000.0 1.1363993446295642e-05
86781800.0 1.1293558585857372e-05
87071500.0 1.1223474958228626e-05
87362200.0 1.1153728467971847e-05
87653800.0 1.1084330793501646e-05
87946500.0 1.1015255545703573e-05
88240100.0 1.0946526910101872e-05
88534700.0 1.0878131247368581e-05
88830300.0 1.0810067554649735e-05
89126800.0 1.074234687269375e-05
89424400.0 1.0678900573129636e-05
89722900.0 1.061182522821611e-05
90022500.0 1.054506585719333e-05
90323000.0 1.0478644957426814e-05
90624600.0 1.0412538161312446e-05
90927100.0 1.0350658725757918e-05
91230700.0 1.0285187315129826e-05
91535200.0 1.0220049726858809e-05
91840800.0 1.0159074952899255e-05
92147500.0 1.0094544380573082e-05
92455100.0 1.0030344304207643e-05
92763800.0 9.970265996684996e-06
93073400.0 9.906688895446542e-06
93384200.0 9.847195707890563e-06
93695900.0 9.784226959840275e-06
94008700.0 9.725325698546142e-06
94322600.0 9.662951226770225e-06
94637500.0 9.604627748752592e-06
94953500.0 9.542854301962059e-06
95270500.0 9.485104950208581e-06
95588500.0 9.423938533936256e-06
95907600.0 9.366759503403884e-06
96227800.0 9.309853274726107e-06
96549100.0 9.249554437540547e-06
96871400.0 9.193213183149153e-06
97194800.0 9.137142179979625e-06
97519300.0 9.0777124544333e-06
97844900.0 9.022191645816227e-06
98171600.0 8.96693865208848e-06
98499300.0 8.911961707194633e-06
98828100.0 8.8536706381635e-06
99158100.0 8.799227923998843e-06
99489100.0 8.745058480033018e-06
99821300.0 8.69114380242067e-06
100155000.0 8.637457421519708e-06
100489000.0 8.5841019741665e-06
100824000.0 8.531015417998463e-06
101161000.0 8.474615275860888e-06
101499000.0 8.421992641771458e-06
101838000.0 8.36963713322099e-06
102178000.0 8.31754762863588e-06
102519000.0 8.265723005765691e-06
102861000.0 8.214162141700245e-06
103204000.0 8.16629224734968e-06
103549000.0 8.115165770102566e-06
103895000.0 8.064301222977284e-06
104241000.0 8.013774338289513e-06
104589000.0 7.963429481437337e-06
104939000.0 7.913267720046887e-06
105289000.0 7.863439452463338e-06
105641000.0 7.81714267713801e-06
105993000.0 7.767815278358242e-06
106347000.0 7.718669262344154e-06
106702000.0 7.669777467020324e-06
107058000.0 7.624443650494729e-06
107416000.0 7.575975307046358e-06
107774000.0 7.527828964580682e-06
108134000.0 7.479863078026185e-06
108495000.0 7.435408149085414e-06
108857000.0 7.3879298748411865e-06
109221000.0 7.343871374930878e-06
109585000.0 7.296876859929997e-06
109951000.0 7.250061626993225e-06
110318000.0 7.206698988458896e-06
110687000.0 7.160297905503357e-06
111056000.0 7.117391111954912e-06
111427000.0 7.071466184918433e-06
111799000.0 7.028947983910939e-06
112172000.0 6.98349526543557e-06
112547000.0 6.941364265425037e-06
112922000.0 6.89951308909818e-06
113299000.0 6.854695030952281e-06
113678000.0 6.8131668870120305e-06
114057000.0 6.768812616906208e-06
114438000.0 6.727726399621634e-06
114820000.0 6.686854614120623e-06
115203000.0 6.643124936517155e-06
115588000.0 6.602631892021794e-06
115974000.0 6.562351115008387e-06
116361000.0 6.522281531517863e-06
116750000.0 6.479335987672328e-06
117139000.0 6.439696169829961e-06
117530000.0 6.400209841897536e-06
117923000.0 6.360877486145393e-06
118316000.0 6.321806424145751e-06
118711000.0 6.2799077099389366e-06
119108000.0 6.241152712148679e-06
119505000.0 6.20265520541106e-06
119904000.0 6.164309809570094e-06
120305000.0 6.126116923575383e-06
120706000.0 6.088177800426809e-06
121109000.0 6.050390001287274e-06
121514000.0 6.012753886412121e-06
121919000.0 5.975367816673894e-06
122326000.0 5.938132219905699e-06
122735000.0 5.901047419426446e-06
123145000.0 5.864161339188964e-06
123556000.0 5.8274728965452525e-06
123968000.0 5.790981013621785e-06
124382000.0 5.754638351138619e-06
124797000.0 5.718490993260913e-06
125214000.0 5.682492481516766e-06
125632000.0 5.646687998880053e-06
126051000.0 5.613883408899021e-06
126472000.0 5.578410325394766e-06
126894000.0 5.543128940466244e-06
127318000.0 5.507994917212964e-06
127743000.0 5.473051282402297e-06
128170000.0 5.441015064951429e-06
128597000.0 5.406440227789305e-06
129027000.0 5.371969332579661e-06
129458000.0 5.340419270973319e-06
129890000.0 5.306313735367903e-06
130323000.0 5.272393853645724e-06
130758000.0 5.238618495953935e-06
131195000.0 5.20768465414728e-06
131633000.0 5.1742289646678685e-06
132072000.0 5.143635230908684e-06
132513000.0 5.11049697256407e-06
132956000.0 5.077502169369232e-06
133400000.0 5.0473409995850085e-06
133845000.0 5.014698961137518e-06
134292000.0 4.984833745624724e-06
134740000.0 4.952503981566324e-06
135190000.0 4.922932889934396e-06
135641000.0 4.890913444331582e-06
136094000.0 4.861634615927982e-06
136549000.0 4.8298881319446784e-06
137004000.0 4.800935048950662e-06
137462000.0 4.7694955592259955e-06
137921000.0 4.740795886629639e-06
138381000.0 4.712252551993185e-06
138843000.0 4.681282553050974e-06
139307000.0 4.652991051665151e-06
139772000.0 4.624854300971424e-06
140238000.0 4.594348382544427e-06
140707000.0 4.56646179218039e-06
141176000.0 4.538760485588109e-06
141648000.0 4.508649210951178e-06
142121000.0 4.481195983404362e-06
142595000.0 4.453893651800358e-06
143071000.0 4.426710348030495e-06
143549000.0 4.397181236553615e-06
144028000.0 4.370274392830795e-06
144509000.0 4.343485811784959e-06
144991000.0 4.316845198001046e-06
145475000.0 4.290322138016626e-06
145961000.0 4.263916552751117e-06
146448000.0 4.235241294378002e-06
146937000.0 4.209106814534166e-06
147428000.0 4.183088958239574e-06
147920000.0 4.157215723793137e-06
148414000.0 4.131458358343257e-06
148909000.0 4.105844319170052e-06
149407000.0 4.0803180751569105e-06
149905000.0 4.054961432818411e-06
150406000.0 4.029692329550145e-06
150908000.0 4.004564472725067e-06
151412000.0 3.979550672216665e-06
151917000.0 3.954676812426161e-06
152424000.0 3.929916209052107e-06
152933000.0 3.905268707082407e-06
153444000.0 3.880734144804926e-06
153956000.0 3.856337401924321e-06
154470000.0 3.832052773887071e-06
154986000.0 3.8078800854112583e-06
155503000.0 3.7838434876032158e-06
156022000.0 3.7621857340419153e-06
156543000.0 3.7383636031754932e-06
157066000.0 3.7146522128730263e-06
157590000.0 3.691074785239332e-06
158116000.0 3.667607239881352e-06
158644000.0 3.6442493714217456e-06
159174000.0 3.6232238055446017e-06
159705000.0 3.6000997900034944e-06
160238000.0 3.5770843860808306e-06
160773000.0 3.5541773733108397e-06
161310000.0 3.5335719272452807e-06
161849000.0 3.510873706502662e-06
162389000.0 3.4883046848241954e-06
162931000.0 3.468014301818624e-06
163475000.0 3.445651929349961e-06
164021000.0 3.4233961510520796e-06
164569000.0 3.4033966836896066e-06
165118000.0 3.381366657663313e-06
165669000.0 3.359442084652776e-06
166222000.0 3.3397512932692654e-06
166777000.0 3.318029766769084e-06
167334000.0 3.2985273713708633e-06
167893000.0 3.2770079163772363e-06
168453000.0 3.257712352129091e-06
169016000.0 3.236393772168948e-06
169580000.0 3.217284223059871e-06
170146000.0 3.196184274042642e-06
170714000.0 3.1772596169101497e-06
171284000.0 3.156357915428876e-06
171856000.0 3.137617179132338e-06
172430000.0 3.1169126537307605e-06
173005000.0 3.098372750115871e-06
173583000.0 3.077864125981991e-06
174162000.0 3.059505617367973e-06
174744000.0 3.0391917792824385e-06
175327000.0 3.0210136318498976e-06
175912000.0 3.0029218346887283e-06
176500000.0 2.982894599044536e-06
177089000.0 2.9649815939131443e-06
177680000.0 2.9471541773861035e-06
178273000.0 2.9274274017168477e-06
178869000.0 2.9097607407661442e-06
179466000.0 2.892195305485636e-06
180065000.0 2.8727494718221272e-06
180666000.0 2.8553594057442504e-06
181269000.0 2.838053341459842e-06
181874000.0 2.8188856136839677e-06
182482000.0 2.8017378747405496e-06
183091000.0 2.7846888138357756e-06
183702000.0 2.7677226615385826e-06
184315000.0 2.750839145625237e-06
184931000.0 2.7321099657550694e-06
185548000.0 2.715397400315353e-06
186168000.0 2.698752124910702e-06
186789000.0 2.6822029902584835e-06
187413000.0 2.665720857701483e-06
188038000.0 2.6493340274932617e-06
188666000.0 2.631138534841087e-06
189296000.0 2.614905288925314e-06
189928000.0 2.598752371057085e-06
190562000.0 2.582679490604431e-06
191198000.0 2.5666863557515927e-06
191837000.0 2.550759377001195e-06
192477000.0 2.534924979943389e-06
193120000.0 2.5191564008062485e-06
193764000.0 2.503479557003343e-06
194411000.0 2.487868184633013e-06
195060000.0 2.472335027182311e-06
195711000.0 2.456879782751242e-06
196365000.0 2.4414897151846247e-06
197020000.0 2.4261895070674525e-06
197678000.0 2.410954104366616e-06
198338000.0 2.3957956327256415e-06
199000000.0 2.380713783740937e-06
199665000.0 2.365696400098708e-06
200331000.0 2.3507433517747302e-06
201000000.0 2.335901638050908e-06
201671000.0 2.3211119001130747e-06
202344000.0 2.3081460511635513e-06
203020000.0 2.293489475611305e-06
203698000.0 2.2789078051815972e-06
204378000.0 2.2644007224989987e-06
205060000.0 2.2499679100030416e-06
205745000.0 2.235598184101199e-06
206432000.0 2.223016271487714e-06
207121000.0 2.208788214226384e-06
207812000.0 2.194633382489048e-06
208506000.0 2.1805409975981455e-06
209202000.0 2.166521400410053e-06
209901000.0 2.154249653775552e-06
210601000.0 2.1403691594098834e-06
211304000.0 2.126550439674466e-06
212010000.0 2.112793466671695e-06
212718000.0 2.10077139423242e-06
213428000.0 2.087151724247888e-06
214140000.0 2.073603002555453e-06
214855000.0 2.0617620885566747e-06
215573000.0 2.04832990356698e-06
216292000.0 2.0349774890740235e-06
217014000.0 2.023315996372456e-06
217739000.0 2.0100791608390143e-06
218466000.0 1.9969119001008578e-06
219195000.0 1.985428051452429e-06
219927000.0 1.9723846117285416e-06
220661000.0 1.9594099513257198e-06
221398000.0 1.9480930534174637e-06
222137000.0 1.935241020661732e-06
222879000.0 1.9240358274120487e-06
223623000.0 1.911305679399432e-06
224369000.0 1.9002199792116028e-06
225118000.0 1.8876108764394557e-06
225870000.0 1.876626961767361e-06
226624000.0 1.864138222875614e-06
227381000.0 1.853263936710013e-06
228140000.0 1.840894783730764e-06
228901000.0 1.8301374067060996e-06
229666000.0 1.8178790561063014e-06
230432000.0 1.8072297158055907e-06
231202000.0 1.7950895175638224e-06
231973000.0 1.7845474827369942e-06
232748000.0 1.7725246274106736e-06
233525000.0 1.7620816124771966e-06
234305000.0 1.7501753582796864e-06
235087000.0 1.739838374282201e-06
235872000.0 1.7295479347628863e-06
236659000.0 1.7178161795525624e-06
237449000.0 1.7076307156915443e-06
238242000.0 1.6974914262965944e-06
239037000.0 1.6859251126496966e-06
239835000.0 1.675889789758229e-06
240636000.0 1.6644299127950806e-06
241439000.0 1.6544978361804692e-06
242245000.0 1.6446112392156524e-06
243054000.0 1.6347700355394893e-06
243866000.0 1.6235232668244643e-06
244680000.0 1.6137840099803335e-06
245497000.0 1.6040897368870543e-06
246316000.0 1.5930103887133394e-06
247139000.0 1.5834105239597473e-06
247964000.0 1.5738616898251961e-06
248792000.0 1.564357321099938e-06
249622000.0 1.553486132635943e-06
250456000.0 1.5440750550041928e-06
251292000.0 1.5347142310595282e-06
252131000.0 1.525397333634863e-06
252972000.0 1.5161302503926377e-06
253817000.0 1.5055068434060271e-06
254664000.0 1.4963315468555518e-06
255515000.0 1.487193799284022e-06
256368000.0 1.4781051855147493e-06
257223000.0 1.4690654287370635e-06
258082000.0 1.4600629387249872e-06
258944000.0 1.4497369783537647e-06
259808000.0 1.4408303004494838e-06
260676000.0 1.4319606917214008e-06
261546000.0 1.4231390724825083e-06
262419000.0 1.4143597774101959e-06
263295000.0 1.4056226855980876e-06
264174000.0 1.3969276748705192e-06
265056000.0 1.3882746218079973e-06
265941000.0 1.379663401787e-06
266829000.0 1.3710938890125611e-06
267720000.0 1.3625659565530499e-06
268614000.0 1.3540794763691854e-06
269510000.0 1.3456393122425224e-06
270410000.0 1.3372353005418887e-06
271313000.0 1.328872351109538e-06
272219000.0 1.3205503318063244e-06
273127000.0 1.312273914154915e-06
274039000.0 1.304033308867691e-06
274954000.0 1.295833232126817e-06
275872000.0 1.2876735481803174e-06
276793000.0 1.2795541204487036e-06
277717000.0 1.2710926046931356e-06
278644000.0 1.2631815264489399e-06
279575000.0 1.255178395184104e-06
280508000.0 1.2473456307551685e-06
281445000.0 1.239547181689138e-06
282384000.0 1.2317917619580932e-06
283327000.0 1.224070467224807e-06
284273000.0 1.2163875627526545e-06
285222000.0 1.2087429089797213e-06
286174000.0 1.201260003089589e-06
287129000.0 1.1936910186123397e-06
288088000.0 1.1861557470013502e-06
289050000.0 1.178780650342933e-06
290015000.0 1.1713203639143053e-06
290983000.0 1.1640191539715624e-06
291955000.0 1.1567505116198069e-06
292929000.0 1.149522258839038e-06
293907000.0 1.142326368202575e-06
294888000.0 1.1351666600172533e-06
295873000.0 1.1280391795771208e-06
296861000.0 1.1209476701852892e-06
297852000.0 1.1138919881655405e-06
298846000.0 1.1069903842763614e-06
299844000.0 1.1000018627008076e-06
300845000.0 1.093166416062709e-06
301849000.0 1.0862482916312234e-06
302857000.0 1.0794786070697324e-06
303868000.0 1.0727432451669688e-06
304883000.0 1.0660385667391141e-06
305900000.0 1.0593714555874467e-06
306922000.0 1.0526160992198708e-06
307946000.0 1.046128581329205e-06
308974000.0 1.0395560921860154e-06
310006000.0 1.0330138640817059e-06
311041000.0 1.026505148419639e-06
312079000.0 1.020143173911698e-06
313121000.0 1.0136974316402324e-06
314167000.0 1.0073942431718512e-06
315215000.0 1.0010142890281343e-06
316268000.0 9.947727649270654e-07
317324000.0 9.885633186267123e-07
318383000.0 9.823858064716166e-07
319446000.0 9.761262690510604e-07
320512000.0 9.70009565462724e-07
321583000.0 9.64028450908193e-07
322656000.0 9.579714464642197e-07
323733000.0 9.519428316935957e-07
324814000.0 9.459425469190565e-07
325899000.0 9.400790978732284e-07
326987000.0 9.341377841334507e-07
328078000.0 9.283352346187967e-07
329174000.0 9.224496491386596e-07
330272000.0 9.167047048758111e-07
331375000.0 9.109840868258576e-07
332481000.0 9.051868391714893e-07
333591000.0 8.995233113525149e-07
334705000.0 8.938866656896367e-07
335823000.0 8.882768360835918e-07
336944000.0 8.826963750868833e-07
338069000.0 8.771425445401826e-07
339197000.0 8.717221560169912e-07
340330000.0 8.662210079560136e-07
341466000.0 8.607488040425654e-07
342606000.0 8.554061761476578e-07
343750000.0 8.49986163981885e-07
344897000.0 8.44697347708568e-07
346049000.0 8.393682144069053e-07
347204000.0 8.341933147683777e-07
348363000.0 8.288788164772795e-07
349526000.0 8.236913660460924e-07
350693000.0 8.185289859587995e-07
351864000.0 8.13391602826865e-07
353039000.0 8.082791425348475e-07
354217000.0 8.031937977727187e-07
355400000.0 7.982304910257196e-07
356586000.0 7.931942189959927e-07
357777000.0 7.881803219304335e-07
358971000.0 7.832917146071888e-07
360170000.0 7.783264773543815e-07
361372000.0 7.734856778990921e-07
362579000.0 7.686663746074904e-07
363789000.0 7.637754926712623e-07
365004000.0 7.590035773538913e-07
366222000.0 7.542571467405264e-07
367445000.0 7.495319839398381e-07
368671000.0 7.448321101577662e-07
369902000.0 7.401533863812828e-07
371137000.0 7.354977729907828e-07
372376000.0 7.308651900760278e-07
373619000.0 7.263502574697071e-07
374867000.0 7.217612537004219e-07
376118000.0 7.171969832241291e-07
377374000.0 7.127472898561835e-07
378634000.0 7.082261888990416e-07
379898000.0 7.038208035671807e-07
381166000.0 6.9934447112032e-07
382439000.0 6.949812532327605e-07
383716000.0 6.906397865377505e-07
384997000.0 6.863199899147027e-07
386282000.0 6.82021781970845e-07
387572000.0 6.77743332359933e-07
388866000.0 6.734863414017836e-07
390164000.0 6.692507265194209e-07
391466000.0 6.65036404918692e-07
392773000.0 6.608416110937193e-07
394085000.0 6.567560925203417e-07
395400000.0 6.526032512572762e-07
396720000.0 6.484697680314727e-07
398045000.0 6.444444949195361e-07
399374000.0 6.40350923712112e-07
400707000.0 6.363664533274254e-07
402045000.0 6.324005397912661e-07
403387000.0 6.283669921112214e-07
404734000.0 6.244398999187407e-07
406085000.0 6.205327482193481e-07
407441000.0 6.166439402702897e-07
408801000.0 6.127749351754151e-07
410166000.0 6.089241645618929e-07
411535000.0 6.050930576712597e-07
412909000.0 6.012800740497068e-07
414287000.0 5.974866136347741e-07
415671000.0 5.937948548022616e-07
417058000.0 5.900385166995131e-07
418451000.0 5.863832278696959e-07
419848000.0 5.82662369935053e-07
421249000.0 5.790446863498775e-07
422656000.0 5.753591040243949e-07
424067000.0 5.717760214191806e-07
425482000.0 5.681282044420048e-07
426903000.0 5.645795158857429e-07
428328000.0 5.6104913397673e-07
429758000.0 5.57535677860094e-07
431193000.0 5.540391013621446e-07
432632000.0 5.505606303313118e-07
434077000.0 5.470976601141741e-07
435526000.0 5.436526760681672e-07
436980000.0 5.402243576026004e-07
438439000.0 5.368126562032666e-07
439903000.0 5.334979537342922e-07
441371000.0 5.301202723548475e-07
442845000.0 5.268377443529988e-07
444323000.0 5.234926512604439e-07
445807000.0 5.202421035437697e-07
447295000.0 5.169293997083872e-07
448788000.0 5.13711779305912e-07
450287000.0 5.104301176787312e-07
451790000.0 5.07244057123401e-07
453298000.0 5.040735647110627e-07
454812000.0 5.009174887756022e-07
456330000.0 4.977779919655916e-07
457853000.0 4.946539112822407e-07
459382000.0 4.915441253923583e-07
460916000.0 4.884496732152432e-07
462454000.0 4.853715520859625e-07
463998000.0 4.823076002850911e-07
465547000.0 4.792588247498144e-07
467102000.0 4.7629990031101256e-07
468661000.0 4.732810756684041e-07
470226000.0 4.702762679489978e-07
471796000.0 4.673614365571e-07
473371000.0 4.643862900149869e-07
474951000.0 4.6150051361093644e-07
476537000.0 4.58628098950074e-07
478128000.0 4.5569597379404176e-07
479724000.0 4.528523328154866e-07
481325000.0 4.5002287530661285e-07
482932000.0 4.47206622063499e-07
484545000.0 4.444035463285115e-07
486162000.0 4.4161543745746944e-07
487785000.0 4.3884041586890244e-07
489414000.0 4.360784534240178e-07
491048000.0 4.3333040385769186e-07
492687000.0 4.3059621240868326e-07
494332000.0 4.278749586360624e-07
495982000.0 4.251674697911728e-07
497638000.0 4.2254394104148733e-07
499300000.0 4.198618652854024e-07
500967000.0 4.1719350302723666e-07
502639000.0 4.1460906806101166e-07
504317000.0 4.119667100468051e-07
506001000.0 4.0940694789288517e-07
507690000.0 4.068601602766576e-07
509385000.0 4.0425603957794617e-07
511086000.0 4.0173370518964716e-07
512792000.0 3.992242121184896e-07
514504000.0 3.9672673470139875e-07
516222000.0 3.9424124047590447e-07
517945000.0 3.917001411164871e-07
519674000.0 3.8923948344684984e-07
521409000.0 3.8679069415935963e-07
523150000.0 3.8442137161738346e-07
524896000.0 3.8199671990613156e-07
526649000.0 3.795830999813225e-07
528407000.0 3.771819255844039e-07
530171000.0 3.7479243391753385e-07
531941000.0 3.724811040947402e-07
533717000.0 3.7011465013014445e-07
535499000.0 3.677597725742911e-07
537287000.0 3.654822877988172e-07
539080000.0 3.6315089785567516e-07
540880000.0 3.608957314110634e-07
542686000.0 3.586515493608718e-07
544498000.0 3.5635334647095026e-07
546315000.0 3.5413191282973676e-07
548139000.0 3.5192071257183997e-07
549969000.0 3.497203642009894e-07
551805000.0 3.47466711446272e-07
553648000.0 3.4528754772072454e-07
555496000.0 3.431197555542384e-07
557351000.0 3.409620566612973e-07
559211000.0 3.3881564338524147e-07
561078000.0 3.36679260751648e-07
562951000.0 3.3461633349161723e-07
564831000.0 3.325003249934022e-07
566717000.0 3.3039485771080207e-07
568609000.0 3.2829989340337835e-07
570507000.0 3.262774118103077e-07
572412000.0 3.242025654434349e-07
574323000.0 3.221381181000095e-07
576240000.0 3.201454319260183e-07
578164000.0 3.1810091116712293e-07
580094000.0 3.161276767136455e-07
582031000.0 3.141029601627836e-07
583974000.0 3.1214905680390247e-07
585923000.0 3.102049357842831e-07
587879000.0 3.082098494767022e-07
589842000.0 3.062843463029873e-07
591811000.0 3.0436853097285957e-07
593787000.0 3.024618558088115e-07
595769000.0 3.0056480157020446e-07
597758000.0 2.98676830018581e-07
599754000.0 2.9679791689561835e-07
601756000.0 2.9492852774443874e-07
603765000.0 2.9306813815466317e-07
605781000.0 2.9121672308070637e-07
607803000.0 2.8937473328719427e-07
609833000.0 2.8754118637030084e-07
611869000.0 2.8577482987351897e-07
613911000.0 2.8395978028001343e-07
615961000.0 2.821531005422202e-07
618017000.0 2.8041293529990653e-07
620081000.0 2.7862365453365115e-07
622151000.0 2.769004460315926e-07
624228000.0 2.751288995217698e-07
626312000.0 2.734225398249294e-07
628403000.0 2.716681668522741e-07
630501000.0 2.699785505917687e-07
632606000.0 2.682971726459316e-07
634718000.0 2.665682625835265e-07
636837000.0 2.649034675477671e-07
638963000.0 2.632468306222874e-07
641096000.0 2.615983249109335e-07
643236000.0 2.599579233427955e-07
645384000.0 2.5832519841136087e-07
647538000.0 2.567009270865098e-07
649700000.0 2.5508428504843923e-07
651869000.0 2.5347564475101233e-07
654046000.0 2.518745931332959e-07
656229000.0 2.502818760107924e-07
658420000.0 2.48696698588968e-07
660618000.0 2.4711941751089174e-07
662824000.0 2.456030140881354e-07
665036000.0 2.4404126585961704e-07
667257000.0 2.4248660164601297e-07
669484000.0 2.4099294263536245e-07
671719000.0 2.3945366184305495e-07
673962000.0 2.3792176614089877e-07
676212000.0 2.3644990950274046e-07
678470000.0 2.349850443755015e-07
680735000.0 2.3347552003311697e-07
683007000.0 2.3202543309593987e-07
685288000.0 2.3053030266820867e-07
687575000.0 2.290945524600314e-07
689871000.0 2.2766535158097794e-07
692174000.0 2.2624334432291728e-07
694485000.0 2.247772315970881e-07
696803000.0 2.2336937777040832e-07
699130000.0 2.2196800221904928e-07
701464000.0 2.205737233047655e-07
703806000.0 2.1918620059661917e-07
706155000.0 2.1780572246846794e-07
708513000.0 2.164316488234369e-07
710878000.0 2.1506457318371063e-07
713252000.0 2.1370386694825302e-07
715633000.0 2.123501115256854e-07
718022000.0 2.1105226022999803e-07
720419000.0 2.097115745716414e-07
722824000.0 2.083774746005039e-07
725237000.0 2.070987254291183e-07
727659000.0 2.057772874202379e-07
730088000.0 2.0446265661104384e-07
732525000.0 2.032028267611981e-07
734971000.0 2.019007382960246e-07
737425000.0 2.006530917172671e-07
739887000.0 1.993637447508757e-07
742357000.0 1.9812847679206823e-07
744835000.0 1.968517839452723e-07
747322000.0 1.9562854717552768e-07
749817000.0 1.9441135072391658e-07
752320000.0 1.931531431022523e-07
754832000.0 1.9194786555437815e-07
757352000.0 1.907485685461955e-07
759880000.0 1.8955523045620056e-07
762417000.0 1.883675825073735e-07
764962000.0 1.871858547038812e-07
767516000.0 1.859636836742731e-07
770079000.0 1.8479340596538406e-07
772650000.0 1.836289910126067e-07
775229000.0 1.8247041653417407e-07
777817000.0 1.813629156387335e-07
780414000.0 1.8021534414664134e-07
783019000.0 1.7907355532924264e-07
785634000.0 1.7793707356585826e-07
788256000.0 1.7680656219214866e-07
790888000.0 1.7568132544789235e-07
793528000.0 1.746063812932226e-07
796178000.0 1.7349194673597334e-07
798836000.0 1.7238317977890233e-07
801503000.0 1.7132398782772553e-07
804179000.0 1.7022591842039897e-07
806863000.0 1.6917730675893104e-07
809557000.0 1.680898663058327e-07
812260000.0 1.6705134847338032e-07
814971000.0 1.659746751044037e-07
817692000.0 1.6494639467984887e-07
820422000.0 1.6388001052151413e-07
823161000.0 1.62861902357047e-07
825909000.0 1.6184878336497148e-07
828667000.0 1.6079774560072687e-07
831433000.0 1.5979469887263997e-07
834209000.0 1.587964002807855e-07
836994000.0 1.5780302689851475e-07
839788000.0 1.5681456166313065e-07
842592000.0 1.558308024809426e-07
845405000.0 1.548519206038421e-07
848227000.0 1.5383618603468895e-07
851059000.0 1.5286696572824962e-07
853901000.0 1.5190239547651803e-07
856751000.0 1.509841127636745e-07
859612000.0 1.5002883860214875e-07
862481000.0 1.49078519321067e-07
865361000.0 1.481326184524564e-07
868250000.0 1.4719146703222125e-07
871149000.0 1.4625487909050295e-07
874057000.0 1.4536348757509336e-07
876975000.0 1.4443601502154215e-07
879903000.0 1.435130630167308e-07
882840000.0 1.4259477946367524e-07
885788000.0 1.417207698640408e-07
888745000.0 1.4081132125686174e-07
891712000.0 1.399460138531847e-07
894689000.0 1.390453446048349e-07
897676000.0 1.3818852516251266e-07
900673000.0 1.3729658036589446e-07
903680000.0 1.3644819529316072e-07
906697000.0 1.355649191920065e-07
909724000.0 1.3472491407423605e-07
912761000.0 1.338890135817656e-07
915808000.0 1.3301856976574153e-07
918866000.0 1.321908227474554e-07
921933000.0 1.3136728453076968e-07
925011000.0 1.3050940490808375e-07
928099000.0 1.2969394142012235e-07
931198000.0 1.288823639362632e-07
934307000.0 1.2807479953263713e-07
937426000.0 1.2727123412623494e-07
940556000.0 1.2647151909793064e-07
943696000.0 1.2567577727501924e-07
946846000.0 1.2488399434119157e-07
950007000.0 1.2409602529311545e-07
953179000.0 1.2331185946742127e-07
956361000.0 1.22531614202124e-07
959554000.0 1.2175514800065227e-07
962758000.0 1.2098244987762431e-07
965972000.0 1.2021363318392848e-07
969197000.0 1.1944855985791662e-07
972432000.0 1.1872372550862328e-07
975679000.0 1.1796598270380833e-07
978936000.0 1.1721206926003339e-07
982204000.0 1.1646185153778092e-07
985484000.0 1.1575110342025486e-07
988774000.0 1.1500812379541182e-07
992075000.0 1.1426880507255909e-07
995387000.0 1.1356868109344208e-07
998710000.0 1.1283653008604711e-07
1002040000.0 1.1214376166364474e-07
1005390000.0 1.1141817317868708e-07
1008750000.0 1.1073138151903117e-07
1012110000.0 1.1001419144362553e-07
1015490000.0 1.0933443685040116e-07
1018880000.0 1.0865812583662442e-07
1022280000.0 1.0795063333637763e-07
1025700000.0 1.0728023537322971e-07
1029120000.0 1.06614293180126e-07
1032560000.0 1.059164441700502e-07
1036000000.0 1.0525738182185343e-07
1039460000.0 1.0460066913845e-07
1042930000.0 1.03947317190866e-07
1046420000.0 1.0326251190971999e-07
1049910000.0 1.0261595916581977e-07
1053410000.0 1.0197272255152885e-07
1056930000.0 1.0133182863408756e-07
1060460000.0 1.0069423987085785e-07
1064000000.0 1.0005994134273835e-07
1067550000.0 9.942891814331632e-08
1071120000.0 9.880023297027506e-08
1074690000.0 9.817572464091813e-08
1078280000.0 9.755354220571239e-08
1081880000.0 9.693459299072574e-08
1085490000.0 9.631886193335467e-08
1089120000.0 9.573794182072248e-08
1092750000.0 9.512850255869693e-08
1096400000.0 9.452137463174974e-08
1100060000.0 9.391742188742862e-08
1103730000.0 9.331662915452386e-08
1107420000.0 9.275009377875988e-08
1111120000.0 9.215464830775447e-08
1114820000.0 9.156315531023265e-08
1118550000.0 9.1004767385194e-08
1122280000.0 9.04185644704977e-08
1126030000.0 8.983464961785349e-08
1129790000.0 8.928513818050597e-08
1133560000.0 8.870727640371817e-08
1137340000.0 8.816357992857111e-08
1141140000.0 8.759094411834306e-08
1144950000.0 8.705225182494592e-08
1148770000.0 8.648557997007261e-08
1152610000.0 8.595187050085124e-08
1156460000.0 8.542096675522886e-08
1160320000.0 8.486236140806327e-08
1164190000.0 8.433712791277482e-08
1168080000.0 8.381393971349794e-08
1171980000.0 8.326332418283138e-08
1175890000.0 8.274574699297349e-08
1179810000.0 8.223090343982547e-08
1183750000.0 8.171808907549175e-08
1187710000.0 8.117751969619897e-08
1191670000.0 8.067023393569139e-08
1195650000.0 8.01649675322392e-08
1199640000.0 7.966238970499335e-08
1203650000.0 7.916182855604055e-08
1207660000.0 7.866459160463886e-08
1211700000.0 7.816871045063514e-08
1215740000.0 7.76761250010842e-08
1219800000.0 7.718553694425158e-08
1223870000.0 7.669757712859866e-08
1227960000.0 7.621161070080586e-08
1232060000.0 7.572825611735229e-08
1236170000.0 7.524749912045154e-08
1240300000.0 7.476872268283125e-08
1244440000.0 7.429252716025091e-08
1248590000.0 7.381889832137544e-08
1252760000.0 7.33754795742154e-08
1256940000.0 7.29062736066806e-08
1261140000.0 7.24390292140192e-08
1265350000.0 7.197431782412673e-08
1269580000.0 7.153943083150858e-08
1273810000.0 7.107965579706334e-08
1278070000.0 7.062126652424971e-08
1282330000.0 7.019351465142302e-08
1286620000.0 6.97394688398699e-08
1290910000.0 6.928844083208279e-08
1295220000.0 6.886665484694141e-08
1299540000.0 6.841991354375632e-08
1303880000.0 6.800222565187329e-08
1308240000.0 6.75592305225052e-08
1312600000.0 6.714613383748074e-08
1316990000.0 6.670738656396395e-08
1321380000.0 6.629833096247095e-08
1325790000.0 6.58643030366706e-08
1330220000.0 6.545876761686492e-08
1334660000.0 6.502892692903339e-08
1339120000.0 6.462739347588133e-08
1343590000.0 6.422804775842389e-08
1348070000.0 6.380463065237377e-08
1352570000.0 6.340924017231198e-08
1357090000.0 6.301554319623794e-08
1361620000.0 6.262400012669072e-08
1366170000.0 6.220824407526835e-08
1370730000.0 6.182060970769695e-08
1375300000.0 6.14350991645121e-08
1379890000.0 6.105125728665099e-08
1384500000.0 6.066908411238798e-08
1389120000.0 6.028901354089408e-08
1393760000.0 5.988521714336403e-08
1398410000.0 5.950897646760296e-08
1403080000.0 5.913438671949302e-08
1407770000.0 5.8761447434390464e-08
1412470000.0 5.839057140402095e-08
1417180000.0 5.802174595137288e-08
1421910000.0 5.7654553005250515e-08
1426660000.0 5.7288991771004565e-08
1431420000.0 5.692545901017906e-08
1436200000.0 5.656354830293807e-08
1441000000.0 5.6203258576690226e-08
1445810000.0 5.586944683316537e-08
1450640000.0 5.5512692647515227e-08
1455480000.0 5.5157927280704704e-08
1460340000.0 5.4804762955786555e-08
1465210000.0 5.4453569844040106e-08
1470100000.0 5.4128035091514883e-08
1475010000.0 5.377994177962773e-08
1479940000.0 5.34334361262652e-08
1484880000.0 5.3088873846396755e-08
1489840000.0 5.276963721868869e-08
1494810000.0 5.2428498504976444e-08
1499800000.0 5.208892611452197e-08
1504810000.0 5.177443046192783e-08
1509830000.0 5.14382468488173e-08
1514870000.0 5.1103616664193006e-08
1519930000.0 5.0793816223736056e-08
1525000000.0 5.046253942903565e-08
1530090000.0 5.015592674034397e-08
1535200000.0 4.9827650783267767e-08
1540330000.0 4.9523880466737497e-08
1545470000.0 4.919891446334741e-08
1550630000.0 4.8898290148215e-08
1555810000.0 4.857629349912032e-08
1561000000.0 4.8278790842872173e-08
1566210000.0 4.7982647169013444e-08
1571440000.0 4.766534475317152e-08
1576690000.0 4.73719873125224e-08
1581950000.0 4.705791346889866e-08
1587230000.0 4.676762380309176e-08
1592530000.0 4.647867534416429e-08
1597850000.0 4.6191065596083857e-08
1603180000.0 4.58830085823467e-08
1608540000.0 4.559813931634126e-08
1613910000.0 4.5314881457311286e-08
1619290000.0 4.50332242214989e-08
1624700000.0 4.473082857510658e-08
1630120000.0 4.4451872563270225e-08
1635570000.0 4.417395514695232e-08
1641030000.0 4.389761621455057e-08
1646500000.0 4.362284509773907e-08
1652000000.0 4.334910639848114e-08
1657520000.0 4.307666458754947e-08
1663050000.0 4.278449873635922e-08
1668600000.0 4.25149646052779e-08
1674170000.0 4.2246712853074623e-08
1679760000.0 4.1979739948229173e-08
1685370000.0 4.1714043735774775e-08
1691000000.0 4.1449619874445254e-08
1696640000.0 4.1186708155351146e-08
1702310000.0 4.0924817360857465e-08
1707990000.0 4.068514273441039e-08
1713690000.0 4.042593832946017e-08
1719410000.0 4.0167985281393005e-08
1725150000.0 3.9911280114510426e-08
1730910000.0 3.965581931262498e-08
1736690000.0 3.940159932013414e-08
1742490000.0 3.9148616543014034e-08
1748310000.0 3.891710505433148e-08
1754140000.0 3.866673883179643e-08
1760000000.0 3.841737646095277e-08
1765880000.0 3.8169236804395736e-08
1771770000.0 3.792253012807315e-08
1777690000.0 3.76967256959333e-08
1783620000.0 3.745237304990649e-08
1789580000.0 3.720901604630402e-08
1795550000.0 3.698677398765446e-08
1801550000.0 3.67457530177104e-08
1807560000.0 3.650613017951021e-08
1813590000.0 3.628720480630374e-08
1819650000.0 3.604969146898378e-08
1825720000.0 3.5832938336067754e-08
1831820000.0 3.5597723300213954e-08
1837940000.0 3.538293556546346e-08
1844070000.0 3.515019598500088e-08
1850230000.0 3.491843242566253e-08
1856400000.0 3.470707946796179e-08
1862600000.0 3.447757523950865e-08
1868820000.0 3.426815998254979e-08
1875060000.0 3.4059770799857124e-08
1881320000.0 3.383359723643727e-08
1887600000.0 3.3627312063067354e-08
1893900000.0 3.340336003332844e-08
1900230000.0 3.3198988893193365e-08
1906570000.0 3.299580176017925e-08
1912930000.0 3.277512249731045e-08
1919320000.0 3.257383144872814e-08
1925730000.0 3.235516686817401e-08
1932160000.0 3.2155932526520536e-08
1938610000.0 3.1957690142852405e-08
1945080000.0 3.176043596419099e-08
1951570000.0 3.1546036320554816e-08
1958090000.0 3.135064741635934e-08
1964630000.0 3.1156238221391954e-08
1971190000.0 3.096280490175352e-08
1977770000.0 3.075245388046374e-08
1984370000.0 3.056102027775048e-08
1990990000.0 3.0370550784256295e-08
1997640000.0 3.0180890452408644e-08
2004310000.0 2.999218938225369e-08
2011000000.0 2.98044436589459e-08
2017720000.0 2.9617502574953836e-08
2024450000.0 2.94141799562422e-08
2031210000.0 2.9229192308924326e-08
2037990000.0 2.9045146839389074e-08
2044800000.0 2.8861898427524893e-08
2051620000.0 2.8679726753492e-08
2058470000.0 2.849834687869921e-08
2065340000.0 2.8317895938098656e-08
2072240000.0 2.8138234130308143e-08
2079160000.0 2.7959495850048485e-08
2086100000.0 2.7781677047593226e-08
2093060000.0 2.76047736741334e-08
2100050000.0 2.7428651072012298e-08
2107060000.0 2.7270230350201007e-08
2114100000.0 2.7090979651252625e-08
2121150000.0 2.6922279780539062e-08
2128240000.0 2.674946662683199e-08
2135340000.0 2.6577676600113818e-08
2142470000.0 2.6406655425133385e-08
2149620000.0 2.623652466300293e-08
2156800000.0 2.6083564087537335e-08
2164000000.0 2.5915028706746632e-08
2171220000.0 2.574737392746868e-08
2178470000.0 2.5580478187075374e-08
2185750000.0 2.5414340804573843e-08
2193040000.0 2.5265324978803016e-08
2200360000.0 2.5100874124649627e-08
2207710000.0 2.4937174939785387e-08
2215080000.0 2.4790311575307063e-08
2222480000.0 2.462816964005574e-08
2229900000.0 2.4466884415907136e-08
2237340000.0 2.4322265921562615e-08
2244810000.0 2.416252134227374e-08
2252300000.0 2.4003623243684282e-08
2259820000.0 2.3861118810200834e-08
2267370000.0 2.3703641049792937e-08
2274940000.0 2.3547001549258425e-08
2282530000.0 2.3406697209845324e-08
2290150000.0 2.3251568534720243e-08
2297800000.0 2.3112565304947432e-08
2305470000.0 2.295893837486928e-08
2313170000.0 2.282133026670278e-08
2320890000.0 2.2669194847851702e-08
2328640000.0 2.2532972253482522e-08
2336410000.0 2.2382318003155082e-08
2344210000.0 2.2247471209350237e-08
2352040000.0 2.2098193730154645e-08
2359890000.0 2.1964713804030116e-08
2367770000.0 2.1816899258118405e-08
2375670000.0 2.168477626703823e-08
2383610000.0 2.1553167385702688e-08
2391560000.0 2.1407548382494063e-08
2399550000.0 2.127728502742434e-08
2407560000.0 2.1133014498064696e-08
2415600000.0 2.100408729213475e-08
2423660000.0 2.0875843204410465e-08
2431750000.0 2.073364335898203e-08
2439870000.0 2.060663482731675e-08
2448020000.0 2.0480217887944578e-08
2456190000.0 2.0354474153858966e-08
2464390000.0 2.021496068778492e-08
2472620000.0 2.0090438420497854e-08
2480870000.0 1.9966581370733865e-08
2489150000.0 1.9843306190118715e-08
2497460000.0 1.970644442775371e-08
2505800000.0 1.95843760788807e-08
2514170000.0 1.9462885348397572e-08
2522560000.0 1.934204749710713e-08
2530980000.0 1.92217829505662e-08
2539430000.0 1.908815730680843e-08
2547910000.0 1.896908139908802e-08
2556420000.0 1.8850574266150528e-08
2564950000.0 1.873270743811551e-08
2573520000.0 1.8615332626642325e-08
2582110000.0 1.8498593669223515e-08
2590730000.0 1.8382415989763996e-08
2599380000.0 1.826679802686927e-08
2608060000.0 1.8151738201193984e-08
2616760000.0 1.8037303845568002e-08
2625500000.0 1.792335482340547e-08
2634260000.0 1.7810026712159752e-08
2643060000.0 1.7683795322156708e-08
2651880000.0 1.7571611438715942e-08
2660740000.0 1.747320655176478e-08
2669620000.0 1.7362071185586526e-08
2678530000.0 1.72514794892679e-08
2687470000.0 1.714142975895978e-08
2696450000.0 1.7031857112957737e-08
2705450000.0 1.6922886761965103e-08
2714480000.0 1.6814453180013013e-08
2723540000.0 1.670655461127992e-08
2732640000.0 1.6599128543799738e-08
2741760000.0 1.649229527816166e-08
2750910000.0 1.638599168267086e-08
2760100000.0 1.628015697174005e-08
2769310000.0 1.6187684266528844e-08
2778560000.0 1.6082859032759757e-08
2787830000.0 1.5978614790711377e-08
2797140000.0 1.5874834491628178e-08
2806480000.0 1.5771574152617083e-08
2815850000.0 1.5668831900051885e-08
2825250000.0 1.557912926792416e-08
2834680000.0 1.5477375873864788e-08
2844140000.0 1.5376135042596825e-08
2853640000.0 1.5275351340034358e-08
2863170000.0 1.5187434995622906e-08
2872720000.0 1.5087680363676914e-08
2882320000.0 1.4988326768806586e-08
2891940000.0 1.4901764445565463e-08
2901590000.0 1.4803428998801777e-08
2911280000.0 1.470554341271134e-08
2921000000.0 1.4620270142074717e-08
2930750000.0 1.4523341111635339e-08
2940540000.0 1.4426858618094052e-08
2950350000.0 1.4342911688203984e-08
2960200000.0 1.4247375980412687e-08
2970090000.0 1.4152283350047523e-08
2980000000.0 1.4069600642142615e-08
2989950000.0 1.3975445339055957e-08
2999930000.0 1.3893569999951016e-08
3009950000.0 1.3800299117220692e-08
3020000000.0 1.3707510995299267e-08
3030080000.0 1.3626880433162554e-08
3040190000.0 1.3535012858463401e-08
3050340000.0 1.3455177259130098e-08
3060530000.0 1.3364135714579052e-08
3070750000.0 1.3285090918174164e-08
3081000000.0 1.3194958070402156e-08
3091280000.0 1.3116741438288377e-08
3101600000.0 1.3027467549419064e-08
3111960000.0 1.2949989077533523e-08
3122350000.0 1.2861569294809018e-08
3132770000.0 1.2784907780044606e-08
3143230000.0 1.2708592818385466e-08
3153720000.0 1.2621444859549936e-08
3164250000.0 1.2545897998231247e-08
3174820000.0 1.2459550657621315e-08
3185420000.0 1.238476724490733e-08
3196050000.0 1.2299293864363555e-08
3206720000.0 1.2225268440538163e-08
3217430000.0 1.2151582931745617e-08
3228170000.0 1.2067313787691704e-08
3238950000.0 1.199437935394376e-08
3249760000.0 1.1921818739506885e-08
3260610000.0 1.1838742610992014e-08
3271490000.0 1.1766924919003399e-08
3282420000.0 1.1695405177190668e-08
3293370000.0 1.1613546227615172e-08
3304370000.0 1.1542762886143118e-08
3315400000.0 1.1472345435401111e-08
3326470000.0 1.1402257863432694e-08
3337580000.0 1.1321898379334649e-08
3348720000.0 1.1252537163854803e-08
3359900000.0 1.1183502755971298e-08
3371110000.0 1.1114827332312527e-08
3382370000.0 1.1035983185210138e-08
3393660000.0 1.0967991226169778e-08
3404990000.0 1.0900322104631085e-08
3416360000.0 1.0832974985508526e-08
3427760000.0 1.076598043034996e-08
3439210000.0 1.0699274466630662e-08
3450690000.0 1.0622665210815222e-08
3462210000.0 1.05566615759161e-08
3473770000.0 1.0490974915782282e-08
3485370000.0 1.0425604338030565e-08
3497000000.0 1.0360578567368086e-08
3508680000.0 1.0295837154864747e-08
3520390000.0 1.0231438155140619e-08
3532140000.0 1.0167351018198655e-08
3543940000.0 1.0093562561258831e-08
3555770000.0 1.0030129834548458e-08
3567640000.0 9.967006037671176e-09
3579550000.0 9.904190213485497e-09
3591500000.0 9.843651703530649e-09
3603490000.0 9.780460490697489e-09
3615520000.0 9.718559496854787e-09
3627590000.0 9.656962581359354e-09
3639700000.0 9.595668749885535e-09
3651850000.0 9.534677001356403e-09
3664050000.0 9.473960471567921e-09
3676280000.0 9.413570110082342e-09
3688550000.0 9.35347878779971e-09
3700870000.0 9.293660366666151e-09
3713220000.0 9.23511714298659e-09
3725620000.0 9.175889203978355e-09
3738060000.0 9.11790318310106e-09
3750540000.0 9.060205199549867e-09
3763060000.0 9.001853987862282e-09
3775620000.0 8.944732124541688e-09
3788220000.0 8.887895196308327e-09
3800870000.0 8.831318928838983e-09
3813560000.0 8.775025963549372e-09
3826290000.0 8.719015247158606e-09
3839070000.0 8.664184780324242e-09
3851880000.0 8.608732541277655e-09
3864740000.0 8.553537246384958e-09
3877650000.0 8.499510928563115e-09
3890590000.0 8.445778035385829e-09
3903580000.0 8.391387496397936e-09
3916610000.0 8.338175978138778e-09
3929690000.0 8.285211920385753e-09
3942810000.0 8.232515755726572e-09
3955970000.0 8.180086416576826e-09
3969180000.0 8.127902356641562e-09
3982430000.0 8.075983379615896e-09
3995730000.0 8.025193815168851e-09
4009060000.0 7.973799019629e-09
4022450000.0 7.922626685771877e-09
4035880000.0 7.872592570835628e-09
4049350000.0 7.822813068118366e-09
4062870000.0 7.772397126153281e-09
4076440000.0 7.723088848243925e-09
4090040000.0 7.674051475569068e-09
4103700000.0 7.625227645719138e-09
4117400000.0 7.576654170675365e-09
4131150000.0 7.528311747319729e-09
4144940000.0 7.480217872283085e-09
4158780000.0 7.432353589307979e-09
4172660000.0 7.385583975400623e-09
4186590000.0 7.338191708143474e-09
4200570000.0 7.2918692925125345e-09
4214590000.0 7.244945910907261e-09
4228660000.0 7.199085279332844e-09
4242780000.0 7.1534445170281406e-09
4256940000.0 7.1072085865804974e-09
4271160000.0 7.062008421883292e-09
4285420000.0 7.017042731369187e-09
4299720000.0 6.972310437078983e-09
4314080000.0 6.927778345132769e-09
4328480000.0 6.884295538358786e-09
4342930000.0 6.840207629993671e-09
4357430000.0 6.796334144939015e-09
4371980000.0 6.753483740064345e-09
4386570000.0 6.710049813986726e-09
4401220000.0 6.667616879239096e-09
4415910000.0 6.624604245081527e-09
4430650000.0 6.582601126381669e-09
4445450000.0 6.5407882732474735e-09
4460290000.0 6.499194621428874e-09
4475180000.0 6.457804675279643e-09
4490120000.0 6.416617790932783e-09
4505110000.0 6.375633319525649e-09
4520150000.0 6.334850607354462e-09
4535240000.0 6.294268996026315e-09
4550380000.0 6.2546653792200365e-09
4565570000.0 6.214481389399436e-09
4580810000.0 6.175268898678901e-09
4596110000.0 6.135466529839898e-09
4611450000.0 6.096642661032726e-09
4626850000.0 6.057232965824392e-09
4642290000.0 6.018795050434492e-09
4657790000.0 5.980534932111257e-09
4673340000.0 5.942465031047492e-09
4688950000.0 5.9045720800930845e-09
4704600000.0 5.866880708606355e-09
4720310000.0 5.829365170606694e-09
4736060000.0 5.792049601403594e-09
4751880000.0 5.7556412072763416e-09
4767740000.0 5.71868433823769e-09
4783660000.0 5.68190126253673e-09
4799630000.0 5.646040569451238e-09
4815650000.0 5.60962474953794e-09
4831730000.0 5.574113481076386e-09
4847860000.0 5.538780665021281e-09
4864040000.0 5.502898200156084e-09
4880280000.0 5.467911444895805e-09
4896580000.0 5.433090191747097e-09
4912920000.0 5.398456045674242e-09
4929330000.0 5.36397534365174e-09
4945780000.0 5.329680350830761e-09
4962290000.0 5.295548706411899e-09
4978860000.0 5.262290659548853e-09
4995480000.0 5.228492632942254e-09
5012160000.0 5.194856565396823e-09
5028890000.0 5.162095883123329e-09
5045680000.0 5.1287902265877125e-09
5062530000.0 5.0963439926972925e-09
5079430000.0 5.063366609670547e-09
5096390000.0 5.031242966299603e-09
5113400000.0 4.999283534219973e-09
5130470000.0 4.967477932185788e-09
5147600000.0 4.9358257420160835e-09
5164790000.0 4.904326540374891e-09
5182030000.0 4.872989302517285e-09
5199330000.0 4.841804009013563e-09
5216690000.0 4.81077022423133e-09
5234100000.0 4.779896640092123e-09
5251580000.0 4.749164458461465e-09
5269110000.0 4.719262901643669e-09
5286700000.0 4.688837163171837e-09
5304350000.0 4.659227556902007e-09
5322060000.0 4.629097337180355e-09
5339830000.0 4.5997779021479574e-09
5357660000.0 4.570601773188178e-09
5375540000.0 4.540918750302356e-09
5393490000.0 4.5120299916960924e-09
5411500000.0 4.483283174873084e-09
5429560000.0 4.454686044861532e-09
5447690000.0 4.426221650396969e-09
5465880000.0 4.3978978103368125e-09
5484120000.0 4.369722023674993e-09
5502430000.0 4.341677805149589e-09
5520800000.0 4.313772726108892e-09
5539230000.0 4.286645058060044e-09
5557730000.0 4.259007034558932e-09
5576280000.0 4.232148960443827e-09
5594900000.0 4.204783975773739e-09
5613580000.0 4.178186167298054e-09
5632320000.0 4.151092367964498e-09
5651120000.0 4.124760579300799e-09
5669990000.0 4.098552809416392e-09
5688920000.0 4.071854008278491e-09
5707910000.0 4.04590964884524e-09
5726970000.0 4.020088211166601e-09
5746090000.0 3.99439636721133e-09
5765270000.0 3.968833629757834e-09
5784520000.0 3.943392692842016e-09
5803830000.0 3.918080015879703e-09
5823200000.0 3.8935027056565905e-09
5842650000.0 3.868429804034822e-09
5862150000.0 3.8434904998181014e-09
5881720000.0 3.818671115332466e-09
5901360000.0 3.794570893741382e-09
5921060000.0 3.769994786145432e-09
5940830000.0 3.7461331069009994e-09
5960660000.0 3.7223922455713e-09
5980560000.0 3.6981739170665768e-09
6000530000.0 3.6746630078456554e-09
6020560000.0 3.6512716816184016e-09
6040660000.0 3.6279934398726163e-09
6060830000.0 3.6042441862691385e-09
6081060000.0 3.5811989864401962e-09
6101360000.0 3.5582657842675155e-09
6121730000.0 3.53544425228079e-09
6142170000.0 3.513310106620795e-09
6162680000.0 3.490709002349549e-09
6183250000.0 3.4682241817193146e-09
6203890000.0 3.445849586087506e-09
6224610000.0 3.424147791379801e-09
6245390000.0 3.4019907805144417e-09
6266240000.0 3.3799429670318336e-09
6287160000.0 3.3585667634992262e-09
6308150000.0 3.337295309697771e-09
6329210000.0 3.3155692455909186e-09
6350340000.0 3.294508139714525e-09
6371540000.0 3.27355076088716e-09
6392810000.0 3.2521433034986925e-09
6414150000.0 3.2313941873993824e-09
6435570000.0 3.2107427659361933e-09
6457050000.0 3.1901987157051994e-09
6478610000.0 3.169751754205382e-09
6500240000.0 3.1494065153564785e-09
6521940000.0 3.129162642166146e-09
6543710000.0 3.1090197758637507e-09
6565560000.0 3.0889728511483645e-09
6587480000.0 3.0695634090282927e-09
6609470000.0 3.049715084685152e-09
6631540000.0 3.0299618423235442e-09
6653680000.0 3.0108397351484165e-09
6675890000.0 2.99128309843791e-09
6698180000.0 2.972348891363132e-09
6720540000.0 2.952983047823391e-09
6742980000.0 2.9342355553982198e-09
6765490000.0 2.915582262106538e-09
6788070000.0 2.896501573131607e-09
6810740000.0 2.878028878895325e-09
6833480000.0 2.8596494582215292e-09
6856290000.0 2.8413629459792007e-09
6879180000.0 2.8231648722678877e-09
6902150000.0 2.805054989985428e-09
6925190000.0 2.7870370736756675e-09
6948310000.0 2.7691067677418123e-09
6971510000.0 2.7512638178082252e-09
6994780000.0 2.7335118747992546e-09
7018130000.0 2.7158466948786135e-09
7041560000.0 2.6987704877754777e-09
7065070000.0 2.6812763764577563e-09
7088660000.0 2.6638682433831706e-09
7112320000.0 2.6470470132548064e-09
7136070000.0 2.6298083379833077e-09
7159890000.0 2.613152651451966e-09
7183800000.0 2.5960823673716646e-09
7207780000.0 2.5795911725796916e-09
7231840000.0 2.5631809903244995e-09
7255990000.0 2.5463604258259e-09
7280210000.0 2.5301131337365805e-09
7304520000.0 2.513942612044634e-09
7328900000.0 2.497855508971904e-09
7353370000.0 2.481844703976009e-09
7377920000.0 2.4659133661042652e-09
7402550000.0 2.450061221230508e-09
7427260000.0 2.434287993740869e-09
7452060000.0 2.4185901610512695e-09
7476940000.0 2.4029707536419504e-09
7501900000.0 2.387429490916644e-09
7526950000.0 2.371962939713895e-09
7552080000.0 2.3570425337527103e-09
7577290000.0 2.341729421663299e-09
7602590000.0 2.3264903250927687e-09
7627970000.0 2.311791919720543e-09
7653430000.0 2.2967046880996697e-09
7678980000.0 2.282151521460707e-09
7704620000.0 2.2672091604048334e-09
7730340000.0 2.25280031287912e-09
7756150000.0 2.238004876367003e-09
7782050000.0 2.22373652842858e-09
7808030000.0 2.2095402015977555e-09
7834090000.0 2.1954156142583282e-09
7860250000.0 2.181356933778026e-09
7886490000.0 2.1669208976237463e-09
7912820000.0 2.15300326800362e-09
7939240000.0 2.1391537034209977e-09
7965740000.0 2.1253746641958986e-09
7992340000.0 2.1116605783532172e-09
8019020000.0 2.0980165451662765e-09
8045790000.0 2.0844396840139995e-09
8072650000.0 2.071368072754109e-09
8099600000.0 2.0579234532251207e-09
8126640000.0 2.0445453632701725e-09
8153770000.0 2.0312335839972982e-09
8181000000.0 2.018417915592851e-09
8208310000.0 2.0052366804724555e-09
8235710000.0 1.9925507095276953e-09
8263210000.0 1.979496725024304e-09
8290790000.0 1.9669371242624106e-09
8318470000.0 1.954011972115943e-09
8346240000.0 1.941575545031391e-09
8374110000.0 1.9287760497756236e-09
8402070000.0 1.9164620520255176e-09
8430120000.0 1.904209408731729e-09
8458260000.0 1.89201790060994e-09
8486500000.0 1.8794681738333583e-09
8514830000.0 1.8673974893817364e-09
8543260000.0 1.855385142414932e-09
8571780000.0 1.8434331234659893e-09
8600400000.0 1.831539077989257e-09
8629110000.0 1.8197049514508812e-09
8657920000.0 1.8079284286398843e-09
8686820000.0 1.7962114108690335e-09
8715820000.0 1.7845516216994907e-09
8744920000.0 1.7733534898853405e-09
8774120000.0 1.7618063017195604e-09
8803410000.0 1.750317821766696e-09
8832800000.0 1.7388858484959105e-09
8862290000.0 1.7279094464209517e-09
8891880000.0 1.7165886308854218e-09
8921560000.0 1.7053257078888664e-09
8951350000.0 1.694511923654003e-09
8981230000.0 1.6833590516082759e-09
9011220000.0 1.6726523711998003e-09
9041300000.0 1.6620001753874263e-09
9071480000.0 1.6510103856268083e-09
9101770000.0 1.640462391197883e-09
9132160000.0 1.6299665209173329e-09
9162640000.0 1.6191382144064936e-09
9193230000.0 1.60874733431702e-09
9223930000.0 1.5984063128829624e-09
9254720000.0 1.588118454898455e-09
9285620000.0 1.577880132096132e-09
9316620000.0 1.5673131263828158e-09
9347720000.0 1.557178061051033e-09
9378930000.0 1.5470920659579778e-09
9410240000.0 1.5370566399478173e-09
9441660000.0 1.5274447225256554e-09
9473180000.0 1.5175070487638658e-09
9504810000.0 1.5076178387086301e-09
9536540000.0 1.4977785229090925e-09
9568380000.0 1.4879873583815421e-09
9600320000.0 1.4782457423833875e-09
9632370000.0 1.468919282471201e-09
9664530000.0 1.4592719681375538e-09
9696790000.0 1.449673696094454e-09
9729170000.0 1.4404849810344343e-09
9761650000.0 1.4309801056438306e-09
9794240000.0 1.4218835572374322e-09
9826940000.0 1.4124714811492144e-09
9859740000.0 1.4034664565539772e-09
9892660000.0 1.3941465738912315e-09
9925690000.0 1.385229632302629e-09
9958820000.0 1.3763580195674727e-09
9992070000.0 1.3671747153248785e-09
10025400000.0 1.358394410311341e-09
10058900000.0 1.3496494829965872e-09
10092500000.0 1.3409493235465384e-09
10126200000.0 1.332293744076998e-09
10160000000.0 1.3233343106889595e-09
10193900000.0 1.3147684850723367e-09
10227900000.0 1.3062466707103082e-09
10262100000.0 1.2977560330475271e-09
10296300000.0 1.2893218000753762e-09
10330700000.0 1.2809186128234453e-09
10365200000.0 1.272558925720124e-09
10399800000.0 1.2642425469964143e-09
10434500000.0 1.2563083695130687e-09
10469400000.0 1.2480649841503036e-09
10504300000.0 1.2398763752408315e-09
10539400000.0 1.231718624572684e-09
10574600000.0 1.2239380509193879e-09
10609900000.0 1.2158641623984428e-09
10645300000.0 1.2078324744263026e-09
10680800000.0 1.200174058257915e-09
10716500000.0 1.192213963964001e-09
10752300000.0 1.184295714237819e-09
10788200000.0 1.1767470801088341e-09
10824200000.0 1.1689108398781628e-09
10860300000.0 1.161441650271174e-09
10896600000.0 1.1540007705037216e-09
10933000000.0 1.1462751906384291e-09
10969500000.0 1.138913049882016e-09
11006100000.0 1.13158945876483e-09
11042800000.0 1.1239838270629453e-09
11079700000.0 1.1167277676220043e-09
11116700000.0 1.1095098984727797e-09
11153800000.0 1.102330033691045e-09
11191000000.0 1.09487182496312e-09
11228400000.0 1.087758775479419e-09
11265900000.0 1.0806833609408875e-09
11303500000.0 1.0736453945640537e-09
11341200000.0 1.0666446900579845e-09
11379100000.0 1.0596717491116565e-09
11417100000.0 1.0527358822947408e-09
11455200000.0 1.045836902295737e-09
11493400000.0 1.038974622357959e-09
11531800000.0 1.0321399058290819e-09
11570300000.0 1.0256474927635739e-09
11608900000.0 1.018884582256133e-09
11647700000.0 1.0121491168543203e-09
11686600000.0 1.0054497723730518e-09
11725600000.0 9.987863607189187e-10
11764700000.0 9.92459439741628e-10
11804000000.0 9.85857981375735e-10
11843400000.0 9.792920659261722e-10
11883000000.0 9.730510706953302e-10
11922600000.0 9.665547711492007e-10
11962400000.0 9.603812056097473e-10
12002400000.0 9.539378937059997e-10
12042500000.0 9.478233252978598e-10
12082700000.0 9.414487189395027e-10
12123000000.0 9.35400532526018e-10
12163500000.0 9.290862578405698e-10
12204100000.0 9.230962477139944e-10
12244800000.0 9.171384698981565e-10
12285700000.0 9.109173411071249e-10
12326700000.0 9.050171900932444e-10
12367900000.0 8.991416179468613e-10
12409200000.0 8.932978625606471e-10
12450600000.0 8.874857481221927e-10
12492200000.0 8.814148106018981e-10
12533900000.0 8.756594768175608e-10
12575700000.0 8.69935394130444e-10
12617700000.0 8.642355386044063e-10
12659800000.0 8.585667210328295e-10
12702100000.0 8.529220518193064e-10
12744500000.0 8.473082046291819e-10
12787000000.0 8.417250045655123e-10
12829700000.0 8.361657601395052e-10
12872600000.0 8.306304920796428e-10
12915500000.0 8.251319958055834e-10
12958700000.0 8.19650930364127e-10
13001900000.0 8.144784153734413e-10
13045300000.0 8.090565282765861e-10
13088900000.0 8.036583171854894e-10
13132600000.0 7.982898715632667e-10
13176400000.0 7.932195413638092e-10
13220400000.0 7.879032543878172e-10
13264500000.0 7.826163371247546e-10
13308800000.0 7.776186283756346e-10
13353300000.0 7.72377541192683e-10
13397800000.0 7.671712699316949e-10
13442600000.0 7.622456695747254e-10
13487400000.0 7.570904590438344e-10
13532500000.0 7.522141699495402e-10
13577700000.0 7.471041836485388e-10
13623000000.0 7.422823806693906e-10
13668500000.0 7.374817477699421e-10
13714100000.0 7.324496313193041e-10
13759900000.0 7.276974314065081e-10
13805800000.0 7.227152432957903e-10
13851900000.0 7.180111395135232e-10
13898200000.0 7.133279777929311e-10
13944600000.0 7.086708330462018e-10
13991100000.0 7.037866585171059e-10
14037800000.0 6.991769305384767e-10
14084700000.0 6.945879083720193e-10
14131700000.0 6.900244634815153e-10
14178900000.0 6.854816035176271e-10
14226200000.0 6.807153932602308e-10
14273700000.0 6.762191810906106e-10
14321400000.0 6.717434135396958e-10
14369200000.0 6.672927177714662e-10
14417200000.0 6.628623392708783e-10
14465300000.0 6.584568114916704e-10
14513600000.0 6.54071471778526e-10
14562000000.0 6.49710761594504e-10
14610700000.0 6.453656914366542e-10
14659400000.0 6.412908497932801e-10
14708400000.0 6.36989440115442e-10
14757500000.0 6.32712307540459e-10
14806700000.0 6.284592972142801e-10
14856200000.0 6.242218517250064e-10
14905800000.0 6.202457599849139e-10
14955500000.0 6.160553406250199e-10
15005500000.0 6.118804467863014e-10
15055600000.0 6.077292463791681e-10
15105800000.0 6.038358125602282e-10
15156300000.0 5.99722848908154e-10
15206900000.0 5.956332857085282e-10
15257600000.0 5.91798866664948e-10
15308600000.0 5.877471999765799e-10
15359700000.0 5.839489938701643e-10
15411000000.0 5.799388591708472e-10
15462400000.0 5.761804334558687e-10
15514000000.0 5.722114691119237e-10
15565800000.0 5.68488822122119e-10
15617800000.0 5.645570890216832e-10
15669900000.0 5.608736673819836e-10
15722200000.0 5.569825264939579e-10
15774700000.0 5.533344693483492e-10
15827400000.0 5.497036676406422e-10
15880200000.0 5.45870721196828e-10
15933200000.0 5.422784376230742e-10
15986400000.0 5.387032338689177e-10
16039800000.0 5.351450737233733e-10
16093400000.0 5.313840674464396e-10
16147100000.0 5.278638843277512e-10
16201000000.0 5.243605642994094e-10
16255100000.0 5.208740689261113e-10
16309400000.0 5.174043590436762e-10
16363800000.0 5.139545355585521e-10
16418400000.0 5.10305853585453e-10
16473200000.0 5.068899911427959e-10
16528200000.0 5.034906872907884e-10
16583400000.0 5.001079002656699e-10
16638800000.0 4.967415876656858e-10
16694300000.0 4.93394661916817e-10
16750100000.0 4.900611387409043e-10
16806000000.0 4.867468556235944e-10
16862100000.0 4.834488130894864e-10
16918400000.0 4.803760984983253e-10
16974900000.0 4.77109706709328e-10
17031500000.0 4.738622045037887e-10
17088400000.0 4.706279529735014e-10
17145500000.0 4.67409716087515e-10
17202700000.0 4.642101450798185e-10
17260100000.0 4.6123143066392626e-10
17317800000.0 4.5806021503820007e-10
17375600000.0 4.5490744305662236e-10
17433600000.0 4.5177039413321143e-10
17491800000.0 4.4885129585283364e-10
17550200000.0 4.4574487312877937e-10
17608800000.0 4.4265402798434937e-10
17667600000.0 4.3977897403205035e-10
17726500000.0 4.3672093065155344e-10
17785700000.0 4.3367582680360457e-10
17845100000.0 4.3084437220406235e-10
17904700000.0 4.278293119686351e-10
17964500000.0 4.250264819862876e-10
18024400000.0 4.2204360817718063e-10
18084600000.0 4.1926918841813573e-10
18145000000.0 4.1631359275021925e-10
18205600000.0 4.1356741299877905e-10
18266300000.0 4.106435057825987e-10
18327300000.0 4.0792534761337065e-10
18388500000.0 4.052208161053035e-10
18449900000.0 4.0233809140095517e-10
18511500000.0 3.9966130816931787e-10
18573300000.0 3.969980057294166e-10
18635300000.0 3.941582714203841e-10
18697500000.0 3.915224168492114e-10
18759900000.0 3.8889989513142263e-10
18822600000.0 3.861006300012798e-10
18885400000.0 3.8350527242737435e-10
18948500000.0 3.8092108744954917e-10
19011700000.0 3.7835206631577546e-10
19075200000.0 3.756086727668251e-10
19138900000.0 3.7306445555385056e-10
19202800000.0 3.705332587975418e-10
19266900000.0 3.680150317734189e-10
19331200000.0 3.6550972362363084e-10
19395700000.0 3.6301728336440446e-10
19460500000.0 3.60535807229456e-10
19525500000.0 3.5806713427193547e-10
19590600000.0 3.55613027873803e-10
19656000000.0 3.5316978721522045e-10
19721700000.0 3.5073741569642686e-10
19787500000.0 3.483194362490497e-10
19853600000.0 3.459122576467704e-10
19919900000.0 3.4351760561316924e-10
19986400000.0 3.411354273751961e-10
20053100000.0 3.387656701123253e-10
20120000000.0 3.3640828096259046e-10
20187200000.0 3.3406155220165107e-10
20254600000.0 3.317271197773849e-10
20322200000.0 3.2957903435320014e-10
20390100000.0 3.272668503622079e-10
20458100000.0 3.2496842615923793e-10
20526400000.0 3.2268051450065075e-10
20595000000.0 3.204031107785389e-10
20663700000.0 3.1831051545335984e-10
20732700000.0 3.160565556734744e-10
20801900000.0 3.138145316268848e-10
20871400000.0 3.1158289616830436e-10
20941100000.0 3.0953207762613875e-10
21011000000.0 3.073235421643227e-10
21081100000.0 3.0512675799898666e-10
21151500000.0 3.031075162396058e-10
21222100000.0 3.0093211243844273e-10
21293000000.0 2.9893309139479927e-10
21364000000.0 2.9678033461464677e-10
21435400000.0 2.946363409287985e-10
21506900000.0 2.926697364117912e-10
21578700000.0 2.905481566393067e-10
21650800000.0 2.8860007202330603e-10
21723100000.0 2.8649940353817125e-10
21795600000.0 2.8457239647863027e-10
21868300000.0 2.824937868205342e-10
21941400000.0 2.8058509530007546e-10
22014600000.0 2.7868781361944634e-10
22088100000.0 2.7663916295853954e-10
22161800000.0 2.7476127512359576e-10
22235800000.0 2.727330332469243e-10
22310100000.0 2.708731969987381e-10
22384600000.0 2.690233037021495e-10
22459300000.0 2.6702576650603493e-10
22534300000.0 2.651949574372658e-10
22609500000.0 2.63373964973492e-10
22685000000.0 2.6140561669411603e-10
22760700000.0 2.5960349841593676e-10
22836700000.0 2.578099409321487e-10
22912900000.0 2.560260468895159e-10
22989400000.0 2.542506608029952e-10
23066200000.0 2.523303749686656e-10
23143200000.0 2.5057355191986515e-10
23220500000.0 2.488251656287079e-10
23298000000.0 2.4708626020134787e-10
23375800000.0 2.4535573635386134e-10
23453800000.0 2.4363461586396156e-10
23532100000.0 2.417714656655393e-10
23610700000.0 2.400674795274019e-10
23689500000.0 2.383727883900976e-10
23768600000.0 2.3668634678764457e-10
23847900000.0 2.350091217233551e-10
23927500000.0 2.333400884185974e-10
24007400000.0 2.3167922795994485e-10
24087600000.0 2.3002652107371304e-10
24168000000.0 2.2838289311092195e-10
24248700000.0 2.267473593386182e-10
24329600000.0 2.2512082500673842e-10
24410900000.0 2.2350140944305751e-10
24492400000.0 2.2189093300220166e-10
24574100000.0 2.2028934606568364e-10
24656200000.0 2.1869482527081656e-10
24738500000.0 2.1725215597484213e-10
24821100000.0 2.1567389810577386e-10
24903900000.0 2.1410439023457429e-10
24987100000.0 2.1254188183712424e-10
25070500000.0 2.1098806116120538e-10
25154200000.0 2.0944204622017755e-10
25238200000.0 2.0804400586305344e-10
25322400000.0 2.0651388337845177e-10
25407000000.0 2.049906754891211e-10
25491800000.0 2.0347598144664923e-10
25576900000.0 2.0210729734967949e-10
25662300000.0 2.0060746952816425e-10
25748000000.0 1.9911527097103472e-10
25833900000.0 1.9763144274197063e-10
25920200000.0 1.962909251623491e-10
26006700000.0 1.9482175631982198e-10
26093500000.0 1.9336010507491544e-10
26180700000.0 1.920403584133974e-10
26268100000.0 1.9059322688748808e-10
26355800000.0 1.892877868607499e-10
26443700000.0 1.8785578359435873e-10
26532000000.0 1.8643045817592861e-10
26620600000.0 1.8514541468130184e-10
26709500000.0 1.8373436259588005e-10
26798600000.0 1.824633401556792e-10
26888100000.0 1.810664568781572e-10
26977900000.0 1.798079950228485e-10
27068000000.0 1.7842518991489945e-10
27158300000.0 1.7718053598192174e-10
27249000000.0 1.7581170252293368e-10
27340000000.0 1.7457945105299e-10
27431200000.0 1.7322512771874144e-10
27522800000.0 1.720058363691073e-10
27614700000.0 1.706646519755515e-10
27706900000.0 1.694582315109445e-10
27799400000.0 1.6825799781261166e-10
27892200000.0 1.6693707617475533e-10
27985300000.0 1.6574956944620345e-10
28078700000.0 1.6444216995489224e-10
28172500000.0 1.6326671283179554e-10
28266500000.0 1.6209791014080582e-10
28360900000.0 1.6093458552924681e-10
28455600000.0 1.5965295472335885e-10
28550600000.0 1.5850208850837945e-10
28645900000.0 1.5735720776476447e-10
28741600000.0 1.5609464224671769e-10
28837500000.0 1.549620764400378e-10
28933800000.0 1.5383489168657135e-10
29030400000.0 1.5271360707473014e-10
29127300000.0 1.5147672563237378e-10
29224500000.0 1.5036757310657732e-10
29322100000.0 1.492637379312702e-10
29420000000.0 1.4816571583058555e-10
29518200000.0 1.4707348244395507e-10
29616800000.0 1.4598652046198385e-10
29715600000.0 1.4478672855025907e-10
29814800000.0 1.4371163384122678e-10
29914400000.0 1.4264176217442893e-10
30014300000.0 1.415775760264962e-10
30114500000.0 1.4051905061924964e-10
30215000000.0 1.3946616116547155e-10
30315900000.0 1.3841842628310725e-10
30417100000.0 1.3737628765061036e-10
30518600000.0 1.363397203291996e-10
30620500000.0 1.3530825749351052e-10
30722700000.0 1.3428232571751078e-10
30825300000.0 1.3326146762765313e-10
30928200000.0 1.3224609992835104e-10
31031500000.0 1.312357745370142e-10
31135100000.0 1.3023089848070778e-10
31239000000.0 1.2923144649406236e-10
31343300000.0 1.2823698419660163e-10
31448000000.0 1.2724749988904458e-10
31553000000.0 1.26263381810034e-10
31658300000.0 1.252846045426739e-10
31764000000.0 1.2431075134538038e-10
31870000000.0 1.2334219690856581e-10
31976400000.0 1.2248918274943568e-10
32083200000.0 1.2153002858226066e-10
32190300000.0 1.2057611525061013e-10
32297800000.0 1.1962704681102256e-10
32405600000.0 1.186831764335292e-10
32513800000.0 1.177441164052096e-10
32622300000.0 1.169186703503054e-10
32731200000.0 1.1598918003342675e-10
32840500000.0 1.1506445271087309e-10
32950100000.0 1.1414482107771318e-10
33060200000.0 1.1333659677757002e-10
33170500000.0 1.1242639292525441e-10
33281300000.0 1.1152054686170557e-10
33392400000.0 1.1061971843922004e-10
33503900000.0 1.0982915940540879e-10
33615700000.0 1.0893761794471648e-10
33727900000.0 1.0805070559642124e-10
33840500000.0 1.0727296231079918e-10
33953500000.0 1.0639491630671153e-10
34066900000.0 1.0552145632743985e-10
34180600000.0 1.0475638778588802e-10
34294700000.0 1.0389200949696761e-10
34409200000.0 1.0313499255689521e-10
34524100000.0 1.0227932648874408e-10
34639300000.0 1.0146931596747258e-10
34755000000.0 1.0067340743372955e-10
34871000000.0 9.987177472172562e-11
34987400000.0 9.907432496508225e-11
35104200000.0 9.829112288701968e-11
35221400000.0 9.751200789343165e-11
35339000000.0 9.67369657767597e-11
35457000000.0 9.596598224192988e-11
35575400000.0 9.519904290940666e-11
35694200000.0 9.443613331820025e-11
35813300000.0 9.367750049991766e-11
35932900000.0 9.293245035124e-11
36052900000.0 9.218150673020117e-11
36173200000.0 9.144456837010936e-11
36294000000.0 9.071126569510143e-11
36415100000.0 8.998208692850995e-11
36536700000.0 8.925652043788175e-11
36658700000.0 8.85348014756422e-11
36781100000.0 8.781691530235626e-11
36903900000.0 8.711243466964306e-11
37027100000.0 8.640213774174623e-11
37150700000.0 8.570515303224317e-11
37274700000.0 8.500238621175562e-11
37399200000.0 8.431261309613234e-11
37524000000.0 8.3626748589767e-11
37649300000.0 8.294432960134616e-11
37775000000.0 8.226556671972219e-11
37901100000.0 8.159044505871995e-11
38027600000.0 8.092825393655579e-11
38154600000.0 8.026012862866638e-11
38282000000.0 7.960484708108333e-11
38409800000.0 7.894387865429076e-11
38538000000.0 7.829566252836926e-11
38666700000.0 7.765074068128424e-11
38795800000.0 7.700930376184359e-11
38925300000.0 7.637133687001639e-11
39055200000.0 7.574588451868999e-11
39185600000.0 7.511459110584141e-11
39316500000.0 7.448653805450073e-11
39447700000.0 7.387106075658832e-11
39579400000.0 7.325873846990003e-11
39711600000.0 7.264956293333566e-11
39844100000.0 7.203500733022384e-11
39977200000.0 7.14323040521613e-11
40110600000.0 7.084189200229186e-11
40244500000.0 7.024572956143125e-11
40378900000.0 6.96526585251929e-11
40513700000.0 6.907157384084833e-11
40648900000.0 6.848496493395562e-11
40784700000.0 6.790992158571558e-11
40920800000.0 6.733820127392425e-11
41057400000.0 6.676945823366954e-11
41194500000.0 6.620368355669155e-11
41332000000.0 6.564102705093377e-11
41470000000.0 6.508131704514735e-11
41608500000.0 6.452454439970981e-11
41747400000.0 6.397932832352588e-11
41886800000.0 6.342852399912692e-11
42026600000.0 6.288919409718769e-11
42166900000.0 6.235270105801249e-11
42307700000.0 6.18190356800617e-11
42448900000.0 6.12883330649224e-11
42590600000.0 6.076043603606953e-11
42732800000.0 6.023533521407589e-11
42875500000.0 5.972127336216427e-11
43018600000.0 5.920184668114984e-11
43162300000.0 5.869324584281018e-11
43306400000.0 5.817931277223145e-11
43450900000.0 5.767640058187002e-11
43596000000.0 5.717603535751419e-11
43741500000.0 5.667847149388112e-11
43887600000.0 5.61834386991545e-11
44034100000.0 5.5691184960210954e-11
44181100000.0 5.5209579409861026e-11
44328600000.0 5.4722569002143615e-11
44476600000.0 5.424613422512083e-11
44625100000.0 5.376432852543571e-11
44774100000.0 5.32930260594631e-11
44923500000.0 5.282437965202161e-11
45073500000.0 5.235814304427609e-11
45224000000.0 5.189442556418636e-11
45375000000.0 5.143321747489476e-11
45526500000.0 5.0974509003150593e-11
45678500000.0 5.0526036169000617e-11
45831000000.0 5.007227170156183e-11
45984000000.0 4.962867178514351e-11
46137500000.0 4.9187480951109154e-11
46291500000.0 4.874868953037939e-11
46446100000.0 4.831218380895957e-11
46601100000.0 4.787816337861287e-11
46756700000.0 4.744641171076734e-11
46912800000.0 4.701702301825077e-11
47069400000.0 4.659750441411037e-11
47226600000.0 4.6172689401381555e-11
47384200000.0 4.5757773901473884e-11
47542400000.0 4.5345036996894384e-11
47701200000.0 4.4934472586435644e-11
47860400000.0 4.4526260552753776e-11
48020200000.0 4.4120203942881305e-11
48180500000.0 4.371638721467983e-11
48341400000.0 4.331471101407519e-11
48502700000.0 4.292264071154637e-11
48664700000.0 4.252528716829351e-11
48827100000.0 4.213747154926176e-11
48990100000.0 4.175171578966087e-11
49153700000.0 4.136801352352256e-11
49317800000.0 4.09864414259208e-11
49482500000.0 4.0606907807394194e-11
49647700000.0 4.022948717067436e-11
49813400000.0 3.985416985846369e-11
49979700000.0 3.9487946451396765e-11
50146600000.0 3.9116628283492414e-11
50314000000.0 3.875442072405812e-11
50482000000.0 3.8394159041629486e-11
50650500000.0 3.803591177123264e-11
50819600000.0 3.767959530571076e-11
50989300000.0 3.7325203013718123e-11
51159500000.0 3.697280048586592e-11
51330300000.0 3.6622306880846926e-11
51501700000.0 3.628058547815684e-11
51673600000.0 3.5933936121146374e-11
51846100000.0 3.5595997997614516e-11
52019200000.0 3.525989446240186e-11
52192900000.0 3.492561885338864e-11
52367100000.0 3.459323052999842e-11
52541900000.0 3.4262654999570507e-11
52717300000.0 3.393388551683008e-11
52893400000.0 3.360685176583164e-11
53069900000.0 3.3288404561351445e-11
53247100000.0 3.296499023355109e-11
53424900000.0 3.264997743570029e-11
53603200000.0 3.233675279729887e-11
53782200000.0 3.202518817719984e-11
53961800000.0 3.171533795431997e-11
54141900000.0 3.1407253377939263e-11
54322700000.0 3.110081088941963e-11
54504000000.0 3.08026105523902e-11
54686000000.0 3.0499527001190464e-11
54868500000.0 3.0204627417040766e-11
55051700000.0 2.991130274408785e-11
55235500000.0 2.9619602087814915e-11
55419900000.0 2.932313445461156e-11
55604900000.0 2.9041046073477343e-11
55790600000.0 2.875412576053851e-11
55976800000.0 2.8468854855952814e-11
56163700000.0 2.8191423965135355e-11
56351200000.0 2.790925737154616e-11
56539400000.0 2.7634878114119444e-11
56728100000.0 2.7362078252143437e-11
56917500000.0 2.7084537745688372e-11
57107500000.0 2.6814752191746985e-11
57298200000.0 2.6552606578310265e-11
57489500000.0 2.6285771243362878e-11
57681400000.0 2.6020435175728805e-11
57874000000.0 2.57626607976022e-11
58067200000.0 2.5500239630125147e-11
58261000000.0 2.5245371965904278e-11
58455600000.0 2.4991852235896914e-11
58650700000.0 2.473980394122904e-11
58846500000.0 2.4489135640539178e-11
59043000000.0 2.4239842520301052e-11
59240100000.0 2.399196023270186e-11
59437900000.0 2.3751395029797504e-11
59636300000.0 2.3506256157688314e-11
59835400000.0 2.3268383989361945e-11
60035200000.0 2.3031821041945183e-11
60235600000.0 2.2790726481890007e-11
60436700000.0 2.255682397173991e-11
60638500000.0 2.2330050057279558e-11
60840900000.0 2.209874705434447e-11
61044000000.0 2.1868727129922457e-11
61247800000.0 2.1645762231206336e-11
61452300000.0 2.1418274584430514e-11
61657500000.0 2.119779381762628e-11
61863300000.0 2.097857226135343e-11
62069800000.0 2.0760570300553226e-11
62277100000.0 2.054375016670288e-11
62485000000.0 2.032817349079403e-11
62693600000.0 2.011380200910074e-11
62902900000.0 1.990625571330455e-11
63112900000.0 1.969426138830442e-11
63323600000.0 1.9489045228707536e-11
63535000000.0 1.9284977718033385e-11
63747100000.0 1.9082054151262057e-11
63959900000.0 1.888026981056231e-11
64173500000.0 1.867959085802162e-11
64387700000.0 1.8480071175052336e-11
64602700000.0 1.8281648192236295e-11
64818400000.0 1.808980484468027e-11
65034800000.0 1.789904142121239e-11
65251900000.0 1.7703930979648564e-11
65469700000.0 1.7515331620074172e-11
65688300000.0 1.7327771905234415e-11
65907600000.0 1.7141274328278527e-11
66127600000.0 1.695583424461631e-11
66348400000.0 1.6776754451882832e-11
66569900000.0 1.65933730973179e-11
66792200000.0 1.641630876407958e-11
67015100000.0 1.6234994067128094e-11
67238900000.0 1.6059928722644316e-11
67463300000.0 1.5885883611830765e-11
67688600000.0 1.5712783575831615e-11
67914600000.0 1.554067185600812e-11
68141300000.0 1.5374736336380956e-11
68368800000.0 1.5204548150607422e-11
68597000000.0 1.5040493314364115e-11
68826000000.0 1.4872212686578455e-11
69055800000.0 1.4710001457555128e-11
69286400000.0 1.4548698257361068e-11
69517700000.0 1.4388320315905279e-11
69749800000.0 1.4228842857057586e-11
69982600000.0 1.407028249589729e-11
70216300000.0 1.3912595224806325e-11
70450700000.0 1.376083965347297e-11
70685900000.0 1.3609936525760982e-11
70921900000.0 1.3454893630211187e-11
71158700000.0 1.3305701855765138e-11
71396200000.0 1.3157370738711509e-11
71634600000.0 1.3009859744125806e-11
71873700000.0 1.2863202046338433e-11
72113700000.0 1.2722264546326813e-11
72354400000.0 1.2577250241945312e-11
72596000000.0 1.243791722412173e-11
72838400000.0 1.229451587203592e-11
73081500000.0 1.2156790826546178e-11
73325500000.0 1.2019831473181469e-11
73570300000.0 1.1883651372677576e-11
73815900000.0 1.174824719985578e-11
74062400000.0 1.1613599942431892e-11
74309600000.0 1.1484499258212591e-11
74557700000.0 1.1351372024279286e-11
74806600000.0 1.1223737633795871e-11
75056400000.0 1.1092102679756126e-11
75307000000.0 1.096592291917822e-11
75558400000.0 1.0840465374812871e-11
75810600000.0 1.0715726833423922e-11
76063700000.0 1.0591690154169127e-11
76317700000.0 1.0472988859550985e-11
76572500000.0 1.0350346189405608e-11
76828100000.0 1.0233015824875805e-11
77084600000.0 1.011175545824779e-11
77341900000.0 9.995770782767522e-12
77600100000.0 9.880440667094598e-12
77859200000.0 9.765762598607327e-12
78119100000.0 9.65174640804064e-12
78380000000.0 9.53836466357805e-12
78641600000.0 9.425651332604213e-12
78904200000.0 9.318051499795713e-12
79167600000.0 9.206603189398957e-12
79431900000.0 9.100245316668923e-12
79697100000.0 8.994491308732281e-12
79963200000.0 8.889338728230247e-12
80230100000.0 8.784796079093435e-12
80498000000.0 8.680838843416326e-12
80766700000.0 8.577486297315367e-12
81036400000.0 8.474714570753813e-12
81306900000.0 8.37689390394494e-12
81578300000.0 8.275293457582645e-12
81850700000.0 8.17858964416848e-12
82124000000.0 8.082438781661484e-12
82398100000.0 7.986848211577625e-12
82673200000.0 7.891796044420937e-12
82949200000.0 7.79728976116524e-12
83226200000.0 7.703317740976693e-12
83504000000.0 7.614133405543139e-12
83782800000.0 7.521227638771932e-12
84062500000.0 7.433067585856965e-12
84343100000.0 7.341218891092783e-12
84624700000.0 7.254074661129998e-12
84907200000.0 7.167432501579699e-12
85190700000.0 7.0812818514289446e-12
85475100000.0 6.995629028137174e-12
85760500000.0 6.910463717741009e-12
86046800000.0 6.825791971203205e-12
86334100000.0 6.745701956878003e-12
86622300000.0 6.6619893519070875e-12
86911500000.0 6.582827254911889e-12
87201600000.0 6.504123108897635e-12
87492800000.0 6.425860098435773e-12
87784900000.0 6.344020729565351e-12
88077900000.0 6.270694395252022e-12
88372000000.0 6.193773419218094e-12
88667000000.0 6.117300634178609e-12
88963000000.0 6.04126711170136e-12
89260100000.0 5.969628250372056e-12
89558100000.0 5.894454720662991e-12
89857000000.0 5.823659078884838e-12
90157000000.0 5.753262668279795e-12
90458000000.0 5.6832703676496085e-12
90760000000.0 5.613680469916207e-12
91063000000.0 5.544491264095644e-12
91367000000.0 5.475701035549907e-12
91672100000.0 5.407302167702442e-12
91978100000.0 5.339304829960411e-12
92285200000.0 5.275529553151553e-12
92593300000.0 5.208299827862798e-12
92902400000.0 5.145269172692723e-12
93212600000.0 5.082596570925909e-12
93523800000.0 5.020286039115268e-12
93836000000.0 4.958335967037475e-12
94149300000.0 4.8967395417793706e-12
94463600000.0 4.835500515317737e-12
94779000000.0 4.774612232843653e-12
95095400000.0 4.714078274602227e-12
95412900000.0 4.657600421931437e-12
95731400000.0 4.597753188981066e-12
96051000000.0 4.541934532474575e-12
96371700000.0 4.482763509584613e-12
96693400000.0 4.427598411677827e-12
97016200000.0 4.3727495861806805e-12
97340100000.0 4.3182157460893875e-12
97665100000.0 4.2639956001581824e-12
97991200000.0 4.210087853114384e-12
98318300000.0 4.160094130801376e-12
98646500000.0 4.106799399101461e-12
98975900000.0 4.05380896831002e-12
99306300000.0 4.004692683292222e-12
99637900000.0 3.952303462416568e-12
99970500000.0 3.9037620008520755e-12
100304000000.0 3.855507866629936e-12
100639000000.0 3.80751679768992e-12
100975000000.0 3.75980693192357e-12
101312000000.0 3.712376884270858e-12
101650000000.0 3.665225271495484e-12
101990000000.0 3.618315234785593e-12
102330000000.0 3.571716923131528e-12
102672000000.0 3.525358566038609e-12
103015000000.0 3.482708871967733e-12
103359000000.0 3.4368857708958363e-12
103704000000.0 3.3947457778625973e-12
104050000000.0 3.3518328741888592e-12
104397000000.0 3.309511640676994e-12
104746000000.0 3.267408425564332e-12
105096000000.0 3.2258908133238587e-12
105446000000.0 3.1849843585391976e-12
105798000000.0 3.144623548691673e-12
106152000000.0 3.1044719245839826e-12
106506000000.0 3.065251618063123e-12
106862000000.0 3.0262345261030396e-12
107218000000.0 2.9878065325218934e-12
107576000000.0 2.9495780441682326e-12
107935000000.0 2.9119039823548288e-12
108296000000.0 2.8747533313512268e-12
108657000000.0 2.8381751657884335e-12
109020000000.0 2.8021123920991798e-12
109384000000.0 2.7662636855868424e-12
109749000000.0 2.7309502843973723e-12
110116000000.0 2.6961433426653768e-12
110483000000.0 2.6615676428007383e-12
110852000000.0 2.6274926678696337e-12
111222000000.0 2.5939385943278547e-12
111594000000.0 2.560878194513128e-12
111966000000.0 2.528037476900697e-12
112340000000.0 2.4956847856448823e-12
112715000000.0 2.463524939005712e-12
113091000000.0 2.4321825940326477e-12
113469000000.0 2.4010056489742884e-12
113848000000.0 2.3700149166009142e-12
114228000000.0 2.339519104312564e-12
114609000000.0 2.3095140874634496e-12
114992000000.0 2.2799759429650492e-12
115376000000.0 2.250614401753452e-12
115761000000.0 2.221734112356433e-12
116147000000.0 2.1933310350228333e-12
116535000000.0 2.1650789622782943e-12
116924000000.0 2.137298722194951e-12
117314000000.0 2.1096847325872765e-12
117706000000.0 2.0825189491111965e-12
118099000000.0 2.0558156962373807e-12
118493000000.0 2.0292724498138667e-12
118889000000.0 2.003169045598565e-12
119286000000.0 1.9772223809042235e-12
119684000000.0 1.9517271730175455e-12
120084000000.0 1.9266635255557767e-12
120485000000.0 1.9017505135929616e-12
120887000000.0 1.8772799410869102e-12
121290000000.0 1.852956301806404e-12
121695000000.0 1.8290544495216843e-12
122102000000.0 1.8052815893513953e-12
122509000000.0 1.7819554954488574e-12
122918000000.0 1.759043107937173e-12
123329000000.0 1.7362545361666664e-12
123740000000.0 1.7139032844746522e-12
124153000000.0 1.6916727678822754e-12
124568000000.0 1.6698468921504734e-12
124984000000.0 1.6481527729302327e-12
125401000000.0 1.6268717670747564e-12
125820000000.0 1.6057063006991808e-12
126240000000.0 1.5849490559689287e-12
126661000000.0 1.5645964636121742e-12
127084000000.0 1.544354415423229e-12
127508000000.0 1.524234717678182e-12
127934000000.0 1.504501430536769e-12
128361000000.0 1.4848875565543457e-12
128790000000.0 1.4656557113127654e-12
129220000000.0 1.4468141793343682e-12
129651000000.0 1.4278137127109376e-12
130084000000.0 1.4094614759756704e-12
130518000000.0 1.3912203497981312e-12
130954000000.0 1.373079162065197e-12
131391000000.0 1.3553173455087223e-12
131830000000.0 1.3376529932366468e-12
132270000000.0 1.3203634129701005e-12
132712000000.0 1.3031688405624453e-12
133155000000.0 1.2860787631248639e-12
133599000000.0 1.2693573606058174e-12
134045000000.0 1.2529919960892185e-12
134493000000.0 1.2367167823751566e-12
134942000000.0 1.2205405900919257e-12
135392000000.0 1.2047241209591751e-12
135844000000.0 1.1889949358206818e-12
136298000000.0 1.1736124500642861e-12
136753000000.0 1.1583236300198123e-12
137209000000.0 1.1431278781518467e-12
137667000000.0 1.128273416803529e-12
138127000000.0 1.1135013423070517e-12
138588000000.0 1.0990747043547646e-12
139051000000.0 1.0847281238206857e-12
139515000000.0 1.0704690933853863e-12
139981000000.0 1.0565422633246764e-12
140448000000.0 1.0429523477853597e-12
140917000000.0 1.0291868145117165e-12
141387000000.0 1.0157556714539117e-12
141859000000.0 1.0026488110002061e-12
142333000000.0 9.893663904996378e-13
142808000000.0 9.766608229183677e-13
143285000000.0 9.637791070883226e-13
143763000000.0 9.512223708429265e-13
144243000000.0 9.387358418767844e-13
144725000000.0 9.265638152405712e-13
145208000000.0 9.144662985617209e-13
145693000000.0 9.024366057560009e-13
146179000000.0 8.907226913837491e-13
146667000000.0 8.790744216842308e-13
147157000000.0 8.674916185199283e-13
147648000000.0 8.562195342194302e-13
148141000000.0 8.450107631940097e-13
148636000000.0 8.33865127911254e-13
149132000000.0 8.230252166847344e-13
149630000000.0 8.122463147566564e-13
150129000000.0 8.015335847134742e-13
150631000000.0 7.911109717281117e-13
151133000000.0 7.807575977801353e-13
151638000000.0 7.704575322032288e-13
152144000000.0 7.60453401328206e-13
152652000000.0 7.505057602594391e-13
153162000000.0 7.406144366002615e-13
153673000000.0 7.310142519670465e-13
154186000000.0 7.212388684185158e-13
154701000000.0 7.119765402321723e-13
155217000000.0 7.025431979384988e-13
155736000000.0 6.933862057513997e-13
156256000000.0 6.842856640601322e-13
156777000000.0 6.752411853005224e-13
157301000000.0 6.664688442721748e-13
157826000000.0 6.575264041243988e-13
158353000000.0 6.49081939734972e-13
158881000000.0 6.404667692666173e-13
159412000000.0 6.321187295395834e-13
159944000000.0 6.238222193947805e-13
160478000000.0 6.155730455538667e-13
161014000000.0 6.073710444427696e-13
161551000000.0 5.994387733653158e-13
162091000000.0 5.915481131091308e-13
162632000000.0 5.837062640071089e-13
163175000000.0 5.761261886597426e-13
163720000000.0 5.685894486996264e-13
164266000000.0 5.610993038586937e-13
164815000000.0 5.536487088808756e-13
165365000000.0 5.464582435295752e-13
165917000000.0 5.390956993425481e-13
166471000000.0 5.319881338784788e-13
167027000000.0 5.251332652952411e-13
167584000000.0 5.181096607643624e-13
168144000000.0 5.11333896286034e-13
168705000000.0 5.046001240313145e-13
169268000000.0 4.979051042860255e-13
169833000000.0 4.914570209581664e-13
170400000000.0 4.848383656571144e-13
170969000000.0 4.78464964736728e-13
171540000000.0 4.721283409360791e-13
172113000000.0 4.660339220906826e-13
172687000000.0 4.597723944529409e-13
173264000000.0 4.5374870896154815e-13
173842000000.0 4.4776243449875377e-13
174423000000.0 4.418082361084893e-13
175005000000.0 4.358910819426286e-13
175589000000.0 4.3020975917913834e-13
176175000000.0 4.245612828928152e-13
176764000000.0 4.1894314805490784e-13
177354000000.0 4.1335999882671803e-13
177946000000.0 4.0800812393404225e-13
178540000000.0 4.024890569659634e-13
179136000000.0 3.971996729878776e-13
179734000000.0 3.9194100732198575e-13
180334000000.0 3.867129293403525e-13
180936000000.0 3.8171085671084697e-13
181540000000.0 3.7654291043013737e-13
182146000000.0 3.715994099769296e-13
182754000000.0 3.6668468159289805e-13
183364000000.0 3.6179859988874136e-13
183977000000.0 3.5693909912744444e-13
184591000000.0 3.5230164304249856e-13
185207000000.0 3.476911809032373e-13
185825000000.0 3.429171893540511e-13
186446000000.0 3.385489441603567e-13
187068000000.0 3.3401877602588296e-13
187693000000.0 3.2951336674408687e-13
188319000000.0 3.25224019220064e-13
188948000000.0 3.207707412949131e-13
189579000000.0 3.16530310621939e-13
190212000000.0 3.1231473034615025e-13
190847000000.0 3.083092791624946e-13
191484000000.0 3.041424386973206e-13
192123000000.0 3.001842686365121e-13
192765000000.0 2.9606418164323375e-13
193408000000.0 2.921528762314931e-13
194054000000.0 2.882630350206813e-13
194702000000.0 2.8439608483542016e-13
195352000000.0 2.807330347366087e-13
196004000000.0 2.769109370910219e-13
196658000000.0 2.732913210031052e-13
197315000000.0 2.69691599209734e-13
197974000000.0 2.661130814668021e-13
198635000000.0 2.625556648251752e-13
199298000000.0 2.5901924642890894e-13
199963000000.0 2.5550372352399535e-13
200631000000.0 2.5218408989531046e-13
201301000000.0 2.488840155416187e-13
201973000000.0 2.4542822310300574e-13
202647000000.0 2.4216756022808486e-13
203323000000.0 2.389261650196882e-13
204002000000.0 2.358762242702166e-13
204683000000.0 2.3267138246131856e-13
205367000000.0 2.294844432118471e-13
206052000000.0 2.264892769900903e-13
206740000000.0 2.2351071566042739e-13
207430000000.0 2.205497864769389e-13
208123000000.0 2.1760535386375414e-13
208818000000.0 2.1467840854457364e-13
209515000000.0 2.1176886031422785e-13
210214000000.0 2.088766191690854e-13
210916000000.0 2.0616837155930384e-13
211620000000.0 2.034761690274744e-13
212327000000.0 2.0063234418076267e-13
213036000000.0 1.979716215881861e-13
213747000000.0 1.9532672276313966e-13
214460000000.0 1.926975643208282e-13
215176000000.0 1.9024761152988325e-13
215895000000.0 1.8764741514322317e-13
216616000000.0 1.850627715687584e-13
217339000000.0 1.8265639273415035e-13
218064000000.0 1.802643176074769e-13
218792000000.0 1.7772394232215462e-13
219523000000.0 1.7535919791027905e-13
220256000000.0 1.7300857918589064e-13
220991000000.0 1.7083211448427404e-13
221729000000.0 1.6850822502380625e-13
222469000000.0 1.6619825971534405e-13
223212000000.0 1.640599198763487e-13
223957000000.0 1.617763376440517e-13
224705000000.0 1.5966322709586147e-13
225455000000.0 1.575627404111784e-13
226208000000.0 1.5538027287239397e-13
226963000000.0 1.5328888313378584e-13
227720000000.0 1.5124110818361074e-13
228481000000.0 1.4921977628994085e-13
229244000000.0 1.4721058024389783e-13
230009000000.0 1.4524421724569785e-13
230777000000.0 1.4328902824587947e-13
231547000000.0 1.413608690960568e-13
232320000000.0 1.3947415030033344e-13
233096000000.0 1.375981743099936e-13
233874000000.0 1.3574861531509622e-13
234655000000.0 1.3392468711723626e-13
235438000000.0 1.3212676556392378e-13
236224000000.0 1.3035408588557817e-13
237013000000.0 1.286064642685519e-13
237804000000.0 1.268842510015874e-13
238598000000.0 1.2517188297756351e-13
239395000000.0 1.2348410627720562e-13
240194000000.0 1.218359770264288e-13
240996000000.0 1.2019728007743051e-13
241800000000.0 1.1858310558828198e-13
242608000000.0 1.169777012833572e-13
243418000000.0 1.154110777788098e-13
244230000000.0 1.1385391355923484e-13
245046000000.0 1.1231967493627017e-13
245864000000.0 1.1080910990769831e-13
246685000000.0 1.093215765462478e-13
247508000000.0 1.0785733552179191e-13
248334000000.0 1.0640151445369628e-13
249163000000.0 1.0496828244327e-13
249995000000.0 1.035574663674573e-13
250830000000.0 1.021547879067595e-13
251667000000.0 1.0078873452966006e-13
252508000000.0 9.943016243089102e-14
253351000000.0 9.809380122981408e-14
254196000000.0 9.676554239897494e-14
255045000000.0 9.545846095385824e-14
255896000000.0 9.41731434268431e-14
256751000000.0 9.290867971219525e-14
257608000000.0 9.16518979970197e-14
258468000000.0 9.041609031562275e-14
259331000000.0 8.920109089245887e-14
260197000000.0 8.799313663403546e-14
261065000000.0 8.680608439029255e-14
261937000000.0 8.563909966132721e-14
262811000000.0 8.447921614630439e-14
263689000000.0 8.333917561716821e-14
264569000000.0 8.221945376085736e-14
265452000000.0 8.110623933817442e-14
266339000000.0 8.001248936727106e-14
267228000000.0 7.8938649933517e-14
268120000000.0 7.787106028374665e-14
269015000000.0 7.680969396547559e-14
269913000000.0 7.578074163552758e-14
270814000000.0 7.475778509241727e-14
271718000000.0 7.374079857413062e-14
272626000000.0 7.274246762951845e-14
273536000000.0 7.176317497885579e-14
274449000000.0 7.078960273882398e-14
275365000000.0 6.983457487760041e-14
276285000000.0 6.889768868496338e-14
277207000000.0 6.796653087937813e-14
278132000000.0 6.704082353930668e-14
279061000000.0 6.613298425018489e-14
279993000000.0 6.524310708160198e-14
280927000000.0 6.435867625524467e-14
281865000000.0 6.349175876986143e-14
282806000000.0 6.262992767825597e-14
283750000000.0 6.178562906198575e-14
284698000000.0 6.094607326254509e-14
285648000000.0 6.01240557018197e-14
286602000000.0 5.930665996931889e-14
287559000000.0 5.850638177206001e-14
288519000000.0 5.771081249920065e-14
289482000000.0 5.693215248261956e-14
290448000000.0 5.615807586380514e-14
291418000000.0 5.540051215113346e-14
292391000000.0 5.4647414187261396e-14
293367000000.0 5.391082122818113e-14
294347000000.0 5.3178390474059814e-14
295329000000.0 5.246244591130599e-14
296315000000.0 5.175054815386359e-14
297304000000.0 5.104285735773515e-14
298297000000.0 5.035104553383985e-14
299293000000.0 4.9675148344208834e-14
