WAVE FLUX
0.000129662 0.0
0.000133601 0.0
0.00013766 0.0
0.000141842 0.0
0.00014615 0.0
0.00015059 0.0
0.000155165 0.0
0.000159879 0.0
0.000164736 0.0
0.00016974 0.0
0.000174896 0.0
0.00018021 0.0
0.000185684 0.0
0.000191325 0.0
0.000197137 0.0
0.000203126 0.0
0.000209296 0.0
0.000215654 0.0
0.000222206 0.0
0.000228956 0.0
0.000235911 0.0
0.000243078 0.0
0.000250462 0.0
0.000258071 0.0
0.000265911 0.0
0.000273989 0.0
0.000282312 0.0
0.000290888 0.0
0.000299725 0.0
0.00030883 0.0
0.000318212 0.0
0.000327879 0.0
0.00033784 0.0
0.000348103 0.0
0.000358677 0.0
0.000369574 0.0
0.000380801 0.0
0.000392369 0.0
0.000404288 0.0
0.00041657 0.0
0.000429225 0.0
0.000442264 0.0
0.000455699 0.0
0.000469543 0.0
0.000483807 0.0
0.000498504 0.0
0.000513648 0.0
0.000529252 0.0
0.00054533 0.0
0.000561896 0.0
0.000578966 0.0
0.000596554 0.0
0.000614676 0.0
0.000633349 0.0
0.00065259 0.0
0.000672414 0.0
0.000692841 0.0
0.000713889 0.0
0.000735576 0.0
0.000757921 0.0
0.000780946 0.0
0.00080467 0.0
0.000829115 0.0
0.000854302 0.0
0.000880254 0.0
0.000906995 0.0
0.000934548 0.0
0.000962938 0.0
0.000992191 0.0
0.00102233 0.0
0.00105339 0.0
0.00108539 0.0
0.00111836 0.0
0.00115234 0.0
0.00118734 0.0
0.00122341 0.0
0.00126058 0.0
0.00129887 0.0
0.00133833 0.0
0.00137899 0.0
0.00142088 0.0
0.00146404 0.0
0.00150852 0.0
0.00155434 0.0
0.00160156 0.0
0.00165022 0.0
0.00170035 0.0
0.001752 0.0
0.00180522 0.0
0.00186006 0.0
0.00191657 0.0
0.00197479 0.0
0.00203478 0.0
0.0020966 0.0
0.00216029 0.0
0.00222592 0.0
0.00229354 0.0
0.00236321 0.0
0.002435 0.0
0.00250897 0.0
0.00258519 0.0
0.00266373 0.0
0.00274465 0.0
0.00282803 0.0
0.00291394 0.0
0.00300246 0.0
0.00309367 0.0
0.00318765 0.0
0.00328449 0.0
0.00338426 0.0
0.00348707 0.0
0.003593 0.0
0.00370215 0.0
0.00381462 0.0
0.0039305 0.0
0.00404991 0.0
0.00417294 0.0
0.0042997 0.0
0.00443032 0.0
0.00456491 0.0
0.00470358 0.0
0.00484647 0.0
0.0049937 0.0
0.0051454 0.0
0.00530171 0.0
0.00546277 0.0
0.00562872 0.0
0.00579971 0.0
0.0059759 0.0
0.00615744 0.0
0.00634449 0.0
0.00653723 0.0
0.00673582 0.0
0.00694045 0.0
0.00715129 0.0
0.00736853 0.0
0.00759238 0.0
0.00782302 0.0
0.00806067 0.0
0.00830554 0.0
0.00855786 0.0
0.00881783 0.0
0.0090857 0.0
0.00936171 0.0
0.00964611 0.0
0.00993914 0.0
0.0102411 0.0
0.0105522 0.0
0.0108727 0.0
0.011203 0.0
0.0115434 0.0
0.011894 0.0
0.0122554 0.0
0.0126277 0.0
0.0130113 0.0
0.0134065 0.0
0.0138138 0.0
0.0142335 0.0
0.0146659 0.0
0.0151114 0.0
0.0155704 0.0
0.0160434 0.0
0.0165308 0.0
0.017033 0.0
0.0175504 0.0
0.0180836 0.0
0.018633 0.0
0.019199 0.0
0.0197822 0.0
0.0203832 0.0
0.0210024 0.0
0.0216404 0.0
0.0222978 0.0
0.0229752 0.0
0.0236732 0.0
0.0243923 0.0
0.0251333 0.0
0.0258968 0.0
0.0266835 0.0
0.0274941 0.0
0.0283294 0.0
0.02919 0.0
0.0300767 0.0
0.0309904 0.0
0.0319319 0.0
0.0329019 0.0
0.0339014 0.0
0.0349313 0.0
0.0359924 0.0
0.0370858 0.0
0.0382125 0.0
0.0393733 0.0
0.0405694 0.0
0.0418018 0.0
0.0430717 0.0
0.0443802 0.0
0.0457284 0.0
0.0471175 0.0
0.0485489 0.0
0.0500237 0.0
0.0515434 0.0
0.0531092 0.0
0.0547226 0.0
0.056385 0.0
0.0580979 0.0
0.0598628 0.0
0.0616813 0.0
0.0635551 0.0
0.0654858 0.0
0.0674752 0.0
0.069525 0.0
0.0716371 0.0
0.0738133 0.0
0.0760556 0.0
0.0783661 0.0
0.0807467 0.0
0.0831997 0.0
0.0857272 0.0
0.0883314 0.0
0.0910148 0.0
0.0937797 0.0
0.0966286 0.0
0.099564 0.0
0.102589 0.0
0.105705 0.0
0.108916 0.0
0.112225 0.0
0.115634 0.0
0.119147 0.0
0.122767 0.0
0.126496 0.0
0.130339 0.0
0.134298 0.0
0.138378 0.0
0.142582 0.0
0.146913 0.0
0.151376 0.0
0.155975 0.0
0.160713 0.0
0.165595 0.0
0.170626 0.0
0.175809 0.0
0.18115 0.0
0.186653 0.0
0.192323 0.0
0.198166 0.0
0.204186 0.0
0.210389 0.0
0.21678 0.0
0.223366 0.0
0.230151 0.0
0.237143 0.0
0.244347 0.0
0.25177 0.0
0.259418 0.0
0.267299 0.0
0.275419 0.0
0.283786 0.0
0.292407 0.0
0.30129 0.0
0.310442 0.0
0.319873 0.0
0.32959 0.0
0.339603 0.0
0.349919 0.0
0.36055 0.0
0.371502 0.0
0.382788 0.0
0.394417 0.0
0.406399 0.0
0.418744 0.0
0.431465 0.0
0.444572 0.0
0.458078 0.0
0.471994 0.0
0.486332 0.0
0.501106 0.0
0.516329 0.0
0.532014 0.0
0.548176 0.0
0.564829 0.0
0.581988 0.0
0.599668 0.0
0.617885 0.0
0.636655 0.0
0.655996 0.0
0.675924 0.0
0.696457 0.0
0.717615 0.0
0.739415 0.0
0.761877 0.0
0.785022 0.0
0.80887 0.0
0.833442 0.0
0.858761 0.0
0.884849 0.0
0.911729 0.0
0.939426 0.0
0.967964 0.0
0.99737 0.0
1.01281 0.0
1.01339 0.0
1.01397 0.0
1.01455 0.0
1.01513 0.0
1.01571 0.0
1.01629 0.0
1.01687 0.0
1.01745 0.0
1.01803 0.0
1.01861 0.0
1.0192 0.0
1.01978 0.0
1.02036 0.0
1.02095 0.0
1.02153 0.0
1.02211 0.0
1.0227 0.0
1.02328 0.0
1.02387 0.0
1.02445 0.0
1.02504 0.0
1.02562 0.0
1.02621 0.0
1.0268 0.0
1.02738 0.0
1.02797 0.0
1.02856 0.0
1.02915 0.0
1.02974 0.0
1.03033 0.0
1.03091 0.0
1.0315 0.0
1.03209 0.0
1.03268 0.0
1.03327 0.0
1.03386 0.0
1.03446 0.0
1.03505 0.0
1.03564 0.0
1.03623 0.0
1.03682 0.0
1.03742 0.0
1.03801 0.0
1.0386 0.0
1.0392 0.0
1.03979 0.0
1.04039 0.0
1.04098 0.0
1.04158 0.0
1.04217 0.0
1.04277 0.0
1.04336 0.0
1.04396 0.0
1.04456 0.0
1.04515 0.0
1.04575 0.0
1.04635 0.0
1.04695 0.0
1.04755 0.0
1.04815 0.0
1.04874 0.0
1.04934 0.0
1.04994 0.0
1.05054 0.0
1.05114 0.0
1.05175 0.0
1.05235 0.0
1.05295 0.0
1.05355 0.0
1.05415 0.0
1.05476 0.0
1.05536 0.0
1.05596 0.0
1.05657 0.0
1.05717 0.0
1.05777 0.0
1.05838 0.0
1.05898 0.0
1.05959 0.0
1.0602 0.0
1.0608 0.0
1.06141 0.0
1.06202 0.0
1.06262 0.0
1.06323 0.0
1.06384 0.0
1.06445 0.0
1.06505 0.0
1.06566 0.0
1.06627 0.0
1.06688 0.0
1.06749 0.0
1.0681 0.0
1.06871 0.0
1.06932 0.0
1.06994 0.0
1.07055 0.0
1.07116 0.0
1.07177 0.0
1.0724 0.0
1.07304 0.0
1.07369 0.0
1.07433 0.0
1.07498 0.0
1.07562 0.0
1.07627 0.0
1.07692 0.0
1.07756 0.0
1.07821 0.0
1.07886 0.0
1.0795 0.0
1.08015 0.0
1.0808 0.0
1.08145 0.0
1.0821 0.0
1.08275 0.0
1.0834 0.0
1.08405 0.0
1.0847 0.0
1.08535 0.0
1.086 0.0
1.08666 0.0
1.08731 0.0
1.08796 0.0
1.08861 0.0
1.08927 0.0
1.08992 0.0
1.09058 0.0
1.09123 0.0
1.09189 0.0
1.09254 0.0
1.0932 0.0
1.09385 0.0
1.09451 0.0
1.09517 0.0
1.09583 0.0
1.09648 0.0
1.09714 0.0
1.0978 0.0
1.09846 0.0
1.09912 0.0
1.09978 0.0
1.10044 0.0
1.1011 0.0
1.10176 0.0
1.10242 0.0
1.10309 0.0
1.10375 0.0
1.10441 0.0
1.10507 0.0
1.10574 0.0
1.1064 0.0
1.10707 0.0
1.10773 0.0
1.1084 0.0
1.10906 0.0
1.10973 0.0
1.11039 0.0
1.11106 0.0
1.11173 0.0
1.11239 0.0
1.11306 0.0
1.11373 0.0
1.1144 0.0
1.11507 0.0
1.11574 0.0
1.11641 0.0
1.11708 0.0
1.11775 0.0
1.11842 0.0
1.11909 0.0
1.11976 0.0
1.12044 0.0
1.12111 0.0
1.12178 0.0
1.12245 0.0
1.12313 0.0
1.1238 0.0
1.12448 0.0
1.12515 0.0
1.12583 0.0
1.1265 0.0
1.12718 0.0
1.12786 0.0
1.12854 0.0
1.12921 0.0
1.12989 0.0
1.13057 0.0
1.13125 0.0
1.13193 0.0
1.13261 0.0
1.13329 0.0
1.13397 0.0
1.13465 0.0
1.13533 0.0
1.13601 0.0
1.13669 0.0
1.13738 0.0
1.13806 0.0
1.13874 0.0
1.13945 0.0
1.14018 0.0
1.1409 0.0
1.14163 0.0
1.14236 0.0
1.14309 0.0
1.14382 0.0
1.14456 0.0
1.14529 0.0
1.14602 0.0
1.14675 0.0
1.14749 0.0
1.14822 0.0
1.14895 0.0
1.14969 0.0
1.15042 0.0
1.15116 0.0
1.15189 0.0
1.15263 0.0
1.15337 0.0
1.1541 0.0
1.15484 0.0
1.15558 0.0
1.15632 0.0
1.15706 0.0
1.1578 0.0
1.15854 0.0
1.15928 0.0
1.16002 0.0
1.16076 0.0
1.1615 0.0
1.16224 0.0
1.16299 0.0
1.16373 0.0
1.16447 0.0
1.16522 0.0
1.16596 0.0
1.16671 0.0
1.16745 0.0
1.1682 0.0
1.16895 0.0
1.16969 0.0
1.17044 0.0
1.17119 0.0
1.17194 0.0
1.17269 0.0
1.17344 0.0
1.17419 0.0
1.17494 0.0
1.17569 0.0
1.17644 0.0
1.17719 0.0
1.17795 0.0
1.1787 0.0
1.17945 0.0
1.18021 0.0
1.18096 0.0
1.18171 0.0
1.18247 0.0
1.18323 0.0
1.18398 0.0
1.18474 0.0
1.1855 0.0
1.18625 0.0
1.18701 0.0
1.18777 0.0
1.18853 0.0
1.18929 0.0
1.19005 0.0
1.19081 0.0
1.19157 0.0
1.19233 0.0
1.1931 0.0
1.19386 0.0
1.19462 0.0
1.19539 0.0
1.19615 0.0
1.19691 0.0
1.19768 0.0
1.19844 0.0
1.19921 0.0
1.19998 0.0
1.20074 0.0
1.20151 0.0
1.20228 0.0
1.20305 0.0
1.20382 0.0
1.20459 0.0
1.20536 0.0
1.20613 0.0
1.2069 0.0
1.20767 0.0
1.20844 0.0
1.20921 0.0
1.20999 0.0
1.21076 0.0
1.21153 0.0
1.21231 0.0
1.21308 0.0
1.21386 0.0
1.21463 0.0
1.21544 0.0
1.21627 0.0
1.2171 0.0
1.21793 0.0
1.21876 0.0
1.2196 0.0
1.22043 0.0
1.22126 0.0
1.2221 0.0
1.22293 0.0
1.22377 0.0
1.22461 0.0
1.22544 0.0
1.22628 0.0
1.22712 0.0
1.22796 0.0
1.22879 0.0
1.22963 0.0
1.23047 0.0
1.23132 0.0
1.23216 0.0
1.233 0.0
1.23384 0.0
1.23468 0.0
1.23553 0.0
1.23637 0.0
1.23722 0.0
1.23806 0.0
1.23891 0.0
1.23976 0.0
1.2406 0.0
1.24145 0.0
1.2423 0.0
1.24315 0.0
1.244 0.0
1.24485 0.0
1.2457 0.0
1.24655 0.0
1.2474 0.0
1.24825 0.0
1.24911 0.0
1.24996 0.0
1.25081 0.0
1.25167 0.0
1.25252 0.0
1.25338 0.0
1.25424 0.0
1.25509 0.0
1.25595 0.0
1.25681 0.0
1.25767 0.0
1.25853 0.0
1.25939 0.0
1.26025 0.0
1.26111 0.0
1.26197 0.0
1.26283 0.0
1.2637 0.0
1.26456 0.0
1.26542 0.0
1.26629 0.0
1.26715 0.0
1.26802 0.0
1.26889 0.0
1.26975 0.0
1.27062 0.0
1.27149 0.0
1.27236 0.0
1.27323 0.0
1.2741 0.0
1.27497 0.0
1.27584 0.0
1.27671 0.0
1.27758 0.0
1.27846 0.0
1.27933 0.0
1.2802 0.0
1.28108 0.0
1.28195 0.0
1.28283 0.0
1.28371 0.0
1.28458 0.0
1.28546 0.0
1.28634 0.0
1.28722 0.0
1.2881 0.0
1.28898 0.0
1.28986 0.0
1.29074 0.0
1.29162 0.0
1.29251 0.0
1.29339 0.0
1.29427 0.0
1.29516 0.0
1.29604 0.0
1.29693 0.0
1.29781 0.0
1.2987 0.0
1.29959 0.0
1.30048 0.0
1.30137 0.0
1.30229 0.0
1.30324 0.0
1.3042 0.0
1.30516 0.0
1.30612 0.0
1.30707 0.0
1.30803 0.0
1.30899 0.0
1.30995 0.0
1.31092 0.0
1.31188 0.0
1.31284 0.0
1.3138 0.0
1.31477 0.0
1.31573 0.0
1.3167 0.0
1.31767 0.0
1.31863 0.0
1.3196 0.0
1.32057 0.0
1.32154 0.0
1.32251 0.0
1.32348 0.0
1.32445 0.0
1.32542 0.0
1.3264 0.0
1.32737 0.0
1.32834 0.0
1.32932 0.0
1.3303 0.0
1.33127 0.0
1.33225 0.0
1.33323 0.0
1.33421 0.0
1.33518 0.0
1.33616 0.0
1.33715 0.0
1.33813 0.0
1.33911 0.0
1.34009 0.0
1.34108 0.0
1.34206 0.0
1.34305 0.0
1.34403 0.0
1.34502 0.0
1.346 0.0
1.34699 0.0
1.34798 0.0
1.34897 0.0
1.34996 0.0
1.35095 0.0
1.35194 0.0
1.35294 0.0
1.35393 0.0
1.35492 0.0
1.35592 0.0
1.35691 0.0
1.35791 0.0
1.35891 0.0
1.3599 0.0
1.3609 0.0
1.3619 0.0
1.3629 0.0
1.3639 0.0
1.3649 0.0
1.3659 0.0
1.36691 0.0
1.36791 0.0
1.36891 0.0
1.36992 0.0
1.37092 0.0
1.37193 0.0
1.37294 0.0
1.37394 0.0
1.37495 0.0
1.37596 0.0
1.37697 0.0
1.37798 0.0
1.37899 0.0
1.38001 0.0
1.38102 0.0
1.38203 0.0
1.38305 0.0
1.38406 0.0
1.38508 0.0
1.3861 0.0
1.38711 0.0
1.38813 0.0
1.38915 0.0
1.39017 0.0
1.39119 0.0
1.39221 0.0
1.39323 0.0
1.39426 0.0
1.39528 0.0
1.3963 0.0
1.39733 0.0
1.39835 0.0
1.39938 0.0
1.40041 0.0
1.40144 0.0
1.4025 0.0
1.4036 0.0
1.4047 0.0
1.40581 0.0
1.40691 0.0
1.40801 0.0
1.40912 0.0
1.41022 0.0
1.41133 0.0
1.41244 0.0
1.41355 0.0
1.41466 0.0
1.41577 0.0
1.41688 0.0
1.41799 0.0
1.41911 0.0
1.42022 0.0
1.42133 0.0
1.42245 0.0
1.42357 0.0
1.42468 0.0
1.4258 0.0
1.42692 0.0
1.42804 0.0
1.42916 0.0
1.43029 0.0
1.43141 0.0
1.43253 0.0
1.43366 0.0
1.43478 0.0
1.43591 0.0
1.43704 0.0
1.43816 0.0
1.43929 0.0
1.44042 0.0
1.44155 0.0
1.44269 0.0
1.44382 0.0
1.44495 0.0
1.44609 0.0
1.44722 0.0
1.44836 0.0
1.44949 0.0
1.45063 0.0
1.45177 0.0
1.45291 0.0
1.45405 0.0
1.45519 0.0
1.45634 0.0
1.45748 0.0
1.45862 0.0
1.45977 0.0
1.46091 0.0
1.46206 0.0
1.46321 0.0
1.46436 0.0
1.46551 0.0
1.46666 0.0
1.46781 0.0
1.46896 0.0
1.47011 0.0
1.47127 0.0
1.47242 0.0
1.47358 0.0
1.47474 0.0
1.47589 0.0
1.47705 0.0
1.47821 0.0
1.47937 0.0
1.48053 0.0
1.4817 0.0
1.48286 0.0
1.48402 0.0
1.48519 0.0
1.48635 0.0
1.48752 0.0
1.48869 0.0
1.48986 0.0
1.49103 0.0
1.4922 0.0
1.49337 0.0
1.49454 0.0
1.49571 0.0
1.49689 0.0
1.49806 0.0
1.49924 0.0
1.50042 0.0
1.50159 0.0
1.50277 0.0
1.50395 0.0
1.50513 0.0
1.50632 0.0
1.5075 0.0
1.50868 0.0
1.50987 0.0
1.51105 0.0
1.51224 0.0
1.51342 0.0
1.51461 0.0
1.5158 0.0
1.51699 0.0
1.51818 0.0
1.51943 0.0
1.52072 0.0
1.52202 0.0
1.52332 0.0
1.52462 0.0
1.52592 0.0
1.52722 0.0
1.52853 0.0
1.52983 0.0
1.53114 0.0
1.53244 0.0
1.53375 0.0
1.53506 0.0
1.53637 0.0
1.53768 0.0
1.53899 0.0
1.54031 0.0
1.54162 0.0
1.54294 0.0
1.54425 0.0
1.54557 0.0
1.54689 0.0
1.54821 0.0
1.54953 0.0
1.55085 0.0
1.55218 0.0
1.5535 0.0
1.55483 0.0
1.55616 0.0
1.55748 0.0
1.55881 0.0
1.56014 0.0
1.56147 0.0
1.56281 0.0
1.56414 0.0
1.56548 0.0
1.56681 0.0
1.56815 0.0
1.56949 0.0
1.57083 0.0
1.57217 0.0
1.57351 0.0
1.57485 0.0
1.5762 0.0
1.57754 0.0
1.57889 0.0
1.58023 0.0
1.58158 0.0
1.58293 0.0
1.58428 0.0
1.58564 0.0
1.58699 0.0
1.58834 0.0
1.5897 0.0
1.59106 0.0
1.59241 0.0
1.59377 0.0
1.59513 0.0
1.59649 0.0
1.59786 0.0
1.59922 0.0
1.60058 0.0
1.60195 0.0
1.60332 0.0
1.60469 0.0
1.60606 0.0
1.60743 0.0
1.6088 0.0
1.61017 0.0
1.61155 0.0
1.61292 0.0
1.6143 0.0
1.61567 0.0
1.61705 0.0
1.61843 0.0
1.61981 0.0
1.6212 0.0
1.62258 0.0
1.62397 0.0
1.62535 0.0
1.62674 0.0
1.62813 0.0
1.62952 0.0
1.63091 0.0
1.6323 0.0
1.63369 0.0
1.63509 0.0
1.63648 0.0
1.63788 0.0
1.63928 0.0
1.64067 0.0
1.64207 0.0
1.64348 0.0
1.64488 0.0
1.64628 0.0
1.64769 0.0
1.64909 0.0
1.6505 0.0
1.65191 0.0
1.65332 0.0
1.65473 0.0
1.65614 0.0
1.65762 0.0
1.65917 0.0
1.66072 0.0
1.66228 0.0
1.66383 0.0
1.66539 0.0
1.66694 0.0
1.6685 0.0
1.67006 0.0
1.67162 0.0
1.67318 0.0
1.67475 0.0
1.67631 0.0
1.67788 0.0
1.67945 0.0
1.68102 0.0
1.68259 0.0
1.68416 0.0
1.68574 0.0
1.68732 0.0
1.68889 0.0
1.69047 0.0
1.69205 0.0
1.69363 0.0
1.69522 0.0
1.6968 0.0
1.69839 0.0
1.69998 0.0
1.70156 0.0
1.70316 0.0
1.70475 0.0
1.70634 0.0
1.70794 0.0
1.70953 0.0
1.71113 0.0
1.71273 0.0
1.71433 0.0
1.71593 0.0
1.71754 0.0
1.71914 0.0
1.72075 0.0
1.72236 0.0
1.72397 0.0
1.72558 0.0
1.7272 0.0
1.72881 0.0
1.73043 0.0
1.73204 0.0
1.73366 0.0
1.73528 0.0
1.73691 0.0
1.73853 0.0
1.74016 0.0
1.74178 0.0
1.74341 0.0
1.74504 0.0
1.74667 0.0
1.7483 0.0
1.74994 0.0
1.75157 0.0
1.75321 0.0
1.75485 0.0
1.75649 0.0
1.75813 0.0
1.75978 0.0
1.76142 0.0
1.76307 0.0
1.76472 0.0
1.76637 0.0
1.76802 0.0
1.76967 0.0
1.77133 0.0
1.77298 0.0
1.77464 0.0
1.7763 0.0
1.77796 0.0
1.77962 0.0
1.78128 0.0
1.78295 0.0
1.78462 0.0
1.78628 0.0
1.78795 0.0
1.78963 0.0
1.7913 0.0
1.79297 0.0
1.79465 0.0
1.79633 0.0
1.79801 0.0
1.79969 0.0
1.80137 0.0
1.80305 0.0
1.80474 0.0
1.80643 0.0
1.80812 0.0
1.80981 0.0
1.8115 0.0
1.81319 0.0
1.81489 0.0
1.81658 0.0
1.81828 0.0
1.81998 0.0
1.82168 0.0
1.82347 0.0
1.82533 0.0
1.8272 0.0
1.82907 0.0
1.83094 0.0
1.83282 0.0
1.83469 0.0
1.83657 0.0
1.83845 0.0
1.84033 0.0
1.84221 0.0
1.8441 0.0
1.84599 0.0
1.84788 0.0
1.84977 0.0
1.85166 0.0
1.85356 0.0
1.85545 0.0
1.85735 0.0
1.85925 0.0
1.86116 0.0
1.86306 0.0
1.86497 0.0
1.86688 0.0
1.86879 0.0
1.8707 0.0
1.87261 0.0
1.87453 0.0
1.87645 0.0
1.87837 0.0
1.88029 0.0
1.88222 0.0
1.88414 0.0
1.88607 0.0
1.888 0.0
1.88993 0.0
1.89187 0.0
1.8938 0.0
1.89574 0.0
1.89768 0.0
1.89962 0.0
1.90157 0.0
1.90351 0.0
1.90546 0.0
1.90741 0.0
1.90936 0.0
1.91132 0.0
1.91327 0.0
1.91523 0.0
1.91719 0.0
1.91916 0.0
1.92112 0.0
1.92309 0.0
1.92505 0.0
1.92702 0.0
1.929 0.0
1.93097 0.0
1.93295 0.0
1.93492 0.0
1.93691 0.0
1.93889 0.0
1.94087 0.0
1.94286 0.0
1.94485 0.0
1.94684 0.0
1.94883 0.0
1.95082 0.0
1.95282 0.0
1.95482 0.0
1.95682 0.0
1.95882 0.0
1.96083 0.0
1.96283 0.0
1.96484 0.0
1.96685 0.0
1.96887 0.0
1.97088 0.0
1.9729 0.0
1.97492 0.0
1.97694 0.0
1.97896 0.0
1.98099 0.0
1.98302 0.0
1.98504 0.0
1.98708 0.0
1.98911 0.0
1.99115 0.0
1.99318 0.0
1.99522 0.0
1.99727 0.0
1.99931 0.0
2.00136 0.0
2.0034 0.0
2.00545 0.0
2.00751 0.0
2.00956 0.0
2.01162 0.0
2.01368 0.0
2.01574 0.0
2.0178 0.0
2.01987 0.0
2.02193 0.0
2.024 0.0
2.0262 0.0
2.02851 0.0
2.03084 0.0
2.03316 0.0
2.03549 0.0
2.03781 0.0
2.04015 0.0
2.04248 0.0
2.04482 0.0
2.04716 0.0
2.0495 0.0
2.05184 0.0
2.05419 0.0
2.05654 0.0
2.05889 0.0
2.06125 0.0
2.06361 0.0
2.06597 0.0
2.06833 0.0
2.0707 0.0
2.07307 0.0
2.07544 0.0
2.07782 0.0
2.08019 0.0
2.08257 0.0
2.08496 0.0
2.08734 0.0
2.08973 0.0
2.09212 0.0
2.09452 0.0
2.09691 0.0
2.09931 0.0
2.10171 0.0
2.10412 0.0
2.10653 0.0
2.10894 0.0
2.11135 0.0
2.11376 0.0
2.11618 0.0
2.1186 0.0
2.12103 0.0
2.12346 0.0
2.12588 0.0
2.12832 0.0
2.13075 0.0
2.13319 0.0
2.13563 0.0
2.13807 0.0
2.14052 0.0
2.14297 0.0
2.14542 0.0
2.14788 0.0
2.15033 0.0
2.15279 0.0
2.15526 0.0
2.15772 0.0
2.16019 0.0
2.16266 0.0
2.16514 0.0
2.16762 0.0
2.1701 0.0
2.17258 0.0
2.17506 0.0
2.17755 0.0
2.18005 0.0
2.18254 0.0
2.18504 0.0
2.18754 0.0
2.19004 0.0
2.19255 0.0
2.19505 0.0
2.19757 0.0
2.20008 0.0
2.2026 0.0
2.20512 0.0
2.20764 0.0
2.21017 0.0
2.2127 0.0
2.21523 0.0
2.21776 0.0
2.2203 0.0
2.22284 0.0
2.22538 0.0
2.22793 0.0
2.23048 0.0
2.23303 0.0
2.23559 0.0
2.23814 0.0
2.2407 0.0
2.24327 0.0
2.24583 0.0
2.2484 0.0
2.25098 0.0
2.25355 0.0
2.25613 0.0
2.25871 0.0
2.2613 0.0
2.26388 0.0
2.26647 0.0
2.26907 0.0
2.27166 0.0
2.27426 0.0
2.27687 0.0
2.27963 0.0
2.28256 0.0
2.28549 0.0
2.28843 0.0
2.29137 0.0
2.29431 0.0
2.29726 0.0
2.30021 0.0
2.30317 0.0
2.30613 0.0
2.30909 0.0
2.31206 0.0
2.31503 0.0
2.318 0.0
2.32098 0.0
2.32396 0.0
2.32695 0.0
2.32994 0.0
2.33293 0.0
2.33593 0.0
2.33893 0.0
2.34193 0.0
2.34494 0.0
2.34795 0.0
2.35097 0.0
2.35399 0.0
2.35702 0.0
2.36004 0.0
2.36308 0.0
2.36611 0.0
2.36915 0.0
2.3722 0.0
2.37524 0.0
2.37829 0.0
2.38135 0.0
2.38441 0.0
2.38747 0.0
2.39054 0.0
2.39361 0.0
2.39669 0.0
2.39977 0.0
2.40285 0.0
2.40594 0.0
2.40903 0.0
2.41212 0.0
2.41522 0.0
2.41833 0.0
2.42143 0.0
2.42454 0.0
2.42766 0.0
2.43078 0.0
2.4339 0.0
2.43703 0.0
2.44016 0.0
2.44329 0.0
2.44643 0.0
2.44958 0.0
2.45272 0.0
2.45587 0.0
2.45903 0.0
2.46219 0.0
2.46535 0.0
2.46852 0.0
2.47169 0.0
2.47487 0.0
2.47805 0.0
2.48123 0.0
2.48442 0.0
2.48761 0.0
2.49081 0.0
2.49401 0.0
2.49721 0.0
2.50042 0.0
2.50363 0.0
2.50685 0.0
2.51007 0.0
2.51329 0.0
2.51652 0.0
2.51976 0.0
2.52299 0.0
2.52623 0.0
2.52948 0.0
2.53273 0.0
2.53598 0.0
2.53924 0.0
2.5425 0.0
2.54577 0.0
2.54904 0.0
2.55232 0.0
2.5556 0.0
2.55888 0.0
2.56217 0.0
2.56546 0.0
2.56875 0.0
2.57205 0.0
2.57536 0.0
2.57867 0.0
2.58198 0.0
2.5853 0.0
2.58862 0.0
2.59195 0.0
2.59528 0.0
2.59861 0.0
2.60195 0.0
2.60553 0.0
2.60936 0.0
2.61319 0.0
2.61703 0.0
2.62088 0.0
2.62473 0.0
2.62858 0.0
2.63245 0.0
2.63631 0.0
2.64019 0.0
2.64407 0.0
2.64795 0.0
2.65184 0.0
2.65574 0.0
2.65964 0.0
2.66355 0.0
2.66746 0.0
2.67138 0.0
2.6753 0.0
2.67923 0.0
2.68317 0.0
2.68711 0.0
2.69106 0.0
2.69501 0.0
2.69897 0.0
2.70294 0.0
2.70691 0.0
2.71089 0.0
2.71487 0.0
2.71886 0.0
2.72285 0.0
2.72685 0.0
2.73086 0.0
2.73487 0.0
2.73889 0.0
2.74291 0.0
2.74694 0.0
2.75098 0.0
2.75502 0.0
2.75907 0.0
2.76312 0.0
2.76718 0.0
2.77125 0.0
2.77532 0.0
2.77939 0.0
2.78348 0.0
2.78757 0.0
2.79166 0.0
2.79576 0.0
2.79987 0.0
2.80399 0.0
2.8081 0.0
2.81223 0.0
2.81636 0.0
2.8205 0.0
2.82464 0.0
2.82879 0.0
2.83295 0.0
2.83711 0.0
2.84128 0.0
2.84545 0.0
2.84963 0.0
2.85382 0.0
2.85801 0.0
2.86221 0.0
2.86642 0.0
2.87063 0.0
2.87485 0.0
2.87907 0.0
2.8833 0.0
2.88754 0.0
2.89178 0.0
2.89603 0.0
2.90028 0.0
2.90454 0.0
2.90881 0.0
2.91308 0.0
2.91736 0.0
2.92165 0.0
2.92594 0.0
2.93024 0.0
2.93455 0.0
2.93886 0.0
2.94318 0.0
2.9475 0.0
2.95183 0.0
2.95617 0.0
2.96051 0.0
2.96486 0.0
2.96922 0.0
2.97358 0.0
2.97795 0.0
2.98232 0.0
2.9867 0.0
2.99109 0.0
2.99549 0.0
2.99989 0.0
3.00429 0.0
3.00871 0.0
3.01313 0.0
3.01755 0.0
3.02199 0.0
3.02643 0.0
3.03087 0.0
3.03533 0.0
3.04014 0.0
3.04533 0.0
3.05052 0.0
3.05573 0.0
3.06094 0.0
3.06616 0.0
3.07139 0.0
3.07662 0.0
3.08187 0.0
3.08713 0.0
3.09239 0.0
3.09766 0.0
3.10295 0.0
3.10824 0.0
3.11354 0.0
3.11885 0.0
3.12417 0.0
3.1295 0.0
3.13483 0.0
3.14018 0.0
3.14553 0.0
3.1509 0.0
3.15627 0.0
3.16166 0.0
3.16705 0.0
3.17245 0.0
3.17786 0.0
3.18328 0.0
3.18871 0.0
3.19414 0.0
3.19959 0.0
3.20505 0.0
3.21051 0.0
3.21599 0.0
3.22147 0.0
3.22697 0.0
3.23247 0.0
3.23798 0.0
3.24351 0.0
3.24904 0.0
3.25458 0.0
3.26013 0.0
3.26569 0.0
3.27126 0.0
3.27684 0.0
3.28242 0.0
3.28802 0.0
3.29363 0.0
3.29925 0.0
3.30487 0.0
3.31051 0.0
3.31616 0.0
3.32181 0.0
3.32748 0.0
3.33315 0.0
3.33883 0.0
3.34453 0.0
3.35023 0.0
3.35595 0.0
3.36167 0.0
3.3674 0.0
3.37314 0.0
3.3789 0.0
3.38466 0.0
3.39043 0.0
3.39621 0.0
3.40201 0.0
3.40781 0.0
3.41362 0.0
3.41944 0.0
3.42527 0.0
3.43111 0.0
3.43696 0.0
3.44283 0.0
3.4487 0.0
3.45458 0.0
3.46047 0.0
3.46637 0.0
3.47228 0.0
3.47821 0.0
3.48414 0.0
3.49008 0.0
3.49603 0.0
3.50199 0.0
3.50797 0.0
3.51395 0.0
3.51994 0.0
3.52594 0.0
3.53196 0.0
3.53798 0.0
3.54401 0.0
3.55006 0.0
3.55611 0.0
3.56218 0.0
3.56825 0.0
3.57434 0.0
3.58043 0.0
3.58654 0.0
3.59265 0.0
3.59878 0.0
3.60492 0.0
3.61107 0.0
3.61722 0.0
3.62339 0.0
3.62957 0.0
3.63576 0.0
3.64196 0.0
3.6488 0.0
3.65628 0.0
3.66377 0.0
3.67128 0.0
3.6788 0.0
3.68634 0.0
3.69389 0.0
3.70146 0.0
3.70905 0.0
3.71665 0.0
3.72427 0.0
3.7319 0.0
3.73955 0.0
3.74721 0.0
3.75489 0.0
3.76258 0.0
3.77029 0.0
3.77802 0.0
3.78576 0.0
3.79352 0.0
3.8013 0.0
3.80909 0.0
3.81689 0.0
3.82471 0.0
3.83255 0.0
3.84041 0.0
3.84828 0.0
3.85616 0.0
3.86406 0.0
3.87198 0.0
3.87992 0.0
3.88787 0.0
3.89584 0.0
3.90382 0.0
3.91182 0.0
3.91984 0.0
3.92787 0.0
3.93592 0.0
3.94398 0.0
3.95207 0.0
3.96017 0.0
3.96828 0.0
3.97641 0.0
3.98456 0.0
3.99273 0.0
4.00091 0.0
4.00911 0.0
4.01732 0.0
4.02556 0.0
4.03381 0.0
4.04207 0.0
4.05036 0.0
4.05866 0.0
4.06697 0.0
4.07531 0.0
4.08366 0.0
4.09203 0.0
4.10041 0.0
4.10882 0.0
4.11724 0.0
4.12567 0.0
4.13413 0.0
4.1426 0.0
4.15109 0.0
4.1596 0.0
4.16812 0.0
4.17666 0.0
4.18522 0.0
4.1938 0.0
4.20239 0.0
4.21101 0.0
4.21963 0.0
4.22828 0.0
4.23695 0.0
4.24563 0.0
4.25433 0.0
4.26305 0.0
4.27178 0.0
4.28054 0.0
4.28931 0.0
4.2981 0.0
4.30691 0.0
4.31573 0.0
4.32458 0.0
4.33344 0.0
4.34232 0.0
4.35122 0.0
4.36014 0.0
4.36907 0.0
4.37803 0.0
4.387 0.0
4.39599 0.0
4.405 0.0
4.41402 0.0
4.42307 0.0
4.43213 0.0
4.44122 0.0
4.45032 0.0
4.45944 0.0
4.46858 0.0
4.47773 0.0
4.48691 0.0
4.4961 0.0
4.50532 0.0
4.51455 0.0
4.5238 0.0
4.53307 0.0
4.54236 0.0
4.55167 0.0
4.56219 0.0
4.57392 0.0
4.58568 0.0
4.59748 0.0
4.6093 0.0
4.62116 0.0
4.63304 0.0
4.64496 0.0
4.6569 0.0
4.66888 0.0
4.68089 0.0
4.69293 0.0
4.705 0.0
4.7171 0.0
4.72923 0.0
4.74139 0.0
4.75359 0.0
4.76581 0.0
4.77807 0.0
4.79036 0.0
4.80268 0.0
4.81503 0.0
4.82741 0.0
4.83983 0.0
4.85228 0.0
4.86476 0.0
4.87727 0.0
4.88981 0.0
4.90239 0.0
4.915 0.0
4.92764 0.0
4.94031 0.0
4.95302 0.0
4.96576 0.0
4.97853 0.0
4.99133 0.0
5.00417 0.0
5.01704 0.0
5.02994 0.0
5.04288 0.0
5.05585 0.0
5.06885 0.0
5.08189 0.0
5.09496 0.0
5.10806 0.0
5.1212 0.0
5.13437 0.0
5.14758 0.0
5.16081 0.0
5.17409 0.0
5.18739 0.0
5.20074 0.0
5.21411 0.0
5.22752 0.0
5.24097 0.0
5.25445 0.0
5.26796 0.0
5.28151 0.0
5.29509 0.0
5.30871 0.0
5.32236 0.0
5.33605 0.0
5.34978 0.0
5.36354 0.0
5.37733 0.0
5.39116 0.0
5.40502 0.0
5.41893 0.0
5.43286 0.0
5.44684 0.0
5.46084 0.0
5.47489 0.0
5.48897 0.0
5.50309 0.0
5.51724 0.0
5.53143 0.0
5.54566 0.0
5.55992 0.0
5.57422 0.0
5.58855 0.0
5.60293 0.0
5.61734 0.0
5.63179 0.0
5.64627 0.0
5.66079 0.0
5.67535 0.0
5.68995 0.0
5.70458 0.0
5.71925 0.0
5.73396 0.0
5.74871 0.0
5.76349 0.0
5.77832 0.0
5.79318 0.0
5.80808 0.0
5.82301 0.0
5.83799 0.0
5.85301 0.0
5.86806 0.0
5.88315 0.0
5.89828 0.0
5.91345 0.0
5.92866 0.0
5.94391 0.0
5.9592 0.0
5.97452 0.0
5.98989 0.0
6.00529 0.0
6.02074 0.0
6.03622 0.0
6.05175 0.0
6.06731 0.0
6.08521 0.0
6.10547 0.0
6.12579 0.0
6.14618 0.0
6.16665 0.0
6.18717 0.0
6.20777 0.0
6.22844 0.0
6.24917 0.0
6.26998 0.0
6.29085 0.0
6.31179 0.0
6.3328 0.0
6.35388 0.0
6.37504 0.0
6.39626 0.0
6.41755 0.0
6.43892 0.0
6.46035 0.0
6.48186 0.0
6.50344 0.0
6.52509 0.0
6.54681 0.0
6.5686 0.0
6.59047 0.0
6.61241 0.0
6.63442 0.0
6.65651 0.0
6.67867 0.0
6.7009 0.0
6.72321 0.0
6.74559 0.0
6.76805 0.0
6.79058 0.0
6.81318 0.0
6.83587 0.0
6.85862 0.0
6.88145 0.0
6.90436 0.0
6.92735 0.0
6.95041 0.0
6.97355 0.0
6.99676 0.0
7.02005 0.0
7.04342 0.0
7.06687 0.0
7.0904 0.0
7.114 0.0
7.13768 0.0
7.16145 0.0
7.18529 0.0
7.20921 0.0
7.23321 0.0
7.25728 0.0
7.28144 0.0
7.30568 0.0
7.33 0.0
7.35441 0.0
7.37889 0.0
7.40345 0.0
7.4281 0.0
7.45283 0.0
7.47764 0.0
7.50253 0.0
7.52751 0.0
7.55257 0.0
7.57771 0.0
7.60294 0.0
7.62825 0.0
7.65364 0.0
7.67912 0.0
7.70468 0.0
7.73033 0.0
7.75607 0.0
7.78189 0.0
7.80779 0.0
7.83379 0.0
7.85986 0.0
7.88603 0.0
7.91228 0.0
7.93862 0.0
7.96505 0.0
7.99157 0.0
8.01817 0.0
8.04486 0.0
8.07164 0.0
8.09851 0.0
8.12548 0.0
8.15253 0.0
8.17966 0.0
8.2069 0.0
8.23422 0.0
8.26163 0.0
8.28913 0.0
8.31673 0.0
8.34441 0.0
8.37219 0.0
8.40006 0.0
8.42803 0.0
8.45608 0.0
8.48423 0.0
8.51248 0.0
8.54082 0.0
8.56925 0.0
8.59777 0.0
8.6264 0.0
8.65511 0.0
8.68393 0.0
8.71284 0.0
8.74184 0.0
8.77094 0.0
8.80014 0.0
8.82944 0.0
8.85883 0.0
8.88832 0.0
8.91791 0.0
8.9476 0.0
8.97739 0.0
9.00727 0.0
9.03726 0.0
9.06734 0.0
9.09753 0.0
9.12785 0.0
9.15832 0.0
9.18889 0.0
9.21957 0.0
9.25034 0.0
9.28122 0.0
9.3122 0.0
9.34328 0.0
9.37447 0.0
9.40576 0.0
9.43716 0.0
9.46866 0.0
9.50027 0.0
9.53198 0.0
9.5638 0.0
9.59572 0.0
9.62775 0.0
9.65989 0.0
9.69213 0.0
9.72449 0.0
9.75695 0.0
9.78951 0.0
9.82219 0.0
9.85498 0.0
9.88787 0.0
9.92088 0.0
9.954 0.0
9.98722 5.7728894337818936e-12
10.0206 6.33574139120572e-12
10.054 7.52556779502532e-12
10.0876 8.937146244445614e-12
10.1212 1.0615679319928684e-11
10.155 1.2606871057644655e-11
10.1889 1.4972225031559118e-11
10.2229 1.778987663095945e-11
10.2571 2.1113364539610945e-11
10.2913 2.508326271925429e-11
10.3256 2.979425075945607e-11
10.3601 3.5382852158720666e-11
10.3947 4.202745300686397e-11
10.4294 4.990377434263917e-11
10.4642 5.92708939769757e-11
10.4991 7.039861949979171e-11
10.5342 8.360908464363564e-11
10.5693 9.930717158755963e-11
10.6046 1.1794547370008804e-10
10.64 1.4007129668045897e-10
10.6755 1.664338615772918e-10
10.7112 1.9757490659221515e-10
10.7469 2.3463232088464805e-10
10.7828 2.786518051085733e-10
10.8188 3.3094706026979743e-10
10.8549 3.9308766750086325e-10
10.8911 4.668965290437534e-10
10.9275 5.545773082703392e-10
10.964 6.585848083003612e-10
11.0006 6.943252489329788e-10
11.0373 3.566453055339325e-10
11.0741 1.6503506895757333e-10
11.1111 7.636057698345207e-11
11.1482 3.532316269839489e-11
11.1854 1.635266016696629e-11
11.2227 7.564121689724128e-12
11.2602 3.4998383779045026e-12
11.2978 1.6189970173979424e-12
11.3355 7.49280898790971e-13
11.3733 3.4663497871864916e-13
11.4113 1.6042046423182565e-13
11.4494 7.422188418400444e-14
11.4876 3.434463934857048e-14
11.526 1.589538119609073e-14
11.5644 7.3522596825445e-15
11.603 3.401594745306531e-15
11.6418 1.5737271183677927e-15
11.6806 7.282959751040284e-16
11.7196 3.369027932823605e-16
11.7587 1.5593536954205838e-16
11.798 7.214291190302143e-17
11.8374 3.3380279136444843e-17
11.8769 1.5438348641768493e-17
11.9165 7.146316054073617e-18
11.9563 3.306083617565891e-18
11.9962 1.6593875668766852e-18
12.0363 1.5407854027011536e-18
12.0764 1.6818054458628398e-18
12.1167 1.8379082046073703e-18
12.1572 2.0064755575396127e-18
12.1978 2.192297457688498e-18
12.2385 2.3939755897254424e-18
12.2793 2.615001296465622e-18
12.3203 2.8563677309503065e-18
12.3614 3.1190958948333465e-18
12.4027 3.406557211830606e-18
12.4441 3.7209251476135956e-18
12.4856 4.064320205083399e-18
12.5273 4.438797998302906e-18
12.5691 4.848829414276427e-18
12.6111 5.2951951189700085e-18
12.6532 5.783467734988916e-18
12.6954 6.316752991219072e-18
12.7378 6.899233370977455e-18
12.7803 7.535131757127394e-18
12.823 8.230836013680534e-18
12.8658 8.989275447422696e-18
12.9087 9.81907716451032e-18
12.9518 1.0724049009135966e-17
12.9951 1.279789773173528e-17
13.0384 3.2060551278788816e-17
13.082 9.875350731169059e-17
13.1256 3.0423247480766567e-16
13.1694 9.371448100764213e-16
13.2134 2.8874159442490973e-15
13.2575 8.894027210436057e-15
13.3018 2.7400506413242052e-14
13.3462 8.4404607884007e-14
13.3907 2.600118669108474e-13
13.4354 8.010396766273903e-13
13.4803 2.467451923379645e-12
13.5253 7.602199628027259e-12
13.5704 2.3419615428931827e-11
13.6157 7.214506752389349e-11
13.6611 2.2224082546450915e-10
13.7067 6.846904914548952e-10
13.7525 2.109762410618121e-09
13.7984 6.4979135775488874e-09
13.8445 2.0017582066310017e-08
13.8907 6.167261328595037e-08
13.937 1.8994044025465664e-07
13.9836 6.067464793907395e-07
14.0302 9.30281936030364e-07
14.0771 1.0316194179014642e-06
14.1241 1.1436060539132523e-06
14.1712 1.2685608795919656e-06
14.2185 1.4063424918333987e-06
14.266 1.5599625971567558e-06
14.3136 1.7292691572762227e-06
14.3614 1.9182549224098327e-06
14.4093 2.1267309383773795e-06
14.4574 2.358620799002181e-06
14.5057 2.6147130343122568e-06
14.5541 2.899914067925046e-06
14.6027 3.214930779493917e-06
14.6514 3.565602572134685e-06
14.7003 3.953575824603477e-06
14.7494 4.383533761338646e-06
14.7986 4.861137648895864e-06
14.848 5.389897001327874e-06
14.8976 5.9773129569601e-06
14.9473 6.627825210256511e-06
14.9972 7.336755509147038e-06
15.0473 7.977265559117616e-06
15.0975 8.648139359769212e-06
15.1479 9.375657859349973e-06
15.1985 1.0165133055806361e-05
15.2492 1.1014027837770927e-05
15.3001 1.1945117072065299e-05
15.3512 1.2947804253941319e-05
15.4024 1.4040849009549583e-05
15.4538 1.5213555679624127e-05
15.5054 1.6494023536716628e-05
15.5572 1.78811309321715e-05
15.6091 1.9383468544270406e-05
15.6612 2.1018827250143107e-05
15.7135 2.278582146337152e-05
15.7659 2.4702202994638414e-05
15.8185 2.6775736418286432e-05
15.8713 2.9023627378836497e-05
15.9243 3.1462840619865124e-05
15.9775 3.411946246159103e-05
16.0308 3.667425681947981e-05
16.0843 3.919303434584073e-05
16.138 4.188921267187652e-05
16.1919 4.4760926854262236e-05
16.2459 4.7843441846636775e-05
16.3002 5.1124803123624706e-05
16.3546 5.464009640950779e-05
16.4092 5.8395689357387375e-05
16.4639 6.24076014615722e-05
16.5189 6.669956779147428e-05
16.574 7.127845101862782e-05
16.6294 7.617637541635604e-05
16.6849 8.140880194206637e-05
16.7406 8.70075260728496e-05
16.7964 9.296035295583358e-05
16.8525 9.939560026815072e-05
16.9088 0.00010622914698349862
16.9652 0.00011354561140138999
17.0218 0.00012090003441186752
17.0786 0.00012811663788508463
17.1357 0.0001357194269087584
17.1929 0.0001437928164889765
17.2502 0.00015241868487065262
17.3078 0.00016150311651017736
17.3656 0.00017112818643314704
17.4236 0.00018128818274762746
17.4817 0.0001920640826064939
17.5401 0.0002035325285167924
17.5986 0.00021568849070539132
17.6574 0.00022852234078479688
17.7163 0.00024211382848263427
17.7755 0.0002565364453219852
17.8348 0.0002717842349224906
17.8943 0.0002880142879808948
17.954 0.0003051329949822231
18.014 0.00032271403700536447
18.0741 0.0003394317390499872
18.1344 0.0003568594306202555
18.195 0.0003752340111988321
18.2557 0.00039463139256804876
18.3166 0.0004149571702222305
18.3778 0.0004362804579057056
18.4391 0.000458757476518431
18.5007 0.0004823711784963317
18.5624 0.0005072757087366554
18.6244 0.0005333718054614829
18.6865 0.00056081242403357
18.7489 0.0005897370153128051
18.8115 0.0006201327245419917
18.8743 0.0006520631874478188
18.9373 0.0006855910997314882
19.0005 0.000720384659210377
19.0639 0.0007528214104167159
19.1275 0.0007858168284662159
19.1914 0.0008206069442262817
19.2554 0.0008574918530669073
19.3197 0.0008956667551318336
19.3842 0.0009351218649287638
19.4489 0.0009766122142829336
19.5138 0.0010193498548738966
19.5789 0.0010648488336229582
19.6443 0.0011115519678817022
19.7099 0.001160968627116723
19.7756 0.0012123201601843094
19.8416 0.0012663275795694476
19.9079 0.0013222107726587442
19.9743 0.0013829573953197767
20.041 0.0016141749577035017
20.1079 0.0020245797006750122
20.175 0.002539728480773645
20.2423 0.0031866405271243747
20.3099 0.003997104733098666
20.3777 0.005014986063019255
20.4457 0.006290858853426169
20.514 0.007888426503622826
20.5824 0.009896794840897753
20.6511 0.012420366427580052
20.7201 0.015576614335209118
20.7892 0.019546334877996188
20.8586 0.024521917343082088
20.9282 0.03075770021151322
20.9981 0.03774933834851534
21.0682 0.039682392591048124
21.1385 0.040583402034646665
21.209 0.04149920232843947
21.2798 0.04243644948389931
21.3509 0.04340189546377347
21.4221 0.04438167032827392
21.4936 0.045382154096580675
21.5654 0.04641003418566817
21.6373 0.047465433845782196
21.7096 0.04854050510116223
21.782 0.04963567645790808
21.8547 0.05075711202874021
21.9277 0.05191132511875547
22.0009 0.05302340698663089
22.0743 0.05379563470602263
22.148 0.05452148851844284
22.2219 0.055255490973154665
22.2961 0.05599729013777191
22.3705 0.05675371781484735
22.4452 0.05751768871508677
22.5201 0.05829599722339261
22.5952 0.05908186101595647
22.6707 0.059881253024246746
22.7463 0.06068822175388518
22.8223 0.061508426055912065
22.8984 0.06233597649206242
22.9749 0.06316996439028677
23.0516 0.06386810109881254
23.1285 0.06448991811913056
23.2057 0.06509388230101563
23.2831 0.0657767826849374
23.3609 0.0663899986806103
23.4388 0.06699885793744013
23.5171 0.06766612957563048
23.5956 0.06832839344038918
23.6743 0.06898568256214692
23.7533 0.06970070020893128
23.8326 0.07034733712191682
23.9122 0.0710513396627482
23.992 0.07262279285988359
24.0721 0.0830053247884702
24.1524 0.09752899285934762
24.233 0.11460886072138943
24.3139 0.13464945793254038
24.3951 0.15817235370155738
24.4765 0.18587602114728222
24.5582 0.21838722372186892
24.6402 0.25656741184574305
24.7224 0.3015094154758274
24.8049 0.35422879713729455
24.8877 0.41620874225853477
24.9708 0.48897202583078453
25.0541 0.5326544509984011
25.1377 0.5568232775509784
25.2217 0.5821272228766768
25.3058 0.6087383002981036
25.3903 0.6361644512304372
25.4751 0.6651620856307581
25.5601 0.6951321353470364
25.6454 0.726644580817573
25.731 0.759682980385439
25.8169 0.7942310036789865
25.903 0.8302756369781825
25.9895 0.8649171929800881
26.0763 0.8660529641494743
26.1633 0.8580283650571718
26.2506 0.8500472422706404
26.3382 0.8426772780268539
26.4261 0.834780739442303
26.5144 0.8274881515234538
26.6028 0.8196786977011001
26.6916 0.8124691290660746
26.7807 0.8052983511094651
26.8701 0.7976096168606227
26.9598 0.7905178344121185
27.0498 0.7851231082501382
27.1401 0.7819597982990756
27.2307 0.7782596576056087
27.3216 0.7751229549745695
27.4128 0.7714530242506238
27.5043 0.7683428239020681
27.5961 0.7647029713616763
27.6882 0.7616191639856008
27.7806 0.7580092536810008
27.8733 0.7544151574931822
27.9663 0.7513716178982155
28.0597 0.745139561560955
28.1533 0.7368186786815611
28.2473 0.7290720879251154
28.3416 0.720841545298811
28.4362 0.7131840197692483
28.5311 0.7055698555500425
28.6263 0.6979988607820548
28.7219 0.6904684394530602
28.8178 0.6829808713312038
28.9139 0.6755382994535459
29.0104 0.6676202874680649
29.1073 0.656148966632504
29.2044 0.6447493543904691
29.3019 0.6339270561290425
29.3997 0.6226614705213429
29.4978 0.6119713875445931
29.5963 0.6013440449022168
29.6951 0.5907812371996073
29.7942 0.5807846161038217
29.8936 0.570848546226447
29.9934 0.5604722126234936
30.0935 0.5496622357319761
30.194 0.5384214674495299
30.2948 0.5277437387627526
30.3959 0.5171317265147131
30.4973 0.5065850903151197
30.5991 0.4961018691322957
30.7013 0.48631512815128225
30.8037 0.47649312899782575
30.9066 0.46687383701306656
31.0097 0.4576048147315992
31.1132 0.4491605687136474
31.2171 0.4409103974789072
31.3213 0.4328540677205124
31.4258 0.4248946994705931
31.5307 0.41712509907708356
31.6359 0.40949769289516663
31.7415 0.40196289895018783
31.8475 0.39461400206957936
31.9538 0.3873570310250191
32.0604 0.3782786564769057
32.1674 0.3679075329758191
32.2748 0.3578324414169711
32.3825 0.34805188450880814
32.4906 0.3385161305934529
32.5991 0.32926897371635194
32.7079 0.3202174089138149
32.817 0.3114508865164863
32.9266 0.3029195504334499
33.0365 0.29471377279158645
33.1468 0.28673943225432313
33.2574 0.279040322969621
33.3684 0.2715234605414255
33.4798 0.26418730171176313
33.5915 0.25707559887648984
33.7036 0.25018556795597124
33.8161 0.24342679442655146
33.929 0.23688637185138606
34.0423 0.23086989195748475
34.1559 0.22559194827796794
34.2699 0.22047734918715733
34.3843 0.21543765569760803
34.499 0.21051625980588234
34.6142 0.20575413237345838
34.7297 0.20106492494125702
34.8456 0.19644746974757699
34.9619 0.1919867672940635
35.0786 0.18746823364486892
35.1957 0.18302007902056966
35.3132 0.17868410667906617
35.4311 0.17441713607387066
35.5493 0.170261174488955
35.668 0.1662142911550709
35.787 0.1622764772102578
35.9065 0.1584042119421472
36.0263 0.15463937647284046
36.1466 0.15093878523343998
36.2672 0.14734400246945445
36.3883 0.143812173461638
36.5097 0.14034358567615804
36.6316 0.1369777758736475
36.7539 0.1337142225932745
36.8765 0.13051181185908597
36.9996 0.12745016902319403
37.1231 0.12477007728650408
37.247 0.12218675396096972
37.3714 0.11965897950375536
37.4961 0.11718692721754613
37.6212 0.11476979707797212
37.7468 0.11240682206678615
37.8728 0.11009784768287813
37.9992 0.10780305112364602
38.1261 0.1052867215832326
38.2533 0.10282537831831773
38.381 0.10037904205449891
38.5091 0.09802558792879897
38.6376 0.09572545697188452
38.7666 0.09343936957290191
38.896 0.09124441071108604
39.0258 0.0892163877804705
39.1561 0.08746806667868509
39.2868 0.08576853849853444
39.4179 0.08411736962303848
39.5495 0.08251392060624027
39.6815 0.08092029136925345
39.8139 0.07933643227419473
39.9468 0.07779953871265977
40.0801 0.07627207629652105
40.2139 0.07471661997778688
40.3482 0.07320764039659862
40.4828 0.07170814144217681
40.6179 0.0702545373757249
40.7535 0.068809726746698
40.8895 0.06741041630351172
41.026 0.06605603346868114
41.163 0.06467351377589092
41.3004 0.06333576573594124
41.4382 0.06204238272939277
41.5765 0.06075684265952108
41.7153 0.05947911374603644
41.8545 0.05828076944682311
41.9942 0.057089689908941775
42.1344 0.05597683682410756
42.275 0.05494160135623517
42.4161 0.0539125935950737
42.5577 0.05292493058163281
42.6998 0.05194320992697631
42.8423 0.050967525839318906
42.9853 0.04999772920723598
43.1288 0.048999117831819226
43.2727 0.048006685901229404
43.4171 0.04702029110307445
43.5621 0.04607413411835615
43.7075 0.04513384190134853
43.8533 0.04419938184650049
43.9997 0.043304515760968235
44.1466 0.04234734874216899
44.2939 0.041429922021022914
44.4418 0.04051802987351853
44.5901 0.039611831708358684
44.7389 0.03874463805005528
44.8883 0.03791600552101855
45.0381 0.03709254107079685
45.1884 0.0363072317352453
45.3393 0.03552665892700731
45.4906 0.034783836150904815
45.6424 0.0340455652315268
45.7948 0.03334441092467511
45.9476 0.03264762364744153
46.101 0.03193881865049924
46.2549 0.031240844181799187
46.4092 0.030560126133435925
46.5642 0.029893105989383294
46.7196 0.029239865153418778
46.8755 0.028600222292761077
47.032 0.027961283314120202
47.189 0.02728509106890293
47.3465 0.026622578776109213
47.5045 0.02597677960750589
47.6631 0.025344356654483393
47.8221 0.024728431451587558
47.9818 0.0241318215317061
48.1419 0.023554507479045455
48.3026 0.022996216547914474
48.4638 0.02245065457518734
48.6256 0.02191766672136632
48.7879 0.021400256906345425
48.9507 0.020892175424463123
49.1141 0.020399393788108868
49.278 0.01992485323944237
49.4425 0.0194592726511095
49.6076 0.019002579782256723
49.7731 0.018560786907570348
49.9393 0.018124663104396324
50.1059 0.017697261043991344
50.2732 0.017272451248754254
50.441 0.01686215256166081
50.6094 0.01646028993114225
50.7783 0.016066825312271677
50.9478 0.015681655987140886
51.1178 0.015313520273477734
51.2884 0.014953482249476702
51.4596 0.01460147397195273
51.6314 0.014260324511091544
51.8037 0.013924190496704363
51.9766 0.013598760470252205
52.1501 0.013283939199233239
52.3242 0.012973915341792795
52.4988 0.012674373558480783
52.6741 0.012382331784529105
52.8499 0.01209494288632971
53.0263 0.014260318147032892
53.2033 0.02962889903662388
53.3808 0.06578494083450943
53.559 0.1460157340594835
53.7378 0.3242347186327552
53.9171 0.7384056312289085
54.0971 0.9952724678449287
54.2777 0.9189415231738649
54.4588 0.8483270492064352
54.6406 0.7833712771291282
54.823 0.7232033090222325
55.006 0.6677774847034038
55.1896 0.6165064555795818
55.3738 0.5693505607761111
55.5586 0.5257320138464205
55.7441 0.4856161715303579
55.9301 0.44843648603527625
56.1168 0.41416327917978685
56.3041 0.38250396841618206
56.492 0.3531688190354322
56.6806 0.3263989362735813
56.8698 0.3013813616385877
57.0596 0.2799342281639196
57.25 0.26228393807440514
57.4411 0.2461536749036454
57.6329 0.2309320482677812
57.8252 0.2166371826685552
58.0182 0.20570844181348175
58.2119 0.205383638452652
58.4062 0.2062367935871367
58.6011 0.20708217088034378
58.7967 0.20794490485887793
58.993 0.2087994401209612
59.1899 0.2097219852392738
59.3874 0.210636284753539
59.5857 0.2115918827264951
59.7846 0.2125139919445331
59.9841 0.21347771735149343
60.1843 0.21445740967549817
60.3852 0.2154776435820039
60.5867 0.21648896746848667
60.789 0.2175153274538269
60.9919 0.21294190068621352
61.1955 0.17276348977320174
61.3997 0.1352130010753895
61.6046 0.10582473776583366
61.8103 0.08282463328025386
62.0166 0.06853771082346481
62.2236 0.07239578932154213
62.4313 0.07874279021810755
62.6396 0.08561991324348178
62.8487 0.0931165813311499
63.0585 0.10132137672378498
63.269 0.11017970535886601
63.4801 0.11987344164752761
63.692 0.13041707720980575
63.9046 0.14191900113242573
64.1179 0.1543693043204785
64.3319 0.16796737968831013
64.5467 0.18277059782958294
64.7621 0.19888250078399186
64.9783 0.2072203387066425
65.1951 0.14252789523311035
65.4127 0.08873501787233866
65.6311 0.05523780419390241
65.8501 0.034386099088630585
66.0699 0.02317980515986351
66.2905 0.018035422606922466
66.5117 0.014121312678955333
66.7337 0.01105552535128064
66.9565 0.008675608616185555
67.18 0.0067789241011161185
67.4042 0.005309690586749935
67.6292 0.004159757557398677
67.8549 0.003257667035653994
68.0814 0.002559239449092309
68.3086 0.0020011713897303343
68.5366 0.0015687704553698652
68.7654 0.0012297003724148427
68.9949 0.001025532510438486
69.2252 0.001274896325702718
69.4563 0.0017062642699290686
69.6881 0.0022834761398906347
69.9207 0.0030566093358756715
70.1541 0.0035303742676932996
70.3882 0.0037821053067946253
70.6232 0.004053293156796189
70.8589 0.004341635498743095
71.0954 0.004653257592194077
71.3327 0.0049858207594600575
71.5708 0.005341195221570189
71.8097 0.005723307629491514
72.0494 0.006148485591541331
72.2899 0.006643182073591126
72.5311 0.007181955079706557
72.7732 0.00776638460307407
73.0161 0.008453358949737724
73.2598 0.009464358282513328
73.5044 0.010639440224655773
73.7497 0.01196073819030047
73.9959 0.013455020820381419
74.2429 0.015120533216000636
74.4907 0.017003704597296568
74.7393 0.019122320331257554
74.9888 0.021479925630484138
75.239 0.023833599784274264
75.4902 0.02638925458154357
75.7422 0.029223839495169344
75.995 0.03186216654699178
76.2486 0.031461973719266005
76.5031 0.03053623364482366
76.7585 0.029616285141179585
77.0147 0.0287409792709485
77.2717 0.0279486091479972
77.5296 0.02719975821769177
77.7884 0.0264555667136993
78.0481 0.025754339009070763
78.3086 0.025152999947144723
78.5699 0.02455539840675635
78.8322 0.023980426483001575
79.0953 0.02390065881450982
79.3593 0.024650367156632463
79.6242 0.025432383294246956
79.89 0.026246359400274095
80.1566 0.0270733255611604
80.4242 0.027950251088147533
80.6926 0.028839608314732937
80.9619 0.029759684510323518
81.2322 0.03072851659043928
81.5033 0.03172731160265869
81.7753 0.03275570217972457
82.0483 0.035836649603891574
82.3222 0.04654527829279023
82.5969 0.061365078623626196
82.8726 0.0811027495033947
83.1492 0.05478798117483505
83.4268 0.020992530042277035
83.7052 0.008038537252594784
83.9846 0.003613232125390156
84.2649 0.004916392339650328
84.5462 0.008535258898314585
84.8284 0.01481340428174779
85.1115 0.021209601047464752
85.3956 0.02278532755543696
85.6806 0.024420170362088826
85.9666 0.026304830913990745
86.2536 0.029667862195141555
86.5415 0.033889616101304865
86.8303 0.03870305480054246
87.1201 0.04587029810205799
87.4109 0.0568562514876753
87.7027 0.07063348017421157
87.9954 0.08642600958244334
88.2891 0.09509962239975304
88.5838 0.10283661364078442
88.8795 0.11121096854657252
89.1761 0.11642590117164212
89.4738 0.11919774185436245
89.7724 0.12204993498917213
90.0721 0.12528019762681125
90.3727 0.12944760749123793
90.6744 0.1337836944546457
90.977 0.12755210028510724
91.2807 0.058181536256392996
91.5853 0.022731439396033778
91.891 0.009288559529315196
92.1977 0.007421376851599681
92.5055 0.009425718684139014
92.8142 0.011972583154104427
93.124 0.01547082280987466
93.4349 0.020264600879858166
93.7467 0.026642437531674893
94.0596 0.03555348241277553
94.3736 0.0485886801807693
94.6886 0.06682805231106312
95.0046 0.09045539237923562
95.3217 0.10946881524912783
95.6399 0.13063779202467093
95.9591 0.15432995512603429
96.2794 0.1621737643140377
96.6008 0.16534992552206504
96.9232 0.1688118975673538
97.2467 0.17440207821324502
97.5713 0.18102613545825796
97.897 0.18806247338570828
98.2237 0.19702959322349842
98.5516 0.20745232621341375
98.8805 0.22067752884575248
99.2106 0.4273743576651204
99.5417 1.1893624034730301
99.874 3.396284634517282
100.207 3.1581378083515075
100.542 1.5693449476745909
100.877 0.8022299094904595
101.214 0.8557096907176981
101.552 1.4800999868566296
101.891 2.565778003977228
102.231 3.1512043256779676
102.572 3.306950547792958
102.915 3.4717699944518925
103.258 3.658668921016133
103.603 3.8630226251872894
103.948 4.08040774042642
104.295 4.336424329548023
104.644 4.614951984751276
104.993 5.0411972593283
105.343 6.432826733517436
105.695 8.457505457908434
106.048 11.058149203952405
106.402 13.950642130684821
106.757 17.595708244124086
107.113 22.270603106924852
107.471 28.055157543285983
107.829 35.53505743978931
108.189 41.51315104006131
108.55 45.398245088221174
108.913 49.421463267498346
109.276 48.64140466413289
109.641 46.024127515952756
110.007 43.654946301714595
110.374 41.92441405219496
110.742 40.340040879784276
111.112 38.4154989121677
111.483 35.81921702265336
111.855 33.333456526339056
112.228 27.598936636477262
112.603 21.15822779364266
112.979 16.322204852628698
113.356 12.801916577461315
113.734 10.11623461606362
114.114 8.05109702614694
114.495 6.454190896309849
114.877 5.233671278493644
115.26 5.837822040915398
115.645 7.707843235589725
116.031 9.203174370369856
116.418 6.997625807142489
116.807 5.072932401802705
117.197 3.954745635520012
117.588 3.3539810156085754
117.981 2.938426504704602
118.374 3.2748555458618647
118.769 3.831883761574563
119.166 4.794291928938058
119.564 6.4845229397785715
119.963 8.795553490657102
120.363 11.312347021122017
120.765 14.440124534982372
121.168 18.47767545605215
121.572 23.509348807224097
121.978 30.346399372366278
122.385 41.63488940375011
122.794 58.121493074004036
123.204 81.30809934184634
123.615 112.40995161059665
124.027 156.88251088819885
124.441 217.2943367857035
124.857 303.17453729613965
125.274 379.04978875040644
125.692 450.0153851853923
126.111 406.8939407208536
126.532 179.42579239144072
126.954 87.2941806507526
127.378 104.86224172260025
127.803 161.49218550762234
128.23 204.69203916691708
128.658 224.1215965683559
129.087 239.7129280633847
129.518 239.8390200492667
129.951 240.88129453706782
130.384 261.18738912988243
130.82 289.012348325948
131.256 320.9823526341552
131.694 357.9593360834803
132.134 400.34457839314217
132.575 449.21380456565674
133.017 501.4656435358145
133.461 541.4844944138212
133.907 581.7877211076479
134.354 616.9207737449967
134.802 651.3721990341196
135.252 687.796818880434
135.704 726.5040230942051
136.157 767.8045401827275
136.611 811.452708543321
137.067 728.9907846071958
137.524 346.04705184559276
137.983 176.89194016544383
138.444 185.9174720726571
138.906 227.72087314010312
139.37 289.2030997097738
139.835 374.76729555819685
140.302 524.0364383551358
140.77 776.1105439506418
141.24 855.3810287281124
141.711 723.1481268159603
142.184 665.0984380463683
142.659 694.5446673325554
143.135 736.8514377670467
143.613 805.4227401640436
144.092 831.0811519368276
144.573 717.8325846426329
145.056 614.8123544917786
145.54 529.9418711042581
146.026 458.5327705037244
146.513 399.0276434456944
147.002 352.8330990882976
147.493 338.88200683740274
147.985 330.37767894270445
148.479 323.0333788024536
148.974 316.23763168554365
149.472 310.0810347396295
149.971 290.10145559015234
150.471 184.77365792790647
150.973 116.20162490489083
151.477 114.531452328103
151.983 124.58110161962836
152.49 135.64203278650555
152.999 147.8985137434527
153.51 161.53302589259675
154.022 176.7266737523468
154.536 193.6559726369552
155.052 227.3503797599418
155.57 343.3990366515022
156.089 491.7312663116399
156.61 530.2045396399582
157.133 560.9913996674027
157.657 593.9418392336422
158.183 629.5024967538493
158.711 667.6460755196891
159.241 605.7846888968401
159.773 453.43414275063606
160.306 462.3756917596123
160.841 598.6426872743123
161.378 692.3853681341632
161.916 764.0719092168874
162.457 859.5722840069684
162.999 977.188037359646
163.543 1131.2307801219504
164.089 1315.2258520245216
164.637 1527.960128418334
165.186 1440.490560883286
165.738 912.3102111075759
166.291 636.4034909060297
166.846 499.73819799549165
167.403 432.2311888038557
167.962 394.8190738457595
168.522 381.614901495058
169.085 373.5334280788142
169.649 365.8560714803736
170.215 357.9617886746648
170.783 349.6778683434717
171.353 346.50720418996764
171.925 346.6592289398419
172.499 347.93334467946704
173.075 365.18138079963404
173.653 447.5936332204985
174.232 461.2997446248146
174.814 359.15316504126537
175.397 286.16285842220105
175.983 235.49369437895433
176.57 213.11165105790926
177.159 196.7008220069048
177.751 182.41506369031316
178.344 254.26358609701714
178.939 460.6158509449216
179.537 528.1396433862216
180.136 524.1417428942349
180.737 461.66055157369266
181.34 477.362594247923
181.946 532.6549503513043
182.553 359.4116365672836
183.162 243.00265787836474
183.774 214.8489980182926
184.387 194.66793291932848
185.002 193.29322256909182
185.62 305.0487960466336
186.24 402.56704119614625
186.861 361.21031081177836
187.485 396.0647573393991
188.111 502.7952232892194
188.739 773.950191467751
189.368 927.2033209773483
190.001 943.7930401379425
190.635 1042.6434425263456
191.271 970.3672420084375
191.909 717.601672430608
192.55 735.4077465842479
193.193 751.2299177190771
193.838 620.9584217451851
194.485 421.4898928499492
195.134 329.95421659755806
195.785 471.7055874343796
196.438 534.0153389848855
197.094 565.8537698760238
197.752 757.8099637154456
198.412 1083.9379588223871
199.074 1466.4887799347825
199.739 1374.7485798196608
200.405 1338.089648246474
201.074 1364.8773451642421
201.745 1377.3883448054216
202.419 1239.8072045728663
203.094 1100.1881897079882
203.772 1195.6114092211483
204.453 1305.744506726401
205.135 1254.0133379679974
205.82 837.8286526049179
206.507 704.3172223016063
207.196 723.2689657641849
207.887 864.7500818612382
208.581 790.8866487625667
209.278 650.1833363955923
209.976 548.945439487227
210.677 738.2946035711567
211.38 792.4422279717108
212.086 673.5197393855453
212.794 616.1061965313
213.504 670.8678236609625
214.216 815.463316321325
214.931 1006.8921710368376
215.649 880.0911906772351
216.369 922.7833155311661
217.091 1129.1474061560964
217.815 944.8093292748665
218.542 949.8785686267929
219.272 1089.9514151371989
220.004 1263.753470800285
220.738 1124.042837692717
221.475 1071.6817394508741
222.214 1101.0968723205829
222.956 1142.376256869738
223.7 1137.9084246605744
224.447 1099.4714659775818
225.196 1127.69308911292
225.947 1342.3794761501701
226.702 1339.888398625791
227.458 2134.3283595879675
228.188 6593.54037743118
228.889 25058.433967597757
229.593 8266.401027224734
230.298 2261.917942649125
231.006 1229.4625432840298
231.717 900.3885530534567
232.429 1402.1049226929138
233.143 2543.5153197690875
233.86 1786.833311042893
234.579 1584.9866139927135
235.3 4053.2931828828728
236.024 15550.053270913859
236.774 6701.8527861427
237.552 5113.494813802355
238.332 8339.809508482882
239.114 12196.721437475495
239.9 6514.777151018701
240.688 21071.0821994559
241.478 27183.257397277317
242.271 21989.025036265662
243.067 26384.098764062568
243.865 23127.06653683145
244.666 28711.800296463112
245.47 35063.913791139705
246.276 32343.9127540128
247.085 22595.66361263836
247.896 23438.779636263167
248.71 33025.6039411119
249.527 42141.79572060493
250.352 39505.80752666377
251.187 34533.796288249694
252.024 51106.43709248151
252.863 46299.78946715758
253.706 59598.30392782723
254.551 58871.67570752645
255.399 31059.73998503193
256.25 19651.366121825162
257.104 53621.79598506662
257.961 71718.15866672581
258.82 48059.84394817981
259.683 40211.45706507673
260.548 49526.2990866286
261.416 49802.379562256676
262.287 43701.084272348395
263.161 54547.22943248101
264.038 46107.486816840705
264.918 39761.22007294062
265.801 42757.59951640805
266.686 46389.93767872772
267.575 44402.47543683666
268.466 49324.615249716786
269.361 55579.27046362371
270.258 47708.1491015537
271.159 45078.65578613625
272.062 57721.13909041331
272.969 59940.10142259279
273.878 75577.48250038511
274.791 74183.41645825253
275.707 74045.44338966704
276.625 63851.624505117856
277.547 45986.418160764595
278.472 37621.84509325138
279.4 41763.12889187743
280.331 51697.09425676383
281.265 59980.0589566717
282.202 64656.65377862691
283.142 63068.646805023534
284.086 58489.47315248025
285.032 55671.79788207184
285.982 45184.400957914375
286.935 56292.91170659469
287.891 45762.738771186756
288.85 55298.374483996304
289.813 35272.32987580739
290.778 39799.779879541114
291.747 34848.834209532506
292.719 33859.42295428434
293.694 35157.59861225472
294.673 38197.713242812286
295.655 40053.8036492319
296.64 54703.298766634216
297.628 58340.738807993046
298.62 61101.86003151261
299.615 54709.216757858354
300.613 52189.27082133699
301.615 45649.02849780185
302.62 38805.758655047204
303.628 46188.6822890878
304.64 132896.8856275675
305.655 192787.19817985524
306.674 138989.30289613438
307.695 93324.1975632242
308.721 69421.42004348795
309.749 80103.21514219994
310.781 76420.43636357019
311.817 57460.646015486396
312.856 38955.905632268696
313.898 60653.14572184105
314.944 72940.93927460947
315.994 60629.46950565553
317.047 52974.831405278615
318.103 63612.652720797734
319.163 72304.75554899653
320.226 70523.49573977117
321.293 79087.08886240113
322.364 65137.94400327429
323.438 70378.02646286141
324.516 98902.4563343676
325.597 98711.89634292199
326.682 93531.22776586581
327.77 97327.40154113858
328.862 92683.8275253674
329.958 86574.13860299392
331.058 70113.412348624
332.161 69025.09133001832
333.268 65160.81018910628
334.378 68612.16733946321
335.492 52157.548139930586
336.61 65313.626029690764
337.732 90116.78219137229
338.857 92818.87179414378
339.986 89739.28555805063
341.119 98779.93954269595
342.255 84337.55021224961
343.396 67768.49404433412
344.54 51135.100676079186
345.688 66107.7725895603
346.84 78565.64300027944
347.995 68591.98277866248
349.155 49045.67265876552
350.318 56482.103928810895
351.486 75314.51940028761
352.657 61196.60035219103
353.832 51863.39345135721
355.011 61844.02110942226
356.194 57019.92534400882
357.381 62229.02303387375
358.571 70864.98352396366
359.766 78735.99699277613
360.965 70436.42441485879
362.168 51289.090166911636
363.374 51406.97664028193
364.585 48651.85081904022
365.8 54377.77255250364
367.019 59005.63497703606
368.242 81147.59205633037
369.469 89176.40613497184
370.7 88597.85831201712
371.935 73626.60409935456
373.174 68091.90352951853
374.418 48812.15265736542
375.665 63022.213747789516
376.917 51107.3792586086
378.173 43660.83414280188
379.433 52975.81455801385
380.697 55078.49099326166
381.966 43462.20402188485
383.238 51240.0606477254
384.515 51186.57570726993
385.796 55513.520718075655
387.082 40183.13691191511
388.372 53874.50303577198
389.666 54386.46241849859
390.964 70234.31993606631
392.267 68819.08694020931
393.574 49780.39853359804
394.885 50637.731821227564
396.201 69607.94676821309
397.521 72461.89388898345
398.846 78858.31734082729
400.174 70337.06219829971
401.508 65409.94483938601
402.846 65675.32815886715
404.188 83033.41717467303
405.535 75492.3552191088
406.886 78035.23121640235
408.242 62755.69658293897
409.602 66819.388336153
410.967 81227.05633594868
412.336 91802.4699612197
413.71 93341.26750378126
415.089 72854.00003205573
416.472 56057.09267795047
417.859 62528.299769565674
419.252 69811.85179304969
420.649 67375.62845537219
422.05 74451.87225493664
423.456 91192.9831282004
424.867 88250.01942617072
426.283 71537.32374347505
427.703 76160.3718302911
429.128 87199.4869167681
430.558 86597.24838227598
431.993 71872.72612288296
433.432 63525.23732080954
434.877 77964.79838426434
436.326 79385.45568406575
437.779 90020.03435638777
439.238 73853.84804256003
440.702 76323.43653003039
442.17 84728.97243134
443.643 72783.42601297001
445.122 63906.48660640359
446.605 71630.94700119471
448.093 75832.20036492874
449.586 72220.50781629798
451.084 75561.46981808971
452.587 72105.13093983097
454.095 81680.51356173248
455.608 71068.97727585246
457.126 67790.26630304556
458.649 67239.07460318157
460.177 71858.36878829257
461.711 66080.52379957741
463.249 79905.05228085593
464.793 80765.83292613132
466.341 90279.33132877685
467.895 84641.45552598407
469.454 78402.90099590167
471.018 78110.81647188433
472.588 76806.97761707671
474.163 75763.31118968583
475.742 68595.69974846876
477.328 70122.4089120894
478.918 66860.43470417675
480.514 66264.86758086378
482.115 70480.8959810725
483.721 75719.47412640709
485.333 67332.60827903746
486.95 63576.97505950941
488.573 60029.136404702236
490.201 64528.29156621048
491.834 76234.18295012259
493.473 74132.23575669366
495.117 74520.44164044372
496.767 71081.64524844856
498.422 71775.83926009627
500.083 72255.22262563612
501.749 72998.9778339087
503.421 72845.67592863775
505.098 81012.85138801608
506.78 74339.93453735906
508.468 99183.03961900562
510.161 95951.6006658906
511.86 80760.74570784219
513.565 92461.68106929635
515.276 92328.80791843114
516.992 89071.61772896761
518.713 77185.32066596387
520.441 79716.53773722387
522.174 77246.565079639
523.913 81272.153264583
525.658 74117.01554159362
527.409 79287.20426844832
529.165 89481.50360625553
530.928 94423.88263138304
532.696 94784.3151045166
534.47 78127.79274870908
536.25 75386.26287599755
538.036 71049.82102295403
539.828 55770.1537830978
541.626 49151.18270659781
543.43 47116.56538660257
545.24 70769.39305405851
547.056 67226.45603156176
548.878 69918.85414767274
550.706 66292.04940964226
552.54 53810.38891465858
554.38 69926.35927720371
556.226 98518.4688778833
558.079 91116.4331497789
559.937 81518.99884556598
561.802 82712.55692197548
563.673 88965.12536777173
565.551 84147.62733809667
567.434 76435.67717906556
569.324 82696.80026875314
571.22 90905.4217282656
573.123 89037.84894318922
575.031 76466.20674122854
576.946 70924.19257313827
578.868 72988.15469528022
580.796 69037.75673973539
582.73 76533.88089436818
584.671 71649.80779138813
586.618 78907.58329783745
588.572 88784.42307573416
590.532 89654.74913828705
592.499 88549.36211364304
594.472 79349.42044614074
596.452 78408.98934862285
598.438 71550.99198076717
600.432 81924.44682368851
602.431 77903.88237747384
604.438 71632.52865938861
606.451 51566.990990404345
608.47 53902.99981453828
610.497 75674.20173482005
612.53 63703.0446196346
614.57 78238.96474504194
616.617 64639.08411465352
618.671 79436.71474779546
620.731 73029.1046794506
622.798 63877.498841640154
624.873 56078.19218930549
626.954 64312.839699801145
629.042 82525.55347247224
631.137 95308.55837334268
633.239 79971.04575573718
635.348 84531.23495034201
637.464 81622.94141263947
639.587 80533.57733748469
641.717 67960.6387083484
643.854 82531.79403041124
645.998 73714.91385212234
648.15 70401.21578462071
650.309 70926.42692787618
652.474 81510.21121991445
654.647 70570.66395922823
656.828 75254.64004580035
659.015 69944.05581961798
661.21 72901.14839266689
663.412 80324.12004132896
665.622 75069.28600564755
667.839 72289.50093133296
670.063 77384.09030697537
672.294 75347.60264521529
674.533 80751.42916801902
676.78 79577.27855082531
679.034 79643.50763146358
681.295 77249.83185117973
683.564 67388.3793911786
685.841 72921.61908384105
688.125 61942.824179330666
690.417 76229.1835551652
692.716 83770.28332683838
695.023 70258.2757425021
697.338 74850.64951224391
699.661 58976.298731146235
701.991 55073.475352968366
704.329 85192.00348631342
706.675 81184.35582364483
709.028 79796.9759771263
711.39 81003.676630635
713.759 81908.23192440646
716.136 80800.99374625772
718.521 69875.56860635837
720.914 80410.689786346
723.315 79792.26367221867
725.724 80042.6050590178
728.141 80167.16850356876
730.566 75745.3099748357
732.999 79268.58771395635
735.44 79371.5358536485
737.89 79472.83352959479
740.347 79936.33081824654
742.813 79107.20014841638
745.287 78342.91811594112
747.769 77962.87739993213
750.259 72242.11589316446
752.758 75717.63689776206
755.265 71743.48316249829
757.781 69867.1509863976
760.304 57144.22515748217
762.837 45308.708928671236
765.377 81855.60770628956
767.926 76559.1595559169
770.484 71083.40163074617
773.05 73575.33160518826
775.624 77496.17270904443
778.208 72684.08415414298
780.799 66026.08195086005
783.4 49484.01489852362
786.009 52002.66637492615
788.627 66887.86174785972
791.253 96851.6983689059
793.888 80196.9601088579
796.532 77245.74308405457
799.185 74724.92439838832
801.847 63919.90190009209
804.517 77743.18041965188
807.197 77355.36557654862
809.885 76452.288539697
812.583 77560.4473123729
815.289 73817.5962887575
818.004 76113.99103829723
820.728 75205.34935200143
823.462 76699.2354421263
826.204 76444.68708981972
828.956 58401.60157694697
831.717 41610.34769583058
834.487 55738.38267740096
837.266 77060.21517827944
840.054 74828.27331856635
842.852 74917.01232867106
845.659 76242.35336400125
848.476 71124.22260481716
851.302 71748.9649497293
854.137 67255.8931526598
856.981 72809.27013544433
859.836 72602.30320200643
862.699 66241.68002976633
865.573 73434.27643068948
868.455 76049.3207088894
871.348 74046.08612317033
874.25 74912.26305353406
877.161 74578.40438259143
880.083 73719.01943322559
883.014 74897.06356880454
885.955 75627.54484726599
888.905 75612.11424037484
891.866 75361.0838376839
894.836 75094.24586180497
897.816 74944.94689190996
900.806 74546.76307780077
903.806 71850.26003656168
906.817 74613.37671681064
909.837 79231.37563335133
911.553 190322.29161339594
913.273 379084.22301118774
916.322 387615.8649893874
919.38 278634.5487697792
922.449 220148.89471422555
925.528 369212.081432678
928.618 293415.1251563166
931.718 310575.58474085695
934.828 394335.1105510919
937.948 254776.78159208506
941.079 369306.47972386784
944.22 375838.60588222445
947.372 328963.86211058486
950.534 232047.0235984552
953.707 359082.2439595357
956.891 366483.1664552
960.085 341273.64210908377
963.29 366997.5672365041
966.505 360205.4386891908
969.731 351449.42164349696
972.968 171663.7738929662
976.216 306523.246776704
979.475 380322.69954082655
982.744 344054.4647387761
986.025 248109.73456925008
989.316 234131.84613336436
992.618 384928.416772866
995.932 269968.4603992881
999.256 338966.425058709
1002.59 343805.8278884144
1005.94 299990.7690238375
1009.3 279431.9808321447
1012.67 332407.9744222091
1016.05 322911.863763925
1019.44 303059.41635114944
1022.84 305268.6568617485
1026.25 221768.96026831548
1029.68 273755.22669869644
1033.12 294847.8181455511
1036.57 236009.02349325467
1040.03 323231.18566415104
1043.5 336488.82839362836
1046.98 332370.57681183564
1050.48 328842.8240483771
1053.98 325338.581624036
1057.5 324255.6371252255
1061.03 277084.1519501048
1064.57 282063.39033390407
1068.13 283083.70960890147
1071.69 295680.2427006181
1075.27 301789.7191487579
1078.86 300508.4597676186
1082.46 295226.0799630903
1086.07 294382.715741126
1089.7 278854.0812871988
1093.33 301046.574027932
1096.98 273732.1999195055
1100.65 298229.895207658
1104.32 286811.05871865357
1108.01 263044.52383600397
1111.7 276701.01523858734
1115.42 275107.8176453554
1119.14 287289.97660711186
1122.87 237986.48092506366
1126.62 209715.1924517931
1130.38 239581.22343258408
1134.16 275046.64679331833
1137.94 262173.1696534365
1141.74 254751.3038795447
1145.55 246984.93647961755
1149.38 266331.19408973894
1153.21 259481.51226284006
1157.06 251121.6236473921
1160.92 245649.39766923076
1164.8 252535.67619216105
1168.69 237234.92957359226
1172.59 213105.5823186188
1176.5 184176.90288929464
1180.43 250334.71221481886
1184.37 192172.67727429722
1188.32 248044.71672077512
1192.29 229281.84430678896
1196.27 220643.4941723232
1200.26 221780.00959435332
1204.27 224768.11243900558
1208.29 199265.9527986754
1212.32 208596.98076381502
1216.37 166850.54181449852
1220.43 207728.18901413563
1224.5 202745.92547978816
1228.59 211910.70556593954
1232.69 216762.51103166424
1236.81 217220.8099885706
1240.94 227433.5499893198
1245.08 223514.9481432304
1249.23 215065.4709729522
1253.4 220863.9459697728
1257.59 220548.8729287231
1261.79 218095.22912082795
1266.0 213404.9529478492
1270.22 213212.2770054039
1274.46 213245.7738852284
1278.72 213737.7054878091
1282.99 211653.02365802389
1287.27 207948.29274235436
1291.57 208079.36188265355
1295.88 204161.17834195239
1300.2 198074.45494106782
1304.54 188007.2443169508
1308.9 202677.54665792227
1313.27 200958.14127706314
1317.65 199808.93207700647
1322.05 193567.31851013895
1326.46 194126.29346756154
1330.89 190740.4121923173
1335.33 165307.21348887583
1339.79 192390.219309706
1344.26 185355.02914176075
1348.75 187120.19033422173
1353.25 186768.72495489474
1357.77 179254.46363601668
1362.3 181665.7008474228
1366.85 179461.33255376547
1371.41 177158.99131274267
1375.99 176605.5457828654
1380.58 177785.74674111168
1385.19 170532.53927783458
1389.81 134269.89800585984
1394.45 181255.8750864432
1399.11 144118.36661167094
1403.78 182762.53407208456
1408.46 166461.18120503266
1413.16 167833.50248435387
1417.88 150734.39606254495
1422.61 149830.1748044644
1427.36 155427.00634989116
1432.13 154193.90688844206
1436.91 156610.52840009658
1441.7 154963.13183104026
1446.52 155182.6067875707
1451.34 150557.75612998477
1456.19 152634.33218623785
1461.05 150908.47836245032
1465.93 150721.3533029509
1470.82 138330.6525180481
1475.73 147814.15636315965
1480.66 148646.92403019426
1485.6 148264.66675330716
1490.56 147682.23175595398
1495.53 143902.01098791574
1500.53 134461.78516160382
1505.53 139687.07912959444
1510.56 134676.77710047443
1515.6 134138.42047467895
1520.66 132521.03667246428
1525.74 132577.78577607436
1530.83 116123.38560642407
1535.94 131520.15236558998
1541.07 81274.83878253817
1546.21 56010.38556423667
1551.37 139685.55068788104
1556.55 122320.5062857671
1561.75 117507.11766817894
1566.96 108522.50156900276
1572.19 112723.84619777877
1577.44 111491.61479047175
1582.7 117354.01973573722
1587.99 121479.35037918073
1593.29 120413.2308692487
1598.61 117294.23230245081
1603.94 107854.88059245166
1609.3 111115.1236653515
1614.67 117502.54554925139
1620.06 109905.03908904738
1625.47 109166.05289134351
1630.89 99811.24087902784
1636.33 114829.42939478892
1641.8 120908.75136635927
1647.28 113328.71965949911
1652.78 106428.352949796
1658.29 105613.88376738809
1663.83 106059.53640509074
1669.38 100325.27661045636
1674.95 101232.54667142352
1680.55 106136.7012607563
1686.16 105685.48796374898
1691.78 101435.97183304388
1697.43 100912.4042100677
1703.1 99952.62531314386
1708.78 94622.22783836626
1714.49 88854.80341204148
1720.21 89463.53605600244
1725.95 92007.81029618725
1731.71 97306.26917203669
1737.49 94908.3187115286
1743.29 93124.56062289019
1749.11 94258.68426364133
1754.95 91377.80697950406
1760.81 88175.97023571338
1766.69 91173.66886545016
1772.58 87798.39002035596
1778.5 89791.5458181537
1784.44 87186.50094562095
1790.39 83529.40299591188
1796.37 88036.9797687129
1802.37 87402.27623974359
1808.38 86357.8148794778
1814.42 81305.00216115697
1820.48 81164.56843202497
1826.55 80550.24917968073
1832.65 82786.5880003763
1838.77 79997.04368223409
1844.9 79933.04679003189
1851.06 74210.84424056194
1857.24 75924.68240158928
1863.44 78982.94450043986
1869.66 78412.93110096648
1875.9 76473.73868779937
1882.16 73764.14025885993
1888.45 70319.39011262116
1894.75 68976.85974243314
1901.07 71261.48234964511
1907.42 74912.1702235809
1913.79 72312.47889552171
1920.18 68788.79068477503
1926.59 69177.96591355739
1933.02 66491.66141745276
1939.47 65457.01282429875
1945.94 71092.79234192184
1952.44 60411.914864352104
1958.96 66573.95999109125
1965.49 68333.47087095566
1972.06 68245.29386447454
1978.64 67174.10204250792
1985.24 65718.25071782416
1991.87 61680.85227328153
1998.52 63357.04894421415
2005.19 62514.78815746874
2011.88 62191.237337210114
2018.6 64025.29460379728
2025.34 62937.047630852074
2032.1 61502.15986387479
2038.88 58015.72980200801
2045.69 60414.33740031147
2052.51 61011.11813170395
2059.37 58989.04826978986
2066.24 59261.171971843505
2073.14 57538.94260694819
2080.06 58524.606590950614
2087.0 56386.06909763881
2093.97 55075.031278857336
2100.96 56642.1808893292
2107.97 53828.11718091053
2115.01 55727.27980859467
2122.07 55887.48935880496
2129.15 55428.55605905523
2136.26 54496.61174043774
2143.39 54093.68179626314
2150.54 53916.2048147993
2157.72 53511.3866718314
2164.92 52507.52457967947
2172.15 52412.14551332859
2179.4 51356.886124108525
2186.68 51409.379975390926
2193.97 50876.57084043505
2201.3 50217.638290825715
2208.65 49685.30688449006
2216.02 49256.99555202677
2223.42 48488.96067439272
2230.84 48368.53373126692
2238.28 48109.57864588645
2245.76 47278.047241299806
2253.25 47003.2739045129
2260.77 46557.913846627955
2268.32 45977.05232071808
2275.89 45536.96747563583
2283.49 45387.99332976631
2291.11 44992.27166345848
2298.76 44122.61404398235
2306.43 44128.35121815492
2314.13 43493.19778177193
2321.86 42785.43293561489
2329.61 42049.253579380595
2337.38 42137.32570651306
2345.18 40802.00717845685
2353.01 40924.60712853343
2360.87 40791.599185798295
2368.75 40659.86810464024
2376.65 39817.41053571465
2384.59 39499.981777769084
2392.55 39509.70785560738
2400.53 38634.3298353303
2408.55 38496.73965014565
2416.59 38130.710538262174
2424.65 37877.401391230174
2432.75 37250.4290912675
2440.87 37050.1136761055
2449.01 36502.339463545184
2457.19 36791.66874030173
2465.39 35980.30559603249
2473.62 35747.930879272404
2481.88 35101.593700080135
2490.16 34843.00440480645
2498.47 34975.00247826133
2506.81 34605.139728234426
2515.18 34432.60805091616
2523.58 33579.97591436357
2532.0 33482.494871282965
2540.45 33132.591518692185
2548.93 32638.115562571387
2557.44 32695.63123716516
2565.98 32385.84796890501
2574.54 32123.814005340842
2583.14 31759.083776101197
2591.76 31586.874027506
2600.41 31051.84339262071
2609.09 30639.80069439648
2617.8 30636.858787781643
2626.54 30355.096654389836
2635.31 29899.031810980552
2644.1 30011.296277391644
2652.93 29829.521916787948
2661.79 29339.4252376429
2670.67 29104.501753500568
2679.59 28786.843441916983
2688.53 28521.32704608993
2697.5 28196.380662030788
2706.51 27995.298914213843
2715.54 27689.92516000904
2724.61 27452.70144202271
2733.7 27856.953340941243
2742.83 26976.652731199127
2751.98 26286.561647828144
2761.17 26521.392943179573
2770.39 26235.998087320342
2779.63 25979.37504528338
2788.91 25686.464572911947
2798.22 25040.397161398785
2807.56 25161.11938129404
2816.93 25099.40928976493
2826.34 24838.888290340135
2835.77 24611.78128027904
2845.24 24280.70732041836
2854.73 24035.695781489514
2864.26 23937.74363739476
2873.82 23637.72774514119
2883.42 23572.999822741007
2893.04 23229.192429366038
2902.7 23165.2837129882
2912.39 22994.228786197204
2922.11 22752.421149934522
2931.86 22460.696616054738
2941.65 22246.926201807088
2951.47 22064.92888255951
2961.32 21939.55425600313
2971.21 21754.337717591246
2981.12 21539.98723753134
2991.08 21397.260227231433
3001.06 21195.036719018222
3011.08 21043.706415887067
3021.13 20843.893432275112
3031.21 20664.99113805853
3041.33 20477.220790946736
3051.48 20295.397481036765
3061.67 20070.564647322983
3071.89 19851.88202955345
3082.14 19755.71322683312
3092.43 19500.945183247455
3102.75 19357.5093066729
3113.11 19263.501028367922
3123.5 19063.471719825087
3133.93 18910.647101735773
3144.39 18790.08280370368
3154.89 18603.46222979609
3165.42 18337.801168461378
3175.98 18215.276415801203
3186.58 18031.618256946444
3197.22 18219.346885584117
3207.89 18223.597835294106
3218.6 17637.410773023206
3229.34 17411.71596545484
3240.12 17214.886158021163
3250.94 17115.956891525577
3261.79 16985.566737867972
3272.68 16800.835303528045
3283.6 16689.94256609002
3294.56 16593.40959727059
3305.56 16424.839532546983
3316.6 16266.21041762164
3327.67 16099.490815388152
3338.77 15964.933133065742
3349.92 15809.02951717483
3361.1 15694.27267325364
3372.32 15504.529949468684
3383.58 15426.561029480963
3394.87 15308.925620972546
3406.2 15200.863540300466
3417.57 15052.33583924536
3428.98 14873.972395015217
3440.43 14715.232181637231
3451.91 14687.957076896391
3463.43 14530.412080428789
3475.0 14421.4347030191
3486.6 14360.456926477367
3498.23 14179.710906316232
3509.91 14063.921748131512
3521.63 13936.241328398615
3533.38 13830.399855886575
3545.18 13741.890662754451
3557.01 13599.13778876481
3568.88 13444.447514817946
3580.8 13311.953617573763
3592.75 13213.379916206164
3604.74 13165.042326631057
3616.77 13001.405813708125
3628.85 12933.155407714732
3640.96 12867.377201837451
3653.12 12845.792776491015
3665.31 12813.680808707046
3677.55 12674.649378801654
3689.83 12614.632848507787
3702.14 12635.708876045728
3714.5 13055.084946661822
3726.91 13591.887317435143
3739.35 14036.621979457292
3751.83 13769.488322854077
3764.36 14834.058898004254
3776.92 14359.503305523098
3789.53 15308.627654464768
3802.19 13537.15596574341
3814.88 15364.24346752436
3827.62 14565.502754227942
3840.39 13175.850321146856
3853.21 14977.889704955905
3866.08 14986.570250404628
3878.99 14455.436871800657
3891.94 12550.571957212229
3904.93 14379.285772668954
3917.97 14505.740993693506
3931.05 13714.350277582847
3944.17 14050.3018798418
3957.34 13869.922860697034
3970.55 11488.481890402416
3983.81 13621.368387703198
3997.11 13870.137018720989
4010.45 13837.90548839664
4023.84 13690.202228016931
4037.27 13580.236579004699
4050.75 13400.915794438732
4064.27 13369.950231691466
4077.84 13071.10964697742
4091.46 12829.178540841427
4105.12 11104.591316814523
4118.82 12658.412855413611
4132.57 12607.947871104225
4146.37 12582.818232818687
4160.21 12529.235000792722
4174.1 12239.27367174368
4188.04 12282.882295077898
4202.02 12173.40490735113
4216.05 12163.834993730603
4230.12 11928.05276952421
4244.25 11880.364221613021
4258.41 11801.32653844861
4272.63 11634.96880812822
4286.9 11522.151814248127
4301.21 11187.06794856576
4315.57 11142.302042050236
4329.98 10903.863052675664
4344.43 9687.344918013438
4358.93 10895.120042902616
4373.49 11018.483281951836
4388.09 10721.867506997913
4402.74 10736.410579446478
4417.44 10692.974534323652
4432.18 10771.494742261768
4446.98 10603.722568754794
4461.83 10517.395809762364
4476.72 10451.432481236403
4491.67 10445.793003798928
4506.67 10552.996417132663
4521.71 10305.520217487288
4536.81 10095.839882398153
4551.95 10025.364109221118
4567.15 10014.152497654728
4582.4 9911.69224384849
4597.7 9887.804080065156
4613.05 9945.032401762335
4628.45 9869.248556603012
4643.9 9784.195076981494
4659.4 9693.076926590615
4674.96 9865.08735570847
4690.57 10064.412251293023
4706.23 9582.006265271397
4721.94 9457.79911136978
4737.7 9280.399183604492
4753.52 9324.520907570579
4769.39 9164.207270813971
4785.31 9130.197036407288
4801.29 9092.862035826789
4817.32 9031.14657036252
4833.4 8867.581912203617
4849.54 8606.115410732576
4865.73 7699.689250792788
4881.97 8553.944848046038
4898.27 8674.695048120104
4914.62 8550.950543903893
4931.03 8528.135216191089
4947.49 8502.359325728594
4964.01 8396.877066225334
4980.58 8294.770932669562
4997.21 8257.422261600419
5013.89 8068.744093673707
5030.63 8136.342827616356
5047.43 8016.935042622413
5064.28 8128.715036322386
5081.18 7912.899916190993
5098.15 7906.638094438513
5115.17 7798.05894739345
5132.25 7666.6626740529655
5149.38 7611.643961240114
5166.57 7406.422102269172
5183.82 7554.657201665459
5201.13 7413.97125878964
5218.49 7437.68722859295
5235.91 7432.508876023869
5253.39 7407.376326468856
5270.93 7175.253899169261
5288.53 7405.607024808988
5306.18 7307.292508943722
5323.9 7172.902387667968
5341.67 7252.462285962086
5359.51 7269.85600400874
5377.4 7147.799222401461
5395.35 7043.384166931515
5413.36 7063.6314983498305
5431.44 6951.931723962301
5449.57 6991.385465496934
5467.76 6948.74115934598
5486.02 6802.623441753807
5504.33 6828.594275834814
5522.71 6743.277731085997
5541.15 6825.8579287289695
5559.65 6764.966604570744
5578.21 6701.962401178421
5596.83 6529.747211591485
5615.52 6651.627944466544
5634.26 6576.0405685538435
5653.07 6511.412448686165
5671.95 6516.0146636884965
5690.88 6451.859563110339
5709.88 6314.836944176486
5728.95 6463.154095584768
5748.07 6353.115524119676
5767.26 6373.114048094475
5786.52 6268.934692929292
5805.83 6294.060755609473
5825.22 6301.27775979833
5844.66 6223.750931573496
5864.18 6128.8158785856185
5883.76 6075.141887085375
5903.4 6054.589771443583
5923.11 6016.599840762768
5942.88 6008.749065026462
5962.72 5998.6416864119155
5982.63 5945.931583514069
6002.6 5881.023866876335
6022.64 5831.498223151093
6042.75 5893.445244552426
6062.92 5809.527537366018
6083.16 5748.083401935358
6103.47 5689.5381026931855
6123.85 5646.09449417374
6144.29 5558.7970682446485
6164.81 5510.949377563994
6185.39 5536.068725889848
6206.04 5531.741684578122
6226.76 5385.796370240583
6247.55 5327.117453089837
6268.4 5323.446749614351
6289.33 5391.128781201526
6310.33 5299.479320965592
6331.39 5314.685574632231
6352.53 5294.422386109196
6373.74 5271.934608394541
6395.02 5233.239289516468
6416.37 5187.679305710644
6437.79 5202.7200229020245
6459.28 5113.341131034818
6480.85 5146.872073536043
6502.48 5021.665180819449
6524.19 5080.312820860226
6545.97 5022.186506955453
6567.83 4652.216716936048
6589.76 4959.013807080764
6611.76 4969.345896512346
6633.83 4934.1858278818845
6655.98 4912.822449675179
6678.2 4878.3363904602975
6700.49 4879.978146042795
6722.86 4823.460725393759
6745.31 4787.31895655891
6767.83 4780.040707816377
6790.42 4768.3675372802245
6813.09 4715.030627199974
6835.84 4699.095709065003
6858.66 4678.953033711239
6881.56 4669.592374741589
6904.53 4664.739104903844
6927.58 4588.675786960628
6950.71 4515.128485212499
6973.91 4478.550711708725
6997.2 4456.954006531133
7020.56 4395.021376261453
7044.0 4429.102150242598
7067.51 4399.481863088503
7091.11 4361.440588742127
7114.78 4292.088887470051
7138.53 4271.489173084252
7162.37 4259.012987851528
7186.28 4200.9962434188255
7210.27 4203.474660623105
7234.34 4230.750300913281
7258.49 4171.182859137582
7282.73 4130.314885807606
7307.04 4112.412306969954
7331.44 4102.79152404555
7355.91 4072.4711476159714
7380.47 4062.807881322719
7405.11 4031.108434262037
7429.83 4023.4817121299066
7454.64 3993.798573109965
7479.52 4016.2393101238113
7504.49 3946.997494119503
7529.55 3973.3293748635956
7554.69 3977.8446046106706
7579.91 3920.9705866077365
7605.21 3939.210878159511
7630.6 3896.5123696476203
7656.08 3830.6622652351757
7681.64 3874.332669446484
7707.28 3791.3050577908366
7733.01 3817.366128048438
7758.83 3796.8157935745576
7784.73 3772.360695850325
7810.72 3769.3429724590974
7836.8 3738.982922425685
7862.96 3703.3380506647977
7889.21 3599.8267058612564
7915.55 3536.7425258340886
7941.98 3496.542562871919
7968.49 3535.4020120273844
7995.1 3523.423791889388
8021.79 3513.5705201039555
8048.57 3501.588266832072
8075.44 3430.5741603062975
8102.4 3383.8795992762475
8129.45 3378.074459103949
8156.59 3381.3564726003333
8183.82 3356.4278805235176
8211.14 3269.6777668978257
8238.56 3301.607395953857
8266.06 3281.028244516793
8293.66 3248.044355597954
8321.35 3174.205029779169
8349.13 3170.5759139382985
8377.0 3127.7482672436627
8404.97 3161.6294139546376
8433.03 3110.2658555363796
8461.18 3135.0048707759142
8489.43 3057.511283485402
8517.77 3092.755280482098
8546.21 2758.571846612924
8574.74 3160.9164631359513
8603.37 3078.9676136691874
8632.09 3167.330801791931
8660.91 2797.3805988663844
8689.83 3066.8035699812312
8718.84 3123.3495314792003
8747.94 3005.0550413056058
8777.15 3090.3739845957743
8806.45 3045.9817667892235
8835.85 3047.549634965205
8865.35 2951.2548252125207
8894.95 3047.18859606679
8924.65 3020.149203278636
8954.44 3006.612295383233
8984.34 2978.150981444186
9014.33 2825.4958197143505
9044.42 2958.0959815876727
9074.62 2930.0020745517404
9104.92 2865.8793729049994
9135.31 2843.1071814414427
9165.81 2745.398800656145
9196.41 2710.1128654339886
9227.11 2594.037909729961
9257.92 2672.4485835122573
9288.83 2703.666765981668
9319.84 2721.824107135712
9350.95 2672.644248574189
9382.17 2652.466836618839
9413.49 2594.2623117024827
9444.92 2587.069530339556
9476.45 2595.6952281705617
9508.09 2599.520186712227
9539.83 2527.1898917791477
9571.68 2561.670898919412
9603.64 2576.3803950032143
9635.7 2527.3300406963804
9667.87 2520.333157726071
9700.14 2519.538572711511
9732.53 2489.5213959210514
9765.02 2496.426252897605
9797.62 2469.6719230249823
9830.33 2502.417435812744
9863.15 2484.8592562481954
9896.08 2474.964379343341
9929.12 2465.093064528254
9962.27 2455.2724269916066
9995.53 2438.0030440388596
10028.9 2411.8824100433367
10062.4 2350.3155153091234
10096.0 2397.0947048903536
10129.7 2390.471603930448
10163.5 2366.21977229008
10197.4 2364.110794699758
10231.5 2347.3359331230336
10265.6 2346.712792102685
10299.9 2328.6176169978125
10334.3 2284.570200747156
10368.8 2286.954492413127
10403.4 2277.7952738810827
10438.1 2272.978005620262
10473.0 2251.007859251086
10508.0 2246.2363534877722
10543.0 2234.410904637061
10578.2 2204.2460018137417
10613.5 2195.3923998749483
10649.0 2186.5636790570925
10684.5 2156.7952714164817
10720.2 2146.7119278192276
10756.0 2146.4009034452292
10791.9 2123.911794550089
10827.9 2105.010200799861
10864.1 2083.4175322028336
10900.3 2059.9376659622008
10936.7 1961.2677758446364
10973.3 1909.7111996959418
11009.9 1900.5467011054443
11046.6 1929.3200669128735
11083.5 1929.540446078097
11120.5 1913.5953594316197
11157.7 1929.8940383994159
11194.9 1918.0361679421092
11232.3 1912.8807512787535
11269.8 1897.1186276618437
11307.4 1882.7674246713348
11345.2 1877.704441302193
11383.0 1859.5387816419889
11421.0 1859.807543126141
11459.2 1863.9432893391183
11497.4 1855.0459691305673
11535.8 1857.8420257836747
11574.3 1847.6766121358928
11613.0 1800.2123911705066
11651.7 1812.0968993247245
11690.6 1807.2542519089195
11729.7 1816.420776334662
11768.8 1781.055649640835
11808.1 1800.3708975338213
11847.5 1761.4623631395068
11887.1 1747.9458188059784
11926.8 1768.3544668156162
11966.6 1731.1316627009542
12006.5 1726.5235074018144
12046.6 1723.1590300836374
12086.8 1712.381284364673
12127.2 1711.515934661044
12167.7 1710.6329703917002
12208.3 1696.2783582759114
12249.1 1691.7411190908347
12289.9 1676.300777391794
12331.0 1669.3982979955472
12372.1 1663.7566266261874
12413.5 1646.0608097546929
12454.9 1642.8973239893962
12496.5 1638.5009810996946
12538.2 1623.4048271402357
12580.1 1610.7755199404637
12622.1 1605.3268009341782
12664.2 1598.7144768723876
12706.5 1596.8209309881609
12748.9 1585.5487223012565
12791.5 1569.63915303145
12834.2 1520.7407477553747
12877.0 1557.8811034446917
12920.0 1529.4576389589488
12963.1 1540.4352397646637
13006.4 1536.3544801326566
13049.8 1526.5740521976902
13093.4 1517.9751551294532
13137.1 1494.6193881776696
13181.0 1506.5671344947962
13225.0 1499.1939052325786
13269.1 1477.2140503167925
13313.4 1455.3651349481165
13357.9 1478.4068092239115
13402.5 1460.004694913945
13447.2 1463.9613193462017
13492.1 1449.0231686324016
13537.2 1447.4190463568173
13582.3 1424.8932594971823
13627.7 1416.7616374105628
13673.2 1416.3336540918888
13718.8 1409.354981940739
13764.6 1411.1029800755905
13810.6 1404.1409196387892
13856.7 1383.1930323177776
13903.0 1379.5769294693384
13949.4 1375.9747207795585
13995.9 1354.2193309024503
14042.7 1364.520123911443
14089.6 1319.4836162407569
14136.6 1296.8853499004083
14183.8 1292.4842430753502
14231.1 1279.6960784213688
14278.7 1283.7231957635295
14326.3 1285.6351943634722
14374.2 1290.6297405371868
14422.1 1263.4439195976172
14470.3 1282.9255764130414
14518.6 1263.1208672790442
14567.1 1250.7133661669172
14615.7 1222.1824665783301
14664.5 1219.0415802764592
14713.5 1217.928907929635
14762.6 1214.8217076689746
14811.9 1221.8257810450762
14861.3 1207.6272254167254
14910.9 1224.603232631004
14960.7 1214.4727999955742
15010.7 1201.3805724453175
15060.8 1186.4011708471612
15111.0 1203.175064850691
15161.5 1195.1527067128216
15212.1 1186.1926485472916
15262.9 1191.9846916602394
15313.9 1187.9505585675126
15365.0 1184.9108240119947
15416.3 1174.1041361396556
15467.7 1188.5110366270728
15519.4 1174.8444566762867
15571.2 1137.2547654028915
15623.2 1151.5910426509158
15675.3 1153.4223154725935
15727.7 1144.766803235877
15780.2 1107.7159047070163
15832.9 1129.472428835723
15885.7 1079.5287306457994
15938.8 1138.7347216821893
15992.0 1095.6052330521181
16045.4 1115.1934747510659
16098.9 1096.5676619893472
16152.7 1119.7016750946036
16206.6 1055.0020698457756
16260.7 1098.3359063842852
16315.0 1101.953782379112
16369.5 1090.9200772822005
16424.1 1013.4166511359757
16478.9 1064.4922233444775
16534.0 1057.260629874711
16589.2 1057.291236214662
16644.5 1009.6837612393632
16700.1 1025.9716685522424
16755.9 1017.1370655352002
16811.8 995.8996925190413
16867.9 974.7924103967514
16924.2 990.0521573525205
16980.7 983.1754562039552
17037.4 974.5770887135324
17094.3 945.0213031607306
17151.4 956.6384270055052
17208.6 943.8386530925922
17266.1 938.0427579663797
17323.7 903.7824728092522
17381.6 898.1165381146444
17439.6 901.9516993387771
17497.8 893.7616696238309
17556.2 881.7050009556652
17614.9 869.4512947215898
17673.7 871.2367372967998
17732.7 854.5349424522498
17791.9 842.7214918347952
17851.3 834.6726589639926
17910.9 829.832170558417
17970.7 815.3613085557133
18030.7 798.825604672195
18090.9 797.0147787110642
18151.2 782.2712317873847
18211.8 783.1583888321636
18272.6 777.5486694218749
18333.7 770.8215441811698
18394.9 750.5568830266513
18456.3 742.2497867098847
18517.9 741.2667543939459
18579.7 733.2678474054599
18641.7 727.0072500076319
18704.0 718.1310032496023
18766.4 693.1893925783556
18829.1 704.8369320190286
18891.9 689.6928152472701
18955.0 685.846205680649
19018.3 680.9941062186529
19081.8 676.2445334746087
19145.5 666.4380660562306
19209.4 661.5998061273659
19273.5 651.9741753262578
19337.9 641.009381559501
19402.4 633.7416508081911
19467.2 609.2326508272224
19532.2 617.3247997613656
19597.4 615.4534487827506
19662.8 607.2679355490853
19728.5 596.4026970436562
19794.4 586.2041603206516
19860.4 581.0405531899253
19926.7 573.3506203345559
19993.3 369.3482927013962
20060.0 77.13662699460124
20127.0 76.39567503932376
20194.2 75.62820717184901
20261.6 74.86232967550086
20329.2 74.1491781875815
20397.1 73.52142198574727
20465.2 72.63373543863898
20533.5 71.83887530444038
20602.1 71.13506632876528
20670.9 70.47041790862144
20739.9 69.77515786621484
20809.1 69.1044959407377
20878.6 68.41433684702706
20948.3 67.72680483424156
21018.2 67.06209559251036
21088.4 66.3561678838164
21158.8 65.72289014438735
21229.4 65.05781691700909
21300.3 64.41598288144826
21371.4 63.747368859845885
21442.8 63.1700981522699
21514.4 62.564319875038514
21586.2 62.02781146599898
21658.3 60.48443599184759
21730.6 60.79938007849148
21803.1 60.26496020044941
21875.9 59.983295864683356
21948.9 59.26797728980645
22022.2 58.39775133182894
22095.7 57.770813911950995
22169.5 57.26422827698754
22243.5 56.63802301917548
22317.8 56.10439232820479
22392.3 55.5236201938951
22467.0 55.003705775423526
22542.1 54.42613373169806
22617.3 53.92034842399213
22692.8 53.39358840837082
22768.6 52.46848670931796
22844.6 50.04076643551879
22920.9 49.30304662365866
22997.4 48.80451138282643
23074.2 48.44736147664348
23151.2 48.03853384884046
23228.5 47.24660506630567
23306.0 46.89691455591737
23383.8 46.5751102355739
23461.9 46.275489532025105
23540.2 45.40744822522585
23618.8 45.06827310727672
23697.7 44.707681759906535
23776.8 44.32659184000665
23856.2 43.56154442491007
23935.8 43.29733425034971
24015.7 42.925355585601416
24095.9 42.62700298554118
24176.4 41.84263439304162
24257.1 41.73431936709238
24338.0 41.31593038828798
24419.3 41.08381149055759
24500.8 40.276535106411174
24582.6 40.261313942530734
24664.7 39.72329229592666
24747.0 39.45581116031456
24829.7 39.01358848527105
24912.5 38.565742265809334
24995.7 38.28012361244451
25079.2 38.09535675704232
25162.9 37.640849669657605
25246.9 36.9293966353914
25331.2 37.00794860960416
25415.8 36.67217903523016
25500.6 36.28047719209337
25585.7 35.87770528196752
25671.2 35.2412162352186
25756.9 35.36086178085052
25842.9 34.95399324996288
25929.1 34.66626135046099
26015.7 34.348464485643504
26102.6 33.61025166671449
26189.7 33.55443691469969
26277.1 32.908957704776725
26364.9 33.08299816680939
26452.9 32.803328136021236
26541.2 32.46800626400465
26629.8 32.14143799741846
26718.7 31.514218741101153
26807.9 31.49304294767724
26897.4 31.305401719481704
26987.2 31.014799135035197
27077.3 30.721097822975338
27167.7 30.454990854876336
27258.4 30.1660085110311
27349.4 29.87970886413839
27440.7 29.611216019451028
27532.3 29.165704659614462
27624.2 28.79743154930283
27716.5 28.786249702723048
27809.0 28.530178238608073
27901.8 28.269711598822404
27995.0 28.00998394225462
28088.5 27.750618573152636
28182.2 27.501423991766288
28276.3 27.25165477828078
28370.7 27.001195708967
28465.4 26.753744666729958
28560.5 26.501488953472034
28655.8 26.220035669694898
28751.5 25.712456925987915
28847.5 25.774906796632024
28943.8 25.556783338747252
29040.4 25.31704632911812
29137.4 25.0876061255804
29234.6 24.862946001819807
29332.2 24.63367722826259
29430.2 24.411071034410266
29528.4 24.195176795758357
29627.0 23.973237230846678
29725.9 23.75487969938915
29825.2 23.543562617339944
29924.7 23.329987126899827
30024.6 23.10292605189059
30124.9 22.896908958985705
30225.4 22.69705565055542
30326.3 22.500253217548824
30427.6 22.28575190092686
30529.2 22.079707549477394
30631.1 21.878916681149143
30733.4 21.687337056926197
30836.0 21.504865338991884
30938.9 21.320356498466456
31042.2 21.131464994686148
31145.8 20.947888550438932
31249.8 20.76087807418521
31354.2 20.582088728668133
31458.8 20.399970175722498
31563.9 20.222280522345553
31669.2 20.047924663229644
31775.0 19.871745505427832
31881.0 19.698239464893504
31987.5 19.52931281201743
32094.3 19.357624374883343
32201.4 19.18146449334641
32308.9 19.017964062748028
32416.8 18.85130477899603
32525.0 18.70063217111258
32633.6 18.7948237448231
32742.5 18.963650953407495
32851.9 18.347112616647493
32961.5 18.040679140793003
33071.6 17.894059871035815
33182.0 17.750151580588426
33292.8 17.440680669753895
33403.9 16.950267137595304
33515.4 16.568381922825072
33627.3 16.42680093395275
33739.6 16.281502221836305
33852.2 16.142211268984344
33965.2 16.001814812847652
34078.6 15.862391463477163
34192.4 15.720323465495225
34306.6 15.586893952833197
34421.1 15.450782579356432
34536.0 15.31317911836511
34651.3 15.179679610545822
34767.0 15.043773683116996
34883.1 14.911728186272551
34999.5 14.781372145259237
35116.4 14.652399959696663
35233.6 14.519736861483898
35351.2 14.39046439468494
35469.3 14.263441978215656
35587.7 14.141648597537507
35706.5 14.01203657854198
35825.7 13.893820408265109
35945.3 13.769444647930573
36065.3 13.650776802558426
36185.7 13.531593294639634
36306.5 13.412615372562339
36427.7 13.294499111375572
36549.3 13.176194961820904
36671.4 13.059871759644533
36793.8 12.949290362472215
36916.6 12.837276690169983
37039.9 12.720248089827594
37163.5 12.613560812748636
37287.6 12.499375139052573
37412.1 12.392618526179959
37537.0 12.296001519917054
37662.3 12.193065546109413
37788.1 12.091206339714503
37914.2 11.990395652114307
38040.8 11.894858144787781
38167.8 11.794981658360234
38295.2 11.694590997044418
38423.1 11.599448391459283
38551.3 11.514321272759613
38680.0 11.418010959755922
38809.2 11.322193556274883
38938.7 11.226925511252455
39068.7 11.133677812999668
39199.2 11.043494600848717
39330.0 10.953899320654202
39461.3 10.860954770739713
39593.1 10.7731693875507
39725.3 10.684610101280114
39857.9 10.59653197971885
39991.0 10.501426893997847
40124.5 10.414751077126319
40258.4 10.327655893780747
40392.8 10.240715170248865
40527.7 10.152011632367666
40663.0 10.078877533340556
40798.7 10.000228486263753
40935.0 9.921297815310142
41071.6 9.838496754139184
41208.7 9.760677427066428
41346.3 9.682218252899833
41484.3 9.602018000412965
41622.8 9.520919375745901
41761.8 9.445538729700324
41901.2 9.369961971668214
42041.1 9.292427949390609
42181.5 9.221230812009857
42322.3 9.143754792581566
42463.6 9.072472550081587
42605.4 8.995250813929491
42747.6 8.919483748087954
42890.3 8.843779140777487
43033.5 8.768474734651207
43177.2 8.697033013322198
43321.3 8.622533276580786
43465.9 8.548429025151968
43611.1 8.476407708177904
43756.7 8.405142917987819
43902.7 8.33464481643042
44049.3 8.265753651506246
44196.4 8.199699108916409
44343.9 8.134238781597137
44492.0 8.062864749198937
44640.5 7.931848515514131
44789.5 7.708451399041697
44939.1 7.647646204461534
45089.1 7.585216530026397
45239.6 7.524404376417872
45390.7 7.4620348577052855
45542.2 7.404372047634558
45694.2 7.343410854025337
45846.8 7.286346944022695
45999.9 7.2273071545446825
46153.4 7.16697669131247
46307.5 7.111034840332197
46462.1 7.043391110971062
46617.2 6.999071393853896
46772.9 6.945107896428598
46929.0 6.8931009422989895
47085.7 6.841478697059291
47242.9 6.790541755939271
47400.6 6.740974328143336
47558.9 6.688122828777204
47717.6 6.636762404227094
47876.9 6.586596468895143
48036.8 6.5378630973157446
48197.2 6.488862090623702
48358.1 6.438478490890791
48519.5 6.389627032153411
48681.5 6.339684635926196
48844.0 6.292979872056719
49007.1 6.2433394006340075
49170.7 6.196418622466747
49334.8 6.148523981864126
49499.6 6.101465169661344
49664.8 6.055573184937853
49830.6 6.010213207543054
49997.0 5.965680869821764
50163.9 5.927139028846295
50331.4 5.889792908158351
50499.4 5.8550946842783835
50668.0 5.81829371092382
50837.2 5.780886013632127
51006.9 5.7458193472639625
51177.2 5.71039246282527
51348.0 5.668038315492871
51519.4 5.635339941830537
51691.4 5.604054864768488
51864.0 5.572163931041689
52037.2 5.539798145447412
52210.9 5.509490953287072
52385.2 5.4755825314513
52560.1 5.4448479666586875
52735.6 5.415410788097177
52911.6 5.384650991697571
53088.3 5.354896470124983
53265.5 5.325289373992001
53443.3 5.295819158206944
53621.8 5.266475629039526
53800.8 5.239502037264962
53980.4 5.209521364393938
54160.6 5.1832471204008606
54341.4 5.156287644832792
54522.9 5.1290861616127295
54704.9 5.102331853117475
54887.5 5.074730539730299
55070.8 5.049963873386916
55254.6 5.023962689090001
55439.1 4.998880118982654
55624.2 4.972565922293292
55809.9 4.94863484608299
55996.2 4.923225107639484
56183.1 4.899940290131797
56370.7 4.876735273636475
56558.9 4.852928790595222
56747.7 4.82720613394498
56937.2 4.804835909841039
57127.3 4.783349267329566
57318.0 4.760389728233025
57509.3 4.738313213365398
57701.3 4.716585062236996
57894.0 4.695202597050522
58087.3 4.673656112773148
58281.2 4.637577781268652
58475.8 4.534929414671148
58671.0 4.516017904766589
58866.9 4.496009645975832
59063.4 4.4763925050861
59260.6 4.455005173166157
59458.4 4.435737820861538
59656.9 4.41832111242117
59856.1 4.488571048883355
60055.9 4.655432484075606
60256.4 4.82129266330794
60457.6 4.991115732958365
60659.4 5.159674894058983
60861.9 5.253088591486844
61065.1 5.233401356379465
61269.0 5.215987215142544
61473.5 5.198879274685684
61678.8 5.181817107727712
61884.7 5.1648180720546835
62091.3 5.149359910105518
62298.6 5.13314476095419
62506.6 5.116101742118895
62715.3 5.099753967533217
62924.6 4.987243708270548
63134.7 4.780661952930902
63345.5 4.574455600264649
63557.0 4.364862644951914
63769.1 4.1571955703528625
63982.0 4.080843592999617
64195.7 4.066095960405014
64410.0 4.053774992875659
64625.0 4.038853702350616
64840.8 4.026334410453294
65057.2 4.012481821810105
65274.4 3.9998176953453086
65492.3 3.9886281501146756
65711.0 3.975290340408736
65930.4 3.9672789788676988
66150.5 3.956105896062752
66371.3 3.943177989667484
66592.9 3.9325250125339184
66815.2 3.921203564991636
67038.3 3.909965076561308
67262.1 3.8971815538616426
67486.7 3.8877189568530373
67712.0 3.8757049567071444
67938.0 3.8650135910069867
68164.8 3.8561031517283686
68392.4 3.845457381729731
68620.7 3.836281587056016
68849.8 3.826427054051687
69079.7 3.8158575775998793
69310.3 3.807563922109332
69541.7 3.7976040627471765
69773.9 3.7877525774366543
70006.8 3.778142303419035
70240.5 3.7591841552261416
70475.0 3.740309282771569
70710.3 3.7196139086659263
70946.4 3.7004897436747908
71183.3 3.6820393595716396
71420.9 3.6622933750005453
71659.3 3.644265627768611
71898.6 3.6261040114807743
72138.6 3.6060085596991733
72379.4 3.5879236698317087
72621.1 3.57046352046039
72863.5 3.5509908100279395
73106.8 3.533649520087376
73350.9 3.5159771279563867
73595.7 3.498010707988303
73841.5 3.4624385052791014
74088.0 3.425021007534298
74335.3 3.408051457894465
74583.5 3.388488530803472
74832.5 3.8556754738068286
75082.3 4.354377364182556
75333.0 4.85447868277311
75584.5 5.356105107760335
75836.8 5.780758855587006
76090.0 5.759281844627194
76344.0 5.738553234096463
76598.9 5.718090162936614
76854.6 5.697484459841368
77111.2 5.677190790259044
77368.7 5.656750470823794
77627.0 5.636579265332036
77886.1 5.617444277816892
78146.1 5.596649244395663
78407.0 5.578102642495683
78668.8 5.556991900283288
78931.4 5.538417152519059
79195.0 5.517991907950764
79459.4 5.498501295865189
79724.6 5.479273071385661
79990.8 5.460834521339283
80257.8 5.44054781349778
80525.8 5.421044493261543
80794.6 5.273243844593966
81064.4 5.073966308012939
81335.0 4.876145024129263
81606.5 4.677021777611939
81879.0 4.480441252975623
82152.3 4.281999131145976
82426.6 4.087058815509829
82701.8 3.9012973739975507
82977.9 3.7653865637679576
83254.9 3.6303499768552525
83532.9 3.494370715399745
83811.7 3.3567810619009903
84091.5 3.220617343907418
84372.3 3.1855602974099537
84654.0 3.1712497284815493
84936.6 3.156648465857316
85220.2 3.142495021890521
85504.7 3.1283289168035133
85790.1 3.1132952231610616
86076.5 3.0995552339266332
86363.9 3.084391742437594
86652.2 3.070332542124649
86941.5 3.0565034527861683
87231.8 3.0435884623814147
87523.0 3.029190061350352
87815.2 2.9867514360984853
88108.4 2.912275441028866
88402.5 2.8385014280316354
88697.7 2.763799703387591
88993.8 2.6902385907714432
89290.9 2.6157858581554403
89589.0 2.5907321711223075
89888.1 2.5854392641410233
90188.2 2.5357153233846583
90489.3 2.4762018177466647
90791.4 2.4149198702932173
91094.5 2.350227201230566
91398.6 2.2770672913975627
91703.8 2.2174960262172285
92009.9 2.156657126808295
92317.1 2.0978329641754394
92625.3 2.0387472576985317
92934.5 1.9797102788595848
93244.8 1.9204326864755281
93556.1 1.8615443972594825
93868.4 1.802549505582699
94181.8 1.7449418061481974
94496.2 1.685989048491652
94811.7 1.6278806463063566
95128.3 1.5891806486425537
95445.8 1.5816221613545032
95764.5 1.5734392312017602
96084.2 1.5653002090878414
96405.0 1.5571047839152787
96726.8 1.5490639823869519
97049.8 1.541165323686319
97373.8 1.5332726016524585
97698.9 1.5253971441283152
98025.0 1.5176551745991314
98352.3 1.509700232674558
98680.6 1.5025071421921172
99010.1 1.4949723351302686
99340.6 1.487619935817197
99672.3 1.480283465732633
100005.0 1.4729958897591173
100339.0 1.4652593671976075
100674.0 1.457376246599139
101010.0 1.449722985034636
101347.0 1.4421575221292726
101686.0 1.4346286968373672
102025.0 1.4271543014711274
102366.0 1.4197221282335926
102707.0 1.4120524400960497
103050.0 1.4051464318552325
103394.0 1.3981280703782673
103740.0 1.390999510692989
104086.0 1.3840767477710623
104433.0 1.3771713168451547
104782.0 1.3703201521930408
105132.0 1.3623964403267386
105483.0 1.356913036407588
105835.0 1.3503227252369676
106188.0 1.3439183801743673
106543.0 1.3375454030356735
106899.0 1.3310623940876525
107255.0 1.3250546943627663
107613.0 1.3189232498903776
107973.0 1.3124203044111944
108333.0 1.3068620789612533
108695.0 1.3011708761617138
109058.0 1.2953124075480231
109422.0 1.2896419204998983
109787.0 1.284128298619829
110154.0 1.2924632868248667
110521.0 1.3118934441548622
110890.0 1.3407333945368782
111261.0 1.3697741337930363
111632.0 2.875685561545038
112005.0 4.457176107219203
112379.0 5.038109734577782
112754.0 5.05349305673808
113130.0 5.05844432855127
113508.0 5.039556793624065
113887.0 4.913643480715173
114267.0 3.335913458251408
114649.0 1.7717299295460174
115031.0 1.4761687028581103
115415.0 1.4705964285981827
115801.0 1.4667147828915579
116187.0 1.4611984043711432
116575.0 1.482635427946632
116964.0 1.6573587521806028
117355.0 1.8320299506523259
117747.0 2.0068513857139263
118140.0 2.180851835751166
118534.0 2.2285264393066555
118930.0 2.221269617993957
119327.0 2.2150450931732997
119725.0 2.208340500381786
120125.0 2.2012106078701867
120526.0 2.1950323375890197
120929.0 2.1896466515874446
121332.0 2.183679189102681
121737.0 2.1775704895780708
122144.0 1.9936017980427605
122552.0 1.8102834179289617
122961.0 1.627754039554661
123371.0 1.4460960711606197
123783.0 1.3972909337554205
124196.0 1.3945591079223167
124611.0 1.393023261182972
125027.0 1.3914984429298904
125444.0 1.3898832395357574
125863.0 1.3891478819383822
126283.0 1.3885662926627513
126705.0 1.3877227352654493
127128.0 1.387254195311925
127552.0 1.3869928845389923
127978.0 1.3866064568696623
128406.0 1.3873773864629035
128834.0 1.386982300015326
129264.0 1.3877370058961358
129696.0 1.4611023698317755
130129.0 1.638568059378144
130563.0 1.8159996940501533
130999.0 1.9923655439955543
131437.0 2.092546915114903
131875.0 2.091618948676446
132316.0 2.0920776106789827
132757.0 2.09385522631676
133201.0 2.095476480069085
133645.0 2.0959790736408754
134091.0 2.0986777820221985
134539.0 2.1014274091296854
134988.0 2.0064557976087536
135439.0 1.8337863932899794
135891.0 1.6620998165758325
136345.0 1.491841712407901
136800.0 1.4470738562583751
137257.0 1.4540237959648932
137715.0 1.4618944063807973
138175.0 1.4696901679495704
138636.0 1.478127864503118
139099.0 1.4860702400418875
139563.0 1.4983793999720076
140029.0 1.5119953330389595
140497.0 1.526878882336028
140966.0 1.5427210254124868
141436.0 1.559504518809262
141909.0 1.5777243807808852
142382.0 1.595833692287897
142858.0 1.6163750571344546
143335.0 1.6367658575691035
143813.0 1.6581488310618964
144293.0 1.6803488317903927
144775.0 1.704444197990777
145258.0 1.7293131147409708
145743.0 1.7541713327501949
146230.0 1.7818147069459702
146718.0 1.8092724289969844
147208.0 1.8384433385964498
147699.0 1.8695855158350576
148192.0 1.904582276450623
148687.0 1.9402466515430687
149183.0 1.975565035548011
149682.0 2.0086023540510585
150181.0 2.033766115104198
150683.0 2.0873074510294924
151186.0 2.1434467832948005
151690.0 2.201171221594909
152197.0 2.262537070209468
152705.0 2.3261637724694824
153215.0 2.393084174256279
153726.0 2.463027736658582
154240.0 2.5331609363297596
154754.0 2.6085785613921946
155271.0 2.687378781614986
155789.0 2.7080019910208324
156310.0 2.857615360398678
156831.0 2.949960763344534
157355.0 3.0454479923138296
157880.0 3.145844017583341
158407.0 3.2505148959296886
158936.0 3.3589963467313906
159467.0 3.4723699341513674
159999.0 3.589632997937167
160533.0 3.7126034830715655
161069.0 3.840282211806863
161607.0 3.973552303053617
162147.0 4.11141235300668
162688.0 4.254775406774734
163231.0 4.404380123518713
163776.0 4.559620465396294
164323.0 4.721908830901872
164871.0 4.889925928486676
165422.0 5.063347132183572
165974.0 5.241685790681614
166528.0 5.4267073063789795
167084.0 5.618507887882229
167642.0 5.817115364132775
168202.0 6.02367440150891
168763.0 6.236395686136473
169327.0 6.457671136241976
169892.0 6.6860652479385125
170459.0 6.923480610927931
171028.0 7.167807885977076
171599.0 7.421854646217974
172172.0 7.68367377185759
172747.0 7.954899113268099
173324.0 8.235504463491875
173902.0 8.52449063548224
174483.0 8.824267999289209
175065.0 9.12981185212174
175650.0 9.421010883125241
176236.0 9.73141189939994
176825.0 10.051730949698664
177415.0 10.3722334895011
178007.0 10.707303453448185
178602.0 11.054629347832671
179198.0 11.406503992597624
179796.0 11.773300206236668
180396.0 12.142894044648099
180999.0 12.528142574631213
181603.0 12.924091610614804
182209.0 13.328270739583502
182817.0 13.737946104847852
183428.0 14.164986445126118
184040.0 14.605372619569692
184655.0 15.050686511246584
185271.0 15.50104089322573
185890.0 15.928280498072148
186510.0 16.359768643687254
187133.0 16.801077136733074
187758.0 17.2539132903558
188385.0 17.71336142933929
189013.0 18.184539376999208
189644.0 18.6667841582004
190278.0 19.15580397372257
190913.0 19.664105067765874
191550.0 20.176406791817463
192190.0 20.692737148122873
192831.0 21.228866657590533
193475.0 21.776532310364267
194121.0 22.32803861443669
194769.0 22.895616458154578
195419.0 23.472876225020325
196072.0 24.05067118765218
196726.0 24.609268579155646
197383.0 25.178918710359753
198042.0 25.767177408090646
198703.0 26.358795658483793
199367.0 26.961085814599212
200032.0 27.57419686584429
200700.0 28.197643921474654
201370.0 28.831690831783582
202042.0 29.475964244824546
202717.0 30.13027552470607
203394.0 30.79119229749547
204073.0 31.468962880061735
204754.0 32.15808876030727
205438.0 32.85586215425181
206123.0 33.57197988352151
206812.0 34.29170992796415
207502.0 35.020907526761306
208195.0 35.74778661742217
208890.0 36.49309559531084
209587.0 37.24125457136483
210287.0 38.006245250031334
210989.0 38.77763067794479
211693.0 39.562319825038244
212400.0 40.360037928936364
213109.0 41.17105483366818
213821.0 41.987239687969726
214535.0 42.82342017747572
215251.0 43.66061704216224
215969.0 44.51954064615848
216690.0 45.38594861128459
217414.0 46.26661031024881
218140.0 47.15539112269907
218868.0 48.056971256744475
219599.0 48.9730175882791
220332.0 49.906199412158905
221067.0 50.84644693829375
221805.0 51.802704865257255
222546.0 52.766480884050054
223289.0 53.7494072131044
224034.0 54.73907795730307
224782.0 55.74120573128933
225533.0 56.76245757625102
226286.0 57.79171462025805
227041.0 58.83583940483326
227799.0 59.88744681349615
228560.0 60.950910518464035
229323.0 62.01199266567636
230088.0 63.12659071931242
230857.0 64.23139366666018
231627.0 65.34777284161257
232401.0 66.48170452593095
233176.0 67.67178328442161
233955.0 68.85280102677586
234736.0 70.02538357607548
235520.0 71.25278488151804
236306.0 72.4229035175614
237095.0 73.65778303570511
237886.0 74.94490846323885
238681.0 76.16858754137334
239477.0 77.44464758094492
240277.0 78.74192705825433
241079.0 80.031821746944
241884.0 81.37304412252897
242691.0 82.70468786932936
243502.0 84.02607018803928
244315.0 85.39930615519171
245130.0 86.7283211936188
245949.0 88.11556783626948
246770.0 89.51936603111635
247594.0 90.97315847118954
248420.0 92.41656304284719
249250.0 93.90889835672765
250082.0 95.36535144036026
250917.0 96.86124779745582
251754.0 98.37533771741448
252595.0 99.88861552559663
253438.0 101.44468472773309
254284.0 102.9893817433902
255133.0 104.58110285775656
255985.0 106.1025969233693
256840.0 107.72906420066346
257697.0 109.28611394712074
258557.0 110.95060240028441
259421.0 112.53218260627679
260287.0 114.17666504688576
261156.0 115.8533233407931
262027.0 117.53619752035988
262902.0 119.23941371254135
263780.0 120.94034133435046
264661.0 122.62859442688573
265544.0 124.36103042145814
266431.0 126.11006656691796
267320.0 127.89868197499511
268213.0 129.64752275461612
269108.0 131.43935560735875
270006.0 133.21783013898585
270908.0 135.02109917883442
271812.0 136.78951664855362
272720.0 138.63734012552408
273630.0 140.47187246130943
274544.0 142.29217228606183
275460.0 144.15363947269356
276380.0 146.00065511162478
277303.0 147.88774922046096
278228.0 149.74189459360684
279157.0 151.61984946671325
280089.0 153.51848569533158
281024.0 155.45578532532926
281963.0 157.37800434869203
282904.0 159.2863369378841
283848.0 161.21748049738207
284796.0 163.1644725624658
285747.0 165.0813930998124
286701.0 167.03601529667264
287658.0 168.97590979389165
288618.0 170.9669744431193
289582.0 172.93940110443975
290549.0 174.91278802528674
291519.0 176.89593971045903
292492.0 178.86410311717097
293468.0 180.81687176337198
294448.0 182.8059931831175
295431.0 184.7795490742813
296418.0 186.78795122304513
297407.0 188.73146548996274
298400.0 190.7514616860019
299396.0 192.72275836817357
300396.0 194.75531190898667
301399.0 196.7018571830338
302405.0 198.71813967756097
303415.0 200.7184056163304
304427.0 202.7040679061932
305444.0 204.7221858600904
306464.0 206.72488626650937
307487.0 208.7086262090268
308513.0 210.68441186802409
309543.0 212.6890548237164
310577.0 214.6294814290399
311614.0 216.60294015174222
312654.0 218.5612115316662
313698.0 220.55134104397322
314745.0 222.47867222018854
315796.0 224.43771946904857
316850.0 226.38162672227267
317908.0 228.309771369251
318969.0 230.2698480784046
320034.0 232.16742484523732
321103.0 234.09498789757362
322175.0 236.01390187315545
323250.0 237.9079394488814
324329.0 239.83715856529844
325412.0 241.70462798137618
326498.0 243.60318851407092
327589.0 245.43993703324816
328682.0 247.28947294693506
329779.0 249.11606653818671
330880.0 250.94133820541524
331985.0 252.73159493881093
333093.0 254.53316175305605
334206.0 256.2878467976899
335321.0 258.067144491595
336441.0 259.81991365012846
337564.0 261.58040184978324
338691.0 263.31530392368745
339822.0 264.9915680863701
340956.0 266.6980620797879
342094.0 268.3904387719798
343237.0 270.0674919722207
344382.0 271.73183520739155
345532.0 273.3379081271162
346686.0 274.9729874262946
347843.0 276.51804881656955
349004.0 278.0750870097323
350170.0 279.61050450986966
351339.0 281.12234745163994
352512.0 282.64764257517254
353689.0 284.1355884926738
354869.0 285.5748363827173
356054.0 287.01866059158857
357243.0 288.4289277464717
358435.0 289.8686833009294
359632.0 291.25361692171754
360833.0 292.5845818680062
362037.0 293.9249364374048
363246.0 295.24758136781156
364459.0 296.5625137084077
365676.0 297.8301433048186
366896.0 299.0410181726908
368121.0 300.2804166444461
369350.0 301.4273432900962
370583.0 302.6172138705311
371821.0 303.7280554426403
373062.0 304.8424429208125
374307.0 305.9461541732124
375557.0 306.99622000796205
376811.0 308.0409170433641
378069.0 309.0334209266481
379331.0 310.0160722193741
380597.0 310.9889387339817
381868.0 311.90714993918397
383143.0 312.81605052759096
384422.0 313.69142416743915
385705.0 314.5479659898808
386993.0 315.3947533494459
388285.0 316.19819188086217
389581.0 316.94622468396915
390882.0 317.6742054740499
392187.0 318.3870577147941
393496.0 319.07628015625346
394810.0 319.72581363985546
396128.0 320.31644814706704
397451.0 320.94353544120594
398777.0 321.48903328092916
400109.0 322.0267258189326
401445.0 322.5563620516893
402785.0 323.0427798333637
404130.0 323.484961541653
405479.0 323.92101419298706
406832.0 324.31422402456127
408191.0 324.7000542950786
409553.0 325.04442539792416
410921.0 325.3453664220173
412293.0 325.64115065365706
413669.0 325.89566720065096
415050.0 326.1085330737891
416436.0 326.3160690942334
417826.0 326.48330767986766
419221.0 326.6358308026401
420621.0 326.72455746316115
422025.0 326.8141907064491
423434.0 326.8921739264157
424847.0 326.89635438793374
426266.0 326.9308924295084
427689.0 326.8922046137258
429117.0 326.8499518401462
430549.0 326.77023324772824
431987.0 326.65186852893686
433429.0 326.496774519474
434876.0 326.33895456195233
436328.0 326.178443601882
437785.0 325.9464339252666
439246.0 325.71400490482455
440712.0 325.44501093941915
442184.0 325.1733643767928
443660.0 324.83318946405655
445141.0 324.49161499300703
446627.0 324.14867702018194
448118.0 323.7376505509968
449614.0 323.325754587977
451116.0 322.8791424820615
452622.0 322.4094885789948
454133.0 321.89623663963835
455649.0 321.3738028416152
457170.0 320.82801927562673
458696.0 320.24975871114987
460228.0 319.6695018384621
461764.0 319.06125842199094
463306.0 318.4512714743335
464853.0 317.7775657700459
466404.0 317.1056097183442
467962.0 316.40090348696384
469524.0 315.6901957457704
471091.0 314.96655887176235
472664.0 314.17149924171355
474242.0 313.40994639107674
475825.0 312.5872962259421
477414.0 311.7348563831245
479008.0 310.88482705681946
480607.0 310.00609195371914
482212.0 309.1293382315756
483821.0 308.1940287742645
485437.0 307.2604889178569
487057.0 306.29992134455273
488683.0 305.3419267379932
490315.0 304.36590353706526
491952.0 303.40418870705076
493594.0 302.3948760938656
495242.0 301.3434872680076
496895.0 300.2956846238065
498554.0 299.2364195464995
500219.0 298.1507003396078
501889.0 297.03942608624436
503564.0 295.93257309280017
505246.0 294.79939530231394
506932.0 293.64190619489386
508625.0 292.45866084392054
510323.0 291.25104551642124
512026.0 290.0487273777737
513736.0 288.84200066713873
515451.0 287.59917272126404
517172.0 286.3915431953748
518898.0 285.0545752543184
520631.0 283.90464000547075
522369.0 282.64510440732454
524113.0 281.36216529801646
525863.0 280.06756105914144
527618.0 278.7560558977795
529380.0 277.4280048464137
531147.0 276.1155481005496
532920.0 274.74789713572613
534700.0 273.3857371540267
536485.0 272.03008096379205
538276.0 270.65261387045683
540073.0 269.25359813339554
541876.0 267.8332965737742
543685.0 266.4103444178159
545500.0 264.9846977563684
547321.0 263.58387343000226
549148.0 262.1894749405831
550982.0 260.7738663553975
552821.0 259.3382280469272
554667.0 257.8947791869941
556519.0 256.45340776645014
558377.0 254.98997562581445
560241.0 253.52758989380314
562111.0 252.04560573750834
563988.0 250.57033499688598
565871.0 249.07578852237
567760.0 247.587403539124
569655.0 246.0822984473945
571557.0 244.55688748070727
573465.0 243.02601237590028
575380.0 241.50235224804598
577301.0 239.97335310750603
579228.0 238.47784631451282
581162.0 236.98522076678736
583102.0 235.4827603464856
585049.0 233.9577469924186
587002.0 232.44047433701854
588962.0 230.90512593624337
590928.0 229.37763358903442
592901.0 227.85758118360414
594880.0 226.3201877512294
596866.0 224.76529559531073
598859.0 223.2181073530435
600858.0 221.6789672894759
602864.0 220.1226742897118
604877.0 218.57416342645348
606896.0 217.0019826283632
608922.0 215.45200012344065
610955.0 213.87831687966775
612995.0 212.34747103238283
615042.0 210.82784370246253
617095.0 209.30241933446462
619155.0 207.76413083253803
621222.0 206.22669553100272
623296.0 204.70065931297512
625377.0 203.1824603517199
627465.0 201.64826729344784
629560.0 200.09825923623336
631661.0 198.56730163248375
633770.0 197.0227688430101
635886.0 195.49691196911832
638009.0 193.95560943142505
640139.0 192.42242473656808
642276.0 190.8740428995227
644420.0 189.3338738575305
646572.0 187.8015955224812
648731.0 186.3179677603407
650896.0 184.83069103686157
653069.0 183.34154151485615
655250.0 181.84502082037778
657437.0 180.35289789957113
659632.0 178.86849998218432
661834.0 177.39207208655344
664044.0 175.90079417347027
666261.0 174.41757703543175
668485.0 172.94238709205985
670717.0 171.46669573082838
672956.0 169.99322450141088
675203.0 168.5162498599874
677457.0 167.053515165
679719.0 165.59545878281367
681988.0 164.12345985842475
684265.0 162.68114194176422
686549.0 161.24681997556021
688841.0 159.84182904965144
691141.0 158.41919941024858
693448.0 157.01136390417454
695763.0 155.62911599455893
698086.0 154.2114168672143
700417.0 152.82272933172385
702755.0 151.43943884072047
705101.0 150.0462335334071
707455.0 148.6598372014526
709817.0 147.2802083716307
712187.0 145.90809184126275
714565.0 144.54345896805634
716950.0 143.18648064147996
719344.0 141.81592041826772
721745.0 140.47384113626396
724155.0 139.1182648639045
726573.0 137.79074870774514
728998.0 136.4912443462344
731432.0 135.19869331114276
733874.0 133.8928769983233
736324.0 132.61459318765526
738782.0 131.32312143172783
741249.0 130.0588126224984
743723.0 128.78156972539773
746206.0 127.51125823720213
748698.0 126.24785500618029
751197.0 124.9916694896824
753705.0 123.74233649625333
756221.0 122.49999448194667
758746.0 121.24474197345477
761279.0 120.02168428709683
763821.0 118.79081392238487
766371.0 117.57949450226415
768929.0 116.37142753294296
771496.0 115.20879936916526
774072.0 114.03322445197863
776656.0 112.86430667870947
779249.0 111.69258192358302
781851.0 110.54581253039129
784461.0 109.39631329595022
787080.0 108.25324894225449
789707.0 107.11665685785766
792344.0 105.98626391709712
794989.0 104.86231489625591
797643.0 103.76339962064068
800306.0 102.6519305409056
802978.0 101.54170948066536
805659.0 100.44766963828182
808349.0 99.3547147112705
811047.0 98.26826586220893
813755.0 97.2060936574889
816472.0 96.16822522085869
819198.0 95.13619617693868
821933.0 94.10998230876078
824677.0 93.07142383688736
827430.0 92.05682782684251
830192.0 91.04797386261424
832964.0 90.04472938828367
835745.0 89.047181165802
838535.0 88.05530465824326
841334.0 87.06907525404513
844143.0 86.10607412826131
846961.0 85.13091656863558
849789.0 84.16122672342789
852626.0 83.21463231943397
855472.0 82.25596812540505
858329.0 81.3200423187385
861194.0 80.38958281056503
864069.0 79.48168112217911
866954.0 78.57889469586462
869848.0 77.6812930750626
872752.0 76.80166997903153
875666.0 75.91836846889312
878589.0 75.05297737276926
881523.0 74.17343492433534
884466.0 73.31987546931666
887418.0 72.46236416107652
890381.0 71.60659719460013
893354.0 70.77945413077728
896336.0 69.92949764741088
899329.0 69.11471600304198
902331.0 68.28808357081591
905344.0 67.46611346531881
908366.0 66.66540057072828
911399.0 65.86920272547606
914441.0 65.09400132593574
917494.0 64.3231692231534
920557.0 63.55675965195175
923631.0 62.79468550671978
926714.0 62.04658970696674
929808.0 61.29982797438727
932912.0 60.55080074422251
936027.0 59.8220166013354
939152.0 59.09743773552931
942287.0 58.37704537481413
945433.0 57.66075974605061
948589.0 56.94548267551679
951756.0 56.25627706050021
954934.0 55.552219678925944
958122.0 54.8678698752878
961321.0 54.17188173185621
964530.0 53.51096752114371
967750.0 52.85383568896797
970981.0 52.20047094208273
974223.0 51.55085792998681
977475.0 50.90503333019976
980738.0 50.278171208357485
984013.0 49.65487376792994
987298.0 49.0200600981668
990594.0 48.404017409576085
993901.0 47.80657940838234
997219.0 47.19758549434785
1000550.0 46.59202532666668
1003890.0 46.00496947109433
1007240.0 45.40650762017072
1010600.0 44.826369089222325
1013980.0 44.25790938114593
1017360.0 43.675871211287884
1020760.0 43.120143946633505
1024170.0 42.56769084957674
1027590.0 42.033049826857805
1031020.0 41.48704726922693
1034460.0 40.958643579131
1037910.0 40.43196251468868
1041380.0 39.911026415426534
1044850.0 39.392003088628464
1048340.0 38.88994038244183
1051840.0 38.37662557192164
1055350.0 37.87489934236577
1058880.0 37.387013818297845
1062410.0 36.896778897305204
1065960.0 36.40910779592893
1069520.0 35.92433823024422
1073090.0 35.45639213402104
1076670.0 34.97733336672352
1080270.0 34.5146557123935
1083870.0 34.068850207438615
1087490.0 33.62537790763377
1091120.0 33.18454410966475
1094760.0 32.746334646619765
1098420.0 32.32405709861196
1102090.0 31.890724304320873
1105770.0 31.473508805686606
1109460.0 31.045300762399112
1113160.0 30.640565019038977
1116880.0 30.224130055946922
1120610.0 29.82885729255602
1124350.0 29.423693030295784
1128100.0 29.034215653171508
1131870.0 28.646808402480886
1135650.0 28.24856389518773
1139440.0 27.86583849109286
1143240.0 27.498492324218535
1147060.0 27.133107004589068
1150890.0 26.76991465442236
1154730.0 26.408558497958808
1158580.0 26.062968222510307
1162450.0 25.706016672266273
1166330.0 25.364039655448547
1170230.0 25.023902705876854
1174130.0 24.6860253597619
1178050.0 24.349971774807354
1181990.0 24.028394042838105
1185930.0 23.6963419171826
1189890.0 23.378665252016837
1193860.0 23.06165401870104
1197850.0 22.73636809303846
1201850.0 22.436703150845073
1205860.0 22.126439977868365
1209890.0 21.81787281619117
1213930.0 21.52349748723064
1217980.0 21.242074882706728
1222050.0 20.952139081120137
1226130.0 20.6628617916118
1230220.0 20.38749477856217
1234330.0 20.113626764556013
1238450.0 19.841416304083225
1242580.0 19.570853483408186
1246730.0 19.301773616356872
1250890.0 19.034327016379418
1255070.0 18.780270705262783
1259260.0 18.515877145988128
1263460.0 18.264930024601732
1267680.0 18.015361544640285
1271910.0 17.76730944676234
1276160.0 17.520627189344104
1280420.0 17.27544761053034
1284690.0 17.043403154240004
1288980.0 16.81263523636202
1293290.0 16.58177265222391
1297600.0 16.355157583199432
1301940.0 16.12834191759457
1306280.0 15.903018072641087
1310640.0 15.690358413747372
1315020.0 15.46750035978957
1319410.0 15.254900083295308
1323820.0 15.048349572868515
1328230.0 14.829485184254608
1332670.0 14.622962932490752
1337120.0 14.417704407755474
1341580.0 14.213701623573362
1346060.0 14.021953452173411
1350560.0 13.820198711485371
1355060.0 13.619783979832949
1359590.0 13.431400143358962
1364130.0 13.24033090306122
1368680.0 13.047160089670871
1373250.0 12.862159048028627
1377840.0 12.678201210137235
1382440.0 12.495374553720715
1387050.0 12.317768068331533
1391680.0 12.132998451426774
1396330.0 11.964062979936857
1400990.0 11.785489478826403
1405670.0 11.6079348286599
1410360.0 11.44208182874697
1415070.0 11.266599796231239
1419790.0 11.102737835202495
1424530.0 10.939808168256867
1429290.0 10.777808358563874
1434060.0 10.60638087386073
1438850.0 10.446339322968706
1443650.0 10.293504432702267
1448470.0 10.13637979925287
1453310.0 9.98179632323573
1458160.0 9.829012707190506
1463030.0 9.677712913394831
1467910.0 9.529389856732864
1472810.0 9.381922315512144
1477730.0 9.236317226786662
1482660.0 9.092631128073048
1487610.0 8.949774253865938
1492580.0 8.809702529871034
1497560.0 8.67168986133791
1502560.0 8.534247771628223
1507580.0 8.39968083143255
1512610.0 8.2659524424435
1517660.0 8.134969388481366
1522730.0 8.005741847552908
1527810.0 7.879273435160168
1532910.0 7.753542093466554
1538030.0 7.630490211709136
1543160.0 7.5082062197915125
1548320.0 7.38852133137407
1553480.0 7.269779789119486
1558670.0 7.153310328329877
1563870.0 7.0377161998523725
1569100.0 6.9246621918994915
1574330.0 6.812169328235694
1579590.0 6.701619700159536
1584860.0 6.593460907288337
1590150.0 6.485937455525853
1595460.0 6.3799844752845765
1600790.0 6.276524592120518
1606130.0 6.173712946149606
1611500.0 6.07332580386193
1616880.0 5.975418509406325
1622270.0 5.879046285594242
1627690.0 5.783205744011245
1633120.0 5.689798106414097
1638580.0 5.596907083961218
1644050.0 5.5055092782418935
1649540.0 5.4164653385160815
1655040.0 5.327979953108997
1660570.0 5.240886708698819
1666110.0 5.154340675066162
1671670.0 5.0700877709959835
1677260.0 4.987214330836825
1682860.0 4.90485315969731
1688470.0 4.8238955165240895
1694110.0 4.744003621074034
1699770.0 4.666003630619565
1705440.0 4.589103952759282
1711130.0 4.514409241562553
1716850.0 4.441139603867381
1722580.0 4.3680592796841795
1728330.0 4.297280019055077
1734100.0 4.22692139736633
1739890.0 4.156981657753104
1745700.0 4.089172494809363
1751530.0 4.02176727396331
1757370.0 3.9556378191379156
1763240.0 3.889880241241938
1769130.0 3.8253611843613844
1775030.0 3.7620769487883274
1780960.0 3.7000188668783465
1786910.0 3.638317310059624
1792870.0 3.5778395307851754
1798860.0 3.5185352544232344
1804860.0 3.460434100513678
1810890.0 3.4034334930812697
1816930.0 3.347580347743991
1823000.0 3.292275010238871
1829090.0 3.2379767458491138
1835190.0 3.1848364600576646
1841320.0 3.131997240406721
1847470.0 3.0802848692812153
1853630.0 3.0288993044414587
1859820.0 2.9786102639532084
1866030.0 2.929424959776578
1872260.0 2.8805351675422854
1878510.0 2.832735670311855
1884780.0 2.785223630236278
1891080.0 2.73877408503534
1897390.0 2.6926188077626225
1903720.0 2.6475273135025605
1910080.0 2.6034768114603857
1916460.0 2.5604723659688187
1922850.0 2.5185180058784247
1929270.0 2.476803052305824
1935710.0 2.435339643769358
1942180.0 2.394884291686605
1948660.0 2.3546854987116284
1955170.0 2.315496365053069
1961690.0 2.276528285480168
1968240.0 2.2385578133135513
1974810.0 2.2015742680491446
1981410.0 2.1640483990788413
1988020.0 2.1282656024028213
1994660.0 2.091938693487647
2001320.0 2.056579596955943
2008000.0 2.022179739581465
2014700.0 1.9879882638502064
2021430.0 1.9547343151142216
2028180.0 1.9216821082559292
2034950.0 1.8895655633880273
2041740.0 1.8583279713790013
2048560.0 1.8273670675004023
2055400.0 1.7962841708532837
2062260.0 1.7666377227661907
2069150.0 1.7369024585646886
2076050.0 1.7073563421528606
2082990.0 1.6786917554024128
2089940.0 1.6502096447959733
2096920.0 1.6218926384962438
2103920.0 1.5944776378223038
2110940.0 1.5679028972817042
2117990.0 1.54079364927034
2125060.0 1.5145538166551153
2132150.0 1.4891754892929927
2139270.0 1.4639448512229818
2146410.0 1.4388681991769907
2153580.0 1.414632598158565
2160770.0 1.3912371167991737
2167980.0 1.3672943583003059
2175220.0 1.3441793454117956
2182480.0 1.3218908589621587
2189770.0 1.2990493681919073
2197080.0 1.2770285566644084
2204420.0 1.255136710729354
2211780.0 1.2340552077869376
2219160.0 1.2129709207471018
2226570.0 1.1922728445334163
2234000.0 1.1715707732830962
2241460.0 1.1516577834344897
2248940.0 1.1318668413930388
2256450.0 1.1121923232582291
2263980.0 1.0932992847427745
2271540.0 1.0751757199301821
2279130.0 1.056502262642184
2286740.0 1.0385977164800106
2294370.0 1.0208030450674124
2302030.0 1.0037629467517974
2309710.0 0.9861798047323772
2317430.0 0.9693418531466756
2325160.0 0.9526116158401925
2332930.0 0.936617280397872
2340710.0 0.9207251984356171
2348530.0 0.9049229972158833
2356370.0 0.8892181339187659
2364240.0 0.873606343600015
2372130.0 0.8587213949850959
2380050.0 0.843924498888294
2387990.0 0.8292188093843492
2395970.0 0.8145969881984912
2403970.0 0.8006877208030595
2411990.0 0.7874842630843029
2420040.0 0.7738666033247859
2428120.0 0.7606948544825902
2436230.0 0.747595562286322
2444360.0 0.7342259785253724
2452520.0 0.7220259412471689
2460710.0 0.7092904170599269
2468930.0 0.6972366666824622
2477170.0 0.6852573803698131
2485440.0 0.673349397506521
2493740.0 0.6615124384043747
2502060.0 0.649748818875024
2510420.0 0.6386487618941308
2518800.0 0.6276174050200591
2527210.0 0.6166518868017878
2535640.0 0.6057543302967797
2544110.0 0.5955075049726198
2552600.0 0.5850897318847227
2561120.0 0.5750262765813183
2569670.0 0.565081160096132
2578250.0 0.5552535523387362
2586860.0 0.5456582559828752
2595500.0 0.536178046616873
2604160.0 0.5268141295207345
2612860.0 0.5176760809510002
2621580.0 0.5086518533979257
2630330.0 0.49973862061260627
2639110.0 0.4909922530190464
2647920.0 0.48241138801714206
2656760.0 0.473994669724252
2665630.0 0.46568464285412975
2674530.0 0.4574805253609506
2683460.0 0.44943727249152526
2692420.0 0.4416646490537387
2701410.0 0.4339941308012129
2710430.0 0.42642495644138384
2719480.0 0.41901136366924996
2728560.0 0.4116972363343165
2737670.0 0.4044818251983444
2746810.0 0.39741883289825536
2755980.0 0.39045270642842106
2765180.0 0.38357924717499625
2774410.0 0.3768620131562532
2783670.0 0.37023562443080443
2792960.0 0.36375636678716156
2802290.0 0.3573149687235953
2811640.0 0.3510202102726997
2821030.0 0.3448153063367286
2830450.0 0.33875366174764665
2839900.0 0.33272871585342834
2849380.0 0.32695024736235584
2858890.0 0.32120673111121717
2868440.0 0.3156011790267819
2878010.0 0.3100592554939422
2887620.0 0.30459646128127654
2897260.0 0.29924681713760015
2906930.0 0.2939810768486492
2916640.0 0.28879757152593794
2926380.0 0.28369666266156696
2936150.0 0.27867768660026887
2945950.0 0.2737907493770495
2955780.0 0.26893348858603067
2965650.0 0.26415529646977726
2975550.0 0.25945645086644514
2985490.0 0.2548855458937272
2995450.0 0.2503433054949595
3005450.0 0.2458776622290595
3015490.0 0.24158722575754285
3025560.0 0.23732291113131382
3035660.0 0.2331338522504437
3045790.0 0.22901942424132463
3055960.0 0.22497826991016404
3066160.0 0.22101053915522462
3076400.0 0.2171149118857825
3086670.0 0.2132430506539483
3096970.0 0.20949144305147663
3107310.0 0.20576204933207337
3117690.0 0.2021027722288735
3128100.0 0.1985136887272488
3138540.0 0.19498800845973271
3149020.0 0.19149076350375868
3159530.0 0.18806580109964152
3170080.0 0.1847035710162568
3180660.0 0.1814089565006505
3191280.0 0.17822768467311512
3201930.0 0.17506587573865717
3212620.0 0.17196944325236627
3223350.0 0.16889145336637798
3234110.0 0.16592483809165728
3244910.0 0.16297588844752683
3255740.0 0.16009096597430653
3266610.0 0.15722324762984577
3277520.0 0.15441829913651217
3288460.0 0.15167605929491335
3299440.0 0.148950197171149
3310450.0 0.14628627334420635
3321500.0 0.14368330645489516
3332590.0 0.14109590778856682
3343720.0 0.13856874367517136
3354880.0 0.13610171069703436
3366080.0 0.13364944824988984
3377320.0 0.1312805358799441
3388600.0 0.128921403538284
3399910.0 0.12664499169476434
3411260.0 0.12438221636464647
3422650.0 0.12217671819964619
3434080.0 0.11998445276359751
3445540.0 0.11784911335049036
3457040.0 0.11576985449927125
3468580.0 0.11370307203024661
3480160.0 0.11164871309571542
3491780.0 0.10964955656385415
3503440.0 0.10766243227237386
3515140.0 0.10572983559373281
3526870.0 0.10385158403197758
3538650.0 0.1019843437640817
3550460.0 0.1001430966107212
3562310.0 0.09832613705697099
3574210.0 0.09657607190664301
3586140.0 0.09487853285348172
3598110.0 0.09319121481668038
3610120.0 0.09151407208938968
3622180.0 0.08988810087735222
3634270.0 0.08827219240454538
3646400.0 0.08666604870410312
3658580.0 0.08515115101578856
3670790.0 0.08360487983642803
3683050.0 0.08210835447345419
3695340.0 0.0806211047377816
3707680.0 0.07918169964297002
3720060.0 0.07775357067983155
3732480.0 0.07633282045684298
3744940.0 0.07496063022947495
3757440.0 0.07363656073328148
3769980.0 0.07228083322311361
3782570.0 0.07101223536956183
3795200.0 0.06971191175208001
3807870.0 0.0684980481097573
3820580.0 0.06725238523027163
3833340.0 0.06605313719557322
3846130.0 0.0648613405972981
3858980.0 0.06371521032825551
3871860.0 0.06257620281828823
3884780.0 0.06144411551878418
3897750.0 0.060318759637367374
3910770.0 0.059238354373914205
3923820.0 0.05817847234736839
3936920.0 0.05713537637767555
3950070.0 0.056112195238160516
3963250.0 0.055095386897118
3976490.0 0.05408450300268944
3989760.0 0.05311741501695472
4003080.0 0.052156087382836544
4016450.0 0.05123773534843054
4029850.0 0.05028798954865414
4043310.0 0.04941778539356143
4056810.0 0.04851601078664256
4070350.0 0.04765649364215766
4083940.0 0.04680210292582966
4097570.0 0.04595293098102284
4111250.0 0.045108841040186344
4124980.0 0.04430607017980716
4138750.0 0.04350820431426854
4152570.0 0.04271511726675559
4166430.0 0.0419627845947451
4180340.0 0.041214947726787104
4194300.0 0.04047158871356614
4208300.0 0.039732783903814795
4222350.0 0.03899841665271394
4236450.0 0.038303771764446215
4250590.0 0.0376133815093628
4264780.0 0.03692713639329352
4279020.0 0.03627997099630755
4293300.0 0.03563676664171933
4307640.0 0.03499733937447833
4322020.0 0.03436183723310409
4336450.0 0.033743956525549804
4350930.0 0.03313666841011132
4365450.0 0.03254338885823123
4380030.0 0.03195701970727444
4394650.0 0.03138106221408042
4409320.0 0.03081535859683022
4424040.0 0.030256445426335685
4438810.0 0.029711012743248836
4453630.0 0.029175586660580732
4468500.0 0.02864673861367166
4483420.0 0.02813109251337525
4498380.0 0.027628595603889725
4513400.0 0.027135696562978172
4528470.0 0.026647754631488905
4543590.0 0.026171978234956348
4558760.0 0.025701044433159195
4573980.0 0.025242767974890962
4589250.0 0.024787261193743332
4604570.0 0.02434425555484333
4619940.0 0.023907166567883376
4635370.0 0.023475898872973917
4650840.0 0.02305372610052693
4666370.0 0.02263726656215861
4681950.0 0.02222972127347731
4697580.0 0.021831014552911452
4713260.0 0.02143789799465811
4729000.0 0.021050283951749325
4744780.0 0.020671371568703818
4760620.0 0.020304140172041855
4776520.0 0.019942225119246034
4792460.0 0.01958566882124505
4808460.0 0.019234346884081575
4824520.0 0.018891320318053066
4840620.0 0.018553506316363523
4856780.0 0.01822078634709614
4873000.0 0.017896191167771688
4889270.0 0.01757662889585498
4905590.0 0.017259010468200713
4921970.0 0.016949369018353123
4938400.0 0.016647670173572864
4954890.0 0.01634777420751641
4971430.0 0.016055723077545356
4988030.0 0.01576502339254848
5004680.0 0.015482863266073685
5021390.0 0.015204977979586028
5038150.0 0.014937693488377424
5054970.0 0.014672007253271141
5071850.0 0.014410861623136931
5088780.0 0.014154248459016486
5105770.0 0.01390210298446045
5122820.0 0.01365438961320192
5139920.0 0.013411098997340309
5157080.0 0.01317216868463461
5174290.0 0.012937588603195676
5191570.0 0.012707907092423145
5208900.0 0.012481237583886872
5226290.0 0.012259421870827288
5243740.0 0.012038939651371856
5261250.0 0.011825470518381792
5278810.0 0.011613307567769467
5296430.0 0.011405246066781184
5314120.0 0.011204045560243705
5331860.0 0.011006881971095731
5349660.0 0.010810904771557571
5367520.0 0.010621681486501493
5385440.0 0.010433597035636505
5403420.0 0.010249414215163335
5421460.0 0.010066341667631498
5439560.0 0.009889873356431114
5457720.0 0.009714468740063603
5475940.0 0.009542854212430184
5494220.0 0.009374997689698218
5512560.0 0.009208154197399503
5530970.0 0.009045006781772306
5549430.0 0.008885556847084055
5567960.0 0.008727054493559584
5586550.0 0.008572188713745689
5605200.0 0.00842092830341118
5623910.0 0.008273242235466743
5642690.0 0.00812908525656732
5661530.0 0.007985800027959495
5680430.0 0.007846015306040385
5699390.0 0.007709700680980284
5718420.0 0.007574197276257696
5737510.0 0.0074421216450178945
5756660.0 0.007310845793476016
5775880.0 0.0071829428006060575
5795170.0 0.007058383742424333
5814510.0 0.0069345915265365205
5833930.0 0.006811526679500529
5853400.0 0.0066943314627612655
5872940.0 0.006575288321553978
5892550.0 0.006462034207550779
5912220.0 0.006346836110662058
5931960.0 0.006237572648609811
5951770.0 0.006128861378178809
5971630.0 0.006020820968639906
5991570.0 0.005918410169716895
6011570.0 0.0058141328452391535
6031640.0 0.005715439952442395
6051780.0 0.005614865372547092
6071990.0 0.005519820609437138
6092260.0 0.005422802853685892
6112600.0 0.005329004157229735
6133000.0 0.005238120389881843
6153480.0 0.005147772299708168
6174020.0 0.0050579744527019825
6194630.0 0.004971130304282538
6215320.0 0.004884799238521009
6236070.0 0.004801393156465353
6256880.0 0.0047184950413415834
6277770.0 0.004636087446226887
6298730.0 0.0045565502993482766
6319760.0 0.004479857678693502
6340860.0 0.004403625166766363
6362030.0 0.0043278506996012635
6383270.0 0.004254875204168078
6404580.0 0.004182338030383713
6425960.0 0.0041102371880250965
6447410.0 0.004040890367693596
6468940.0 0.003971954318695333
6490540.0 0.0039034335163469617
6512200.0 0.0038376285297934028
6533950.0 0.0037722078776887373
6555760.0 0.0037094687338222764
6577650.0 0.0036448275444780623
6599610.0 0.0035851095614566953
6621640.0 0.003523491765040444
6643750.0 0.003464492047558597
6665930.0 0.0034058479568300987
6688180.0 0.0033484522677955085
6710510.0 0.0032918437037307495
6732910.0 0.003236465520690317
6755390.0 0.0031836308454771226
6777940.0 0.0031289077461252885
6800570.0 0.0030767106127934565
6823280.0 0.0030270161486917533
6846060.0 0.0029754363342299156
6868910.0 0.0029263461801471297
6891840.0 0.002877548145376386
6914850.0 0.0028290410175473312
6937940.0 0.0027829792534774553
6961100.0 0.0027371955435939047
6984340.0 0.002691684642378761
7007660.0 0.0026464453942959317
7031050.0 0.002603607466901789
7054530.0 0.0025589008901797813
7078080.0 0.0025186919377492745
7101710.0 0.0024766159918069987
7125420.0 0.0024368906324437655
7149210.0 0.0023974019451429127
7173070.0 0.0023581521796506855
7197020.0 0.002319133664390908
7221050.0 0.0022803487131791587
7245160.0 0.0022438605520151275
7269340.0 0.002207593175409241
7293610.0 0.002171539472972227
7317960.0 0.0021377453011336904
7342390.0 0.0021021154229856755
7366910.0 0.00206872675911544
7391500.0 0.0020355403439586556
7416180.0 0.002001944702160867
7440940.0 0.0019697567302202415
7465780.0 0.0019379618231760666
7490700.0 0.00190715606939124
7515710.0 0.001876930126235314
7540800.0 0.001847083419176203
7565980.0 0.0018178083971807112
7591240.0 0.0017889057518470641
7616580.0 0.0017607654093989757
7642010.0 0.0017327912818994732
7667520.0 0.001705570093189378
7693120.0 0.001678704204646104
7718810.0 0.0016521910189497477
7744570.0 0.0016262252685963806
7770430.0 0.0016007960285586524
7796370.0 0.0015757111512282335
7822400.0 0.0015509659938415796
7848520.0 0.0015267485887343068
7874720.0 0.0015028664981424577
7901010.0 0.0014795045308381258
7927390.0 0.0014566583077769448
7953850.0 0.0014343252762025905
7980410.0 0.0014123100569881492
8007050.0 0.001390613782088343
8033780.0 0.0013692322261725934
8060600.0 0.0013483485162936774
8087510.0 0.0013277734704582203
8114510.0 0.0013075047024240637
8141600.0 0.0012877235349334514
8168780.0 0.0012680595996118415
8196060.0 0.001248875806981137
8223420.0 0.001229989198561094
8250870.0 0.001211395902738189
8278420.0 0.0011930921651706961
8306060.0 0.0011750771822125127
8333790.0 0.0011575281222077078
8361610.0 0.001140083189608064
8389520.0 0.0011232767194092482
8417530.0 0.0011065685547871965
8445640.0 0.0010903124804376029
8473830.0 0.0010741541177470165
8502120.0 0.001058266370160166
8530510.0 0.0010428224268994079
8558990.0 0.0010274701349941042
8587560.0 0.001012557383219239
8616230.0 0.0009977319492357132
8645000.0 0.0009831664779994336
8673860.0 0.0009688600069368851
8702810.0 0.0009548104015161848
8731870.0 0.000941013385933967
8761020.0 0.0009272983754183098
8790270.0 0.0009140042163857367
8819620.0 0.0009007880258204672
8849060.0 0.0008878194872247703
8878600.0 0.0008752639984070959
8908250.0 0.0008627811254615953
8937990.0 0.0008507071692712613
8967830.0 0.0008387039431898717
8997770.0 0.0008267711437209455
9027800.0 0.0008152406999673417
9057940.0 0.0008037769502218091
9088180.0 0.0007925450853689289
9118530.0 0.0007815423075452861
9148970.0 0.0007706049507485077
9179510.0 0.0007598947839319328
9210160.0 0.0007494090822553833
9240910.0 0.0007391467860508839
9271760.0 0.0007289446994236344
9302710.0 0.0007188025518871676
9333770.0 0.0007090397831150364
9364930.0 0.000699334306494612
9396200.0 0.0006898442977552975
9427570.0 0.0006805686672578443
9459040.0 0.0006713474635573311
9490620.0 0.0006623373252924914
9522300.0 0.0006535371514037033
9554090.0 0.0006447879146476054
9585990.0 0.0006362454282518527
9617990.0 0.000627753081420963
9650100.0 0.0006194649797465741
9682320.0 0.0006112249072561551
9714650.0 0.0006031866183202478
9747080.0 0.0005951955478769813
9779620.0 0.0005874038002611065
9812270.0 0.0005798096548079345
9845030.0 0.0005722594862641332
9877900.0 0.0005647531094689458
9910870.0 0.0005574418052764288
9943960.0 0.0005503227469206918
9977160.0 0.0005432449217282427
10010500.0 0.0005363559479789829
10043900.0 0.0005295095463627333
10077400.0 0.0005228517517266441
10111100.0 0.0005162278637326809
10144800.0 0.0005096479836586754
10178700.0 0.0005032487224225025
10212700.0 0.0004970335241309058
10246800.0 0.0004907088243338687
10281000.0 0.0004847123117228323
10315300.0 0.00047860593301051846
10349700.0 0.00047267996941097233
10384300.0 0.00046692830245802464
10419000.0 0.00046106686526060556
10453700.0 0.00045538740982935315
10488600.0 0.0004498795507117059
10523700.0 0.0004443997781252304
10558800.0 0.00043909808209138866
10594000.0 0.00043382742243879756
10629400.0 0.0004285836076299962
10664900.0 0.0004235108701662763
10700500.0 0.00041832811250438454
10736200.0 0.00041345448508928504
10772100.0 0.00040846673592900243
10808000.0 0.0004036504998666559
10844100.0 0.00039899671468219617
10880300.0 0.00039423272824594906
10916600.0 0.0003896337711152172
10953100.0 0.00038505826659794524
10989700.0 0.00038064578352132566
11026300.0 0.0003762625936125685
11063200.0 0.00037189832112153893
11100100.0 0.00036756306488350135
11137200.0 0.00036338430139202637
11174300.0 0.00035923328588038624
11211600.0 0.00035523680527591966
11249100.0 0.00035112763100804596
11286600.0 0.00034717827291536014
11324300.0 0.0003433810786868224
11362100.0 0.0003394744644020621
11400000.0 0.00033572200607548554
11438100.0 0.0003319886105680489
11476300.0 0.00032827644618924263
11514600.0 0.0003247173707517502
11553000.0 0.00032104896542258746
11591600.0 0.00031752841289977137
11630300.0 0.0003141571239846956
11669100.0 0.00031067736620790236
11708100.0 0.00030734316444362805
11747200.0 0.00030402851345241836
11786400.0 0.00030073330315699877
11825800.0 0.00029745490837246113
11865200.0 0.0002943243351313783
11904800.0 0.0002912095916748377
11944600.0 0.00028811067702061064
11984500.0 0.00028515476112262795
12024500.0 0.00028209173620021694
12064600.0 0.00027917067485646094
12104900.0 0.0002762644024987409
12145300.0 0.0002733751664624466
12185900.0 0.00027050064863172094
12226500.0 0.0002677675451489319
12267400.0 0.0002649241352840819
12308300.0 0.00026222113332317757
12349400.0 0.0002595318327104945
12390600.0 0.000256858300321525
12432000.0 0.0002543187009512211
12473500.0 0.000251674039468833
12515200.0 0.00024916243983889776
12556900.0 0.00024666752166769337
12598900.0 0.0002441833047794922
12640900.0 0.00024183390969092456
12683100.0 0.00023937837801995464
12725500.0 0.00023705293608786634
12768000.0 0.00023474110041567982
12810600.0 0.00023244278972324925
12853300.0 0.00023015792329172325
12896300.0 0.00022788288647614867
12939300.0 0.00022562297062242928
12982500.0 0.00022348978485320028
13025900.0 0.00022136734966069556
13069300.0 0.00021914457506199247
13113000.0 0.00021704560546316774
13156800.0 0.00021495894560340912
13200700.0 0.00021299781665127886
13244700.0 0.00021093517477518945
13289000.0 0.000208994020249059
13333300.0 0.0002069535948464491
13377800.0 0.0002050354162800275
13422500.0 0.00020312693009136426
13467300.0 0.00020122961877259206
13512300.0 0.0001993419373962075
13557400.0 0.00019757564817366786
13602700.0 0.0001957082433109282
13648100.0 0.0001939613970585229
13693600.0 0.00019211551176684033
13739300.0 0.00019038793791057487
13785200.0 0.00018866908124213778
13831200.0 0.00018696028125855327
13877400.0 0.00018526013990717504
13923700.0 0.00018356996275758458
13970200.0 0.00018188838494421914
14016900.0 0.00018032209214736958
14063700.0 0.0001786585862764427
14110600.0 0.00017711085137303413
14157700.0 0.00017557089067805244
14205000.0 0.0001739334055155372
14252400.0 0.00017241051657349826
14300000.0 0.0001708953333899334
14347700.0 0.00016938902322602008
14395600.0 0.00016799425548586145
14443700.0 0.0001665028853642895
14491900.0 0.00016502027669910104
14540300.0 0.0001636481066500412
14588800.0 0.00016218141229457585
14637500.0 0.00016082441707333903
14686400.0 0.00015947424979156853
14735400.0 0.0001580304739738317
14784600.0 0.00015669530896456342
14834000.0 0.00015536690600249223
14883500.0 0.0001540462863146743
14933200.0 0.000152732376254784
14983100.0 0.00015152498034346764
15033100.0 0.00015022511346317717
15083300.0 0.00014893188980013439
15133600.0 0.000147745096131405
15184200.0 0.0001464647731542592
15234900.0 0.00014529017072122333
15285700.0 0.00014412241747569437
15336700.0 0.00014286301867565338
15387900.0 0.00014170732035599025
15439300.0 0.0001405574663225275
15490900.0 0.0001394134431296083
15542600.0 0.00013827612642411808
15594500.0 0.0001371445919357817
15646500.0 0.00013601969484073738
15698800.0 0.00013489967215355567
15751200.0 0.0001338811890050071
15803800.0 0.00013277314330314925
15856500.0 0.00013167161857994847
15909500.0 0.0001306689356085597
15962600.0 0.00012957840517450895
16015900.0 0.00012858688322140105
16069300.0 0.00012760114476253836
16123000.0 0.0001265268185143518
16176800.0 0.00012555130232517645
16230800.0 0.00012458071823302167
16285000.0 0.00012361505275060173
16339400.0 0.0001225627596431557
16393900.0 0.00012160793764485522
16448700.0 0.00012065724239597088
16503600.0 0.00011971213544540665
16558700.0 0.00011886218155726065
16614000.0 0.00011792642477972909
16669400.0 0.00011699617483704431
16725100.0 0.00011607000570201871
16780900.0 0.00011523842350993243
16836900.0 0.00011432216608233259
16893100.0 0.00011341064074358322
16949500.0 0.00011259207079007744
17006100.0 0.00011168967140556729
17062900.0 0.00011087961197081402
17119900.0 0.00010998628202420553
17177000.0 0.00010918531523739777
17234400.0 0.00010838776931804763
17291900.0 0.0001075948959768183
17349600.0 0.00010671984370077341
17407600.0 0.00010593468438918154
17465700.0 0.00010515413774857548
17524000.0 0.00010437757571747695
17582500.0 0.00010360498498934988
17641200.0 0.00010283635250283518
17700100.0 0.00010207166476320438
17759200.0 0.00010131090852476268
17818500.0 0.00010055407020067554
17878000.0 9.980113620474933e-05
17937600.0 9.90526451566471e-05
17997500.0 9.830747275786329e-05
18057600.0 9.764898706504707e-05
18117900.0 9.691125149819561e-05
18178400.0 9.617735206161872e-05
18239100.0 9.552927417378484e-05
18300000.0 9.480273220089856e-05
18361100.0 9.407998509668877e-05
18422400.0 9.344220206550455e-05
18483900.0 9.272673188669648e-05
18545600.0 9.209565866764398e-05
18607500.0 9.138741171976978e-05
18669600.0 9.076299829334097e-05
18731900.0 9.006192052735263e-05
18794500.0 8.944364034627467e-05
18857200.0 8.882899411629518e-05
18920200.0 8.813797549913636e-05
18983300.0 8.752986756233612e-05
19046700.0 8.692441967678589e-05
19110300.0 8.632208573989804e-05
19174100.0 8.57228535353685e-05
19238100.0 8.504896968292401e-05
19302300.0 8.445616297096182e-05
19366800.0 8.386598743064068e-05
19431400.0 8.327930134879976e-05
19496300.0 8.269523074052018e-05
19561400.0 8.211419629675444e-05
19626700.0 8.153618541561587e-05
19692200.0 8.09611857816596e-05
19758000.0 8.038877796348445e-05
19823900.0 7.981976741990501e-05
19890100.0 7.925333201492932e-05
19956500.0 7.876480869069521e-05
20023200.0 7.82036596192371e-05
20090000.0 7.764585017122727e-05
20157100.0 7.709059055574074e-05
20224400.0 7.653825853139217e-05
20291900.0 7.60625452651234e-05
20359600.0 7.551578496216245e-05
20427600.0 7.49715477547772e-05
20495800.0 7.443019557494172e-05
20564200.0 7.396444352253902e-05
20632900.0 7.342822498702166e-05
20701800.0 7.296710578334182e-05
20770900.0 7.24363433699872e-05
20840200.0 7.190841061030448e-05
20909800.0 7.144732647386072e-05
20979600.0 7.09601097321343e-05
21049600.0 7.047545460811587e-05
21119900.0 6.999301799020194e-05
21190400.0 6.951312632763402e-05
21261200.0 6.90424775215775e-05
21332200.0 6.857430992490181e-05
21403400.0 6.81086119625021e-05
21474800.0 6.764537208849458e-05
21546500.0 6.718426695395303e-05
21618500.0 6.673221263212206e-05
21690600.0 6.627595872564324e-05
21763100.0 6.582839032572285e-05
21835700.0 6.53834945827723e-05
21908600.0 6.494748469966957e-05
21981700.0 6.450697601204829e-05
22055100.0 6.407529712099698e-05
22128800.0 6.364561912361081e-05
22202600.0 6.321850897605765e-05
22276800.0 6.27931012811622e-05
22351100.0 6.237023904186242e-05
22425800.0 6.195574296318464e-05
22500600.0 6.154372556236546e-05
22575700.0 6.112700128527824e-05
22651100.0 6.071883899282548e-05
22726700.0 6.0319435042111727e-05
22802600.0 5.991533226541944e-05
22878700.0 5.951339048149175e-05
22955100.0 5.91198564837093e-05
23031800.0 5.872816837283604e-05
23108700.0 5.8338575481932544e-05
23185800.0 5.7951067038842035e-05
23263200.0 5.7565384872165105e-05
23340900.0 5.7187933279539255e-05
23418800.0 5.6806114877507204e-05
23497000.0 5.64324728164945e-05
23575400.0 5.6060833945321655e-05
23654100.0 5.569095232623102e-05
23733100.0 5.53228245106971e-05
23812300.0 5.4956677740904895e-05
23891800.0 5.459853287787072e-05
23971600.0 5.423584571265809e-05
24051600.0 5.3881335531809776e-05
24131900.0 5.352851041226579e-05
24212500.0 5.3177366697310784e-05
24293300.0 5.28281181251241e-05
24374400.0 5.248053913487416e-05
24455800.0 5.2134625895677794e-05
24537500.0 5.179646966831805e-05
24619400.0 5.14540649112453e-05
24701600.0 5.111936458902699e-05
24784000.0 5.078647462026734e-05
24866800.0 5.045497923516906e-05
24949800.0 5.012528230491058e-05
25033100.0 4.9797174916673245e-05
25116700.0 4.947660758297732e-05
25200500.0 4.9151842126390374e-05
25284600.0 4.8834565356256134e-05
25369100.0 4.851273172134085e-05
25453800.0 4.8198531963156e-05
25538700.0 4.788604132572339e-05
25624000.0 4.7574878798264264e-05
25709500.0 4.726541337629103e-05
25795400.0 4.696306919979936e-05
25881500.0 4.665659278855918e-05
25967900.0 4.6351613233157326e-05
26054600.0 4.605386640422625e-05
26141600.0 4.575756947176077e-05
26228900.0 4.546271816928507e-05
26316400.0 4.516947983870881e-05
26404300.0 4.487750517394434e-05
26492400.0 4.458713142264831e-05
26580900.0 4.429801591698994e-05
26669600.0 4.4010489173983276e-05
26758600.0 4.372996764882486e-05
26848000.0 4.344508802383621e-05
26937600.0 4.316733093025727e-05
27027500.0 4.2890939379145025e-05
27117800.0 4.2615751811459114e-05
27208300.0 4.2342079623691255e-05
27299200.0 4.206960554074082e-05
27390300.0 4.179863478238115e-05
27481700.0 4.152900719322009e-05
27573500.0 4.1260568577945456e-05
27665500.0 4.0999021085932986e-05
27757900.0 4.0733232294391884e-05
27850600.0 4.04741412706872e-05
27943500.0 4.0216481442620304e-05
28036800.0 3.995995903634937e-05
28130400.0 3.9704714821999666e-05
28224400.0 3.9450604452062686e-05
28318600.0 3.919790423131146e-05
28413100.0 3.894646840303926e-05
28508000.0 3.869615658762358e-05
28603200.0 3.844710251361915e-05
28698700.0 3.8204512842113654e-05
28794500.0 3.79579427831393e-05
28890600.0 3.7717793107568564e-05
28987000.0 3.7478847884842736e-05
29083800.0 3.724097448998795e-05
29180900.0 3.6999173596037416e-05
29278300.0 3.676370811051675e-05
29376100.0 3.65293066661564e-05
29474200.0 3.63011656043757e-05
29572600.0 3.606911484414711e-05
29671300.0 3.5838240864846465e-05
29770300.0 3.5608538936665486e-05
29869700.0 3.538489293687532e-05
29969500.0 3.515727079995456e-05
30069500.0 3.4935901070492347e-05
30169900.0 3.471553857450974e-05
30270600.0 3.4491355244736275e-05
30371700.0 3.427313150797634e-05
30473100.0 3.40560205023544e-05
30574800.0 3.3840017547777475e-05
30676900.0 3.362500835543478e-05
30779300.0 3.3411099959009077e-05
30882100.0 3.320302306948738e-05
30985200.0 3.2991180596971015e-05
31088600.0 3.2780426892233044e-05
31192400.0 3.2575447520798785e-05
31296500.0 3.236673876300461e-05
31401000.0 3.216376706035673e-05
31505900.0 3.196173603603481e-05
31611000.0 3.1756113693836896e-05
31716600.0 3.1556072211123685e-05
31822500.0 3.135706276868041e-05
31928700.0 3.1159080697672615e-05
32035300.0 3.0962024702025154e-05
32142200.0 3.0765988642698775e-05
32249600.0 3.057077824891965e-05
32357200.0 3.0376675992697923e-05
32465200.0 3.0188095251616185e-05
32573600.0 2.9995805197378726e-05
32682400.0 2.9809002083971198e-05
32791500.0 2.961860665334936e-05
32901000.0 2.9433661887319826e-05
33010800.0 2.9245147652248198e-05
33121000.0 2.906204793938102e-05
33231600.0 2.8879814979767526e-05
33342500.0 2.8698532782862884e-05
33453800.0 2.8518111519276402e-05
33565500.0 2.833409332967641e-05
33677600.0 2.815984330253626e-05
33790000.0 2.7982074838295877e-05
33902800.0 2.7805157055375387e-05
34016000.0 2.762908774098963e-05
34129600.0 2.7453864638847973e-05
34243500.0 2.7283932659494095e-05
34357900.0 2.7110379796376047e-05
34472600.0 2.6942082913771193e-05
34587600.0 2.677034595009051e-05
34703100.0 2.6603673649636805e-05
34819000.0 2.6433508060564423e-05
34935200.0 2.6268527066045488e-05
35051900.0 2.610426756338665e-05
35168900.0 2.5940876897411657e-05
35286300.0 2.5778277558114956e-05
35404100.0 2.561646716046535e-05
35522300.0 2.545544333397078e-05
35640900.0 2.5295203665991313e-05
35759900.0 2.5135745739940793e-05
35879300.0 2.497706710644265e-05
35999000.0 2.4819234244803094e-05
36119200.0 2.4666246833884028e-05
36239800.0 2.4509876780182625e-05
36360800.0 2.4354276096371396e-05
36482200.0 2.4203541768266654e-05
36604000.0 2.404945856721386e-05
36726200.0 2.3900209403848284e-05
36848800.0 2.3751692316192916e-05
36971800.0 2.3599859615084137e-05
37095300.0 2.34527495148939e-05
37219100.0 2.3306427840617315e-05
37343400.0 2.3160766230606655e-05
37468000.0 2.30158868105827e-05
37593100.0 2.2871663586716408e-05
37718600.0 2.272815602631656e-05
37844500.0 2.2585361552064368e-05
37970900.0 2.2443218484932815e-05
38097700.0 2.2301784468154544e-05
38224800.0 2.216111486900773e-05
38352500.0 2.202493272862422e-05
38480500.0 2.1885597172255972e-05
38609000.0 2.1750777563942836e-05
38737900.0 2.161276838648208e-05
38867200.0 2.1479301556530376e-05
38997000.0 2.134261094367292e-05
39127100.0 2.1210487052444107e-05
39257800.0 2.10751070516351e-05
39388800.0 2.0944263003466815e-05
39520300.0 2.0814023060812467e-05
39652300.0 2.0684386144033494e-05
39784700.0 2.0555402797515942e-05
39917500.0 2.0427070402885076e-05
40050700.0 2.029565207272681e-05
40184500.0 2.0172247531144358e-05
40318600.0 2.004580342680805e-05
40453200.0 1.9919951429625728e-05
40588300.0 1.9794690299957577e-05
40723800.0 1.967006707576797e-05
40859700.0 1.954607906345353e-05
40996100.0 1.942632434072174e-05
41133000.0 1.930349316688535e-05
41270300.0 1.9184914891075792e-05
41408100.0 1.9063280911405184e-05
41546400.0 1.8942225838723664e-05
41685100.0 1.882538125569134e-05
41824200.0 1.8709132721660884e-05
41963900.0 1.858982501759086e-05
42104000.0 1.8474685702092688e-05
42244500.0 1.8360136240139688e-05
42385600.0 1.8246087919996663e-05
42527100.0 1.8129109029445952e-05
42669000.0 1.8016242287502214e-05
42811500.0 1.7903872812460704e-05
42954400.0 1.7792083225832857e-05
43097800.0 1.7680829844930745e-05
43241700.0 1.757011119511947e-05
43386100.0 1.745992578397448e-05
43530900.0 1.7353747663807244e-05
43676300.0 1.724461236410676e-05
43822100.0 1.7136044868534398e-05
43968400.0 1.702800376368761e-05
44115200.0 1.6923877685366446e-05
44262400.0 1.681691136823378e-05
44410200.0 1.671379606390825e-05
44558500.0 1.660782196140182e-05
44707200.0 1.650574858398971e-05
44856500.0 1.640079836888306e-05
45006200.0 1.6299722711331733e-05
45156500.0 1.6195789958153328e-05
45307300.0 1.6095670179688438e-05
45458500.0 1.5996073909917856e-05
45610300.0 1.5896928854902507e-05
45762600.0 1.5795000789951624e-05
45915300.0 1.569686948570326e-05
46068600.0 1.5599185559005086e-05
46222400.0 1.5501981900663065e-05
46376700.0 1.5405256876121742e-05
46531600.0 1.5308975942335396e-05
46686900.0 1.5213203561382577e-05
46842800.0 1.51178725814086e-05
46999200.0 1.5026196392601058e-05
47156100.0 1.493179838730391e-05
47313500.0 1.4837869664428723e-05
47471500.0 1.4744377464780144e-05
47630000.0 1.4654491761555899e-05
47789000.0 1.4561920339077645e-05
47948500.0 1.4469811976713675e-05
48108600.0 1.438124383954146e-05
48269200.0 1.4290016737177129e-05
48430300.0 1.420233621758723e-05
48592000.0 1.4111984940828874e-05
48754300.0 1.402512804210363e-05
48917000.0 1.3938733527740157e-05
49080300.0 1.3849695224611893e-05
49244200.0 1.3764116879161554e-05
49408600.0 1.3678967878245805e-05
49573500.0 1.3594246527123154e-05
49739100.0 1.3509896804134772e-05
49905100.0 1.3423002393171468e-05
50071700.0 1.3339511234182533e-05
50238900.0 1.3256415496843557e-05
50406600.0 1.317374035465279e-05
50574900.0 1.3091458184275387e-05
50743700.0 1.3009593634321759e-05
50913100.0 1.2931057110983923e-05
51083100.0 1.2849962742868291e-05
51253700.0 1.2769256849421503e-05
51424800.0 1.2688963064341148e-05
51596500.0 1.260905518395756e-05
51768700.0 1.2532445341282209e-05
51941500.0 1.2453320200169111e-05
52115000.0 1.2374553568357124e-05
52288900.0 1.2299075837988818e-05
52463500.0 1.222108465195454e-05
52638700.0 1.214631368219304e-05
52814400.0 1.2069092711279769e-05
52990700.0 1.1995070408403889e-05
53167600.0 1.1921404481123876e-05
53345100.0 1.1845290251368412e-05
53523200.0 1.1772343215991923e-05
53701900.0 1.16997493170276e-05
53881200.0 1.1624731742439137e-05
54061100.0 1.155285007899531e-05
54241600.0 1.1481318229281416e-05
54422700.0 1.1410135078289179e-05
54604400.0 1.13392995030625e-05
54786700.0 1.126881037295182e-05
54969600.0 1.1198666549048436e-05
55153100.0 1.1128866885529593e-05
55337200.0 1.1059410229086176e-05
55522000.0 1.0990275624414053e-05
55707300.0 1.0921501683591885e-05
55893300.0 1.0853047829668307e-05
56079900.0 1.0784932672448432e-05
56267100.0 1.0717155021269661e-05
56455000.0 1.0649694815904337e-05
56643400.0 1.0585229129937662e-05
56832500.0 1.0518429688088052e-05
57022300.0 1.0451944989904254e-05
57212700.0 1.0388406589439144e-05
57403700.0 1.032257637128119e-05
57595300.0 1.0259672649345648e-05
57787600.0 1.019447444988756e-05
57980500.0 1.0132183382638402e-05
58174100.0 1.0067613357344366e-05
58368300.0 1.000593118393351e-05
58563200.0 9.94198542314223e-06
58758700.0 9.880908319265375e-06
58954900.0 9.820119694899487e-06
59151700.0 9.757106933701086e-06
59349200.0 9.696917720319295e-06
59547300.0 9.637030664839297e-06
59746100.0 9.577428536171438e-06
59945600.0 9.518110587291136e-06
60145700.0 9.456605170387449e-06
60346500.0 9.397877004420925e-06
60548000.0 9.339430396029768e-06
60750100.0 9.281279843247823e-06
60952900.0 9.223408986147806e-06
61156400.0 9.165817029668255e-06
61360600.0 9.108503169699101e-06
61565400.0 9.051481296248765e-06
61771000.0 8.997142233649889e-06
61977200.0 8.940663985000582e-06
62184100.0 8.884460287236916e-06
62391700.0 8.828530300968173e-06
62600000.0 8.772873178838767e-06
62809000.0 8.719869243960772e-06
63018700.0 8.66474735896226e-06
63229100.0 8.609895782741454e-06
63440200.0 8.557671126511565e-06
63652000.0 8.503349695947053e-06
63864500.0 8.45163778350976e-06
64077700.0 8.397843060631356e-06
64291600.0 8.346640535696033e-06
64506300.0 8.29335617956717e-06
64721600.0 8.242659763039028e-06
64937700.0 8.189895472055857e-06
65154500.0 8.139689224906501e-06
65372000.0 8.089729364218073e-06
65590200.0 8.037734830642908e-06
65809200.0 7.988260630918464e-06
66028900.0 7.939030453645124e-06
66249400.0 7.890031522460483e-06
66470500.0 7.83903688779564e-06
66692500.0 7.79051779268405e-06
66915100.0 7.742251215525136e-06
67138500.0 7.69421301861595e-06
67362700.0 7.646402641056665e-06
67587500.0 7.598841999512111e-06
67813200.0 7.551496465000704e-06
68039600.0 7.50438783493293e-06
68266700.0 7.457515201218449e-06
68494700.0 7.4108560144842195e-06
68723300.0 7.364442131105596e-06
68952800.0 7.318240483009855e-06
69183000.0 7.2722717841833224e-06
69413900.0 7.226535107930594e-06
69645700.0 7.183156334331263e-06
69878200.0 7.137853545128002e-06
70111500.0 7.092770288474677e-06
70345500.0 7.04791593745978e-06
70580400.0 7.0053886968490425e-06
70816000.0 6.960962817403819e-06
71052400.0 6.91885859862203e-06
71289700.0 6.874848893892339e-06
71527700.0 6.8310643525389645e-06
71766500.0 6.789578529251398e-06
72006100.0 6.746215862720812e-06
72246400.0 6.705145998459164e-06
72487600.0 6.662202450849811e-06
72729600.0 6.621527304173208e-06
72972500.0 6.581040776347457e-06
73216100.0 6.5387176397009866e-06
73460500.0 6.4986403635353205e-06
73705800.0 6.458750007066763e-06
73951800.0 6.417041137793994e-06
74198700.0 6.377547162676555e-06
74446400.0 6.3382470410875455e-06
74695000.0 6.297129407091134e-06
74944400.0 6.2582133813595035e-06
75194600.0 6.219489335647641e-06
75445600.0 6.180956592214483e-06
75697500.0 6.142606354686851e-06
75950200.0 6.104446208294314e-06
76203800.0 6.066467502729283e-06
76458200.0 6.028677658834821e-06
76713400.0 5.99107597955522e-06
76969500.0 5.953654031015587e-06
77226500.0 5.91641133329229e-06
77484300.0 5.879354988310405e-06
77743000.0 5.842476771040256e-06
78002500.0 5.805783628745559e-06
78263000.0 5.769260102557073e-06
78524200.0 5.732927801832645e-06
78786400.0 5.698662389944766e-06
79049400.0 5.662674990883461e-06
79313300.0 5.626862409325319e-06
79578100.0 5.591224121331074e-06
79843800.0 5.557632746339399e-06
80110400.0 5.5223352198007795e-06
80377800.0 5.487217233023087e-06
80646200.0 5.454119035365786e-06
80915400.0 5.419338475371448e-06
81185500.0 5.3865710712812505e-06
81456600.0 5.3521191852797525e-06
81728500.0 5.319673759827328e-06
82001400.0 5.28555515881683e-06
82275100.0 5.253429628801321e-06
82549800.0 5.219642131025177e-06
82825400.0 5.187828120843259e-06
83101900.0 5.15436957747245e-06
83379400.0 5.122865245402904e-06
83657700.0 5.091521231099301e-06
83937000.0 5.0585429744332355e-06
84217300.0 5.027499657580421e-06
84498400.0 4.9966149912861375e-06
84780500.0 4.964112480225513e-06
85063600.0 4.933525778324738e-06
85347500.0 4.903096032859183e-06
85632500.0 4.872805464592884e-06
85918400.0 4.84266512428182e-06
86205200.0 4.812674461591599e-06
86493000.0 4.781098244498613e-06
86781800.0 4.751400129160303e-06
87071500.0 4.721850215351986e-06
87362200.0 4.692442570222836e-06
87653800.0 4.663182104947217e-06
87946500.0 4.634057715462507e-06
88240100.0 4.605079574594547e-06
88534700.0 4.576241941888109e-06
88830300.0 4.547544393633007e-06
89126800.0 4.518991572086005e-06
89424400.0 4.4922453229938405e-06
89722900.0 4.463964806741502e-06
90022500.0 4.435817637324493e-06
90323000.0 4.407813276278478e-06
90624600.0 4.3799414713611295e-06
90927100.0 4.353856314344668e-06
91230700.0 4.3262526078640415e-06
91535200.0 4.298789745414604e-06
91840800.0 4.2714578313966305e-06
92147500.0 4.2458795847008655e-06
92455100.0 4.218812313738481e-06
92763800.0 4.191874844083911e-06
93073400.0 4.166682685843838e-06
93384200.0 4.140002801430193e-06
93695900.0 4.115056627288827e-06
94008700.0 4.08863711086827e-06
94322600.0 4.063931064272474e-06
94637500.0 4.037765891170295e-06
94953500.0 4.013302871043082e-06
95270500.0 3.987390425066127e-06
95588500.0 3.9631730190944485e-06
95907600.0 3.937511620172732e-06
96227800.0 3.913529916602283e-06
96549100.0 3.889662966886897e-06
96871400.0 3.8643705375158735e-06
97194800.0 3.840741158357698e-06
97519300.0 3.817225445529961e-06
97844900.0 3.7922945266070308e-06
98171600.0 3.76901021659862e-06
98499300.0 3.7458423363033547e-06
98828100.0 3.7212733359781128e-06
99158100.0 3.6983308275701747e-06
99489100.0 3.6755035746749513e-06
99821300.0 3.6527837981682515e-06
100155000.0 3.6301603695559968e-06
100489000.0 3.6076764290159676e-06
100824000.0 3.5853058928357877e-06
101161000.0 3.561534649592062e-06
101499000.0 3.539359908499277e-06
101838000.0 3.5172978261518215e-06
102178000.0 3.495347928986924e-06
102519000.0 3.473509743149058e-06
102861000.0 3.4517827945263083e-06
103204000.0 3.4301666088440224e-06
103549000.0 3.4100721271019565e-06
103895000.0 3.3886389466638393e-06
104241000.0 3.367348049596595e-06
104589000.0 3.346134036216556e-06
104939000.0 3.3249973545555798e-06
105289000.0 3.3040011973573107e-06
105641000.0 3.28308201122102e-06
105993000.0 3.2623017692323615e-06
106347000.0 3.243004461107142e-06
106702000.0 3.2224033299019537e-06
107058000.0 3.2019089165595783e-06
107416000.0 3.1814911137295006e-06
107774000.0 3.162596669646434e-06
108134000.0 3.142386096517271e-06
108495000.0 3.122280868677104e-06
108857000.0 3.1036543984513656e-06
109221000.0 3.083725579696577e-06
109585000.0 3.065293932076774e-06
109951000.0 3.045568664550103e-06
110318000.0 3.0259468529773827e-06
110687000.0 3.0077520299253176e-06
111056000.0 2.988331415039708e-06
111427000.0 2.9703283552436133e-06
111799000.0 2.9510806208913095e-06
112172000.0 2.9332677169668315e-06
112547000.0 2.9141922134121815e-06
112922000.0 2.896567852650257e-06
113299000.0 2.8790093387632666e-06
113678000.0 2.8602013034257106e-06
114057000.0 2.8428295307424408e-06
114438000.0 2.8242165407266364e-06
114820000.0 2.8070051951422493e-06
115203000.0 2.789883774943286e-06
115588000.0 2.771533941478066e-06
115974000.0 2.754571794088507e-06
116361000.0 2.737698655642096e-06
116750000.0 2.720890769098201e-06
117139000.0 2.7029177472615867e-06
117530000.0 2.6862905302563314e-06
117923000.0 2.669728297665148e-06
118316000.0 2.6532760917382932e-06
118711000.0 2.636888393629437e-06
119108000.0 2.6193097256683146e-06
119505000.0 2.603099341721548e-06
119904000.0 2.5869531530221298e-06
120305000.0 2.5708713261086178e-06
120706000.0 2.554896350773985e-06
121109000.0 2.5389852360026724e-06
121514000.0 2.523138132047095e-06
121919000.0 2.5073963123720966e-06
122326000.0 2.491717991597144e-06
122735000.0 2.4761033044537492e-06
123145000.0 2.4605723586474894e-06
123556000.0 2.4451246976201825e-06
123968000.0 2.4297598668541e-06
124382000.0 2.41445800202347e-06
124797000.0 2.399238437175482e-06
125214000.0 2.3840816784121107e-06
125632000.0 2.3701971363544146e-06
126051000.0 2.355199488072155e-06
126472000.0 2.340264206377571e-06
126894000.0 2.3254097021686223e-06
127318000.0 2.3106173737137063e-06
127743000.0 2.2959052693766254e-06
128170000.0 2.282422019070367e-06
128597000.0 2.2678653018751686e-06
129027000.0 2.2533525406793396e-06
129458000.0 2.2400741678730076e-06
129890000.0 2.225715341188633e-06
130323000.0 2.211434740690246e-06
130758000.0 2.1972151130597183e-06
131195000.0 2.184196479398792e-06
131633000.0 2.170111606969403e-06
132072000.0 2.1572362387293693e-06
132513000.0 2.143285176299262e-06
132956000.0 2.129394631411284e-06
133400000.0 2.1167016190155634e-06
133845000.0 2.1029596923579565e-06
134292000.0 2.0903914111741527e-06
134740000.0 2.0767811150094537e-06
135190000.0 2.0643367911984798e-06
135641000.0 2.050857298693523e-06
136094000.0 2.0385361457363056e-06
136549000.0 2.0251717864488386e-06
137004000.0 2.012987837118203e-06
137462000.0 1.9997528748782057e-06
137921000.0 1.9876757930644916e-06
138381000.0 1.975664552387882e-06
138843000.0 1.9626274315373795e-06
139307000.0 1.9507223890090535e-06
139772000.0 1.938882517356263e-06
140238000.0 1.926040953738445e-06
140707000.0 1.9143065706795503e-06
141176000.0 1.9026501530879078e-06
141648000.0 1.889975023073298e-06
142121000.0 1.8784232128961768e-06
142595000.0 1.8669349473210425e-06
143071000.0 1.8554968664961497e-06
143549000.0 1.8430670798293176e-06
144028000.0 1.8317454912735083e-06
144509000.0 1.8204737628131636e-06
144991000.0 1.809264343063291e-06
145475000.0 1.7981044835284919e-06
145961000.0 1.7859694973229223e-06
146448000.0 1.7749241858882935e-06
146937000.0 1.7639280817710076e-06
147428000.0 1.752981142855495e-06
147920000.0 1.7420951007647223e-06
148414000.0 1.7312579047989475e-06
148909000.0 1.7204810593083315e-06
149407000.0 1.7097412935020295e-06
149905000.0 1.6990728849435755e-06
150406000.0 1.688441446462745e-06
150908000.0 1.6778694805834317e-06
151412000.0 1.6673455931834563e-06
151917000.0 1.6568806278053307e-06
152424000.0 1.64646340284343e-06
152933000.0 1.6360938521817496e-06
153444000.0 1.6257719068612395e-06
153956000.0 1.6155079883675892e-06
154470000.0 1.605291326725712e-06
154986000.0 1.5951218472734368e-06
155503000.0 1.585009665432313e-06
156022000.0 1.5759028899975617e-06
156543000.0 1.5658810939192408e-06
157066000.0 1.5559059724516791e-06
157590000.0 1.545987250795045e-06
158116000.0 1.5361148412335682e-06
158644000.0 1.527231391905531e-06
159174000.0 1.5174482033570607e-06
159705000.0 1.507720507851026e-06
160238000.0 1.4980385859337797e-06
160773000.0 1.4893325980979966e-06
161310000.0 1.4797388455718836e-06
161849000.0 1.4701905885386495e-06
162389000.0 1.4606967217673533e-06
162931000.0 1.4521659024590074e-06
163475000.0 1.4427591132603487e-06
164021000.0 1.4333972444194485e-06
164569000.0 1.4249889841487968e-06
165118000.0 1.4157221836448495e-06
165669000.0 1.40740258119824e-06
166222000.0 1.398221544757696e-06
166777000.0 1.3890847359102048e-06
167334000.0 1.3808858194171969e-06
167893000.0 1.3718341508850263e-06
168453000.0 1.3637223071123738e-06
169016000.0 1.3547552728125076e-06
169580000.0 1.3467217826196213e-06
170146000.0 1.3378468097182037e-06
170714000.0 1.3298911981048421e-06
171284000.0 1.321099748855399e-06
171856000.0 1.313221604665536e-06
172430000.0 1.3045132255470534e-06
173005000.0 1.2967196219157283e-06
173583000.0 1.2880937740487506e-06
174162000.0 1.280376570601833e-06
174744000.0 1.2726886588243865e-06
175327000.0 1.264191541455579e-06
175912000.0 1.2565866632107536e-06
176500000.0 1.2481636061835657e-06
177089000.0 1.2406340269573577e-06
177680000.0 1.233140488011027e-06
178273000.0 1.2248439489012275e-06
178869000.0 1.2174181552556132e-06
179466000.0 1.210034941013115e-06
180065000.0 1.2026873264310497e-06
180666000.0 1.1945473792964494e-06
181269000.0 1.1872733867314081e-06
181874000.0 1.1800346517334168e-06
182482000.0 1.172824634543718e-06
183091000.0 1.164839278590795e-06
183702000.0 1.157708413996095e-06
184315000.0 1.1506123418026419e-06
184931000.0 1.1435447625995258e-06
185548000.0 1.1365179856626656e-06
186168000.0 1.1287162272753469e-06
186789000.0 1.1217609458390788e-06
187413000.0 1.1148339124034864e-06
188038000.0 1.1079469614557355e-06
188666000.0 1.1010881316779522e-06
189296000.0 1.0942632499661224e-06
189928000.0 1.0874721940868436e-06
190562000.0 1.080714841327025e-06
191198000.0 1.0739910684520733e-06
191837000.0 1.0665155715688609e-06
192477000.0 1.0598612323419946e-06
193120000.0 1.0532346371785659e-06
193764000.0 1.0466466208705396e-06
194411000.0 1.0400862017107763e-06
195060000.0 1.0335587064325023e-06
195711000.0 1.0270640075987473e-06
196365000.0 1.020596780012164e-06
197020000.0 1.0141673404807792e-06
197678000.0 1.0085217953172923e-06
198338000.0 1.002149533476499e-06
199000000.0 9.958095320941788e-07
199665000.0 9.894967049949727e-07
200331000.0 9.832189698401583e-07
201000000.0 9.76972064852138e-07
201671000.0 9.7075508006119e-07
202344000.0 9.645697943518786e-07
203020000.0 9.584113544732736e-07
203698000.0 9.522844402094498e-07
204378000.0 9.469206956541144e-07
205060000.0 9.408539971399746e-07
205745000.0 9.348138879233973e-07
206432000.0 9.288048659521059e-07
207121000.0 9.228267959588859e-07
207812000.0 9.175992283448682e-07
208506000.0 9.116758921022807e-07
209202000.0 9.057831965119936e-07
209901000.0 8.999167178561606e-07
210601000.0 8.94795091335405e-07
211304000.0 8.889869749207337e-07
212010000.0 8.832048793317455e-07
212718000.0 8.774529150600586e-07
213428000.0 8.72431692288014e-07
214140000.0 8.667372463835229e-07
214855000.0 8.61068519045351e-07
215573000.0 8.561192667719902e-07
216292000.0 8.505074686768754e-07
217014000.0 8.449211762118052e-07
217739000.0 8.400472408299716e-07
218466000.0 8.345134203525781e-07
219195000.0 8.296910555785687e-07
219927000.0 8.242093678691703e-07
220661000.0 8.187566283454315e-07
221398000.0 8.140045456805299e-07
222137000.0 8.086034344782535e-07
222879000.0 8.038983626186947e-07
223623000.0 7.985485655881057e-07
224369000.0 7.938937550205437e-07
225118000.0 7.88594917512688e-07
225870000.0 7.839829666561111e-07
226624000.0 7.787348003712398e-07
227381000.0 7.741689826215732e-07
228140000.0 7.68971158754894e-07
228901000.0 7.644545117611333e-07
229666000.0 7.5930335756185e-07
230432000.0 7.548321715570886e-07
231202000.0 7.497307535296291e-07
231973000.0 7.453047195850364e-07
232748000.0 7.402526957815468e-07
233525000.0 7.35868350183729e-07
234305000.0 7.315037174439161e-07
235087000.0 7.265256744841686e-07
235872000.0 7.222055321388326e-07
236659000.0 7.172760216115306e-07
237449000.0 7.130000464853664e-07
238242000.0 7.087435048286778e-07
239037000.0 7.038836364228363e-07
239835000.0 6.996708355289914e-07
240636000.0 6.954773054691935e-07
241439000.0 6.906864243199963e-07
242245000.0 6.865361994723723e-07
243054000.0 6.824050773948326e-07
243866000.0 6.782930204336088e-07
244680000.0 6.735915009149594e-07
245497000.0 6.695221957258549e-07
246316000.0 6.654744820651036e-07
247139000.0 6.614428907001143e-07
247964000.0 6.568296094910735e-07
248792000.0 6.528402011655583e-07
249622000.0 6.488720600304404e-07
250456000.0 6.44919919704879e-07
251292000.0 6.403937496339449e-07
252131000.0 6.36483209814342e-07
252972000.0 6.325936080462879e-07
253817000.0 6.287198739860676e-07
254664000.0 6.248669395615692e-07
255515000.0 6.210298273590305e-07
256368000.0 6.166299969633474e-07
257223000.0 6.128360259494068e-07
258082000.0 6.090577535204668e-07
258944000.0 6.052975360902508e-07
259808000.0 6.015576395907297e-07
260676000.0 5.978333612155422e-07
261546000.0 5.941292595176628e-07
262419000.0 5.904429685028146e-07
263295000.0 5.867744370121881e-07
264174000.0 5.831236133565664e-07
265056000.0 5.789261897842801e-07
265941000.0 5.753125024022066e-07
266829000.0 5.717163585788211e-07
267720000.0 5.681377046364144e-07
268614000.0 5.645764864351579e-07
269510000.0 5.610347310655473e-07
270410000.0 5.57508200183639e-07
271313000.0 5.539989401681454e-07
272219000.0 5.505068951695943e-07
273127000.0 5.472530444277385e-07
274039000.0 5.437945121238079e-07
274954000.0 5.404074219036834e-07
275872000.0 5.369827467977419e-07
276793000.0 5.336290379415136e-07
277717000.0 5.302918448395456e-07
278644000.0 5.269174370023559e-07
279575000.0 5.236114112150342e-07
280508000.0 5.203236209487822e-07
281445000.0 5.17050280657355e-07
282384000.0 5.137950245561614e-07
283327000.0 5.106069245806181e-07
284273000.0 5.073820098829651e-07
285222000.0 5.041731846430764e-07
286174000.0 5.010326513827348e-07
287129000.0 4.97855653562544e-07
288088000.0 4.947447649969609e-07
289050000.0 4.916494162433118e-07
290015000.0 4.885179792087849e-07
290983000.0 4.85453705704184e-07
291955000.0 4.824031427922265e-07
292929000.0 4.793695518734534e-07
293907000.0 4.763495846227641e-07
294888000.0 4.733955508750254e-07
295873000.0 4.7040419745488084e-07
296861000.0 4.6742797140985653e-07
297852000.0 4.645170247625087e-07
298846000.0 4.615707045324221e-07
299844000.0 4.5868767961242206e-07
300845000.0 4.55819237297339e-07
301849000.0 4.5291577030899885e-07
302857000.0 4.5007499311890385e-07
303868000.0 4.472486475383137e-07
304883000.0 4.4443521570350833e-07
305900000.0 4.416375668801658e-07
306922000.0 4.3885130928315065e-07
307946000.0 4.361292801947127e-07
308974000.0 4.333712777071875e-07
310006000.0 4.306260104565976e-07
311041000.0 4.279429167498753e-07
312079000.0 4.252256082859068e-07
313121000.0 4.2256868232870007e-07
314167000.0 4.1992403451279696e-07
315215000.0 4.1724684418648044e-07
316268000.0 4.1462813108369606e-07
317324000.0 4.1202290256351524e-07
318383000.0 4.094310980938111e-07
319446000.0 4.0685138356995667e-07
320512000.0 4.0428499665340114e-07
321583000.0 4.017758853875649e-07
322656000.0 3.99234603795452e-07
323733000.0 3.9670526666639453e-07
324814000.0 3.9423389323451514e-07
325899000.0 3.9172821508722603e-07
326987000.0 3.8928133311790796e-07
328078000.0 3.868471429830385e-07
329174000.0 3.8442324934260543e-07
330272000.0 3.8196784605079577e-07
331375000.0 3.7956812117556083e-07
332481000.0 3.7718091517429553e-07
333591000.0 3.748050443858738e-07
334705000.0 3.724404812151571e-07
335823000.0 3.7013173279013634e-07
336944000.0 3.6779064356226856e-07
338069000.0 3.654607559645245e-07
339197000.0 3.6318720373012877e-07
340330000.0 3.608794747670235e-07
341466000.0 3.586277090051458e-07
342606000.0 3.563430616713184e-07
343750000.0 3.5411295599273946e-07
344897000.0 3.5189458376905045e-07
346049000.0 3.496884581368184e-07
347204000.0 3.474888006174302e-07
348363000.0 3.4530234027512744e-07
349526000.0 3.4312645354309495e-07
350693000.0 3.409611096798151e-07
351864000.0 3.388062776322185e-07
353039000.0 3.366619260436433e-07
354217000.0 3.3457119019185967e-07
355400000.0 3.324475546202294e-07
356586000.0 3.3037717263085625e-07
357777000.0 3.2827412638483205e-07
358971000.0 3.262239726420882e-07
360170000.0 3.24182911544604e-07
361372000.0 3.221113337147281e-07
362579000.0 3.2009032639749045e-07
363789000.0 3.180801069376541e-07
365004000.0 3.1607888568470267e-07
366222000.0 3.1408837032817735e-07
367445000.0 3.1210680435491655e-07
368671000.0 3.1013586176891704e-07
369902000.0 3.0821425078481e-07
371137000.0 3.0626178840109955e-07
372376000.0 3.0431900801793197e-07
373619000.0 3.024259056135512e-07
374867000.0 3.005014525083443e-07
376118000.0 2.9862715290730417e-07
377374000.0 2.9672171656064036e-07
378634000.0 2.9486530677408537e-07
379898000.0 2.9301812608908853e-07
381166000.0 2.9118014084345526e-07
382439000.0 2.893505606505351e-07
383716000.0 2.8753012270669843e-07
384997000.0 2.857187927812867e-07
386282000.0 2.8391653653149787e-07
387572000.0 2.8212259158131545e-07
388866000.0 2.80337665325322e-07
390164000.0 2.785617229275129e-07
391466000.0 2.768329343954803e-07
392773000.0 2.7507402748178756e-07
394085000.0 2.7336127086256786e-07
395400000.0 2.716199947595299e-07
396720000.0 2.6992455978987346e-07
398045000.0 2.681994268484258e-07
399374000.0 2.6652052034384346e-07
400707000.0 2.648501067452603e-07
402045000.0 2.6318749681128613e-07
403387000.0 2.61533323055562e-07
404734000.0 2.598869084863996e-07
406085000.0 2.582488726532733e-07
407441000.0 2.5661855062039654e-07
408801000.0 2.5499654921403185e-07
410166000.0 2.533822153647925e-07
411535000.0 2.5177614341279725e-07
412909000.0 2.502139128549725e-07
414287000.0 2.486235435220122e-07
415671000.0 2.4707613314111824e-07
417058000.0 2.4550136616722797e-07
418451000.0 2.4396928226905824e-07
419848000.0 2.424094328590091e-07
421249000.0 2.4089314616957463e-07
422656000.0 2.3938351352469917e-07
424067000.0 2.378816546878971e-07
425482000.0 2.363875346606435e-07
426903000.0 2.3486498444541146e-07
428328000.0 2.333852744127093e-07
429758000.0 2.3194748001042962e-07
431193000.0 2.3048186421923504e-07
432632000.0 2.2902385362678206e-07
434077000.0 2.2757236436454645e-07
435526000.0 2.2612842992215507e-07
436980000.0 2.2472572627128603e-07
438439000.0 2.2329566765292026e-07
439903000.0 2.2190657150748844e-07
441371000.0 2.2049080680408493e-07
442845000.0 2.1911523261126504e-07
444323000.0 2.177131648594213e-07
445807000.0 2.1635103048103216e-07
447295000.0 2.149960118970976e-07
448788000.0 2.1364759850393056e-07
450287000.0 2.1230529802826132e-07
451790000.0 2.1093693330398755e-07
453298000.0 2.0960832475175957e-07
454812000.0 2.0828577893552225e-07
456330000.0 2.070029691602133e-07
457853000.0 2.0569375370004048e-07
459382000.0 2.0439054971411402e-07
460916000.0 2.030937889002411e-07
462454000.0 2.018038855771989e-07
463998000.0 2.005521733465126e-07
465547000.0 1.9927449779383072e-07
467102000.0 1.9803477153206716e-07
468661000.0 1.967696803194439e-07
470226000.0 1.955422889758393e-07
471796000.0 1.9432098110990773e-07
473371000.0 1.9307414036723672e-07
474951000.0 1.91865038977855e-07
476537000.0 1.9066155483284227e-07
478128000.0 1.894640736020481e-07
479724000.0 1.8827257300243881e-07
481325000.0 1.8708703067339902e-07
482932000.0 1.8590703922438489e-07
484545000.0 1.8473258726140482e-07
486162000.0 1.8356441828535383e-07
487785000.0 1.824017506695079e-07
489414000.0 1.8124457244423452e-07
491048000.0 1.8009323814804107e-07
492687000.0 1.789780805374584e-07
494332000.0 1.7783790406785399e-07
495982000.0 1.7673366362759037e-07
497638000.0 1.756045743718651e-07
499300000.0 1.745108225727905e-07
500967000.0 1.7339276153700195e-07
502639000.0 1.7231014849346463e-07
504317000.0 1.712326768447343e-07
506001000.0 1.701307766512167e-07
507690000.0 1.6906398053146904e-07
509385000.0 1.6800228007450307e-07
511086000.0 1.6694566197370877e-07
512792000.0 1.6589443625337194e-07
514504000.0 1.648482595179012e-07
516222000.0 1.6380711801273933e-07
517945000.0 1.6277131207859218e-07
519674000.0 1.617405073071204e-07
521409000.0 1.6071468953187327e-07
523150000.0 1.5972243265916357e-07
524896000.0 1.5870675296717895e-07
526649000.0 1.5769571187884025e-07
528407000.0 1.5671820028278605e-07
530171000.0 1.5571719919923956e-07
531941000.0 1.547492077283698e-07
533717000.0 1.537578856736541e-07
535499000.0 1.5279935641273344e-07
537287000.0 1.518176537298058e-07
539080000.0 1.5086880036109866e-07
540880000.0 1.4992431205209926e-07
542686000.0 1.4898443481929894e-07
544498000.0 1.4802169365955396e-07
546315000.0 1.470913689828695e-07
548139000.0 1.4616534553737813e-07
549969000.0 1.452438799807797e-07
551805000.0 1.443269570243128e-07
553648000.0 1.4341430225064912e-07
555496000.0 1.425064207557459e-07
557351000.0 1.4162961531876344e-07
559211000.0 1.407306237166464e-07
561078000.0 1.3983584797637936e-07
562951000.0 1.3894552634703078e-07
564831000.0 1.3808587706059254e-07
566717000.0 1.3720408796225967e-07
568609000.0 1.363530125994261e-07
570507000.0 1.3547994193388224e-07
572412000.0 1.3463714292559814e-07
574323000.0 1.3377249622260255e-07
576240000.0 1.3293815488602465e-07
578164000.0 1.320818789534874e-07
580094000.0 1.312557076727792e-07
582031000.0 1.3043344686145103e-07
583974000.0 1.2961530912971502e-07
585923000.0 1.2880127859326266e-07
587879000.0 1.2799112160954758e-07
589842000.0 1.271594726596026e-07
591811000.0 1.2635733147237763e-07
593787000.0 1.2555902995436615e-07
595769000.0 1.2478987103184286e-07
597758000.0 1.239993403656645e-07
599754000.0 1.2321261504188015e-07
601756000.0 1.2242988810310433e-07
603765000.0 1.2165094162284252e-07
605781000.0 1.2090045366920924e-07
607803000.0 1.2012915162930431e-07
609833000.0 1.1936139856535293e-07
611869000.0 1.1862201995297439e-07
613911000.0 1.1786203171170626e-07
615961000.0 1.1712984215799683e-07
618017000.0 1.1637718012458502e-07
620081000.0 1.1565213687304117e-07
622151000.0 1.149307959638236e-07
624228000.0 1.1418899931321968e-07
626312000.0 1.134747340281266e-07
628403000.0 1.1276395016248419e-07
630501000.0 1.1205663675281571e-07
632606000.0 1.1132914097069226e-07
634718000.0 1.106288139114571e-07
636837000.0 1.0993192365330331e-07
638963000.0 1.0923845890757393e-07
641096000.0 1.0854840831064555e-07
643236000.0 1.078617604264734e-07
645384000.0 1.0717833767967515e-07
647538000.0 1.0652155884622016e-07
649700000.0 1.0584481164774528e-07
651869000.0 1.05171424140328e-07
654046000.0 1.045012247430729e-07
656229000.0 1.0383452269512507e-07
658420000.0 1.0319370292645028e-07
660618000.0 1.0253340786388615e-07
662824000.0 1.0189882642052628e-07
665036000.0 1.0124505241635825e-07
667257000.0 1.0061667028733208e-07
669484000.0 9.996922185044102e-08
671719000.0 9.93471487459336e-08
673962000.0 9.870583855453429e-08
676212000.0 9.808988490451977e-08
678470000.0 9.747686727225112e-08
680735000.0 9.686692035133833e-08
683007000.0 9.623813515940464e-08
685288000.0 9.563408795715606e-08
687575000.0 9.503321929267731e-08
689871000.0 9.44351025660473e-08
692174000.0 9.384000486802545e-08
694485000.0 9.324777988970199e-08
696803000.0 9.265855242284213e-08
699130000.0 9.207204695991826e-08
701464000.0 9.148851983605948e-08
703806000.0 9.090782966538453e-08
706155000.0 9.03300958743465e-08
708513000.0 8.97550528217246e-08
710878000.0 8.92039851547176e-08
713252000.0 8.863448465064134e-08
715633000.0 8.806790119132038e-08
718022000.0 8.752492981022855e-08
720419000.0 8.696383360148965e-08
722824000.0 8.642619345563453e-08
725237000.0 8.58705495522146e-08
727659000.0 8.533808908369334e-08
730088000.0 8.478786317784988e-08
732525000.0 8.426078327805435e-08
734971000.0 8.371582437673814e-08
737425000.0 8.319385968330654e-08
739887000.0 8.267446352746296e-08
742357000.0 8.213748059652941e-08
744835000.0 8.162326220078907e-08
747322000.0 8.111147714259863e-08
749817000.0 8.06022271302768e-08
752320000.0 8.009550318896802e-08
754832000.0 7.959119085852355e-08
757352000.0 7.906964088744706e-08
759880000.0 7.857040517500975e-08
762417000.0 7.807355856884491e-08
764962000.0 7.759874745949041e-08
767516000.0 7.710669467883282e-08
770079000.0 7.661701032246779e-08
772650000.0 7.612978646363457e-08
775229000.0 7.564501370580669e-08
777817000.0 7.516258599278543e-08
780414000.0 7.470166078505094e-08
783019000.0 7.42239341815669e-08
785634000.0 7.37484369794877e-08
788256000.0 7.329441740842723e-08
790888000.0 7.282357692584e-08
793528000.0 7.235513041348292e-08
796178000.0 7.190767225106026e-08
798836000.0 7.14437450196863e-08
801503000.0 7.100075763573619e-08
804179000.0 7.05599188713829e-08
806863000.0 7.01027731066009e-08
809557000.0 6.96662725019741e-08
812260000.0 6.921348753716432e-08
814971000.0 6.878138257398903e-08
817692000.0 6.83513069572537e-08
820422000.0 6.792333901243508e-08
823161000.0 6.749747180690571e-08
825909000.0 6.705558991256996e-08
828667000.0 6.66338830433516e-08
831433000.0 6.621433682650235e-08
834209000.0 6.57967840930373e-08
836994000.0 6.538129808846042e-08
839788000.0 6.496787160932533e-08
842592000.0 6.455642079897664e-08
845405000.0 6.414701647689636e-08
848227000.0 6.37396513143885e-08
851059000.0 6.333424353217469e-08
853901000.0 6.294830272921117e-08
856751000.0 6.254688164891589e-08
859612000.0 6.21473271084973e-08
862481000.0 6.174985060680035e-08
865361000.0 6.137151267938562e-08
868250000.0 6.097782704815437e-08
871149000.0 6.058605713302113e-08
874057000.0 6.02133771229065e-08
876975000.0 5.982543233128705e-08
879903000.0 5.945638235269964e-08
882840000.0 5.907223727074177e-08
885788000.0 5.870679511876281e-08
888745000.0 5.832635838792101e-08
891712000.0 5.796456711138784e-08
894689000.0 5.758781522837434e-08
897676000.0 5.7229585620442145e-08
900673000.0 5.6873100652498697e-08
903680000.0 5.6501804770291626e-08
906697000.0 5.614884753933689e-08
909724000.0 5.579761806871764e-08
912761000.0 5.544811071299398e-08
915808000.0 5.5083988929281244e-08
918866000.0 5.47379034765887e-08
921933000.0 5.439358293768757e-08
925011000.0 5.40509029417597e-08
928099000.0 5.370991722179804e-08
931198000.0 5.337056259378615e-08
934307000.0 5.303289157498358e-08
937426000.0 5.269689822061994e-08
940556000.0 5.236252088545744e-08
943696000.0 5.2029810316588426e-08
946846000.0 5.169876047330364e-08
950007000.0 5.138505418740855e-08
953179000.0 5.105714861112273e-08
956361000.0 5.0730887749069934e-08
959554000.0 5.040621290847277e-08
962758000.0 5.008311943787025e-08
965972000.0 4.9777136933661475e-08
969197000.0 4.945719105679829e-08
972432000.0 4.9138862031760205e-08
975679000.0 4.883737222753526e-08
978936000.0 4.852210888166873e-08
982204000.0 4.822362339647415e-08
985484000.0 4.7911357746151e-08
988774000.0 4.761580815376881e-08
992075000.0 4.730661872745153e-08
995387000.0 4.701398590534606e-08
998710000.0 4.670780413830647e-08
1002040000.0 4.641825444622897e-08
1005390000.0 4.612970518866657e-08
1008750000.0 4.582779180395522e-08
1012110000.0 4.55426599841658e-08
1015490000.0 4.525852367912165e-08
1018880000.0 4.4961152337390644e-08
1022280000.0 4.467994630420166e-08
1025700000.0 4.439973883416151e-08
1029120000.0 4.4121393750524374e-08
1032560000.0 4.384404330100219e-08
1036000000.0 4.356853471546912e-08
1039460000.0 4.327962850695682e-08
1042930000.0 4.3006567326846e-08
1046420000.0 4.2734500369386745e-08
1049910000.0 4.246424216445204e-08
1053410000.0 4.219537417076827e-08
1056930000.0 4.1927493513835515e-08
1060460000.0 4.167510162161248e-08
1064000000.0 4.1409938796999365e-08
1067550000.0 4.1146149121221e-08
1071120000.0 4.0883344638054666e-08
1074690000.0 4.062228616909692e-08
1078280000.0 4.036220771731082e-08
1081880000.0 4.011730865114884e-08
1085490000.0 3.985988861975977e-08
1089120000.0 3.960344784066006e-08
1092750000.0 3.934871079988955e-08
1096400000.0 3.910858835522326e-08
1100060000.0 3.885611047308912e-08
1103730000.0 3.860495728247763e-08
1107420000.0 3.836828127312086e-08
1111120000.0 3.811937384066719e-08
1114820000.0 3.788553417406764e-08
1118550000.0 3.7638860866566724e-08
1122280000.0 3.740715362333078e-08
1126030000.0 3.7163039157712296e-08
1129790000.0 3.693345624306617e-08
1133560000.0 3.6705072581028073e-08
1137340000.0 3.646473234856664e-08
1141140000.0 3.6238455610544484e-08
1144950000.0 3.600030381220738e-08
1148770000.0 3.577643949257578e-08
1152610000.0 3.555344213739878e-08
1156460000.0 3.533162019273313e-08
1160320000.0 3.509807820468599e-08
1164190000.0 3.487863205195345e-08
1168080000.0 3.466004656758622e-08
1171980000.0 3.4442618253528254e-08
1175890000.0 3.4226341143198316e-08
1179810000.0 3.401120929046151e-08
1183750000.0 3.378429689322785e-08
1187710000.0 3.357091713757179e-08
1191670000.0 3.335895553263261e-08
1195650000.0 3.3147843504102976e-08
1199640000.0 3.2937857717139423e-08
1203650000.0 3.272872029069833e-08
1207660000.0 3.252097173377354e-08
1211700000.0 3.2326141125564677e-08
1215740000.0 3.2120303476037744e-08
1219800000.0 3.191530602891543e-08
1223870000.0 3.171140957796493e-08
1227960000.0 3.150835156381058e-08
1232060000.0 3.130638762106654e-08
1236170000.0 3.1117610369329046e-08
1240300000.0 3.0917527175979907e-08
1244440000.0 3.07185252020859e-08
1248590000.0 3.052059847395956e-08
1252760000.0 3.033543737543217e-08
1256940000.0 3.013936629637358e-08
1261140000.0 2.9944120096643665e-08
1265350000.0 2.97617545315746e-08
1269580000.0 2.956835224455986e-08
1273810000.0 2.93879755383417e-08
1278070000.0 2.91964052568458e-08
1282330000.0 2.9006107798099777e-08
1286620000.0 2.882802279661984e-08
1290910000.0 2.8639535859749242e-08
1295220000.0 2.8463405224255425e-08
1299540000.0 2.828822521231462e-08
1303880000.0 2.8102304459409382e-08
1308240000.0 2.7928622589423517e-08
1312600000.0 2.7744700413311204e-08
1316990000.0 2.7572724348981392e-08
1321380000.0 2.7401890991402332e-08
1325790000.0 2.722049741236967e-08
1330220000.0 2.7051143226083878e-08
1334660000.0 2.688271186673423e-08
1339120000.0 2.671499843024614e-08
1343590000.0 2.6537069525703945e-08
1348070000.0 2.637121938912502e-08
1352570000.0 2.620608042449187e-08
1357090000.0 2.6041652858404508e-08
1361620000.0 2.587812690432784e-08
1366170000.0 2.571530895373897e-08
1370730000.0 2.555338550348228e-08
1375300000.0 2.5381476519538e-08
1379890000.0 2.522117932239566e-08
1384500000.0 2.5061582963554355e-08
1389120000.0 2.490286662844189e-08
1393760000.0 2.4744847440565727e-08
1398410000.0 2.4587701065227346e-08
1403080000.0 2.4441907415268985e-08
1407770000.0 2.428611203113953e-08
1412470000.0 2.41311804229049e-08
1417180000.0 2.3977107276283653e-08
1421910000.0 2.3823719762620944e-08
1426660000.0 2.3671017513305926e-08
1431420000.0 2.3519164412539797e-08
1436200000.0 2.3367992481034946e-08
1441000000.0 2.322788009080909e-08
1445810000.0 2.307819401492768e-08
1450640000.0 2.292918447484474e-08
1455480000.0 2.2781007395810853e-08
1460340000.0 2.26437439596604e-08
1465210000.0 2.2497030140332543e-08
1470100000.0 2.2350984293439772e-08
1475010000.0 2.2215745262324545e-08
1479940000.0 2.2070999430551575e-08
1484880000.0 2.1937139234716623e-08
1489840000.0 2.1793835435158598e-08
1494810000.0 2.1651337803858587e-08
1499800000.0 2.1519469710750008e-08
1504810000.0 2.1378253168209625e-08
1509830000.0 2.1247738857786664e-08
1514870000.0 2.1107937999646304e-08
1519930000.0 2.0978628257303105e-08
1525000000.0 2.0850039906047685e-08
1530090000.0 2.0712258321141163e-08
1535200000.0 2.0584864346140492e-08
1540330000.0 2.0448340434885407e-08
1545470000.0 2.032226871545132e-08
1550630000.0 2.01967723062691e-08
1555810000.0 2.0062237367765798e-08
1561000000.0 1.993804864109238e-08
1566210000.0 1.9814429954058974e-08
1571440000.0 1.9681863014955617e-08
1576690000.0 1.9559413217452293e-08
1581950000.0 1.9437653298415154e-08
1587230000.0 1.931645700058016e-08
1592530000.0 1.918643198112814e-08
1597850000.0 1.9066391045786838e-08
1603180000.0 1.8947028619440733e-08
1608540000.0 1.8828106078629988e-08
1613910000.0 1.870985752695254e-08
1619290000.0 1.8592278449770254e-08
1624700000.0 1.8475136936378696e-08
1630120000.0 1.8358660337975397e-08
1635570000.0 1.824262110441402e-08
1641030000.0 1.8127242164587136e-08
1646500000.0 1.801251905190308e-08
1652000000.0 1.789823064683166e-08
1657520000.0 1.778448612274476e-08
1663050000.0 1.767139042589181e-08
1668600000.0 1.755883390709988e-08
1674170000.0 1.7446815237995156e-08
1679760000.0 1.73353330342799e-08
1685370000.0 1.722438603167899e-08
1691000000.0 1.7113972735551336e-08
1696640000.0 1.7004191994428564e-08
1702310000.0 1.689484096024594e-08
1707990000.0 1.679487412477508e-08
1713690000.0 1.6686647798600426e-08
1719410000.0 1.657894619409713e-08
1725150000.0 1.6471767837697025e-08
1730910000.0 1.6365111239067023e-08
1736690000.0 1.62675866367353e-08
1742490000.0 1.6161940353029138e-08
1748310000.0 1.605681135231897e-08
1754140000.0 1.5960815098402127e-08
1760000000.0 1.585668670813811e-08
1765880000.0 1.5753070999124262e-08
1771770000.0 1.5658495943194304e-08
1777690000.0 1.5555871815043874e-08
1783620000.0 1.5453842285070427e-08
1789580000.0 1.5360588807338666e-08
1795550000.0 1.5259539933419066e-08
1801550000.0 1.5167210051702236e-08
1807560000.0 1.50671356294695e-08
1813590000.0 1.4975806008935432e-08
1819650000.0 1.4876617167783461e-08
1825720000.0 1.4786197648433767e-08
1831820000.0 1.4687972169925787e-08
1837940000.0 1.4598377271105027e-08
1844070000.0 1.4501188095499761e-08
1850230000.0 1.4412492648271324e-08
1856400000.0 1.4324308669442129e-08
1862600000.0 1.422845002875426e-08
1868820000.0 1.4141079057860115e-08
1875060000.0 1.4046161602575439e-08
1881320000.0 1.3959675183311674e-08
1887600000.0 1.3873615414924099e-08
1893900000.0 1.3787980779637275e-08
1900230000.0 1.3694827051551653e-08
1906570000.0 1.3610064959332365e-08
1912930000.0 1.3525723309717874e-08
1919320000.0 1.3433938217948845e-08
1925730000.0 1.335039005562456e-08
1932160000.0 1.3267258913942009e-08
1938610000.0 1.3184543216277638e-08
1945080000.0 1.3102241381255424e-08
1951570000.0 1.3012688284544627e-08
1958090000.0 1.2931168851694538e-08
1964630000.0 1.2850059684601613e-08
1971190000.0 1.2769359168575667e-08
1977770000.0 1.2689065685519788e-08
1984370000.0 1.2609177614152742e-08
1990990000.0 1.2529693330222263e-08
1997640000.0 1.245054888012226e-08
2004310000.0 1.2371806160840154e-08
2011000000.0 1.2293463524405587e-08
2017720000.0 1.2215458779675095e-08
2024450000.0 1.2137911941649627e-08
2031210000.0 1.206070084906006e-08
2037990000.0 1.1983884372821253e-08
2044800000.0 1.1907402608721137e-08
2051620000.0 1.1831370914526073e-08
2058470000.0 1.1755671706173653e-08
2065340000.0 1.1680361528055709e-08
2072240000.0 1.1605382687189722e-08
2079160000.0 1.1530790589011726e-08
2086100000.0 1.1456583530222601e-08
2093060000.0 1.1389905294388654e-08
2100050000.0 1.1316385570258404e-08
2107060000.0 1.1243246921382972e-08
2114100000.0 1.1174598063166e-08
2121150000.0 1.1098053669408527e-08
2128240000.0 1.1032972227729129e-08
2135340000.0 1.0961267599207027e-08
2142470000.0 1.0889885737788406e-08
2149620000.0 1.0818876749373529e-08
2156800000.0 1.0755123382355927e-08
2164000000.0 1.0684783018675766e-08
2171220000.0 1.0614811393485437e-08
2178470000.0 1.0552023698669568e-08
2185750000.0 1.0482666090902474e-08
2193040000.0 1.0413721477738494e-08
2200360000.0 1.035188970105672e-08
2207710000.0 1.0283553711296775e-08
2215080000.0 1.0215578988260851e-08
2222480000.0 1.0154647501167472e-08
2229900000.0 1.0087322893288857e-08
2237340000.0 1.002703996389588e-08
2244810000.0 9.960360981184643e-09
2252300000.0 9.900676733672862e-09
2259820000.0 9.834639284811168e-09
2267370000.0 9.77550678613566e-09
2274940000.0 9.710107151411093e-09
2282530000.0 9.65160915129691e-09
2290150000.0 9.586842686051403e-09
2297800000.0 9.528890264835715e-09
2305470000.0 9.464753127080682e-09
2313170000.0 9.407384958723193e-09
2320890000.0 9.343872827372717e-09
2328640000.0 9.287084856139313e-09
2336410000.0 9.23059460988422e-09
2344210000.0 9.16798149220045e-09
2352040000.0 9.112026226981984e-09
2359890000.0 9.050027970906479e-09
2367770000.0 8.994643390760979e-09
2375670000.0 8.939550970640664e-09
2383610000.0 8.87840015597098e-09
2391560000.0 8.82387214573497e-09
2399550000.0 8.7695592681587e-09
2407560000.0 8.715534489281302e-09
2415600000.0 8.655569033104186e-09
2423660000.0 8.602101296983425e-09
2431750000.0 8.548882534194399e-09
2439870000.0 8.495912231228554e-09
2448020000.0 8.437080463787181e-09
2456190000.0 8.384659977461424e-09
2464390000.0 8.332485630570507e-09
2472620000.0 8.280556873358009e-09
2480870000.0 8.228906314834439e-09
2489150000.0 8.177499581127813e-09
2497460000.0 8.120347642691945e-09
2505800000.0 8.069446762231045e-09
2514170000.0 8.018787898145186e-09
2522560000.0 7.968402037200686e-09
2530980000.0 7.918256373437261e-09
2539430000.0 7.868350294799883e-09
2547910000.0 7.81868318041261e-09
2556420000.0 7.769254400797472e-09
2564950000.0 7.7200934163895e-09
2573520000.0 7.671139094100678e-09
2582110000.0 7.62245069130738e-09
2590730000.0 7.573997455394206e-09
2599380000.0 7.52577872442479e-09
2608060000.0 7.477793829044323e-09
2616760000.0 7.4300704867314385e-09
2625500000.0 7.382550950272856e-09
2634260000.0 7.3352910468304426e-09
2643060000.0 7.288234117313166e-09
2651880000.0 7.241434883625227e-09
2660740000.0 7.194837756515251e-09
2669620000.0 7.148496372274974e-09
2678530000.0 7.102382709335042e-09
2687470000.0 7.0620611070060364e-09
2696450000.0 7.01635618547651e-09
2705450000.0 6.970903143436678e-09
2714480000.0 6.9256749662894495e-09
2723540000.0 6.880670911966102e-09
2732640000.0 6.835865217759777e-09
2741760000.0 6.796762274403924e-09
2750910000.0 6.752408187309882e-09
2760100000.0 6.708250961789682e-09
2769310000.0 6.6643386810139084e-09
2778560000.0 6.6260048217528855e-09
2787830000.0 6.582513363660183e-09
2797140000.0 6.539216665485457e-09
2806480000.0 6.496137787113827e-09
2815850000.0 6.458587276165433e-09
2825250000.0 6.415923990681819e-09
2834680000.0 6.373476204635859e-09
2844140000.0 6.336501625295712e-09
2853640000.0 6.294442888960089e-09
2863170000.0 6.252597742619401e-09
2872720000.0 6.216193184002308e-09
2882320000.0 6.1747338104828e-09
2891940000.0 6.133507275294251e-09
2901590000.0 6.097645509712304e-09
2911280000.0 6.056800963016249e-09
2921000000.0 6.0212857625544724e-09
2930750000.0 5.980841759107937e-09
2940540000.0 5.940585150546976e-09
2950350000.0 5.905624913451413e-09
2960200000.0 5.865764724169092e-09
2970090000.0 5.8311259730504175e-09
2980000000.0 5.791659467913233e-09
2989950000.0 5.757379695042911e-09
2999930000.0 5.718284657401229e-09
3009950000.0 5.684342230631668e-09
3020000000.0 5.645616612640466e-09
3030080000.0 5.612028188946705e-09
3040190000.0 5.573688041889074e-09
3050340000.0 5.540432493716442e-09
3060530000.0 5.50243883443965e-09
3070750000.0 5.469514395759944e-09
3081000000.0 5.436755448098755e-09
3091280000.0 5.39932319578847e-09
3101600000.0 5.3668919310966595e-09
3111960000.0 5.329801246344464e-09
3122350000.0 5.297695803284925e-09
3132770000.0 5.2657528947861644e-09
3143230000.0 5.229197026397724e-09
3153720000.0 5.197576568020254e-09
3164250000.0 5.166100459479987e-09
3174820000.0 5.130057657440239e-09
3185420000.0 5.098901198839442e-09
3196050000.0 5.067903838056351e-09
3206720000.0 5.032385220631991e-09
3217430000.0 5.001688471705067e-09
3228170000.0 4.97114920971662e-09
3238950000.0 4.936133937669944e-09
3249760000.0 4.905907889268464e-09
3260610000.0 4.875822446426312e-09
3271490000.0 4.845892126173429e-09
3282420000.0 4.811530488158258e-09
3293370000.0 4.78190914162502e-09
3304370000.0 4.752412204010676e-09
3315400000.0 4.72306826306929e-09
3326470000.0 4.693862480104506e-09
3337580000.0 4.660313459835781e-09
3348720000.0 4.631411763925327e-09
3359900000.0 4.602646926070815e-09
3371110000.0 4.574032176855293e-09
3382370000.0 4.545539907382135e-09
3393660000.0 4.517196779095556e-09
3404990000.0 4.4889888740227985e-09
3416360000.0 4.456538098808279e-09
3427760000.0 4.428627063755373e-09
3439210000.0 4.400837084351269e-09
3450690000.0 4.373193510192221e-09
3462210000.0 4.3456830517209554e-09
3473770000.0 4.318305334927881e-09
3485370000.0 4.290630875618199e-09
3497000000.0 4.263531123753793e-09
3508680000.0 4.236124397610495e-09
3520390000.0 4.209288503893533e-09
3532140000.0 4.182583182160253e-09
3543940000.0 4.155996310843096e-09
3555770000.0 4.12955105945075e-09
3567640000.0 4.1032351850178145e-09
3579550000.0 4.077048282686614e-09
3591500000.0 4.050989944342135e-09
3603490000.0 4.0250597587113315e-09
3615520000.0 3.9996709706779085e-09
3627590000.0 3.973994468150882e-09
3639700000.0 3.948855782263964e-09
3651850000.0 3.923431300716133e-09
3664050000.0 3.898530422212322e-09
3676280000.0 3.873763203970837e-09
3688550000.0 3.849118485442994e-09
3700870000.0 3.824585512992283e-09
3713220000.0 3.800184633674976e-09
3725620000.0 3.77589485332417e-09
3738060000.0 3.751726077545192e-09
3750540000.0 3.728076642986975e-09
3763060000.0 3.704147255312264e-09
3775620000.0 3.680733697176927e-09
3788220000.0 3.6570419774253596e-09
3800870000.0 3.6338530259867028e-09
3813560000.0 3.610780043330119e-09
3826290000.0 3.5878225992284793e-09
3839070000.0 3.5649709758774577e-09
3851880000.0 3.542243402058683e-09
3864740000.0 3.5196209594130215e-09
3877650000.0 3.4971034770651847e-09
3890590000.0 3.474708640335243e-09
3903580000.0 3.452801191043762e-09
3916610000.0 3.4306221616384293e-09
3929690000.0 3.4089274341442804e-09
3942810000.0 3.386962962959827e-09
3955970000.0 3.3654882176357508e-09
3969180000.0 3.3441137485963133e-09
3982430000.0 3.3228477067987083e-09
3995730000.0 3.3016813892128333e-09
4009060000.0 3.280630961285791e-09
4022450000.0 3.2596714305921576e-09
4035880000.0 3.2388188772506346e-09
4049350000.0 3.2180728548165643e-09
4062870000.0 3.1977931590617605e-09
4076440000.0 3.177242122167938e-09
4090040000.0 3.15680430040377e-09
4103700000.0 3.1368205371565256e-09
4117400000.0 3.1169390916197554e-09
4131150000.0 3.096789997983212e-09
4144940000.0 3.077105718701428e-09
4158780000.0 3.0575152220555655e-09
4172660000.0 3.038025559879356e-09
4186590000.0 3.018629077648431e-09
4200570000.0 2.9993255409856504e-09
4214590000.0 2.9804766438436427e-09
4228660000.0 2.961364033968899e-09
4242780000.0 2.9423435137784722e-09
4256940000.0 2.923773035106886e-09
4271160000.0 2.90493471599609e-09
4285420000.0 2.8865434735108347e-09
4299720000.0 2.868247537730759e-09
4314080000.0 2.8496865798589297e-09
4328480000.0 2.8315681373407624e-09
4342930000.0 2.8135374555416897e-09
4357430000.0 2.7955942820595237e-09
4371980000.0 2.7777383618300148e-09
4386570000.0 2.7599757290622456e-09
4401220000.0 2.7422934787426133e-09
4415910000.0 2.7250425548444944e-09
4430650000.0 2.7075379095713653e-09
4445450000.0 2.690113039112217e-09
4460290000.0 2.673115150264498e-09
4475180000.0 2.6562003176241125e-09
4490120000.0 2.639035194628242e-09
4505110000.0 2.6222867969829868e-09
4520150000.0 2.6056206621036733e-09
4535240000.0 2.5890365227991935e-09
4550380000.0 2.5725341100109704e-09
4565570000.0 2.5561131528732755e-09
4580810000.0 2.539773378772658e-09
4596110000.0 2.5235090228622723e-09
4611450000.0 2.5073308436434277e-09
4626850000.0 2.491227634950658e-09
4642290000.0 2.4755321058779656e-09
4657790000.0 2.459587852532686e-09
4673340000.0 2.4440432454460833e-09
4688950000.0 2.428251703371763e-09
4704600000.0 2.4128623435679633e-09
4720310000.0 2.3975445550344505e-09
4736060000.0 2.3819924794928083e-09
4751880000.0 2.3668233750539894e-09
4767740000.0 2.3517352071372234e-09
4783660000.0 2.336717779587446e-09
4799630000.0 2.3217757890766926e-09
4815650000.0 2.306908950515726e-09
4831730000.0 2.29242176979027e-09
4847860000.0 2.2776986948413643e-09
4864040000.0 2.2630500061263014e-09
4880280000.0 2.248777263189057e-09
4896580000.0 2.23426637755765e-09
4912920000.0 2.220138127471844e-09
4929330000.0 2.2057688096037253e-09
4945780000.0 2.191779520407639e-09
4962290000.0 2.177856648168377e-09
4978860000.0 2.1640000355176147e-09
4995480000.0 2.1499144374238763e-09
5012160000.0 2.1361950783813822e-09
5028890000.0 2.1225456262232493e-09
5045680000.0 2.1089616116074825e-09
5062530000.0 2.095738290504204e-09
5079430000.0 2.0822877602455562e-09
5096390000.0 2.068902079358511e-09
5113400000.0 2.055585093757534e-09
5130470000.0 2.0426240406415802e-09
5147600000.0 2.0294347486184383e-09
5164790000.0 2.0165990979999074e-09
5182030000.0 2.0035406598489055e-09
5199330000.0 1.9908335014179717e-09
5216690000.0 1.978187872443673e-09
5234100000.0 1.9656073509617474e-09
5251580000.0 1.9530842106641412e-09
5269110000.0 1.9403419038960125e-09
5286700000.0 1.927945121268131e-09
5304350000.0 1.915608890057963e-09
5322060000.0 1.903614042780893e-09
5339830000.0 1.891397421995311e-09
5357660000.0 1.8792407952845015e-09
5375540000.0 1.867147446142105e-09
5393490000.0 1.855387498480255e-09
5411500000.0 1.8434087522034637e-09
5429560000.0 1.831768062069968e-09
5447690000.0 1.8199066287662112e-09
5465880000.0 1.8083776590424574e-09
5484120000.0 1.7966360733130908e-09
5502430000.0 1.7852214310625258e-09
5520800000.0 1.7738632255225642e-09
5539230000.0 1.7625612642834684e-09
5557730000.0 1.7513122027432429e-09
5576280000.0 1.7401221791401827e-09
5594900000.0 1.7289847256679204e-09
5613580000.0 1.7179027961092709e-09
5632320000.0 1.7068761921777748e-09
5651120000.0 1.6959047146884814e-09
5669990000.0 1.6849851918282098e-09
5688920000.0 1.6743833482507181e-09
5707910000.0 1.663572315273743e-09
5726970000.0 1.6528127771959365e-09
5746090000.0 1.6423677527386948e-09
5765270000.0 1.6319750245956843e-09
5784520000.0 1.6213730415997268e-09
5803830000.0 1.6110824259688737e-09
5823200000.0 1.6008435647113988e-09
5842650000.0 1.590394834975762e-09
5862150000.0 1.5802570920716163e-09
5881720000.0 1.5701678832049376e-09
5901360000.0 1.5601270845568907e-09
5921060000.0 1.5501371885164434e-09
5940830000.0 1.5401953988169484e-09
5960660000.0 1.5303041543839487e-09
5980560000.0 1.5207107835653428e-09
6000530000.0 1.5109141714941982e-09
6020560000.0 1.5011675895917708e-09
6040660000.0 1.4914683615547277e-09
6060830000.0 1.4820631160746183e-09
6081060000.0 1.4724597891675294e-09
6101360000.0 1.4631484863054213e-09
6121730000.0 1.4536380039826992e-09
6142170000.0 1.4444176408354658e-09
6162680000.0 1.435242138793472e-09
6183250000.0 1.4261136694762654e-09
6203890000.0 1.4167886723500436e-09
6224610000.0 1.4077476981521882e-09
6245390000.0 1.398753275981882e-09
6266240000.0 1.3898029831563876e-09
6287160000.0 1.3808966795919422e-09
6308150000.0 1.3720342241311115e-09
6329210000.0 1.3632154745761446e-09
6350340000.0 1.3544402877218366e-09
6371540000.0 1.345943249637246e-09
6392810000.0 1.3372539737115795e-09
6414150000.0 1.3286078277827222e-09
6435570000.0 1.3202350086526534e-09
6457050000.0 1.3116739281133328e-09
6478610000.0 1.3033843762144069e-09
6500240000.0 1.2949057844750128e-09
6521940000.0 1.2866989411951173e-09
6543710000.0 1.278304297627422e-09
6565560000.0 1.270177643870405e-09
6587480000.0 1.2620914898492316e-09
6609470000.0 1.2540456895355106e-09
6631540000.0 1.24603821731853e-09
6653680000.0 1.2380708413597855e-09
6675890000.0 1.2299193843260243e-09
6698180000.0 1.2220306761971934e-09
6720540000.0 1.2144041913187882e-09
6742980000.0 1.2065921684459746e-09
6765490000.0 1.198819564591792e-09
6788070000.0 1.1910862280607607e-09
6810740000.0 1.1833885316683195e-09
6833480000.0 1.1759487285262793e-09
6856290000.0 1.168328211535983e-09
6879180000.0 1.160744732589399e-09
6902150000.0 1.1534148719992215e-09
6925190000.0 1.1459060870289083e-09
6948310000.0 1.1386492375940082e-09
6971510000.0 1.1314275376929688e-09
6994780000.0 1.124028677008315e-09
7018130000.0 1.116879256810478e-09
7041560000.0 1.1097646441746479e-09
7065070000.0 1.1026847344852257e-09
7088660000.0 1.0954284382565763e-09
7112320000.0 1.08841984927098e-09
7136070000.0 1.0814440962045062e-09
7159890000.0 1.0745041168002887e-09
7183800000.0 1.0675967858337296e-09
7207780000.0 1.060724980411092e-09
7231840000.0 1.0540938961198517e-09
7255990000.0 1.0472876769331983e-09
7280210000.0 1.040516608749699e-09
7304520000.0 1.0337777060533462e-09
7328900000.0 1.0272777677180364e-09
7353370000.0 1.0206050478982916e-09
7377920000.0 1.013965596035064e-09
7402550000.0 1.0075613339601825e-09
7427260000.0 1.0009873980367063e-09
7452060000.0 9.946457441767847e-10
7476940000.0 9.88335584712194e-10
7501900000.0 9.818574462460378e-10
7526950000.0 9.756093076745688e-10
7552080000.0 9.693923502940983e-10
7577290000.0 9.630090824086484e-10
7602590000.0 9.568535449698307e-10
7627970000.0 9.507288695236275e-10
7653430000.0 9.446349411006721e-10
7678980000.0 9.385704220711703e-10
7704620000.0 9.325352323779822e-10
7730340000.0 9.265304895375911e-10
7756150000.0 9.205548895908402e-10
7782050000.0 9.146083498959746e-10
7808030000.0 9.088834962069468e-10
7834090000.0 9.029964816968806e-10
7860250000.0 8.971370897496523e-10
7886490000.0 8.913075287121002e-10
7912820000.0 8.856955684185239e-10
7939240000.0 8.799224749600029e-10
7965740000.0 8.743666508927263e-10
7992340000.0 8.686496705708503e-10
8019020000.0 8.631485148647844e-10
8045790000.0 8.574883642350851e-10
8072650000.0 8.520415231255899e-10
8099600000.0 8.466214007161566e-10
8126640000.0 8.410438754083607e-10
8153770000.0 8.35677544893882e-10
8181000000.0 8.303366569869442e-10
8208310000.0 8.250231638901283e-10
8235710000.0 8.197359525738257e-10
8263210000.0 8.142929544789253e-10
8290790000.0 8.090586518245671e-10
8318470000.0 8.038493948456154e-10
8346240000.0 7.986660785122672e-10
8374110000.0 7.936862615699832e-10
8402070000.0 7.885530298434351e-10
8430120000.0 7.834454848848471e-10
8458260000.0 7.783635341805838e-10
8486500000.0 7.733061735932462e-10
8514830000.0 7.684498846075244e-10
8543260000.0 7.634418040108232e-10
8571780000.0 7.584589807617948e-10
8600400000.0 7.536743419919935e-10
8629110000.0 7.487403111617274e-10
8657920000.0 7.440031549381827e-10
8686820000.0 7.391175931794631e-10
8715820000.0 7.344276017100906e-10
8744920000.0 7.29589347314518e-10
8774120000.0 7.249453807186695e-10
8803410000.0 7.203248573706013e-10
8832800000.0 7.157268749862493e-10
8862290000.0 7.109826057327609e-10
8891880000.0 7.064300604273813e-10
8921560000.0 7.019006333496221e-10
8951350000.0 6.973926729733826e-10
8981230000.0 6.929076743356891e-10
9011220000.0 6.884440154304916e-10
9041300000.0 6.840031598864308e-10
9071480000.0 6.795842638946274e-10
9101770000.0 6.751865128418392e-10
9132160000.0 6.70810589799359e-10
9162640000.0 6.664571480595952e-10
9193230000.0 6.621246518633163e-10
9223930000.0 6.579751900953094e-10
9254720000.0 6.536852961439654e-10
9285620000.0 6.494161588213438e-10
9316620000.0 6.453289448973516e-10
9347720000.0 6.411019845869599e-10
9378930000.0 6.368955874622022e-10
9410240000.0 6.328693013189156e-10
9441660000.0 6.287039887897857e-10
9473180000.0 6.247175905792364e-10
9504810000.0 6.205930969137805e-10
9536540000.0 6.166463261731735e-10
9568380000.0 6.127186877329249e-10
9600320000.0 6.086549746345566e-10
9632370000.0 6.047665743747465e-10
9664530000.0 6.00897124840683e-10
9696790000.0 5.970471848790148e-10
9729170000.0 5.932154596732747e-10
9761650000.0 5.892499057580536e-10
9794240000.0 5.854567811764424e-10
9826940000.0 5.816823046030623e-10
9859740000.0 5.779270029759887e-10
9892660000.0 5.741896386056869e-10
9925690000.0 5.704707433110844e-10
9958820000.0 5.667708256702961e-10
9992070000.0 5.630886809268073e-10
10025400000.0 5.59575676893448e-10
10058900000.0 5.559278721385081e-10
10092500000.0 5.522988114917519e-10
10126200000.0 5.486884158822632e-10
10160000000.0 5.450966061843941e-10
10193900000.0 5.416700177491145e-10
10227900000.0 5.38114654607414e-10
10262100000.0 5.347181718126336e-10
10296300000.0 5.311989970071678e-10
10330700000.0 5.276929070451544e-10
10365200000.0 5.243493217603747e-10
10399800000.0 5.208791007362751e-10
10434500000.0 5.175702666094567e-10
10469400000.0 5.142735421357135e-10
10504300000.0 5.108563449218054e-10
10539400000.0 5.075940546009628e-10
10574600000.0 5.043486518790928e-10
10609900000.0 5.00979098397453e-10
10645300000.0 4.977677107443101e-10
10680800000.0 4.945729801405958e-10
10716500000.0 4.913902450786121e-10
10752300000.0 4.882241042831968e-10
10788200000.0 4.849358482796671e-10
10824200000.0 4.818031257284584e-10
10860300000.0 4.786867645101197e-10
10896600000.0 4.755823232667556e-10
10933000000.0 4.724941753231323e-10
10969500000.0 4.694222429378808e-10
11006100000.0 4.663664485154925e-10
11042800000.0 4.6346215065729936e-10
11079700000.0 4.6043379445090617e-10
11116700000.0 4.5742142789469766e-10
11153800000.0 4.5442497288603593e-10
11191000000.0 4.514443515034894e-10
11228400000.0 4.486086892119642e-10
11265900000.0 4.456551434902585e-10
11303500000.0 4.4271727837804107e-10
11341200000.0 4.3992688819686264e-10
11379100000.0 4.370158711600694e-10
11417100000.0 4.3412037860900154e-10
11455200000.0 4.313708920742462e-10
11493400000.0 4.2850577879375945e-10
11531800000.0 4.2578195825979195e-10
11570300000.0 4.229432997726558e-10
11608900000.0 4.2024868244464455e-10
11647700000.0 4.1756475509359894e-10
11686600000.0 4.1476712414243706e-10
11725600000.0 4.121120916008634e-10
11764700000.0 4.094711815470996e-10
11804000000.0 4.067141718609334e-10
11843400000.0 4.0409832927356496e-10
11883000000.0 4.01493075922799e-10
11922600000.0 3.9890512886976847e-10
11962400000.0 3.9632768990627166e-10
12002400000.0 3.936361755010733e-10
12042500000.0 3.9108348773976893e-10
12082700000.0 3.885445280755337e-10
12123000000.0 3.860192227707941e-10
12163500000.0 3.8350434545339934e-10
12204100000.0 3.8100303784748644e-10
12244800000.0 3.785152262565821e-10
12285700000.0 3.7603777649940056e-10
12326700000.0 3.7369506617209446e-10
12367900000.0 3.712409576771843e-10
12409200000.0 3.6880017315602433e-10
12450600000.0 3.6637263882863695e-10
12492200000.0 3.6395536777124275e-10
12533900000.0 3.616705819191788e-10
12575700000.0 3.5927916338564746e-10
12617700000.0 3.568979325281929e-10
12659800000.0 3.5452970122222105e-10
12702100000.0 3.522893673469704e-10
12744500000.0 3.4994380644592156e-10
12787000000.0 3.477280443180517e-10
12829700000.0 3.454050033100558e-10
12872600000.0 3.4320822774046446e-10
12915500000.0 3.4091024743014215e-10
12958700000.0 3.3873505537815384e-10
13001900000.0 3.364592890578286e-10
13045300000.0 3.343081180077012e-10
13088900000.0 3.320518729700711e-10
13132600000.0 3.299219820570829e-10
13176400000.0 3.2780373114111077e-10
13220400000.0 3.255814613233966e-10
13264500000.0 3.2348424838665e-10
13308800000.0 3.213961043948069e-10
13353300000.0 3.1931703291429765e-10
13397800000.0 3.171401427015327e-10
13442600000.0 3.150818937803313e-10
13487400000.0 3.1303731829532535e-10
13532500000.0 3.1099938579133636e-10
13577700000.0 3.0897271626756724e-10
13623000000.0 3.0695724224554344e-10
13668500000.0 3.049506655855382e-10
13714100000.0 3.0295519458081966e-10
13759900000.0 3.0096857502203574e-10
13805800000.0 2.9899297084490587e-10
13851900000.0 2.970261710188129e-10
13898200000.0 2.9506817284111514e-10
13944600000.0 2.9312107491253097e-10
13991100000.0 2.911848105345665e-10
14037800000.0 2.8925725285408444e-10
14084700000.0 2.8744458303923737e-10
14131700000.0 2.8553609121178913e-10
14178900000.0 2.8363625116352715e-10
14226200000.0 2.8174703737241367e-10
14273700000.0 2.7997120281952906e-10
14321400000.0 2.780988324556265e-10
14369200000.0 2.7623697078298757e-10
14417200000.0 2.744873855667249e-10
14465300000.0 2.7264413435168884e-10
14513600000.0 2.7080936901129857e-10
14562000000.0 2.6908763306551743e-10
14610700000.0 2.6726945143935365e-10
14659400000.0 2.6556537298679673e-10
14708400000.0 2.637655142780688e-10
14757500000.0 2.6207717735559756e-10
14806700000.0 2.6029727125356297e-10
14856200000.0 2.5862460527509165e-10
14905800000.0 2.569613248202379e-10
14955500000.0 2.5520736698541694e-10
15005500000.0 2.53559630240118e-10
15055600000.0 2.5192116462882763e-10
15105800000.0 2.501929025692568e-10
15156300000.0 2.485698489900811e-10
15206900000.0 2.469559513685271e-10
15257600000.0 2.4535115034368066e-10
15308600000.0 2.436545061552752e-10
15359700000.0 2.420649249364464e-10
15411000000.0 2.40482764399716e-10
15462400000.0 2.3890955716976106e-10
15514000000.0 2.3734371479949735e-10
15565800000.0 2.3578522440331316e-10
15617800000.0 2.342340727013269e-10
15669900000.0 2.3269173097801987e-10
15722200000.0 2.3115667081389147e-10
15774700000.0 2.2962887817123977e-10
15827400000.0 2.2810833864725398e-10
15880200000.0 2.265964643847835e-10
15933200000.0 2.250917849735729e-10
15986400000.0 2.235942853274423e-10
16039800000.0 2.2210395002283797e-10
16093400000.0 2.206207633063249e-10
16147100000.0 2.1914606627887994e-10
16201000000.0 2.1767845820809806e-10
16255100000.0 2.163099303738442e-10
16309400000.0 2.1485614454471463e-10
16363800000.0 2.1341070279857148e-10
16418400000.0 2.1197225753258282e-10
16473200000.0 2.106315810445716e-10
16528200000.0 2.092067748140229e-10
16583400000.0 2.0778891361836709e-10
16638800000.0 2.0646786534421404e-10
16694300000.0 2.050647689634789e-10
16750100000.0 2.0366732300850155e-10
16806000000.0 2.0236694483608132e-10
16862100000.0 2.0098410812015585e-10
16918400000.0 1.9969648296076229e-10
16974900000.0 1.983269552068677e-10
17031500000.0 1.9705317087347214e-10
17088400000.0 1.9569686654977866e-10
17145500000.0 1.9443452696857608e-10
17202700000.0 1.9309250505777688e-10
17260100000.0 1.9184380649868206e-10
17317800000.0 1.9051372224910783e-10
17375600000.0 1.8927745729391122e-10
17433600000.0 1.8804723262817592e-10
17491800000.0 1.8673752783385743e-10
17550200000.0 1.8551961442916614e-10
17608800000.0 1.8430768621060132e-10
17667600000.0 1.8310172478071277e-10
17726500000.0 1.818183672667149e-10
17785700000.0 1.8062455428484155e-10
17845100000.0 1.794366511218425e-10
17904700000.0 1.782546387666298e-10
17964500000.0 1.7707849806648466e-10
18024400000.0 1.7582620964542864e-10
18084600000.0 1.7466202077588393e-10
18145000000.0 1.7350364445930212e-10
18205600000.0 1.7235106101993476e-10
18266300000.0 1.712051879305065e-10
18327300000.0 1.7006412139734156e-10
18388500000.0 1.6892878809451475e-10
18449900000.0 1.6779916789069161e-10
18511500000.0 1.666752405508446e-10
18573300000.0 1.6555698574014566e-10
18635300000.0 1.6444438302779855e-10
18697500000.0 1.6333741189081018e-10
18759900000.0 1.6223605171770163e-10
18822600000.0 1.6113942571214388e-10
18885400000.0 1.6004923391614096e-10
18948500000.0 1.5896375174765166e-10
19011700000.0 1.5796331158989736e-10
19075200000.0 1.5688862705209592e-10
19138900000.0 1.558194455551066e-10
19202800000.0 1.5475574574151265e-10
19266900000.0 1.5369750619537178e-10
19331200000.0 1.5272207224998362e-10
19395700000.0 1.5167443149096828e-10
19460500000.0 1.5063141330694807e-10
19525500000.0 1.4967038281340502e-10
19590600000.0 1.4863862808763537e-10
19656000000.0 1.4761145478246439e-10
19721700000.0 1.4666469909629467e-10
19787500000.0 1.4564791125497845e-10
19853600000.0 1.4463567774853818e-10
19919900000.0 1.4370380035600848e-10
19986400000.0 1.4270184628057804e-10
20053100000.0 1.417797059539633e-10
20120000000.0 1.4078794578806726e-10
20187200000.0 1.398747676854239e-10
20254600000.0 1.3889243717524323e-10
20322200000.0 1.3798885942333793e-10
20390100000.0 1.3701590707075742e-10
20458100000.0 1.3612185333568258e-10
20526400000.0 1.3515888492464439e-10
20595000000.0 1.34272968025273e-10
20663700000.0 1.3331991000019312e-10
20732700000.0 1.3244338968075883e-10
20801900000.0 1.3157141925485392e-10
20871400000.0 1.3063169475876267e-10
20941100000.0 1.2976838823898063e-10
21011000000.0 1.289095824051495e-10
21081100000.0 1.2798431218983305e-10
21151500000.0 1.2713408149154283e-10
21222100000.0 1.262883016116052e-10
21293000000.0 1.2544636296411617e-10
21364000000.0 1.245394240023132e-10
21435400000.0 1.2370595815094186e-10
21506900000.0 1.2287745497082227e-10
21578700000.0 1.2205274540520314e-10
21650800000.0 1.2123182599435295e-10
21723100000.0 1.2041524732666222e-10
21795600000.0 1.1953436964306149e-10
21868300000.0 1.1872663846552272e-10
21941400000.0 1.1792211020804826e-10
22014600000.0 1.1712239286119892e-10
22088100000.0 1.1632639615201987e-10
22161800000.0 1.1553463670860266e-10
22235800000.0 1.1474657771575525e-10
22310100000.0 1.1396221414226162e-10
22384600000.0 1.131820463487644e-10
22459300000.0 1.124060534238303e-10
22534300000.0 1.1163371911375605e-10
22609500000.0 1.1086552810050613e-10
22685000000.0 1.1010097414818931e-10
22760700000.0 1.0934053168465624e-10
22836700000.0 1.0858370432147535e-10
22912900000.0 1.0789622939978363e-10
22989400000.0 1.0714685705488548e-10
23066200000.0 1.064010715480168e-10
23143200000.0 1.0565932271700312e-10
23220500000.0 1.0492113772172985e-10
23298000000.0 1.0418695679589277e-10
23375800000.0 1.0352029678414328e-10
23453800000.0 1.0279341490632897e-10
23532100000.0 1.0207005050519674e-10
23610700000.0 1.0135019615922538e-10
23689500000.0 1.0069740224963335e-10
23768600000.0 9.998475095529276e-11
23847900000.0 9.92759946376517e-11
23927500000.0 9.857070038585462e-11
24007400000.0 9.79311573772505e-11
24087600000.0 9.723255569595502e-11
24168000000.0 9.659967488902489e-11
24248700000.0 9.590812636063939e-11
24329600000.0 9.522038277014497e-11
24410900000.0 9.459691608177441e-11
24492400000.0 9.391575753065725e-11
24574100000.0 9.329921884748322e-11
24656200000.0 9.262460455557713e-11
24738500000.0 9.19537245914871e-11
24821100000.0 9.134644515926257e-11
24903900000.0 9.06824108234395e-11
24987100000.0 9.008119089617937e-11
25070500000.0 8.94235921104568e-11
25154200000.0 8.882875226170085e-11
25238200000.0 8.823680905442321e-11
25322400000.0 8.758903876570262e-11
25407000000.0 8.700305858136326e-11
25491800000.0 8.63616202206192e-11
25576900000.0 8.578190415867635e-11
25662300000.0 8.514675712774511e-11
25748000000.0 8.457292448249969e-11
25833900000.0 8.400224873950395e-11
25920200000.0 8.337636803245174e-11
26006700000.0 8.281151275674439e-11
26093500000.0 8.22494568741983e-11
26180700000.0 8.163275404821788e-11
26268100000.0 8.107646453478736e-11
26355800000.0 8.052294797283013e-11
26443700000.0 7.99724980361442e-11
26532000000.0 7.936812857235304e-11
26620600000.0 7.882306264388257e-11
26709500000.0 7.82807336548348e-11
26798600000.0 7.774142267468749e-11
26888100000.0 7.720453746549401e-11
26977900000.0 7.661492424500182e-11
27068000000.0 7.608363377143877e-11
27158300000.0 7.555531211678839e-11
27249000000.0 7.502939070048239e-11
27340000000.0 7.450614123385204e-11
27431200000.0 7.398582400586138e-11
27522800000.0 7.346788733724966e-11
27614700000.0 7.289843491216418e-11
27706900000.0 7.238595601474761e-11
27799400000.0 7.187610088135286e-11
27892200000.0 7.13688598596436e-11
27985300000.0 7.086422325696783e-11
28078700000.0 7.036218134205972e-11
28172500000.0 6.986247636473026e-11
28266500000.0 6.936559706795795e-11
28360900000.0 6.887104018763524e-11
28455600000.0 6.83790437662033e-11
28550600000.0 6.788959783435884e-11
28645900000.0 6.740269239457363e-11
28741600000.0 6.691808459521347e-11
28837500000.0 6.648809527561831e-11
28933800000.0 6.60083529175813e-11
29030400000.0 6.553111620173285e-11
29127300000.0 6.505637494442865e-11
29224500000.0 6.458411894317875e-11
29322100000.0 6.4114119322661e-11
29420000000.0 6.36465891341628e-11
29518200000.0 6.318151806218336e-11
29616800000.0 6.276918214567398e-11
29715600000.0 6.230883266392292e-11
29814800000.0 6.185070441673732e-11
29914400000.0 6.139479368398534e-11
30014300000.0 6.094129965770592e-11
30114500000.0 6.053987539640835e-11
30215000000.0 6.009101809568792e-11
30315900000.0 5.96443498592251e-11
30417100000.0 5.92000611509103e-11
30518600000.0 5.880714735742171e-11
30620500000.0 5.836723245793771e-11
30722700000.0 5.792967010107685e-11
30825300000.0 5.75427815113952e-11
30928200000.0 5.710954847224482e-11
31031500000.0 5.6678458056985784e-11
31135100000.0 5.6297721815706743e-11
31239000000.0 5.587109807101004e-11
31343300000.0 5.544659518226718e-11
31448000000.0 5.507176590197189e-11
31553000000.0 5.465150471338015e-11
31658300000.0 5.4280759090985335e-11
31764000000.0 5.386470814967299e-11
31870000000.0 5.345091383126091e-11
31976400000.0 5.3085971251020825e-11
32083200000.0 5.267617585674791e-11
32190300000.0 5.231507356427469e-11
32297800000.0 5.1909416328423116e-11
32405600000.0 5.155212599060042e-11
32513800000.0 5.1150576313352284e-11
32622300000.0 5.0797069349675866e-11
32731200000.0 5.039959639677138e-11
32840500000.0 5.004969159698727e-11
32950100000.0 4.965626602125437e-11
33060200000.0 4.930994241824885e-11
33170500000.0 4.896562263591589e-11
33281300000.0 4.857791672142376e-11
33392400000.0 4.823713920202136e-11
33503900000.0 4.785341053506161e-11
33615700000.0 4.7516294723433055e-11
33727900000.0 4.718085430291735e-11
33840500000.0 4.6802889141101305e-11
33953500000.0 4.647093222461002e-11
34066900000.0 4.6096734115060936e-11
34180600000.0 4.576837325071027e-11
34294700000.0 4.544165967458776e-11
34409200000.0 4.511658839353843e-11
34524100000.0 4.474983410101974e-11
34639300000.0 4.4428304694259795e-11
34755000000.0 4.4108272251610746e-11
34871000000.0 4.374709748045093e-11
34987400000.0 4.343056824884564e-11
35104200000.0 4.3115646870132925e-11
35221400000.0 4.280232807802581e-11
35339000000.0 4.244828524586014e-11
35457000000.0 4.214673261265381e-11
35575400000.0 4.1829893885133186e-11
35694200000.0 4.1514691899397345e-11
35813300000.0 4.1201235972942166e-11
35932900000.0 4.088928900656699e-11
36052900000.0 4.057896151539465e-11
36173200000.0 4.027449353692656e-11
36294000000.0 3.996737252119504e-11
36415100000.0 3.9666069467771137e-11
36536700000.0 3.9366225035851967e-11
36658700000.0 3.906794355116227e-11
36781100000.0 3.8771219192753134e-11
36903900000.0 3.847604611550953e-11
37027100000.0 3.818241845118121e-11
37150700000.0 3.789033030939692e-11
37274700000.0 3.759977577866198e-11
37399200000.0 3.731464816161175e-11
37524000000.0 3.702713083672663e-11
37649300000.0 3.6745004152167196e-11
37775000000.0 3.6464362994971454e-11
37901100000.0 3.618520147024507e-11
38027600000.0 3.5907513667777184e-11
38154600000.0 3.5631200276287073e-11
38282000000.0 3.535635080117239e-11
38409800000.0 3.508295926246269e-11
38538000000.0 3.4811019668591995e-11
38666700000.0 3.4544304598384026e-11
38795800000.0 3.427515065865878e-11
38925300000.0 3.4011274840510705e-11
39055200000.0 3.3748803313655243e-11
39185600000.0 3.348764469094784e-11
39316500000.0 3.322779587266779e-11
39447700000.0 3.2969420854799654e-11
39579400000.0 3.2712345555516695e-11
39711600000.0 3.2456566753949846e-11
39844100000.0 3.2202242814677504e-11
39977200000.0 3.1952866355715455e-11
40110600000.0 3.1701179127259256e-11
40244500000.0 3.1454485990514504e-11
40378900000.0 3.1209042529357585e-11
40513700000.0 3.096123025087351e-11
40648900000.0 3.071843862830802e-11
40784700000.0 3.047680835954773e-11
40920800000.0 3.023656018076533e-11
41057400000.0 2.9997539488337734e-11
41194500000.0 2.976337333986751e-11
41332000000.0 2.952685640647895e-11
41470000000.0 2.9295161182861894e-11
41608500000.0 2.9061059163312748e-11
41747400000.0 2.8831816722895158e-11
41886800000.0 2.8603753228178985e-11
42026600000.0 2.8373373926548986e-11
42166900000.0 2.814773535456005e-11
42307700000.0 2.7923263311002322e-11
42448900000.0 2.77000193749093e-11
42590600000.0 2.74814446620043e-11
42732800000.0 2.726050065247901e-11
42875500000.0 2.7040706873224796e-11
43018600000.0 2.6825598511363056e-11
43162300000.0 2.6608081529057013e-11
43306400000.0 2.639521784215706e-11
43450900000.0 2.6183525002648134e-11
43596000000.0 2.5972878041919836e-11
43741500000.0 2.5763393017923712e-11
43887600000.0 2.5554947645154515e-11
44034100000.0 2.5347655222871743e-11
44181100000.0 2.51414530065442e-11
44328600000.0 2.49363371278453e-11
44476600000.0 2.4735666348161838e-11
44625100000.0 2.4532700262377635e-11
44774100000.0 2.4334149125808894e-11
44923500000.0 2.4136700174054377e-11
45073500000.0 2.3936923355122303e-11
45224000000.0 2.3741516423632518e-11
45375000000.0 2.3547146284024434e-11
45526500000.0 2.3353809024037882e-11
45678500000.0 2.316150071539373e-11
45831000000.0 2.2973480692994758e-11
45984000000.0 2.278320758385296e-11
46137500000.0 2.259395158886256e-11
46291500000.0 2.2408939538439605e-11
46446100000.0 2.2224867273166258e-11
46601100000.0 2.2038617795533996e-11
46756700000.0 2.185652141755063e-11
46912800000.0 2.1675401983606186e-11
47069400000.0 2.1495255545833397e-11
47226600000.0 2.1316033011090807e-11
47384200000.0 2.1137821210743486e-11
47542400000.0 2.0960526414876867e-11
47701200000.0 2.0787281526595787e-11
47860400000.0 2.061188909346728e-11
48020200000.0 2.043740425865598e-11
48180500000.0 2.0266970714528097e-11
48341400000.0 2.0097418052458763e-11
48502700000.0 1.9925742448434013e-11
48664700000.0 1.9757994003527596e-11
48827100000.0 1.9591198193488422e-11
48990100000.0 1.9425270326924982e-11
49153700000.0 1.926020784545002e-11
49317800000.0 1.9099079444338234e-11
49482500000.0 1.8935767650175177e-11
49647700000.0 1.877335033203154e-11
49813400000.0 1.861482587269068e-11
49979700000.0 1.8454138573390775e-11
50146600000.0 1.8297280603342735e-11
50314000000.0 1.8141283009712492e-11
50482000000.0 1.7986106239803532e-11
50650500000.0 1.7828830075272132e-11
50819600000.0 1.767533116306816e-11
50989300000.0 1.752557734150155e-11
51159500000.0 1.737372379687277e-11
51330300000.0 1.7222675971759372e-11
51501700000.0 1.7072431129075114e-11
51673600000.0 1.6925913569881992e-11
51846100000.0 1.6777288731297856e-11
52019200000.0 1.6632332878170133e-11
52192900000.0 1.6488148993837747e-11
52367100000.0 1.6344765564349378e-11
52541900000.0 1.6199301407675173e-11
52717300000.0 1.6057456201214672e-11
52893400000.0 1.5919168672801122e-11
53069900000.0 1.57788617925096e-11
53247100000.0 1.5639279483890607e-11
53424900000.0 1.55004490372661e-11
53603200000.0 1.5365186411495627e-11
53782200000.0 1.5227841579873054e-11
53961800000.0 1.5094011724936777e-11
54141900000.0 1.4960931596052934e-11
54322700000.0 1.4825789652294612e-11
54504000000.0 1.4694153530499584e-11
54686000000.0 1.456320382745116e-11
54868500000.0 1.4432991333636583e-11
55051700000.0 1.430346030134008e-11
55235500000.0 1.4177342203296918e-11
55419900000.0 1.4049209864179684e-11
55604900000.0 1.3921777149738542e-11
55790600000.0 1.3797697211222316e-11
55976800000.0 1.3674318393179732e-11
56163700000.0 1.3548925842011621e-11
56351200000.0 1.3426876199830907e-11
56539400000.0 1.3305471333456579e-11
56728100000.0 1.3184755803733215e-11
56917500000.0 1.3064680028263388e-11
57107500000.0 1.2945264725431945e-11
57298200000.0 1.2826484690732487e-11
57489500000.0 1.2710961553374616e-11
57681400000.0 1.259348081048056e-11
57874000000.0 1.2476628258295207e-11
58067200000.0 1.2362998783078548e-11
58261000000.0 1.2249996774050917e-11
58455600000.0 1.2135019431019507e-11
58650700000.0 1.2023252594906895e-11
58846500000.0 1.1912085172173496e-11
59043000000.0 1.1801515153371433e-11
59240100000.0 1.1691560249167567e-11
59437900000.0 1.1584714412019803e-11
59636300000.0 1.1475954005637403e-11
59835400000.0 1.1367781864625217e-11
60035200000.0 1.1262687113827823e-11
60235600000.0 1.115569551116413e-11
60436700000.0 1.105176012200796e-11
60638500000.0 1.0948387730554664e-11
60840900000.0 1.0845594128829772e-11
61044000000.0 1.0743358991321011e-11
61247800000.0 1.064168026769419e-11
61452300000.0 1.0540555896738785e-11
61657500000.0 1.0439983806781676e-11
61863300000.0 1.0339978630304585e-11
62069800000.0 1.0242930664363035e-11
62277100000.0 1.0143994440723171e-11
62485000000.0 1.0048011745780907e-11
62693600000.0 9.950168954544012e-12
62902900000.0 9.855243082900142e-12
63112900000.0 9.760838558680057e-12
63323600000.0 9.666953325788132e-12
63535000000.0 9.573585321029927e-12
63747100000.0 9.480732474456018e-12
63959900000.0 9.388392709700209e-12
64173500000.0 9.298880004070088e-12
64387700000.0 9.207552586782115e-12
64602700000.0 9.116717899448628e-12
64818400000.0 9.028695686884392e-12
65034800000.0 8.941161125717073e-12
65251900000.0 8.854112181359048e-12
65469700000.0 8.76526240990231e-12
65688300000.0 8.679172964829638e-12
65907600000.0 8.59356333008115e-12
66127600000.0 8.510693128420998e-12
66348400000.0 8.426016723643823e-12
66569900000.0 8.34181431931019e-12
66792200000.0 8.260310656639e-12
67015100000.0 8.177042763621944e-12
67238900000.0 8.096442905724468e-12
67463300000.0 8.014089615565123e-12
67688600000.0 7.934386415837682e-12
67914600000.0 7.85513107244078e-12
68141300000.0 7.776321571759016e-12
68368800000.0 7.697944639996878e-12
68597000000.0 7.620009823874728e-12
68826000000.0 7.544677150944835e-12
69055800000.0 7.46759180222726e-12
69286400000.0 7.39093245372196e-12
69517700000.0 7.316859419459445e-12
69749800000.0 7.243194586461185e-12
69982600000.0 7.167809571980271e-12
70216300000.0 7.094963503554886e-12
70450700000.0 7.022530955082853e-12
70685900000.0 6.950500131707315e-12
70921900000.0 6.878869474202534e-12
71158700000.0 6.809739188353887e-12
71396200000.0 6.738906604061731e-12
71634600000.0 6.668459925615649e-12
71873700000.0 6.6004971833560796e-12
72113700000.0 6.530829649705596e-12
72354400000.0 6.463628820498097e-12
72596000000.0 6.3967943157986734e-12
72838400000.0 6.330333658751339e-12
73081500000.0 6.26425388353368e-12
73325500000.0 6.198536187401925e-12
73570300000.0 6.13318771609213e-12
73815900000.0 6.06820692085426e-12
74062400000.0 6.00560351252778e-12
74309600000.0 5.941346805878523e-12
74557700000.0 5.879451202803495e-12
74806600000.0 5.8159046656730185e-12
75056400000.0 5.754703240500301e-12
75307000000.0 5.6938473533328695e-12
75558400000.0 5.633335499091961e-12
75810600000.0 5.573166170848689e-12
76063700000.0 5.513330611696422e-12
76317700000.0 5.45382761778781e-12
76572500000.0 5.39466302292855e-12
76828100000.0 5.337781983123706e-12
77084600000.0 5.2792763057053934e-12
77341900000.0 5.223038430258477e-12
77600100000.0 5.167113568457234e-12
77859200000.0 5.111500545575452e-12
78119100000.0 5.054290149466903e-12
78380000000.0 4.999303537505103e-12
78641600000.0 4.9465395444822915e-12
78904200000.0 4.892167944111831e-12
79167600000.0 4.838108159780249e-12
79431900000.0 4.7843526996666186e-12
79697100000.0 4.732776953946348e-12
79963200000.0 4.681490625038343e-12
80230100000.0 4.628634200910831e-12
80498000000.0 4.5779293618997335e-12
80766700000.0 4.5275160523571394e-12
81036400000.0 4.4773818150562214e-12
81306900000.0 4.427536613612504e-12
81578300000.0 4.377973672668334e-12
81850700000.0 4.328686530875701e-12
82124000000.0 4.281500595705699e-12
82398100000.0 4.232771482515294e-12
82673200000.0 4.186123921445288e-12
82949200000.0 4.137937836098952e-12
83226200000.0 4.0918192281171815e-12
83504000000.0 4.045967830668153e-12
83782800000.0 4.000372749789938e-12
84062500000.0 3.9550377672575475e-12
84343100000.0 3.909961746711643e-12
84624700000.0 3.865138982921792e-12
84907200000.0 3.822334483934548e-12
85190700000.0 3.77801392385923e-12
85475100000.0 3.7356977925685975e-12
85760500000.0 3.691875335131759e-12
86046800000.0 3.650043537758904e-12
86334100000.0 3.6084473909046186e-12
86622300000.0 3.5670901084058497e-12
86911500000.0 3.5259665418687934e-12
87201600000.0 3.4850797773193985e-12
87492800000.0 3.4444208473858525e-12
87784900000.0 3.4057004705787097e-12
88077900000.0 3.3655044778085148e-12
88372000000.0 3.325533635679132e-12
88667000000.0 3.2874813558119746e-12
88963000000.0 3.249644911922084e-12
89260100000.0 3.2120198299449416e-12
89558100000.0 3.1729425125045546e-12
89857000000.0 3.1357574118062952e-12
90157000000.0 3.0987810672074534e-12
90458000000.0 3.063669492107331e-12
90760000000.0 3.0271095839641807e-12
91063000000.0 2.9907593288617025e-12
91367000000.0 2.9562547419194652e-12
91672100000.0 2.9203124825164896e-12
91978100000.0 2.8862064792523712e-12
92285200000.0 2.8522926580875925e-12
92593300000.0 2.8185733595299843e-12
92902400000.0 2.7850477371067952e-12
93212600000.0 2.751711991003501e-12
93523800000.0 2.7185683149469497e-12
93836000000.0 2.685615857605377e-12
94149300000.0 2.652850949025439e-12
94463600000.0 2.6218588897012383e-12
94779000000.0 2.589464329165791e-12
95095400000.0 2.5588304924539526e-12
95412900000.0 2.526803183352861e-12
95731400000.0 2.4965245364742324e-12
96051000000.0 2.46641845029339e-12
96371700000.0 2.436484238912788e-12
96693400000.0 2.4067237028104566e-12
97016200000.0 2.377133584323378e-12
97340100000.0 2.3492496527003086e-12
97665100000.0 2.3199931774698885e-12
97991200000.0 2.2909050530559436e-12
98318300000.0 2.263508056083101e-12
98646500000.0 2.2362678147301194e-12
98975900000.0 2.2076703777775782e-12
99306300000.0 2.180746754428021e-12
99637900000.0 2.1539757491339646e-12
99970500000.0 2.127361063213795e-12
100304000000.0 2.1009040321960666e-12
100639000000.0 2.074591429970229e-12
100975000000.0 2.0499142868376522e-12
101312000000.0 2.0239046113867212e-12
101650000000.0 1.998047740916785e-12
101990000000.0 1.973789989772029e-12
102330000000.0 1.9496934354491094e-12
102672000000.0 1.9242622927856375e-12
103015000000.0 1.9004333962776785e-12
103359000000.0 1.8767444974332486e-12
103704000000.0 1.853194888363624e-12
104050000000.0 1.8297838625230113e-12
104397000000.0 1.8065107147540393e-12
104746000000.0 1.7847855440600503e-12
105096000000.0 1.7617648130354356e-12
105446000000.0 1.7388969044196103e-12
105798000000.0 1.7175614897575268e-12
106152000000.0 1.694926696492058e-12
106506000000.0 1.6738466020314492e-12
106862000000.0 1.6528752382128174e-12
107218000000.0 1.6320431384267074e-12
107576000000.0 1.6113189626475355e-12
107935000000.0 1.5907175266197979e-12
108296000000.0 1.5702236808898247e-12
108657000000.0 1.5498660119051794e-12
109020000000.0 1.5296151051689383e-12
109384000000.0 1.510852095304e-12
109749000000.0 1.490837211297318e-12
110116000000.0 1.4722864972382253e-12
110483000000.0 1.4525053396433932e-12
110852000000.0 1.4341784926481805e-12
111222000000.0 1.4159605212480552e-12
111594000000.0 1.3978383060152542e-12
111966000000.0 1.3798365106253806e-12
112340000000.0 1.3619296917918503e-12
112715000000.0 1.3441297822216344e-12
113091000000.0 1.326436190592767e-12
113469000000.0 1.309232211905677e-12
113848000000.0 1.2922624939116343e-12
114228000000.0 1.275394219989654e-12
114609000000.0 1.2587573178967295e-12
114992000000.0 1.2423391180639933e-12
115376000000.0 1.2261489236385796e-12
115761000000.0 1.2101848851924452e-12
116147000000.0 1.194316398837684e-12
116535000000.0 1.1786611489129122e-12
116924000000.0 1.16322776447145e-12
117314000000.0 1.1478869468056108e-12
117706000000.0 1.13288266771025e-12
118099000000.0 1.1179685288906084e-12
118493000000.0 1.103270228900687e-12
118889000000.0 1.0886510372936623e-12
119286000000.0 1.0743706635811333e-12
119684000000.0 1.0601761704076724e-12
120084000000.0 1.0460583473418997e-12
120485000000.0 1.032273961478966e-12
120887000000.0 1.018572600158675e-12
121290000000.0 1.0050770839615642e-12
121695000000.0 9.917775507929031e-13
122102000000.0 9.786727040139752e-13
122509000000.0 9.656549312073928e-13
122918000000.0 9.528295396995264e-13
123329000000.0 9.400739708769739e-13
123740000000.0 9.275240025821406e-13
124153000000.0 9.15162850164472e-13
124568000000.0 9.029892309835044e-13
124984000000.0 8.908893275446188e-13
125401000000.0 8.789819605445567e-13
125820000000.0 8.672586066315938e-13
126240000000.0 8.557247692510626e-13
126661000000.0 8.442607578822302e-13
127084000000.0 8.328595955272748e-13
127508000000.0 8.21762224215821e-13
127934000000.0 8.107257377447248e-13
128361000000.0 7.997562762829544e-13
128790000000.0 7.890795565706555e-13
129220000000.0 7.784677047013863e-13
129651000000.0 7.67920320801934e-13
130084000000.0 7.576611273217742e-13
130518000000.0 7.474642781896733e-13
130954000000.0 7.373237567007796e-13
131391000000.0 7.273588277808666e-13
131830000000.0 7.175625288526562e-13
132270000000.0 7.078259062246577e-13
132712000000.0 6.982560204484382e-13
133155000000.0 6.888568156426618e-13
133599000000.0 6.795148585546608e-13
134045000000.0 6.703363633176732e-13
134493000000.0 6.61208910900871e-13
134942000000.0 6.52248063748811e-13
135392000000.0 6.434523628775785e-13
135844000000.0 6.347055917894803e-13
136298000000.0 6.261173783849144e-13
136753000000.0 6.175816725568285e-13
137209000000.0 6.092071396697646e-13
137667000000.0 6.008793566122125e-13
138127000000.0 5.927064967620094e-13
138588000000.0 5.846915901916943e-13
139051000000.0 5.767215332843847e-13
139515000000.0 5.688002992364078e-13
139981000000.0 5.610304077191599e-13
140448000000.0 5.534146245559344e-13
140917000000.0 5.458415725308374e-13
141387000000.0 5.384207352497191e-13
141859000000.0 5.3104158434203e-13
142333000000.0 5.238090932062688e-13
142808000000.0 5.166209961170223e-13
143285000000.0 5.095778252807999e-13
143763000000.0 5.025778967970835e-13
144243000000.0 4.957211760074781e-13
144725000000.0 4.889031819274778e-13
145208000000.0 4.822301274708666e-13
145693000000.0 4.755947896956271e-13
146179000000.0 4.691025863645821e-13
146667000000.0 4.626471002287596e-13
147157000000.0 4.563298616990192e-13
147648000000.0 4.5005150538330126e-13
148141000000.0 4.4390973334426396e-13
148636000000.0 4.3780281323415285e-13
149132000000.0 4.318338252026281e-13
149630000000.0 4.2589871745214953e-13
150129000000.0 4.200001876027412e-13
150631000000.0 4.1423177943840626e-13
151133000000.0 4.085016917057242e-13
151638000000.0 4.0290020382927557e-13
152144000000.0 3.9733328980417356e-13
152652000000.0 3.918961226279153e-13
153162000000.0 3.864899764878159e-13
153673000000.0 3.8121455674051427e-13
154186000000.0 3.7596922792694035e-13
154701000000.0 3.707538941332081e-13
155217000000.0 3.6566716859098844e-13
155736000000.0 3.606072047443975e-13
156256000000.0 3.5557857854392495e-13
156777000000.0 3.5067647060202337e-13
157301000000.0 3.4589531932991626e-13
157826000000.0 3.4114375464281477e-13
158353000000.0 3.3641944778184575e-13
158881000000.0 3.3172439378491045e-13
159412000000.0 3.2714810638477616e-13
159944000000.0 3.22693695248383e-13
160478000000.0 3.181716554224065e-13
161014000000.0 3.137686001010744e-13
161551000000.0 3.0948542420783326e-13
162091000000.0 3.052249795221508e-13
162632000000.0 3.0099097683881545e-13
163175000000.0 2.967814121941199e-13
163720000000.0 2.9268754737373956e-13
164266000000.0 2.886190908482691e-13
164815000000.0 2.846631546295104e-13
165365000000.0 2.807317877618827e-13
165917000000.0 2.768231485394788e-13
166471000000.0 2.730269928151663e-13
167027000000.0 2.6925279568957333e-13
167584000000.0 2.655020580147938e-13
168144000000.0 2.617714998754641e-13
168705000000.0 2.5815283003762013e-13
169268000000.0 2.5464349575620456e-13
169833000000.0 2.5106640850775707e-13
170400000000.0 2.475979073020096e-13
170969000000.0 2.441495560740659e-13
171540000000.0 2.408084611887568e-13
172113000000.0 2.373998796167859e-13
172687000000.0 2.3418577769087485e-13
173264000000.0 2.3090265359218577e-13
173842000000.0 2.2772604597057496e-13
174423000000.0 2.2456662937363148e-13
175005000000.0 2.2142692555559642e-13
175589000000.0 2.183055488582848e-13
176175000000.0 2.1528731580431644e-13
176764000000.0 2.122854919846435e-13
177354000000.0 2.0938675462774703e-13
177946000000.0 2.0650491865692607e-13
178540000000.0 2.0363991279489916e-13
179136000000.0 2.0079166558077221e-13
179734000000.0 1.9796010538102494e-13
180334000000.0 1.9522809502011218e-13
180936000000.0 1.9251207606093142e-13
181540000000.0 1.898119791834552e-13
182146000000.0 1.8720984451756328e-13
182754000000.0 1.846229465731404e-13
183364000000.0 1.8205121843196765e-13
183977000000.0 1.7949361743636945e-13
184591000000.0 1.7703306675488197e-13
185207000000.0 1.7458694539412592e-13
185825000000.0 1.7215518883825834e-13
186446000000.0 1.6973682211540515e-13
187068000000.0 1.6733361722148256e-13
187693000000.0 1.6502338717147477e-13
188319000000.0 1.6272762764438502e-13
188948000000.0 1.604445329527185e-13
189579000000.0 1.5825381000039785e-13
190212000000.0 1.5607598090436245e-13
190847000000.0 1.5391098583418006e-13
191484000000.0 1.5175876494751423e-13
192123000000.0 1.4961925839657978e-13
192765000000.0 1.4756922753803395e-13
193408000000.0 1.4545472565811283e-13
194054000000.0 1.4342909162154507e-13
194702000000.0 1.4149226121302382e-13
195352000000.0 1.3949029243694046e-13
196004000000.0 1.3757650305765214e-13
196658000000.0 1.3559797349080674e-13
197315000000.0 1.337063252561941e-13
197974000000.0 1.3190144562833832e-13
198635000000.0 1.3003193844989817e-13
199298000000.0 1.282485891624313e-13
199963000000.0 1.2647580078210942e-13
200631000000.0 1.2471289970488942e-13
201301000000.0 1.2296047714412935e-13
201973000000.0 1.212184808785783e-13
202647000000.0 1.1956066163878894e-13
203323000000.0 1.1783911622400998e-13
204002000000.0 1.1620058523269843e-13
204683000000.0 1.1464487466470278e-13
205367000000.0 1.1302500421986942e-13
206052000000.0 1.1141534759307598e-13
206740000000.0 1.0988710600078795e-13
207430000000.0 1.0836795732033608e-13
208123000000.0 1.0685734147264709e-13
208818000000.0 1.0535574314314927e-13
209515000000.0 1.038631155956402e-13
210214000000.0 1.0245055842190731e-13
210916000000.0 1.0097501744987216e-13
211620000000.0 9.957899917086996e-14
212327000000.0 9.819085103930149e-14
213036000000.0 9.681100777663882e-14
213747000000.0 9.550939572725764e-14
214460000000.0 9.41457979697678e-14
215176000000.0 9.28594489553041e-14
215895000000.0 9.15110855392148e-14
216616000000.0 9.023988425739044e-14
217339000000.0 8.897629842830327e-14
218064000000.0 8.778887212766417e-14
218792000000.0 8.653977095806554e-14
219523000000.0 8.529778894816117e-14
220256000000.0 8.413119011879426e-14
220991000000.0 8.29715793780883e-14
221729000000.0 8.181854960731828e-14
222469000000.0 8.067244458067881e-14
223212000000.0 7.953286992167533e-14
223957000000.0 7.840015649653708e-14
224705000000.0 7.734048048668595e-14
225455000000.0 7.622082258232786e-14
226208000000.0 7.517370904019548e-14
226963000000.0 7.413289035583046e-14
227720000000.0 7.309833134154295e-14
228481000000.0 7.206936608454081e-14
229244000000.0 7.104661256838904e-14
230009000000.0 7.009505890039711e-14
230777000000.0 6.908410812987104e-14
231547000000.0 6.814386700272906e-14
232320000000.0 6.720899071915706e-14
233096000000.0 6.627946200221465e-14
233874000000.0 6.53555428387161e-14
234655000000.0 6.443692645311433e-14
235438000000.0 6.351116022691168e-14
236224000000.0 6.262239261046992e-14
237013000000.0 6.175135873928111e-14
237804000000.0 6.088559278115934e-14
238598000000.0 6.003734905126603e-14
239395000000.0 5.920023770467182e-14
240194000000.0 5.837442232053521e-14
240996000000.0 5.755957226501744e-14
241800000000.0 5.675584348004316e-14
242608000000.0 5.596268392856589e-14
243418000000.0 5.518048083864536e-14
244230000000.0 5.4409144413847703e-14
245046000000.0 5.3648147648929006e-14
245864000000.0 5.289785503586404e-14
246685000000.0 5.215796690300861e-14
247508000000.0 5.142861440265554e-14
248334000000.0 5.070950620877141e-14
249163000000.0 5.0006568882503345e-14
249995000000.0 4.930770187441078e-14
250830000000.0 4.861885233380477e-14
251667000000.0 4.7934192928286895e-14
252508000000.0 4.7265169890948704e-14
253351000000.0 4.6606123911636263e-14
254196000000.0 4.595697128445383e-14
255045000000.0 4.5311409539920773e-14
255896000000.0 4.468147140221313e-14
256751000000.0 4.405502282667786e-14
257608000000.0 4.3438201138073306e-14
258468000000.0 4.283654556125625e-14
259331000000.0 4.2238391852407814e-14
260197000000.0 4.164372585704972e-14
261065000000.0 4.1064148248605994e-14
261937000000.0 4.0487793584785226e-14
262811000000.0 3.992634136417052e-14
263689000000.0 3.936801388112568e-14
264569000000.0 3.8818751696208034e-14
265452000000.0 3.8272698727935673e-14
266339000000.0 3.774093059704913e-14
267228000000.0 3.721241414016104e-14
268120000000.0 3.6692570082721265e-14
269015000000.0 3.6181329548479744e-14
269913000000.0 3.567308298003185e-14
270814000000.0 3.517886265348158e-14
271718000000.0 3.468753698647343e-14
272626000000.0 3.419896796028703e-14
273536000000.0 3.372433131192021e-14
274449000000.0 3.325247874954401e-14
275365000000.0 3.278882931419237e-14
276285000000.0 3.232778626371886e-14
277207000000.0 3.1880363980657474e-14
278132000000.0 3.1430191761206486e-14
279061000000.0 3.0993278595773737e-14
279993000000.0 3.0558937335942507e-14
280927000000.0 3.013258731970465e-14
281865000000.0 2.9713947342151646e-14
282806000000.0 2.9297773658368205e-14
283750000000.0 2.888932574461382e-14
284698000000.0 2.848318633372859e-14
285648000000.0 2.8090017686072086e-14
286602000000.0 2.7693850594097718e-14
287559000000.0 2.731042933900048e-14
288519000000.0 2.6929271668824874e-14
289482000000.0 2.655036691380372e-14
290448000000.0 2.6178853668947828e-14
291418000000.0 2.5814581319987686e-14
292391000000.0 2.5457579819319238e-14
293367000000.0 2.5097591718292056e-14
294347000000.0 2.474981686456927e-14
295329000000.0 2.4404184823199055e-14
296315000000.0 2.4065566197588792e-14
297304000000.0 2.3728954188394678e-14
298297000000.0 2.3394260566530877e-14
299293000000.0 2.3071550884076812e-14
