WAVE FLUX
0.000129662 0.0
0.000133601 0.0
0.00013766 0.0
0.000141842 0.0
0.00014615 0.0
0.00015059 0.0
0.000155165 0.0
0.000159879 0.0
0.000164736 0.0
0.00016974 0.0
0.000174896 0.0
0.00018021 0.0
0.000185684 0.0
0.000191325 0.0
0.000197137 0.0
0.000203126 0.0
0.000209296 0.0
0.000215654 0.0
0.000222206 0.0
0.000228956 0.0
0.000235911 0.0
0.000243078 0.0
0.000250462 0.0
0.000258071 0.0
0.000265911 0.0
0.000273989 0.0
0.000282312 0.0
0.000290888 0.0
0.000299725 0.0
0.00030883 0.0
0.000318212 0.0
0.000327879 0.0
0.00033784 0.0
0.000348103 0.0
0.000358677 0.0
0.000369574 0.0
0.000380801 0.0
0.000392369 0.0
0.000404288 0.0
0.00041657 0.0
0.000429225 0.0
0.000442264 0.0
0.000455699 0.0
0.000469543 0.0
0.000483807 0.0
0.000498504 0.0
0.000513648 0.0
0.000529252 0.0
0.00054533 0.0
0.000561896 0.0
0.000578966 0.0
0.000596554 0.0
0.000614676 0.0
0.000633349 0.0
0.00065259 0.0
0.000672414 0.0
0.000692841 0.0
0.000713889 0.0
0.000735576 0.0
0.000757921 0.0
0.000780946 0.0
0.00080467 0.0
0.000829115 0.0
0.000854302 0.0
0.000880254 0.0
0.000906995 0.0
0.000934548 0.0
0.000962938 0.0
0.000992191 0.0
0.00102233 0.0
0.00105339 0.0
0.00108539 0.0
0.00111836 0.0
0.00115234 0.0
0.00118734 0.0
0.00122341 0.0
0.00126058 0.0
0.00129887 0.0
0.00133833 0.0
0.00137899 0.0
0.00142088 0.0
0.00146404 0.0
0.00150852 0.0
0.00155434 0.0
0.00160156 0.0
0.00165022 0.0
0.00170035 0.0
0.001752 0.0
0.00180522 0.0
0.00186006 0.0
0.00191657 0.0
0.00197479 0.0
0.00203478 0.0
0.0020966 0.0
0.00216029 0.0
0.00222592 0.0
0.00229354 0.0
0.00236321 0.0
0.002435 0.0
0.00250897 0.0
0.00258519 0.0
0.00266373 0.0
0.00274465 0.0
0.00282803 0.0
0.00291394 0.0
0.00300246 0.0
0.00309367 0.0
0.00318765 0.0
0.00328449 0.0
0.00338426 0.0
0.00348707 0.0
0.003593 0.0
0.00370215 0.0
0.00381462 0.0
0.0039305 0.0
0.00404991 0.0
0.00417294 0.0
0.0042997 0.0
0.00443032 0.0
0.00456491 0.0
0.00470358 0.0
0.00484647 0.0
0.0049937 0.0
0.0051454 0.0
0.00530171 0.0
0.00546277 0.0
0.00562872 0.0
0.00579971 0.0
0.0059759 0.0
0.00615744 0.0
0.00634449 0.0
0.00653723 0.0
0.00673582 0.0
0.00694045 0.0
0.00715129 0.0
0.00736853 0.0
0.00759238 0.0
0.00782302 0.0
0.00806067 0.0
0.00830554 0.0
0.00855786 0.0
0.00881783 0.0
0.0090857 0.0
0.00936171 0.0
0.00964611 0.0
0.00993914 0.0
0.0102411 0.0
0.0105522 0.0
0.0108727 0.0
0.011203 0.0
0.0115434 0.0
0.011894 0.0
0.0122554 0.0
0.0126277 0.0
0.0130113 0.0
0.0134065 0.0
0.0138138 0.0
0.0142335 0.0
0.0146659 0.0
0.0151114 0.0
0.0155704 0.0
0.0160434 0.0
0.0165308 0.0
0.017033 0.0
0.0175504 0.0
0.0180836 0.0
0.018633 0.0
0.019199 0.0
0.0197822 0.0
0.0203832 0.0
0.0210024 0.0
0.0216404 0.0
0.0222978 0.0
0.0229752 0.0
0.0236732 0.0
0.0243923 0.0
0.0251333 0.0
0.0258968 0.0
0.0266835 0.0
0.0274941 0.0
0.0283294 0.0
0.02919 0.0
0.0300767 0.0
0.0309904 0.0
0.0319319 0.0
0.0329019 0.0
0.0339014 0.0
0.0349313 0.0
0.0359924 0.0
0.0370858 0.0
0.0382125 0.0
0.0393733 0.0
0.0405694 0.0
0.0418018 0.0
0.0430717 0.0
0.0443802 0.0
0.0457284 0.0
0.0471175 0.0
0.0485489 0.0
0.0500237 0.0
0.0515434 0.0
0.0531092 0.0
0.0547226 0.0
0.056385 0.0
0.0580979 0.0
0.0598628 0.0
0.0616813 0.0
0.0635551 0.0
0.0654858 0.0
0.0674752 0.0
0.069525 0.0
0.0716371 0.0
0.0738133 0.0
0.0760556 0.0
0.0783661 0.0
0.0807467 0.0
0.0831997 0.0
0.0857272 0.0
0.0883314 0.0
0.0910148 0.0
0.0937797 0.0
0.0966286 0.0
0.099564 0.0
0.102589 0.0
0.105705 0.0
0.108916 0.0
0.112225 0.0
0.115634 0.0
0.119147 0.0
0.122767 0.0
0.126496 0.0
0.130339 0.0
0.134298 0.0
0.138378 0.0
0.142582 0.0
0.146913 0.0
0.151376 0.0
0.155975 0.0
0.160713 0.0
0.165595 0.0
0.170626 0.0
0.175809 0.0
0.18115 0.0
0.186653 0.0
0.192323 0.0
0.198166 0.0
0.204186 0.0
0.210389 0.0
0.21678 0.0
0.223366 0.0
0.230151 0.0
0.237143 0.0
0.244347 0.0
0.25177 0.0
0.259418 0.0
0.267299 0.0
0.275419 0.0
0.283786 0.0
0.292407 0.0
0.30129 0.0
0.310442 0.0
0.319873 0.0
0.32959 0.0
0.339603 0.0
0.349919 0.0
0.36055 0.0
0.371502 0.0
0.382788 0.0
0.394417 0.0
0.406399 0.0
0.418744 0.0
0.431465 0.0
0.444572 0.0
0.458078 0.0
0.471994 0.0
0.486332 0.0
0.501106 0.0
0.516329 0.0
0.532014 0.0
0.548176 0.0
0.564829 0.0
0.581988 0.0
0.599668 0.0
0.617885 0.0
0.636655 0.0
0.655996 0.0
0.675924 0.0
0.696457 0.0
0.717615 0.0
0.739415 0.0
0.761877 0.0
0.785022 0.0
0.80887 0.0
0.833442 0.0
0.858761 0.0
0.884849 0.0
0.911729 0.0
0.939426 0.0
0.967964 0.0
0.99737 0.0
1.01281 0.0
1.01339 0.0
1.01397 0.0
1.01455 0.0
1.01513 0.0
1.01571 0.0
1.01629 0.0
1.01687 0.0
1.01745 0.0
1.01803 0.0
1.01861 0.0
1.0192 0.0
1.01978 0.0
1.02036 0.0
1.02095 0.0
1.02153 0.0
1.02211 0.0
1.0227 0.0
1.02328 0.0
1.02387 0.0
1.02445 0.0
1.02504 0.0
1.02562 0.0
1.02621 0.0
1.0268 0.0
1.02738 0.0
1.02797 0.0
1.02856 0.0
1.02915 0.0
1.02974 0.0
1.03033 0.0
1.03091 0.0
1.0315 0.0
1.03209 0.0
1.03268 0.0
1.03327 0.0
1.03386 0.0
1.03446 0.0
1.03505 0.0
1.03564 0.0
1.03623 0.0
1.03682 0.0
1.03742 0.0
1.03801 0.0
1.0386 0.0
1.0392 0.0
1.03979 0.0
1.04039 0.0
1.04098 0.0
1.04158 0.0
1.04217 0.0
1.04277 0.0
1.04336 0.0
1.04396 0.0
1.04456 0.0
1.04515 0.0
1.04575 0.0
1.04635 0.0
1.04695 0.0
1.04755 0.0
1.04815 0.0
1.04874 0.0
1.04934 0.0
1.04994 0.0
1.05054 0.0
1.05114 0.0
1.05175 0.0
1.05235 0.0
1.05295 0.0
1.05355 0.0
1.05415 0.0
1.05476 0.0
1.05536 0.0
1.05596 0.0
1.05657 0.0
1.05717 0.0
1.05777 0.0
1.05838 0.0
1.05898 0.0
1.05959 0.0
1.0602 0.0
1.0608 0.0
1.06141 0.0
1.06202 0.0
1.06262 0.0
1.06323 0.0
1.06384 0.0
1.06445 0.0
1.06505 0.0
1.06566 0.0
1.06627 0.0
1.06688 0.0
1.06749 0.0
1.0681 0.0
1.06871 0.0
1.06932 0.0
1.06994 0.0
1.07055 0.0
1.07116 0.0
1.07177 0.0
1.0724 0.0
1.07304 0.0
1.07369 0.0
1.07433 0.0
1.07498 0.0
1.07562 0.0
1.07627 0.0
1.07692 0.0
1.07756 0.0
1.07821 0.0
1.07886 0.0
1.0795 0.0
1.08015 0.0
1.0808 0.0
1.08145 0.0
1.0821 0.0
1.08275 0.0
1.0834 0.0
1.08405 0.0
1.0847 0.0
1.08535 0.0
1.086 0.0
1.08666 0.0
1.08731 0.0
1.08796 0.0
1.08861 0.0
1.08927 0.0
1.08992 0.0
1.09058 0.0
1.09123 0.0
1.09189 0.0
1.09254 0.0
1.0932 0.0
1.09385 0.0
1.09451 0.0
1.09517 0.0
1.09583 0.0
1.09648 0.0
1.09714 0.0
1.0978 0.0
1.09846 0.0
1.09912 0.0
1.09978 0.0
1.10044 0.0
1.1011 0.0
1.10176 0.0
1.10242 0.0
1.10309 0.0
1.10375 0.0
1.10441 0.0
1.10507 0.0
1.10574 0.0
1.1064 0.0
1.10707 0.0
1.10773 0.0
1.1084 0.0
1.10906 0.0
1.10973 0.0
1.11039 0.0
1.11106 0.0
1.11173 0.0
1.11239 0.0
1.11306 0.0
1.11373 0.0
1.1144 0.0
1.11507 0.0
1.11574 0.0
1.11641 0.0
1.11708 0.0
1.11775 0.0
1.11842 0.0
1.11909 0.0
1.11976 0.0
1.12044 0.0
1.12111 0.0
1.12178 0.0
1.12245 0.0
1.12313 0.0
1.1238 0.0
1.12448 0.0
1.12515 0.0
1.12583 0.0
1.1265 0.0
1.12718 0.0
1.12786 0.0
1.12854 0.0
1.12921 0.0
1.12989 0.0
1.13057 0.0
1.13125 0.0
1.13193 0.0
1.13261 0.0
1.13329 0.0
1.13397 0.0
1.13465 0.0
1.13533 0.0
1.13601 0.0
1.13669 0.0
1.13738 0.0
1.13806 0.0
1.13874 0.0
1.13945 0.0
1.14018 0.0
1.1409 0.0
1.14163 0.0
1.14236 0.0
1.14309 0.0
1.14382 0.0
1.14456 0.0
1.14529 0.0
1.14602 0.0
1.14675 0.0
1.14749 0.0
1.14822 0.0
1.14895 0.0
1.14969 0.0
1.15042 0.0
1.15116 0.0
1.15189 0.0
1.15263 0.0
1.15337 0.0
1.1541 0.0
1.15484 0.0
1.15558 0.0
1.15632 0.0
1.15706 0.0
1.1578 0.0
1.15854 0.0
1.15928 0.0
1.16002 0.0
1.16076 0.0
1.1615 0.0
1.16224 0.0
1.16299 0.0
1.16373 0.0
1.16447 0.0
1.16522 0.0
1.16596 0.0
1.16671 0.0
1.16745 0.0
1.1682 0.0
1.16895 0.0
1.16969 0.0
1.17044 0.0
1.17119 0.0
1.17194 0.0
1.17269 0.0
1.17344 0.0
1.17419 0.0
1.17494 0.0
1.17569 0.0
1.17644 0.0
1.17719 0.0
1.17795 0.0
1.1787 0.0
1.17945 0.0
1.18021 0.0
1.18096 0.0
1.18171 0.0
1.18247 0.0
1.18323 0.0
1.18398 0.0
1.18474 0.0
1.1855 0.0
1.18625 0.0
1.18701 0.0
1.18777 0.0
1.18853 0.0
1.18929 0.0
1.19005 0.0
1.19081 0.0
1.19157 0.0
1.19233 0.0
1.1931 0.0
1.19386 0.0
1.19462 0.0
1.19539 0.0
1.19615 0.0
1.19691 0.0
1.19768 0.0
1.19844 0.0
1.19921 0.0
1.19998 0.0
1.20074 0.0
1.20151 0.0
1.20228 0.0
1.20305 0.0
1.20382 0.0
1.20459 0.0
1.20536 0.0
1.20613 0.0
1.2069 0.0
1.20767 0.0
1.20844 0.0
1.20921 0.0
1.20999 0.0
1.21076 0.0
1.21153 0.0
1.21231 0.0
1.21308 0.0
1.21386 0.0
1.21463 0.0
1.21544 0.0
1.21627 0.0
1.2171 0.0
1.21793 0.0
1.21876 0.0
1.2196 0.0
1.22043 0.0
1.22126 0.0
1.2221 0.0
1.22293 0.0
1.22377 0.0
1.22461 0.0
1.22544 0.0
1.22628 0.0
1.22712 0.0
1.22796 0.0
1.22879 0.0
1.22963 0.0
1.23047 0.0
1.23132 0.0
1.23216 0.0
1.233 0.0
1.23384 0.0
1.23468 0.0
1.23553 0.0
1.23637 0.0
1.23722 0.0
1.23806 0.0
1.23891 0.0
1.23976 0.0
1.2406 0.0
1.24145 0.0
1.2423 0.0
1.24315 0.0
1.244 0.0
1.24485 0.0
1.2457 0.0
1.24655 0.0
1.2474 0.0
1.24825 0.0
1.24911 0.0
1.24996 0.0
1.25081 0.0
1.25167 0.0
1.25252 0.0
1.25338 0.0
1.25424 0.0
1.25509 0.0
1.25595 0.0
1.25681 0.0
1.25767 0.0
1.25853 0.0
1.25939 0.0
1.26025 0.0
1.26111 0.0
1.26197 0.0
1.26283 0.0
1.2637 0.0
1.26456 0.0
1.26542 0.0
1.26629 0.0
1.26715 0.0
1.26802 0.0
1.26889 0.0
1.26975 0.0
1.27062 0.0
1.27149 0.0
1.27236 0.0
1.27323 0.0
1.2741 0.0
1.27497 0.0
1.27584 0.0
1.27671 0.0
1.27758 0.0
1.27846 0.0
1.27933 0.0
1.2802 0.0
1.28108 0.0
1.28195 0.0
1.28283 0.0
1.28371 0.0
1.28458 0.0
1.28546 0.0
1.28634 0.0
1.28722 0.0
1.2881 0.0
1.28898 0.0
1.28986 0.0
1.29074 0.0
1.29162 0.0
1.29251 0.0
1.29339 0.0
1.29427 0.0
1.29516 0.0
1.29604 0.0
1.29693 0.0
1.29781 0.0
1.2987 0.0
1.29959 0.0
1.30048 0.0
1.30137 0.0
1.30229 0.0
1.30324 0.0
1.3042 0.0
1.30516 0.0
1.30612 0.0
1.30707 0.0
1.30803 0.0
1.30899 0.0
1.30995 0.0
1.31092 0.0
1.31188 0.0
1.31284 0.0
1.3138 0.0
1.31477 0.0
1.31573 0.0
1.3167 0.0
1.31767 0.0
1.31863 0.0
1.3196 0.0
1.32057 0.0
1.32154 0.0
1.32251 0.0
1.32348 0.0
1.32445 0.0
1.32542 0.0
1.3264 0.0
1.32737 0.0
1.32834 0.0
1.32932 0.0
1.3303 0.0
1.33127 0.0
1.33225 0.0
1.33323 0.0
1.33421 0.0
1.33518 0.0
1.33616 0.0
1.33715 0.0
1.33813 0.0
1.33911 0.0
1.34009 0.0
1.34108 0.0
1.34206 0.0
1.34305 0.0
1.34403 0.0
1.34502 0.0
1.346 0.0
1.34699 0.0
1.34798 0.0
1.34897 0.0
1.34996 0.0
1.35095 0.0
1.35194 0.0
1.35294 0.0
1.35393 0.0
1.35492 0.0
1.35592 0.0
1.35691 0.0
1.35791 0.0
1.35891 0.0
1.3599 0.0
1.3609 0.0
1.3619 0.0
1.3629 0.0
1.3639 0.0
1.3649 0.0
1.3659 0.0
1.36691 0.0
1.36791 0.0
1.36891 0.0
1.36992 0.0
1.37092 0.0
1.37193 0.0
1.37294 0.0
1.37394 0.0
1.37495 0.0
1.37596 0.0
1.37697 0.0
1.37798 0.0
1.37899 0.0
1.38001 0.0
1.38102 0.0
1.38203 0.0
1.38305 0.0
1.38406 0.0
1.38508 0.0
1.3861 0.0
1.38711 0.0
1.38813 0.0
1.38915 0.0
1.39017 0.0
1.39119 0.0
1.39221 0.0
1.39323 0.0
1.39426 0.0
1.39528 0.0
1.3963 0.0
1.39733 0.0
1.39835 0.0
1.39938 0.0
1.40041 0.0
1.40144 0.0
1.4025 0.0
1.4036 0.0
1.4047 0.0
1.40581 0.0
1.40691 0.0
1.40801 0.0
1.40912 0.0
1.41022 0.0
1.41133 0.0
1.41244 0.0
1.41355 0.0
1.41466 0.0
1.41577 0.0
1.41688 0.0
1.41799 0.0
1.41911 0.0
1.42022 0.0
1.42133 0.0
1.42245 0.0
1.42357 0.0
1.42468 0.0
1.4258 0.0
1.42692 0.0
1.42804 0.0
1.42916 0.0
1.43029 0.0
1.43141 0.0
1.43253 0.0
1.43366 0.0
1.43478 0.0
1.43591 0.0
1.43704 0.0
1.43816 0.0
1.43929 0.0
1.44042 0.0
1.44155 0.0
1.44269 0.0
1.44382 0.0
1.44495 0.0
1.44609 0.0
1.44722 0.0
1.44836 0.0
1.44949 0.0
1.45063 0.0
1.45177 0.0
1.45291 0.0
1.45405 0.0
1.45519 0.0
1.45634 0.0
1.45748 0.0
1.45862 0.0
1.45977 0.0
1.46091 0.0
1.46206 0.0
1.46321 0.0
1.46436 0.0
1.46551 0.0
1.46666 0.0
1.46781 0.0
1.46896 0.0
1.47011 0.0
1.47127 0.0
1.47242 0.0
1.47358 0.0
1.47474 0.0
1.47589 0.0
1.47705 0.0
1.47821 0.0
1.47937 0.0
1.48053 0.0
1.4817 0.0
1.48286 0.0
1.48402 0.0
1.48519 0.0
1.48635 0.0
1.48752 0.0
1.48869 0.0
1.48986 0.0
1.49103 0.0
1.4922 0.0
1.49337 0.0
1.49454 0.0
1.49571 0.0
1.49689 0.0
1.49806 0.0
1.49924 0.0
1.50042 0.0
1.50159 0.0
1.50277 0.0
1.50395 0.0
1.50513 0.0
1.50632 0.0
1.5075 0.0
1.50868 0.0
1.50987 0.0
1.51105 0.0
1.51224 0.0
1.51342 0.0
1.51461 0.0
1.5158 0.0
1.51699 0.0
1.51818 0.0
1.51943 0.0
1.52072 0.0
1.52202 0.0
1.52332 0.0
1.52462 0.0
1.52592 0.0
1.52722 0.0
1.52853 0.0
1.52983 0.0
1.53114 0.0
1.53244 0.0
1.53375 0.0
1.53506 0.0
1.53637 0.0
1.53768 0.0
1.53899 0.0
1.54031 0.0
1.54162 0.0
1.54294 0.0
1.54425 0.0
1.54557 0.0
1.54689 0.0
1.54821 0.0
1.54953 0.0
1.55085 0.0
1.55218 0.0
1.5535 0.0
1.55483 0.0
1.55616 0.0
1.55748 0.0
1.55881 0.0
1.56014 0.0
1.56147 0.0
1.56281 0.0
1.56414 0.0
1.56548 0.0
1.56681 0.0
1.56815 0.0
1.56949 0.0
1.57083 0.0
1.57217 0.0
1.57351 0.0
1.57485 0.0
1.5762 0.0
1.57754 0.0
1.57889 0.0
1.58023 0.0
1.58158 0.0
1.58293 0.0
1.58428 0.0
1.58564 0.0
1.58699 0.0
1.58834 0.0
1.5897 0.0
1.59106 0.0
1.59241 0.0
1.59377 0.0
1.59513 0.0
1.59649 0.0
1.59786 0.0
1.59922 0.0
1.60058 0.0
1.60195 0.0
1.60332 0.0
1.60469 0.0
1.60606 0.0
1.60743 0.0
1.6088 0.0
1.61017 0.0
1.61155 0.0
1.61292 0.0
1.6143 0.0
1.61567 0.0
1.61705 0.0
1.61843 0.0
1.61981 0.0
1.6212 0.0
1.62258 0.0
1.62397 0.0
1.62535 0.0
1.62674 0.0
1.62813 0.0
1.62952 0.0
1.63091 0.0
1.6323 0.0
1.63369 0.0
1.63509 0.0
1.63648 0.0
1.63788 0.0
1.63928 0.0
1.64067 0.0
1.64207 0.0
1.64348 0.0
1.64488 0.0
1.64628 0.0
1.64769 0.0
1.64909 0.0
1.6505 0.0
1.65191 0.0
1.65332 0.0
1.65473 0.0
1.65614 0.0
1.65762 0.0
1.65917 0.0
1.66072 0.0
1.66228 0.0
1.66383 0.0
1.66539 0.0
1.66694 0.0
1.6685 0.0
1.67006 0.0
1.67162 0.0
1.67318 0.0
1.67475 0.0
1.67631 0.0
1.67788 0.0
1.67945 0.0
1.68102 0.0
1.68259 0.0
1.68416 0.0
1.68574 0.0
1.68732 0.0
1.68889 0.0
1.69047 0.0
1.69205 0.0
1.69363 0.0
1.69522 0.0
1.6968 0.0
1.69839 0.0
1.69998 0.0
1.70156 0.0
1.70316 0.0
1.70475 0.0
1.70634 0.0
1.70794 0.0
1.70953 0.0
1.71113 0.0
1.71273 0.0
1.71433 0.0
1.71593 0.0
1.71754 0.0
1.71914 0.0
1.72075 0.0
1.72236 0.0
1.72397 0.0
1.72558 0.0
1.7272 0.0
1.72881 0.0
1.73043 0.0
1.73204 0.0
1.73366 0.0
1.73528 0.0
1.73691 0.0
1.73853 0.0
1.74016 0.0
1.74178 0.0
1.74341 0.0
1.74504 0.0
1.74667 0.0
1.7483 0.0
1.74994 0.0
1.75157 0.0
1.75321 0.0
1.75485 0.0
1.75649 0.0
1.75813 0.0
1.75978 0.0
1.76142 0.0
1.76307 0.0
1.76472 0.0
1.76637 0.0
1.76802 0.0
1.76967 0.0
1.77133 0.0
1.77298 0.0
1.77464 0.0
1.7763 0.0
1.77796 0.0
1.77962 0.0
1.78128 0.0
1.78295 0.0
1.78462 0.0
1.78628 0.0
1.78795 0.0
1.78963 0.0
1.7913 0.0
1.79297 0.0
1.79465 0.0
1.79633 0.0
1.79801 0.0
1.79969 0.0
1.80137 0.0
1.80305 0.0
1.80474 0.0
1.80643 0.0
1.80812 0.0
1.80981 0.0
1.8115 0.0
1.81319 0.0
1.81489 0.0
1.81658 0.0
1.81828 0.0
1.81998 0.0
1.82168 0.0
1.82347 0.0
1.82533 0.0
1.8272 0.0
1.82907 0.0
1.83094 0.0
1.83282 0.0
1.83469 0.0
1.83657 0.0
1.83845 0.0
1.84033 0.0
1.84221 0.0
1.8441 0.0
1.84599 0.0
1.84788 0.0
1.84977 0.0
1.85166 0.0
1.85356 0.0
1.85545 0.0
1.85735 0.0
1.85925 0.0
1.86116 0.0
1.86306 0.0
1.86497 0.0
1.86688 0.0
1.86879 0.0
1.8707 0.0
1.87261 0.0
1.87453 0.0
1.87645 0.0
1.87837 0.0
1.88029 0.0
1.88222 0.0
1.88414 0.0
1.88607 0.0
1.888 0.0
1.88993 0.0
1.89187 0.0
1.8938 0.0
1.89574 0.0
1.89768 0.0
1.89962 0.0
1.90157 0.0
1.90351 0.0
1.90546 0.0
1.90741 0.0
1.90936 0.0
1.91132 0.0
1.91327 0.0
1.91523 0.0
1.91719 0.0
1.91916 0.0
1.92112 0.0
1.92309 0.0
1.92505 0.0
1.92702 0.0
1.929 0.0
1.93097 0.0
1.93295 0.0
1.93492 0.0
1.93691 0.0
1.93889 0.0
1.94087 0.0
1.94286 0.0
1.94485 0.0
1.94684 0.0
1.94883 0.0
1.95082 0.0
1.95282 0.0
1.95482 0.0
1.95682 0.0
1.95882 0.0
1.96083 0.0
1.96283 0.0
1.96484 0.0
1.96685 0.0
1.96887 0.0
1.97088 0.0
1.9729 0.0
1.97492 0.0
1.97694 0.0
1.97896 0.0
1.98099 0.0
1.98302 0.0
1.98504 0.0
1.98708 0.0
1.98911 0.0
1.99115 0.0
1.99318 0.0
1.99522 0.0
1.99727 0.0
1.99931 0.0
2.00136 0.0
2.0034 0.0
2.00545 0.0
2.00751 0.0
2.00956 0.0
2.01162 0.0
2.01368 0.0
2.01574 0.0
2.0178 0.0
2.01987 0.0
2.02193 0.0
2.024 0.0
2.0262 0.0
2.02851 0.0
2.03084 0.0
2.03316 0.0
2.03549 0.0
2.03781 0.0
2.04015 0.0
2.04248 0.0
2.04482 0.0
2.04716 0.0
2.0495 0.0
2.05184 0.0
2.05419 0.0
2.05654 0.0
2.05889 0.0
2.06125 0.0
2.06361 0.0
2.06597 0.0
2.06833 0.0
2.0707 0.0
2.07307 0.0
2.07544 0.0
2.07782 0.0
2.08019 0.0
2.08257 0.0
2.08496 0.0
2.08734 0.0
2.08973 0.0
2.09212 0.0
2.09452 0.0
2.09691 0.0
2.09931 0.0
2.10171 0.0
2.10412 0.0
2.10653 0.0
2.10894 0.0
2.11135 0.0
2.11376 0.0
2.11618 0.0
2.1186 0.0
2.12103 0.0
2.12346 0.0
2.12588 0.0
2.12832 0.0
2.13075 0.0
2.13319 0.0
2.13563 0.0
2.13807 0.0
2.14052 0.0
2.14297 0.0
2.14542 0.0
2.14788 0.0
2.15033 0.0
2.15279 0.0
2.15526 0.0
2.15772 0.0
2.16019 0.0
2.16266 0.0
2.16514 0.0
2.16762 0.0
2.1701 0.0
2.17258 0.0
2.17506 0.0
2.17755 0.0
2.18005 0.0
2.18254 0.0
2.18504 0.0
2.18754 0.0
2.19004 0.0
2.19255 0.0
2.19505 0.0
2.19757 0.0
2.20008 0.0
2.2026 0.0
2.20512 0.0
2.20764 0.0
2.21017 0.0
2.2127 0.0
2.21523 0.0
2.21776 0.0
2.2203 0.0
2.22284 0.0
2.22538 0.0
2.22793 0.0
2.23048 0.0
2.23303 0.0
2.23559 0.0
2.23814 0.0
2.2407 0.0
2.24327 0.0
2.24583 0.0
2.2484 0.0
2.25098 0.0
2.25355 0.0
2.25613 0.0
2.25871 0.0
2.2613 0.0
2.26388 0.0
2.26647 0.0
2.26907 0.0
2.27166 0.0
2.27426 0.0
2.27687 0.0
2.27963 0.0
2.28256 0.0
2.28549 0.0
2.28843 0.0
2.29137 0.0
2.29431 0.0
2.29726 0.0
2.30021 0.0
2.30317 0.0
2.30613 0.0
2.30909 0.0
2.31206 0.0
2.31503 0.0
2.318 0.0
2.32098 0.0
2.32396 0.0
2.32695 0.0
2.32994 0.0
2.33293 0.0
2.33593 0.0
2.33893 0.0
2.34193 0.0
2.34494 0.0
2.34795 0.0
2.35097 0.0
2.35399 0.0
2.35702 0.0
2.36004 0.0
2.36308 0.0
2.36611 0.0
2.36915 0.0
2.3722 0.0
2.37524 0.0
2.37829 0.0
2.38135 0.0
2.38441 0.0
2.38747 0.0
2.39054 0.0
2.39361 0.0
2.39669 0.0
2.39977 0.0
2.40285 0.0
2.40594 0.0
2.40903 0.0
2.41212 0.0
2.41522 0.0
2.41833 0.0
2.42143 0.0
2.42454 0.0
2.42766 0.0
2.43078 0.0
2.4339 0.0
2.43703 0.0
2.44016 0.0
2.44329 0.0
2.44643 0.0
2.44958 0.0
2.45272 0.0
2.45587 0.0
2.45903 0.0
2.46219 0.0
2.46535 0.0
2.46852 0.0
2.47169 0.0
2.47487 0.0
2.47805 0.0
2.48123 0.0
2.48442 0.0
2.48761 0.0
2.49081 0.0
2.49401 0.0
2.49721 0.0
2.50042 0.0
2.50363 0.0
2.50685 0.0
2.51007 0.0
2.51329 0.0
2.51652 0.0
2.51976 0.0
2.52299 0.0
2.52623 0.0
2.52948 0.0
2.53273 0.0
2.53598 0.0
2.53924 0.0
2.5425 0.0
2.54577 0.0
2.54904 0.0
2.55232 0.0
2.5556 0.0
2.55888 0.0
2.56217 0.0
2.56546 0.0
2.56875 0.0
2.57205 0.0
2.57536 0.0
2.57867 0.0
2.58198 0.0
2.5853 0.0
2.58862 0.0
2.59195 0.0
2.59528 0.0
2.59861 0.0
2.60195 0.0
2.60553 0.0
2.60936 0.0
2.61319 0.0
2.61703 0.0
2.62088 0.0
2.62473 0.0
2.62858 0.0
2.63245 0.0
2.63631 0.0
2.64019 0.0
2.64407 0.0
2.64795 0.0
2.65184 0.0
2.65574 0.0
2.65964 0.0
2.66355 0.0
2.66746 0.0
2.67138 0.0
2.6753 0.0
2.67923 0.0
2.68317 0.0
2.68711 0.0
2.69106 0.0
2.69501 0.0
2.69897 0.0
2.70294 0.0
2.70691 0.0
2.71089 0.0
2.71487 0.0
2.71886 0.0
2.72285 0.0
2.72685 0.0
2.73086 0.0
2.73487 0.0
2.73889 0.0
2.74291 0.0
2.74694 0.0
2.75098 0.0
2.75502 0.0
2.75907 0.0
2.76312 0.0
2.76718 0.0
2.77125 0.0
2.77532 0.0
2.77939 0.0
2.78348 0.0
2.78757 0.0
2.79166 0.0
2.79576 0.0
2.79987 0.0
2.80399 0.0
2.8081 0.0
2.81223 0.0
2.81636 0.0
2.8205 0.0
2.82464 0.0
2.82879 0.0
2.83295 0.0
2.83711 0.0
2.84128 0.0
2.84545 0.0
2.84963 0.0
2.85382 0.0
2.85801 0.0
2.86221 0.0
2.86642 0.0
2.87063 0.0
2.87485 0.0
2.87907 0.0
2.8833 0.0
2.88754 0.0
2.89178 0.0
2.89603 0.0
2.90028 0.0
2.90454 0.0
2.90881 0.0
2.91308 0.0
2.91736 0.0
2.92165 0.0
2.92594 0.0
2.93024 0.0
2.93455 0.0
2.93886 0.0
2.94318 0.0
2.9475 0.0
2.95183 0.0
2.95617 0.0
2.96051 0.0
2.96486 0.0
2.96922 0.0
2.97358 0.0
2.97795 0.0
2.98232 0.0
2.9867 0.0
2.99109 0.0
2.99549 0.0
2.99989 0.0
3.00429 0.0
3.00871 0.0
3.01313 0.0
3.01755 0.0
3.02199 0.0
3.02643 0.0
3.03087 0.0
3.03533 0.0
3.04014 0.0
3.04533 0.0
3.05052 0.0
3.05573 0.0
3.06094 0.0
3.06616 0.0
3.07139 0.0
3.07662 0.0
3.08187 0.0
3.08713 0.0
3.09239 0.0
3.09766 0.0
3.10295 0.0
3.10824 0.0
3.11354 0.0
3.11885 0.0
3.12417 0.0
3.1295 0.0
3.13483 0.0
3.14018 0.0
3.14553 0.0
3.1509 0.0
3.15627 0.0
3.16166 0.0
3.16705 0.0
3.17245 0.0
3.17786 0.0
3.18328 0.0
3.18871 0.0
3.19414 0.0
3.19959 0.0
3.20505 0.0
3.21051 0.0
3.21599 0.0
3.22147 0.0
3.22697 0.0
3.23247 0.0
3.23798 0.0
3.24351 0.0
3.24904 0.0
3.25458 0.0
3.26013 0.0
3.26569 0.0
3.27126 0.0
3.27684 0.0
3.28242 0.0
3.28802 0.0
3.29363 0.0
3.29925 0.0
3.30487 0.0
3.31051 0.0
3.31616 0.0
3.32181 0.0
3.32748 0.0
3.33315 0.0
3.33883 0.0
3.34453 0.0
3.35023 0.0
3.35595 0.0
3.36167 0.0
3.3674 0.0
3.37314 0.0
3.3789 0.0
3.38466 0.0
3.39043 0.0
3.39621 0.0
3.40201 0.0
3.40781 0.0
3.41362 0.0
3.41944 0.0
3.42527 0.0
3.43111 0.0
3.43696 0.0
3.44283 0.0
3.4487 0.0
3.45458 0.0
3.46047 0.0
3.46637 0.0
3.47228 0.0
3.47821 0.0
3.48414 0.0
3.49008 0.0
3.49603 0.0
3.50199 0.0
3.50797 0.0
3.51395 0.0
3.51994 0.0
3.52594 0.0
3.53196 0.0
3.53798 0.0
3.54401 0.0
3.55006 0.0
3.55611 0.0
3.56218 0.0
3.56825 0.0
3.57434 0.0
3.58043 0.0
3.58654 0.0
3.59265 0.0
3.59878 0.0
3.60492 0.0
3.61107 0.0
3.61722 0.0
3.62339 0.0
3.62957 0.0
3.63576 0.0
3.64196 0.0
3.6488 0.0
3.65628 0.0
3.66377 0.0
3.67128 0.0
3.6788 0.0
3.68634 0.0
3.69389 0.0
3.70146 0.0
3.70905 0.0
3.71665 0.0
3.72427 0.0
3.7319 0.0
3.73955 0.0
3.74721 0.0
3.75489 0.0
3.76258 0.0
3.77029 0.0
3.77802 0.0
3.78576 0.0
3.79352 0.0
3.8013 0.0
3.80909 0.0
3.81689 0.0
3.82471 0.0
3.83255 0.0
3.84041 0.0
3.84828 0.0
3.85616 0.0
3.86406 0.0
3.87198 0.0
3.87992 0.0
3.88787 0.0
3.89584 0.0
3.90382 0.0
3.91182 0.0
3.91984 0.0
3.92787 0.0
3.93592 0.0
3.94398 0.0
3.95207 0.0
3.96017 0.0
3.96828 0.0
3.97641 0.0
3.98456 0.0
3.99273 0.0
4.00091 0.0
4.00911 0.0
4.01732 0.0
4.02556 0.0
4.03381 0.0
4.04207 0.0
4.05036 0.0
4.05866 0.0
4.06697 0.0
4.07531 0.0
4.08366 0.0
4.09203 0.0
4.10041 0.0
4.10882 0.0
4.11724 0.0
4.12567 0.0
4.13413 0.0
4.1426 0.0
4.15109 0.0
4.1596 0.0
4.16812 0.0
4.17666 0.0
4.18522 0.0
4.1938 0.0
4.20239 0.0
4.21101 0.0
4.21963 0.0
4.22828 0.0
4.23695 0.0
4.24563 0.0
4.25433 0.0
4.26305 0.0
4.27178 0.0
4.28054 0.0
4.28931 0.0
4.2981 0.0
4.30691 0.0
4.31573 0.0
4.32458 0.0
4.33344 0.0
4.34232 0.0
4.35122 0.0
4.36014 0.0
4.36907 0.0
4.37803 0.0
4.387 0.0
4.39599 0.0
4.405 0.0
4.41402 0.0
4.42307 0.0
4.43213 0.0
4.44122 0.0
4.45032 0.0
4.45944 0.0
4.46858 0.0
4.47773 0.0
4.48691 0.0
4.4961 0.0
4.50532 0.0
4.51455 0.0
4.5238 0.0
4.53307 0.0
4.54236 0.0
4.55167 0.0
4.56219 0.0
4.57392 0.0
4.58568 0.0
4.59748 0.0
4.6093 0.0
4.62116 0.0
4.63304 0.0
4.64496 0.0
4.6569 0.0
4.66888 0.0
4.68089 0.0
4.69293 0.0
4.705 0.0
4.7171 0.0
4.72923 0.0
4.74139 0.0
4.75359 0.0
4.76581 0.0
4.77807 0.0
4.79036 0.0
4.80268 0.0
4.81503 0.0
4.82741 0.0
4.83983 0.0
4.85228 0.0
4.86476 0.0
4.87727 0.0
4.88981 0.0
4.90239 0.0
4.915 0.0
4.92764 0.0
4.94031 0.0
4.95302 0.0
4.96576 0.0
4.97853 0.0
4.99133 0.0
5.00417 0.0
5.01704 0.0
5.02994 0.0
5.04288 0.0
5.05585 0.0
5.06885 0.0
5.08189 0.0
5.09496 0.0
5.10806 0.0
5.1212 0.0
5.13437 0.0
5.14758 0.0
5.16081 0.0
5.17409 0.0
5.18739 0.0
5.20074 0.0
5.21411 0.0
5.22752 0.0
5.24097 0.0
5.25445 0.0
5.26796 0.0
5.28151 0.0
5.29509 0.0
5.30871 0.0
5.32236 0.0
5.33605 0.0
5.34978 0.0
5.36354 0.0
5.37733 0.0
5.39116 0.0
5.40502 0.0
5.41893 0.0
5.43286 0.0
5.44684 0.0
5.46084 0.0
5.47489 0.0
5.48897 0.0
5.50309 0.0
5.51724 0.0
5.53143 0.0
5.54566 0.0
5.55992 0.0
5.57422 0.0
5.58855 0.0
5.60293 0.0
5.61734 0.0
5.63179 0.0
5.64627 0.0
5.66079 0.0
5.67535 0.0
5.68995 0.0
5.70458 0.0
5.71925 0.0
5.73396 0.0
5.74871 0.0
5.76349 0.0
5.77832 0.0
5.79318 0.0
5.80808 0.0
5.82301 0.0
5.83799 0.0
5.85301 0.0
5.86806 0.0
5.88315 0.0
5.89828 0.0
5.91345 0.0
5.92866 0.0
5.94391 0.0
5.9592 0.0
5.97452 0.0
5.98989 0.0
6.00529 0.0
6.02074 0.0
6.03622 0.0
6.05175 0.0
6.06731 0.0
6.08521 0.0
6.10547 0.0
6.12579 0.0
6.14618 0.0
6.16665 0.0
6.18717 0.0
6.20777 0.0
6.22844 0.0
6.24917 0.0
6.26998 0.0
6.29085 0.0
6.31179 0.0
6.3328 0.0
6.35388 0.0
6.37504 0.0
6.39626 0.0
6.41755 0.0
6.43892 0.0
6.46035 0.0
6.48186 0.0
6.50344 0.0
6.52509 0.0
6.54681 0.0
6.5686 0.0
6.59047 0.0
6.61241 0.0
6.63442 0.0
6.65651 0.0
6.67867 0.0
6.7009 0.0
6.72321 0.0
6.74559 0.0
6.76805 0.0
6.79058 0.0
6.81318 0.0
6.83587 0.0
6.85862 0.0
6.88145 0.0
6.90436 0.0
6.92735 0.0
6.95041 0.0
6.97355 0.0
6.99676 0.0
7.02005 0.0
7.04342 0.0
7.06687 0.0
7.0904 0.0
7.114 0.0
7.13768 0.0
7.16145 0.0
7.18529 0.0
7.20921 0.0
7.23321 0.0
7.25728 0.0
7.28144 0.0
7.30568 0.0
7.33 0.0
7.35441 0.0
7.37889 0.0
7.40345 0.0
7.4281 0.0
7.45283 0.0
7.47764 0.0
7.50253 0.0
7.52751 0.0
7.55257 0.0
7.57771 0.0
7.60294 0.0
7.62825 0.0
7.65364 0.0
7.67912 0.0
7.70468 0.0
7.73033 0.0
7.75607 6.053069907440783e-21
7.78189 8.973135082920386e-21
7.80779 1.329244339101713e-20
7.83379 1.9703560804472523e-20
7.85986 2.920296668818013e-20
7.88603 4.3273478547056403e-20
7.91228 6.413261523346648e-20
7.93862 9.505334236239301e-20
7.96505 1.4083429881420588e-19
7.99157 2.100571536309247e-19
8.01817 3.02978972954475e-19
8.04486 4.354610533632538e-19
8.07164 6.258039028930733e-19
8.09851 8.990855343956195e-19
8.12548 1.2925204365876762e-18
8.15253 1.858093151198398e-18
8.17966 2.669808804665565e-18
8.2069 3.837720003734073e-18
8.23422 5.514874846189928e-18
8.26163 7.927232243067767e-18
8.28913 1.1392832700078161e-17
8.31673 1.63723606312016e-17
8.34441 2.3532275310394204e-17
8.37219 3.381923670729817e-17
8.40006 4.86030167695037e-17
8.42803 6.982289085052761e-17
8.45608 1.0042454360096656e-16
8.48423 1.4429614031021137e-16
8.51248 2.073905907943298e-16
8.54082 2.9802072979387895e-16
8.56925 4.283306488888395e-16
8.59777 6.156068372603954e-16
8.6264 8.845396622009651e-16
8.65511 1.2713337482881638e-15
8.68393 1.827394371541458e-15
8.71284 2.626646138311635e-15
8.74184 3.7748732236955806e-15
8.77094 5.425230279692232e-15
8.80014 7.794088183089433e-15
8.82944 1.1205886258069851e-14
8.85883 1.6107860173979035e-14
8.88832 2.3150291793117027e-14
8.91791 3.326521152357837e-14
8.9476 4.7812689494383827e-14
8.97739 6.86865392163319e-14
9.00727 9.2090996782491e-14
9.03726 1.0312615586173709e-13
9.06734 1.145840260870674e-13
9.09753 1.2732638339708953e-13
9.12785 1.4158648606005927e-13
9.15832 1.5734830899233417e-13
9.18889 1.7496479333314995e-13
9.21957 1.9447778575517552e-13
9.25034 2.1617256950275255e-13
9.28122 2.4032966625517204e-13
9.3122 2.671658994798948e-13
9.34328 2.9701538331764426e-13
9.37447 3.3020726306078907e-13
9.40576 3.6706673708698773e-13
9.43716 4.0809276343213734e-13
9.46866 4.536592498560613e-13
9.50027 5.043118129800484e-13
9.53198 5.606485433833596e-13
9.5638 6.235525832834913e-13
9.59572 6.930745295926512e-13
9.62775 7.703153968950035e-13
9.65989 8.563616749956792e-13
9.69213 9.517048333092195e-13
9.72449 1.0579845398092751e-12
9.75695 1.1762447781005308e-12
9.78951 1.3080884595294065e-12
9.82219 1.4539468353914145e-12
9.85498 1.6159624543023612e-12
9.88787 1.796818555394691e-12
9.92088 1.997453502512961e-12
9.954 2.2204941474243392e-12
9.98722 2.4696596261834854e-12
10.0206 2.708700076402769e-12
10.054 2.9489479203213924e-12
10.0876 3.210429391994895e-12
10.1212 3.495212085735598e-12
10.155 3.80465340543592e-12
10.1889 4.141846476329731e-12
10.2229 4.509259572634983e-12
10.2571 4.908729645285758e-12
10.2913 5.3438479147936205e-12
10.3256 5.819112193421389e-12
10.3601 6.332418166077286e-12
10.3947 6.896425548670893e-12
10.4294 7.505214070466893e-12
10.4642 8.169083742257679e-12
10.4991 8.892831473309732e-12
10.5342 9.681095381390926e-12
10.5693 1.0544043215490181e-11
10.6046 1.1475406618908946e-11
10.64 1.2495739627726997e-11
10.6755 1.359885353555712e-11
10.7112 1.480478586176328e-11
10.7469 1.6117984415328353e-11
10.7828 1.7547503414386038e-11
10.8188 1.910269229112735e-11
10.8549 2.079263328699427e-11
10.8911 2.263662204846535e-11
10.9275 2.464315818444022e-11
10.964 2.6831302127366416e-11
11.0006 2.913775761571893e-11
11.0373 3.1137814785970475e-11
11.0741 3.321076281761926e-11
11.1111 3.542138940259947e-11
11.1482 3.7778646120553094e-11
11.1854 4.02910797034044e-11
11.2227 4.297213318366113e-11
11.2602 4.582965461578606e-11
11.2978 4.887712076481992e-11
11.3355 5.211256083071756e-11
11.3733 5.560333869208519e-11
11.4113 5.931669605994232e-11
11.4494 6.325077459980262e-11
11.4876 6.745229599216377e-11
11.526 7.191786777360933e-11
11.5644 7.669464848072605e-11
11.603 8.18266716250667e-11
11.6418 8.7261767875555e-11
11.6806 9.304644082366289e-11
11.7196 9.927162620056865e-11
11.7587 1.0588563377151826e-10
11.798 1.128834726997609e-10
11.8374 1.2040469727805825e-10
11.8769 1.284439087448471e-10
11.9165 1.3694849753858392e-10
11.9563 1.4610080137847797e-10
11.9962 1.557074462795661e-10
12.0363 1.6501372344028745e-10
12.0764 1.7463124117062922e-10
12.1167 1.8483271543632624e-10
12.1572 1.9561183547259038e-10
12.1978 2.0701018042134788e-10
12.2385 2.190673211068485e-10
12.2793 2.3182227217396161e-10
12.3203 2.453572143554146e-10
12.3614 2.5966583019059573e-10
12.4027 2.7482867438957526e-10
12.4441 2.908388479378726e-10
12.4856 3.078228441184674e-10
12.5273 3.2576797750170843e-10
12.5691 3.4475617275535564e-10
12.6111 3.648630205971657e-10
12.6532 3.8612398424179547e-10
12.6954 4.0866015028566797e-10
12.7378 4.324991278924517e-10
12.7803 4.5780666102715277e-10
12.823 4.843881145898457e-10
12.8658 5.125399323836939e-10
12.9087 5.426820797027586e-10
12.9518 5.743548547439071e-10
12.9951 6.084082439465393e-10
13.0384 6.534648559679828e-10
13.082 7.042336335004704e-10
13.1256 7.585264053140397e-10
13.1694 8.175785847020796e-10
13.2134 8.809139805429268e-10
13.2575 9.489189970420554e-10
13.3018 1.0228080192624452e-09
13.3462 1.1016835159010209e-09
13.3907 1.187176266840445e-09
13.4354 1.2792090894213516e-09
13.4803 1.3785483114930807e-09
13.5253 1.4851277418324167e-09
13.5704 1.6005328711596812e-09
13.6157 1.7242472000451062e-09
13.6611 1.858257289583765e-09
13.7067 2.0020324483440307e-09
13.7525 2.1571071623212855e-09
13.7984 2.3246033444431262e-09
13.8445 2.5047824811616784e-09
13.8907 2.6987461341884964e-09
13.937 2.907969256681365e-09
13.9836 3.1334591043753497e-09
14.0302 3.3373826188019257e-09
14.0771 3.5318799169292728e-09
14.1241 3.738216267721806e-09
14.1712 3.956666882804019e-09
14.2185 4.186285208283941e-09
14.266 4.4328715263331876e-09
14.3136 4.6895912100712115e-09
14.3614 4.964145877803325e-09
14.4093 5.256383085208676e-09
14.4574 5.562187421118095e-09
14.5057 5.885293392918057e-09
14.5541 6.229427411895904e-09
14.6027 6.594328158459798e-09
14.6514 6.979821674505618e-09
14.7003 7.385645186996616e-09
14.7494 7.815397958170891e-09
14.7986 8.272685541227581e-09
14.848 8.757165999521857e-09
14.8976 9.268549308325901e-09
14.9473 9.810380159486821e-09
14.9972 1.0371011103294134e-08
15.0473 1.0882869732261616e-08
15.0975 1.1402445591344238e-08
15.1479 1.1948160590755443e-08
15.1985 1.2519733145666643e-08
15.2492 1.3116969383341414e-08
15.3001 1.3746873775785254e-08
15.3512 1.4401760142377105e-08
15.4024 1.5092420572889565e-08
15.4538 1.5811095829728285e-08
15.5054 1.6568374965594164e-08
15.5572 1.736022492113233e-08
15.6091 1.818999528807196e-08
15.6612 1.9060767181223456e-08
15.7135 1.9972099514789085e-08
15.7659 2.092368667137483e-08
15.8185 2.1925651829659532e-08
15.8713 2.29739081353336e-08
15.9243 2.407149191599138e-08
15.9775 2.522492009275889e-08
16.0308 2.629675953305104e-08
16.0843 2.7319141666490065e-08
16.138 2.8379756792027903e-08
16.1919 2.9485140895063365e-08
16.2459 3.062806356233483e-08
16.3002 3.1818104600222384e-08
16.3546 3.305513342976318e-08
16.4092 3.435217798777994e-08
16.4639 3.5674606959114114e-08
16.5189 3.705578587267024e-08
16.574 3.8495519382814e-08
16.6294 3.999271846911371e-08
16.6849 4.154722797443277e-08
16.7406 4.3158192227982276e-08
16.7964 4.4858785661458834e-08
16.8525 4.658070379984576e-08
16.9088 4.839053628766645e-08
16.9652 5.028764029107279e-08
17.0218 5.2171559420937954e-08
17.0786 5.397641305351269e-08
17.1357 5.586691361843066e-08
17.1929 5.781002813183209e-08
17.2502 5.980519941247191e-08
17.3078 6.188369723670772e-08
17.3656 6.40449535318778e-08
17.4236 6.628807025896395e-08
17.4817 6.861254813697817e-08
17.5401 7.098462390916539e-08
17.5986 7.346853360004311e-08
17.6574 7.603036998026358e-08
17.7163 7.867011510623059e-08
17.7755 8.141771427780635e-08
17.8348 8.424132515783752e-08
17.8943 8.720259718775744e-08
17.954 9.023733261000306e-08
18.014 9.331292115931585e-08
18.0741 9.636755655041392e-08
18.1344 9.949400762214227e-08
18.195 1.0272184250177213e-07
18.2557 1.0605105426459342e-07
18.3166 1.0951072696398707e-07
18.3778 1.1306819348347569e-07
18.4391 1.1675411240487371e-07
18.5007 1.205354054933284e-07
18.5624 1.244426174378404e-07
18.6244 1.2850329026590685e-07
18.6865 1.3268698577478805e-07
18.7489 1.36990953244448e-07
18.8115 1.414444769779935e-07
18.8743 1.4604592731071663e-07
18.9373 1.5076395030769045e-07
19.0005 1.556565125599769e-07
19.0639 1.6057402918031824e-07
19.1275 1.656044201300499e-07
19.1914 1.7080420175689306e-07
19.2554 1.761440292561767e-07
19.3197 1.8167884352887396e-07
19.3842 1.8737836310619132e-07
19.4489 1.9324077347994636e-07
19.5138 1.9929313212129246e-07
19.5789 2.0556212665249243e-07
19.6443 2.1201566614680827e-07
19.7099 2.186527282483554e-07
19.7756 2.255009013223586e-07
19.8416 2.325840217614848e-07
19.9079 2.398711459193877e-07
19.9743 2.4741877614980014e-07
20.041 2.5505307011632956e-07
20.1079 2.629141572346111e-07
20.175 2.709716353897384e-07
20.2423 2.793067709342805e-07
20.3099 2.8780423259697264e-07
20.3777 2.967950990822152e-07
20.4457 3.057233451294922e-07
20.514 3.1513681764007966e-07
20.5824 3.25033432895642e-07
20.6511 3.3485962401004945e-07
20.7201 3.451592225020504e-07
20.7892 3.5593049292631123e-07
20.8586 3.666251234945109e-07
20.9282 3.780524487157874e-07
20.9981 3.896666364961088e-07
21.0682 4.0093265946308084e-07
21.1385 4.126528601839936e-07
21.209 4.2482239080139333e-07
21.2798 4.3716975602769856e-07
21.3509 4.4995641564233e-07
21.4221 4.629189099790167e-07
21.4936 4.765748775029479e-07
21.5654 4.903945987107728e-07
21.6373 5.046407889887078e-07
21.7096 5.193018379307575e-07
21.782 5.346386960246982e-07
21.8547 5.501240584031099e-07
21.9277 5.662694354842102e-07
22.0009 5.825583329798259e-07
22.0743 5.982235623796204e-07
22.148 6.14285159410565e-07
22.2219 6.304879566786817e-07
22.2961 6.473323494836765e-07
22.3705 6.648142477387723e-07
22.4452 6.824220210584659e-07
22.5201 7.006569342052188e-07
22.5952 7.192630414219194e-07
22.6707 7.384780435535894e-07
22.7463 7.583048649387532e-07
22.8223 7.784801833877612e-07
22.8984 7.992558645240209e-07
22.9749 8.206149557132077e-07
23.0516 8.408478135399559e-07
23.1285 8.609390306842173e-07
23.2057 8.816137045068406e-07
23.2831 9.026272483808855e-07
23.3609 9.239678438539499e-07
23.4388 9.461237548600928e-07
23.5171 9.685953242512845e-07
23.5956 9.918639864932989e-07
23.6743 1.0154454928788106e-06
23.7533 1.039568836470409e-06
23.8326 1.064464003080678e-06
23.9122 1.089886878464582e-06
23.992 1.1609012195696062e-06
24.0721 1.7414058286345045e-06
24.1524 2.8491710403808855e-06
24.233 4.659237007243748e-06
24.3139 7.62220919995705e-06
24.3951 1.2467494426448079e-05
24.4765 2.0391024253035905e-05
24.5582 3.336368940890243e-05
24.6402 5.455264327321718e-05
24.7224 8.924448977175924e-05
24.8049 0.0001459985818183225
24.8877 0.00023871257893619697
24.9708 0.0003923958451101323
25.0541 0.0004756028681694884
25.1377 0.0004939587273484494
25.2217 0.0005128545911037422
25.3058 0.0005322904962233002
25.3903 0.0005526978991872592
25.4751 0.0005738473743128468
25.5601 0.000595733121787333
25.6454 0.0006185644801233731
25.731 0.0006421123942377581
25.8169 0.0006668051637311978
25.903 0.0006921984168686421
25.9895 0.0007161123236284079
26.0763 0.0007135126512824457
26.1633 0.0007038220031226249
26.2506 0.000694402176188886
26.3382 0.0006848231857881595
26.4261 0.000675726227865465
26.5144 0.0006664671432188308
26.6028 0.0006574787338337028
26.6916 0.0006487511196408294
26.7807 0.0006398639401985395
26.8701 0.0006312382294017871
26.9598 0.0006228716740749915
27.0498 0.0006166356140394983
27.1401 0.0006125090611163907
27.2307 0.0006084031738649499
27.3216 0.0006043178819514091
27.4128 0.0006002531146210147
27.5043 0.0005962088007126989
27.5961 0.0005921848686735307
27.6882 0.0005881812465729427
27.7806 0.0005844005678287853
27.8733 0.000580436674221699
27.9663 0.0005764928749438796
28.0597 0.0005709615403967191
28.1533 0.0005646628010350597
28.2473 0.0005585972543922763
28.3416 0.0005523674007573842
28.4362 0.0005461731042338995
28.5311 0.0005402115801434439
28.6263 0.0005342839836739366
28.7219 0.0005283883235252476
28.8178 0.0005225263405629301
28.9139 0.0005166996691794951
29.0104 0.0005105163313741097
29.1073 0.0005020454648508497
29.2044 0.0004936274307436825
29.3019 0.00048525856404425875
29.3997 0.0004771318817345143
29.4978 0.0004690543175793425
29.5963 0.0004612143410175504
29.6951 0.0004534217952801481
29.7942 0.0004456764439048313
29.8936 0.00043816642837460833
29.9934 0.0004307004468159347
30.0935 0.00042253126005890483
30.194 0.00041441074940836754
30.2948 0.0004063400933721249
30.3959 0.00039850429959460037
30.4973 0.0003909012635777346
30.5991 0.00038334360720972105
30.7013 0.00037601459623327926
30.8037 0.00036873182362192117
30.9066 0.000361673665610984
31.0097 0.0003548416604529025
31.1132 0.00034823145317821274
31.2171 0.00034184109178003193
31.3213 0.0003356697049513451
31.4258 0.00032953609814797706
31.5307 0.0003234390450153289
31.6359 0.00031755741946507064
31.7415 0.00031188826370994735
31.8475 0.00030607603712503304
31.9538 0.00030047578530358694
32.0604 0.00029350474149091987
32.1674 0.0002853509041958241
32.2748 0.00027742217530290147
32.3825 0.000269543542694462
32.4906 0.0002620605618778625
32.5991 0.0002547968287007436
32.7079 0.0002477511852351269
32.817 0.00024092165557210206
32.9266 0.00023413382949552454
33.0365 0.00022755943323079234
33.1468 0.00022085607646248615
33.2574 0.00021436457633334139
33.3684 0.00020808237772606012
33.4798 0.0002020076240355119
33.5915 0.0001961390523125809
33.7036 0.00019030712150429016
33.8161 0.00018484472773365525
33.929 0.0001794164430043952
34.0423 0.0001741875395664293
34.1559 0.00016932158234087
34.2699 0.00016465028718131228
34.3843 0.00015997535101230418
34.499 0.00015549329932038484
34.6142 0.00015113638265445924
34.7297 0.00014690438994533346
34.8456 0.00014279577847054874
34.9619 0.0001387933552871638
35.0786 0.00013463934772826617
35.1957 0.00013051140446779642
35.3132 0.00012648913993593675
35.4311 0.00012260342622602932
35.5493 0.00011883752943970353
35.668 0.00011517391944646944
35.787 0.00011162809132100849
35.9065 0.00010819836021822315
36.0263 0.0001047592475770622
36.1466 0.00010112342350234067
36.2672 9.760407670667543e-05
36.3883 9.419961837418654e-05
36.5097 9.092496723466177e-05
36.6316 8.774768839912217e-05
36.7539 8.469781625590978e-05
36.8765 8.174386285485107e-05
36.9996 7.88693002834456e-05
37.1231 7.586129069672969e-05
37.247 7.294803988810354e-05
37.3714 7.012851126563766e-05
37.4961 6.743228097124653e-05
37.6212 6.484304665778079e-05
37.7468 6.234474303701194e-05
37.8728 5.993672263918418e-05
37.9992 5.760334392278611e-05
38.1261 5.5107470211936e-05
38.2533 5.2701348559624546e-05
38.381 5.038388048296062e-05
38.5091 4.818364587045619e-05
38.6376 4.6070397765790064e-05
38.7666 4.4057749093896195e-05
38.896 4.21304070979899e-05
39.0258 4.030201212341156e-05
39.1561 3.8614682581817755e-05
39.2868 3.699550472625972e-05
39.4179 3.5458136041477594e-05
39.5495 3.397324649237839e-05
39.6815 3.25546433011077e-05
39.8139 3.1187565901524634e-05
39.9468 2.9885565213287282e-05
40.0801 2.8535713442729702e-05
40.2139 2.7166465898332257e-05
40.3482 2.586180677560742e-05
40.4828 2.4621263248090783e-05
40.6179 2.3444109961807043e-05
40.7535 2.2315941897181228e-05
40.8895 2.125013699647819e-05
41.026 2.0218604606567243e-05
41.163 1.922104136533718e-05
41.3004 1.8270824610535016e-05
41.4382 1.7367510887531954e-05
41.5765 1.649707579607053e-05
41.7153 1.5686222286128898e-05
41.8545 1.4907513469055717e-05
41.9942 1.417402789765854e-05
42.1344 1.3485341860340528e-05
42.275 1.2843728573343893e-05
42.4161 1.2228794761130458e-05
42.5577 1.1641619942614147e-05
42.6998 1.1084586200797375e-05
42.8423 1.05521800764776e-05
42.9853 1.0044148137451533e-05
43.1288 9.532846104225279e-06
43.2727 9.041769346644783e-06
43.4171 8.575898676440654e-06
43.5621 8.134980800166168e-06
43.7075 7.716244048516978e-06
43.8533 7.318195129414716e-06
43.9997 6.939327845564801e-06
44.1466 6.559072312592832e-06
44.2939 6.196539353279162e-06
44.4418 5.855337545079702e-06
44.5901 5.532767430016147e-06
44.7389 5.2273819921341565e-06
44.8883 4.939009536808183e-06
45.0381 4.667513010779999e-06
45.1884 4.412722026604229e-06
45.3393 4.170743573247943e-06
45.4906 3.942714951759814e-06
45.6424 3.72726147717595e-06
45.7948 3.5242574588065057e-06
45.9476 3.331150304793579e-06
46.101 3.145389955309387e-06
46.2549 2.968134405071606e-06
46.4092 2.8005242042064912e-06
46.5642 2.6436601210135354e-06
46.7196 2.4938422767134226e-06
46.8755 2.3534020692401584e-06
47.032 2.2186540060885423e-06
47.189 2.0847776331781895e-06
47.3465 1.9577154080013983e-06
47.5045 1.8397744095636303e-06
47.6631 1.7273195777332033e-06
47.8221 1.6226624357784245e-06
47.9818 1.5245449126507693e-06
48.1419 1.432915136810498e-06
48.3026 1.3465394577511482e-06
48.4638 1.2653714288043153e-06
48.6256 1.18935931572598e-06
48.7879 1.1175335276979328e-06
48.9507 1.050314785204893e-06
49.1141 9.880012884720054e-07
49.278 9.300913029911732e-07
49.4425 8.754020636710684e-07
49.6076 8.240170312859383e-07
49.7731 7.756820230341576e-07
49.9393 7.302507264846738e-07
50.1059 6.925329393476442e-07
50.2732 6.597605947294578e-07
50.441 6.285391227750368e-07
50.6094 5.988528393635784e-07
50.7783 5.705777474713268e-07
50.9478 5.435890468950598e-07
51.1178 5.187572079755033e-07
51.2884 4.955115599288164e-07
51.4596 4.7328998408632326e-07
51.6314 4.520830682560719e-07
51.8037 4.318822880616071e-07
51.9766 4.1256908389325326e-07
52.1501 3.9499915245178935e-07
52.3242 3.78402395929581e-07
52.4988 3.625558623767688e-07
52.6741 3.472374072952115e-07
52.8499 3.3265674753019966e-07
53.0263 4.345621617242956e-07
53.2033 1.3495196797351042e-06
53.3808 4.712360234441229e-06
53.559 1.6454681875808765e-05
53.7378 5.7488837771754756e-05
53.9171 0.00021390012353647805
54.0971 0.0003337314549363626
54.2777 0.0002941299405101754
54.4588 0.00025923514224138736
54.6406 0.00022848507769160508
54.823 0.0002014291892504029
55.006 0.0001777244850354475
55.1896 0.00015723636689823472
55.3738 0.00013922163460458446
55.5586 0.00012325084047735418
55.7441 0.00010910193560201092
55.9301 9.664691683500734e-05
56.1168 8.572847862964742e-05
56.3041 7.618185492366667e-05
56.492 6.770462468530262e-05
56.6806 6.0167093957064766e-05
56.8698 5.34711675475565e-05
57.0596 4.78258057005435e-05
57.25 4.325024607682335e-05
57.4411 3.914570962627528e-05
57.6329 3.54197218120932e-05
57.8252 3.205902359695711e-05
58.0182 2.937056364400463e-05
58.2119 2.832480351664755e-05
58.4062 2.746888974164744e-05
58.6011 2.6637598329848665e-05
58.7967 2.5840243497291527e-05
58.993 2.506697037695863e-05
59.1899 2.4374691477801e-05
59.3874 2.3715210712155887e-05
59.5857 2.3078693637115832e-05
59.7846 2.244617386850626e-05
59.9841 2.18551824831369e-05
60.1843 2.132400225136465e-05
60.3852 2.0833405541896114e-05
60.5867 2.034586092261511e-05
60.789 1.987055079409616e-05
60.9919 1.86595754854642e-05
61.1955 1.3103825766585791e-05
61.3997 8.711110529208727e-06
61.6046 5.792661799422576e-06
61.8103 3.851048645175646e-06
62.0166 2.769488044717623e-06
62.2236 2.7946650638918403e-06
62.4313 2.939609148768877e-06
62.6396 3.09255245659128e-06
62.8487 3.252504711117683e-06
63.0585 3.5283446620784837e-06
63.269 4.080900236157662e-06
63.4801 4.737085931451948e-06
63.692 5.497603818169764e-06
63.9046 6.385189886059446e-06
64.1179 6.855779881990023e-06
64.3319 6.921384384147763e-06
64.5467 6.987339710515078e-06
64.7621 7.054531243565803e-06
64.9783 6.882863329280373e-06
65.1951 4.818912202050189e-06
65.4127 3.118128282937359e-06
65.6311 2.0180654273911186e-06
65.8501 1.3058407179806683e-06
66.0699 9.639767594471096e-07
66.2905 9.174450650382872e-07
66.5117 8.796807884816237e-07
66.7337 8.435913066674708e-07
66.9565 8.07479181339296e-07
67.18 7.529058288646512e-07
67.4042 6.959301484607157e-07
67.6292 6.433214940472381e-07
67.8549 5.94624210906479e-07
68.0814 5.318511507570203e-07
68.3086 4.483027747826016e-07
68.5366 3.779574271076608e-07
68.7654 3.1863895228012355e-07
68.9949 2.679547754435623e-07
69.2252 2.1906840307939414e-07
69.4563 1.78530852371274e-07
69.6881 1.4545260019027775e-07
69.9207 1.1911597629478365e-07
70.1541 1.1438508915794054e-07
70.3882 1.20404924229067e-07
70.6232 1.2678192468574188e-07
70.8589 1.3343319899868642e-07
71.0954 1.4106849258240094e-07
71.3327 1.499145930467051e-07
71.5708 1.5940839074090512e-07
71.8097 1.6954312564169252e-07
72.0494 1.8093735400870034e-07
72.2899 1.9498034468271498e-07
72.5311 2.1024806340194316e-07
72.7732 2.2664988738452373e-07
73.0161 2.454082458463312e-07
73.2598 2.699581148171619e-07
73.5044 2.977124985389075e-07
73.7497 3.283339607820356e-07
73.9959 3.623248598052277e-07
74.2429 4.001819236621415e-07
74.4907 4.4231905680970073e-07
74.7393 4.889183712864442e-07
74.9888 5.406091323367798e-07
75.239 5.962925874147656e-07
75.4902 6.578643839275083e-07
75.7422 7.257858485797788e-07
75.995 7.973240427891032e-07
76.2486 8.52278519853872e-07
76.5031 9.061219009825918e-07
76.7585 9.632651650617982e-07
77.0147 1.0251372008592569e-06
77.2717 1.0924178152927933e-06
77.5296 1.1643232965756241e-06
77.7884 1.2415290726476474e-06
78.0481 1.32470126169202e-06
78.3086 1.4144985557268598e-06
78.5699 1.5115690379237736e-06
78.8322 1.6151189911603194e-06
79.0953 1.7257963496007637e-06
79.3593 1.8428149607747635e-06
79.6242 1.9682294810142744e-06
79.89 2.103361914048703e-06
80.1566 2.2474113032126407e-06
80.4242 2.4030794954201573e-06
80.6926 2.569553611058965e-06
80.9619 2.7488044961483956e-06
81.2322 2.9406955002881892e-06
81.5033 3.1471743003073384e-06
81.7753 3.368085633827124e-06
82.0483 4.691119973027598e-06
82.3222 1.2668687468424755e-05
82.5969 3.723197178890291e-05
82.8726 0.00011463354588803242
83.1492 0.00012237922134486636
83.4268 5.988575864072449e-05
83.7052 2.9305088740621406e-05
83.9846 1.6273378524122194e-05
84.2649 2.225384874668121e-05
84.5462 3.693970142047074e-05
84.8284 6.131931238908702e-05
85.1115 8.429247224383308e-05
85.3956 8.750704867108536e-05
85.6806 9.056790600210479e-05
85.9666 9.38694012991977e-05
86.2536 9.858420192479786e-05
86.5415 0.00010398243055526675
86.8303 0.00010966799769408633
87.1201 0.0001164780334265942
87.4109 0.00012491650519083283
87.7027 0.00013406800250039406
87.9954 0.00013893365523798797
88.2891 0.00011499957759488199
88.5838 9.154102982549943e-05
88.8795 7.298917998284037e-05
89.1761 6.122192013098447e-05
89.4738 5.342162526786424e-05
89.7724 4.6619807214493384e-05
90.0721 4.102546818302872e-05
90.3727 3.681381599136263e-05
90.6744 3.307684512437838e-05
90.977 2.973575673492918e-05
91.2807 2.668177748975256e-05
91.5853 2.3949105538050176e-05
91.891 2.157747665888816e-05
92.1977 2.3606794491855945e-05
92.5055 2.8970484480440103e-05
92.8142 3.556025805117648e-05
93.124 4.483307918297181e-05
93.4349 5.8184295139674904e-05
93.7467 7.57472212827559e-05
94.0596 9.998180013301589e-05
94.3736 0.00013467551506224818
94.6886 0.00018245899063748644
95.0046 0.0002512617561985296
95.3217 0.00036438475104287404
95.6399 0.0005363976565225165
95.9591 0.0007758055769568704
96.2794 0.0008837688649331855
96.6008 0.0009496158819931808
96.9232 0.0010214067759369576
97.2467 0.0011060279516700755
97.5713 0.0012016174925482093
97.897 0.0013057621694466074
98.2237 0.0014264011969125575
98.5516 0.001562792287656667
98.8805 0.001724458809240854
99.2106 0.002763122259939643
99.5417 0.005551989145062902
99.874 0.011254227789932486
100.207 0.010250248204833692
100.542 0.0058473701552044476
100.877 0.0033901485695051587
101.214 0.002578238260818185
101.552 0.002372247007326042
101.891 0.0021897082506514157
102.231 0.0023003053482586124
102.572 0.0025863773523435553
102.915 0.0029104418064743605
103.258 0.0033016141398070774
103.603 0.0037613294232929258
103.948 0.004293295105218836
104.295 0.004946374594329087
104.644 0.005720401878008221
104.993 0.006892081282300472
105.343 0.010386631564320018
105.695 0.016404494564758437
106.048 0.024835476429654536
106.402 0.0315642483388037
106.757 0.03966697547381598
107.113 0.04999722979626609
107.471 0.06282543456910233
107.829 0.07932860265677459
108.189 0.09462772094014453
108.55 0.10800864196284579
108.913 0.12305658097452823
109.276 0.13166602462471605
109.641 0.13759648314585549
110.007 0.1442029463448321
110.374 0.15311115116335575
110.742 0.16297585924521713
111.112 0.17049146021024233
111.483 0.1722476637412656
111.855 0.17348721651972568
112.228 0.14345660212537648
112.603 0.10417102005604624
112.979 0.07601157395358206
113.356 0.05534116361489754
113.734 0.04049154992760093
114.114 0.02982587099021965
114.495 0.02194576137713062
114.877 0.016421745970580284
115.26 0.018531553835957892
115.645 0.026056477161192453
116.031 0.03273523982464171
116.418 0.024838646232870007
116.807 0.017866692101390552
117.197 0.014145845780329208
117.588 0.012470549321180508
117.981 0.011359847266660558
118.374 0.013115596617763991
118.769 0.0158883550462895
119.166 0.02200230689268302
119.564 0.03535214194768057
119.963 0.05614246409029281
120.363 0.06797985261092647
120.765 0.07791892861421346
121.168 0.08816312985948903
121.572 0.09787539861557742
121.978 0.11015305318584658
122.385 0.13573799564486516
122.794 0.1706895094527121
123.204 0.2323744324037791
123.615 0.3366517476605028
124.027 0.4953545081100721
124.441 0.7276627780988005
124.857 1.0810922311803044
125.274 1.39440347679606
125.692 1.6823250542413624
126.111 1.6637860907416955
126.532 1.003584122251324
126.954 0.6538207549344128
127.378 0.9659721909894787
127.803 1.7858425381550052
128.23 2.326204753383874
128.658 2.3364117498412966
129.087 2.3173048290844482
129.518 2.2161140761769076
129.951 2.125095461761987
130.384 2.1413607110966684
130.82 2.185879212050971
131.256 2.2511244619246416
131.694 2.333006672664512
132.134 2.431356680695403
132.575 2.5608919575499343
133.017 2.7136790943313764
133.461 2.955285010129049
133.907 3.2301455563590005
134.354 3.469624129171019
134.802 3.707486977091745
135.252 3.96619889780111
135.704 4.249275758536462
136.157 4.557736662148494
136.611 4.897093300855175
137.067 4.720573123634908
137.524 3.0460965952090056
137.983 2.0479185605333114
138.444 2.193225835105007
138.906 2.5799825809598285
139.37 3.0400945793067375
139.835 3.5961945646880826
140.302 4.270565371503607
140.77 5.1044408069824065
141.24 4.951895772904889
141.711 3.945965591900595
142.184 3.55460491890781
142.659 3.849480512078358
143.135 4.162434701297788
143.613 4.454430477338258
144.092 4.533417617020649
144.573 3.9613331474313003
145.056 3.4632628170209574
145.54 3.1503320796833334
146.026 2.921577324559289
146.513 2.9114818311894095
147.002 2.938572076468062
147.493 3.021567112363571
147.985 3.1028488376092187
148.479 3.094801031875513
148.974 3.0735557169953482
149.472 3.078008530308358
149.971 2.948736178716948
150.471 1.9468170846046795
150.973 1.2670795158680457
151.477 1.2572872634362737
151.983 1.3672217591445224
152.49 1.490819254345685
152.999 1.6286669779211131
153.51 1.7831856376827782
154.022 1.9564096695966176
154.536 2.1506866857303013
155.052 2.402844864155601
155.57 2.8422485093226135
156.089 3.319121398523525
156.61 3.6245045619687475
157.133 3.9636503168002872
157.657 4.393387007238543
158.183 4.934135031853284
158.711 5.634444147449112
159.241 7.415682757347618
159.773 11.317344183534297
160.306 13.383903795549886
160.841 13.227348534741822
161.378 13.190312328429053
161.916 13.29255679126402
162.457 14.322851590515487
162.999 15.985350664063457
163.543 19.372040837381896
164.089 23.964599858185455
164.637 29.83295319039458
165.186 29.679257663001017
165.738 19.268378181444433
166.291 14.07389809412493
166.846 11.762363358829413
167.403 10.761148179369215
167.962 10.343124187641159
168.522 10.48251571655767
169.085 10.843935420670823
169.649 11.564702110456578
170.215 12.565064995943626
170.783 13.97080509789074
171.353 15.137000645761308
171.925 16.075819793723745
172.499 16.280224696016127
173.075 15.939720701212112
173.653 14.411174201005865
174.232 13.290239038937939
174.814 12.74024811089744
175.397 11.895252345574718
175.983 10.578881210824466
176.57 7.277904143331883
177.159 4.640846925043904
177.751 2.6643516951924777
178.344 3.6343305835815767
178.939 9.507215265866074
179.537 16.354025515301693
180.136 21.245182374673462
180.737 15.382384615868974
181.34 12.6264531335297
181.946 11.504232680150034
182.553 7.955545719983163
183.162 5.8538174528339715
183.774 5.748524332305446
184.387 7.6473617475264435
185.002 11.445085190067175
185.62 11.576871315788775
186.24 10.220010581941981
186.861 8.1066462011987
187.485 8.389035201411142
188.111 10.67816249275465
188.739 18.283726453728498
189.368 24.726535432888188
190.001 28.793504478563907
190.635 35.742945565928444
191.271 35.88906841449749
191.909 26.90507694931635
192.55 23.958191328897385
193.193 23.793921157203034
193.838 26.102780385433878
194.485 19.330265762329674
195.134 13.300910439969636
195.785 11.694874538683191
196.438 10.10798089592139
197.094 10.562911844890113
197.752 21.8528718316137
198.412 41.66445726711476
199.074 69.3889975841086
199.739 77.98245669890179
200.405 78.51008675207831
201.074 73.45984054698211
201.745 62.07827080515218
202.419 44.929218034870544
203.094 33.66116960006645
203.772 39.297298606627805
204.453 48.17302634479931
205.135 46.14615881940181
205.82 20.457257727618718
206.507 27.004715809344987
207.196 45.03485314764102
207.887 40.009283438385616
208.581 33.423621950509784
209.278 23.353593988424855
209.976 14.761020589230952
210.677 37.5816469982756
211.38 45.95500523550657
212.086 28.145015018394382
212.794 17.67501127687929
213.504 15.318923225903278
214.216 19.71854693694792
214.931 36.025604440103
215.649 35.77509250489607
216.369 40.93938718462297
217.091 55.770468426103484
217.815 52.45681663995168
218.542 54.395253676180765
219.272 65.9250374240594
220.004 87.84648659926015
220.738 87.2992729181922
221.475 90.67016118626583
222.214 94.11921310998056
222.956 87.99679945116118
223.7 90.02010522739788
224.447 75.896160182734
225.196 68.11691887556485
225.947 95.28099313580803
226.702 103.75712952746976
227.458 128.86307833788405
228.188 153.07958900989053
228.889 124.44055538886093
229.593 100.43926079136142
230.298 81.96385166278375
231.006 67.33012758720128
231.717 55.70143818999153
232.429 46.30001835003273
233.143 43.597990141294176
233.86 57.45473881442972
234.579 72.28244575900867
235.3 89.77105847666094
236.024 111.803980202724
236.774 141.13170480940713
237.552 180.04458697581444
238.332 233.3509256936889
239.114 269.6568833734655
239.9 217.5313047585081
240.688 321.4728351684748
241.478 543.3618658857358
242.271 477.8959111817342
243.067 161.55325838834466
243.865 482.85653016647206
244.666 676.9111217419942
245.47 744.435031006315
246.276 822.0298995497354
247.085 910.2753706092313
247.896 1011.5668824075613
248.71 1127.8076702446936
249.527 1239.4389682890205
250.352 1347.824693099685
251.187 1459.9248055444941
252.024 1583.33618851629
252.863 1719.7245033830568
253.706 1858.9564257921177
254.551 1452.5973492336177
255.399 892.8094547770985
256.25 583.2919976651997
257.104 894.5750935144629
257.961 4086.6537514281245
258.82 2428.2360665965593
259.683 1237.8533503570343
260.548 752.2108844213858
261.416 1061.8606143916602
262.287 2053.4187386919416
263.161 2003.1290164846018
264.038 1925.4553536650728
264.918 1853.1641684337862
265.801 1785.9925952977874
266.686 1723.4761809780591
267.575 1665.768226989499
268.466 1612.4160287270533
269.361 1728.7331769940586
270.258 1938.2400088056106
271.159 1823.6027912583359
272.062 1960.9928754947246
272.969 2601.4286901252285
273.878 2720.277158581754
274.791 2715.3405512303993
275.707 2714.4922538944043
276.625 2705.487924436576
277.547 1310.327181383916
278.472 678.8928251110319
279.4 816.7207098182513
280.331 1025.1400446008122
281.265 1447.9969842358357
282.202 2037.4525124881657
283.142 1913.555383994912
284.086 1788.075885457722
285.032 1703.9188860205477
285.982 1699.8499521306437
286.935 1964.664071006741
287.891 1747.4946019793556
288.85 1386.898105976427
289.813 537.8565976846286
290.778 438.10984486223714
291.747 548.4489175978621
292.719 702.6879336192569
293.694 550.653264478604
294.673 559.387791259478
295.655 763.8679735363272
296.64 873.4042668912219
297.628 1122.9841941545822
298.62 2039.2224340784987
299.615 2169.7568644458356
300.613 1731.4439174531303
301.615 1497.8584906638973
302.62 1303.7871808907428
303.628 1149.5333233359167
304.64 1944.6390803610914
305.655 2818.8348753409973
306.674 2486.2915679338435
307.695 1467.0678122294876
308.721 1350.0143985736827
309.749 2401.6221743073697
310.781 2422.6418957791434
311.817 1348.8998791868783
312.856 1767.5946690358442
313.898 2542.115087001158
314.944 2581.9534602297445
315.994 2477.1464492506448
317.047 2587.928030984443
318.103 2834.2622643047935
319.163 3161.854982651233
320.226 3805.5418359810124
321.293 4017.257358536375
322.364 2892.909656719426
323.438 3753.8497598426006
324.516 5530.4732715071605
325.597 5776.742282118062
326.682 5073.228903112905
327.77 6228.121731656817
328.862 7430.080182914687
329.958 7485.632712882618
331.058 6503.12018605013
332.161 5532.153517083234
333.268 4687.531498257681
334.378 3988.2509356222504
335.492 3830.68615072072
336.61 4567.474071098284
337.732 5849.560925108231
338.857 6847.2308110554095
339.986 7699.078250514744
341.119 8277.75644947123
342.255 7658.0070667795935
343.396 7260.364253767004
344.54 6459.960304434512
345.688 5410.668077386574
346.84 4714.10313017412
347.995 4434.764629759644
349.155 4379.791319630889
350.318 4934.385408017906
351.486 6036.373118101507
352.657 5326.604073306022
353.832 4849.344762605084
355.011 5191.72762339119
356.194 5699.363547790536
357.381 6394.230116418415
358.571 6608.581395211621
359.766 6104.5290943152995
360.965 5655.2342610493815
362.168 5507.394232610412
363.374 5544.905750401014
364.585 5631.518925455275
365.8 4504.414197770115
367.019 3841.9657641917397
368.242 5185.637517550786
369.469 5465.626447486627
370.7 5805.982988100295
371.935 6122.823709685431
373.174 5524.538608774548
374.418 5366.310404284526
375.665 5290.035521755236
376.917 5284.416001620263
378.173 5345.786312492934
379.433 5399.272667307244
380.697 5230.46704107565
381.966 4878.426138592758
383.238 4496.354475898026
384.515 3839.9634987911477
385.796 3120.7408829709043
387.082 2777.222580224267
388.372 3144.99069324301
389.666 3719.835533493954
390.964 4076.2176965128756
392.267 3798.531923207217
393.574 3481.1556100255525
394.885 3635.0210213731007
396.201 4194.318045007658
397.521 4881.608004809362
398.846 5191.53866721938
400.174 5295.330323295067
401.508 4591.89765038279
402.846 4199.219900223563
404.188 5129.890502782147
405.535 5754.387482834225
406.886 5034.979028845636
408.242 4753.410525879254
409.602 5057.960738415127
410.967 5412.4996443971995
412.336 5741.418322866081
413.71 5915.636048585803
415.089 5688.416635569113
416.472 5180.052151378099
417.859 4269.364726716111
419.252 4229.65929274848
420.649 4283.886793247286
422.05 4108.219964827379
423.456 4718.274580940828
424.867 4798.0357936604405
426.283 4192.923131723122
427.703 4339.632198841439
429.128 4851.439379685133
430.558 5214.61915034871
431.993 5189.476356522137
433.432 5092.994714422823
434.877 5000.96747773145
436.326 4900.470586894683
437.779 4834.039813121508
439.238 4898.7534795022475
440.702 4946.371113028741
442.17 5114.61633202448
443.643 5384.50437775743
445.122 5524.754047202327
446.605 4809.127481350901
448.093 4847.199135861861
449.586 5164.281476031213
451.084 4471.755516222177
452.587 4315.064759725202
454.095 5152.695670422403
455.608 5143.004868288345
457.126 5161.656273346055
458.649 5099.093902750357
460.177 5128.67110712339
461.711 5239.703704542187
463.249 5222.317486750091
464.793 4700.968312207531
466.341 4959.490238025676
467.895 5020.060655465459
469.454 5002.208789622801
471.018 5064.527844577554
472.588 5075.13535430154
474.163 4987.0508471423955
475.742 4988.290651705314
477.328 5013.050988995105
478.918 4988.228513877289
480.514 4951.79911708143
482.115 4936.596533484334
483.721 4867.906789080073
485.333 4856.483857718604
486.95 4722.52482818158
488.573 4629.7620124066625
490.201 4629.498826751968
491.834 4756.31612316554
493.473 4830.926615688126
495.117 4741.265391790424
496.767 3643.3113207645442
498.422 4403.326897692612
500.083 4557.020836604692
501.749 4439.277261361683
503.421 4494.659586270314
505.098 4339.15372546665
506.78 4225.856730193465
508.468 4328.115862619023
510.161 4116.164692024558
511.86 3420.4019647246537
513.565 3564.750752373841
515.276 4043.611535478029
516.992 4242.591899753052
518.713 4195.946931901437
520.441 4153.882738584329
522.174 4109.900713074801
523.913 4069.387652443334
525.658 4054.807460704705
527.409 3987.9591871909433
529.165 3987.4956432055305
530.928 4001.8317015783505
532.696 4016.0348839430885
534.47 3964.7746280641354
536.25 3838.2008610010657
538.036 3819.180223310012
539.828 3788.768414951784
541.626 3759.555914355391
543.43 3741.8942729313453
545.24 3664.405619235486
547.056 3524.598197771085
548.878 3573.4301730005664
550.706 3598.380745975122
552.54 3520.191372625542
554.38 3369.3458628293142
556.226 3291.344736616333
558.079 3282.4346202297506
559.937 3241.371862564602
561.802 3254.668370482149
563.673 3238.870135659269
565.551 3218.1579801860416
567.434 3201.5244305162214
569.324 3188.9182600406807
571.22 3190.163877829004
573.123 3240.4904022074347
575.031 3239.5316023530117
576.946 3209.2551787419625
578.868 3221.947016444496
580.796 3217.068983485676
582.73 3238.2819524915226
584.671 3108.1002654866243
586.618 3105.4640688469763
588.572 3159.257897807734
590.532 3150.679381848856
592.499 3134.5170625232104
594.472 3087.1701417592544
596.452 3045.7655666928317
598.438 3061.064699917779
600.432 3100.606320769216
602.431 3051.057883832892
604.438 3000.8658822457264
606.451 2951.905502772514
608.47 2943.9617949550266
610.497 2959.0925066463524
612.53 2946.5135553090267
614.57 2948.645207054012
616.617 2917.852103034234
618.671 2947.3048478590504
620.731 2928.452187424298
622.798 2877.1406515952385
624.873 2816.2154070040624
626.954 2693.6992330664443
629.042 2718.7766313700536
631.137 2704.3988892818365
633.239 2684.7508316769886
635.348 2697.111316766367
637.464 2678.4416320649407
639.587 2726.7810558365964
641.717 2665.0785675765796
643.854 2664.1048959637183
645.998 2650.0330065964376
648.15 2636.021658746492
650.309 2629.868262170635
652.474 2621.142242563465
654.647 2568.571696606483
656.828 2564.329686618923
659.015 2519.9309066486194
661.21 2516.6757340569234
663.412 2515.9620754752173
665.622 2445.8493615875554
667.839 2463.0264072200216
670.063 2469.978931216955
672.294 2455.919085074152
674.533 2429.4006417601377
676.78 2447.1289738820014
679.034 2367.685469962423
681.295 2247.4162979699645
683.564 2139.451219249166
685.841 2079.7993043234906
688.125 2029.5234809610422
690.417 2146.7626373168177
692.716 2268.080656815316
695.023 2234.624841174067
697.338 2222.3611718222296
699.661 2199.6902163901223
701.991 2181.960715015495
704.329 2226.686882509275
706.675 2231.247842495759
709.028 2232.5796419871676
711.39 2134.134132150893
713.759 2077.346226517117
716.136 1907.6780493312403
718.521 2000.096194924329
720.914 2117.6569730160836
723.315 2105.956285115894
725.724 2105.1733002487113
728.141 2068.796962307716
730.566 2024.1601371801896
732.999 2028.9652567538333
735.44 2042.1391783948168
737.89 2099.464205121989
740.347 2016.4338798502656
742.813 1907.3958239442998
745.287 1804.3491443462922
747.769 1703.472289176239
750.259 1672.2990584536112
752.758 1677.22063918253
755.265 1837.1774797972214
757.781 1911.3355864617163
760.304 1856.8500213645432
762.837 1401.856976253511
765.377 737.2341860292609
767.926 1106.5759178938815
770.484 1720.4928929985385
773.05 1816.7653033223246
775.624 1764.2702794391919
778.208 1713.5478120948337
780.799 1686.946497955587
783.4 1789.8887604021977
786.009 1769.6192030474542
788.627 1708.0482391058156
791.253 1855.393980735704
793.888 1805.2579018320241
796.532 1770.9872476492571
799.185 1782.7247550115885
801.847 1757.1432268404587
804.517 1771.6115383355236
807.197 1730.151372161953
809.885 1766.1295144590517
812.583 1755.4159132362317
815.289 1713.6743304175657
818.004 1732.0831002842517
820.728 1672.1319565288109
823.462 1681.627508039046
826.204 1629.7014634815246
828.956 1492.5055908975758
831.717 1438.8055975413893
834.487 1525.134218085181
837.266 1565.1393224481071
840.054 1551.2352455452456
842.852 1640.2964377308667
845.659 1624.869357181245
848.476 1481.4331647272563
851.302 1504.3057304660226
854.137 1502.6178436179184
856.981 1506.1826813698171
859.836 1493.9881758211718
862.699 1410.7118972788787
865.573 1491.2679235795422
868.455 1531.0755845860335
871.348 1527.3016082319905
874.25 1529.336070941049
877.161 1515.293919603808
880.083 1538.44018845064
883.014 1556.3183459904806
885.955 1560.7155867424417
888.905 1572.0400220419115
891.866 1583.2738651530346
894.836 1596.9389054007258
897.816 1566.594990120179
900.806 1540.1909929940239
903.806 1546.350174613818
906.817 1554.3194627936466
909.837 1603.6964001286772
911.553 2688.6095844224637
913.273 3920.7440812373343
916.322 4265.30658364364
919.38 3635.4069766514476
922.449 3776.436443162401
925.528 5906.112750234086
928.618 6900.257945155709
931.718 10999.200072681715
934.828 14070.811033239977
937.948 11112.020407626826
941.079 24353.172389075564
944.22 31220.07378362308
947.372 19037.68651484191
950.534 17214.70930119797
953.707 35249.12715893914
956.891 48208.17176631665
960.085 48716.35439035641
963.29 40258.85473256841
966.505 35842.404777774915
969.731 24137.991963383356
972.968 7822.999454135986
976.216 7260.386923475435
979.475 15066.669427049808
982.744 28396.393679401976
986.025 33750.20161558841
989.316 31730.985998213524
992.618 30178.6938077734
995.932 33312.43534205679
999.256 43153.7933018921
1002.59 45588.28970452158
1005.94 43734.58450568939
1009.3 30622.385875680862
1012.67 49160.29863417989
1016.05 54505.75739962931
1019.44 41089.15519919708
1022.84 25707.649317548814
1026.25 7459.362340315029
1029.68 34112.054901404015
1033.12 35208.45704421932
1036.57 20216.7182153658
1040.03 48088.38992931189
1043.5 65370.00591203545
1046.98 59021.041768908915
1050.48 53785.27596669012
1053.98 62048.335407619474
1057.5 59285.67609848943
1061.03 59088.358264912014
1064.57 45651.60559834335
1068.13 41165.70825697564
1071.69 43777.0359547076
1075.27 44395.82514273709
1078.86 63017.92809601481
1082.46 45495.00841090237
1086.07 31836.753247871005
1089.7 45616.34400367335
1093.33 54509.28358606973
1096.98 51350.4081221594
1100.65 56653.58480610227
1104.32 55955.206601393984
1108.01 31043.186808283484
1111.7 21903.26216450621
1115.42 52873.84150292895
1119.14 51087.83402792518
1122.87 39107.52232779779
1126.62 32289.425300704424
1130.38 39639.6414692396
1134.16 50410.938997629775
1137.94 54499.26065515189
1141.74 48265.9919535311
1145.55 42860.23538328997
1149.38 43143.58600016505
1153.21 38346.59277037773
1157.06 31887.098915718703
1160.92 50218.55185036698
1164.8 48842.5611290931
1168.69 48154.70872552752
1172.59 46572.95494852474
1176.5 15937.837374880599
1180.43 43048.15192679809
1184.37 50507.584326508106
1188.32 48444.08285326205
1192.29 39219.10756307962
1196.27 44737.40473221794
1200.26 32319.752125119434
1204.27 21840.47643727865
1208.29 14874.804921430812
1212.32 17463.685341546163
1216.37 8222.14003635612
1220.43 26454.442299298265
1224.5 35330.73754554683
1228.59 33380.59730123185
1232.69 41840.38077137375
1236.81 50466.12529383142
1240.94 50942.82114279083
1245.08 49787.458276485784
1249.23 46520.39185419694
1253.4 48620.49063583643
1257.59 51153.3661261516
1261.79 46037.12329435208
1266.0 40064.536803647214
1270.22 43972.99470994654
1274.46 47721.97668691125
1278.72 49683.40094041783
1282.99 48734.267825228504
1287.27 47703.26308557703
1291.57 48596.43468611433
1295.88 43099.37759846482
1300.2 25710.350787549014
1304.54 39201.081886899636
1308.9 47842.898444180486
1313.27 48073.578278763045
1317.65 48344.82688447538
1322.05 43331.5344899653
1326.46 43912.32449317587
1330.89 43896.056355422676
1335.33 31809.959030033977
1339.79 47602.671714291995
1344.26 44598.13240106133
1348.75 42907.04060969553
1353.25 44722.21312803432
1357.77 38768.75826258093
1362.3 38939.25098666579
1366.85 39894.77024118059
1371.41 39521.3716792429
1375.99 35773.40479674454
1380.58 38409.06377876451
1385.19 35018.01559885704
1389.81 34108.58295158951
1394.45 25354.046696719957
1399.11 32137.036029471208
1403.78 31794.328800590745
1408.46 33648.62056208628
1413.16 33274.46244627623
1417.88 35273.311706764965
1422.61 34095.83584689764
1427.36 33805.43196095345
1432.13 34912.33115053036
1436.91 34820.177531245135
1441.7 36868.875129639346
1446.52 35220.36623639068
1451.34 35491.73002865841
1456.19 35416.362593923375
1461.05 35082.9849783955
1465.93 33295.360088540794
1470.82 29773.511346234576
1475.73 31952.770510718845
1480.66 30203.607260255918
1485.6 28863.838739741288
1490.56 31004.50474001543
1495.53 32938.67409607589
1500.53 30003.127073400126
1505.53 27453.593666425753
1510.56 26333.300529021628
1515.6 26059.960774475614
1520.66 29443.15051907272
1525.74 25561.92968346171
1530.83 26742.365548465546
1535.94 24838.51116970372
1541.07 25625.455085331534
1546.21 26956.941788675467
1551.37 20867.018396149244
1556.55 24849.436884293238
1561.75 24506.79530606514
1566.96 23946.98229170205
1572.19 24665.670855660224
1577.44 24122.66714406353
1582.7 22725.63978656191
1587.99 22858.716986604177
1593.29 25015.979404792935
1598.61 24104.473543296193
1603.94 23009.263959441767
1609.3 22624.242514812122
1614.67 25509.4985455276
1620.06 23637.52169663854
1625.47 25515.75811342392
1630.89 24888.379571424666
1636.33 27441.271532082
1641.8 25325.693173377473
1647.28 27767.2624387026
1652.78 25943.480612664935
1658.29 22518.604829831675
1663.83 24561.753656197106
1669.38 23622.695863578436
1674.95 25264.961500395857
1680.55 26999.701677312634
1686.16 25453.16563995654
1691.78 24419.394099026333
1697.43 22502.91756869833
1703.1 21736.390938012595
1708.78 23271.740917612384
1714.49 22319.967142337566
1720.21 19014.137806391842
1725.95 21283.158837098727
1731.71 23432.81539606027
1737.49 23652.46398795027
1743.29 21706.10540936801
1749.11 20609.482135328253
1754.95 21660.187084381858
1760.81 21290.07183304631
1766.69 21929.434251899176
1772.58 20772.667128173594
1778.5 20389.4649562874
1784.44 20119.058191265794
1790.39 19667.90397068249
1796.37 20326.00664423892
1802.37 23047.84410605959
1808.38 21874.556921886913
1814.42 18179.236121825354
1820.48 19952.48367923107
1826.55 20677.964304042922
1832.65 18961.60710276553
1838.77 21087.66596317785
1844.9 17448.86828326008
1851.06 18591.890621818726
1857.24 16179.608757014248
1863.44 18778.49822686931
1869.66 20016.598515760877
1875.9 20000.474355939074
1882.16 16672.187002124338
1888.45 17233.34730419926
1894.75 15261.521465686073
1901.07 17517.74774353153
1907.42 19912.118781604677
1913.79 16726.40516256281
1920.18 16007.4402870825
1926.59 14939.374919676167
1933.02 17717.88792755767
1939.47 15896.03570946859
1945.94 18892.787678774388
1952.44 15743.272391372622
1958.96 15882.96632547633
1965.49 16849.650726113356
1972.06 18834.70858178106
1978.64 17032.6317663759
1985.24 16453.565217580224
1991.87 15756.561348168365
1998.52 16644.77531156274
2005.19 16240.68544678449
2011.88 16849.577543643874
2018.6 17292.407021187304
2025.34 16903.550049694517
2032.1 16306.495881426219
2038.88 15448.100571634137
2045.69 16175.302551567365
2052.51 16469.500193747637
2059.37 16712.27722574476
2066.24 14396.977405361353
2073.14 16662.987229106075
2080.06 15299.56004324828
2087.0 15512.769108932524
2093.97 14640.551696336694
2100.96 14532.571304235338
2107.97 15151.782024164011
2115.01 15090.4159165521
2122.07 14734.750124940409
2129.15 15616.472854264985
2136.26 14699.632708828514
2143.39 14448.199879941498
2150.54 15135.777345487515
2157.72 15150.462987930634
2164.92 14272.725495691157
2172.15 15181.692592858752
2179.4 13988.968701331172
2186.68 14604.127652343894
2193.97 14398.910170540692
2201.3 14105.31132109689
2208.65 14165.396480902187
2216.02 13739.587894525079
2223.42 13511.470184645534
2230.84 13713.875317679562
2238.28 14063.271308339094
2245.76 13439.700990855275
2253.25 13267.58091909604
2260.77 13280.75737961057
2268.32 13132.315919646117
2275.89 12707.626555073319
2283.49 13328.76658627591
2291.11 13105.05279496779
2298.76 12277.608314379433
2306.43 12666.576292990823
2314.13 12422.542459314182
2321.86 11639.154238564402
2329.61 11320.151876664595
2337.38 11887.35825583883
2345.18 10625.721810512543
2353.01 11097.870748198346
2360.87 11421.25219849914
2368.75 11549.823244692214
2376.65 10829.183942641257
2384.59 10859.435429428826
2392.55 11350.690452762043
2400.53 10531.974829828523
2408.55 10880.530321410655
2416.59 10795.605941235428
2424.65 10752.960834480804
2432.75 10272.933789016619
2440.87 10335.882521268066
2449.01 10182.169390793133
2457.19 11023.954702933588
2465.39 10263.45721515572
2473.62 10270.526282213064
2481.88 9869.000100560657
2490.16 9836.451658272306
2498.47 10290.840059532175
2506.81 9931.147305233331
2515.18 9746.127599070973
2523.58 9343.565123444172
2532.0 9719.793257003792
2540.45 9512.656727652917
2548.93 9147.743236580534
2557.44 9626.279295949147
2565.98 9566.04111632182
2574.54 9619.907403115565
2583.14 9459.618112149801
2591.76 9515.429182196529
2600.41 9261.358143914642
2609.09 8924.622613962616
2617.8 9118.983830754869
2626.54 9018.237424057297
2635.31 8802.678042214668
2644.1 9127.317521453771
2652.93 9171.628474802243
2661.79 8707.793670678595
2670.67 8826.840493343625
2679.59 8602.42297325677
2688.53 8672.67324706257
2697.5 8201.710162047364
2706.51 8397.479727273743
2715.54 8309.857422687144
2724.61 8185.521831094757
2733.7 8410.082299998328
2742.83 8025.332875677234
2751.98 7467.1276285946315
2761.17 8140.246174022542
2770.39 8001.858656828177
2779.63 7955.518785813438
2788.91 7812.457031325102
2798.22 7475.055516658956
2807.56 7753.4586391743405
2816.93 7698.401465722726
2826.34 7583.6889740278775
2835.77 7567.009322322133
2845.24 7419.667564979921
2854.73 7318.666044732659
2864.26 7428.605372177764
2873.82 7271.264634812919
2883.42 7345.339593195912
2893.04 7123.00012351779
2902.7 7198.89735006374
2912.39 7222.0148605839495
2922.11 7100.352034086821
2931.86 6975.617665238405
2941.65 6794.202967841964
2951.47 6825.724854104538
2961.32 6834.144379915923
2971.21 6827.271626010884
2981.12 6708.973811178693
2991.08 6732.548789899758
3001.06 6618.965080327982
3011.08 6494.847578489555
3021.13 6561.608211241158
3031.21 6492.268817197192
3041.33 6445.539857623661
3051.48 6378.75826461037
3061.67 6310.516726879985
3071.89 6244.5149262577415
3082.14 6193.515833202771
3092.43 6119.093295698995
3102.75 6092.333452649147
3113.11 6087.388097402836
3123.5 5989.890618296624
3133.93 5925.613116869959
3144.39 5921.111142957481
3154.89 5832.680975097357
3165.42 5776.8121686424365
3175.98 5717.736490528458
3186.58 5639.574416326909
3197.22 5618.183764377682
3207.89 5596.913038776669
3218.6 5547.738317758374
3229.34 5491.877728751746
3240.12 5436.353686798186
3250.94 5420.952752812481
3261.79 5367.658151688575
3272.68 5283.66859456915
3283.6 5296.254266515385
3294.56 5247.162826316837
3305.56 5194.95514205018
3316.6 5163.405297069331
3327.67 5079.575358915357
3338.77 5060.3586734683595
3349.92 5016.004161201528
3361.1 4966.861202283452
3372.32 4897.96936485843
3383.58 4886.092264877784
3394.87 4854.336570896708
3406.2 4822.768032762179
3417.57 4777.093196534148
3428.98 4739.841420998875
3440.43 4653.062621796202
3451.91 4658.182164137781
3463.43 4607.943754364098
3475.0 4553.11455649095
3486.6 4524.471888583599
3498.23 4495.993499557069
3509.91 4469.246194565061
3521.63 4455.444323519757
3533.38 4405.041031733375
3545.18 4397.805900673413
3557.01 4335.186949476134
3568.88 4288.726084416391
3580.8 4253.541263388061
3592.75 4180.937172376784
3604.74 4172.823491728069
3616.77 4138.265281526848
3628.85 4111.655874837647
3640.96 4092.757440533374
3653.12 3972.1076261866942
3665.31 3974.199599537705
3677.55 3931.2658100862395
3689.83 3881.859588611362
3702.14 3751.7520558697192
3714.5 3889.2942384622334
3726.91 3998.0529609141463
3739.35 4178.041412996244
3751.83 4030.4996295603487
3764.36 4827.806123750816
3776.92 4531.380502680123
3789.53 5262.218035300911
3802.19 4074.5992940139954
3814.88 5470.682576064146
3827.62 4958.083619297102
3840.39 4042.6770042396597
3853.21 5430.697460195747
3866.08 5529.062947897318
3878.99 5064.94642400367
3891.94 3748.798718686943
3904.93 5210.011280198878
3917.97 5329.165336794415
3931.05 5075.019418332967
3944.17 5237.9773269294465
3957.34 5012.73556742833
3970.55 3411.916601401142
3983.81 4860.609008599736
3997.11 5119.104126303998
4010.45 5132.938282728386
4023.84 4912.8768963045795
4037.27 5022.0294064493355
4050.75 4956.615039638084
4064.27 4923.4595796376025
4077.84 4731.65371042712
4091.46 4484.645280449088
4105.12 3344.7902607489873
4118.82 4482.12829847863
4132.57 4563.92061700304
4146.37 4571.787648557872
4160.21 4602.569964582467
4174.1 4492.787292475219
4188.04 4519.484422509663
4202.02 4491.016159216361
4216.05 4470.701444278585
4230.12 4366.605701997858
4244.25 4358.682602930926
4258.41 4326.96740692553
4272.63 4213.6990764794655
4286.9 4228.54180509061
4301.21 4104.476783942938
4315.57 4041.210525674204
4329.98 3767.63275551664
4344.43 2967.0208404805053
4358.93 3895.0161978533715
4373.49 3982.457355302901
4388.09 3816.481097886722
4402.74 3881.785906504337
4417.44 3870.1223679526524
4432.18 3897.8950698458884
4446.98 3862.1110459655974
4461.83 3807.5942919203712
4476.72 3666.6155569863463
4491.67 3789.802888583407
4506.67 3839.6570299970367
4521.71 3739.69649662264
4536.81 3622.975534637203
4551.95 3596.0630914011413
4567.15 3619.846296499089
4582.4 3574.6191064638874
4597.7 3545.5593688852164
4613.05 3565.499452466426
4628.45 3539.027621460169
4643.9 3492.0790009959856
4659.4 3470.8177035710187
4674.96 3431.541301411008
4690.57 3450.1291577813686
4706.23 3381.2031922457286
4721.94 3367.579428881184
4737.7 3310.0105876218163
4753.52 3341.642292011453
4769.39 3270.3066569131224
4785.31 3237.0773214124147
4801.29 3221.6084388862155
4817.32 3181.669981791269
4833.4 3113.991447675909
4849.54 2906.2264437775216
4865.73 2370.224889323625
4881.97 2960.7575164155896
4898.27 3061.276943499917
4914.62 2999.5317566038966
4931.03 2995.275638389796
4947.49 2993.2791509601843
4964.01 2926.810917885366
4980.58 2887.450650993577
4997.21 2859.8446944207844
5013.89 2761.794339664425
5030.63 2817.3569531539997
5047.43 2775.6395458974416
5064.28 2814.2264903604055
5081.18 2727.294602761814
5098.15 2706.0748379872025
5115.17 2679.471835295829
5132.25 2612.4124832865305
5149.38 2581.8624125051806
5166.57 2496.9917629250294
5183.82 2512.591105296072
5201.13 2494.5022017688534
5218.49 2523.983723779472
5235.91 2554.319765720183
5253.39 2540.472109097903
5270.93 2452.9700364332643
5288.53 2566.2145745180314
5306.18 2539.6584605411736
5323.9 2452.950626880214
5341.67 2490.1374364659137
5359.51 2525.9947750393517
5377.4 2453.7313749191526
5395.35 2381.915679218985
5413.36 2401.0559571152935
5431.44 2371.3073078603666
5449.57 2367.569724639921
5467.76 2344.264849307913
5486.02 2304.6592420444663
5504.33 2303.1521372685706
5522.71 2274.0956248578136
5541.15 2328.542450791849
5559.65 2299.536595363589
5578.21 2280.8031491277243
5596.83 2200.797006264353
5615.52 2238.6129002902157
5634.26 2203.2075290177004
5653.07 2189.9186633098893
5671.95 2193.5742313211326
5690.88 2183.334288916236
5709.88 2122.8345796735307
5728.95 2190.4918835167564
5748.07 2135.2268761521427
5767.26 2145.715344026126
5786.52 2087.9895455482956
5805.83 2128.598152975537
5825.22 2140.8703491978913
5844.66 2092.347019390669
5864.18 2048.9106482853535
5883.76 1943.5621265429395
5903.4 1963.8114631036135
5923.11 1993.4256103266696
5942.88 1998.1942525945624
5962.72 1989.67322474842
5982.63 1971.784283224794
6002.6 1947.4256781607392
6022.64 1936.2946352315141
6042.75 1985.7912586712685
6062.92 1951.350339696182
6083.16 1936.55098753801
6103.47 1897.843636700004
6123.85 1892.4723003434258
6144.29 1846.7895680366123
6164.81 1796.8243439752473
6185.39 1802.712866256664
6206.04 1799.4620384624825
6226.76 1717.533948286994
6247.55 1714.5467823648883
6268.4 1706.1767260888637
6289.33 1761.4100759091602
6310.33 1720.7722007474624
6331.39 1745.3146087444738
6352.53 1717.372192655568
6373.74 1712.5763575567576
6395.02 1718.3490867357802
6416.37 1696.856682604149
6437.79 1707.8646004402096
6459.28 1664.7226151325701
6480.85 1698.3066338742574
6502.48 1626.0061354774928
6524.19 1667.22743357118
6545.97 1607.496152255368
6567.83 1426.7209123815655
6589.76 1598.6086426543018
6611.76 1632.4853414117301
6633.83 1611.7741593635344
6655.98 1589.489347387302
6678.2 1552.1832625873462
6700.49 1557.9753156985141
6722.86 1523.5698286840654
6745.31 1505.1022721187903
6767.83 1525.9148127039284
6790.42 1504.2875881302414
6813.09 1501.7901622059567
6835.84 1504.2331840195577
6858.66 1498.4331276425771
6881.56 1507.3873979818322
6904.53 1517.08224695857
6927.58 1485.2334363340294
6950.71 1460.0679719220923
6973.91 1455.2422373847885
6997.2 1453.6391545590716
7020.56 1427.1735359660338
7044.0 1455.2307790251004
7067.51 1375.52986992952
7091.11 1353.4996050598043
7114.78 1321.3270689818141
7138.53 1281.4997766986182
7162.37 1307.0953964658122
7186.28 1308.26445442596
7210.27 1315.6553612624891
7234.34 1340.8841878964329
7258.49 1330.2411419724872
7282.73 1316.5620500117732
7307.04 1326.0866039456105
7331.44 1323.9987152467904
7355.91 1317.3283160091296
7380.47 1334.3391140963813
7405.11 1328.401846654839
7429.83 1316.428157144126
7454.64 1313.5724818936653
7479.52 1316.7579081066633
7504.49 1295.8972182180244
7529.55 1326.0145881567305
7554.69 1323.1189107791752
7579.91 1299.4260213969992
7605.21 1285.5053439207566
7630.6 1275.3469420599256
7656.08 1246.1242923229834
7681.64 1259.6015495691586
7707.28 1229.8587528320982
7733.01 1245.4561452130938
7758.83 1234.0836236125506
7784.73 1232.897702111715
7810.72 1236.7497119795482
7836.8 1219.6856532300067
7862.96 1208.9959801829334
7889.21 1167.1683340716706
7915.55 1146.9439241403647
7941.98 1131.806311127702
7968.49 1152.800627304626
7995.1 1156.7369650724754
8021.79 1151.5127879272284
8048.57 1153.9995968112353
8075.44 1118.8063766631685
8102.4 1098.4248729006335
8129.45 1099.6464206387902
8156.59 1102.9159695370827
8183.82 1101.2661579692685
8211.14 1069.7785002046226
8238.56 1102.6207947897599
8266.06 1083.9302014299617
8293.66 1074.1884731473845
8321.35 1040.1639894567288
8349.13 1043.4478175218758
8377.0 1027.2045682482337
8404.97 1053.9420406587049
8433.03 1017.714653520256
8461.18 1024.3125817466628
8489.43 1000.3431947289577
8517.77 1013.5432088145188
8546.21 889.5909064405575
8574.74 1038.9936471132003
8603.37 1012.6257620481856
8632.09 1056.233545895414
8660.91 905.1244081932729
8689.83 1008.3934287708571
8718.84 1045.7301327659504
8747.94 990.7539875360424
8777.15 1033.6547557392407
8806.45 1022.5441278174698
8835.85 1027.4295675735634
8865.35 969.3814715308724
8894.95 1021.8724415184486
8924.65 1012.1652606357269
8954.44 1013.8316028552837
8984.34 998.5507064520137
9014.33 922.7687402531385
9044.42 996.9043277546095
9074.62 996.7328727364853
9104.92 967.3994845189653
9135.31 962.951184692669
9165.81 923.5003325071548
9196.41 910.6329905415897
9227.11 855.1189706141016
9257.92 895.4637672662591
9288.83 911.885820712524
9319.84 926.3765182727498
9350.95 907.6393921930088
9382.17 898.0193963244739
9413.49 872.9002552743839
9444.92 871.1902650999245
9476.45 879.5840483949568
9508.09 880.8052705313132
9539.83 844.1177059565431
9571.68 862.6039751374827
9603.64 880.2588656154835
9635.7 858.6313391208055
9667.87 845.2922534697799
9700.14 852.9319210502917
9732.53 839.681184118446
9765.02 846.6934639015624
9797.62 837.556412928292
9830.33 854.2482646204344
9863.15 852.5505002332816
9896.08 845.1637141526385
9929.12 837.2496876521454
9962.27 838.9878757404215
9995.53 829.438217361723
10028.9 821.065339752055
10062.4 789.2329685932909
10096.0 821.1912206702815
10129.7 824.5765946873056
10163.5 816.8500565314127
10197.4 819.659361487001
10231.5 818.0305070325675
10265.6 816.4125341651908
10299.9 812.0563176199344
10334.3 791.9165628450628
10368.8 795.8026184382629
10403.4 794.240931182033
10438.1 794.8397523933309
10473.0 787.8920700180593
10508.0 787.4134713106192
10543.0 782.6649385445363
10578.2 770.4808573614054
10613.5 771.1041016053963
10649.0 768.0064493689182
10684.5 754.3890808170562
10720.2 750.8281932371625
10756.0 755.137834088713
10791.9 743.7570318524438
10827.9 731.4290913325239
10864.1 727.9334500611548
10900.3 714.6675403711305
10936.7 675.7008070831929
10973.3 658.0873907786644
11009.9 656.924923523319
11046.6 671.5669583782834
11083.5 674.9219564978821
11120.5 670.146596964362
11157.7 678.0079005967397
11194.9 673.744612182275
11232.3 672.0045273424827
11269.8 664.27392368461
11307.4 656.0903732493376
11345.2 655.3952402906319
11383.0 649.7581550596897
11421.0 654.5009494441244
11459.2 658.7109091620463
11497.4 654.0734094156362
11535.8 660.1963444415532
11574.3 658.002116006248
11613.0 634.9597532045082
11651.7 642.5188388761932
11690.6 641.8273642067326
11729.7 649.7715226506159
11768.8 632.3024127495262
11808.1 644.5064188405564
11847.5 624.3028656298336
11887.1 621.7528263946132
11926.8 634.7921642322788
11966.6 613.3879053759141
12006.5 615.1031882816825
12046.6 616.7968340156332
12086.8 612.4169564297164
12127.2 615.0217472428783
12167.7 618.5297327783031
12208.3 610.9389167365252
12249.1 609.824401077284
12289.9 605.0520790021437
12331.0 599.8398585329735
12372.1 601.489528396472
12413.5 593.5877587922294
12454.9 593.4240365071894
12496.5 594.6014666447088
12538.2 586.78612309146
12580.1 585.2820599651222
12622.1 583.3336427527643
12664.2 580.5062835650248
12706.5 583.4498781168205
12748.9 577.0934730714608
12791.5 573.4125570816512
12834.2 546.9291719015729
12877.0 573.1044333219336
12920.0 550.2767915577092
12963.1 566.6929556162953
13006.4 562.6422400885217
13049.8 562.4979386821688
13093.4 558.4753851715885
13137.1 545.9019734517613
13181.0 559.4645560679877
13225.0 554.1981980697955
13269.1 545.9904496093966
13313.4 536.5609058913135
13357.9 550.7934980593046
13402.5 540.1375201457336
13447.2 548.8120590380105
13492.1 541.1428826242836
13537.2 542.2522604438687
13582.3 531.3297550573425
13627.7 532.0391626483544
13673.2 529.0337592988205
13718.8 528.9176261113885
13764.6 532.4765996181427
13810.6 531.1111718117643
13856.7 523.6545842106835
13903.0 509.7601102998611
13949.4 510.0829379972297
13995.9 502.7557004298652
14042.7 512.709776853889
14089.6 485.41706326188125
14136.6 477.81506236050274
14183.8 475.4308965946427
14231.1 474.24673189988835
14278.7 475.82100458908343
14326.3 481.31514359360006
14374.2 483.23742426864067
14422.1 467.57586829350566
14470.3 482.7523944394972
14518.6 470.6737470745301
14567.1 465.93394547518
14615.7 441.98024222311534
14664.5 446.6508502800154
14713.5 453.96242431754627
14762.6 449.01893263451177
14811.9 460.83059801707947
14861.3 451.71990224351157
14910.9 464.9457342511323
14960.7 463.0206379426176
15010.7 452.8498519772287
15060.8 447.22975281241656
15111.0 456.92311479760684
15161.5 451.68699170042345
15212.1 450.18380513494924
15262.9 456.4327101603336
15313.9 454.91485510705826
15365.0 455.23113241572247
15416.3 446.04482854204446
15467.7 466.4060992628034
15519.4 451.78900631227873
15571.2 424.97022576791005
15623.2 432.56613663052406
15675.3 438.6719329503356
15727.7 449.0255944014084
15780.2 407.56289206159107
15832.9 425.4116361906407
15885.7 403.43685466032144
15938.8 439.1894060761353
15992.0 409.2059831221089
16045.4 425.0393853742993
16098.9 428.1735034031377
16152.7 438.2513433135702
16206.6 382.24049177583555
16260.7 421.83287381152604
16315.0 434.2348205849312
16369.5 433.82030250219486
16424.1 380.27408745930666
16478.9 413.85224962022085
16534.0 416.21871439905175
16589.2 421.6221718398357
16644.5 377.929699967133
16700.1 403.3093996234271
16755.9 404.9912462647908
16811.8 404.64850809202443
16867.9 366.91179239832246
16924.2 391.6437244271207
16980.7 395.6458909772539
17037.4 393.6672136312503
17094.3 368.63754807070177
17151.4 386.7805366429111
17208.6 381.5672103302957
17266.1 382.9047297093631
17323.7 352.05006847533144
17381.6 365.13165015932213
17439.6 365.5308509410018
17497.8 363.99223710085846
17556.2 353.7995903674695
17614.9 350.70153071963387
17673.7 358.7738587084458
17732.7 346.1465941234064
17791.9 340.87932867169053
17851.3 337.2205011383946
17910.9 339.24166153066943
17970.7 329.3378234569263
18030.7 315.7467387036711
18090.9 321.546326564067
18151.2 323.2672056454361
18211.8 324.9738070547976
18272.6 320.1933763751328
18333.7 316.6677649490049
18394.9 304.95991873344735
18456.3 303.5478172686707
18517.9 301.9286472710868
18579.7 300.77191849874004
18641.7 299.2267534527518
18704.0 297.59650060172953
18766.4 290.6205124844732
18829.1 291.37063629485874
18891.9 282.6508133642376
18955.0 284.79870264687986
19018.3 284.58982098667025
19081.8 281.42856324598023
19145.5 277.37335036965555
19209.4 275.65793361266645
19273.5 272.78262312535554
19337.9 266.8934244384665
19402.4 262.75437240861675
19467.2 251.6074642104274
19532.2 257.31618470070276
19597.4 257.1195373748696
19662.8 251.5091503101141
19728.5 243.9340155011871
19794.4 239.70690015211215
19860.4 239.39119685115432
19926.7 235.17438752048818
19993.3 139.9497120256761
20060.0 2.099015650686325
20127.0 2.0833828790168436
20194.2 2.065900884664367
20261.6 2.0486135260671228
20329.2 2.0322740865842484
20397.1 2.0170049409107493
20465.2 1.9990664639996052
20533.5 1.9817213152911846
20602.1 1.9661026004704332
20670.9 1.9494789676260562
20739.9 1.9330439186235964
20809.1 1.9182046103985675
20878.6 1.902923860060081
20948.3 1.8879694931748572
21018.2 1.8735921459859468
21088.4 1.8565599301676432
21158.8 1.841449890250753
21229.4 1.8265300236462065
21300.3 1.8117496397575594
21371.4 1.7968528853857517
21442.8 1.7833141962693801
21514.4 1.769392787143461
21586.2 1.7543801315122018
21658.3 1.7139590510985538
21730.6 1.7258781020883753
21803.1 1.7132785212648398
21875.9 1.704246727040886
21948.9 1.689212459691122
22022.2 1.6733240088187413
22095.7 1.6592880718540277
22169.5 1.6452261616834
22243.5 1.6310945399708259
22317.8 1.6191279126138873
22392.3 1.6052169932904556
22467.0 1.5933755552262134
22542.1 1.580165601850303
22617.3 1.5673098283187623
22692.8 1.5555351430982354
22768.6 1.5077993528262477
22844.6 1.3363213522658297
22920.9 1.317354779367553
22997.4 1.305660942252877
23074.2 1.2982791928536517
23151.2 1.288899352247663
23228.5 1.2698243335588209
23306.0 1.2627264303300982
23383.8 1.2552452597777646
23461.9 1.2461752241171602
23540.2 1.2252838077202743
23618.8 1.2202534973924783
23697.7 1.2125312370032046
23776.8 1.2026711690408636
23856.2 1.1843400362754317
23935.8 1.1800014867552804
24015.7 1.1718549296170355
24095.9 1.1648673484338463
24176.4 1.1451055462373558
24257.1 1.144439250553853
24338.0 1.1335225410314265
24419.3 1.128828540182136
24500.8 1.10829289485281
24582.6 1.1100741792454547
24664.7 1.0970468195859095
24747.0 1.0913049200728644
24829.7 1.080117803401481
24912.5 1.0705377596010028
24995.7 1.0637498183763558
25079.2 1.06056603103602
25162.9 1.0488236892600409
25246.9 1.031599885780376
25331.2 1.0354873600264298
25415.8 1.0279903642876933
25500.6 1.0173617876769714
25585.7 1.0079187472253806
25671.2 0.99305186740433
25756.9 0.997797757502874
25842.9 0.9873110582614154
25929.1 0.9810375694211533
26015.7 0.9738304619505633
26102.6 0.9552816866675135
26189.7 0.9531797686085662
26277.1 0.9382226896881345
26364.9 0.9447097968468342
26452.9 0.938373865510417
26541.2 0.9297355275729946
26629.8 0.9220619024300424
26718.7 0.906065782436377
26807.9 0.9066219915902387
26897.4 0.9026296182595719
26987.2 0.8956035114077219
27077.3 0.8893912871476233
27167.7 0.8829037427596812
27258.4 0.8761440589156704
27349.4 0.8686990177227931
27440.7 0.8627229326999888
27532.3 0.8511061033216416
27624.2 0.8421182775283852
27716.5 0.8426256449716201
27809.0 0.8370749445758467
27901.8 0.8307125139601661
27995.0 0.8247284816849701
28088.5 0.8183944967453141
28182.2 0.8119800840880551
28276.3 0.8066140563009725
28370.7 0.8003096990203631
28465.4 0.7944818828901414
28560.5 0.7880705249811548
28655.8 0.7811459829655849
28751.5 0.767773587880338
28847.5 0.7705204280426379
28943.8 0.765131663047856
29040.4 0.7593987487770859
29137.4 0.7539909963845604
29234.6 0.7483443079299361
29332.2 0.7426942513256511
29430.2 0.7371706648259377
29528.4 0.7319352496891649
29627.0 0.7265647835633359
29725.9 0.7211473445991321
29825.2 0.7159662857255273
29924.7 0.7103857153213076
30024.6 0.705022055807399
30124.9 0.6998648248177708
30225.4 0.6949335086979115
30326.3 0.6899678008863828
30427.6 0.6847651252496701
30529.2 0.6795607852241252
30631.1 0.6743328739590082
30733.4 0.6698563603391389
30836.0 0.6651313209351604
30938.9 0.660658550771362
31042.2 0.6559693326470803
31145.8 0.651395532912584
31249.8 0.6470695357395566
31354.2 0.6424041678164896
31458.8 0.6379271732995481
31563.9 0.6334485685875652
31669.2 0.629368597756366
31775.0 0.624844462327471
31881.0 0.6205171973622752
31987.5 0.6164784377877104
32094.3 0.6119540617085744
32201.4 0.6075442097799965
32308.9 0.6035494310769551
32416.8 0.5993455535500156
32525.0 0.596997878522251
32633.6 0.6280012087661189
32742.5 0.6596503653464424
32851.9 0.6188914248744483
32961.5 0.6028926547159882
33071.6 0.5993357771055705
33182.0 0.5960335216578171
33292.8 0.5751497135727026
33403.9 0.5348219082993089
33515.4 0.5060216167750474
33627.3 0.502585599981651
33739.6 0.49907741367474145
33852.2 0.49556923082051163
33965.2 0.4920221428815541
34078.6 0.48857166617132264
34192.4 0.48494142732747186
34306.6 0.48141567309908273
34421.1 0.47777696013190885
34536.0 0.47414465391415045
34651.3 0.47063761349724886
34767.0 0.4671131499744313
34883.1 0.4633290854683756
34999.5 0.45995394669739653
35116.4 0.4563814025009614
35233.6 0.4527743679553214
35351.2 0.4493424367676556
35469.3 0.4457488427258987
35587.7 0.4424016512263932
35706.5 0.4388764938304473
35825.7 0.43560861991419847
35945.3 0.4322263251117816
36065.3 0.42893603008713876
36185.7 0.4255984252130804
36306.5 0.4223272771239829
36427.7 0.41921181406918717
36549.3 0.415935850853381
36671.4 0.41291385249289153
36793.8 0.40965562350573825
36916.6 0.40670418033899897
37039.9 0.4036323534530799
37163.5 0.40056813008445447
37287.6 0.39773424973423105
37412.1 0.39555270296125944
37537.0 0.39209126686492746
37662.3 0.38929309506140497
37788.1 0.38666931052796827
37914.2 0.3840310696129963
38040.8 0.3814450089605623
38167.8 0.3787800535642738
38295.2 0.3760966415710958
38423.1 0.37343466567665307
38551.3 0.3710826801392195
38680.0 0.3684357872208278
38809.2 0.36593232868046394
38938.7 0.36329806399407294
39068.7 0.3609360954936682
39199.2 0.35842992517924455
39330.0 0.355971819830728
39461.3 0.3535879066336468
39593.1 0.35117757925929366
39725.3 0.34886067049309333
39857.9 0.3463437673783387
39991.0 0.34396596871258045
40124.5 0.3414742291224747
40258.4 0.3391914770266923
40392.8 0.3368081584340472
40527.7 0.33486726344699524
40663.0 0.33235432705726875
40798.7 0.33014467889166044
40935.0 0.3280549273068989
41071.6 0.32581830394329486
41208.7 0.32366227547052023
41346.3 0.3214987064523729
41484.3 0.31920450327712396
41622.8 0.31704633818363853
41761.8 0.31493930558017685
41901.2 0.3129096568604412
42041.1 0.31081100970137354
42181.5 0.30872756358748177
42322.3 0.3066968224995756
42463.6 0.3045888333344427
42605.4 0.3025302676408811
42747.6 0.3003916514415626
42890.3 0.29834185978486527
43033.5 0.2961713616599674
43177.2 0.2941292365630765
43321.3 0.2919679734348752
43465.9 0.289947095965129
43611.1 0.28798351493197205
43756.7 0.2858968460712124
43902.7 0.28397304918789884
44049.3 0.28197787935063584
44196.4 0.2801474598836423
44343.9 0.27818698350141857
44492.0 0.27636234921481173
44640.5 0.2692239385790749
44789.5 0.25351758120809864
44939.1 0.251869148368526
45089.1 0.250107539337515
45239.6 0.24851195726208902
45390.7 0.2468100454953554
45542.2 0.2451605621832986
45694.2 0.243519346806287
45846.8 0.24188584849103079
45999.9 0.2401748829877564
46153.4 0.23947370354062214
46307.5 0.23696141455242853
46462.1 0.23458592361346434
46617.2 0.23384529671454907
46772.9 0.23228067249274517
46929.0 0.2308360600723039
47085.7 0.2295057399062568
47242.9 0.2280703792354114
47400.6 0.22659708682932433
47558.9 0.2251749615173337
47717.6 0.22378030493257978
47876.9 0.22237258231917653
48036.8 0.22090786329904397
48197.2 0.21944598309233965
48358.1 0.2181219356456803
48519.5 0.21672319202761334
48681.5 0.2153149441514623
48844.0 0.21395752033181184
49007.1 0.21257816092910548
49170.7 0.2112647134393425
49334.8 0.20986570855742845
49499.6 0.20857656673465977
49664.8 0.20726936107331478
49830.6 0.20596941706997673
49997.0 0.20465322348319354
50163.9 0.20409019364739386
50331.4 0.20370748625737162
50499.4 0.20319702839366818
50668.0 0.20284322715623607
50837.2 0.20241180598894346
51006.9 0.20193703698703164
51177.2 0.20156222403315183
51348.0 0.20110013429475626
51519.4 0.20083114717252196
51691.4 0.20043960254224796
51864.0 0.20021555065118288
52037.2 0.1998759695681403
52210.9 0.19957647574074686
52385.2 0.19926797711489339
52560.1 0.19903387868487205
52735.6 0.19876319080901822
52911.6 0.19850987705586431
53088.3 0.19826284173052713
53265.5 0.19800501485739472
53443.3 0.19259411575582736
53621.8 0.1976029956049953
53800.8 0.19734329596748357
53980.4 0.1971964206002375
54160.6 0.1969587109200531
54341.4 0.19680144274225492
54522.9 0.1966542502975583
54704.9 0.1964597304477744
54887.5 0.19631913173002355
55070.8 0.19617697170561135
55254.6 0.19607474708701106
55439.1 0.19601135439018566
55624.2 0.1958956533014246
55809.9 0.195853481733855
55996.2 0.1957406927362447
56183.1 0.19571098136843068
56370.7 0.19556913782286572
56558.9 0.19551876746212477
56747.7 0.19554007760955022
56937.2 0.19544313498848284
57127.3 0.19544335816804018
57318.0 0.19538258614915796
57509.3 0.19544747480695746
57701.3 0.195411967609617
57894.0 0.19548132941726065
58087.3 0.19544142353469507
58281.2 0.1944241762531151
58475.8 0.187912417873801
58671.0 0.18797828955556697
58866.9 0.18807114331922034
59063.4 0.1881023569468272
59260.6 0.18823910961797435
59458.4 0.18836619728132975
59656.9 0.1885436766533773
59856.1 0.19770997722865688
60055.9 0.2167246188066353
60256.4 0.23579574521417757
60457.6 0.25499208343224694
60659.4 0.27414962206252336
60861.9 0.2855988957749059
61065.1 0.28570580342101315
61269.0 0.2858146961178005
61473.5 0.2859270082374267
61678.8 0.28602524260162965
61884.7 0.2861200510795286
62091.3 0.28622823588443996
62298.6 0.28638852874863924
62506.6 0.28654521607472333
62715.3 0.286640664534367
62924.6 0.2770601524484885
63134.7 0.25764807020429537
63345.5 0.23818432870435022
63557.0 0.21867894073546199
63769.1 0.19922777790522064
63982.0 0.1928884298821232
64195.7 0.1931871110904188
64410.0 0.19346235574660509
64625.0 0.19377724538465874
64840.8 0.19406159773533152
65057.2 0.19434227126114556
65274.4 0.19471359657505216
65492.3 0.19495634198482806
65711.0 0.195305222671517
65930.4 0.19565462270402434
66150.5 0.19599822632117975
66371.3 0.19636573371520538
66592.9 0.19669310180902716
66815.2 0.19703942434073798
67038.3 0.19737720135710266
67262.1 0.1975409634020558
67486.7 0.198007593974035
67712.0 0.19844895112777658
67938.0 0.19878346160341498
68164.8 0.19915472345277388
68392.4 0.19951295529012095
68620.7 0.19994719456567017
68849.8 0.2003140646347528
69079.7 0.2006990024654459
69310.3 0.2011232294267796
69541.7 0.2015115530346545
69773.9 0.20193049740339775
70006.8 0.20229637586772267
70240.5 0.20162330743797943
70475.0 0.20095242179634468
70710.3 0.20028371999690842
70946.4 0.1995933907880622
71183.3 0.1989433781763546
71420.9 0.19829887955923275
71659.3 0.19763917669762054
71898.6 0.19698920679064968
72138.6 0.1962851660047134
72379.4 0.19567148688482616
72621.1 0.19501232149294503
72863.5 0.19440143040939328
73106.8 0.19368359505901714
73350.9 0.19312042539004806
73595.7 0.1924826435229384
73841.5 0.1902655850709433
74088.0 0.187891354785694
74335.3 0.18729794015814283
74583.5 0.1864345475955227
74832.5 0.23494464681508365
75082.3 0.2864637892180259
75333.0 0.3384445453082096
75584.5 0.39012551979787935
75836.8 0.4342080185744935
76090.0 0.4331886786605142
76344.0 0.43220181393313917
76598.9 0.43121495714453534
76854.6 0.4301563466308349
77111.2 0.42917123072527474
77368.7 0.4281166912521363
77627.0 0.4271361165916498
77886.1 0.4261330861026236
78146.1 0.42511811911198744
78407.0 0.4241344620475428
78668.8 0.42311168659484794
78931.4 0.4221101812880783
79195.0 0.4211159732779137
79459.4 0.42008646484575557
79724.6 0.41913084915819177
79990.8 0.41812840065373635
80257.8 0.4171429823363064
80525.8 0.4161070276084665
80794.6 0.4020798055385685
81064.4 0.3829775403623568
81335.0 0.36399725119992266
81606.5 0.34491434534820103
81879.0 0.3259287742624498
82152.3 0.30690439411111897
82426.6 0.28797466795559495
82701.8 0.2702931358346166
82977.9 0.25739964239678237
83254.9 0.24453833499943636
83532.9 0.2316162768618251
83811.7 0.21875837010070848
84091.5 0.20584184138222952
84372.3 0.20316128642545916
84654.0 0.20257836378080682
84936.6 0.202030317336439
85220.2 0.20148829911300148
85504.7 0.20090526354966617
85790.1 0.2003899330268887
86076.5 0.19985206214691695
86363.9 0.19931088650890966
86652.2 0.19881672728167776
86941.5 0.19830024668401747
87231.8 0.19778686117893632
87523.0 0.19729994559781489
87815.2 0.19404631593668126
88108.4 0.18752121268950242
88402.5 0.1810388236834274
88697.7 0.17462201855313392
88993.8 0.16813218336498223
89290.9 0.16173345330915093
89589.0 0.16010279539548894
89888.1 0.15985259946889183
90188.2 0.156492317612704
90489.3 0.1513806514813846
90791.4 0.14632507333553263
91094.5 0.1408399760438373
91398.6 0.13464131303947538
91703.8 0.12962044736893275
92009.9 0.12463143833597588
92317.1 0.11967469298698177
92625.3 0.11477390665692114
92934.5 0.10985535905046571
93244.8 0.10499356388073193
93556.1 0.1001629460827066
93868.4 0.09527996478802116
94181.8 0.0904779379990597
94496.2 0.08568361557092466
94811.7 0.08091908611936237
95128.3 0.07819476451940013
95445.8 0.07844853855632487
95764.5 0.07868725376338233
96084.2 0.07893659834584256
96405.0 0.07923579938975564
96726.8 0.07958988815202511
97049.8 0.07995677104646531
97373.8 0.08034607228861676
97698.9 0.08073800950916275
98025.0 0.08114682127973888
98352.3 0.0816285531209621
98680.6 0.08213169152393598
99010.1 0.0826651046032845
99340.6 0.08316329072007983
99672.3 0.08371366196621971
100005.0 0.08431641275084556
100339.0 0.08488995034025783
100674.0 0.0855248041519353
101010.0 0.08614624820513446
101347.0 0.08683939443296967
101686.0 0.08758160392795741
102025.0 0.08831777716380454
102366.0 0.08910564656951515
102707.0 0.08994695098371575
103050.0 0.09082518888439721
103394.0 0.09175662368536126
103740.0 0.09267976335221476
104086.0 0.09370617090069404
104433.0 0.09478076090630878
104782.0 0.0958898174893004
105132.0 0.09818381102880674
105483.0 0.09810641077794878
105835.0 0.09930559367371816
106188.0 0.10054944140545694
106543.0 0.1018359906119729
106899.0 0.10316623551901612
107255.0 0.10459213214738959
107613.0 0.10600714754771522
107973.0 0.10751040502233941
108333.0 0.1091250998191514
108695.0 0.11073887344603277
109058.0 0.11238871986505952
109422.0 0.11416140979496922
109787.0 0.11597256975223828
110154.0 0.11923170331512982
110521.0 0.12373329823938137
110890.0 0.1291473482850053
111261.0 0.1345230639318968
111632.0 0.2841153234124217
112005.0 0.44109605938542035
112379.0 0.5004979270469351
112754.0 0.5047631052244645
113130.0 0.5081497943522063
113508.0 0.5088180769133803
113887.0 0.4993666881760388
114267.0 0.34870390239126103
114649.0 0.19929218844455618
115031.0 0.1736274521433046
115415.0 0.17636955480331998
115801.0 0.17918374587717217
116187.0 0.1820659949028245
116575.0 0.18748669122084347
116964.0 0.20803559637273467
117355.0 0.2286302431391314
117747.0 0.24928940745792055
118140.0 0.269946629314643
118534.0 0.27849246263427596
118930.0 0.2817683919204849
119327.0 0.2851145734739275
119725.0 0.28857623251921377
120125.0 0.2921119898623579
120526.0 0.2957964818817436
120929.0 0.29955030715319314
121332.0 0.3034202891710284
121737.0 0.3073997614003369
122144.0 0.29423590808282857
122552.0 0.2811409394465273
122961.0 0.2682152429607301
123371.0 0.255448449571447
123783.0 0.25568231683433834
124196.0 0.2605360884549945
124611.0 0.2657149541311812
125027.0 0.2710374351295397
125444.0 0.27653407233159877
125863.0 0.2820962903998222
126283.0 0.28779390031517305
126705.0 0.2935866236888143
127128.0 0.29951623295905555
127552.0 0.30557648520395414
127978.0 0.3088191460081537
128406.0 0.3180001927012405
128834.0 0.32436650187473004
129264.0 0.33085985247767175
129696.0 0.34446950337003984
130129.0 0.36828497305780433
130563.0 0.3921986923676027
130999.0 0.4160766926299692
131437.0 0.43253241863730646
131875.0 0.4404949075777803
132316.0 0.44885150693252296
132757.0 0.4575375052930185
133201.0 0.4661515900942869
133645.0 0.475130222265686
134091.0 0.484042173742851
134539.0 0.49334059427321203
134988.0 0.4937307067977137
135439.0 0.4862613956495494
135891.0 0.47925673098853877
136345.0 0.47270424386758714
136800.0 0.47790561616564586
137257.0 0.48883390506237434
137715.0 0.49987822218455774
138175.0 0.5108412467861005
138636.0 0.5221272070432151
139099.0 0.5333426698290218
139563.0 0.5470659292266605
140029.0 0.5623660041018852
140497.0 0.578525016151429
140966.0 0.5945715701930807
141436.0 0.6113032901571497
141909.0 0.6289267717965703
142382.0 0.6467816016310436
142858.0 0.6650356051979013
143335.0 0.6837230575422535
143813.0 0.7031384160923955
144293.0 0.72288344558903
144775.0 0.7434208106824918
145258.0 0.7645820266001315
145743.0 0.7859987937601379
146230.0 0.808407868031667
146718.0 0.8310463320696726
147208.0 0.8546936736850593
147699.0 0.8800337156093127
148192.0 0.9071264573213791
148687.0 0.9351581718343575
149183.0 0.9637504799410095
149682.0 0.9928974818205223
150181.0 1.0218339297021761
150683.0 1.0546757985784112
151186.0 1.0880376933727443
151690.0 1.1226558956320034
152197.0 1.158459085396978
152705.0 1.1952085734275661
153215.0 1.2331121671550813
153726.0 1.2722485931671008
154240.0 1.312547542898938
154754.0 1.3538761573518776
155271.0 1.3966693290516927
155789.0 1.446242094876116
156310.0 1.4864509914279833
156831.0 1.5342920703388394
157355.0 1.583933591123183
157880.0 1.6347247841804573
158407.0 1.687084489055006
158936.0 1.740716991919256
159467.0 1.7963622506462638
159999.0 1.8533864084623144
160533.0 1.912113537338328
161069.0 1.9721749584015924
161607.0 2.0342520432956395
162147.0 2.098009830569694
162688.0 2.163684898486174
163231.0 2.2313374649046636
163776.0 2.300722129766767
164323.0 2.3717709731275614
164871.0 2.4451582333287534
165422.0 2.5200731304085644
165974.0 2.5960764917750416
166528.0 2.674428760203582
167084.0 2.754512087982266
167642.0 2.836368648433286
168202.0 2.920669812094525
168763.0 3.0067945617518586
169327.0 3.095147270552385
169892.0 3.1856159972503404
170459.0 3.2783933665409783
171028.0 3.3718859126639966
171599.0 3.468957981668688
172172.0 3.5686154900495644
172747.0 3.6708018497754673
173324.0 3.7755703760003643
173902.0 3.8828323313773727
174483.0 3.9893150377162527
175065.0 4.099315234691225
175650.0 4.203253619919689
176236.0 4.3129975982103455
176825.0 4.420537901881095
177415.0 4.53279807884134
178007.0 4.647425449992649
178602.0 4.762158831285026
179198.0 4.8792456129822215
179796.0 4.998945840007239
180396.0 5.120820889046444
180999.0 5.245651633988727
181603.0 5.370918222080141
182209.0 5.498971272758847
182817.0 5.627875297708221
183428.0 5.759558599115634
184040.0 5.893394928985269
184655.0 6.029295788044954
185271.0 6.1642611958428635
185890.0 6.288524364714306
186510.0 6.413135589074156
187133.0 6.545279222181737
187758.0 6.668872235059074
188385.0 6.797711195131051
189013.0 6.930047461975741
189644.0 7.062943985092953
190278.0 7.197111957690408
190913.0 7.333462338333315
191550.0 7.470324109336101
192190.0 7.609510087797608
192831.0 7.747770791428316
193475.0 7.890794913844374
194121.0 8.032787352551937
194769.0 8.177497521416667
195419.0 8.325220532842547
196072.0 8.46982116338335
196726.0 8.607686774014569
197383.0 8.74450862882717
198042.0 8.886018031245422
198703.0 9.026497940630103
199367.0 9.168733016783394
200032.0 9.312792453910005
200700.0 9.45855859015821
201370.0 9.603266552205259
202042.0 9.749706216894058
202717.0 9.897804535116155
203394.0 10.048088151886645
204073.0 10.199040722031658
204754.0 10.349211957441232
205438.0 10.501468100644137
206123.0 10.654930935661323
206812.0 10.81003561497006
207502.0 10.96405744323594
208195.0 11.117088565167661
208890.0 11.272075595848316
209587.0 11.427280552192009
210287.0 11.582050061086147
210989.0 11.738995859791999
211693.0 11.896160988320117
212400.0 12.055406921513647
213109.0 12.212383937447392
213821.0 12.372968082879083
214535.0 12.533888861649064
215251.0 12.696270432759851
215969.0 12.860048686317196
216690.0 13.022561274390998
217414.0 13.186404182767165
218140.0 13.351360487918065
218868.0 13.518186436725518
219599.0 13.683462921021572
220332.0 13.85241299236743
221067.0 14.020545709924992
221805.0 14.192221996193478
222546.0 14.362593390561475
223289.0 14.532371135819757
224034.0 14.70456136937716
224782.0 14.876088075735394
225533.0 15.04877373369934
226286.0 15.22392122315754
227041.0 15.397751934325187
227799.0 15.571470974217108
228560.0 15.746294934598946
229323.0 15.922275361296483
230088.0 16.099396184794283
230857.0 16.27506110026558
231627.0 16.451915810065636
232401.0 16.629743440418878
233176.0 16.81355952358803
233955.0 16.99586728488503
234736.0 17.1816165963796
235520.0 17.365912796074785
236306.0 17.548782733005165
237095.0 17.733955980498862
237886.0 17.919927113594213
238681.0 18.10559542845458
239477.0 18.292334312339595
240277.0 18.47621846637159
241079.0 18.66364625459376
241884.0 18.85063826801274
242691.0 19.036232897918655
243502.0 19.222594222092496
244315.0 19.409864365956185
245130.0 19.598052652822766
245949.0 19.784626155956847
246770.0 19.976668181926247
247594.0 20.16946666854347
248420.0 20.363089051013418
249250.0 20.55509822975873
250082.0 20.74893226345329
250917.0 20.941454459917377
251754.0 21.135349375317524
252595.0 21.328440350884478
253438.0 21.519711005099882
254284.0 21.71165401794041
255133.0 21.90426772086392
255985.0 22.086545413834436
256840.0 22.297828929892354
257697.0 22.48612134510881
258557.0 22.680526178206406
259421.0 22.8538085194642
260287.0 23.06069963226636
261156.0 23.244670039112904
262027.0 23.44446829193079
262902.0 23.625992503027664
263780.0 23.824881661713682
264661.0 24.000901559919598
265544.0 24.196777646962733
266431.0 24.389706909835
267320.0 24.562663243168032
268213.0 24.753825308586215
269108.0 24.94353310913752
270006.0 25.131704376115362
270908.0 25.317366110210557
271812.0 25.503378055652338
272720.0 25.686897957690675
273630.0 25.869009690901688
274544.0 26.049536855912034
275460.0 26.228674461479905
276380.0 26.406242427518457
277303.0 26.582344593125192
278228.0 26.75666096253693
279157.0 26.93027628098213
280089.0 27.102041744259232
281024.0 27.272369606613047
281963.0 27.44117851249469
282904.0 27.608671645291476
283848.0 27.773974476183003
284796.0 27.939356245217017
285747.0 28.10256460237142
286701.0 28.284036140753532
287658.0 28.44443080826004
288618.0 28.598861778737373
289582.0 28.759727563556773
290549.0 28.917284082889033
291519.0 29.072186068430863
292492.0 29.225760849305907
293468.0 29.37760574015995
294448.0 29.509737648067784
295431.0 29.65934471494812
296418.0 29.807557253491385
297407.0 29.935649991913152
298400.0 30.091628418261344
299396.0 30.225805098847793
300396.0 30.34692823875901
301399.0 30.492029295614778
302405.0 30.614052328763712
303415.0 30.753420665918142
304427.0 30.8731633529113
305444.0 30.991605193906317
306464.0 31.127331450329127
307487.0 31.243254456604774
308513.0 31.35866958759541
309543.0 31.472630920162633
310577.0 31.585429556477074
311614.0 31.679103093891776
312654.0 31.789861616809866
313698.0 31.899457472164816
314745.0 31.990172482973353
315796.0 32.0798582626846
316850.0 32.18641719424369
317908.0 32.274149658912016
318969.0 32.36099547197462
320034.0 32.443705492759165
321103.0 32.53168810796558
322175.0 32.6137280731786
323250.0 32.68151336471726
324329.0 32.7637787276839
325412.0 32.84509382794823
326498.0 32.90828676993989
327589.0 32.970622562310226
328682.0 33.02852471920168
329779.0 33.093187785123895
330880.0 33.14798714065494
331985.0 33.19557571660739
333093.0 33.24928788219932
334206.0 33.29511596380125
335321.0 33.335547270292935
336441.0 33.374634090391254
337564.0 33.41432168030536
338691.0 33.45277437155834
339822.0 33.49057778973795
340956.0 33.511307722708224
342094.0 33.54799231832669
343237.0 33.56752658100631
344382.0 33.586736118671325
345532.0 33.60533205631262
346686.0 33.623272226494024
347843.0 33.624902001843274
349004.0 33.6259920800648
350170.0 33.62581787679263
351339.0 33.62690634221604
352512.0 33.62683426930427
353689.0 33.62128747419333
354869.0 33.60978058515284
356054.0 33.59281708917171
357243.0 33.58662441755999
358435.0 33.55819154824922
359632.0 33.55141313456172
360833.0 33.522453821140836
362037.0 33.488742768144206
363246.0 33.466711598309345
364459.0 33.433812194684315
365676.0 33.40187600998684
366896.0 33.36755047595027
368121.0 33.31770233504639
369350.0 33.26782456514139
370583.0 33.216581547812446
371821.0 33.16789855477524
373062.0 33.11794369858048
374307.0 33.067966050507806
375557.0 33.00269612260421
376811.0 32.937889425623084
378069.0 32.87297522601799
379331.0 32.80814563064604
380597.0 32.743401838983985
381868.0 32.66386427289899
383143.0 32.59882217411403
384422.0 32.52014556356233
385705.0 32.44117118708382
386993.0 32.3623023366207
388285.0 32.264610755638074
389581.0 32.17620497000038
390882.0 32.097170362425935
392187.0 31.991124252696686
393496.0 31.89903002263226
394810.0 31.80502641812537
396128.0 31.701298402785692
397451.0 31.59577381701856
398777.0 31.504833907926145
400109.0 31.39066221592782
401445.0 31.281425344496913
402785.0 31.177357010904448
404130.0 31.05966012231571
405479.0 30.942438760739567
406832.0 30.82569170533173
408191.0 30.709267204473203
409553.0 30.59339126223432
410921.0 30.464134389526244
412293.0 30.349099427354755
413669.0 30.220922155600967
415050.0 30.09323224712255
416436.0 29.952506879441422
417826.0 29.8259073225607
419221.0 29.699316610515908
420621.0 29.56038965246718
422025.0 29.4224019303922
423434.0 29.28459766317672
424847.0 29.147437548018384
426266.0 28.99756543238859
427689.0 28.861584796656082
429117.0 28.7130477998877
430549.0 28.56523182039917
431987.0 28.431032896355074
433429.0 28.271485413092538
434876.0 28.125618519826286
436328.0 27.980398479457342
437785.0 27.82264362569788
439246.0 27.67913457729122
440712.0 27.52317364667046
442184.0 27.367874741931292
443660.0 27.213362281348605
445141.0 27.0595695611239
446627.0 26.893887094614065
448118.0 26.741571763554376
449614.0 26.577446240987882
451116.0 26.414057964514065
452622.0 26.25033442619523
454133.0 26.088633570828698
455649.0 25.9288201005197
457170.0 25.768648881311172
458696.0 25.609260749427683
460228.0 25.438232370275255
461764.0 25.268378254992843
463306.0 25.11135119500308
464853.0 24.942983374661704
466404.0 24.77551998939601
467962.0 24.60876019071361
469524.0 24.44254709324499
471091.0 24.27799416724493
472664.0 24.1018868349891
474242.0 23.938569790470247
475825.0 23.76425136104035
477414.0 23.602587858816577
479008.0 23.429996095862744
480607.0 23.258307223459052
482212.0 23.087469723204894
483821.0 22.917576212250335
485437.0 22.748480917211193
487057.0 22.580322265010768
488683.0 22.41300104471628
490315.0 22.24511846624021
491952.0 22.06947386867232
493594.0 21.904787133126465
495242.0 21.72725684341575
496895.0 21.566605246927516
498554.0 21.39318509800063
500219.0 21.220658170031566
501889.0 21.049066258723656
503564.0 20.878389100834355
505246.0 20.7085887434312
506932.0 20.539737153372013
508625.0 20.37172463320885
510323.0 20.2046275741828
512026.0 20.038445812186946
513736.0 19.87133986545295
515451.0 19.697722545024817
517172.0 19.537660977840673
518898.0 19.360676496741647
520631.0 19.198885046924158
522369.0 19.03798488984626
524113.0 18.867191332172563
525863.0 18.713133995555737
527618.0 18.5390676228936
529380.0 18.381372992950794
531147.0 18.21445157741895
532920.0 18.048184408309385
534700.0 17.893317456634037
536485.0 17.72881621470001
538276.0 17.565210207819877
540073.0 17.402495461894517
541876.0 17.24067007239629
543685.0 17.079280200775276
545500.0 16.91966926313163
547321.0 16.77077618510254
549148.0 16.612434384459423
550982.0 16.4549336300723
552821.0 16.29831635107059
554667.0 16.14186035020996
556519.0 15.987361168862282
558377.0 15.833604784080022
560241.0 15.680408666462458
562111.0 15.528062940595166
563988.0 15.376535157373189
565871.0 15.225854015076568
567760.0 15.075923543478506
569655.0 14.927005797435275
571557.0 14.778807036445034
573465.0 14.634384180994948
575380.0 14.484870631860348
577301.0 14.329371835378858
579228.0 14.19420179195986
581162.0 14.049857545457547
583102.0 13.906749363764789
585049.0 13.764215465319767
587002.0 13.622487862102265
588962.0 13.481539974208253
590928.0 13.341391629013232
592901.0 13.202016861790666
594880.0 13.063434853470342
596866.0 12.925620243832713
598859.0 12.788570229814699
600858.0 12.652299283503796
602864.0 12.516794224713419
604877.0 12.382040571223184
606896.0 12.24995332001336
608922.0 12.114828346872189
610955.0 11.991561455054853
612995.0 11.858846787898164
615042.0 11.728757847608096
617095.0 11.607608388273963
619155.0 11.476991428354934
621222.0 11.349197796757588
623296.0 11.230121431792734
625377.0 11.10270527884285
627465.0 10.976013043615756
629560.0 10.85898475002991
631661.0 10.73861893427858
633770.0 10.618028593960863
635886.0 10.494136722208998
638009.0 10.379780732440215
640139.0 10.257273270959871
642276.0 10.144235607769014
644420.0 10.02310014942271
646572.0 9.911354981513973
648731.0 9.791289984651376
650896.0 9.681132097236093
653069.0 9.571120673125689
655250.0 9.462109101693873
657437.0 9.353543235723743
659632.0 9.245585144758344
661834.0 9.138246499356793
664044.0 9.031510941337565
666261.0 8.925389700841396
668485.0 8.819880002415935
670717.0 8.714544178519546
672956.0 8.610658521305403
675203.0 8.506776908056347
677457.0 8.403826587240493
679719.0 8.301297396156409
681988.0 8.2026670496336
684265.0 8.103757986507881
686549.0 8.006273739048538
688841.0 7.910146592505339
691141.0 7.814477751378004
693448.0 7.720354711774458
695763.0 7.626679955280146
698086.0 7.533540157769962
700417.0 7.441737182362558
702755.0 7.350269676942799
705101.0 7.259665456116102
707455.0 7.169502207920404
709817.0 7.0805906742382865
712187.0 6.992190361139428
714565.0 6.9050872237439265
716950.0 6.818495329907559
719344.0 6.732392865773354
721745.0 6.647578445927644
724155.0 6.563244346020158
726573.0 6.480948467104092
728998.0 6.399909547880187
731432.0 6.3193302322967435
733874.0 6.239217413977892
736324.0 6.160333846367029
738782.0 6.081907623401393
741249.0 6.004688337119518
743723.0 5.927925548393146
746206.0 5.851601193383595
748698.0 5.7764658063452945
751197.0 5.701775795910887
753705.0 5.627513879890167
756221.0 5.554430455851893
758746.0 5.481766702907213
761279.0 5.410296099071086
763821.0 5.33900401029433
766371.0 5.268509314623138
768929.0 5.199717725708904
771496.0 5.132052364345739
774072.0 5.065504201342541
776656.0 4.998621319050886
779249.0 4.932943982491855
781851.0 4.868174198078722
784461.0 4.8038797283492025
787080.0 4.739959876396057
789707.0 4.6771285115182275
792344.0 4.614655543009227
794989.0 4.552551214707
797643.0 4.491514088849888
800306.0 4.430831965738847
802978.0 4.370959689770454
805659.0 4.311924690334152
808349.0 4.252985068274793
811047.0 4.195100394752598
813755.0 4.138235231463376
816472.0 4.083081708811655
819198.0 4.027562370220827
821933.0 3.973052933504144
824677.0 3.9195451355066964
827430.0 3.8656696059613513
830192.0 3.8127883779820215
832964.0 3.7608887596067793
835745.0 3.7092934812375367
838535.0 3.6580011761619273
841334.0 3.6076798045240364
844143.0 3.5576496484255196
846961.0 3.508579661013595
849789.0 3.459131387663111
852626.0 3.4112960719319876
855472.0 3.363084376616548
858329.0 3.3158058832166843
861194.0 3.269464824772034
864069.0 3.224697099589048
866954.0 3.179540064883254
869848.0 3.1352975293467256
872752.0 3.0917065807061417
875666.0 3.0482284682736616
878589.0 3.00539895962589
881523.0 2.963348710920171
884466.0 2.922396933088946
887418.0 2.8803505791986708
890381.0 2.83910452711363
893354.0 2.7992413204852347
896336.0 2.7593014726408818
899329.0 2.7194363117949227
902331.0 2.680432969345425
905344.0 2.6422781981655006
908366.0 2.6037308045144445
911399.0 2.5666438257041158
914441.0 2.530393786873783
917494.0 2.494354223219667
920557.0 2.4585270032720135
923631.0 2.42351824483717
926714.0 2.3883899821978294
929808.0 2.354121770485981
932912.0 2.3203332376060386
936027.0 2.286741929033386
939152.0 2.253349461971496
942287.0 2.2207525401344492
945433.0 2.18834633842323
948589.0 2.156572075092473
951756.0 2.1246991480827013
954934.0 2.093450318093355
958122.0 2.0629749933669603
961321.0 2.0320927786240883
964530.0 2.0025623288943875
967750.0 1.9732052948399623
970981.0 1.9446009074953885
974223.0 1.9161646188194903
977475.0 1.8878976476901255
980738.0 1.8603712274124362
984013.0 1.8330054887125167
987298.0 1.8058027751809316
990594.0 1.7793292059509278
993901.0 1.7530118216491215
997219.0 1.7268499393393728
1000550.0 1.7014022941358602
1003890.0 1.6755475525835555
1007240.0 1.6509660626954752
1010600.0 1.6259742260454986
1013980.0 1.6018185328195145
1017360.0 1.5775308659732707
1020760.0 1.5540710401816213
1024170.0 1.5307520315430136
1027590.0 1.508121128077779
1031020.0 1.485625954741403
1034460.0 1.4632594555334322
1037910.0 1.4415059052562207
1041380.0 1.4200157240802744
1044850.0 1.398592128329877
1048340.0 1.3778212455071328
1051840.0 1.357175295942143
1055350.0 1.3363921636850324
1058880.0 1.3162431457798556
1062410.0 1.2964983482079127
1065960.0 1.276860368152429
1069520.0 1.2573409997085339
1073090.0 1.2379396080298752
1076670.0 1.2191785882245194
1080270.0 1.2005196914636234
1083870.0 1.182504297080131
1087490.0 1.1645867611089782
1091120.0 1.1472937089283637
1094760.0 1.130105014489267
1098420.0 1.1130099776393576
1102090.0 1.0960185407861216
1105770.0 1.0796393972327427
1109460.0 1.0628517569397755
1113160.0 1.046883865584118
1116880.0 1.0309569242847447
1120610.0 1.0150899839643963
1124350.0 0.9996930655757856
1128100.0 0.9843895130129661
1131870.0 0.9691700729032409
1135650.0 0.9545394804880301
1139440.0 0.9395033283212255
1143240.0 0.9250513562464244
1147060.0 0.9111701926508473
1150890.0 0.8973733805188241
1154730.0 0.8836336316262078
1158580.0 0.8705169396866703
1162450.0 0.8569613185129805
1166330.0 0.8439712449438541
1170230.0 0.8310531088122135
1174130.0 0.8187004041849492
1178050.0 0.8059377811060128
1181990.0 0.7937228141289657
1185930.0 0.7815890104550579
1189890.0 0.769522629205756
1193860.0 0.7574633488482803
1197850.0 0.7460744351510613
1201850.0 0.734688868768223
1205860.0 0.7233728390629751
1209890.0 0.7121200493399148
1213930.0 0.7014000889392037
1217980.0 0.6907455733097225
1222050.0 0.6801505477270864
1226130.0 0.669620399396176
1230220.0 0.6596124859592797
1234330.0 0.6496603700609573
1238450.0 0.6397691441312997
1242580.0 0.6299384417027474
1246730.0 0.6201629230449491
1250890.0 0.610897570397852
1255070.0 0.6012353685835911
1259260.0 0.5920798046753201
1263460.0 0.5829803521116556
1267680.0 0.5739321410155097
1271910.0 0.5653822723721095
1276160.0 0.5564390882776129
1280420.0 0.5479907971030028
1284690.0 0.5395943347426869
1288980.0 0.5312452601520976
1293290.0 0.5233112040963825
1297600.0 0.5151268943776524
1301940.0 0.5073582356627662
1306280.0 0.4996372749760925
1310640.0 0.4919599415344844
1315020.0 0.4843261516857127
1319410.0 0.4770462611160543
1323820.0 0.4696213239794242
1328230.0 0.46212651372686153
1332670.0 0.45509362875365744
1337120.0 0.44810409920937844
1341580.0 0.441157649963887
1346060.0 0.4342507814973025
1350560.0 0.4273834067690191
1355060.0 0.42056164360519743
1359590.0 0.4140658417664824
1364130.0 0.4075570244659142
1368680.0 0.4011533001801358
1373250.0 0.3948154587692652
1377840.0 0.38855489137969074
1382440.0 0.3823738658668876
1387050.0 0.3762576367653116
1391680.0 0.37024515474484715
1396330.0 0.3642936635259364
1400990.0 0.35845951159759454
1405670.0 0.3526590246039662
1410360.0 0.3469345018267349
1415070.0 0.34132269255048797
1419790.0 0.3357457519059046
1424530.0 0.3302406636356574
1429290.0 0.3248463431251902
1434060.0 0.3194856051782374
1438850.0 0.3141951815835173
1443650.0 0.3089767325487655
1448470.0 0.30386643050438555
1453310.0 0.2987975388296893
1458160.0 0.29377573024178893
1463030.0 0.2888717976415142
1467910.0 0.2839984695230376
1472810.0 0.2792301155055581
1477730.0 0.2744895640281305
1482660.0 0.26985482725923693
1487610.0 0.2652471250343401
1492580.0 0.26073827414633066
1497560.0 0.2562579765926226
1502560.0 0.2518893196851855
1507580.0 0.24753937200076156
1512610.0 0.2432911473689353
1517660.0 0.23906738480600653
1522730.0 0.23498058944670708
1527810.0 0.23091886264237504
1532910.0 0.22695456865591238
1538030.0 0.22301366562060657
1543160.0 0.2191704775997798
1548320.0 0.21538495476021208
1553480.0 0.2116399857135375
1558670.0 0.20795735897079604
1563870.0 0.20434918134984875
1569100.0 0.2007610807302253
1574330.0 0.19726835862626418
1579590.0 0.19379508499294612
1584860.0 0.19041472893625733
1590150.0 0.18705442650978715
1595460.0 0.18378469598204641
1600790.0 0.18053440226021203
1606130.0 0.17737469959993685
1611500.0 0.17426763860118452
1616880.0 0.17121498553849043
1622270.0 0.1682509679404957
1627690.0 0.16530353427855518
1633120.0 0.16240915212698695
1638580.0 0.15956539943282255
1644050.0 0.15677383458997501
1649540.0 0.15403305538254647
1655040.0 0.15130954514659647
1660570.0 0.1486692152422559
1666110.0 0.1460455359551547
1671670.0 0.14347076529538366
1677260.0 0.14094502035027953
1682860.0 0.13846824607759148
1688470.0 0.13600709539476133
1694110.0 0.1336019954615424
1699770.0 0.1312267509696555
1705440.0 0.1289413721539155
1711130.0 0.12666965862458568
1716850.0 0.1244700662461389
1722580.0 0.1222970561039667
1728330.0 0.12013074347898171
1734100.0 0.11804238428129742
1739890.0 0.11596654345562075
1745700.0 0.11393542583059708
1751530.0 0.11191650525651671
1757370.0 0.1099423985273972
1763240.0 0.10801146877979063
1769130.0 0.10609215350693649
1775030.0 0.10421640616109666
1780960.0 0.10238359579854514
1786910.0 0.10056151895033222
1792870.0 0.09878239456869224
1798860.0 0.09704474641821839
1804860.0 0.09531810408196838
1810890.0 0.09365948844378859
1816930.0 0.09200449509480246
1823000.0 0.0904156806269715
1829090.0 0.08882156984100836
1835190.0 0.08726824875955709
1841320.0 0.08572382296789503
1847470.0 0.08421921592345712
1853630.0 0.08272414666497924
1859820.0 0.08126794957906758
1866030.0 0.07982055807767242
1872260.0 0.07841200841096808
1878510.0 0.07704195911035865
1884780.0 0.07565031541412783
1891080.0 0.07432627815626254
1897390.0 0.07301064868634095
1903720.0 0.07170298748038599
1910080.0 0.07043236974597139
1916460.0 0.06919884743585199
1922850.0 0.06797315729454168
1929270.0 0.0667837372296305
1935710.0 0.06560152912397922
1942180.0 0.06445516071139108
1948660.0 0.06331607982938085
1955170.0 0.06220217270460078
1961690.0 0.061087022500362846
1968240.0 0.060025411025054085
1974810.0 0.05894172905469194
1981410.0 0.057892778267669545
1988020.0 0.05687883244521839
1994660.0 0.05587076653621086
2001320.0 0.05486884150492495
2008000.0 0.05390107044363951
2014700.0 0.05293919145052853
2021430.0 0.05198291733634598
2028180.0 0.05108801678998576
2034950.0 0.05017088691711156
2041740.0 0.049285696295827484
2048560.0 0.048408138861954594
2055400.0 0.047559367437636016
2062260.0 0.04672123461339883
2069150.0 0.04588527244311233
2076050.0 0.04508176706752946
2082990.0 0.04428273470608271
2089940.0 0.04348880093013828
2096920.0 0.04269907307374056
2103920.0 0.041961086226734536
2110940.0 0.041188799068096194
2117990.0 0.040466763434685506
2125060.0 0.03974914452998194
2132150.0 0.03903591860926169
2139270.0 0.03832688242158881
2146410.0 0.03764843637177812
2153580.0 0.036973973555323746
2160770.0 0.036329711805936804
2167980.0 0.03568939520644502
2175220.0 0.03505283950611833
2182480.0 0.0344201917431988
2189770.0 0.03381699241253535
2197080.0 0.033217493613827094
2204420.0 0.032621526872632374
2211780.0 0.03202922608654593
2219160.0 0.031455699817848966
2226570.0 0.03090598463558141
2234000.0 0.030349465746741036
2241460.0 0.029796237604436396
2248940.0 0.029271459393700437
2256450.0 0.028724821805345968
2263980.0 0.028231308654753925
2271540.0 0.02771591048833213
2279130.0 0.02722828154682452
2286740.0 0.026743655740193915
2294370.0 0.026262015864258685
2302030.0 0.025807695042331904
2309710.0 0.025331787209250844
2317430.0 0.024882904387575414
2325160.0 0.02443689724350969
2332930.0 0.02399826203648568
2340710.0 0.023567249887190726
2348530.0 0.023143494903927996
2356370.0 0.022727139312843887
2364240.0 0.02231802567282858
2372130.0 0.021916189813990294
2380050.0 0.021521479064906913
2387990.0 0.021131567734402317
2395970.0 0.020753295646676138
2403970.0 0.020382050393847384
2411990.0 0.020017771287196385
2420040.0 0.01965871127725241
2428120.0 0.01930731330128312
2436230.0 0.018960902137681427
2444360.0 0.018621521375394957
2452520.0 0.018286323883764066
2460710.0 0.017957710631717586
2468930.0 0.017633342691323203
2477170.0 0.01731553425539741
2485440.0 0.01700415933782558
2493740.0 0.016696907000758557
2502060.0 0.016393812790197734
2510420.0 0.016099200715480332
2518800.0 0.015806418806761206
2527210.0 0.01551985093972889
2535640.0 0.015239505556357566
2544110.0 0.014965209767931488
2552600.0 0.01469703139899318
2561120.0 0.014432660774095656
2569670.0 0.014174260721042732
2578250.0 0.013919596712602438
2586860.0 0.013668640429774082
2595500.0 0.013421363680215325
2604160.0 0.013179951406380322
2612860.0 0.012942096541267992
2621580.0 0.01270787149881646
2630330.0 0.012477198089537195
2639110.0 0.012250048851370937
2647920.0 0.012028523131378165
2656760.0 0.011810452885421168
2665630.0 0.011595811096066699
2674530.0 0.011384570872945076
2683460.0 0.011178803976905462
2692420.0 0.010976371292313615
2701410.0 0.010779330955616569
2710430.0 0.010585558221650675
2719480.0 0.010392956265390847
2728560.0 0.010205647451809656
2737670.0 0.010021528308349232
2746810.0 0.009840573131389212
2755980.0 0.009662756353122776
2765180.0 0.00948601603697677
2774410.0 0.009314406653361392
2783670.0 0.009145859745854924
2792960.0 0.008978334035827318
2802290.0 0.008815812364627761
2811640.0 0.008654307749026355
2821030.0 0.00849774565328278
2830450.0 0.008342133936684336
2839900.0 0.008189450990598299
2849380.0 0.008041648817609506
2858890.0 0.007896713773379036
2868440.0 0.007754594852028989
2878010.0 0.007614422800639144
2887620.0 0.0074768704540174
2897260.0 0.0073412038770854305
2906930.0 0.007206363206027767
2916640.0 0.007076181157204436
2926380.0 0.006946791660406437
2936150.0 0.006822026776763912
2945950.0 0.006698021236616551
2955780.0 0.006574771262890234
2965650.0 0.0064541501630822696
2975550.0 0.006338050455032616
2985490.0 0.006220751150104972
2995450.0 0.006107949469281186
3005450.0 0.0059958156449187484
3015490.0 0.005888082399507842
3025560.0 0.005781006841630218
3035660.0 0.005676440645835728
3045790.0 0.005572513064835033
3055960.0 0.005471045630578568
3066160.0 0.005372035358440924
3076400.0 0.005275443554269806
3086670.0 0.005179441612284346
3096970.0 0.005084028512317669
3107310.0 0.004990995325157429
3117690.0 0.0049003226337902325
3128100.0 0.0048120058012122635
3138540.0 0.004723996431402641
3149020.0 0.004636790701081685
3159530.0 0.004552041622719375
3170080.0 0.004469389769690537
3180660.0 0.0043872448403698
3191280.0 0.004307355203286675
3201930.0 0.004229714623447155
3212620.0 0.004152537109814516
3223350.0 0.0040775679610175215
3234110.0 0.004003059141132507
3244910.0 0.003928996032660866
3255740.0 0.003858848067217293
3266610.0 0.003787394947692196
3277520.0 0.00371808858530305
3288460.0 0.003650921244724938
3299440.0 0.0035841557510837576
3310450.0 0.003517801516132127
3321500.0 0.0034535408993950534
3332590.0 0.003391355507849992
3343720.0 0.0033295427849340414
3354880.0 0.003268110977264399
3366080.0 0.003207048409416866
3377320.0 0.0031493715408022604
3388600.0 0.0030926723025191706
3399910.0 0.003036007803917148
3411260.0 0.002981334904927419
3422650.0 0.002926990409043448
3434080.0 0.0028729729474101973
3445540.0 0.0028209236991596624
3457040.0 0.0027691874974330307
3468580.0 0.0027193865317084384
3480160.0 0.0026698851568051126
3491780.0 0.0026206820929326547
3503440.0 0.0025733834165975323
3515140.0 0.0025247677729263534
3526870.0 0.0024796469829552795
3538650.0 0.00243319956324748
3550460.0 0.002389539840464121
3562310.0 0.0023459029827577285
3574210.0 0.002303430774339587
3586140.0 0.002261221525797418
3598110.0 0.0022192675090794913
3610120.0 0.0021791274413404706
3622180.0 0.0021392240309794767
3634270.0 0.002101117619054615
3646400.0 0.002063241267624852
3658580.0 0.0020255883943227954
3670790.0 0.0019881691455234775
3683050.0 0.001952500491320482
3695340.0 0.0019155290624621399
3707680.0 0.0018814740607691614
3720060.0 0.001846791042992524
3732480.0 0.0018134886971266373
3744940.0 0.0017803882298967782
3757440.0 0.001747488689929327
3769980.0 0.0017147891259554659
3782570.0 0.0016837728850803346
3795200.0 0.0016529450081068332
3807870.0 0.0016237834470407293
3820580.0 0.0015933246701961407
3833340.0 0.0015645165180495752
3846130.0 0.0015358875363397347
3858980.0 0.00150888416054287
3871860.0 0.0014805941278404097
3884780.0 0.0014539263093644012
3897750.0 0.0014277059262880198
3910770.0 0.0014016415438099351
3923820.0 0.0013760984064213715
3936920.0 0.001350993531639128
3950070.0 0.0013263947937073007
3963250.0 0.0013020915257953678
3976490.0 0.0012783549268052805
3989760.0 0.001254907577098817
4003080.0 0.0012321629949449868
4016450.0 0.0012098346266139982
4029850.0 0.0011880647956568002
4043310.0 0.0011664219533141038
4056810.0 0.0011453278722007097
4070350.0 0.001124639365217884
4083940.0 0.001104212413462753
4097570.0 0.0010841852379052655
4111250.0 0.001064551857598984
4124980.0 0.001045172551734693
4138750.0 0.001026183989868207
4152570.0 0.001007580544377283
4166430.0 0.0009892261319116575
4180340.0 0.0009712512338191801
4194300.0 0.0009535184562034031
4208300.0 0.0009361620600506775
4222350.0 0.0009191766172261692
4236450.0 0.0009025590392919476
4250590.0 0.0008863083344785504
4264780.0 0.0008702872336309449
4279020.0 0.0008546256113553643
4293300.0 0.0008391912299139328
4307640.0 0.0008241091616525687
4322020.0 0.0008092499802044163
4336450.0 0.0007946100471531943
4350930.0 0.0007803171128413891
4365450.0 0.0007661119777192427
4380030.0 0.0007523764258201818
4394650.0 0.0007387252908959468
4409320.0 0.0007254118868012569
4424040.0 0.0007121787285712359
4438810.0 0.0006994060592540082
4453630.0 0.0006867103996978368
4468500.0 0.0006742174318292056
4483420.0 0.0006621767616557348
4498380.0 0.0006503353670765559
4513400.0 0.0006386887510496584
4528470.0 0.0006271995176000954
4543590.0 0.000615978025375806
4558760.0 0.0006049108053964887
4573980.0 0.0005940336204563359
4589250.0 0.0005834676412575603
4604570.0 0.0005729655204613623
4619940.0 0.0005626488545502103
4635370.0 0.0005526364257635172
4650840.0 0.0005426857662820695
4666370.0 0.00053291491207289
4681950.0 0.0005233235672901783
4697580.0 0.0005139102522346535
4713260.0 0.0005046734952328291
4729000.0 0.0004956107851095875
4744780.0 0.00048684146887447024
4760620.0 0.0004781242625097525
4776520.0 0.00046969476643099164
4792460.0 0.00046131735381826265
4808460.0 0.0004531069436784995
4824520.0 0.00044506218056678004
4840620.0 0.00043718352144338967
4856780.0 0.0004294677405101381
4873000.0 0.00042179794125913445
4889270.0 0.00041428997207373783
4905590.0 0.0004069424523775502
4921970.0 0.00039975319776204327
4938400.0 0.00039260765998194947
4954890.0 0.00038561849386717736
4971430.0 0.0003787851580264622
4988030.0 0.0003720855794137977
5004680.0 0.00036546662629730736
5021390.0 0.0003589795758169564
5038150.0 0.00035264383123149193
5054970.0 0.00034645739006498204
5071850.0 0.0003404189865607537
5088780.0 0.00033441735747200815
5105770.0 0.00032856196282209907
5122820.0 0.0003227416278618222
5139920.0 0.0003170663837638114
5157080.0 0.0003115343484338064
5174290.0 0.00030603604900512714
5191570.0 0.00030064499519616867
5208900.0 0.0002954620122856261
5226290.0 0.0002902766673884022
5243740.0 0.0002851224530925017
5261250.0 0.0002801062692430645
5278810.0 0.0002752274347985023
5296430.0 0.00027037788871415097
5314120.0 0.0002656629725686108
5331860.0 0.0002610825114770186
5349660.0 0.0002565295520652541
5367520.0 0.0002521088875289453
5385440.0 0.0002477147843959495
5403420.0 0.00024345134195728166
5421460.0 0.00023921353138090242
5439560.0 0.00023510476254553177
5457720.0 0.00023102070690033682
5475940.0 0.00022706408970996986
5494220.0 0.00022313127812716765
5512560.0 0.00021932431738569524
5530970.0 0.00021553987585966469
5549430.0 0.00021177863598288466
5567960.0 0.00020814085826979293
5586550.0 0.0002045250163299384
5605200.0 0.00020103147372101557
5623910.0 0.00019755899409142506
5642690.0 0.0001942069326954005
5661530.0 0.00019087508715918278
5680430.0 0.00018766249667508505
5699390.0 0.00018446927123284753
5718420.0 0.00018129500178696786
5737510.0 0.0001782380747977371
5756660.0 0.00017519959655599342
5775880.0 0.0001722766766480073
5795170.0 0.00016937109916108757
5814510.0 0.00016648336917404142
5833930.0 0.00016361254188922784
5853400.0 0.00016085559628677783
5872940.0 0.00015811504597462736
5892550.0 0.0001554863917213833
5912220.0 0.00015283933457525264
5931960.0 0.00015027641065755405
5951770.0 0.00014778930395316502
5971630.0 0.00014531748186248538
5991570.0 0.00014286013896852045
6011570.0 0.0001405113705895746
6031640.0 0.00013817657508583412
6051780.0 0.00013585569455092553
6071990.0 0.0001336414127194687
6092260.0 0.00013141667966910938
6112600.0 0.00012925275897599382
6133000.0 0.00012707825875847814
6153480.0 0.00012500806642881234
6174020.0 0.00012295041345636415
6194630.0 0.00012090503990238048
6215320.0 0.00011887170137227125
6236070.0 0.00011694103293358373
6256880.0 0.00011502206715154547
6277770.0 0.00011311438239300246
6298730.0 0.00011130751901712794
6319760.0 0.00010942232206522183
6340860.0 0.00010772606179475369
6362030.0 0.00010595137238561364
6383270.0 0.00010418731200857986
6404580.0 0.0001025217586819387
6425960.0 0.00010086615352135385
6447410.0 9.92204513097584e-05
6468940.0 9.767150742927825e-05
6490540.0 9.613180298712603e-05
6512200.0 9.451496809361297e-05
6533950.0 9.299375821789873e-05
6555760.0 9.156770336234197e-05
6577650.0 9.00643965983615e-05
6599610.0 8.86554506659111e-05
6621640.0 8.725492758443015e-05
6643750.0 8.586265876563789e-05
6665930.0 8.44618431234902e-05
6688180.0 8.31704862977095e-05
6710510.0 8.182797472664617e-05
6732910.0 8.05437142237626e-05
6755390.0 7.928370396258424e-05
6777940.0 7.803955424737598e-05
6800570.0 7.681931329949833e-05
6823280.0 7.562278615285011e-05
6846060.0 7.444988750944642e-05
6868910.0 7.329221991958886e-05
6891840.0 7.214956247327944e-05
6914850.0 7.102994926425165e-05
6937940.0 6.993318982193344e-05
6961100.0 6.885110364976388e-05
6984340.0 6.779154315637092e-05
7007660.0 6.674628453780643e-05
7031050.0 6.57153146319088e-05
7054530.0 6.470632108832781e-05
7078080.0 6.372725349867246e-05
7101710.0 6.276191425412246e-05
7125420.0 6.18180839333607e-05
7149210.0 6.0879832838366574e-05
7173070.0 5.9962921454169965e-05
7197020.0 5.90591758380992e-05
7221050.0 5.817637768904129e-05
7245160.0 5.730657534072779e-05
7269340.0 5.644974583303368e-05
7293610.0 5.5605632387867584e-05
7317960.0 5.4774214456815595e-05
7342390.0 5.396306245492312e-05
7366910.0 5.3164285002270164e-05
7391500.0 5.2377929835187156e-05
7416180.0 5.160375650310053e-05
7440940.0 5.084174019580629e-05
7465780.0 5.009178446962917e-05
7490700.0 4.9361311058890983e-05
7515710.0 4.865008477208346e-05
7540800.0 4.794381442798816e-05
7565980.0 4.724762071820123e-05
7591240.0 4.656371490956376e-05
7616580.0 4.589865040753878e-05
7642010.0 4.523746373951703e-05
7667520.0 4.458754209948822e-05
7693120.0 4.394873655790496e-05
7718810.0 4.332825440196429e-05
7744570.0 4.271150271594355e-05
7770430.0 4.2098298533481e-05
7796370.0 4.150318249911342e-05
7822400.0 4.0918741674006644e-05
7848520.0 4.034488995635354e-05
7874720.0 3.977444108264876e-05
7901010.0 3.921445618360179e-05
7927390.0 3.8671953828277717e-05
7953850.0 3.8139746478666554e-05
7980410.0 3.761059708869084e-05
8007050.0 3.70916205721838e-05
8033780.0 3.6582685718069915e-05
8060600.0 3.608370966141079e-05
8087510.0 3.558764705552706e-05
8114510.0 3.51014251736767e-05
8141600.0 3.4624962256770575e-05
8168780.0 3.41581769488756e-05
8196060.0 3.369407651230732e-05
8223420.0 3.3239579846565136e-05
8250870.0 3.279456487949276e-05
8278420.0 3.235211035547762e-05
8306060.0 3.191902493000042e-05
8333790.0 3.149522940633326e-05
8361610.0 3.1073910358728246e-05
8389520.0 3.066848128349174e-05
8417530.0 3.0265381252769676e-05
8445640.0 2.9864601405668854e-05
8473830.0 2.947949339330635e-05
8502120.0 2.9096596947883832e-05
8530510.0 2.8715903532191575e-05
8558990.0 2.8344017057807395e-05
8587560.0 2.798086158790754e-05
8616230.0 2.7619793920822917e-05
8645000.0 2.7267319730944318e-05
8673860.0 2.6916904495717163e-05
8702810.0 2.6575009249757612e-05
8731870.0 2.6235050611205143e-05
8761020.0 2.590350887439732e-05
8790270.0 2.557387512708869e-05
8819620.0 2.5252526551865787e-05
8849060.0 2.4933056075747788e-05
8878600.0 2.4621769539227494e-05
8908250.0 2.431856871185187e-05
8937990.0 2.401713768756023e-05
8967830.0 2.3723720917108382e-05
8997770.0 2.343198990684443e-05
9027800.0 2.3141963213201796e-05
9057940.0 2.2859799036813094e-05
9088180.0 2.2585454249175843e-05
9118530.0 2.2312659947274128e-05
9148970.0 2.20414587298978e-05
9179510.0 2.177181900157291e-05
9210160.0 2.151593909254326e-05
9240910.0 2.1255432644510904e-05
9271760.0 2.100250129731971e-05
9302710.0 2.0751024468590286e-05
9333770.0 2.050700704638272e-05
9364930.0 2.0264391883808178e-05
9396200.0 2.0023151472495335e-05
9427570.0 1.978927476649129e-05
9459040.0 1.9562695920287953e-05
9490620.0 1.933739559498365e-05
9522300.0 1.9113388944423812e-05
9554090.0 1.8890650367080788e-05
9585990.0 1.867504940530916e-05
9617990.0 1.8460686691116238e-05
9650100.0 1.8253373124715732e-05
9682320.0 1.804141354413216e-05
9714650.0 1.7836454761156067e-05
9747080.0 1.763845214847406e-05
9779620.0 1.744156655836782e-05
9812270.0 1.724579349363009e-05
9845030.0 1.705112845346852e-05
9877900.0 1.6863267805485105e-05
9910870.0 1.6676485006195366e-05
9943960.0 1.6490741807812425e-05
9977160.0 1.631169508398363e-05
10010500.0 1.6133610363220797e-05
10043900.0 1.59566126120569e-05
10077400.0 1.5780631546209112e-05
10111100.0 1.561107733876877e-05
10144800.0 1.544264962630193e-05
10178700.0 1.5280569481811876e-05
10212700.0 1.5113903319729499e-05
10246800.0 1.495369297198394e-05
10281000.0 1.4794401503477156e-05
10315300.0 1.4636024412812528e-05
10349700.0 1.4483998213771902e-05
10384300.0 1.4332703210072144e-05
10419000.0 1.4182276898688212e-05
10453700.0 1.4032849356642351e-05
10488600.0 1.3884145745231487e-05
10523700.0 1.3741518446019792e-05
10558800.0 1.3599839401951169e-05
10594000.0 1.3464287691487544e-05
10629400.0 1.3324085128687926e-05
10664900.0 1.3189969900624708e-05
10700500.0 1.305662254282225e-05
10736200.0 1.2924039148123117e-05
10772100.0 1.2792097054862962e-05
10808000.0 1.2666241782628861e-05
10844100.0 1.2535795577832693e-05
10880300.0 1.2411276649314719e-05
10916600.0 1.2287470991838336e-05
10953100.0 1.216940512282544e-05
10989700.0 1.2046889706643094e-05
11026300.0 1.1930294770722053e-05
11063200.0 1.1809060831286509e-05
11100100.0 1.1693706116730365e-05
11137200.0 1.1583964156788886e-05
11174300.0 1.1469911416458472e-05
11211600.0 1.1361433647436797e-05
11249100.0 1.12484692122521e-05
11286600.0 1.1141244786962277e-05
11324300.0 1.1034535632738858e-05
11362100.0 1.0933394634984864e-05
11400000.0 1.0827889617145417e-05
11438100.0 1.072781956372078e-05
11476300.0 1.0622893842991406e-05
11514600.0 1.0524501309445454e-05
11553000.0 1.0426153739322286e-05
11591600.0 1.0328279575126828e-05
11630300.0 1.0230967124837944e-05
11669100.0 1.0139039102218094e-05
11708100.0 1.0042739011167975e-05
11747200.0 9.951787401676306e-06
11786400.0 9.861355567177018e-06
11825800.0 9.7713580142816e-06
11865200.0 9.681958159458541e-06
11904800.0 9.592988903797092e-06
11944600.0 9.50916493756845e-06
11984500.0 9.421120273512382e-06
12024500.0 9.338265473456619e-06
12064600.0 9.255883365652306e-06
12104900.0 9.173895506854123e-06
12145300.0 9.092376885592627e-06
12185900.0 9.01125089755953e-06
12226500.0 8.930663692516519e-06
12267400.0 8.850393478694406e-06
12308300.0 8.77523193323788e-06
12349400.0 8.695867372330182e-06
12390600.0 8.62150458986574e-06
12432000.0 8.54749718585316e-06
12473500.0 8.47391311643585e-06
12515200.0 8.400682809799173e-06
12556900.0 8.32793888625756e-06
12598900.0 8.25547992635735e-06
12640900.0 8.187957282066404e-06
12683100.0 8.116313796037416e-06
12725500.0 8.049444243882332e-06
12768000.0 7.978545819640784e-06
12810600.0 7.912451894850827e-06
12853300.0 7.846735037941887e-06
12896300.0 7.781272355806e-06
12939300.0 7.716244766037066e-06
12982500.0 7.65153006892833e-06
13025900.0 7.587128136673947e-06
13069300.0 7.523153931030467e-06
13113000.0 7.459432543745277e-06
13156800.0 7.400358376237976e-06
13200700.0 7.337354712992385e-06
13244700.0 7.2789655105933726e-06
13289000.0 7.2207999618352e-06
13333300.0 7.158797448827833e-06
13377800.0 7.101308897039284e-06
13422500.0 7.044096580926131e-06
13467300.0 6.98721218124366e-06
13512300.0 6.930602338556305e-06
13557400.0 6.874317719777633e-06
13602700.0 6.822445846178588e-06
13648100.0 6.766742650098148e-06
13693600.0 6.71135980412647e-06
13739300.0 6.660345558202282e-06
13785200.0 6.605488642537156e-06
13831200.0 6.5550198933656175e-06
13877400.0 6.500734104113175e-06
13923700.0 6.4508066512810945e-06
13970200.0 6.4011185051593965e-06
14016900.0 6.351669407009613e-06
14063700.0 6.302503898792514e-06
14110600.0 6.2536202080773605e-06
14157700.0 6.204972734161033e-06
14205000.0 6.156561186115235e-06
14252400.0 6.108428115644735e-06
14300000.0 6.060529377766652e-06
14347700.0 6.012906551482901e-06
14395600.0 5.9694282571341254e-06
14443700.0 5.922257499466765e-06
14491900.0 5.875359333697382e-06
14540300.0 5.832564803869099e-06
14588800.0 5.786154536401818e-06
14637500.0 5.743820556129641e-06
14686400.0 5.701689694979659e-06
14735400.0 5.655978447772726e-06
14784600.0 5.6143031915176515e-06
14834000.0 5.572829251133444e-06
14883500.0 5.531593463474855e-06
14933200.0 5.490557513435142e-06
14983100.0 5.449721063194143e-06
15033100.0 5.409119729659605e-06
15083300.0 5.368716395633601e-06
15133600.0 5.328545898700562e-06
15184200.0 5.288537059238506e-06
15234900.0 5.248759533518685e-06
15285700.0 5.212895823060703e-06
15336700.0 5.173530412988028e-06
15387900.0 5.1343592136354455e-06
15439300.0 5.099029179357615e-06
15490900.0 5.060233005666772e-06
15542600.0 5.02166212384741e-06
15594500.0 4.986894151641848e-06
15646500.0 4.948726111680322e-06
15698800.0 4.914304163729014e-06
15751200.0 4.880079824575167e-06
15803800.0 4.842457865093813e-06
15856500.0 4.808606612236717e-06
15909500.0 4.774889587424159e-06
15962600.0 4.741366759860494e-06
16015900.0 4.704491370387896e-06
16069300.0 4.6713359324975285e-06
16123000.0 4.638313816709102e-06
16176800.0 4.605482471140799e-06
16230800.0 4.57281243174282e-06
16285000.0 4.540303297212911e-06
16339400.0 4.507954660780429e-06
16393900.0 4.475793409353431e-06
16448700.0 4.4437642351131235e-06
16503600.0 4.411921033872082e-06
16558700.0 4.380236080172273e-06
16614000.0 4.3520984263607744e-06
16669400.0 4.320743306475205e-06
16725100.0 4.289518967919935e-06
16780900.0 4.2618323082826815e-06
16836900.0 4.2309342581308505e-06
16893100.0 4.200191335220716e-06
16949500.0 4.172925475558736e-06
17006100.0 4.142480379858276e-06
17062900.0 4.112189067456028e-06
17119900.0 4.085340390616986e-06
17177000.0 4.055367887881623e-06
17234400.0 4.028791390221505e-06
17291900.0 4.002368187482251e-06
17349600.0 3.972828522225633e-06
17407600.0 3.9466516846641275e-06
17465700.0 3.917402059196214e-06
17524000.0 3.891515480922622e-06
17582500.0 3.8657566009216e-06
17641200.0 3.840125024904844e-06
17700100.0 3.8114388551453357e-06
17759200.0 3.786071278259595e-06
17818500.0 3.76082976704809e-06
17878000.0 3.735713915129631e-06
17937600.0 3.710743998373734e-06
17997500.0 3.682749096172272e-06
18057600.0 3.6580179558836264e-06
18117900.0 3.6334107828152215e-06
18178400.0 3.608927155822455e-06
18239100.0 3.5845666505933905e-06
18300000.0 3.560328840978372e-06
18361100.0 3.5362132938038994e-06
18422400.0 3.5122195906776193e-06
18483900.0 3.4883472855635573e-06
18545600.0 3.464595947372335e-06
18607500.0 3.4439914913120623e-06
18669600.0 3.420470705863042e-06
18731900.0 3.3970696034984217e-06
18794500.0 3.3737697904703406e-06
18857200.0 3.3506069060209116e-06
18920200.0 3.330521117013151e-06
18983300.0 3.307584765061792e-06
19046700.0 3.2847486495341875e-06
19110300.0 3.2620299179604403e-06
19174100.0 3.2423650362914897e-06
19238100.0 3.219869929260401e-06
19302300.0 3.1974908656213856e-06
19366800.0 3.178118690124517e-06
19431400.0 3.155960831297933e-06
19496300.0 3.1339015891370723e-06
19561400.0 3.1148356799791537e-06
19626700.0 3.092995507987447e-06
19692200.0 3.074128642828106e-06
19758000.0 3.052490349558288e-06
19823900.0 3.0338210675758858e-06
19890100.0 3.012398818176972e-06
19956500.0 2.9939104987531237e-06
20023200.0 2.972687839401418e-06
20090000.0 2.9543944393468755e-06
20157100.0 2.9333848901699946e-06
20224400.0 2.9152703527167397e-06
20291900.0 2.8972474176062002e-06
20359600.0 2.8765497928309703e-06
20427600.0 2.8587041218543313e-06
20495800.0 2.8409491445594536e-06
20564200.0 2.82054608383124e-06
20632900.0 2.802966860704205e-06
20701800.0 2.7854774030917694e-06
20770900.0 2.7653661810040593e-06
20840200.0 2.748064106072935e-06
20909800.0 2.730837538001983e-06
20979600.0 2.713699399993762e-06
21049600.0 2.6939740538267916e-06
21119900.0 2.6770078183811336e-06
21190400.0 2.6601290494306027e-06
21261200.0 2.6430600581517844e-06
21332200.0 2.62581576777806e-06
21403400.0 2.6089246113397353e-06
21474800.0 2.5918590927505076e-06
21546500.0 2.5751321815585995e-06
21618500.0 2.5584807207039052e-06
21690600.0 2.5419280873337976e-06
21763100.0 2.5256974683589594e-06
21835700.0 2.5093052427840285e-06
21908600.0 2.493244556584155e-06
21981700.0 2.4770116785429354e-06
22055100.0 2.461108261689085e-06
22128800.0 2.44527719696332e-06
22202600.0 2.429540290070244e-06
22276800.0 2.414117096908023e-06
22351100.0 2.398533627598414e-06
22425800.0 2.383010915250701e-06
22500600.0 2.3678310217926414e-06
22575700.0 2.3527204558293136e-06
22651100.0 2.3376791284315313e-06
22726700.0 2.322717166036647e-06
22802600.0 2.3078240522723712e-06
22878700.0 2.293009709962842e-06
22955100.0 2.2782638179884987e-06
23031800.0 2.263830771871619e-06
23108700.0 2.2492303805149114e-06
23185800.0 2.2349504396277544e-06
23263200.0 2.220736515700224e-06
23340900.0 2.206588500297118e-06
23418800.0 2.1925156430360453e-06
23497000.0 2.178508284277996e-06
23575400.0 2.164575488681376e-06
23654100.0 2.1507077756514826e-06
23733100.0 2.137142299258025e-06
23812300.0 2.1236489969051095e-06
23891800.0 2.109982957952672e-06
23971600.0 2.0966162436770107e-06
24051600.0 2.0833209041827576e-06
24131900.0 2.070087982164168e-06
24212500.0 2.056917348251232e-06
24293300.0 2.0438172834599837e-06
24374400.0 2.031010109636666e-06
24455800.0 2.0180328568153443e-06
24537500.0 2.005346687697831e-06
24619400.0 1.992499795801778e-06
24701600.0 1.9799420232876862e-06
24784000.0 1.967451674376824e-06
24866800.0 1.9550126559536136e-06
24949800.0 1.942640627515228e-06
25033100.0 1.9303275083518547e-06
25116700.0 1.918073153106695e-06
25200500.0 1.9061084278727502e-06
25284600.0 1.8939778399826687e-06
25369100.0 1.882119972947583e-06
25453800.0 1.8701049048333816e-06
25538700.0 1.8583754826802721e-06
25624000.0 1.846694959897183e-06
25709500.0 1.835077670546508e-06
25795400.0 1.8235091172764986e-06
25881500.0 1.812003353835915e-06
25967900.0 1.8005530874960358e-06
26054600.0 1.7891581616806358e-06
26141600.0 1.7778184182860122e-06
26228900.0 1.7667483946440648e-06
26316400.0 1.7555244901438282e-06
26404300.0 1.7445618214785085e-06
26492400.0 1.7336588120861489e-06
26580900.0 1.7225902976605164e-06
26669600.0 1.7117935572160738e-06
26758600.0 1.701049325062087e-06
26848000.0 1.6903511429411184e-06
26937600.0 1.679711500185284e-06
27027500.0 1.6693322286475572e-06
27117800.0 1.6587896448635143e-06
27208300.0 1.6483049236147453e-06
27299200.0 1.6380720006886576e-06
27390300.0 1.6276895171979769e-06
27481700.0 1.6175631234938074e-06
27573500.0 1.6074805448914024e-06
27665500.0 1.5974533306177874e-06
27757900.0 1.5872668373884784e-06
27850600.0 1.5773331439605953e-06
27943500.0 1.5674541404202149e-06
28036800.0 1.5576183834141866e-06
28130400.0 1.5480315492155905e-06
28224400.0 1.5382869790439778e-06
28318600.0 1.5285963052765121e-06
28413100.0 1.51915204401538e-06
28508000.0 1.5095516788651607e-06
28603200.0 1.5001961622009654e-06
28698700.0 1.4906909090506726e-06
28794500.0 1.481428842410269e-06
28890600.0 1.4722129140271384e-06
28987000.0 1.463042951157498e-06
29083800.0 1.4539137814320119e-06
29180900.0 1.4448303257697187e-06
29278300.0 1.4357924083739429e-06
29376100.0 1.4267949959764835e-06
29474200.0 1.4178428625084316e-06
29572600.0 1.4091262520472097e-06
29671300.0 1.400263507961021e-06
29770300.0 1.3914455091351138e-06
29869700.0 1.3828559761022596e-06
29969500.0 1.3741171780050686e-06
30069500.0 1.3656145820515634e-06
30169900.0 1.357150357932114e-06
30270600.0 1.3487289149390059e-06
30371700.0 1.3403456639348229e-06
30473100.0 1.3318201308509169e-06
30574800.0 1.3235223431783582e-06
30676900.0 1.3154459915741687e-06
30779300.0 1.3072275215267888e-06
30882100.0 1.299046728290413e-06
30985200.0 1.2909077198838553e-06
31088600.0 1.2828103162108656e-06
31192400.0 1.2749307843341667e-06
31296500.0 1.266911441129335e-06
31401000.0 1.259108567179904e-06
31505900.0 1.2513415685430157e-06
31611000.0 1.2434401076966422e-06
31716600.0 1.2357490854981462e-06
31822500.0 1.228097530272135e-06
31928700.0 1.2204852644620121e-06
32035300.0 1.21290832518414e-06
32142200.0 1.2051951947847577e-06
32249600.0 1.1978638646088394e-06
32357200.0 1.1903998088348948e-06
32465200.0 1.182970654929185e-06
32573600.0 1.1755763292476574e-06
32682400.0 1.168216756736225e-06
32791500.0 1.1610671310746563e-06
32901000.0 1.1537797343730922e-06
33010800.0 1.1467008537969083e-06
33121000.0 1.1394851229278552e-06
33231600.0 1.1324730754694953e-06
33342500.0 1.1253285288259092e-06
33453800.0 1.1183863111600998e-06
33565500.0 1.1114768878818316e-06
33677600.0 1.1046001787085837e-06
33790000.0 1.0977593514246398e-06
33902800.0 1.0909510125745242e-06
34016000.0 1.0841750792023668e-06
34129600.0 1.0774314671061766e-06
34243500.0 1.0707232177175038e-06
34357900.0 1.064043961145322e-06
34472600.0 1.057399834068898e-06
34587600.0 1.0509534721715106e-06
34703100.0 1.0443725149192503e-06
34819000.0 1.0378232956405735e-06
34935200.0 1.031469867834e-06
35051900.0 1.0251439414867549e-06
35168900.0 1.0186911849052475e-06
35286300.0 1.0124293346210417e-06
35404100.0 1.0060385870977939e-06
35522300.0 9.99837497559751e-07
35640900.0 9.936663871627153e-07
35759900.0 9.875251647082795e-07
35879300.0 9.814137381909794e-07
35999000.0 9.753347242152795e-07
36119200.0 9.692825848129557e-07
36239800.0 9.632599611004887e-07
36360800.0 9.572667581507005e-07
36482200.0 9.513028803428111e-07
36604000.0 9.455220749139257e-07
36726200.0 9.396160461129139e-07
36848800.0 9.337390535354745e-07
36971800.0 9.280433120753644e-07
37095300.0 9.222211042822167e-07
37219100.0 9.16581449317053e-07
37343400.0 9.108161930925306e-07
37468000.0 9.052322386264033e-07
37593100.0 8.995235381565364e-07
37718600.0 8.939925239684956e-07
37844500.0 8.884888030600702e-07
37970900.0 8.830099523798143e-07
38097700.0 8.775582435220643e-07
38224800.0 8.721358591334825e-07
38352500.0 8.667358551005453e-07
38480500.0 8.613649764759236e-07
38609000.0 8.560186244757188e-07
38737900.0 8.506989580758741e-07
38867200.0 8.45405876001147e-07
38997000.0 8.401371223411873e-07
39127100.0 8.350408474697583e-07
39257800.0 8.298222223309665e-07
39388800.0 8.246319496196477e-07
39520300.0 8.196082094730104e-07
39652300.0 8.144655018578048e-07
39784700.0 8.094903267722814e-07
39917500.0 8.043990205443811e-07
40050700.0 7.994740987779877e-07
40184500.0 7.945699628780939e-07
40318600.0 7.895528310368952e-07
40453200.0 7.846984703151917e-07
40588300.0 7.79866699181565e-07
40723800.0 7.750593739638175e-07
40859700.0 7.702763926427338e-07
40996100.0 7.655157858446058e-07
41133000.0 7.607775045882116e-07
41270300.0 7.560633308793432e-07
41408100.0 7.513713469856317e-07
41546400.0 7.467015014981258e-07
41685100.0 7.420555222640906e-07
41824200.0 7.374333051300434e-07
41963900.0 7.329654468859251e-07
42104000.0 7.28386569124751e-07
42244500.0 7.238312087217006e-07
42385600.0 7.194287251699474e-07
42527100.0 7.149163120823798e-07
42669000.0 7.105591469776073e-07
42811500.0 7.060894300215136e-07
42954400.0 7.017739349583477e-07
43097800.0 6.973483032516649e-07
43241700.0 6.930742404273753e-07
43386100.0 6.888205914166147e-07
43530900.0 6.845888722776773e-07
43676300.0 6.803758656243184e-07
43822100.0 6.760561409197285e-07
43968400.0 6.718855017034199e-07
44115200.0 6.677349569580295e-07
44262400.0 6.636059466565995e-07
44410200.0 6.594953982183014e-07
44558500.0 6.554047648636932e-07
44707200.0 6.513354425202252e-07
44856500.0 6.474099821415376e-07
45006200.0 6.433797242414677e-07
45156500.0 6.393676929679465e-07
45307300.0 6.353752686497469e-07
45458500.0 6.315276544089547e-07
45610300.0 6.275738278480999e-07
45762600.0 6.237624726199584e-07
45915300.0 6.198483558297987e-07
46068600.0 6.160744017012241e-07
46222400.0 6.121970271056889e-07
46376700.0 6.084602361847876e-07
46531600.0 6.046194095950098e-07
46686900.0 6.009195403818915e-07
46842800.0 5.9723655419323e-07
46999200.0 5.934518703467877e-07
47156100.0 5.898054571152657e-07
47313500.0 5.861770337679625e-07
47471500.0 5.825653088411137e-07
47630000.0 5.789714682066867e-07
47789000.0 5.753954466959955e-07
47948500.0 5.718371789354931e-07
48108600.0 5.682954180081146e-07
48269200.0 5.647713017580309e-07
48430300.0 5.612647638237929e-07
48592000.0 5.577745897385426e-07
48754300.0 5.544162489060277e-07
48917000.0 5.509605678434688e-07
49080300.0 5.475211046052855e-07
49244200.0 5.440978235829142e-07
49408600.0 5.408057565708958e-07
49573500.0 5.374165083730563e-07
49739100.0 5.341554338221209e-07
49905100.0 5.307989065788453e-07
50071700.0 5.275707789689201e-07
50238900.0 5.242457087848191e-07
50406600.0 5.210492477036847e-07
50574900.0 5.177564954977621e-07
50743700.0 5.145914910679164e-07
50913100.0 5.114414464454029e-07
51083100.0 5.081960860329889e-07
51253700.0 5.050762138957417e-07
51424800.0 5.019721614168203e-07
51596500.0 4.988828945511274e-07
51768700.0 4.958093313331564e-07
51941500.0 4.927504556824394e-07
52115000.0 4.897052874625148e-07
52288900.0 4.866766047768216e-07
52463500.0 4.836615472158245e-07
52638700.0 4.806610126237933e-07
52814400.0 4.776758631851513e-07
52990700.0 4.7470513452382484e-07
53167600.0 4.7174878377020145e-07
53345100.0 4.689123309486798e-07
53523200.0 4.6598425448514545e-07
53701900.0 4.630704260673877e-07
53881200.0 4.601708012843124e-07
54061100.0 4.573895005546184e-07
54241600.0 4.5451780170506264e-07
54422700.0 4.517636453869697e-07
54604400.0 4.489196952687601e-07
54786700.0 4.461925094910393e-07
54969600.0 4.433761283478122e-07
55153100.0 4.4067573674421087e-07
55337200.0 4.3788674239611533e-07
55522000.0 4.3521218243731646e-07
55707300.0 4.325514850779687e-07
55893300.0 4.2980229491445715e-07
56079900.0 4.2716718757174316e-07
56267100.0 4.245450310186609e-07
56455000.0 4.219350326240805e-07
56643400.0 4.193386487978822e-07
56832500.0 4.1675434604924047e-07
57022300.0 4.141820993605828e-07
57212700.0 4.1162260262944383e-07
57403700.0 4.090758092245462e-07
57595300.0 4.065416723772896e-07
57787600.0 4.040194459738826e-07
57980500.0 4.015097953492806e-07
58174100.0 3.990119871712792e-07
58368300.0 3.9652667279995037e-07
58563200.0 3.940531314825881e-07
58758700.0 3.9168783838983715e-07
58954900.0 3.892380912061368e-07
59151700.0 3.868006717890367e-07
59349200.0 3.843748837577476e-07
59547300.0 3.8205590667644495e-07
59746100.0 3.796536049357055e-07
59945600.0 3.773567715790334e-07
60145700.0 3.7497780614262163e-07
60346500.0 3.7270361133893543e-07
60548000.0 3.7034721272180667e-07
60750100.0 3.680955072824905e-07
60952900.0 3.657621447337213e-07
61156400.0 3.6353217770866375e-07
61360600.0 3.6131288016198226e-07
61565400.0 3.5901333653716766e-07
61771000.0 3.5681558515954984e-07
61977200.0 3.5462898215046434e-07
62184100.0 3.5245291311092335e-07
62391700.0 3.50197089509055e-07
62600000.0 3.4804229378861525e-07
62809000.0 3.458979355317315e-07
63018700.0 3.4376398235794865e-07
63229100.0 3.416404016066842e-07
63440200.0 3.395271603720911e-07
63652000.0 3.3742422550188315e-07
63864500.0 3.3533156360504196e-07
64077700.0 3.332491410594098e-07
64291600.0 3.311769240279291e-07
64506300.0 3.29201666462755e-07
64721600.0 3.2714947251177165e-07
64937700.0 3.25106881563242e-07
65154500.0 3.2307436916346234e-07
65372000.0 3.2105190033091035e-07
65590200.0 3.1912529551778976e-07
65809200.0 3.1712204070012097e-07
66028900.0 3.151287336935341e-07
66249400.0 3.132298673384593e-07
66470500.0 3.1125607023547466e-07
66692500.0 3.093756231394202e-07
66915100.0 3.074207404541034e-07
67138500.0 3.0555905657353327e-07
67362700.0 3.036225175519502e-07
67587500.0 3.017794665181956e-07
67813200.0 2.998616130286307e-07
68039600.0 2.9803618285285223e-07
68266700.0 2.9621982309144455e-07
68494700.0 2.943294246260578e-07
68723300.0 2.925309577848594e-07
68952800.0 2.907406211399395e-07
69183000.0 2.8887784203921295e-07
69413900.0 2.871056499634894e-07
69645700.0 2.853415215406777e-07
69878200.0 2.8358625632840244e-07
70111500.0 2.8183941675377487e-07
70345500.0 2.8010137675469226e-07
70580400.0 2.783713117134802e-07
70816000.0 2.766499895507659e-07
71052400.0 2.7493698722851146e-07
71289700.0 2.732318963625882e-07
71527700.0 2.7153546182646615e-07
71766500.0 2.698472711392219e-07
72006100.0 2.6816729854194316e-07
72246400.0 2.664958869411615e-07
72487600.0 2.648322689347416e-07
72729600.0 2.631767905924775e-07
72972500.0 2.616062369627336e-07
73216100.0 2.5996670483956055e-07
73460500.0 2.5833523308037293e-07
73705800.0 2.5671144633390746e-07
73951800.0 2.551721653713824e-07
74198700.0 2.535641200017968e-07
74446400.0 2.520396753737899e-07
74695000.0 2.5044693246570534e-07
74944400.0 2.48862099800711e-07
75194600.0 2.4736003875942755e-07
75445600.0 2.4579069292829305e-07
75697500.0 2.443032427840071e-07
75950200.0 2.427489572462769e-07
76203800.0 2.412760291614114e-07
76458200.0 2.3981036290981023e-07
76713400.0 2.382785252843347e-07
76969500.0 2.3682723988177657e-07
77226500.0 2.3538283696158078e-07
77484300.0 2.3387292381681042e-07
77743000.0 2.324427692466798e-07
78002500.0 2.310197317809902e-07
78263000.0 2.296031975128572e-07
78524200.0 2.281223136238174e-07
78786400.0 2.267198475660018e-07
79049400.0 2.253244049562051e-07
79313300.0 2.2393567580741233e-07
79578100.0 2.2255364044881268e-07
79843800.0 2.2117827901456698e-07
80110400.0 2.1980957145418342e-07
80377800.0 2.1844776931092248e-07
80646200.0 2.170923060388713e-07
80915400.0 2.1574370206937844e-07
81185500.0 2.144016649479705e-07
81456600.0 2.1306591226300056e-07
81728500.0 2.1173694865516718e-07
82001400.0 2.1041423228731862e-07
82275100.0 2.0909825751488776e-07
82549800.0 2.0785670895077906e-07
82825400.0 2.065531608900065e-07
83101900.0 2.0525603616126207e-07
83379400.0 2.0396506824247157e-07
83657700.0 2.0274804013099991e-07
83937000.0 2.0146959191314793e-07
84217300.0 2.001972463623659e-07
84498400.0 1.9899810247338082e-07
84780500.0 1.977381553747903e-07
85063600.0 1.965504562206651e-07
85347500.0 1.9530282442419715e-07
85632500.0 1.940609724972701e-07
85918400.0 1.9289088173784505e-07
86205200.0 1.9166122639225353e-07
86493000.0 1.9050263095947864e-07
86781800.0 1.893495383343419e-07
87071500.0 1.8813747536014019e-07
87362200.0 1.869957703917915e-07
87653800.0 1.8579548533178632e-07
87946500.0 1.8466488170118161e-07
88240100.0 1.8353990674247776e-07
88534700.0 1.8235672730643229e-07
88830300.0 1.812427499572449e-07
89126800.0 1.8013434295917298e-07
89424400.0 1.7903108396120292e-07
89722900.0 1.7793335894362616e-07
90022500.0 1.7677819868857114e-07
90323000.0 1.7569129787567706e-07
90624600.0 1.7460948577671287e-07
90927100.0 1.7353313271136426e-07
91230700.0 1.7246183815438562e-07
91535200.0 1.7139596488352922e-07
91840800.0 1.703351193763007e-07
92147500.0 1.692792895994659e-07
92455100.0 1.682288272380314e-07
92763800.0 1.6718334902234888e-07
93073400.0 1.6614319944155702e-07
93384200.0 1.6510782515483963e-07
93695900.0 1.6407774377262334e-07
94008700.0 1.6305258534287158e-07
94322600.0 1.6203233675385843e-07
94637500.0 1.6101715486648063e-07
94953500.0 1.6006615856196998e-07
95270500.0 1.590606923875042e-07
95588500.0 1.5806024156873906e-07
95907600.0 1.5706462374497031e-07
96227800.0 1.5613234534857075e-07
96549100.0 1.5514615681429665e-07
96871400.0 1.5416491881014646e-07
97194800.0 1.5324639290920518e-07
97519300.0 1.5227449557974937e-07
97844900.0 1.513073438068708e-07
98171600.0 1.504022845467691e-07
98499300.0 1.4944454046806982e-07
98828100.0 1.4854847577303995e-07
99158100.0 1.4759977577081973e-07
99489100.0 1.4671249734429052e-07
99821300.0 1.4577293650660847e-07
100155000.0 1.4489366502252634e-07
100489000.0 1.4396376447239334e-07
100824000.0 1.430944588768347e-07
101161000.0 1.421724323531981e-07
101499000.0 1.413106180658906e-07
101838000.0 1.4045314535747068e-07
102178000.0 1.395448836774843e-07
102519000.0 1.3869622331761502e-07
102861000.0 1.3785184970146937e-07
103204000.0 1.3695718014553076e-07
103549000.0 1.3612019250441763e-07
103895000.0 1.3528746145239748e-07
104241000.0 1.344602584544827e-07
104589000.0 1.335821310960671e-07
104939000.0 1.327609611604815e-07
105289000.0 1.319452506646751e-07
105641000.0 1.3113246269200582e-07
105993000.0 1.3032507321536053e-07
106347000.0 1.295205927706962e-07
106702000.0 1.2872024398281896e-07
107058000.0 1.2792400817856286e-07
107416000.0 1.2713068315433845e-07
107774000.0 1.2634262861016805e-07
108134000.0 1.255574698980717e-07
108495000.0 1.2477637166818964e-07
108857000.0 1.2399931504930674e-07
109221000.0 1.2322515297022406e-07
109585000.0 1.2245613383896507e-07
109951000.0 1.2168999300580668e-07
110318000.0 1.2092783965695736e-07
110687000.0 1.2016856911394003e-07
111056000.0 1.1941434414898297e-07
111427000.0 1.1871352261488053e-07
111799000.0 1.1796592705444038e-07
112172000.0 1.1722224506163883e-07
112547000.0 1.1648142258261203e-07
112922000.0 1.1574552046329611e-07
113299000.0 1.1506216244157308e-07
113678000.0 1.1433178747756987e-07
114057000.0 1.1360626643943454e-07
114438000.0 1.1293278641704722e-07
114820000.0 1.1221375375719778e-07
115203000.0 1.1149852174739512e-07
115588000.0 1.1083483131149373e-07
115974000.0 1.1012604097602016e-07
116361000.0 1.0946940776480731e-07
116750000.0 1.0876702999092732e-07
117139000.0 1.0811739072610191e-07
117530000.0 1.0742230942554991e-07
117923000.0 1.0677778132904763e-07
118316000.0 1.060899396716024e-07
118711000.0 1.0545231345928947e-07
119108000.0 1.0476987757028957e-07
119505000.0 1.0413909759908595e-07
119904000.0 1.0346380315261722e-07
120305000.0 1.028380876446683e-07
120706000.0 1.0221652954309261e-07
121109000.0 1.0155091206861174e-07
121514000.0 1.0093439184500729e-07
121919000.0 1.0032196763135562e-07
122326000.0 9.966593337750118e-08
122735000.0 9.905851833078778e-08
123145000.0 9.84543386115739e-08
123556000.0 9.785337668240805e-08
123968000.0 9.721018975959025e-08
124382000.0 9.66149851680004e-08
124797000.0 9.602296021711718e-08
125214000.0 9.54333353080719e-08
125632000.0 9.484686965399396e-08
126051000.0 9.426354578286746e-08
126472000.0 9.36380796083046e-08
126894000.0 9.306040857237905e-08
127318000.0 9.248511417465811e-08
127743000.0 9.191291928007623e-08
128170000.0 9.134309377199613e-08
128597000.0 9.077705241894223e-08
129027000.0 9.02126600717732e-08
129458000.0 8.965132453956223e-08
129890000.0 8.909302835831035e-08
130323000.0 8.853775415408562e-08
130758000.0 8.798481175791296e-08
131195000.0 8.743420326277268e-08
131633000.0 8.688659058349916e-08
132072000.0 8.634195635332261e-08
132513000.0 8.584213191969607e-08
132956000.0 8.530198492954788e-08
133400000.0 8.476479002674333e-08
133845000.0 8.423052987292878e-08
134292000.0 8.369856396596036e-08
134740000.0 8.3169510415551e-08
135190000.0 8.268439530310167e-08
135641000.0 8.216037689416112e-08
136094000.0 8.163863185468732e-08
136549000.0 8.11191604842417e-08
137004000.0 8.064424259581979e-08
137462000.0 8.012975290573833e-08
137921000.0 7.961810293762015e-08
138381000.0 7.914996959807196e-08
138843000.0 7.864324614335402e-08
139307000.0 7.813876191195648e-08
139772000.0 7.767736079729995e-08
140238000.0 7.717831368635767e-08
140707000.0 7.672095860503539e-08
141176000.0 7.622675386627991e-08
141648000.0 7.577397331112004e-08
142121000.0 7.528404706525252e-08
142595000.0 7.479684655425704e-08
143071000.0 7.435119557528698e-08
143549000.0 7.386824139210595e-08
144028000.0 7.342708189618002e-08
144509000.0 7.298783687583898e-08
144991000.0 7.25121669661597e-08
145475000.0 7.207736840239257e-08
145961000.0 7.160589095606296e-08
146448000.0 7.11755095159067e-08
146937000.0 7.070869351548861e-08
147428000.0 7.028221821424193e-08
147920000.0 6.985810191112204e-08
148414000.0 6.93979187694512e-08
148909000.0 6.897814291985873e-08
149407000.0 6.855977197759915e-08
149905000.0 6.814418077927606e-08
150406000.0 6.769255017268951e-08
150908000.0 6.72807887526006e-08
151412000.0 6.687087441509045e-08
151917000.0 6.64632424600137e-08
152424000.0 6.602049996295898e-08
152933000.0 6.561665732229537e-08
153444000.0 6.521464392306523e-08
153956000.0 6.48148782118985e-08
154470000.0 6.441692858100331e-08
154986000.0 6.398445820603186e-08
155503000.0 6.359066260702546e-08
156022000.0 6.319866669634294e-08
156543000.0 6.280846759812546e-08
157066000.0 6.242006233771488e-08
157590000.0 6.203384148146028e-08
158116000.0 6.164940073737714e-08
158644000.0 6.12667369388706e-08
159174000.0 6.088584682717812e-08
159705000.0 6.050710591912555e-08
160238000.0 6.013012463131162e-08
160773000.0 5.97548996829434e-08
161310000.0 5.938142740491877e-08
161849000.0 5.900970424688855e-08
162389000.0 5.864008763295246e-08
162931000.0 5.8272205771805235e-08
163475000.0 5.7906054911088014e-08
164021000.0 5.754163122145472e-08
164569000.0 5.7178930798446856e-08
165118000.0 5.685239838702652e-08
165669000.0 5.6493356541477587e-08
166222000.0 5.613601961759989e-08
166777000.0 5.5780383511449174e-08
167334000.0 5.5426444051459116e-08
167893000.0 5.507419700005594e-08
168453000.0 5.475739233648549e-08
169016000.0 5.440840263221916e-08
169580000.0 5.40614114124422e-08
170146000.0 5.371608921374804e-08
170714000.0 5.3405418241660725e-08
171284000.0 5.306331086241889e-08
171856000.0 5.2722859288068176e-08
172430000.0 5.2416717277538714e-08
173005000.0 5.20797556615644e-08
173583000.0 5.174413218052403e-08
174162000.0 5.144277483414609e-08
174744000.0 5.111031061861217e-08
175327000.0 5.077976402272884e-08
175912000.0 5.0482846771127175e-08
176500000.0 5.015513942939376e-08
177089000.0 4.986112612120201e-08
177680000.0 4.953681073710405e-08
178273000.0 4.921409355239093e-08
178869000.0 4.892417889221624e-08
179466000.0 4.860454081761557e-08
180065000.0 4.831775956896823e-08
180666000.0 4.800117866615687e-08
181269000.0 4.771723681003147e-08
181874000.0 4.7403693586971535e-08
182482000.0 4.7122314649476784e-08
183091000.0 4.681179189578252e-08
183702000.0 4.653347619745735e-08
184315000.0 4.6256503805224234e-08
184931000.0 4.595017096644729e-08
185548000.0 4.5675975604382254e-08
186168000.0 4.537261768716272e-08
186789000.0 4.510118017675128e-08
187413000.0 4.483082389421589e-08
188038000.0 4.453207738137894e-08
188666000.0 4.426445475656708e-08
189296000.0 4.399814299068777e-08
189928000.0 4.370348786766326e-08
190562000.0 4.3439882548451053e-08
191198000.0 4.317757378566691e-08
191837000.0 4.288697863729045e-08
192477000.0 4.2627348593969824e-08
193120000.0 4.236878122310898e-08
193764000.0 4.2111712620982645e-08
194411000.0 4.1855701265758395e-08
195060000.0 4.1572092212468957e-08
195711000.0 4.131871566473389e-08
196365000.0 4.106639174983969e-08
197020000.0 4.0815535836257425e-08
197678000.0 4.056572671193359e-08
198338000.0 4.028877619598721e-08
199000000.0 4.004155853099251e-08
199665000.0 3.979538227621737e-08
200331000.0 3.954995118448184e-08
201000000.0 3.930693886173036e-08
201671000.0 3.9064464229764e-08
202344000.0 3.882321403279347e-08
203020000.0 3.858299317690993e-08
203698000.0 3.834399026640409e-08
204378000.0 3.8106200196847375e-08
205060000.0 3.786961785995123e-08
205745000.0 3.760668500616535e-08
206432000.0 3.737241445671914e-08
207121000.0 3.713933939905192e-08
207812000.0 3.690745467159077e-08
208506000.0 3.667657920997097e-08
209202000.0 3.6473805057339293e-08
209901000.0 3.624502894297e-08
210601000.0 3.601760046108786e-08
211304000.0 3.579117067948745e-08
212010000.0 3.5565739275585566e-08
212718000.0 3.53414719881504e-08
213428000.0 3.511836353680801e-08
214140000.0 3.489640864620329e-08
214855000.0 3.467544065561466e-08
215573000.0 3.445545897042686e-08
216292000.0 3.4236779498093195e-08
217014000.0 3.404502774970917e-08
217739000.0 3.382821867761462e-08
218466000.0 3.361254090439933e-08
219195000.0 3.3397989077312494e-08
219927000.0 3.3184406964049515e-08
220661000.0 3.299746312790929e-08
221398000.0 3.2785879121982126e-08
222137000.0 3.257540581008674e-08
222879000.0 3.236589259204266e-08
223623000.0 3.218266419786073e-08
224369000.0 3.197526739661219e-08
225118000.0 3.1768821796136905e-08
225870000.0 3.156332615971585e-08
226624000.0 3.13837661527331e-08
227381000.0 3.1180219434318995e-08
228140000.0 3.097775194967309e-08
228901000.0 3.0800959675606564e-08
229666000.0 3.060028617779536e-08
230432000.0 3.040081316793276e-08
231202000.0 3.022649596814176e-08
231973000.0 3.002893084727738e-08
232748000.0 2.983216195219839e-08
233525000.0 2.9660559558801547e-08
234305000.0 2.9465683726697788e-08
235087000.0 2.9295806090948397e-08
235872000.0 2.9102810088197043e-08
236659000.0 2.8910850108121842e-08
237449000.0 2.874351551983007e-08
238242000.0 2.8553294008984798e-08
239037000.0 2.838765551867987e-08
239835000.0 2.819928228509074e-08
240636000.0 2.8035210890202885e-08
241439000.0 2.7848673422299418e-08
242245000.0 2.768627630432952e-08
243054000.0 2.750144765350084e-08
243866000.0 2.734060098131658e-08
244680000.0 2.715758481913956e-08
245497000.0 2.699839099658429e-08
246316000.0 2.681717326168732e-08
247139000.0 2.6659511408854093e-08
247964000.0 2.6502682369272064e-08
248792000.0 2.6323941226635615e-08
249622000.0 2.6168735634718805e-08
250456000.0 2.5991659138741852e-08
251292000.0 2.5837961901713457e-08
252131000.0 2.568497829762317e-08
252972000.0 2.551054708745082e-08
253817000.0 2.5359058923394643e-08
254664000.0 2.520837809709083e-08
255515000.0 2.5036265011336916e-08
256368000.0 2.488706623030188e-08
257223000.0 2.473866464619537e-08
258082000.0 2.456904546209405e-08
258944000.0 2.442201608035741e-08
259808000.0 2.4275775468330386e-08
260676000.0 2.4108531385842288e-08
261546000.0 2.3963745071611633e-08
262419000.0 2.3819646479368033e-08
263295000.0 2.3676233693912996e-08
264174000.0 2.3512188198324965e-08
265056000.0 2.3370212129036286e-08
265941000.0 2.322891576345511e-08
266829000.0 2.3088297104207406e-08
267720000.0 2.2927319896495092e-08
268614000.0 2.2788120588148197e-08
269510000.0 2.2649676689717055e-08
270410000.0 2.2511817261272952e-08
271313000.0 2.237462505151476e-08
272219000.0 2.2238097956360246e-08
273127000.0 2.2081696947790475e-08
274039000.0 2.1946561559631926e-08
274954000.0 2.1812084654983778e-08
275872000.0 2.167826406886968e-08
276793000.0 2.154509762238804e-08
277717000.0 2.1412583123035642e-08
278644000.0 2.1280718365249302e-08
279575000.0 2.114942548210174e-08
280508000.0 2.1018854257793115e-08
281445000.0 2.0868843379107932e-08
282384000.0 2.073962322874207e-08
283327000.0 2.0610968622182736e-08
284273000.0 2.0482951415749072e-08
285222000.0 2.035556930672004e-08
286174000.0 2.0228819982943954e-08
287129000.0 2.0102701123177045e-08
288088000.0 1.9977141053408686e-08
289050000.0 1.9852208105144785e-08
290015000.0 1.9727899914796824e-08
290983000.0 1.9604214111434348e-08
291955000.0 1.948108159062469e-08
292929000.0 1.9358634060774214e-08
293907000.0 1.9236736307035422e-08
294888000.0 1.9115452642342824e-08
295873000.0 1.9004232839598592e-08
296861000.0 1.8884075456034594e-08
297852000.0 1.8766416856671277e-08
298846000.0 1.8649351382407632e-08
299844000.0 1.8532814839937966e-08
300845000.0 1.8416867830629485e-08
301849000.0 1.8301507946506686e-08
302857000.0 1.8186672726020745e-08
303868000.0 1.8072420957204554e-08
304883000.0 1.796053833667092e-08
305900000.0 1.784744059934164e-08
306922000.0 1.773663822604445e-08
307946000.0 1.7624628172663436e-08
308974000.0 1.751495642201098e-08
310006000.0 1.740578744866106e-08
311041000.0 1.7297176070309812e-08
312079000.0 1.7189119871444858e-08
313121000.0 1.708156188387773e-08
314167000.0 1.6974501258620683e-08
315215000.0 1.686804414510135e-08
316268000.0 1.6762027563582656e-08
317324000.0 1.665833173787865e-08
318383000.0 1.655339907806523e-08
319446000.0 1.6448956183369583e-08
320512000.0 1.6346810053489806e-08
321583000.0 1.6245088548776522e-08
322656000.0 1.6142196980878205e-08
323733000.0 1.6041528778281223e-08
324814000.0 1.5941331848061937e-08
325899000.0 1.5841605189975524e-08
326987000.0 1.5742395926213915e-08
328078000.0 1.5643701630837742e-08
329174000.0 1.5545425430212267e-08
330272000.0 1.5449412987211067e-08
331375000.0 1.5352105780548472e-08
332481000.0 1.525700027545142e-08
333591000.0 1.5160655519781528e-08
334705000.0 1.5066452222203588e-08
335823000.0 1.497101871514238e-08
336944000.0 1.4877757352938096e-08
338069000.0 1.4784939551022325e-08
339197000.0 1.469260749545298e-08
340330000.0 1.4600672994415434e-08
341466000.0 1.450922111057677e-08
342606000.0 1.4418207361516068e-08
343750000.0 1.4327630565397825e-08
344897000.0 1.423753080604353e-08
346049000.0 1.4148735208025678e-08
347204000.0 1.406021273417667e-08
348363000.0 1.3973022067055528e-08
349526000.0 1.3884639603075046e-08
350693000.0 1.3798291742616935e-08
351864000.0 1.3712360770876928e-08
353039000.0 1.362525037132882e-08
354217000.0 1.3540193017372265e-08
355400000.0 1.3455510225734258e-08
356586000.0 1.3371276826397903e-08
357777000.0 1.3287416191120316e-08
358971000.0 1.3204001679254166e-08
360170000.0 1.3122521585992857e-08
361372000.0 1.3039915610012028e-08
362579000.0 1.2957678652143358e-08
363789000.0 1.2877429171417157e-08
365004000.0 1.2795993646742114e-08
366222000.0 1.2716531988416247e-08
367445000.0 1.2637425167543687e-08
368671000.0 1.2557213545097291e-08
369902000.0 1.2478887347762392e-08
371137000.0 1.2400947091074214e-08
372376000.0 1.2323391446731302e-08
373619000.0 1.2246219079320332e-08
374867000.0 1.2169396183248231e-08
376118000.0 1.2092986647421414e-08
377374000.0 1.2016924495818751e-08
378634000.0 1.194272808608252e-08
379898000.0 1.1867416567015425e-08
381166000.0 1.1792480787392924e-08
382439000.0 1.1719361187716738e-08
383716000.0 1.1645137774033785e-08
384997000.0 1.1572749209899046e-08
386282000.0 1.1500721672318201e-08
387572000.0 1.1427571346380782e-08
388866000.0 1.135623768424849e-08
390164000.0 1.1285261492057225e-08
391466000.0 1.1214641389677833e-08
392773000.0 1.1144347619914789e-08
394085000.0 1.1074379611459359e-08
395400000.0 1.1004792439674079e-08
396720000.0 1.0936948227322216e-08
398045000.0 1.0868002718812108e-08
399374000.0 1.0799406530411155e-08
400707000.0 1.0732563578309562e-08
402045000.0 1.0664630564342576e-08
403387000.0 1.0598439130013957e-08
404734000.0 1.0531165177145794e-08
406085000.0 1.0465621180061605e-08
407441000.0 1.0400384220057067e-08
408801000.0 1.0335478917869062e-08
410166000.0 1.027087883248077e-08
411535000.0 1.0205239721220357e-08
412909000.0 1.0141276888547025e-08
414287000.0 1.007900030052488e-08
415671000.0 1.0015637289117496e-08
417058000.0 9.952623226759747e-09
418451000.0 9.889885094807216e-09
419848000.0 9.827469650704408e-09
421249000.0 9.766712269088168e-09
422656000.0 9.704887536590868e-09
424067000.0 9.644710023361304e-09
425482000.0 9.58351802327632e-09
426903000.0 9.523916942052312e-09
428328000.0 9.464622936270394e-09
429758000.0 9.405612721069196e-09
431193000.0 9.345579547638097e-09
432632000.0 9.287160405655865e-09
434077000.0 9.229001028284615e-09
435526000.0 9.171143348708674e-09
436980000.0 9.1135650986893e-09
438439000.0 9.056265468082917e-09
439903000.0 9.0005237584816e-09
441371000.0 8.94379490646973e-09
442845000.0 8.887321750048284e-09
444323000.0 8.832411168828128e-09
445807000.0 8.776483380709373e-09
447295000.0 8.720848713357288e-09
448788000.0 8.66674120655811e-09
450287000.0 8.612877742366571e-09
451790000.0 8.558049489176001e-09
453298000.0 8.504733323516986e-09
454812000.0 8.451659220628264e-09
456330000.0 8.398863675018428e-09
457853000.0 8.346327070458206e-09
459382000.0 8.294030492182633e-09
460916000.0 8.241991475517766e-09
462454000.0 8.190226855643267e-09
463998000.0 8.138700161788534e-09
465547000.0 8.087428390774775e-09
467102000.0 8.036393448134437e-09
468661000.0 7.98683058417903e-09
470226000.0 7.93629751605177e-09
471796000.0 7.886016123820445e-09
473371000.0 7.837175110338385e-09
474951000.0 7.787390376117927e-09
476537000.0 7.739020060414165e-09
478128000.0 7.69089021879528e-09
479724000.0 7.64182610397709e-09
481325000.0 7.594178448879385e-09
482932000.0 7.546752954680985e-09
484545000.0 7.499549172756141e-09
486162000.0 7.45259730278552e-09
487785000.0 7.405865629161421e-09
489414000.0 7.359353679960511e-09
491048000.0 7.313075866163561e-09
492687000.0 7.267031267178019e-09
494332000.0 7.221204352411719e-09
495982000.0 7.175609086500398e-09
497638000.0 7.131361814362777e-09
499300000.0 7.086193538309039e-09
500967000.0 7.0423817760768775e-09
502639000.0 6.997669156633856e-09
504317000.0 6.954286910528637e-09
506001000.0 6.909997545187558e-09
507690000.0 6.867043574816915e-09
509385000.0 6.82429407449208e-09
511086000.0 6.780646687917672e-09
512792000.0 6.7383213423326424e-09
514504000.0 6.696198595957178e-09
516222000.0 6.654277901854753e-09
517945000.0 6.6125714732030946e-09
519674000.0 6.571065737992766e-09
521409000.0 6.529760132568799e-09
523150000.0 6.488654086974296e-09
524896000.0 6.447759308964212e-09
526649000.0 6.407050530572647e-09
528407000.0 6.367617325553975e-09
530171000.0 6.327311853688787e-09
531941000.0 6.287202786438044e-09
533717000.0 6.248344629624098e-09
535499000.0 6.2086230512618816e-09
537287000.0 6.170144166148181e-09
539080000.0 6.130818370143576e-09
540880000.0 6.092716954787441e-09
542686000.0 6.054800676218734e-09
544498000.0 6.016035402176256e-09
546315000.0 5.978503350052147e-09
548139000.0 5.9411442552953e-09
549969000.0 5.903968558634115e-09
551805000.0 5.86697564808869e-09
553648000.0 5.830154377446099e-09
555496000.0 5.79352528917294e-09
557351000.0 5.757066798669259e-09
559211000.0 5.7207990375293184e-09
561078000.0 5.684700814942852e-09
562951000.0 5.649782140448475e-09
564831000.0 5.6140284775780195e-09
566717000.0 5.578452970865761e-09
568609000.0 5.5440453355325e-09
570507000.0 5.508820903973238e-09
572412000.0 5.473763129939421e-09
574323000.0 5.43986161556572e-09
576240000.0 5.406128669545297e-09
578164000.0 5.371580378250127e-09
580094000.0 5.338176812228426e-09
582031000.0 5.304930977242846e-09
583974000.0 5.270887222526097e-09
585923000.0 5.2379767252527185e-09
587879000.0 5.205222467026449e-09
589842000.0 5.172624059657331e-09
591811000.0 5.1401897945445314e-09
593787000.0 5.10791041973298e-09
595769000.0 5.075794051562507e-09
597758000.0 5.043831597751432e-09
599754000.0 5.012022646138346e-09
601756000.0 4.980375055696956e-09
603765000.0 4.949812663121812e-09
605781000.0 4.918466548890872e-09
607803000.0 4.8872801324731555e-09
609833000.0 4.856236819361205e-09
611869000.0 4.826272517149632e-09
613911000.0 4.795542807833298e-09
615961000.0 4.765869188527582e-09
618017000.0 4.73543526009569e-09
620081000.0 4.706050602539745e-09
622151000.0 4.6768158119304445e-09
624228000.0 4.646820674677875e-09
626312000.0 4.6178719977395835e-09
628403000.0 4.589064210678758e-09
630501000.0 4.560396871247812e-09
632606000.0 4.531869533727956e-09
634718000.0 4.502594538296618e-09
636837000.0 4.474348806200027e-09
638963000.0 4.446241709191334e-09
641096000.0 4.41827278873285e-09
643236000.0 4.390441583340314e-09
645384000.0 4.363613416922872e-09
647538000.0 4.336053408453815e-09
649700000.0 4.3086230914874294e-09
651869000.0 4.281328753285399e-09
654046000.0 4.255024405381e-09
656229000.0 4.227997791591656e-09
658420000.0 4.2010993489177385e-09
660618000.0 4.175187525137678e-09
662824000.0 4.148547884532576e-09
665036000.0 4.1228945533541126e-09
667257000.0 4.096512097619036e-09
669484000.0 4.071109349720881e-09
671719000.0 4.044988518152849e-09
673962000.0 4.019828776091381e-09
676212000.0 3.9947945921688e-09
678470000.0 3.969879640848724e-09
680735000.0 3.944262173186007e-09
683007000.0 3.9195989347566355e-09
685288000.0 3.895048080221563e-09
687575000.0 3.87062634325917e-09
689871000.0 3.846316350643142e-09
692174000.0 3.822128982455401e-09
694485000.0 3.7980582812726465e-09
696803000.0 3.774109331673006e-09
699130000.0 3.75027091357238e-09
701464000.0 3.727356260056649e-09
703806000.0 3.7037513615569144e-09
706155000.0 3.6802665560950633e-09
708513000.0 3.6568910226188e-09
710878000.0 3.634426943733288e-09
713252000.0 3.611276738201007e-09
715633000.0 3.5890319254064953e-09
718022000.0 3.5661106248033333e-09
720419000.0 3.5433019981551045e-09
722824000.0 3.5213847492754754e-09
725237000.0 3.4995742602892267e-09
727659000.0 3.477091518112111e-09
730088000.0 3.4554961385162097e-09
732525000.0 3.434006474285816e-09
734971000.0 3.4118513407264525e-09
737425000.0 3.390570050573778e-09
739887000.0 3.3693934983906084e-09
742357000.0 3.3483213267244092e-09
744835000.0 3.3273531760750696e-09
747322000.0 3.30648426079e-09
749817000.0 3.285718726758253e-09
752320000.0 3.265056207918548e-09
754832000.0 3.244492038150114e-09
757352000.0 3.224030228930121e-09
759880000.0 3.2036704081439733e-09
762417000.0 3.1834080267625937e-09
764962000.0 3.1632469656533216e-09
767516000.0 3.1431827520729175e-09
770079000.0 3.123946386760822e-09
772650000.0 3.1040766677931406e-09
775229000.0 3.0843069146929043e-09
777817000.0 3.0653567890660244e-09
780414000.0 3.0457756388290314e-09
783019000.0 3.0262934580147756e-09
785634000.0 3.007618984962391e-09
788256000.0 2.9890418722630893e-09
790888000.0 2.969838356205853e-09
793528000.0 2.9514421347371725e-09
796178000.0 2.932423782237329e-09
798836000.0 2.914207369879415e-09
801503000.0 2.8960792597855387e-09
804179000.0 2.8773389292140617e-09
806863000.0 2.859392485697627e-09
809557000.0 2.841529942448096e-09
812260000.0 2.8237546008045685e-09
814971000.0 2.8060696251530916e-09
817692000.0 2.7884678154020853e-09
820422000.0 2.7709523651766286e-09
823161000.0 2.753522989760417e-09
825909000.0 2.7361794025800237e-09
828667000.0 2.7189180341883485e-09
831433000.0 2.701745188208915e-09
834209000.0 2.684654041732355e-09
836994000.0 2.6676475816205485e-09
839788000.0 2.6507255121082572e-09
842592000.0 2.634552738958162e-09
845405000.0 2.617793268144626e-09
848227000.0 2.6011173592532698e-09
851059000.0 2.584521673255264e-09
853901000.0 2.568665472673047e-09
856751000.0 2.5522333469265536e-09
859612000.0 2.5365328279209267e-09
862481000.0 2.5202601723475703e-09
865361000.0 2.504714331670427e-09
868250000.0 2.488597241808753e-09
871149000.0 2.473205089212879e-09
874057000.0 2.457245461903016e-09
876975000.0 2.4420059656853167e-09
879903000.0 2.4268399662454317e-09
882840000.0 2.4111121191282913e-09
885788000.0 2.396094560226142e-09
888745000.0 2.3811525166116526e-09
891712000.0 2.3662830358215527e-09
894689000.0 2.3514858945410013e-09
897676000.0 2.3367608675775404e-09
900673000.0 2.321482496972454e-09
903680000.0 2.3069030962932346e-09
906697000.0 2.2923951166937453e-09
909724000.0 2.277958326023633e-09
912761000.0 2.2635924905272877e-09
915808000.0 2.249297374896145e-09
918866000.0 2.2356831616383734e-09
921933000.0 2.221526758522337e-09
925011000.0 2.207437980875407e-09
928099000.0 2.193419020158803e-09
931198000.0 2.1794672929421973e-09
934307000.0 2.166187664158813e-09
937426000.0 2.1523724358075784e-09
940556000.0 2.138623822581846e-09
943696000.0 2.12554062088388e-09
946846000.0 2.111927142142045e-09
950007000.0 2.098379645509579e-09
953179000.0 2.0854887335799657e-09
956361000.0 2.0720728371902107e-09
959554000.0 2.0593091835806242e-09
962758000.0 2.046021896888551e-09
965972000.0 2.033384676883118e-09
969197000.0 2.0208083359644193e-09
972432000.0 2.0077156673730077e-09
975679000.0 1.9952624536845556e-09
978936000.0 1.9828715965518868e-09
982204000.0 1.9699675162240587e-09
985484000.0 1.9576966120190854e-09
988774000.0 1.945487443736078e-09
992075000.0 1.933337817590785e-09
995387000.0 1.920681805619029e-09
998710000.0 1.9086525759664427e-09
1002040000.0 1.896689880481057e-09
1005390000.0 1.8847689369608132e-09
1008750000.0 1.8729086049317293e-09
1012110000.0 1.861127020698022e-09
1015490000.0 1.8493869783184288e-09
1018880000.0 1.8377067920721096e-09
1022280000.0 1.8260862092580673e-09
1025700000.0 1.8145072864329169e-09
1029120000.0 1.8035525167313936e-09
1032560000.0 1.7920902220815976e-09
1036000000.0 1.7807040476897072e-09
1039460000.0 1.7693591933316871e-09
1042930000.0 1.7580727573227102e-09
1046420000.0 1.7473659363534713e-09
1049910000.0 1.7361939373975622e-09
1053410000.0 1.7250795896252636e-09
1056930000.0 1.7145392153043537e-09
1060460000.0 1.7035217231444489e-09
1064000000.0 1.6930906850096803e-09
1067550000.0 1.6821855674623493e-09
1071120000.0 1.6718472672240493e-09
1074690000.0 1.6610536606493158e-09
1078280000.0 1.6508231636382085e-09
1081880000.0 1.6401248886956513e-09
1085490000.0 1.6300013421650145e-09
1089120000.0 1.6193981109528296e-09
1092750000.0 1.609380656989793e-09
1096400000.0 1.59940036049827e-09
1100060000.0 1.588959937589407e-09
1103730000.0 1.5790846595356747e-09
1107420000.0 1.5692464950913595e-09
1111120000.0 1.5594596406498277e-09
1114820000.0 1.5492326201657607e-09
1118550000.0 1.539535427059994e-09
1122280000.0 1.5299026929667958e-09
1126030000.0 1.5203067738760029e-09
1129790000.0 1.5107611847444348e-09
1133560000.0 1.501265677368018e-09
1137340000.0 1.4918200041871088e-09
1141140000.0 1.4824109275698359e-09
1144950000.0 1.4730514417327552e-09
1148770000.0 1.4637412976808676e-09
1152610000.0 1.4544676281324355e-09
1156460000.0 1.4452430479106191e-09
1160320000.0 1.4360673068736614e-09
1164190000.0 1.427423864203425e-09
1168080000.0 1.4183313050407282e-09
1171980000.0 1.409287080937356e-09
1175890000.0 1.4002909417054375e-09
1179810000.0 1.3913426380239154e-09
1183750000.0 1.3829059587940415e-09
1187710000.0 1.3740279790921115e-09
1191670000.0 1.3652090036440761e-09
1195650000.0 1.356896737613887e-09
1199640000.0 1.348158969901878e-09
1203650000.0 1.3399247269626526e-09
1207660000.0 1.3312788698256941e-09
1211700000.0 1.3226574913417968e-09
1215740000.0 1.3145566101422697e-09
1219800000.0 1.3060263121327438e-09
1223870000.0 1.2980021297156435e-09
1227960000.0 1.2900101285470607e-09
1232060000.0 1.281603720416056e-09
1236170000.0 1.273698318784169e-09
1240300000.0 1.265370872415254e-09
1244440000.0 1.2575411140852597e-09
1248590000.0 1.2497532696624839e-09
1252760000.0 1.2419971949323903e-09
1256940000.0 1.2338347480776893e-09
1261140000.0 1.2261534954124423e-09
1265350000.0 1.2185136050579872e-09
1269580000.0 1.2109053081458444e-09
1273810000.0 1.202905459559174e-09
1278070000.0 1.1953711255227053e-09
1282330000.0 1.1878868507735766e-09
1286620000.0 1.1804246135674974e-09
1290910000.0 1.1730119739284277e-09
1295220000.0 1.1656304397860873e-09
1299540000.0 1.1582889554576767e-09
1303880000.0 1.150978464376521e-09
1308240000.0 1.143698993370476e-09
1312600000.0 1.1364678820987208e-09
1316990000.0 1.1292589260348416e-09
1321380000.0 1.122097870373712e-09
1325790000.0 1.1149674193576695e-09
1330220000.0 1.1082909251826444e-09
1334660000.0 1.1012285716604248e-09
1339120000.0 1.0941967085908263e-09
1343590000.0 1.087203438075599e-09
1348070000.0 1.0802485318416994e-09
1352570000.0 1.0737401671677561e-09
1357090000.0 1.0668442836230418e-09
1361620000.0 1.059986398420922e-09
1366170000.0 1.0535707704050042e-09
1370730000.0 1.046779271162159e-09
1375300000.0 1.0400252463578916e-09
1379890000.0 1.0337090789137067e-09
1384500000.0 1.027013211887523e-09
1389120000.0 1.02075982740482e-09
1393760000.0 1.0141293066241979e-09
1398410000.0 1.0075355820943071e-09
1403080000.0 1.0013726465653172e-09
1407770000.0 9.948364462226239e-10
1412470000.0 9.887353384391796e-10
1417180000.0 9.82667764907499e-10
1421910000.0 9.76230615177872e-10
1426660000.0 9.702172722400494e-10
1431420000.0 9.638436968674488e-10
1436200000.0 9.578911322632116e-10
1441000000.0 9.51964846455801e-10
1445810000.0 9.460713671431704e-10
1450640000.0 9.398158152852105e-10
1455480000.0 9.339822696785577e-10
1460340000.0 9.281746808676314e-10
1465210000.0 9.223993236769571e-10
1470100000.0 9.162667056668155e-10
1475010000.0 9.10544188573099e-10
1479940000.0 9.048474148774547e-10
1484880000.0 8.991824139056474e-10
1489840000.0 8.935429860566876e-10
1494810000.0 8.879350432049754e-10
1499800000.0 8.823525013466507e-10
1504810000.0 8.767953303780814e-10
1509830000.0 8.712692691844609e-10
1514870000.0 8.657684027535751e-10
1519930000.0 8.602926976017595e-10
1525000000.0 8.548477242310663e-10
1530090000.0 8.49427732381043e-10
1535200000.0 8.440326853995856e-10
1540330000.0 8.386625451767048e-10
1545470000.0 8.333226641724316e-10
1550630000.0 8.280075049400296e-10
1555810000.0 8.227170264825063e-10
1561000000.0 8.178171718057304e-10
1566210000.0 8.12579861433213e-10
1571440000.0 8.073670037430018e-10
1576690000.0 8.021785537730971e-10
1581950000.0 7.970195034831135e-10
1587230000.0 7.922394560033045e-10
1592530000.0 7.87127609111755e-10
1597850000.0 7.820398854243901e-10
1603180000.0 7.773323389403548e-10
1608540000.0 7.72291493359834e-10
1613910000.0 7.6762829832275e-10
1619290000.0 7.62643557690541e-10
1624700000.0 7.576778396746245e-10
1630120000.0 7.530859165806327e-10
1635570000.0 7.481663969888655e-10
1641030000.0 7.43618180130859e-10
1646500000.0 7.387536238850971e-10
1652000000.0 7.342488316851623e-10
1657520000.0 7.294253882490518e-10
1663050000.0 7.249682196853103e-10
1668600000.0 7.201944728121426e-10
1674170000.0 7.157801929024169e-10
1679760000.0 7.113867042232695e-10
1685370000.0 7.066798705063222e-10
1691000000.0 7.023289660356404e-10
1696640000.0 6.980028231029946e-10
1702310000.0 6.933623190700747e-10
1707990000.0 6.89078295302259e-10
1713690000.0 6.848146781567446e-10
1719410000.0 6.802439007550014e-10
1725150000.0 6.760220233685735e-10
1730910000.0 6.718203845557758e-10
1736690000.0 6.676389281037958e-10
1742490000.0 6.634775971544e-10
1748310000.0 6.590142353772946e-10
1754140000.0 6.548977881295894e-10
1760000000.0 6.507975194811353e-10
1765880000.0 6.467171396153554e-10
1771770000.0 6.42660215897738e-10
1777690000.0 6.386193987356102e-10
1783620000.0 6.346018474537647e-10
1789580000.0 6.306003505697796e-10
1795550000.0 6.266219284285312e-10
1801550000.0 6.226595053177154e-10
1807560000.0 6.187199650491443e-10
1813590000.0 6.147997553148346e-10
1819650000.0 6.108954559715497e-10
1825720000.0 6.070137505618769e-10
1831820000.0 6.03147892747669e-10
1837940000.0 5.993011747446849e-10
1844070000.0 5.954767602788736e-10
1850230000.0 5.916680939908438e-10
1856400000.0 5.881848817023851e-10
1862600000.0 5.844129939919506e-10
1868820000.0 5.806599195357271e-10
1875060000.0 5.769255912045433e-10
1881320000.0 5.73209941562958e-10
1887600000.0 5.698112333698158e-10
1893900000.0 5.661317452484867e-10
1900230000.0 5.624677752394962e-10
1906570000.0 5.588252037746309e-10
1912930000.0 5.554953529968451e-10
1919320000.0 5.518855395793851e-10
1925730000.0 5.482939882760102e-10
1932160000.0 5.450120791706843e-10
1938610000.0 5.414558715304734e-10
1945080000.0 5.382072325844485e-10
1951570000.0 5.346860999977617e-10
1958090000.0 5.31180170671368e-10
1964630000.0 5.279787732232422e-10
1971190000.0 5.245076149203562e-10
1977770000.0 5.213389435083664e-10
1984370000.0 5.179022815905431e-10
1990990000.0 5.14766074850947e-10
1997640000.0 5.113610738595574e-10
2004310000.0 5.082545576445274e-10
2011000000.0 5.04883600522025e-10
2017720000.0 5.018066319893218e-10
2024450000.0 4.987476274273021e-10
2031210000.0 4.954243345407431e-10
2037990000.0 4.923945747575848e-10
2044800000.0 4.89102331586227e-10
2051620000.0 4.861040565383628e-10
2058470000.0 4.831186081521465e-10
2065340000.0 4.798756570541736e-10
2072240000.0 4.769190568602023e-10
2079160000.0 4.739775213238568e-10
2086100000.0 4.710509851317963e-10
2093060000.0 4.678703373533314e-10
2100050000.0 4.64972284063948e-10
2107060000.0 4.620890729244681e-10
2114100000.0 4.591665508130644e-10
2121150000.0 4.5636476236555966e-10
2128240000.0 4.5325684317043267e-10
2135340000.0 4.5043117290772566e-10
2142470000.0 4.4761796319413106e-10
2149620000.0 4.4481927710584984e-10
2156800000.0 4.4203299856269924e-10
2164000000.0 4.3926114979102693e-10
2171220000.0 4.36503663836707e-10
2178470000.0 4.3375848271644465e-10
2185750000.0 4.310255970220984e-10
2193040000.0 4.280521225825353e-10
2200360000.0 4.253484810468137e-10
2207710000.0 4.226570249733574e-10
2215080000.0 4.199796384111186e-10
2222480000.0 4.1731437596714937e-10
2229900000.0 4.149156194347936e-10
2237340000.0 4.1227739039458527e-10
2244810000.0 4.0965117469772353e-10
2252300000.0 4.070387649606943e-10
2259820000.0 4.044383035678713e-10
2267370000.0 4.018497748565641e-10
2274940000.0 3.9927491752060015e-10
2282530000.0 3.9671366322111646e-10
2290150000.0 3.9416422267531887e-10
2297800000.0 3.91871651161143e-10
2305470000.0 3.893466568143878e-10
2313170000.0 3.8683339042684226e-10
2320890000.0 3.843334886967718e-10
2328640000.0 3.8184524333054613e-10
2336410000.0 3.796112809427486e-10
2344210000.0 3.7714707716256e-10
2352040000.0 3.746944382761553e-10
2359890000.0 3.722549201237541e-10
2367770000.0 3.700647228949838e-10
2375670000.0 3.676489183164578e-10
2383610000.0 3.652429980679173e-10
2391560000.0 3.6308700099637214e-10
2399550000.0 3.607045925069863e-10
2407560000.0 3.583350204350055e-10
2415600000.0 3.562098639165106e-10
2423660000.0 3.5386353866653647e-10
2431750000.0 3.5176000394890884e-10
2439870000.0 3.494353168203935e-10
2448020000.0 3.4712179773792447e-10
2456190000.0 3.450500933464515e-10
2464390000.0 3.427594437667905e-10
2472620000.0 3.4070760209926044e-10
2480870000.0 3.384396554235004e-10
2489150000.0 3.364089241020958e-10
2497460000.0 3.3416216086606293e-10
2505800000.0 3.321510558523387e-10
2514170000.0 3.299253720323692e-10
2522560000.0 3.279350969177581e-10
2530980000.0 3.257316592500499e-10
2539430000.0 3.237607653713374e-10
2547910000.0 3.2179915534111225e-10
2556420000.0 3.1962652566206274e-10
2564950000.0 3.1768538498265457e-10
2573520000.0 3.1553338814506857e-10
2582110000.0 3.1361133744780074e-10
2590730000.0 3.1169842323035987e-10
2599380000.0 3.0957798123530726e-10
2608060000.0 3.076839866957386e-10
2616760000.0 3.058002200507259e-10
2625500000.0 3.039243074836003e-10
2634260000.0 3.01844778475185e-10
2643060000.0 2.999875567048406e-10
2651880000.0 2.981404125007734e-10
2660740000.0 2.9608941645948304e-10
2669620000.0 2.9426077098188504e-10
2678530000.0 2.924409750523312e-10
2687470000.0 2.90630001594506e-10
2696450000.0 2.8882675216059914e-10
2705450000.0 2.868252056816063e-10
2714480000.0 2.850412374338982e-10
2723540000.0 2.8326597871440636e-10
2732640000.0 2.814983712256648e-10
2741760000.0 2.797404567228229e-10
2750910000.0 2.7799116659674035e-10
2760100000.0 2.7624947124412557e-10
2769310000.0 2.745173530804342e-10
2778560000.0 2.725901214683298e-10
2787830000.0 2.708757325178795e-10
2797140000.0 2.691688577845915e-10
2806480000.0 2.674704485126813e-10
2815850000.0 2.657804747483501e-10
2825250000.0 2.6409890639710436e-10
2834680000.0 2.624257132292522e-10
2844140000.0 2.6076086488533613e-10
2853640000.0 2.591034229031194e-10
2863170000.0 2.574542822157052e-10
2872720000.0 2.5581430236494276e-10
2882320000.0 2.54180780818265e-10
2891940000.0 2.525563578934504e-10
2901590000.0 2.5113418772296383e-10
2911280000.0 2.495245847989075e-10
2921000000.0 2.479231149303823e-10
2930750000.0 2.4632974637547916e-10
2940540000.0 2.4474361500548343e-10
2950350000.0 2.431663616677727e-10
2960200000.0 2.4159629775853057e-10
2970090000.0 2.4003341518374557e-10
2980000000.0 2.386682752388564e-10
2989950000.0 2.3712066947276075e-10
2999930000.0 2.3558097394551716e-10
3009950000.0 2.340483784271067e-10
3020000000.0 2.325236430877365e-10
3030080000.0 2.311925811203315e-10
3040190000.0 2.2968284933242986e-10
3050340000.0 2.2818013309672362e-10
3060530000.0 2.266844215441621e-10
3070750000.0 2.2537982146943295e-10
3081000000.0 2.2389891991417114e-10
3091280000.0 2.2242568053811414e-10
3101600000.0 2.2095935749682798e-10
3111960000.0 2.1968089478041758e-10
3122350000.0 2.182284634327249e-10
3132770000.0 2.167835903297958e-10
3143230000.0 2.1552471260015368e-10
3153720000.0 2.1409358721271602e-10
3164250000.0 2.1266926233476891e-10
3174820000.0 2.1142909753986204e-10
3185420000.0 2.1001840037728483e-10
3196050000.0 2.087912977076463e-10
3206720000.0 2.0739413248329408e-10
3217430000.0 2.06003673116475e-10
3228170000.0 2.0479498047000392e-10
3238950000.0 2.0341792790322912e-10
3249760000.0 2.0222142917965695e-10
3260610000.0 2.008576914041217e-10
3271490000.0 1.9967330215831666e-10
3282420000.0 1.983221820352736e-10
3293370000.0 1.9714982248120943e-10
3304370000.0 1.9581184805068805e-10
3315400000.0 1.94650844679971e-10
3326470000.0 1.9332592686249604e-10
3337580000.0 1.921762205067776e-10
3348720000.0 1.9086426918862368e-10
3359900000.0 1.897263637685782e-10
3371110000.0 1.884272821427847e-10
3382370000.0 1.8730053459943453e-10
3393660000.0 1.8617961826518084e-10
3404990000.0 1.8489857791069334e-10
3416360000.0 1.8378871749723612e-10
3427760000.0 1.8252033642588073e-10
3439210000.0 1.81421466701918e-10
3450690000.0 1.8032832175728056e-10
3462210000.0 1.7907770530469015e-10
3473770000.0 1.779954447737414e-10
3485370000.0 1.7691833300349986e-10
3497000000.0 1.756858266453334e-10
3508680000.0 1.7461950074884592e-10
3520390000.0 1.7355877161229045e-10
3532140000.0 1.7234369234359765e-10
3543940000.0 1.712931549583926e-10
3555770000.0 1.7024815375909524e-10
3567640000.0 1.6920818574763994e-10
3579550000.0 1.6801591744186734e-10
3591500000.0 1.6698649349513263e-10
3603490000.0 1.659620549790627e-10
3615520000.0 1.6494258629608936e-10
3627590000.0 1.637728368099936e-10
3639700000.0 1.627637770124735e-10
3651850000.0 1.6175963780030265e-10
3664050000.0 1.6075996435904824e-10
3676280000.0 1.5976562218288795e-10
3688550000.0 1.5862348266848415e-10
3700870000.0 1.576389500591954e-10
3713220000.0 1.5665968491344751e-10
3725620000.0 1.556848227470998e-10
3738060000.0 1.5471477275158457e-10
3750540000.0 1.537495180802037e-10
3763060000.0 1.5278904180354993e-10
3775620000.0 1.518333269126676e-10
3788220000.0 1.5073370375435938e-10
3800870000.0 1.4978756057036414e-10
3813560000.0 1.4884613312857814e-10
3826290000.0 1.4790940403434196e-10
3839070000.0 1.4697697298337964e-10
3851880000.0 1.4606421140925634e-10
3864740000.0 1.4514105185648415e-10
3877650000.0 1.4420763348871884e-10
3890590000.0 1.4329377911994684e-10
3903580000.0 1.4238415972389893e-10
3916610000.0 1.4147912922751085e-10
3929690000.0 1.4057831187988756e-10
3942810000.0 1.3968205430676338e-10
3955970000.0 1.3879033831146214e-10
3969180000.0 1.3791698578088687e-10
3982430000.0 1.3703391038399323e-10
3995730000.0 1.3615498790941142e-10
4009060000.0 1.352949311836339e-10
4022450000.0 1.3443856947453583e-10
4035880000.0 1.335726131330945e-10
4049350000.0 1.3272499657065492e-10
4062870000.0 1.3188137740936088e-10
4076440000.0 1.3104174691813412e-10
4090040000.0 1.3020673288739162e-10
4103700000.0 1.2937536192960894e-10
4117400000.0 1.285619353439954e-10
4131150000.0 1.277387263975302e-10
4144940000.0 1.2691975433394609e-10
4158780000.0 1.261182381284362e-10
4172660000.0 1.2530734191991892e-10
4186590000.0 1.245137864396562e-10
4200570000.0 1.2372402150308944e-10
4214590000.0 1.2293832919455154e-10
4228660000.0 1.2215640242414795e-10
4242780000.0 1.2137823137417685e-10
4256940000.0 1.2060408940331864e-10
4271160000.0 1.198333970582692e-10
4285420000.0 1.1906670805060662e-10
4299720000.0 1.1831710081403091e-10
4314080000.0 1.175577746696722e-10
4328480000.0 1.168154172468892e-10
4342930000.0 1.1606367983818524e-10
4357430000.0 1.1532852846231041e-10
4371980000.0 1.1459694291268518e-10
4386570000.0 1.1385633474679232e-10
4401220000.0 1.1313188956882714e-10
4415910000.0 1.124112329522092e-10
4430650000.0 1.1169409463710004e-10
4445450000.0 1.1099288170259146e-10
4460290000.0 1.102827077752036e-10
4475180000.0 1.0957601959262832e-10
4490120000.0 1.0887280608500851e-10
4505110000.0 1.0818555587307245e-10
4520150000.0 1.0748921657847989e-10
4535240000.0 1.0680873512275764e-10
4550380000.0 1.0613160075401502e-10
4565570000.0 1.0545780242115979e-10
4580810000.0 1.0477503579014497e-10
4596110000.0 1.0410769047276385e-10
4611450000.0 1.0344387618204571e-10
4626850000.0 1.0278313072189836e-10
4642290000.0 1.0213801955599012e-10
4657790000.0 1.014837878834165e-10
4673340000.0 1.0083281719849612e-10
4688950000.0 1.0019689191618204e-10
4704600000.0 9.95523704270934e-11
4720310000.0 9.892279539590973e-11
4736060000.0 9.828467669248036e-11
4751880000.0 9.766120026603198e-11
4767740000.0 9.704104727693102e-11
4783660000.0 9.642379708592976e-11
4799630000.0 9.579791082416806e-11
4815650000.0 9.51868813458132e-11
4831730000.0 9.45903840736072e-11
4847860000.0 9.398525841586481e-11
4864040000.0 9.338318625831595e-11
4880280000.0 9.278396561505976e-11
4896580000.0 9.219909058952764e-11
4912920000.0 9.160588843759595e-11
4929330000.0 9.101532659546007e-11
4945780000.0 9.043933841250627e-11
4962290000.0 8.986608247821304e-11
4978860000.0 8.92842419438942e-11
4995480000.0 8.871664627458905e-11
5012160000.0 8.815175960440023e-11
5028890000.0 8.75897493693037e-11
5045680000.0 8.703043117930682e-11
5062530000.0 8.647379813646772e-11
5079430000.0 8.592001239643407e-11
5096390000.0 8.536889442405835e-11
5113400000.0 8.483161575544159e-11
5130470000.0 8.428593779729406e-11
5147600000.0 8.375384245880259e-11
5164790000.0 8.321340668796608e-11
5182030000.0 8.268662568105343e-11
5199330000.0 8.215155917493177e-11
5216690000.0 8.1629897562448e-11
5234100000.0 8.111092154622512e-11
5251580000.0 8.059431230508655e-11
5269110000.0 8.006968347636616e-11
5286700000.0 7.955828287063862e-11
5304350000.0 7.90599962418197e-11
5322060000.0 7.855354791478232e-11
5339830000.0 7.804958198395773e-11
5357660000.0 7.754809068052985e-11
5375540000.0 7.70492095055563e-11
5393490000.0 7.65630833984283e-11
5411500000.0 7.606893261177872e-11
5429560000.0 7.558773562530524e-11
5447690000.0 7.50984270382095e-11
5465880000.0 7.462184808390875e-11
5484120000.0 7.414775461112588e-11
5502430000.0 7.366563285094392e-11
5520800000.0 7.319611382066217e-11
5539230000.0 7.2728921201439e-11
5557730000.0 7.226391696021523e-11
5576280000.0 7.18013543474126e-11
5594900000.0 7.134096645757438e-11
5613580000.0 7.088287514323761e-11
5632320000.0 7.043707035869934e-11
5651120000.0 6.998351426545585e-11
5669990000.0 6.953210749029476e-11
5688920000.0 6.909286543404207e-11
5707910000.0 6.864594939971445e-11
5726970000.0 6.821099655040243e-11
5746090000.0 6.77684212964559e-11
5765270000.0 6.733784849685912e-11
5784520000.0 6.690932137491472e-11
5803830000.0 6.648294963080525e-11
5823200000.0 6.605872500204214e-11
5842650000.0 6.562677628216415e-11
5862150000.0 6.520674399684775e-11
5881720000.0 6.479829999733021e-11
5901360000.0 6.438225882447993e-11
5921060000.0 6.396832945664596e-11
5940830000.0 6.35563964443864e-11
5960660000.0 6.314656037499873e-11
5980560000.0 6.274812380513138e-11
6000530000.0 6.234221796743827e-11
6020560000.0 6.194774106052075e-11
6040660000.0 6.154584462549874e-11
6060830000.0 6.115519896361417e-11
6081060000.0 6.075728481724867e-11
6101360000.0 6.037054642734656e-11
6121730000.0 5.998568703440569e-11
6142170000.0 5.960270110210398e-11
6162680000.0 5.922158303976307e-11
6183250000.0 5.884242236795611e-11
6203890000.0 5.846511637792456e-11
6224610000.0 5.8089566026629785e-11
6245390000.0 5.7715953098877356e-11
6266240000.0 5.734417753922213e-11
6287160000.0 5.697423348579541e-11
6308150000.0 5.6615042033682104e-11
6329210000.0 5.624871352727276e-11
6350340000.0 5.5884198780400465e-11
6371540000.0 5.553032994932891e-11
6392810000.0 5.5169395183733805e-11
6414150000.0 5.481903554278349e-11
6435570000.0 5.447032235356988e-11
6457050000.0 5.411469868874214e-11
6478610000.0 5.3769461469414255e-11
6500240000.0 5.342593909956881e-11
6521940000.0 5.308412557840163e-11
6543710000.0 5.274401487489821e-11
6565560000.0 5.2405521110040906e-11
6587480000.0 5.2068719568250616e-11
6609470000.0 5.1733604114048424e-11
6631540000.0 5.140009107777373e-11
6653680000.0 5.106825329563776e-11
6675890000.0 5.0738084538591724e-11
6698180000.0 5.04179104854752e-11
6720540000.0 5.0090959246998046e-11
6742980000.0 4.976558596644811e-11
6765490000.0 4.945018310947197e-11
6788070000.0 4.912806952897098e-11
6810740000.0 4.8815715090105147e-11
6833480000.0 4.8504936263520776e-11
6856290000.0 4.8187513576623006e-11
6879180000.0 4.787982520089979e-11
6902150000.0 4.757362624555936e-11
6925190000.0 4.726898075808011e-11
6948310000.0 4.696581489906331e-11
6971510000.0 4.6664124384325897e-11
6994780000.0 4.636397116876208e-11
7018130000.0 4.6065283304398103e-11
7041560000.0 4.5768056394088415e-11
7065070000.0 4.547228599966016e-11
7088660000.0 4.517796764309204e-11
7112320000.0 4.489307756698001e-11
7136070000.0 4.460162272881931e-11
7159890000.0 4.431166824793502e-11
7183800000.0 4.4030923981738145e-11
7207780000.0 4.3743804634058316e-11
7231840000.0 4.346589546969724e-11
7255990000.0 4.3181532769317156e-11
7280210000.0 4.290637925102996e-11
7304520000.0 4.263252515092626e-11
7328900000.0 4.23523995525531e-11
7353370000.0 4.2081274627689015e-11
7377920000.0 4.181149480304921e-11
7402550000.0 4.154305544246458e-11
7427260000.0 4.1275951884533394e-11
7452060000.0 4.101012441153493e-11
7476940000.0 4.0745624419953395e-11
7501900000.0 4.04824471638958e-11
7526950000.0 4.022053444052817e-11
7552080000.0 3.9959935942870977e-11
7577290000.0 3.970064684916912e-11
7602590000.0 3.9450017501283795e-11
7627970000.0 3.919325716847195e-11
7653430000.0 3.8937792755887585e-11
7678980000.0 3.869090235982347e-11
7704620000.0 3.843789138612172e-11
7730340000.0 3.81934482729978e-11
7756150000.0 3.794292558176283e-11
7782050000.0 3.7700864996027334e-11
7808030000.0 3.746002648986739e-11
7834090000.0 3.721321710140978e-11
7860250000.0 3.697473822757905e-11
7886490000.0 3.673746880357081e-11
7912820000.0 3.650135786432879e-11
7939240000.0 3.626640191345307e-11
7965740000.0 3.603264265701719e-11
7992340000.0 3.579998562499259e-11
8019020000.0 3.5568517262882286e-11
8045790000.0 3.5338188728856146e-11
8072650000.0 3.5108996387071e-11
8099600000.0 3.4880936574081915e-11
8126640000.0 3.4654005599704086e-11
8153770000.0 3.442819974786197e-11
8181000000.0 3.421035684054646e-11
8208310000.0 3.3986767495849436e-11
8235710000.0 3.37711296971654e-11
8263210000.0 3.354970099387375e-11
8290790000.0 3.3329419625986497e-11
8318470000.0 3.311697054810791e-11
8346240000.0 3.2905575810149905e-11
8374110000.0 3.268846805702948e-11
8402070000.0 3.247915505291404e-11
8430120000.0 3.2270885983808485e-11
8458260000.0 3.205699937589641e-11
8486500000.0 3.18507915625471e-11
8514830000.0 3.164561707631773e-11
8543260000.0 3.1441435319108746e-11
8571780000.0 3.123828000237004e-11
8600400000.0 3.103611120565348e-11
8629110000.0 3.083496187526741e-11
8657920000.0 3.063479275875445e-11
8686820000.0 3.0435636052808976e-11
8715820000.0 3.023745316340273e-11
8744920000.0 3.004024120118144e-11
8774120000.0 2.9843997248661094e-11
8803410000.0 2.9655148749955956e-11
8832800000.0 2.9460843686173876e-11
8862290000.0 2.9267497132865604e-11
8891880000.0 2.908143914257177e-11
8921560000.0 2.889001185190012e-11
8951350000.0 2.8705792316786362e-11
8981230000.0 2.8516238990567287e-11
9011220000.0 2.833384614144148e-11
9041300000.0 2.8146154654869033e-11
9071480000.0 2.7965607375918274e-11
9101770000.0 2.7785921630179943e-11
9132160000.0 2.7607125568688103e-11
9162640000.0 2.7423100205443075e-11
9193230000.0 2.7246094659348862e-11
9223930000.0 2.7069940331571646e-11
9254720000.0 2.6894693155494877e-11
9285620000.0 2.6720291650553165e-11
9316620000.0 2.6546762074108148e-11
9347720000.0 2.6374101320140682e-11
9378930000.0 2.6202278331295093e-11
9410240000.0 2.6031318460226472e-11
9441660000.0 2.5861191161786128e-11
9473180000.0 2.5691921198796786e-11
9504810000.0 2.552347853133791e-11
9536540000.0 2.536179230202093e-11
9568380000.0 2.5195003404687402e-11
9600320000.0 2.502906013495082e-11
9632370000.0 2.4869779646674703e-11
9664530000.0 2.4705447579206463e-11
9696790000.0 2.4547759833216683e-11
9729170000.0 2.43850289377784e-11
9761650000.0 2.4228898267304653e-11
9794240000.0 2.4067783175464638e-11
9826940000.0 2.391319957880397e-11
9859740000.0 2.3753688980273344e-11
9892660000.0 2.3600642311251915e-11
9925690000.0 2.3448350990943547e-11
9958820000.0 2.3296835943190814e-11
9992070000.0 2.314041191116516e-11
10025400000.0 2.299045907651218e-11
10058900000.0 2.2841113959392614e-11
10092500000.0 2.269253544578684e-11
10126200000.0 2.2544720306440013e-11
10160000000.0 2.2397665309797455e-11
10193900000.0 2.225136722235959e-11
10227900000.0 2.2105822809030273e-11
10262100000.0 2.1960814832144493e-11
10296300000.0 2.181677016689679e-11
10330700000.0 2.1673259648415766e-11
10365200000.0 2.153049398278448e-11
10399800000.0 2.13938846779619e-11
10434500000.0 2.1252580828438122e-11
10469400000.0 2.1111810364949947e-11
10504300000.0 2.0977336241188575e-11
10539400000.0 2.0838014105052148e-11
10574600000.0 2.069942112602425e-11
10609900000.0 2.0566861542782335e-11
10645300000.0 2.0429699215920246e-11
10680800000.0 2.0298528453556475e-11
10716500000.0 2.0162595575721135e-11
10752300000.0 2.0032616382608914e-11
10788200000.0 1.9903315360693733e-11
10824200000.0 1.9769486849347364e-11
10860300000.0 1.9641549975434932e-11
10896600000.0 1.9514102641349255e-11
10933000000.0 1.9382173568297446e-11
10969500000.0 1.925607814993449e-11
11006100000.0 1.913064527027891e-11
11042800000.0 1.9005871749259887e-11
11079700000.0 1.888158399561698e-11
11116700000.0 1.875795261541176e-11
11153800000.0 1.8634974401841372e-11
11191000000.0 1.8512646155550773e-11
11228400000.0 1.8390800895076696e-11
11265900000.0 1.8269602465297022e-11
11303500000.0 1.814904764518071e-11
11341200000.0 1.802913322230546e-11
11379100000.0 1.790969860044478e-11
11417100000.0 1.7790901103417833e-11
11455200000.0 1.767765342328226e-11
11493400000.0 1.7560104158725317e-11
11531800000.0 1.744303116438059e-11
11570300000.0 1.732658551851851e-11
11608900000.0 1.7215614824097543e-11
11647700000.0 1.7100251257757034e-11
11686600000.0 1.6990326962634803e-11
11725600000.0 1.6876185502237713e-11
11764700000.0 1.6767444918407595e-11
11804000000.0 1.66543718125297e-11
11843400000.0 1.654666425027035e-11
11883000000.0 1.643465530801671e-11
11922600000.0 1.632811362720497e-11
11962400000.0 1.6222006122372212e-11
12002400000.0 1.611164197841899e-11
12042500000.0 1.6006554302539137e-11
12082700000.0 1.5902032550247786e-11
12123000000.0 1.5793428552205698e-11
12163500000.0 1.5689915965383415e-11
12204100000.0 1.5586962688890838e-11
12244800000.0 1.548456568159906e-11
12285700000.0 1.5382596707114418e-11
12326700000.0 1.5281180435246018e-11
12367900000.0 1.5180191089651328e-11
12409200000.0 1.5079750820701587e-11
12450600000.0 1.4979856584486028e-11
12492200000.0 1.4880386232797525e-11
12533900000.0 1.4781458237572086e-11
12575700000.0 1.468306956355959e-11
12617700000.0 1.4585101596725862e-11
12659800000.0 1.4487669230442782e-11
12702100000.0 1.4395089496473164e-11
12744500000.0 1.4298593495209964e-11
12787000000.0 1.4202626363201303e-11
12829700000.0 1.4107075131359789e-11
12872600000.0 1.4016314744682427e-11
12915500000.0 1.3921797196310686e-11
12958700000.0 1.3827585343861831e-11
13001900000.0 1.3738330672062899e-11
13045300000.0 1.3645141167443164e-11
13088900000.0 1.3556664917696575e-11
13132600000.0 1.3464385570853478e-11
13176400000.0 1.3376890601179592e-11
13220400000.0 1.3285514797126749e-11
13264500000.0 1.3198891114895164e-11
13308800000.0 1.3108413207808259e-11
13353300000.0 1.3022557799919948e-11
13397800000.0 1.2937272719346718e-11
13442600000.0 1.2848076335367801e-11
13487400000.0 1.2763647724202418e-11
13532500000.0 1.2679497039349724e-11
13577700000.0 1.2595812623241977e-11
13623000000.0 1.2508458016673593e-11
13668500000.0 1.242562058241481e-11
13714100000.0 1.2343242815812143e-11
13759900000.0 1.2261232833808519e-11
13805800000.0 1.2179678761065217e-11
13851900000.0 1.2098490489326868e-11
13898200000.0 1.2017667883517246e-11
13944600000.0 1.1937296383423827e-11
13991100000.0 1.1857373224255738e-11
14037800000.0 1.1777811757360625e-11
14084700000.0 1.1698611774270628e-11
14131700000.0 1.1619855263461725e-11
14178900000.0 1.1541458081815562e-11
14226200000.0 1.1463500538854174e-11
14273700000.0 1.1389845351834525e-11
14321400000.0 1.1312588641339051e-11
14369200000.0 1.1235766663256526e-11
14417200000.0 1.1159299288853471e-11
14465300000.0 1.1087155740972644e-11
14513600000.0 1.101145858432671e-11
14562000000.0 1.0936188482287926e-11
14610700000.0 1.086504828048691e-11
14659400000.0 1.0790539331848691e-11
14708400000.0 1.071630521680777e-11
14757500000.0 1.0646307835577077e-11
14806700000.0 1.0572900055591144e-11
14856200000.0 1.0503556998812258e-11
14905800000.0 1.0430826581286971e-11
14955500000.0 1.0362274687438114e-11
15005500000.0 1.0290218283800833e-11
15055600000.0 1.022231293938513e-11
15105800000.0 1.0154790803720434e-11
15156300000.0 1.0083800815003188e-11
15206900000.0 1.0016919590782224e-11
15257600000.0 9.950416760021208e-12
15308600000.0 9.880482220927603e-12
15359700000.0 9.814614501580481e-12
15411000000.0 9.749057075631633e-12
15462400000.0 9.683872026670667e-12
15514000000.0 9.615365102151942e-12
15565800000.0 9.55080743857808e-12
15617800000.0 9.486556535494889e-12
15669900000.0 9.422671931070748e-12
15722200000.0 9.35909167453149e-12
15774700000.0 9.29581515705227e-12
15827400000.0 9.232841754841975e-12
15880200000.0 9.170228575409588e-12
15933200000.0 9.107916053012124e-12
15986400000.0 9.04590353603602e-12
16039800000.0 8.98419035905184e-12
16093400000.0 8.922775843125329e-12
16147100000.0 8.86171417693497e-12
16201000000.0 8.800948658664288e-12
16255100000.0 8.740478585284226e-12
16309400000.0 8.683756027035194e-12
16363800000.0 8.623915886283216e-12
16418400000.0 8.56436796597688e-12
16473200000.0 8.50511152934635e-12
16528200000.0 8.449552905997173e-12
16583400000.0 8.390865840149549e-12
16638800000.0 8.33246801489107e-12
16694300000.0 8.274408213510184e-12
16750100000.0 8.219947948637755e-12
16806000000.0 8.16244998019224e-12
16862100000.0 8.10857671718143e-12
16918400000.0 8.051637016231947e-12
16974900000.0 7.99498082039082e-12
17031500000.0 7.941960310232587e-12
17088400000.0 7.88585714615528e-12
17145500000.0 7.83331943378928e-12
17202700000.0 7.777811772841919e-12
17260100000.0 7.725845138808115e-12
17317800000.0 7.674090056243645e-12
17375600000.0 7.61939392070776e-12
17433600000.0 7.568203819310067e-12
17491800000.0 7.514047858822854e-12
17550200000.0 7.463374744027526e-12
17608800000.0 7.412953553240773e-12
17667600000.0 7.36278349204082e-12
17726500000.0 7.309728251860998e-12
17785700000.0 7.260068198175404e-12
17845100000.0 7.210656821646421e-12
17904700000.0 7.161493303078904e-12
17964500000.0 7.1094421429079825e-12
18024400000.0 7.060821468228888e-12
18084600000.0 7.012406554063625e-12
18145000000.0 6.964236134653809e-12
18205600000.0 6.916309364094985e-12
18266300000.0 6.868662994401819e-12
18327300000.0 6.821220580790202e-12
18388500000.0 6.774019253663462e-12
18449900000.0 6.727058148914894e-12
18511500000.0 6.680336398311277e-12
18573300000.0 6.633853129654588e-12
18635300000.0 6.587607466941121e-12
18697500000.0 6.541598530518101e-12
18759900000.0 6.4958254372377534e-12
18822600000.0 6.450253031765583e-12
18885400000.0 6.4049493159469865e-12
18948500000.0 6.359845207117163e-12
19011700000.0 6.315007285131467e-12
19075200000.0 6.273320015593488e-12
19138900000.0 6.2289019252477036e-12
19202800000.0 6.184714112150187e-12
19266900000.0 6.14075566118431e-12
19331200000.0 6.099938710850181e-12
19395700000.0 6.0564265431441695e-12
19460500000.0 6.013110115286645e-12
19525500000.0 5.970020050406398e-12
19590600000.0 5.93006015399861e-12
19656000000.0 5.887410131695133e-12
19721700000.0 5.84780944377587e-12
19787500000.0 5.805596492886367e-12
19853600000.0 5.763576263179643e-12
19919900000.0 5.72460442358538e-12
19986400000.0 5.683016689001161e-12
20053100000.0 5.644456703041817e-12
20120000000.0 5.603297803550807e-12
20187200000.0 5.565118578413911e-12
20254600000.0 5.5243578674390854e-12
20322200000.0 5.486584563706034e-12
20390100000.0 5.44621977902125e-12
20458100000.0 5.40884910499686e-12
20526400000.0 5.371647528726488e-12
20595000000.0 5.3318806957672135e-12
20663700000.0 5.295077497642766e-12
20732700000.0 5.258442115438699e-12
20801900000.0 5.219292465708919e-12
20871400000.0 5.183026050056319e-12
20941100000.0 5.1469512040848165e-12
21011000000.0 5.108386890463802e-12
21081100000.0 5.072701467866955e-12
21151500000.0 5.037181139539283e-12
21222100000.0 5.0018493377978744e-12
21293000000.0 4.966681857436499e-12
21364000000.0 4.9290888357081916e-12
21435400000.0 4.894280668650219e-12
21506900000.0 4.859681023462239e-12
21578700000.0 4.825243585675464e-12
21650800000.0 4.790968173043502e-12
21723100000.0 4.756876489987404e-12
21795600000.0 4.7229676466057595e-12
21868300000.0 4.689240754748911e-12
21941400000.0 4.655652490533454e-12
22014600000.0 4.622266292120042e-12
22088100000.0 4.589039051490214e-12
22161800000.0 4.555991094222316e-12
22235800000.0 4.523101187753589e-12
22310100000.0 4.490369086170228e-12
22384600000.0 4.457814448687112e-12
22459300000.0 4.425436378996526e-12
22534300000.0 4.393214487492924e-12
22609500000.0 4.361167791602067e-12
22685000000.0 4.3292763122302e-12
22760700000.0 4.2975586472145954e-12
22836700000.0 4.268461114058206e-12
22912900000.0 4.2370619119416664e-12
22989400000.0 4.205815977835149e-12
23066200000.0 4.174723005937628e-12
23143200000.0 4.143800587571021e-12
23220500000.0 4.115455247734954e-12
23298000000.0 4.0848458467999245e-12
23375800000.0 4.054387379146801e-12
23453800000.0 4.026497681365733e-12
23532100000.0 3.996348871453495e-12
23610700000.0 3.966349631169172e-12
23689500000.0 3.938893351839498e-12
23768600000.0 3.909200542611553e-12
23847900000.0 3.8796721713791205e-12
23927500000.0 3.8526447308572965e-12
24007400000.0 3.823403065567414e-12
24087600000.0 3.796645974611791e-12
24168000000.0 3.767705210889364e-12
24248700000.0 3.738910106335157e-12
24329600000.0 3.712590109054204e-12
24410900000.0 3.684077288258948e-12
24492400000.0 3.658023105033243e-12
24574100000.0 3.632112179875237e-12
24656200000.0 3.604030543156985e-12
24738500000.0 3.5783827111564203e-12
24821100000.0 3.550593271799328e-12
24903900000.0 3.5252210890830008e-12
24987100000.0 3.4977073545601265e-12
25070500000.0 3.472594733287537e-12
25154200000.0 3.447607520121532e-12
25238200000.0 3.4205141032782148e-12
25322400000.0 3.3957974703468912e-12
25407000000.0 3.371191588336599e-12
25491800000.0 3.3445137120008458e-12
25576900000.0 3.320175528126514e-12
25662300000.0 3.2959602329913884e-12
25748000000.0 3.2718674502427674e-12
25833900000.0 3.2457295672572077e-12
25920200000.0 3.2218877898057054e-12
26006700000.0 3.198179650285416e-12
26093500000.0 3.174592198548819e-12
26180700000.0 3.1511130089947745e-12
26268100000.0 3.125622116304746e-12
26355800000.0 3.1024016396793337e-12
26443700000.0 3.079311894962371e-12
26532000000.0 3.0563290659796593e-12
26620600000.0 3.033464519970557e-12
26709500000.0 3.010717850281139e-12
26798600000.0 2.9880997978939186e-12
26888100000.0 2.965587530007545e-12
26977900000.0 2.943191904757292e-12
27068000000.0 2.920912505878071e-12
27158300000.0 2.8987595884449143e-12
27249000000.0 2.8767112683995524e-12
27340000000.0 2.854777914205388e-12
27431200000.0 2.8329694288303534e-12
27522800000.0 2.811264617622011e-12
27614700000.0 2.7896734941767605e-12
27706900000.0 2.7681956285762348e-12
27799400000.0 2.7468305892628898e-12
27892200000.0 2.725577943113511e-12
27985300000.0 2.704437255511521e-12
28078700000.0 2.683408090418092e-12
28172500000.0 2.6644794190511675e-12
28266500000.0 2.643665443368473e-12
28360900000.0 2.622952447797173e-12
28455600000.0 2.6023494461015315e-12
28550600000.0 2.5818559932275554e-12
28645900000.0 2.563437469412349e-12
28741600000.0 2.5431463880506e-12
28837500000.0 2.5229724854287308e-12
28933800000.0 2.5028977137571607e-12
29030400000.0 2.48487025859456e-12
29127300000.0 2.4650036349699225e-12
29224500000.0 2.445243655104974e-12
29322100000.0 2.425581592736238e-12
29420000000.0 2.4079395549003335e-12
29518200000.0 2.38848251339593e-12
29616800000.0 2.371023885487977e-12
29715600000.0 2.3517702160978147e-12
29814800000.0 2.332612858554548e-12
29914400000.0 2.315434089937579e-12
30014300000.0 2.29647016128261e-12
30114500000.0 2.2794793221398735e-12
30215000000.0 2.2607149716477625e-12
30315900000.0 2.2420454510700013e-12
30417100000.0 2.2253292185938058e-12
30518600000.0 2.206856939592431e-12
30620500000.0 2.1903175938159777e-12
30722700000.0 2.1720337959618805e-12
30825300000.0 2.15567012771959e-12
30928200000.0 2.1393942768344506e-12
31031500000.0 2.1213842996486535e-12
31135100000.0 2.1052822242210166e-12
31239000000.0 2.087464240247757e-12
31343300000.0 2.0715346209842708e-12
31448000000.0 2.053893853588534e-12
31553000000.0 2.038135505100904e-12
31658300000.0 2.0224625225373885e-12
31764000000.0 2.0050953311611047e-12
31870000000.0 1.989591584053904e-12
31976400000.0 1.97416593076752e-12
32083200000.0 1.9570629578829563e-12
32190300000.0 1.941804766502551e-12
32297800000.0 1.926623908128221e-12
32405600000.0 1.9115260740347426e-12
32513800000.0 1.894773055333311e-12
32622300000.0 1.879840104814584e-12
32731200000.0 1.8649833655988596e-12
32840500000.0 1.8502026223987454e-12
32950100000.0 1.8337941931175306e-12
33060200000.0 1.8191704141970875e-12
33170500000.0 1.804632833759972e-12
33281300000.0 1.7901647200389334e-12
33392400000.0 1.7757766672005714e-12
33503900000.0 1.7614630077878984e-12
33615700000.0 1.747228710139059e-12
33727900000.0 1.7313986039207158e-12
33840500000.0 1.7173172576638682e-12
33953500000.0 1.7033092418387125e-12
34066900000.0 1.6893743201631886e-12
34180600000.0 1.6755171562922812e-12
34294700000.0 1.6617324950257783e-12
34409200000.0 1.648020095845215e-12
34524100000.0 1.634379716393875e-12
34639300000.0 1.6209783609326534e-12
34755000000.0 1.6074806911998582e-12
34871000000.0 1.594058877217392e-12
34987400000.0 1.5808689436353764e-12
35104200000.0 1.5675882020768164e-12
35221400000.0 1.5545377734685632e-12
35339000000.0 1.5415564590267505e-12
35457000000.0 1.5286440103970168e-12
35575400000.0 1.5158001778686312e-12
35694200000.0 1.5030247104248978e-12
35813300000.0 1.4904787572285474e-12
35932900000.0 1.477838689539498e-12
36052900000.0 1.4654224238482498e-12
36173200000.0 1.4529208108726699e-12
36294000000.0 1.4406373872613658e-12
36415100000.0 1.4284236921131277e-12
36536700000.0 1.4162715803034623e-12
36658700000.0 1.4043383805694783e-12
36781100000.0 1.392316098463262e-12
36903900000.0 1.3805111978109606e-12
37027100000.0 1.368617727294351e-12
37150700000.0 1.3569401113305937e-12
37274700000.0 1.345325503296292e-12
37399200000.0 1.333770082820679e-12
37524000000.0 1.3222807703106268e-12
37649300000.0 1.3109997916335454e-12
37775000000.0 1.2996308140002032e-12
37901100000.0 1.2884722297999414e-12
38027600000.0 1.2773742139625814e-12
38154600000.0 1.2661856028524027e-12
38282000000.0 1.2552052147903756e-12
38409800000.0 1.2444313208848293e-12
38538000000.0 1.2335699563790292e-12
38666700000.0 1.2227648030203746e-12
38795800000.0 1.2121639952073388e-12
38925300000.0 1.201476488434971e-12
39055200000.0 1.1909918492696165e-12
39185600000.0 1.1805616600973749e-12
39316500000.0 1.1701857770714243e-12
39447700000.0 1.1598699346361288e-12
39579400000.0 1.149750239345888e-12
39711600000.0 1.1395415127943372e-12
39844100000.0 1.129533359822524e-12
39977200000.0 1.1194338837742915e-12
40110600000.0 1.109533531311988e-12
40244500000.0 1.0996851511054594e-12
40378900000.0 1.0898885919696847e-12
40513700000.0 1.0802853640918945e-12
40648900000.0 1.0705967580384912e-12
40784700000.0 1.060956779391582e-12
40920800000.0 1.0515106901472347e-12
41057400000.0 1.042114535706159e-12
41194500000.0 1.0327681614591063e-12
41332000000.0 1.023473887451666e-12
41470000000.0 1.0142290186900739e-12
41608500000.0 1.0050333968781008e-12
41747400000.0 9.960241372931398e-13
41886800000.0 9.86928406040966e-13
42026600000.0 9.780177014887213e-13
42166900000.0 9.691545906532151e-13
42307700000.0 9.603389142837882e-13
42448900000.0 9.515727535713153e-13
42590600000.0 9.428536492630433e-13
42732800000.0 9.343132183202556e-13
42875500000.0 9.256873009309507e-13
43018600000.0 9.172409872147911e-13
43162300000.0 9.087075783224569e-13
43306400000.0 9.003525199360978e-13
43450900000.0 8.920446672196402e-13
43596000000.0 8.839088948236345e-13
43741500000.0 8.75690349902596e-13
43887600000.0 8.675144391991735e-13
44034100000.0 8.595128604793775e-13
44181100000.0 8.515547099884852e-13
44328600000.0 8.436398249732579e-13
44476600000.0 8.357680419174773e-13
44625100000.0 8.279391965728744e-13
44774100000.0 8.201531239895718e-13
44923500000.0 8.124114669751642e-13
45073500000.0 8.048353549380493e-13
45224000000.0 7.973006855860062e-13
45375000000.0 7.896831901438865e-13
45526500000.0 7.822313287188829e-13
45678500000.0 7.748204170684588e-13
45831000000.0 7.675731609938042e-13
45984000000.0 7.602432449471211e-13
46137500000.0 7.529537840106159e-13
46291500000.0 7.458262603336516e-13
46446100000.0 7.387364590499672e-13
46601100000.0 7.316874187760831e-13
46756700000.0 7.2467581526437e-13
46912800000.0 7.17703074896766e-13
47069400000.0 7.107690332246099e-13
47226600000.0 7.039912748157175e-13
47384200000.0 6.971337589250722e-13
47542400000.0 6.904314436462384e-13
47701200000.0 6.837649843852236e-13
47860400000.0 6.771371045771858e-13
48020200000.0 6.705447933714448e-13
48180500000.0 6.639893212690812e-13
48341400000.0 6.57585655079467e-13
48502700000.0 6.511030023732299e-13
48664700000.0 6.447697671261024e-13
48827100000.0 6.384733268884535e-13
48990100000.0 6.322108889830556e-13
49153700000.0 6.25982344470963e-13
49317800000.0 6.197888401038968e-13
49482500000.0 6.136289749210233e-13
49647700000.0 6.076172860150054e-13
49813400000.0 6.016394325672375e-13
49979700000.0 5.955813941119777e-13
50146600000.0 5.89668778793698e-13
50314000000.0 5.839015114742969e-13
50482000000.0 5.780540713061174e-13
50650500000.0 5.722397726978621e-13
50819600000.0 5.665681523013716e-13
50989300000.0 5.608171097083591e-13
51159500000.0 5.552088686893764e-13
51330300000.0 5.496313947780524e-13
51501700000.0 5.440845768011072e-13
51673600000.0 5.385693451723761e-13
51846100000.0 5.331931324953097e-13
52019200000.0 5.277382338122614e-13
52192900000.0 5.224214075916948e-13
52367100000.0 5.170273807400886e-13
52541900000.0 5.117704556158052e-13
52717300000.0 5.065426274465092e-13
52893400000.0 5.014493016549457e-13
53069900000.0 4.962799259866986e-13
53247100000.0 4.911383642693645e-13
53424900000.0 4.861308572286916e-13
53603200000.0 4.811520818277077e-13
53782200000.0 4.762001203167001e-13
53961800000.0 4.712757719195186e-13
54141900000.0 4.66379786956803e-13
54322700000.0 4.615103193638458e-13
54504000000.0 4.567722873601992e-13
54686000000.0 4.5195691015159543e-13
54868500000.0 4.4727203610676566e-13
55051700000.0 4.4261259575449965e-13
55235500000.0 4.379793061033558e-13
55419900000.0 4.3337205745311393e-13
55604900000.0 4.2889201307301726e-13
55790600000.0 4.243354189110304e-13
55976800000.0 4.1990590804004014e-13
56163700000.0 4.154003236565547e-13
56351200000.0 4.1102018357422066e-13
56539400000.0 4.066640604517489e-13
56728100000.0 4.0243256299237355e-13
56917500000.0 3.9812528813749114e-13
57107500000.0 3.9384244623637236e-13
57298200000.0 3.896815291863565e-13
57489500000.0 3.855441931623643e-13
57681400000.0 3.814303326547171e-13
57874000000.0 3.773391900883272e-13
58067200000.0 3.7327133018905523e-13
58261000000.0 3.692266470114821e-13
58455600000.0 3.6530011949277884e-13
58650700000.0 3.613005533131597e-13
58846500000.0 3.5741895177606583e-13
59043000000.0 3.5355890332768286e-13
59240100000.0 3.497209206713442e-13
59437900000.0 3.4590431856018834e-13
59636300000.0 3.4220401946362886e-13
59835400000.0 3.3843018596725236e-13
60035200000.0 3.34771281168633e-13
60235600000.0 3.3113335119107817e-13
60436700000.0 3.274225772170127e-13
60638500000.0 3.239184120416186e-13
60840900000.0 3.203417749963573e-13
61044000000.0 3.1678522325152454e-13
61247800000.0 3.133406216102508e-13
61452300000.0 3.0982370056207024e-13
61657500000.0 3.06417962942785e-13
61863300000.0 3.030318800684577e-13
62069800000.0 2.9966487184320357e-13
62277100000.0 2.963163862547796e-13
62485000000.0 2.9298730534563164e-13
62693600000.0 2.897668919462292e-13
62902900000.0 2.865646489958084e-13
63112900000.0 2.8329127667105607e-13
63323600000.0 2.801254486133293e-13
63535000000.0 2.7697756669881706e-13
63747100000.0 2.738475560865932e-13
63959900000.0 2.708233857668642e-13
64173500000.0 2.677281824071989e-13
64387700000.0 2.6473850816865284e-13
64602700000.0 2.6176541802607574e-13
64818400000.0 2.588092563194332e-13
65034800000.0 2.558699500654717e-13
65251900000.0 2.529474261626149e-13
65469700000.0 2.5004161140073536e-13
65688300000.0 2.472377836072662e-13
65907600000.0 2.4436451683313567e-13
66127600000.0 2.4159290893118806e-13
66348400000.0 2.388368017863956e-13
66569900000.0 2.3609649518252164e-13
66792200000.0 2.3337156868103467e-13
67015100000.0 2.3066265520254187e-13
67238900000.0 2.2805240130303125e-13
67463300000.0 2.2537398883512732e-13
67688600000.0 2.227935682270186e-13
67914600000.0 2.2022799845102372e-13
68141300000.0 2.1767721080919239e-13
68368800000.0 2.1514082192788157e-13
68597000000.0 2.1261908724191252e-13
68826000000.0 2.1019345182268423e-13
69055800000.0 2.0769995013392923e-13
69286400000.0 2.0530189480292214e-13
69517700000.0 2.0291770573088257e-13
69749800000.0 2.005470292287916e-13
69982600000.0 1.981900953510867e-13
70216300000.0 1.958462800593531e-13
70450700000.0 1.9359602429003844e-13
70685900000.0 1.912788606506362e-13
70921900000.0 1.89054335684513e-13
71158700000.0 1.8684246569853193e-13
71396200000.0 1.8456458399069862e-13
71634600000.0 1.823781276846018e-13
71873700000.0 1.802827708279677e-13
72113700000.0 1.7812099586592785e-13
72354400000.0 1.7597185981081207e-13
72596000000.0 1.739123904033025e-13
72838400000.0 1.7186469573660151e-13
73081500000.0 1.6982895827485208e-13
73325500000.0 1.6780465969391724e-13
73570300000.0 1.657919858232066e-13
73815900000.0 1.637908864463047e-13
74062400000.0 1.6180109279546046e-13
74309600000.0 1.5989877622247066e-13
74557700000.0 1.57931637668598e-13
74806600000.0 1.5605115736219567e-13
75056400000.0 1.54181300393539e-13
75307000000.0 1.5232223035553682e-13
75558400000.0 1.5047389896968714e-13
75810600000.0 1.487105389054046e-13
76063700000.0 1.4688309965553693e-13
76317700000.0 1.450660708301699e-13
76572500000.0 1.4333314188026405e-13
76828100000.0 1.41610232967591e-13
77084600000.0 1.3989711657436428e-13
77341900000.0 1.381939337554301e-13
77600100000.0 1.36500462472986e-13
77859200000.0 1.3481666483576538e-13
78119100000.0 1.332147591295311e-13
78380000000.0 1.3154995180845383e-13
78641600000.0 1.2996664159785076e-13
78904200000.0 1.2839220296278865e-13
79167600000.0 1.2682692768444915e-13
79431900000.0 1.2527061419009648e-13
79697100000.0 1.2372322604487807e-13
79963200000.0 1.2218472669373136e-13
80230100000.0 1.2065522985377195e-13
80498000000.0 1.1920435119046565e-13
80766700000.0 1.1776193118660413e-13
81036400000.0 1.1625815049414862e-13
81306900000.0 1.1483247660583572e-13
81578300000.0 1.1341500616686077e-13
81850700000.0 1.1200556749082186e-13
82124000000.0 1.1060426682163567e-13
82398100000.0 1.0927954406962139e-13
82673200000.0 1.07894184640755e-13
82949200000.0 1.0658474701847791e-13
83226200000.0 1.0521506692392688e-13
83504000000.0 1.0392091629822746e-13
83782800000.0 1.0263412283082264e-13
84062500000.0 1.013547798132736e-13
84343100000.0 1.0008285407812106e-13
84624700000.0 9.888473989087703e-14
84907200000.0 9.762721464830502e-14
85190700000.0 9.637689831553944e-14
85475100000.0 9.519975652999243e-14
85760500000.0 9.402932570850081e-14
86046800000.0 9.28002433462598e-14
86334100000.0 9.16434787322052e-14
86622300000.0 9.049344724466108e-14
86911500000.0 8.935001482322058e-14
87201600000.0 8.827783409546993e-14
87492800000.0 8.714730418624917e-14
87784900000.0 8.602339279026108e-14
88077900000.0 8.497000380464323e-14
88372000000.0 8.392255536206244e-14
88667000000.0 8.281770377370738e-14
88963000000.0 8.178256022002976e-14
89260100000.0 8.075328695806642e-14
89558100000.0 7.97300415434997e-14
89857000000.0 7.871279475063821e-14
90157000000.0 7.770134501213766e-14
90458000000.0 7.675800938462665e-14
90760000000.0 7.575804955118723e-14
91063000000.0 7.482574072807855e-14
91367000000.0 7.383717307421951e-14
91672100000.0 7.291571637311107e-14
91978100000.0 7.199966832955606e-14
92285200000.0 7.108884787851143e-14
92593300000.0 7.018331126434922e-14
92902400000.0 6.928303515892518e-14
93212600000.0 6.838792283665292e-14
93523800000.0 6.755823900614736e-14
93836000000.0 6.667333522121987e-14
94149300000.0 6.585334379307884e-14
94463600000.0 6.497848982500117e-14
94779000000.0 6.416810905783255e-14
95095400000.0 6.336243756639797e-14
95412900000.0 6.250236808656801e-14
95731400000.0 6.170618347758661e-14
96051000000.0 6.091458152362355e-14
96371700000.0 6.018597672541796e-14
96693400000.0 5.940335152294048e-14
97016200000.0 5.862525193841465e-14
97340100000.0 5.785165932711138e-14
97665100000.0 5.713444821845208e-14
97991200000.0 5.639837433168802e-14
98318300000.0 5.567807230376731e-14
98646500000.0 5.496193431653088e-14
98975900000.0 5.425557756543004e-14
99306300000.0 5.3559038189835253e-14
99637900000.0 5.286648161818171e-14
99970500000.0 5.218926343989509e-14
100304000000.0 5.1516074260366847e-14
100639000000.0 5.085218447258068e-14
100975000000.0 5.0197779671113285e-14
101312000000.0 4.9552784863349726e-14
101650000000.0 4.891158561594405e-14
101990000000.0 4.8284732551294734e-14
102330000000.0 4.7662045030317446e-14
102672000000.0 4.70425652855523e-14
103015000000.0 4.6437681068823725e-14
103359000000.0 4.5836368072558045e-14
103704000000.0 4.5244038306609045e-14
104050000000.0 4.466061949174482e-14
104397000000.0 4.408064568602079e-14
104746000000.0 4.3514436202926994e-14
105096000000.0 4.295157856949901e-14
105446000000.0 4.239245744901036e-14
105798000000.0 4.184689022720124e-14
106152000000.0 4.130416305247691e-14
106506000000.0 4.0765043663602234e-14
106862000000.0 4.023928264289948e-14
107218000000.0 3.971701303079174e-14
107576000000.0 3.920270611582267e-14
107935000000.0 3.869145247691714e-14
108296000000.0 3.819328313453106e-14
108657000000.0 3.76932413829564e-14
109020000000.0 3.720615964794922e-14
109384000000.0 3.6721975066654687e-14
109749000000.0 3.624580310702507e-14
110116000000.0 3.577213819694533e-14
110483000000.0 3.5306717077081335e-14
110852000000.0 3.484882911079573e-14
111222000000.0 3.439873329901536e-14
111594000000.0 3.394596749597503e-14
111966000000.0 3.3506269186801376e-14
112340000000.0 3.306889420324877e-14
112715000000.0 3.263912826550981e-14
113091000000.0 3.221192765207585e-14
113469000000.0 3.1791960856139466e-14
113848000000.0 3.1379453581091223e-14
114228000000.0 3.096941254521534e-14
114609000000.0 3.056673742688668e-14
114992000000.0 3.016620602568215e-14
115376000000.0 2.977295664159651e-14
115761000000.0 2.93869269986165e-14
116147000000.0 2.900320685934935e-14
116535000000.0 2.862153754579187e-14
116924000000.0 2.8246975961609814e-14
117314000000.0 2.7879460979951964e-14
117706000000.0 2.7513913933604938e-14
118099000000.0 2.7155331968654504e-14
118493000000.0 2.6798902440341225e-14
118889000000.0 2.6449127103356783e-14
119286000000.0 2.6106176132563944e-14
119684000000.0 2.5760579956190094e-14
120084000000.0 2.542623025602995e-14
120485000000.0 2.5093892323970163e-14
120887000000.0 2.47635543875023e-14
121290000000.0 2.4439847559245133e-14
121695000000.0 2.4117888341178306e-14
122102000000.0 2.3802287116746266e-14
122509000000.0 2.3493379506882092e-14
122918000000.0 2.3181559005661307e-14
123329000000.0 2.2880567968344414e-14
123740000000.0 2.2581576402764024e-14
124153000000.0 2.2284205465740595e-14
124568000000.0 2.1988453361201625e-14
124984000000.0 2.1703502949729964e-14
125401000000.0 2.1415781679647916e-14
125820000000.0 2.1134107397714297e-14
126240000000.0 2.0858598509043926e-14
126661000000.0 2.058475425571405e-14
127084000000.0 2.0312404722736846e-14
127508000000.0 2.0046121446622864e-14
127934000000.0 1.9781293987897564e-14
128361000000.0 1.9522459355332165e-14
128790000000.0 1.9265041894338827e-14
129220000000.0 1.901354445491727e-14
129651000000.0 1.876357053441101e-14
130084000000.0 1.851496842232276e-14
130518000000.0 1.8272190424097464e-14
130954000000.0 1.8030746271937256e-14
131391000000.0 1.7795055014792468e-14
131830000000.0 1.7560659937813266e-14
132270000000.0 1.7327689769072717e-14
132712000000.0 1.710025001913151e-14
133155000000.0 1.687419349872489e-14
133599000000.0 1.6653726590295223e-14
134045000000.0 1.643447500578903e-14
134493000000.0 1.621643643583777e-14
134942000000.0 1.599972706036125e-14
135392000000.0 1.579265694911236e-14
135844000000.0 1.558258385868177e-14
136298000000.0 1.5377810110006883e-14
136753000000.0 1.5174285047119045e-14
137209000000.0 1.497200069764828e-14
137667000000.0 1.4774932358727815e-14
138127000000.0 1.457895981476714e-14
138588000000.0 1.4388247757887455e-14
139051000000.0 1.4198596041782312e-14
139515000000.0 1.4010102685314396e-14
139981000000.0 1.3822661461751264e-14
140448000000.0 1.3640376514037766e-14
140917000000.0 1.3463104918783078e-14
141387000000.0 1.3282932535567821e-14
141859000000.0 1.310773893516031e-14
142333000000.0 1.2933525554857169e-14
142808000000.0 1.276432256334709e-14
143285000000.0 1.2592135477007715e-14
143763000000.0 1.2428838743490626e-14
144243000000.0 1.2262550197288107e-14
144725000000.0 1.2101088551147493e-14
145208000000.0 1.194061658463868e-14
145693000000.0 1.1781046896416478e-14
146179000000.0 1.1626308885458274e-14
146667000000.0 1.1472439933012907e-14
147157000000.0 1.1319437666866024e-14
147648000000.0 1.1167375310405847e-14
148141000000.0 1.1019973535678904e-14
148636000000.0 1.0873403275567251e-14
149132000000.0 1.07315101226821e-14
149630000000.0 1.0586652658785221e-14
150129000000.0 1.0446437634851663e-14
150631000000.0 1.0306946339274503e-14
151133000000.0 1.0172107752842045e-14
151638000000.0 1.0037963360037038e-14
152144000000.0 9.904644382744738e-15
152652000000.0 9.772081217064528e-15
153162000000.0 9.640271535539847e-15
153673000000.0 9.512939322690258e-15
154186000000.0 9.386329369366906e-15
154701000000.0 9.26043940087415e-15
155217000000.0 9.13895398052059e-15
155736000000.0 9.018099888492686e-15
156256000000.0 8.897991683353789e-15
156777000000.0 8.778624241527534e-15
157301000000.0 8.659882371719157e-15
157826000000.0 8.545442891691067e-15
158353000000.0 8.431655748197215e-15
158881000000.0 8.31857110393636e-15
159412000000.0 8.20961368695681e-15
159944000000.0 8.101329081214707e-15
160478000000.0 7.993662807777084e-15
161014000000.0 7.88661272663928e-15
161551000000.0 7.78022483963419e-15
162091000000.0 7.677873991762626e-15
162632000000.0 7.572693656226584e-15
163175000000.0 7.47157030691279e-15
163720000000.0 7.374467283117237e-15
164266000000.0 7.274536140911733e-15
164815000000.0 7.178553241418961e-15
165365000000.0 7.0831648247569035e-15
165917000000.0 6.988324584023246e-15
166471000000.0 6.8940304844017536e-15
167027000000.0 6.803651961423664e-15
167584000000.0 6.710472807202178e-15
168144000000.0 6.621142011097845e-15
168705000000.0 6.532365547588406e-15
169268000000.0 6.4474282541778415e-15
169833000000.0 6.359663393569217e-15
170400000000.0 6.2757116733703854e-15
170969000000.0 6.192244355202326e-15
171540000000.0 6.1092595382235005e-15
172113000000.0 6.026755313132257e-15
172687000000.0 5.944764187410778e-15
173264000000.0 5.866464919914607e-15
173842000000.0 5.7886521239790376e-15
174423000000.0 5.7112568135477736e-15
175005000000.0 5.634343200720682e-15
175589000000.0 5.557876156791156e-15
176175000000.0 5.485050261262316e-15
176764000000.0 5.409429603485824e-15
177354000000.0 5.337456317385874e-15
177946000000.0 5.265901121670285e-15
178540000000.0 5.194762262125164e-15
179136000000.0 5.127181561457885e-15
179734000000.0 5.056859634105988e-15
180334000000.0 4.990071486186181e-15
180936000000.0 4.923671869077418e-15
181540000000.0 4.85765911213443e-15
182146000000.0 4.792031541348025e-15
182754000000.0 4.726787479583868e-15
183364000000.0 4.661925246817059e-15
183977000000.0 4.6004790354297686e-15
184591000000.0 4.539416342319843e-15
185207000000.0 4.478710159924095e-15
185825000000.0 4.418358902908443e-15
186446000000.0 4.3583376080841694e-15
187068000000.0 4.298691835165611e-15
187693000000.0 4.242373894578204e-15
188319000000.0 4.1864075455443856e-15
188948000000.0 4.127766121436971e-15
189579000000.0 4.072441316219513e-15
190212000000.0 4.017441336308357e-15
190847000000.0 3.965715359773002e-15
191484000000.0 3.911350705231625e-15
192123000000.0 3.857306400666295e-15
192765000000.0 3.806482532720793e-15
193408000000.0 3.75597665672897e-15
194054000000.0 3.705748199106175e-15
194702000000.0 3.655815496677295e-15
195352000000.0 3.606177139925753e-15
196004000000.0 3.5568317199826975e-15
196658000000.0 3.51064132086469e-15
197315000000.0 3.4618504861937575e-15
197974000000.0 3.4161934653966726e-15
198635000000.0 3.3708054549981648e-15
199298000000.0 3.3228595839309655e-15
199963000000.0 3.27801506175339e-15
200631000000.0 3.2362262604429e-15
201301000000.0 3.1918856205087864e-15
201973000000.0 3.1478079927968532e-15
202647000000.0 3.1067709307055383e-15
203323000000.0 3.0632061558692563e-15
204002000000.0 3.0226461029564967e-15
204683000000.0 2.9823260132050906e-15
205367000000.0 2.9422303506716457e-15
206052000000.0 2.9023868028066235e-15
206740000000.0 2.8627657471095905e-15
207430000000.0 2.8233802999708966e-15
208123000000.0 2.7869216248031023e-15
208818000000.0 2.747981852064585e-15
209515000000.0 2.7119623324361287e-15
210214000000.0 2.674548910148917e-15
210916000000.0 2.638413930512129e-15
211620000000.0 2.6027601994177702e-15
212327000000.0 2.567571844827656e-15
213036000000.0 2.5328576093040396e-15
213747000000.0 2.4986137493284572e-15
214460000000.0 2.4648365446365985e-15
215176000000.0 2.4315109980242254e-15
215895000000.0 2.3983731705641923e-15
216616000000.0 2.3659534223378393e-15
217339000000.0 2.3339864003715446e-15
218064000000.0 2.3024684811367742e-15
218792000000.0 2.2713856829038932e-15
219523000000.0 2.2404784273046914e-15
220256000000.0 2.2102676021837685e-15
220991000000.0 2.1802374584302916e-15
221729000000.0 2.1506312851651774e-15
222469000000.0 2.121455596707188e-15
223212000000.0 2.092697520394754e-15
223957000000.0 2.064363273145724e-15
224705000000.0 2.0364403331856463e-15
225455000000.0 2.0089346319048372e-15
226208000000.0 1.981585044754074e-15
226963000000.0 1.954647828211623e-15
227720000000.0 1.9281195904097158e-15
228481000000.0 1.9019803138328654e-15
229244000000.0 1.876243862018783e-15
230009000000.0 1.850906897501671e-15
230777000000.0 1.825714179793868e-15
231547000000.0 1.800916232195442e-15
232320000000.0 1.7765021230417833e-15
233096000000.0 1.752468976288812e-15
233874000000.0 1.7285805338300397e-15
234655000000.0 1.7050686834031114e-15
235438000000.0 1.6819377199177203e-15
236224000000.0 1.659177419580822e-15
237013000000.0 1.6365473650142898e-15
237804000000.0 1.6142907072557416e-15
238598000000.0 1.5923976183178293e-15
239395000000.0 1.5706300738217197e-15
240194000000.0 1.549462983404186e-15
240996000000.0 1.5281835561004287e-15
241800000000.0 1.5074986040622584e-15
242608000000.0 1.486926237545873e-15
243418000000.0 1.4667097407662744e-15
244230000000.0 1.4468460696073434e-15
245046000000.0 1.4270907481964935e-15
245864000000.0 1.4076841515958217e-15
246685000000.0 1.3886176535922043e-15
247508000000.0 1.3696665784735471e-15
248334000000.0 1.3510515595782667e-15
249163000000.0 1.3325439189919358e-15
249995000000.0 1.3143685107394425e-15
250830000000.0 1.2965226809387505e-15
251667000000.0 1.2787851099962512e-15
252508000000.0 1.2613681679710229e-15
253351000000.0 1.2442793093442228e-15
254196000000.0 1.2272941401332413e-15
255045000000.0 1.2106233333411408e-15
255896000000.0 1.1940538142787426e-15
256751000000.0 1.1777951187274658e-15
257608000000.0 1.1616353304172156e-15
258468000000.0 1.1457872801696198e-15
259331000000.0 1.1302484166053618e-15
260197000000.0 1.114799776794079e-15
261065000000.0 1.0996609111958077e-15
261937000000.0 1.08460581758277e-15
262811000000.0 1.0698567607979241e-15
263689000000.0 1.0551894704896617e-15
264569000000.0 1.0408245118244173e-15
265452000000.0 1.0265431952059135e-15
266339000000.0 1.012552803388789e-15
267228000000.0 9.986478136637372e-16
268120000000.0 9.85034043192378e-16
269015000000.0 9.714997207283888e-16
269913000000.0 9.582531406260364e-16
270814000000.0 9.45291880711056e-16
271718000000.0 9.324062845301838e-16
272626000000.0 9.195926516805476e-16
273536000000.0 9.070633282536495e-16
274449000000.0 8.946073145003969e-16
275365000000.0 8.824287909519703e-16
276285000000.0 8.703184218602499e-16
277207000000.0 8.582822452060339e-16
278132000000.0 8.465192080488387e-16
279061000000.0 8.350239813599563e-16
279993000000.0 8.235962118750897e-16
280927000000.0 8.122384855880468e-16
281865000000.0 8.011444513972473e-16
282806000000.0 7.903147507776272e-16
283750000000.0 7.793501785399454e-16
284698000000.0 7.686453216251681e-16
285648000000.0 7.582033525682493e-16
286602000000.0 7.478201712925539e-16
287559000000.0 7.374981906709989e-16
288519000000.0 7.274323027342242e-16
289482000000.0 7.174257428578962e-16
290448000000.0 7.07672113763717e-16
291418000000.0 6.979735682178131e-16
292391000000.0 6.883323101851739e-16
293367000000.0 6.789400190711582e-16
294347000000.0 6.696009153901471e-16
295329000000.0 6.603193208585641e-16
296315000000.0 6.512805009546421e-16
297304000000.0 6.422951543568559e-16
298297000000.0 6.335496782216625e-16
299293000000.0 6.248559710987689e-16
